dataset,learner,model,fold,train_time,test_time,Full_Macro_F1,Selective_Macro_F1,Coverage,Full_Micro_F1,Selective_Micro_F1,Hamming_Loss,Selective_Hamming_Loss,Subset_Accuracy
emotions,Logistic,BR,1,0.0189042000001791,0.0090743999999176,0.6111172188011763,0.6111172188011763,1.0,0.6479591836734694,0.6479591836734694,0.1885245901639344,0.1885245901639344,0.2950819672131147
emotions,Logistic,CC,1,0.0235325000001012,0.0098407999998926,0.5907550407550407,0.5907550407550407,1.0,0.6327944572748267,0.6327944572748267,0.2172131147540983,0.2172131147540983,0.3114754098360656
emotions,Logistic,MLC_PA,1,0.0192067999998926,0.0394429999998919,0.6111172188011763,0.6369809992962702,0.6953551912568307,0.6479591836734694,0.6826923076923077,0.1885245901639344,0.1296660117878192,0.2950819672131147
emotions,Logistic,GSI_v6_2_Fixed,1,0.5653056999999535,0.0425562999998874,0.6384832688391934,0.6597351540297139,0.7049180327868853,0.6633906633906634,0.7037037037037037,0.1871584699453552,0.1240310077519379,0.3114754098360656
emotions,Logistic,GSI_v6_2_Decay,1,0.4152397999998811,0.0351060999998935,0.6384832688391934,0.6597351540297139,0.7062841530054644,0.6633906633906634,0.7037037037037037,0.1871584699453552,0.1237911025145067,0.3114754098360656
emotions,Logistic,BR,2,0.0202348000000256,0.0098714000000654,0.5903093203093203,0.5903093203093203,1.0,0.6070460704607046,0.6070460704607046,0.2030812324929972,0.2030812324929972,0.2436974789915966
emotions,Logistic,CC,2,0.0213661000000229,0.0069533999999293,0.6039173957071541,0.6039173957071541,1.0,0.634032634032634,0.634032634032634,0.2198879551820728,0.2198879551820728,0.3109243697478991
emotions,Logistic,MLC_PA,2,0.019815699999981,0.0359694999999646,0.5903093203093203,0.5855662035097519,0.6498599439775911,0.6070460704607046,0.6838709677419355,0.2030812324929972,0.105603448275862,0.2436974789915966
emotions,Logistic,GSI_v6_2_Fixed,2,0.4462664000000131,0.0214651999999659,0.676854885156772,0.7216688948306595,0.6694677871148459,0.6699751861042184,0.7362637362637363,0.1862745098039215,0.100418410041841,0.3109243697478991
emotions,Logistic,GSI_v6_2_Decay,2,0.3935743999998067,0.0393900000001394,0.6751078551078552,0.6974264705882353,0.6708683473389355,0.6683168316831684,0.7292817679558011,0.1876750700280112,0.1022964509394572,0.3109243697478991
emotions,Logistic,BR,3,0.0386439000001246,0.0132073999998283,0.5742504226103112,0.5742504226103112,1.0,0.6184538653366584,0.6184538653366584,0.2073170731707317,0.2073170731707317,0.2113821138211382
emotions,Logistic,CC,3,0.0299970000000939,0.0144384000000172,0.5560457900544787,0.5560457900544787,1.0,0.6,0.6,0.2384823848238482,0.2384823848238482,0.2195121951219512
emotions,Logistic,MLC_PA,3,0.0273233000000345,0.0279146000000309,0.5742504226103112,0.6415269243898276,0.6788617886178862,0.6184538653366584,0.69,0.2073170731707317,0.12375249500998,0.2113821138211382
emotions,Logistic,GSI_v6_2_Fixed,3,0.2906423000001723,0.0175945999999385,0.6019778503628633,0.6737081839904421,0.6978319783197832,0.6372549019607843,0.7203791469194313,0.2005420054200542,0.1145631067961165,0.2439024390243902
emotions,Logistic,GSI_v6_2_Decay,3,0.2284567000001516,0.0193120999999791,0.6019778503628633,0.6737081839904421,0.6978319783197832,0.6372549019607843,0.7203791469194313,0.2005420054200542,0.1145631067961165,0.2439024390243902
emotions,Logistic,BR,4,0.0241915999999946,0.0144808000000011,0.6032960188532944,0.6032960188532944,1.0,0.6253229974160207,0.6253229974160207,0.2013888888888889,0.2013888888888889,0.2416666666666666
emotions,Logistic,CC,4,0.0321931000000859,0.0121821000000181,0.6084556298111286,0.6084556298111286,1.0,0.6374133949191686,0.6374133949191686,0.2180555555555555,0.2180555555555555,0.2833333333333333
emotions,Logistic,MLC_PA,4,0.0192289999999957,0.024675100000195,0.6032960188532944,0.5954358877206277,0.6472222222222223,0.6253229974160207,0.7215189873417721,0.2013888888888889,0.0944206008583691,0.2416666666666666
emotions,Logistic,GSI_v6_2_Fixed,4,0.3470517999999174,0.0292617999998583,0.6387485776015451,0.7061139073320483,0.6694444444444444,0.6464646464646465,0.75,0.1944444444444444,0.0954356846473029,0.275
emotions,Logistic,GSI_v6_2_Decay,4,0.4227006000000983,0.0252179000001433,0.6387485776015451,0.7061139073320483,0.6694444444444444,0.6464646464646465,0.75,0.1944444444444444,0.0954356846473029,0.275
emotions,Logistic,BR,5,0.0282807999999477,0.0129799999999704,0.6069701813350067,0.6069701813350067,1.0,0.6456692913385826,0.6456692913385826,0.2064220183486238,0.2064220183486238,0.2660550458715596
emotions,Logistic,CC,5,0.0358763000001545,0.0141593000000739,0.6067737361901421,0.6067737361901421,1.0,0.6509433962264151,0.6509433962264151,0.2262996941896024,0.2262996941896024,0.2935779816513761
emotions,Logistic,MLC_PA,5,0.032043700000031,0.0348177999999279,0.6069701813350067,0.6264785468414501,0.7033639143730887,0.6456692913385826,0.6947368421052632,0.2064220183486238,0.1260869565217391,0.2660550458715596
emotions,Logistic,GSI_v6_2_Fixed,5,0.5188235000000532,0.0264853000001039,0.6451517447502307,0.7043324059453092,0.7110091743119266,0.67,0.7431192660550459,0.2018348623853211,0.1204301075268817,0.3119266055045872
emotions,Logistic,GSI_v6_2_Decay,5,0.3852377000000615,0.0235219999999571,0.6451517447502307,0.7043324059453092,0.7110091743119266,0.67,0.7431192660550459,0.2018348623853211,0.1204301075268817,0.3119266055045872
scene,Logistic,BR,1,0.4148482000000513,0.0097190999999838,0.7130933796427547,0.7130933796427547,1.0,0.7085953878406709,0.7085953878406709,0.0967292971468336,0.0967292971468336,0.5511482254697286
scene,Logistic,CC,1,0.4602879000001394,0.018913300000122,0.7188221335068672,0.7188221335068672,1.0,0.707631318136769,0.707631318136769,0.1026443980514961,0.1026443980514961,0.6597077244258872
scene,Logistic,MLC_PA,1,0.4447217000001728,0.0231080999999448,0.7130933796427547,0.7620553048120637,0.883785664578984,0.7085953878406709,0.7772657450076805,0.0967292971468336,0.0570866141732283,0.5511482254697286
scene,Logistic,GSI_v6_2_Fixed,1,4.337674099999958,0.0245958000000428,0.7219685679270889,0.7718144081387798,0.8865692414752957,0.7170984455958549,0.7837837837837838,0.0949895615866388,0.0565149136577708,0.5762004175365344
scene,Logistic,GSI_v6_2_Decay,1,3.367445100000168,0.0320620999998482,0.7187493939475895,0.7716787226987281,0.8855254001391788,0.7145833333333333,0.7843137254901961,0.0953375086986778,0.056188605108055,0.569937369519833
scene,Logistic,BR,2,0.4594250000000102,0.0110362999998869,0.7236845139015627,0.7236845139015627,1.0,0.7170212765957447,0.7170212765957447,0.0927475592747559,0.0927475592747559,0.5732217573221757
scene,Logistic,CC,2,0.3785694000000603,0.013312100000121,0.7562715671957158,0.7562715671957158,1.0,0.7425742574257426,0.7425742574257426,0.0906555090655509,0.0906555090655509,0.6924686192468619
scene,Logistic,MLC_PA,2,0.4078512999999475,0.0344790999999986,0.7236845139015627,0.7528821811242311,0.893305439330544,0.7170212765957447,0.7830045523520486,0.0927475592747559,0.055815768930523,0.5732217573221757
scene,Logistic,GSI_v6_2_Fixed,2,4.6432261999998445,0.0277565000001231,0.7437263668977802,0.7814018909688288,0.8999302649930265,0.7373949579831933,0.8034682080924855,0.0871687587168758,0.0526927547462224,0.6171548117154811
scene,Logistic,GSI_v6_2_Decay,2,4.378788499999928,0.0253915999999208,0.7464604261287978,0.7784971731779103,0.900278940027894,0.740041928721174,0.8011527377521613,0.0864714086471408,0.0534469403563129,0.6192468619246861
scene,Logistic,BR,3,0.3814514000000599,0.0107801999999992,0.673753403345588,0.673753403345588,1.0,0.6680988184747583,0.6680988184747583,0.1055327868852459,0.1055327868852459,0.4938524590163934
scene,Logistic,CC,3,0.4006607000001168,0.0147809999998571,0.7086802670074616,0.7086802670074616,1.0,0.6981317600786627,0.6981317600786627,0.1048497267759562,0.1048497267759562,0.6516393442622951
scene,Logistic,MLC_PA,3,0.3998014000001149,0.0241209000000708,0.673753403345588,0.7347111108303207,0.8890027322404371,0.6680988184747583,0.75,0.1055327868852459,0.0622358816749904,0.4938524590163934
scene,Logistic,GSI_v6_2_Fixed,3,4.1340717000000495,0.0350937999999132,0.6927444290047714,0.7572460504044352,0.8845628415300546,0.6860215053763441,0.7699530516431925,0.0997267759562841,0.0567567567567567,0.5327868852459017
scene,Logistic,GSI_v6_2_Decay,3,4.517879100000073,0.0436027999999169,0.6927444290047714,0.7572460504044352,0.8845628415300546,0.6860215053763441,0.7699530516431925,0.0997267759562841,0.0567567567567567,0.5327868852459017
scene,Logistic,BR,4,0.5176056000000244,0.0129382000000077,0.6768788846376222,0.6768788846376222,1.0,0.6702702702702703,0.6702702702702703,0.1056826056826056,0.1056826056826056,0.5072765072765073
scene,Logistic,CC,4,0.4360501999999542,0.0178737999999611,0.703541463364357,0.703541463364357,1.0,0.6906187624750499,0.6906187624750499,0.1074151074151074,0.1074151074151074,0.6444906444906445
scene,Logistic,MLC_PA,4,0.4875285000000531,0.0302071000000978,0.6768788846376222,0.7150771843373813,0.8887733887733887,0.6702702702702703,0.7258805513016845,0.1056826056826056,0.0697855750487329,0.5072765072765073
scene,Logistic,GSI_v6_2_Fixed,4,4.659179799999947,0.0306312000000161,0.6888986990363634,0.7371046130059412,0.8922383922383922,0.683083511777302,0.7473841554559043,0.1025641025641025,0.065631067961165,0.5426195426195426
scene,Logistic,GSI_v6_2_Decay,4,4.101386699999921,0.0320480000000316,0.6855456418371523,0.7378584239660585,0.8922383922383922,0.6795284030010718,0.7470238095238095,0.1036036036036036,0.0660194174757281,0.5384615384615384
scene,Logistic,BR,5,0.4851068999998915,0.0136598000001413,0.7095352614612715,0.7095352614612715,1.0,0.7052518756698821,0.7052518756698821,0.0952875952875952,0.0952875952875952,0.5550935550935551
scene,Logistic,CC,5,0.4544819000000188,0.0211100999999871,0.7299095979600888,0.7299095979600888,1.0,0.7158308751229105,0.7158308751229105,0.1001386001386001,0.1001386001386001,0.6632016632016632
scene,Logistic,MLC_PA,5,0.4591775999999754,0.0229873999999199,0.7095352614612715,0.750944904618352,0.8808038808038808,0.7052518756698821,0.7697063369397218,0.0952875952875952,0.0586152635719905,0.5550935550935551
scene,Logistic,GSI_v6_2_Fixed,5,4.919847800000298,0.0478140000000166,0.7234917666349991,0.7808237921239837,0.8790713790713791,0.7177334732423925,0.7963246554364471,0.0932085932085932,0.0524241229798975,0.5883575883575883
scene,Logistic,GSI_v6_2_Decay,5,3.859131900000193,0.0411279999998441,0.726664107545302,0.7758425748308649,0.8794178794178794,0.7213459516298633,0.7920489296636085,0.0918225918225918,0.053585500394011,0.5925155925155925
chd49,Logistic,BR,1,0.0234814000000369,0.0076925000003029,0.5057804940157882,0.5057804940157882,1.0,0.6586206896551724,0.6586206896551724,0.2972972972972973,0.2972972972972973,0.1441441441441441
chd49,Logistic,CC,1,0.0268997000002855,0.0123616000000765,0.5021354653258425,0.5021354653258425,1.0,0.6531302876480541,0.6531302876480541,0.3078078078078078,0.3078078078078078,0.1891891891891892
chd49,Logistic,MLC_PA,1,0.0296985999998469,0.0273897000001852,0.5057804940157882,0.539562228858183,0.6591591591591591,0.6586206896551724,0.7298850574712644,0.2972972972972973,0.214123006833713,0.1441441441441441
chd49,Logistic,GSI_v6_2_Fixed,1,0.369869799999833,0.0184865999999601,0.5149573686956864,0.5195244556339423,0.6606606606606606,0.6643598615916955,0.7183908045977011,0.2912912912912913,0.2227272727272727,0.1531531531531531
chd49,Logistic,GSI_v6_2_Decay,1,0.3601502999999866,0.0235529999999926,0.5149573686956864,0.5195244556339423,0.6606606606606606,0.6643598615916955,0.7183908045977011,0.2912912912912913,0.2227272727272727,0.1531531531531531
chd49,Logistic,BR,2,0.0233817000003,0.0102926999998089,0.4903825952777429,0.4903825952777429,1.0,0.6549295774647887,0.6549295774647887,0.296969696969697,0.296969696969697,0.2
chd49,Logistic,CC,2,0.0277547999999114,0.0105329999996683,0.5072882974904459,0.5072882974904459,1.0,0.6561954624781849,0.6561954624781849,0.2984848484848484,0.2984848484848484,0.2
chd49,Logistic,MLC_PA,2,0.026481700000204,0.0269124999999803,0.4903825952777429,0.5089681273891801,0.6318181818181818,0.6549295774647887,0.6792452830188679,0.296969696969697,0.2446043165467626,0.2
chd49,Logistic,GSI_v6_2_Fixed,2,0.4348961000000599,0.0274714000001949,0.4873179843028346,0.510161510303314,0.6454545454545455,0.6537102473498233,0.6747720364741642,0.296969696969697,0.2511737089201878,0.1909090909090909
chd49,Logistic,GSI_v6_2_Decay,2,0.4059111000001394,0.0186665000001085,0.4873179843028346,0.510161510303314,0.6454545454545455,0.6537102473498233,0.6747720364741642,0.296969696969697,0.2511737089201878,0.1909090909090909
chd49,Logistic,BR,3,0.0335046000000147,0.0102757999998175,0.4935292357701115,0.4935292357701115,1.0,0.6701754385964912,0.6701754385964912,0.2848484848484848,0.2848484848484848,0.1545454545454545
chd49,Logistic,CC,3,0.0287181000003329,0.0096238000000994,0.5216563935993687,0.5216563935993687,1.0,0.6791808873720137,0.6791808873720137,0.2848484848484848,0.2848484848484848,0.1909090909090909
chd49,Logistic,MLC_PA,3,0.023613800000021,0.0169372000000294,0.4935292357701115,0.542063492063492,0.6272727272727273,0.6701754385964912,0.746177370030581,0.2848484848484848,0.2004830917874396,0.1545454545454545
chd49,Logistic,GSI_v6_2_Fixed,3,0.3881578999998964,0.0183505999998487,0.48415028997991,0.539597423510467,0.6303030303030303,0.6701754385964912,0.75,0.2848484848484848,0.1923076923076923,0.1454545454545454
chd49,Logistic,GSI_v6_2_Decay,3,0.3808337999998912,0.0301211000000876,0.48415028997991,0.539597423510467,0.6303030303030303,0.6701754385964912,0.75,0.2848484848484848,0.1923076923076923,0.1454545454545454
chd49,Logistic,BR,4,0.0392508999998426,0.013965200000257,0.5699062361517692,0.5699062361517692,1.0,0.6655405405405406,0.6655405405405406,0.2894736842105263,0.2894736842105263,0.1666666666666666
chd49,Logistic,CC,4,0.0290630999998029,0.0116265999999995,0.5091977802064439,0.5091977802064439,1.0,0.657672849915683,0.657672849915683,0.2967836257309941,0.2967836257309941,0.1929824561403508
chd49,Logistic,MLC_PA,4,0.0348914999999578,0.0327970999996978,0.5699062361517692,0.5196308321308322,0.6067251461988304,0.6655405405405406,0.7239263803680982,0.2894736842105263,0.216867469879518,0.1666666666666666
chd49,Logistic,GSI_v6_2_Fixed,4,0.4494039000001066,0.0393217000000731,0.5786777580419152,0.5205868205868206,0.6111111111111112,0.6723259762308998,0.7239263803680982,0.2821637426900585,0.215311004784689,0.1666666666666666
chd49,Logistic,GSI_v6_2_Decay,4,0.4382687999996051,0.0280322000003252,0.5786777580419152,0.5205868205868206,0.6111111111111112,0.6723259762308998,0.7239263803680982,0.2821637426900585,0.215311004784689,0.1666666666666666
chd49,Logistic,BR,5,0.0389273999999204,0.0132069999999657,0.492142597189168,0.492142597189168,1.0,0.6527050610820244,0.6527050610820244,0.3015151515151515,0.3015151515151515,0.1272727272727272
chd49,Logistic,CC,5,0.0305177000000185,0.0117295999998532,0.4963151636929174,0.4963151636929174,1.0,0.6415094339622641,0.6415094339622641,0.3166666666666666,0.3166666666666666,0.1636363636363636
chd49,Logistic,MLC_PA,5,0.0255326999999851,0.0256030999998984,0.492142597189168,0.5106577229403316,0.6272727272727273,0.6527050610820244,0.7249190938511327,0.3015151515151515,0.2053140096618357,0.1272727272727272
chd49,Logistic,GSI_v6_2_Fixed,5,0.3079941000000872,0.018710700000156,0.4964208995219144,0.5117713365539452,0.6181818181818182,0.6573426573426573,0.7350993377483444,0.296969696969697,0.196078431372549,0.109090909090909
chd49,Logistic,GSI_v6_2_Decay,5,0.3019248999999036,0.0254126999998334,0.4964208995219144,0.5117713365539452,0.6181818181818182,0.6573426573426573,0.7350993377483444,0.296969696969697,0.196078431372549,0.109090909090909
music,Logistic,BR,1,0.026196499999969,0.0102419000004374,0.5872624377030783,0.5872624377030783,1.0,0.631578947368421,0.631578947368421,0.196078431372549,0.196078431372549,0.2436974789915966
music,Logistic,CC,1,0.023279999999886,0.0081182000003536,0.6013392307688709,0.6013392307688709,1.0,0.6526806526806527,0.6526806526806527,0.2086834733893557,0.2086834733893557,0.2941176470588235
music,Logistic,MLC_PA,1,0.0192994000003636,0.0196765000000596,0.5872624377030783,0.6409247757073845,0.6666666666666666,0.631578947368421,0.7126436781609196,0.196078431372549,0.1050420168067226,0.2436974789915966
music,Logistic,GSI_v6_2_Fixed,1,0.3186787000004187,0.0211742000001322,0.653180747203595,0.6430760810071156,0.665266106442577,0.6700507614213198,0.7159090909090909,0.1820728291316526,0.1052631578947368,0.3025210084033613
music,Logistic,GSI_v6_2_Decay,1,0.3498657999998613,0.0260729999999966,0.653180747203595,0.6430760810071156,0.665266106442577,0.6700507614213198,0.7159090909090909,0.1820728291316526,0.1052631578947368,0.3025210084033613
music,Logistic,BR,2,0.0343936999997822,0.0141082999998616,0.5929062155588762,0.5929062155588762,1.0,0.635,0.635,0.2079772079772079,0.2079772079772079,0.2905982905982906
music,Logistic,CC,2,0.0329351000000315,0.0105502999999771,0.5795877190297042,0.5795877190297042,1.0,0.62004662004662,0.62004662004662,0.2321937321937321,0.2321937321937321,0.2649572649572649
music,Logistic,MLC_PA,2,0.0285085999998955,0.0278590000002623,0.5929062155588762,0.6158771674900708,0.7051282051282052,0.635,0.6570048309178744,0.2079772079772079,0.1434343434343434,0.2905982905982906
music,Logistic,GSI_v6_2_Fixed,2,0.2266424000004008,0.017692899999929,0.5909469595229049,0.6439241692212829,0.7051282051282052,0.635,0.6886792452830188,0.2079772079772079,0.1333333333333333,0.2905982905982906
music,Logistic,GSI_v6_2_Decay,2,0.2902416000001722,0.0177506999998513,0.5909469595229049,0.6439241692212829,0.7051282051282052,0.635,0.6886792452830188,0.2079772079772079,0.1333333333333333,0.2905982905982906
music,Logistic,BR,3,0.0175625000001673,0.0069220000000314,0.6374012930386663,0.6374012930386663,1.0,0.6734177215189874,0.6734177215189874,0.1822033898305084,0.1822033898305084,0.2796610169491525
music,Logistic,CC,3,0.0192618000000948,0.0124667999998564,0.6128008867139302,0.6128008867139302,1.0,0.6496519721577726,0.6496519721577726,0.2132768361581921,0.2132768361581921,0.2711864406779661
music,Logistic,MLC_PA,3,0.0280545000000529,0.0273872000002484,0.6374012930386663,0.6216900341038273,0.6850282485875706,0.6734177215189874,0.7127659574468085,0.1822033898305084,0.111340206185567,0.2796610169491525
music,Logistic,GSI_v6_2_Fixed,3,0.3431802000000061,0.0222297000000253,0.6573046603558267,0.6978510378510379,0.693502824858757,0.681592039800995,0.7378640776699029,0.1807909604519774,0.109979633401222,0.3220338983050847
music,Logistic,GSI_v6_2_Decay,3,0.3496245999999701,0.0183191000000988,0.6426628161573323,0.7032831366164699,0.692090395480226,0.6683168316831684,0.7403846153846154,0.1892655367231638,0.110204081632653,0.2966101694915254
music,Logistic,BR,4,0.0305749999997715,0.012456899999961,0.6138917881455194,0.6138917881455194,1.0,0.6479591836734694,0.6479591836734694,0.1932773109243697,0.1932773109243697,0.2773109243697479
music,Logistic,CC,4,0.0274765000003753,0.0091914999998152,0.6177281309831962,0.6177281309831962,1.0,0.6606334841628959,0.6606334841628959,0.2100840336134453,0.2100840336134453,0.3277310924369748
music,Logistic,MLC_PA,4,0.0162594999997054,0.0228606999999101,0.6138917881455194,0.6738978716341628,0.6946778711484594,0.6479591836734694,0.6984126984126984,0.1932773109243697,0.1149193548387096,0.2773109243697479
music,Logistic,GSI_v6_2_Fixed,4,0.2577276000001802,0.0187154000000191,0.6566046326997618,0.6919207670369208,0.6946778711484594,0.6699507389162561,0.7243243243243244,0.1876750700280112,0.1028225806451613,0.2941176470588235
music,Logistic,GSI_v6_2_Decay,4,0.295535999999629,0.0276201000001492,0.6566046326997618,0.6919207670369208,0.6946778711484594,0.6699507389162561,0.7243243243243244,0.1876750700280112,0.1028225806451613,0.2941176470588235
music,Logistic,BR,5,0.0324947999997675,0.0106190000001333,0.6022418624525095,0.6022418624525095,1.0,0.6302083333333334,0.6302083333333334,0.1988795518207282,0.1988795518207282,0.2100840336134453
music,Logistic,CC,5,0.0297835999999733,0.0127990000000863,0.6039309996458484,0.6039309996458484,1.0,0.6372093023255814,0.6372093023255814,0.2184873949579832,0.2184873949579832,0.2605042016806723
music,Logistic,MLC_PA,5,0.0262741999999889,0.0233946000003015,0.6022418624525095,0.6352324803136161,0.6918767507002801,0.6302083333333334,0.696969696969697,0.1988795518207282,0.1214574898785425,0.2100840336134453
music,Logistic,GSI_v6_2_Fixed,5,0.2560371999998097,0.0184399999998277,0.625387059073132,0.6575186179001292,0.7002801120448179,0.6446700507614214,0.7219512195121951,0.196078431372549,0.114,0.2436974789915966
music,Logistic,GSI_v6_2_Decay,5,0.2575200999999651,0.0184969000001729,0.625387059073132,0.6575186179001292,0.7002801120448179,0.6446700507614214,0.7219512195121951,0.196078431372549,0.114,0.2436974789915966
gpositivepseaac,Logistic,BR,1,0.0418581999997513,0.0061666999999943,0.5505434782608696,0.5505434782608696,1.0,0.7319587628865979,0.7319587628865979,0.125,0.125,0.6346153846153846
gpositivepseaac,Logistic,CC,1,0.0301906999998209,0.0091403999999784,0.5626082251082252,0.5626082251082252,1.0,0.7439613526570048,0.7439613526570048,0.1274038461538461,0.1274038461538461,0.7403846153846154
gpositivepseaac,Logistic,MLC_PA,1,0.0283109000001786,0.0159742999999252,0.5505434782608696,0.6127450980392157,0.8509615384615384,0.7319587628865979,0.8,0.125,0.0790960451977401,0.6346153846153846
gpositivepseaac,Logistic,GSI_v6_2_Fixed,1,0.5216975999996976,0.0148696999999629,0.5577127659574468,0.6127450980392157,0.8485576923076923,0.7384615384615385,0.8,0.1225961538461538,0.0793201133144475,0.6442307692307693
gpositivepseaac,Logistic,GSI_v6_2_Decay,1,0.5093179999998938,0.0141947000001891,0.5577127659574468,0.6127450980392157,0.8509615384615384,0.7384615384615385,0.8,0.1225961538461538,0.0790960451977401,0.6442307692307693
gpositivepseaac,Logistic,BR,2,0.0288209999998798,0.0058297999999012,0.6054400858704138,0.6054400858704138,1.0,0.6631016042780749,0.6631016042780749,0.1514423076923076,0.1514423076923076,0.5576923076923077
gpositivepseaac,Logistic,CC,2,0.0383464999999887,0.0069819999998799,0.6537176024347848,0.6537176024347848,1.0,0.7142857142857143,0.7142857142857143,0.1442307692307692,0.1442307692307692,0.7019230769230769
gpositivepseaac,Logistic,MLC_PA,2,0.0417946999996274,0.0247297000000799,0.6054400858704138,0.4946175278622087,0.84375,0.6631016042780749,0.704,0.1514423076923076,0.1054131054131054,0.5576923076923077
gpositivepseaac,Logistic,GSI_v6_2_Fixed,2,0.3923260999999911,0.0222929999999905,0.6157920527441197,0.5005699088145896,0.8389423076923077,0.6701570680628273,0.7096774193548387,0.1514423076923076,0.1031518624641833,0.5769230769230769
gpositivepseaac,Logistic,GSI_v6_2_Decay,2,0.3708398999997371,0.0249582999999802,0.6157920527441197,0.5005699088145896,0.8389423076923077,0.6701570680628273,0.7096774193548387,0.1514423076923076,0.1031518624641833,0.5769230769230769
gpositivepseaac,Logistic,BR,3,0.0495614000001296,0.0091646999999284,0.5207826611610762,0.5207826611610762,1.0,0.711340206185567,0.711340206185567,0.1346153846153846,0.1346153846153846,0.6153846153846154
gpositivepseaac,Logistic,CC,3,0.0467934000002969,0.010477499999979,0.5367852274939963,0.5367852274939963,1.0,0.7238095238095238,0.7238095238095238,0.1394230769230769,0.1394230769230769,0.7115384615384616
gpositivepseaac,Logistic,MLC_PA,3,0.0400497999999061,0.0214332999998987,0.5207826611610762,0.5429695635357472,0.8581730769230769,0.711340206185567,0.7605633802816901,0.1346153846153846,0.0952380952380952,0.6153846153846154
gpositivepseaac,Logistic,GSI_v6_2_Fixed,3,0.4380823999999848,0.023929500000122,0.5229194132978283,0.5721049018816119,0.875,0.7106598984771574,0.7682119205298014,0.1370192307692307,0.0961538461538461,0.625
gpositivepseaac,Logistic,GSI_v6_2_Decay,3,0.4053600000002006,0.0177714000001287,0.5229194132978283,0.5721049018816119,0.875,0.7106598984771574,0.7682119205298014,0.1370192307692307,0.0961538461538461,0.625
gpositivepseaac,Logistic,BR,4,0.0328701999997065,0.0059630999999171,0.4888473182155709,0.4888473182155709,1.0,0.6526315789473685,0.6526315789473685,0.1586538461538461,0.1586538461538461,0.5769230769230769
gpositivepseaac,Logistic,CC,4,0.0293650000003253,0.0069348000001809,0.5410895986433013,0.5410895986433013,1.0,0.7115384615384616,0.7115384615384616,0.1442307692307692,0.1442307692307692,0.7115384615384616
gpositivepseaac,Logistic,MLC_PA,4,0.0313125000002401,0.0162004999997407,0.4888473182155709,0.5469783221206371,0.8701923076923077,0.6526315789473685,0.7338129496402878,0.1586538461538461,0.1022099447513812,0.5769230769230769
gpositivepseaac,Logistic,GSI_v6_2_Fixed,4,0.5217671000000337,0.0182724000001144,0.4952380952380952,0.5301385442514475,0.8774038461538461,0.6595744680851063,0.7183098591549296,0.1538461538461538,0.1095890410958904,0.5865384615384616
gpositivepseaac,Logistic,GSI_v6_2_Decay,4,0.5817160999999942,0.0243986999998924,0.4952380952380952,0.5301385442514475,0.8774038461538461,0.6595744680851063,0.7183098591549296,0.1538461538461538,0.1095890410958904,0.5865384615384616
gpositivepseaac,Logistic,BR,5,0.0629543000000012,0.0145712000003186,0.6021259506949908,0.6021259506949908,1.0,0.6732673267326733,0.6732673267326733,0.1601941747572815,0.1601941747572815,0.5922330097087378
gpositivepseaac,Logistic,CC,5,0.0601915000002009,0.00790330000018,0.6013888888888889,0.6013888888888889,1.0,0.6698564593301436,0.6698564593301436,0.1674757281553398,0.1674757281553398,0.6504854368932039
gpositivepseaac,Logistic,MLC_PA,5,0.034944699999869,0.0150229999999282,0.6021259506949908,0.4877381938690969,0.8689320388349514,0.6732673267326733,0.7114093959731543,0.1601941747572815,0.1201117318435754,0.5922330097087378
gpositivepseaac,Logistic,GSI_v6_2_Fixed,5,0.4839154999999664,0.0254869000000326,0.4771259506949908,0.4919048605357636,0.8689320388349514,0.6666666666666666,0.7162162162162162,0.1626213592233009,0.1173184357541899,0.5922330097087378
gpositivepseaac,Logistic,GSI_v6_2_Decay,5,0.3693100999998933,0.008738699999867,0.4771259506949908,0.4919048605357636,0.8689320388349514,0.6666666666666666,0.7162162162162162,0.1626213592233009,0.1173184357541899,0.5922330097087378
emotions,SVM,BR,1,0.11394029999974,0.0116287999999258,0.597602612390748,0.597602612390748,1.0,0.6424870466321243,0.6424870466321243,0.1885245901639344,0.1885245901639344,0.3278688524590163
emotions,SVM,CC,1,0.1009380000000419,0.0150136000002021,0.576146178239184,0.576146178239184,1.0,0.6244131455399061,0.6244131455399061,0.2185792349726776,0.2185792349726776,0.319672131147541
emotions,SVM,MLC_PA,1,0.1108575000002929,0.0230815999998412,0.597602612390748,0.5871170548529038,0.6967213114754098,0.6424870466321243,0.6598984771573604,0.1885245901639344,0.1313725490196078,0.3278688524590163
emotions,SVM,GSI_v6_2_Fixed,1,1.4329487999998491,0.0284034000001156,0.6007037485297723,0.5584524194080828,0.680327868852459,0.639386189258312,0.6408839779005525,0.1926229508196721,0.1305220883534136,0.3114754098360656
emotions,SVM,GSI_v6_2_Decay,1,1.478773999999703,0.0353844999999637,0.6007037485297723,0.5584524194080828,0.680327868852459,0.639386189258312,0.6408839779005525,0.1926229508196721,0.1305220883534136,0.3114754098360656
emotions,SVM,BR,2,0.1332549999997354,0.0127391000000898,0.5472967449301249,0.5472967449301249,1.0,0.5888888888888889,0.5888888888888889,0.2072829131652661,0.2072829131652661,0.2352941176470588
emotions,SVM,CC,2,0.1002699999999094,0.016062900000179,0.5270942400579857,0.5270942400579857,1.0,0.5784313725490197,0.5784313725490197,0.2408963585434173,0.2408963585434173,0.2521008403361344
emotions,SVM,MLC_PA,2,0.1214997000001858,0.0217546999997466,0.5472967449301249,0.5025493025493025,0.6666666666666666,0.5888888888888889,0.6086956521739131,0.2072829131652661,0.1134453781512605,0.2352941176470588
emotions,SVM,GSI_v6_2_Fixed,2,1.431359600000178,0.0270510000000285,0.5464679329117968,0.5053571428571428,0.6582633053221288,0.5879120879120879,0.6131386861313869,0.2100840336134453,0.1127659574468085,0.226890756302521
emotions,SVM,GSI_v6_2_Decay,2,1.5768256000001202,0.0273557000000437,0.5464679329117968,0.5053571428571428,0.6582633053221288,0.5879120879120879,0.6131386861313869,0.2100840336134453,0.1127659574468085,0.226890756302521
emotions,SVM,BR,3,0.1147369999998773,0.0183401000003868,0.5754488038510298,0.5754488038510298,1.0,0.6262626262626263,0.6262626262626263,0.2005420054200542,0.2005420054200542,0.2520325203252032
emotions,SVM,CC,3,0.1002502999999706,0.0174643999998806,0.5698511055867169,0.5698511055867169,1.0,0.62004662004662,0.62004662004662,0.2208672086720867,0.2208672086720867,0.2520325203252032
emotions,SVM,MLC_PA,3,0.0975409999996372,0.02267269999993,0.5754488038510298,0.6321824009324009,0.6707317073170732,0.6262626262626263,0.6810810810810811,0.2005420054200542,0.1191919191919192,0.2520325203252032
emotions,SVM,GSI_v6_2_Fixed,3,1.808331900000212,0.0260847999998077,0.5867555864210275,0.6532051282051281,0.6639566395663956,0.6464646464646465,0.7182320441988951,0.1897018970189702,0.1040816326530612,0.2926829268292683
emotions,SVM,GSI_v6_2_Decay,3,1.4935660000001008,0.0262118000000555,0.5795940209327206,0.6614466702979684,0.6544715447154471,0.6326530612244898,0.7251461988304093,0.1951219512195122,0.0973084886128364,0.2764227642276423
emotions,SVM,BR,4,0.1495270000000346,0.0134090000001378,0.5779402789841044,0.5779402789841044,1.0,0.6145833333333334,0.6145833333333334,0.2055555555555555,0.2055555555555555,0.225
emotions,SVM,CC,4,0.1076703000003362,0.0182454000000689,0.5721042935234072,0.5721042935234072,1.0,0.6208530805687204,0.6208530805687204,0.2222222222222222,0.2222222222222222,0.25
emotions,SVM,MLC_PA,4,0.097015900000315,0.0311480000000301,0.5779402789841044,0.5432667624600249,0.6513888888888889,0.6145833333333334,0.6666666666666666,0.2055555555555555,0.1087420042643923,0.225
emotions,SVM,GSI_v6_2_Fixed,4,1.4285290999996505,0.0325691000002734,0.6194970315192869,0.5745098417103505,0.6569444444444444,0.6445012787723785,0.7006369426751592,0.1930555555555555,0.0993657505285412,0.2583333333333333
emotions,SVM,GSI_v6_2_Decay,4,1.461375400000179,0.0295328000001973,0.6194970315192869,0.5745098417103505,0.6569444444444444,0.6445012787723785,0.7006369426751592,0.1930555555555555,0.0993657505285412,0.2583333333333333
emotions,SVM,BR,5,0.1085725999996611,0.011056599999847,0.5648692244675182,0.5648692244675182,1.0,0.6162162162162163,0.6162162162162163,0.2171253822629969,0.2171253822629969,0.2018348623853211
emotions,SVM,CC,5,0.1159843999998884,0.0179739999998673,0.5637931304885476,0.5637931304885476,1.0,0.6274509803921569,0.6274509803921569,0.2324159021406728,0.2324159021406728,0.2568807339449541
emotions,SVM,MLC_PA,5,0.0977422999999362,0.0250117999999019,0.5648692244675182,0.5700048657037904,0.6697247706422018,0.6162162162162163,0.675,0.2171253822629969,0.1187214611872146,0.2018348623853211
emotions,SVM,GSI_v6_2_Fixed,5,1.7862303000001702,0.0277406999998675,0.5644774897293973,0.5377489177489178,0.6636085626911316,0.6162162162162163,0.6540880503144654,0.2171253822629969,0.1267281105990783,0.2018348623853211
emotions,SVM,GSI_v6_2_Decay,5,1.6455409000000143,0.0256909999998242,0.5644774897293973,0.5377489177489178,0.6636085626911316,0.6162162162162163,0.6540880503144654,0.2171253822629969,0.1267281105990783,0.2018348623853211
scene,SVM,BR,1,1.1865235000000212,0.0154765999996016,0.6046583638264269,0.6046583638264269,1.0,0.6118500604594922,0.6118500604594922,0.1116910229645093,0.1116910229645093,0.4405010438413361
scene,SVM,CC,1,0.9871751000000586,0.0372858999999152,0.691820740417887,0.691820740417887,1.0,0.6820461384152458,0.6820461384152458,0.1102992345163535,0.1102992345163535,0.6430062630480167
scene,SVM,MLC_PA,1,1.1441666999999145,0.0276416000001518,0.6046583638264269,0.5552353486605872,0.8573416840640222,0.6118500604594922,0.656319290465632,0.1116910229645093,0.0629058441558441,0.4405010438413361
scene,SVM,GSI_v6_2_Fixed,1,16.237272400000165,0.0182706999999027,0.6164356111724533,0.5922162886306578,0.8590814196242171,0.6282973621103117,0.6905263157894737,0.1078636047320807,0.0595382746051032,0.4780793319415449
scene,SVM,GSI_v6_2_Decay,1,18.08860850000019,0.0479687000001831,0.6164356111724533,0.5922162886306578,0.8590814196242171,0.6282973621103117,0.6905263157894737,0.1078636047320807,0.0595382746051032,0.4780793319415449
scene,SVM,BR,2,1.5939934000002722,0.0198341000000255,0.6006731832511968,0.6006731832511968,1.0,0.6111111111111112,0.6111111111111112,0.1122733612273361,0.1122733612273361,0.4602510460251046
scene,SVM,CC,2,1.2961323999998058,0.0538882999999259,0.6928998869043691,0.6928998869043691,1.0,0.6852589641434262,0.6852589641434262,0.1101813110181311,0.1101813110181311,0.6359832635983264
scene,SVM,MLC_PA,2,1.4889731999996911,0.0326630999998087,0.6006731832511968,0.5822041412762922,0.8657601115760112,0.6111111111111112,0.6754385964912281,0.1122733612273361,0.0596053161498187,0.4602510460251046
scene,SVM,GSI_v6_2_Fixed,2,18.651023700000223,0.0562089999998534,0.6231662843395438,0.606922805733184,0.8647140864714087,0.6334519572953736,0.7063829787234043,0.1077405857740585,0.0556451612903225,0.4853556485355648
scene,SVM,GSI_v6_2_Decay,2,20.868621500000245,0.0309340999997402,0.6211434128919281,0.6075004469873055,0.8640167364016736,0.631079478054567,0.7081545064377682,0.1084379358437935,0.0548829701372074,0.4811715481171548
scene,SVM,BR,3,1.500029099999665,0.0173294000001078,0.5973662690468077,0.5973662690468077,1.0,0.603680981595092,0.603680981595092,0.1103142076502732,0.1103142076502732,0.444672131147541
scene,SVM,CC,3,1.3055977999997594,0.0302467999999862,0.6551256005070316,0.6551256005070316,1.0,0.6435643564356436,0.6435643564356436,0.1229508196721311,0.1229508196721311,0.610655737704918
scene,SVM,MLC_PA,3,1.6689331000002312,0.0573668000001816,0.5973662690468077,0.5645583680725793,0.8702185792349727,0.603680981595092,0.6556701030927835,0.1103142076502732,0.0655416012558869,0.444672131147541
scene,SVM,GSI_v6_2_Fixed,3,17.962928199999624,0.0397017999998752,0.6171903565020913,0.6034680149416206,0.869535519125683,0.6246973365617433,0.6895161290322581,0.1058743169398907,0.0604870384917517,0.4651639344262295
scene,SVM,GSI_v6_2_Decay,3,19.38975559999972,0.0615928000001986,0.6249842575370816,0.6085704365789283,0.8688524590163934,0.6313253012048192,0.6921529175050302,0.1045081967213114,0.0601415094339622,0.4754098360655737
scene,SVM,BR,4,1.5400477000002866,0.0224502000000939,0.5894999657131329,0.5894999657131329,1.0,0.5949820788530465,0.5949820788530465,0.1174636174636174,0.1174636174636174,0.4365904365904366
scene,SVM,CC,4,1.4904445000001942,0.0281760000002577,0.662546943532871,0.662546943532871,1.0,0.6488625123639961,0.6488625123639961,0.123007623007623,0.123007623007623,0.5966735966735967
scene,SVM,MLC_PA,4,1.4763930999997683,0.0578607000002193,0.5894999657131329,0.5730370932673564,0.8669438669438669,0.5949820788530465,0.6390532544378699,0.1174636174636174,0.0731414868105515,0.4365904365904366
scene,SVM,GSI_v6_2_Fixed,4,21.12949720000006,0.0605571999999483,0.6294004690324817,0.6070841526433288,0.8738738738738738,0.6309662398137369,0.6691312384473198,0.1098406098406098,0.070975416336241,0.4906444906444906
scene,SVM,GSI_v6_2_Decay,4,20.092629800000395,0.0408609999999498,0.629860806816763,0.6056251178509607,0.8735273735273735,0.6317016317016317,0.6678966789667896,0.1094941094941095,0.0714002380007933,0.4906444906444906
scene,SVM,BR,5,1.437878400000045,0.0249044000001958,0.5916310138406764,0.5916310138406764,1.0,0.6002460024600246,0.6002460024600246,0.1126126126126126,0.1126126126126126,0.4407484407484408
scene,SVM,CC,5,1.3447438999996848,0.0263952999998764,0.6858497681106789,0.6858497681106789,1.0,0.6758893280632411,0.6758893280632411,0.1136521136521136,0.1136521136521136,0.6278586278586279
scene,SVM,MLC_PA,5,1.431576700000278,0.0357435999999324,0.5916310138406764,0.5748380700463017,0.8575883575883576,0.6002460024600246,0.6567164179104478,0.1126126126126126,0.065050505050505,0.4407484407484408
scene,SVM,GSI_v6_2_Fixed,5,12.411279299999933,0.0228075999998509,0.6332516770432592,0.6193261429682563,0.8589743589743589,0.6379928315412187,0.6985446985446986,0.104989604989605,0.0584913271480435,0.4885654885654886
scene,SVM,GSI_v6_2_Decay,5,11.808596099999704,0.0401258000001689,0.6340711045014699,0.6244117988539896,0.8603603603603603,0.6395209580838324,0.6995884773662552,0.1042966042966043,0.0587998389045509,0.4927234927234927
chd49,SVM,BR,1,0.1501054999998814,0.0138016999999308,0.4373272310908893,0.4373272310908893,1.0,0.6606498194945848,0.6606498194945848,0.2822822822822823,0.2822822822822823,0.1801801801801801
chd49,SVM,CC,1,0.1443438999999671,0.019847000000027,0.5030421736101599,0.5030421736101599,1.0,0.6813559322033899,0.6813559322033899,0.2822822822822823,0.2822822822822823,0.1981981981981982
chd49,SVM,MLC_PA,1,0.1372844999996232,0.024788400000034,0.4373272310908893,0.2963675213675213,0.4339339339339339,0.6606498194945848,0.8189655172413793,0.2822822822822823,0.1453287197231834,0.1801801801801801
chd49,SVM,GSI_v6_2_Fixed,1,2.354647499999828,0.0374271999999109,0.4463880131059487,0.2963675213675213,0.4609609609609609,0.6583184257602862,0.7851239669421488,0.2867867867867867,0.1693811074918566,0.1621621621621621
chd49,SVM,GSI_v6_2_Decay,1,2.540613499999836,0.0362858000003143,0.4463880131059487,0.2963675213675213,0.4609609609609609,0.6583184257602862,0.7851239669421488,0.2867867867867867,0.1693811074918566,0.1621621621621621
chd49,SVM,BR,2,0.1744510000003174,0.0185252999999647,0.3699709647078068,0.3699709647078068,1.0,0.6212121212121212,0.6212121212121212,0.303030303030303,0.303030303030303,0.1545454545454545
chd49,SVM,CC,2,0.1498796000000766,0.0239979999996649,0.3592726924858294,0.3592726924858294,1.0,0.6159420289855072,0.6159420289855072,0.3212121212121212,0.3212121212121212,0.1636363636363636
chd49,SVM,MLC_PA,2,0.1759148000001005,0.0278786000003492,0.3699709647078068,0.3383609854198089,0.4606060606060606,0.6212121212121212,0.8016194331983806,0.303030303030303,0.1611842105263158,0.1545454545454545
chd49,SVM,GSI_v6_2_Fixed,2,2.075848999999834,0.0312930000000051,0.3957035654404075,0.3187531422825541,0.4833333333333333,0.6296296296296297,0.7808764940239044,0.303030303030303,0.1724137931034483,0.1636363636363636
chd49,SVM,GSI_v6_2_Decay,2,2.0506153999999697,0.041367899999841,0.3957035654404075,0.3187531422825541,0.4833333333333333,0.6296296296296297,0.7808764940239044,0.303030303030303,0.1724137931034483,0.1636363636363636
chd49,SVM,BR,3,0.1823155000001861,0.0177106000001003,0.3455726817609995,0.3455726817609995,1.0,0.6190476190476191,0.6190476190476191,0.2909090909090909,0.2909090909090909,0.1272727272727272
chd49,SVM,CC,3,0.1782538000002205,0.0248771999999917,0.4648020743919815,0.4648020743919815,1.0,0.6654611211573237,0.6654611211573237,0.2803030303030303,0.2803030303030303,0.1545454545454545
chd49,SVM,MLC_PA,3,0.1707684999996672,0.0375442999998085,0.3455726817609995,0.2702991452991453,0.4545454545454545,0.6190476190476191,0.8,0.2909090909090909,0.1566666666666666,0.1272727272727272
chd49,SVM,GSI_v6_2_Fixed,3,2.610170299999936,0.0456419000001915,0.3634626289330318,0.2702991452991453,0.4621212121212121,0.6235294117647059,0.7866108786610879,0.2909090909090909,0.1672131147540983,0.1363636363636363
chd49,SVM,GSI_v6_2_Decay,3,2.74662939999962,0.0430492000000413,0.3634626289330318,0.2702991452991453,0.4621212121212121,0.6235294117647059,0.7866108786610879,0.2909090909090909,0.1672131147540983,0.1363636363636363
chd49,SVM,BR,4,0.2470925000002353,0.0296088999998573,0.3620809683947079,0.3620809683947079,1.0,0.6214689265536724,0.6214689265536724,0.293859649122807,0.293859649122807,0.131578947368421
chd49,SVM,CC,4,0.201009299999896,0.0264944000000468,0.4700142224971825,0.4700142224971825,1.0,0.658703071672355,0.658703071672355,0.2923976608187134,0.2923976608187134,0.1666666666666666
chd49,SVM,MLC_PA,4,0.1885634999998728,0.0375060999999732,0.3620809683947079,0.2952602952602952,0.4371345029239766,0.6214689265536724,0.8135593220338984,0.293859649122807,0.1471571906354515,0.131578947368421
chd49,SVM,GSI_v6_2_Fixed,4,2.2786811000000853,0.0303788000001077,0.3660363768961054,0.2952602952602952,0.4502923976608187,0.6210720887245841,0.7868852459016393,0.2997076023391813,0.1688311688311688,0.131578947368421
chd49,SVM,GSI_v6_2_Decay,4,2.129914099999951,0.029144499999802,0.3660363768961054,0.2952602952602952,0.4502923976608187,0.6210720887245841,0.7868852459016393,0.2997076023391813,0.1688311688311688,0.131578947368421
chd49,SVM,BR,5,0.1673035000003437,0.0192833999999493,0.4001047288341222,0.4001047288341222,1.0,0.6353383458646616,0.6353383458646616,0.2939393939393939,0.2939393939393939,0.1181818181818181
chd49,SVM,CC,5,0.1713022000003548,0.0265666000000237,0.4505098416356922,0.4505098416356922,1.0,0.6484517304189436,0.6484517304189436,0.2924242424242424,0.2924242424242424,0.1636363636363636
chd49,SVM,MLC_PA,5,0.1769880000001649,0.0379882000001998,0.4001047288341222,0.3043534762833008,0.4363636363636363,0.6353383458646616,0.8333333333333334,0.2939393939393939,0.1319444444444444,0.1181818181818181
chd49,SVM,GSI_v6_2_Fixed,5,2.6563412999998945,0.0459600999997746,0.405913430045403,0.3299945019243265,0.4484848484848485,0.6390977443609023,0.8240343347639485,0.2909090909090909,0.1385135135135135,0.1272727272727272
chd49,SVM,GSI_v6_2_Decay,5,2.2545497999999498,0.0473033000002942,0.405913430045403,0.3299945019243265,0.4484848484848485,0.6390977443609023,0.8240343347639485,0.2909090909090909,0.1385135135135135,0.1272727272727272
music,SVM,BR,1,0.1753325999998196,0.0184595000000626,0.5688568681361986,0.5688568681361986,1.0,0.6170798898071626,0.6170798898071626,0.1946778711484593,0.1946778711484593,0.2689075630252101
music,SVM,CC,1,0.1697324000001572,0.0269729999999981,0.5788969188534194,0.5788969188534194,1.0,0.6354679802955665,0.6354679802955665,0.2072829131652661,0.2072829131652661,0.3025210084033613
music,SVM,MLC_PA,1,0.1565989000000627,0.041254299999764,0.5688568681361986,0.6038159371492705,0.6484593837535014,0.6170798898071626,0.6712328767123288,0.1946778711484593,0.1036717062634989,0.2689075630252101
music,SVM,GSI_v6_2_Fixed,1,2.406814999999824,0.037365800000316,0.5899976256809517,0.5909439219784048,0.6526610644257703,0.631578947368421,0.6575342465753424,0.1862745098039215,0.1072961373390558,0.2773109243697479
music,SVM,GSI_v6_2_Decay,1,2.021787399999994,0.0350642999997035,0.5899976256809517,0.5909439219784048,0.6526610644257703,0.631578947368421,0.6575342465753424,0.1862745098039215,0.1072961373390558,0.2773109243697479
music,SVM,BR,2,0.1514658999999483,0.0244548000000577,0.5549989850491104,0.5549989850491104,1.0,0.5953002610966057,0.5953002610966057,0.2207977207977208,0.2207977207977208,0.2222222222222222
music,SVM,CC,2,0.169403400000192,0.0278763999999682,0.5606554655844002,0.5606554655844002,1.0,0.6095238095238096,0.6095238095238096,0.2336182336182336,0.2336182336182336,0.282051282051282
music,SVM,MLC_PA,2,0.1700528999999733,0.0384181000003991,0.5549989850491104,0.6143499518120348,0.6709401709401709,0.5953002610966057,0.655367231638418,0.2207977207977208,0.1295116772823779,0.2222222222222222
music,SVM,GSI_v6_2_Fixed,2,1.895938699999988,0.0489732000000913,0.5648629464557214,0.6034084242038404,0.6652421652421653,0.6005221932114883,0.6705202312138728,0.2179487179487179,0.1220556745182012,0.2222222222222222
music,SVM,GSI_v6_2_Decay,2,1.8022955000001275,0.0454351999997015,0.5648629464557214,0.6034084242038404,0.6652421652421653,0.6005221932114883,0.6705202312138728,0.2179487179487179,0.1220556745182012,0.2222222222222222
music,SVM,BR,3,0.1838906999996652,0.0175076999998964,0.5643269836731432,0.5643269836731432,1.0,0.6329787234042553,0.6329787234042553,0.1949152542372881,0.1949152542372881,0.2542372881355932
music,SVM,CC,3,0.1541422000000238,0.0286457000001973,0.5639809913327033,0.5639809913327033,1.0,0.6313253012048192,0.6313253012048192,0.2161016949152542,0.2161016949152542,0.2711864406779661
music,SVM,MLC_PA,3,0.1507997999997314,0.0351580999999896,0.5643269836731432,0.5980489268532747,0.655367231638418,0.6329787234042553,0.7108433734939759,0.1949152542372881,0.1034482758620689,0.2542372881355932
music,SVM,GSI_v6_2_Fixed,3,2.33367780000026,0.0648888000000624,0.5990457203615098,0.5902317690361168,0.6468926553672316,0.6492146596858639,0.7096774193548387,0.1892655367231638,0.0982532751091703,0.2711864406779661
music,SVM,GSI_v6_2_Decay,3,2.4708707999998296,0.0328153999998903,0.5990457203615098,0.5902317690361168,0.6468926553672316,0.6492146596858639,0.7096774193548387,0.1892655367231638,0.0982532751091703,0.2711864406779661
music,SVM,BR,4,0.1361869000002116,0.0137119999999413,0.5832296582296582,0.5832296582296582,1.0,0.6256684491978609,0.6256684491978609,0.196078431372549,0.196078431372549,0.2521008403361344
music,SVM,CC,4,0.1729844999999841,0.0227899000001343,0.5908188693465991,0.5908188693465991,1.0,0.6370023419203747,0.6370023419203747,0.2170868347338935,0.2170868347338935,0.2941176470588235
music,SVM,MLC_PA,4,0.2033425999998144,0.0294098999997913,0.5832296582296582,0.5834859584859585,0.6666666666666666,0.6256684491978609,0.6708074534161491,0.196078431372549,0.111344537815126,0.2521008403361344
music,SVM,GSI_v6_2_Fixed,4,2.1017549999996845,0.0325771000002532,0.5940117567494835,0.6009842407691871,0.6568627450980392,0.6329787234042553,0.6956521739130435,0.1932773109243697,0.1044776119402985,0.2689075630252101
music,SVM,GSI_v6_2_Decay,4,2.0432827999998158,0.031247799999619,0.5940117567494835,0.6009842407691871,0.6568627450980392,0.6329787234042553,0.6956521739130435,0.1932773109243697,0.1044776119402985,0.2689075630252101
music,SVM,BR,5,0.1127255000001241,0.0072331999999732,0.5606102601764424,0.5606102601764424,1.0,0.6133333333333333,0.6133333333333333,0.2030812324929972,0.2030812324929972,0.1932773109243697
music,SVM,CC,5,0.1194168000001809,0.0173610000001644,0.5396917785489438,0.5396917785489438,1.0,0.6009615384615384,0.6009615384615384,0.2324929971988795,0.2324929971988795,0.226890756302521
music,SVM,MLC_PA,5,0.15545770000017,0.0298586999997496,0.5606102601764424,0.5778906082097571,0.6820728291316527,0.6133333333333333,0.6595744680851063,0.2030812324929972,0.1314168377823408,0.1932773109243697
music,SVM,GSI_v6_2_Fixed,5,1.828152300000056,0.0310024000000339,0.5596926488015598,0.5798881584631214,0.6778711484593838,0.6117021276595744,0.6631016042780749,0.2044817927170868,0.1301652892561983,0.2016806722689075
music,SVM,GSI_v6_2_Decay,5,2.784493900000143,0.0715228999997634,0.5596926488015598,0.5798881584631214,0.6778711484593838,0.6117021276595744,0.6631016042780749,0.2044817927170868,0.1301652892561983,0.2016806722689075
gpositivepseaac,SVM,BR,1,0.218626000000313,0.0095498000000588,0.6072180926611307,0.6072180926611307,1.0,0.7058823529411765,0.7058823529411765,0.1322115384615384,0.1322115384615384,0.5961538461538461
gpositivepseaac,SVM,CC,1,0.2026227000001199,0.0151870999998209,0.5694382852919438,0.5694382852919438,1.0,0.7536231884057971,0.7536231884057971,0.1225961538461538,0.1225961538461538,0.7403846153846154
gpositivepseaac,SVM,MLC_PA,1,0.2362327999999252,0.0434018000000833,0.6072180926611307,0.5643702355216749,0.8076923076923077,0.7058823529411765,0.7747747747747747,0.1322115384615384,0.0744047619047619,0.5961538461538461
gpositivepseaac,SVM,GSI_v6_2_Fixed,1,2.801983400000154,0.0291440999999395,0.6032051282051282,0.5471590909090909,0.8028846153846154,0.6892655367231638,0.7636363636363637,0.1322115384615384,0.0778443113772455,0.5576923076923077
gpositivepseaac,SVM,GSI_v6_2_Decay,1,2.598720299999968,0.0281144000000495,0.6032051282051282,0.5471590909090909,0.8028846153846154,0.6892655367231638,0.7636363636363637,0.1322115384615384,0.0778443113772455,0.5576923076923077
gpositivepseaac,SVM,BR,2,0.2336801999999807,0.0099421999998412,0.4529281693915841,0.4529281693915841,1.0,0.6222222222222222,0.6222222222222222,0.1634615384615384,0.1634615384615384,0.4903846153846153
gpositivepseaac,SVM,CC,2,0.1975758000003225,0.0305921000003763,0.5484453476932636,0.5484453476932636,1.0,0.7333333333333333,0.7333333333333333,0.1346153846153846,0.1346153846153846,0.7211538461538461
gpositivepseaac,SVM,MLC_PA,2,0.2348982999997133,0.019289999999728,0.4529281693915841,0.4208603896103896,0.8004807692307693,0.6222222222222222,0.6326530612244898,0.1634615384615384,0.1081081081081081,0.4903846153846153
gpositivepseaac,SVM,GSI_v6_2_Fixed,2,2.5018636999998307,0.0252704999998059,0.4394998335948271,0.4534313725490196,0.7884615384615384,0.6101694915254238,0.6534653465346535,0.1658653846153846,0.1067073170731707,0.4807692307692308
gpositivepseaac,SVM,GSI_v6_2_Decay,2,2.5842579999998634,0.0214605999999548,0.4288312702946849,0.4541666666666666,0.7980769230769231,0.6022727272727273,0.6530612244897959,0.1682692307692307,0.1024096385542168,0.4615384615384615
gpositivepseaac,SVM,BR,3,0.2464192000002185,0.0118685000002187,0.4696915351506456,0.4696915351506456,1.0,0.648936170212766,0.648936170212766,0.1586538461538461,0.1586538461538461,0.5480769230769231
gpositivepseaac,SVM,CC,3,0.2457941000002392,0.0237923999998201,0.5404438119333755,0.5404438119333755,1.0,0.7142857142857143,0.7142857142857143,0.1442307692307692,0.1442307692307692,0.7019230769230769
gpositivepseaac,SVM,MLC_PA,3,0.2109274999997978,0.0228248999997049,0.4696915351506456,0.38,0.8052884615384616,0.648936170212766,0.6545454545454545,0.1586538461538461,0.1134328358208955,0.5480769230769231
gpositivepseaac,SVM,GSI_v6_2_Fixed,3,2.058750400000008,0.0300845999995544,0.4909333652160051,0.4254545454545455,0.7980769230769231,0.6631578947368421,0.6727272727272727,0.1538461538461538,0.108433734939759,0.5576923076923077
gpositivepseaac,SVM,GSI_v6_2_Decay,3,2.030807300000106,0.0201148000001012,0.4909333652160051,0.4254545454545455,0.7980769230769231,0.6631578947368421,0.6727272727272727,0.1538461538461538,0.108433734939759,0.5576923076923077
gpositivepseaac,SVM,BR,4,0.224663099999816,0.0127821000000949,0.4538909950145409,0.4538909950145409,1.0,0.632768361581921,0.632768361581921,0.15625,0.15625,0.5192307692307693
gpositivepseaac,SVM,CC,4,0.2070908000000599,0.0165428999998766,0.5179597701149425,0.5179597701149425,1.0,0.6857142857142857,0.6857142857142857,0.1586538461538461,0.1586538461538461,0.6826923076923077
gpositivepseaac,SVM,MLC_PA,4,0.2490662999998676,0.0193853999999191,0.4538909950145409,0.5109337203676826,0.8221153846153846,0.632768361581921,0.7027027027027027,0.15625,0.0964912280701754,0.5192307692307693
gpositivepseaac,SVM,GSI_v6_2_Fixed,4,2.681292499999927,0.024859799999831,0.4474977833411568,0.4668632075471698,0.8293269230769231,0.625,0.672566371681416,0.1586538461538461,0.1072463768115942,0.5192307692307693
gpositivepseaac,SVM,GSI_v6_2_Decay,4,2.5814657000000807,0.0223473999999441,0.4474571714851291,0.4863031947101993,0.8341346153846154,0.6256983240223464,0.6837606837606838,0.1610576923076923,0.1066282420749279,0.5096153846153846
gpositivepseaac,SVM,BR,5,0.2429650000003675,0.0118032000000312,0.3903913260219342,0.3903913260219342,1.0,0.5869565217391305,0.5869565217391305,0.1844660194174757,0.1844660194174757,0.4660194174757281
gpositivepseaac,SVM,CC,5,0.1573097000000416,0.0140944999998282,0.4650514735861145,0.4650514735861145,1.0,0.6346153846153846,0.6346153846153846,0.1844660194174757,0.1844660194174757,0.6213592233009708
gpositivepseaac,SVM,MLC_PA,5,0.1980130999995708,0.0336634000000231,0.3903913260219342,0.4436540133294697,0.8131067961165048,0.5869565217391305,0.6548672566371682,0.1844660194174757,0.1164179104477611,0.4660194174757281
gpositivepseaac,SVM,GSI_v6_2_Fixed,5,2.639667800000097,0.0337810000000899,0.3991228070175439,0.426847290640394,0.808252427184466,0.6,0.6324786324786325,0.174757281553398,0.1291291291291291,0.4563106796116505
gpositivepseaac,SVM,GSI_v6_2_Decay,5,2.6002109999999448,0.0201933999996981,0.4025423728813559,0.4227076802507837,0.8131067961165048,0.6043956043956044,0.6260869565217392,0.174757281553398,0.1283582089552238,0.4660194174757281
emotions,MLP,BR,1,0.2392776000001504,0.0093906000001879,0.4610914028234743,0.4610914028234743,1.0,0.5146198830409356,0.5146198830409356,0.226775956284153,0.226775956284153,0.2049180327868852
emotions,MLP,CC,1,0.4220216999997319,0.0361741000001529,0.4860579805044547,0.4860579805044547,1.0,0.5319693094629157,0.5319693094629157,0.25,0.25,0.1639344262295081
emotions,MLP,MLC_PA,1,0.2573483999999553,0.0228341000001819,0.4610914028234743,0.2907051282051282,0.5983606557377049,0.5146198830409356,0.275,0.226775956284153,0.1324200913242009,0.2049180327868852
emotions,MLP,GSI_v6_2_Fixed,1,7.123621600000206,0.0720775999998295,0.4994103142297656,0.4684328086852631,0.639344262295082,0.5303867403314917,0.5534591194968553,0.2322404371584699,0.1517094017094017,0.1393442622950819
emotions,MLP,GSI_v6_2_Decay,1,8.489927699999953,0.038423800000146,0.5032923744215168,0.4899470899470899,0.6215846994535519,0.5263157894736842,0.5732484076433121,0.2336065573770492,0.1472527472527472,0.1475409836065573
emotions,MLP,BR,2,0.2629268000000593,0.0119442000000162,0.4268393446885319,0.4268393446885319,1.0,0.464968152866242,0.464968152866242,0.2352941176470588,0.2352941176470588,0.1596638655462184
emotions,MLP,CC,2,0.475076799999897,0.0238409999997202,0.4884615687810507,0.4884615687810507,1.0,0.5372340425531915,0.5372340425531915,0.2436974789915966,0.2436974789915966,0.1596638655462184
emotions,MLP,MLC_PA,2,0.2189730000000054,0.0354345000000648,0.4268393446885319,0.3009259259259259,0.5882352941176471,0.464968152866242,0.2686567164179104,0.2352941176470588,0.1166666666666666,0.1596638655462184
emotions,MLP,GSI_v6_2_Fixed,2,7.559355800000048,0.0738701000000219,0.4920562137667401,0.5330434347978208,0.6274509803921569,0.5042492917847026,0.6142857142857143,0.2450980392156862,0.1205357142857142,0.1428571428571428
emotions,MLP,GSI_v6_2_Decay,2,9.468906199999765,0.0370367999998961,0.4788492862247402,0.5344870891826515,0.6162464985994398,0.4942528735632184,0.5985401459854015,0.2464985994397759,0.125,0.134453781512605
emotions,MLP,BR,3,0.1652110999998512,0.0098798999997598,0.4819383970327366,0.4819383970327366,1.0,0.5459770114942529,0.5459770114942529,0.2140921409214092,0.2140921409214092,0.2032520325203252
emotions,MLP,CC,3,0.4639615999999478,0.0216544999998404,0.5247019457996317,0.5247019457996317,1.0,0.5594059405940595,0.5594059405940595,0.2411924119241192,0.2411924119241192,0.1626016260162601
emotions,MLP,MLC_PA,3,0.1459634000002552,0.0262652999999772,0.4819383970327366,0.3849206349206349,0.5975609756097561,0.5459770114942529,0.3055555555555556,0.2140921409214092,0.1133786848072562,0.2032520325203252
emotions,MLP,GSI_v6_2_Fixed,3,7.666298900000129,0.0771546999999372,0.5291765386743675,0.529099692445676,0.6639566395663956,0.5593667546174143,0.5575757575757576,0.2262872628726287,0.1489795918367347,0.1707317073170731
emotions,MLP,GSI_v6_2_Decay,3,8.215232699999888,0.0366692000002331,0.5291765386743675,0.529099692445676,0.6639566395663956,0.5593667546174143,0.5575757575757576,0.2262872628726287,0.1489795918367347,0.1707317073170731
emotions,MLP,BR,4,0.1502392000002146,0.0104982999996536,0.3923735780171424,0.3923735780171424,1.0,0.4605678233438486,0.4605678233438486,0.2375,0.2375,0.1166666666666666
emotions,MLP,CC,4,0.5893648000001122,0.0428632000002835,0.4884535906470104,0.4884535906470104,1.0,0.5291005291005291,0.5291005291005291,0.2472222222222222,0.2472222222222222,0.1833333333333333
emotions,MLP,MLC_PA,4,0.245545399999628,0.0255299000000377,0.3923735780171424,0.2065934065934066,0.6027777777777777,0.4605678233438486,0.1935483870967742,0.2375,0.1152073732718894,0.1166666666666666
emotions,MLP,GSI_v6_2_Fixed,4,7.376879800000097,0.0535513999998329,0.5277775101897308,0.4855794912501194,0.6597222222222222,0.5355191256830601,0.5786163522012578,0.2361111111111111,0.1410526315789473,0.2
emotions,MLP,GSI_v6_2_Decay,4,9.915514000000258,0.0388785000000098,0.4959029276693842,0.4887920681469069,0.6458333333333334,0.5193370165745856,0.5714285714285714,0.2416666666666666,0.1419354838709677,0.1833333333333333
emotions,MLP,BR,5,0.2569189999999253,0.0151037000000542,0.4432086825703847,0.4432086825703847,1.0,0.4876543209876543,0.4876543209876543,0.2538226299694189,0.2538226299694189,0.1559633027522936
emotions,MLP,CC,5,0.6326446000002761,0.03263539999989,0.5532606001763531,0.5532606001763531,1.0,0.6134020618556701,0.6134020618556701,0.2293577981651376,0.2293577981651376,0.2568807339449541
emotions,MLP,MLC_PA,5,0.2375880999998116,0.0310314000003018,0.4432086825703847,0.3839181286549707,0.5871559633027523,0.4876543209876543,0.3950617283950617,0.2538226299694189,0.1276041666666666,0.1559633027522936
emotions,MLP,GSI_v6_2_Fixed,5,6.910105899999962,0.0318793000001278,0.5350961560809696,0.5863483738483739,0.6253822629969419,0.5722222222222222,0.6231884057971014,0.2354740061162079,0.1271393643031785,0.2018348623853211
emotions,MLP,GSI_v6_2_Decay,5,7.013365400000112,0.0500953999999183,0.5350961560809696,0.5863483738483739,0.6253822629969419,0.5722222222222222,0.6231884057971014,0.2354740061162079,0.1271393643031785,0.2018348623853211
scene,MLP,BR,1,0.2028494999999566,0.0096761999998307,0.6540925287229632,0.6540925287229632,1.0,0.654292343387471,0.654292343387471,0.103688239387613,0.103688239387613,0.5031315240083507
scene,MLP,CC,1,0.4358088999997562,0.0219591999998556,0.6156268668211858,0.6156268668211858,1.0,0.6106696935300795,0.6106696935300795,0.1193458594293667,0.1193458594293667,0.4112734864300626
scene,MLP,MLC_PA,1,0.158866400000079,0.0249046999997517,0.6540925287229632,0.6486956228323287,0.789839944328462,0.654292343387471,0.7302452316076294,0.103688239387613,0.0436123348017621,0.5031315240083507
scene,MLP,GSI_v6_2_Fixed,1,6.235385000000406,0.0343096999999943,0.5507963197187936,0.5277523489841752,0.8302018093249826,0.5504151838671412,0.6339285714285714,0.1318719554627696,0.0687342833193629,0.3340292275574112
scene,MLP,GSI_v6_2_Decay,1,6.003721299999597,0.031625300000087,0.5507963197187936,0.5277523489841752,0.8302018093249826,0.5504151838671412,0.6339285714285714,0.1318719554627696,0.0687342833193629,0.3340292275574112
scene,MLP,BR,2,0.1506008999999721,0.0099534999999377,0.6645591431765089,0.6645591431765089,1.0,0.6689576174112256,0.6689576174112256,0.1007670850767085,0.1007670850767085,0.5271966527196653
scene,MLP,CC,2,0.4470394999998461,0.0241663000001608,0.597143420935199,0.597143420935199,1.0,0.5971143174250833,0.5971143174250833,0.1265690376569037,0.1265690376569037,0.3891213389121339
scene,MLP,MLC_PA,2,0.151111199999832,0.0310218000004169,0.6645591431765089,0.6824341651927859,0.7890516039051604,0.6689576174112256,0.7584269662921348,0.1007670850767085,0.0380026513477684,0.5271966527196653
scene,MLP,GSI_v6_2_Fixed,2,6.335199200000261,0.0415306999998392,0.570414799805656,0.5537115430734707,0.8357740585774058,0.5786452353616532,0.6271186440677966,0.1279637377963737,0.0734251147267417,0.3661087866108786
scene,MLP,GSI_v6_2_Decay,2,6.53567669999984,0.0387439999999514,0.570414799805656,0.5537115430734707,0.8357740585774058,0.5786452353616532,0.6271186440677966,0.1279637377963737,0.0734251147267417,0.3661087866108786
scene,MLP,BR,3,0.2124082000000271,0.0089240999996036,0.6318730627230557,0.6318730627230557,1.0,0.6375442739079102,0.6375442739079102,0.1048497267759562,0.1048497267759562,0.4754098360655737
scene,MLP,CC,3,0.5759361000000354,0.021007499999996,0.580742523055673,0.580742523055673,1.0,0.5771812080536913,0.5771812080536913,0.1290983606557377,0.1290983606557377,0.3709016393442623
scene,MLP,MLC_PA,3,0.1654246999996758,0.0285235999999713,0.6318730627230557,0.6564205675244797,0.7862021857923497,0.6375442739079102,0.7446808510638298,0.1048497267759562,0.0417028670721112,0.4754098360655737
scene,MLP,GSI_v6_2_Fixed,3,6.91802000000007,0.0426562000002377,0.5450266251393884,0.5228937845698014,0.8370901639344263,0.54524627720504,0.6137787056367432,0.135587431693989,0.0754793961648306,0.3258196721311475
scene,MLP,GSI_v6_2_Decay,3,6.677829100000054,0.0393850999998903,0.5450266251393884,0.5228937845698014,0.8370901639344263,0.54524627720504,0.6137787056367432,0.135587431693989,0.0754793961648306,0.3258196721311475
scene,MLP,BR,4,0.1625679000003401,0.0100397000001066,0.612576942639233,0.612576942639233,1.0,0.616822429906542,0.616822429906542,0.1136521136521136,0.1136521136521136,0.4698544698544699
scene,MLP,CC,4,0.398327700000209,0.0200774999998429,0.5914175438375138,0.5914175438375138,1.0,0.5853658536585366,0.5853658536585366,0.1295911295911296,0.1295911295911296,0.3742203742203742
scene,MLP,MLC_PA,4,0.1516431000000011,0.0264549999997143,0.612576942639233,0.6273297491039428,0.7955647955647955,0.616822429906542,0.6836734693877551,0.1136521136521136,0.0540069686411149,0.4698544698544699
scene,MLP,GSI_v6_2_Fixed,4,7.747731100000237,0.0431837999999515,0.5589472121390261,0.5415528210132721,0.8326403326403327,0.5571095571095571,0.6147368421052631,0.1316701316701316,0.0761548064918851,0.3367983367983368
scene,MLP,GSI_v6_2_Decay,4,7.892509400000108,0.0384712999998555,0.5589472121390261,0.5415528210132721,0.8326403326403327,0.5571095571095571,0.6147368421052631,0.1316701316701316,0.0761548064918851,0.3367983367983368
scene,MLP,BR,5,0.1661982000000534,0.0098841000003631,0.6659686920693536,0.6659686920693536,1.0,0.6643598615916955,0.6643598615916955,0.1008316008316008,0.1008316008316008,0.5239085239085239
scene,MLP,CC,5,0.4248136000001068,0.0177056999996239,0.6008505751680534,0.6008505751680534,1.0,0.5993340732519423,0.5993340732519423,0.125086625086625,0.125086625086625,0.3846153846153846
scene,MLP,MLC_PA,5,0.1510754000000815,0.0214467999999214,0.6659686920693536,0.6844717383630129,0.7855162855162855,0.6643598615916955,0.7576601671309192,0.1008316008316008,0.0383767093074547,0.5239085239085239
scene,MLP,GSI_v6_2_Fixed,5,7.194966200000181,0.0485872999997809,0.5579201364289855,0.5534136929279787,0.8295218295218295,0.5586206896551724,0.6307385229540918,0.133056133056133,0.0772765246449457,0.3347193347193347
scene,MLP,GSI_v6_2_Decay,5,7.576349500000106,0.0411447999999836,0.5579201364289855,0.5534136929279787,0.8295218295218295,0.5586206896551724,0.6307385229540918,0.133056133056133,0.0772765246449457,0.3347193347193347
chd49,MLP,BR,1,0.1742277999996986,0.0114677999999912,0.5074020576320738,0.5074020576320738,1.0,0.6677685950413224,0.6677685950413224,0.3018018018018018,0.3018018018018018,0.1531531531531531
chd49,MLP,CC,1,0.446427500000027,0.023525999999947,0.5129310562538979,0.5129310562538979,1.0,0.673469387755102,0.673469387755102,0.2882882882882883,0.2882882882882883,0.1801801801801801
chd49,MLP,MLC_PA,1,0.1921517999999196,0.0242791999999099,0.5074020576320738,0.4723258727835386,0.581081081081081,0.6677685950413224,0.7248322147651006,0.3018018018018018,0.2118863049095607,0.1531531531531531
chd49,MLP,GSI_v6_2_Fixed,1,6.665462700000262,0.0440995999997539,0.5163716389835948,0.5289199174941385,0.6471471471471472,0.6736111111111112,0.7311178247734139,0.2822822822822823,0.2064965197215777,0.1891891891891892
chd49,MLP,GSI_v6_2_Decay,1,7.190385500000048,0.0412979000002451,0.5163716389835948,0.5289199174941385,0.6471471471471472,0.6736111111111112,0.7311178247734139,0.2822822822822823,0.2064965197215777,0.1891891891891892
chd49,MLP,BR,2,0.2448818000002575,0.0073712999997042,0.4829318561202619,0.4829318561202619,1.0,0.673469387755102,0.673469387755102,0.2909090909090909,0.2909090909090909,0.1636363636363636
chd49,MLP,CC,2,0.4376743000002534,0.019246099999691,0.4767145534035369,0.4767145534035369,1.0,0.658703071672355,0.658703071672355,0.303030303030303,0.303030303030303,0.2
chd49,MLP,MLC_PA,2,0.1564966000000822,0.0206449000002066,0.4829318561202619,0.4304188712522045,0.5727272727272728,0.673469387755102,0.7010309278350515,0.2909090909090909,0.2301587301587301,0.1636363636363636
chd49,MLP,GSI_v6_2_Fixed,2,5.908951699999761,0.0447351000002527,0.4807689202850493,0.5133494022382911,0.656060606060606,0.660958904109589,0.7272727272727273,0.3,0.2217090069284064,0.2181818181818181
chd49,MLP,GSI_v6_2_Decay,2,7.614306499999657,0.0475392999996984,0.4807689202850493,0.5133494022382911,0.656060606060606,0.660958904109589,0.7272727272727273,0.3,0.2217090069284064,0.2181818181818181
chd49,MLP,BR,3,0.249165400000038,0.0082420000003367,0.4696827213427281,0.4696827213427281,1.0,0.6528497409326425,0.6528497409326425,0.3045454545454545,0.3045454545454545,0.1272727272727272
chd49,MLP,CC,3,0.4279372000000876,0.0199910999999701,0.4718154559387877,0.4718154559387877,1.0,0.6449399656946827,0.6449399656946827,0.3136363636363636,0.3136363636363636,0.1
chd49,MLP,MLC_PA,3,0.1888813999999001,0.0209083999998256,0.4696827213427281,0.4607636043058038,0.5681818181818182,0.6528497409326425,0.7342657342657343,0.3045454545454545,0.2026666666666666,0.1272727272727272
chd49,MLP,GSI_v6_2_Fixed,3,6.716437000000042,0.0295922000000246,0.4832184043994814,0.492568083617886,0.6515151515151515,0.6518010291595198,0.7218934911242604,0.3075757575757575,0.2186046511627907,0.1363636363636363
chd49,MLP,GSI_v6_2_Decay,3,6.764990300000136,0.0457070000002204,0.4832184043994814,0.492568083617886,0.6515151515151515,0.6518010291595198,0.7218934911242604,0.3075757575757575,0.2186046511627907,0.1363636363636363
chd49,MLP,BR,4,0.2726064999997106,0.0139671000001726,0.4816457958581246,0.4816457958581246,1.0,0.6599664991624791,0.6599664991624791,0.2967836257309941,0.2967836257309941,0.1052631578947368
chd49,MLP,CC,4,0.4895547000000988,0.018525700000282,0.5063055539999483,0.5063055539999483,1.0,0.6632653061224489,0.6632653061224489,0.2894736842105263,0.2894736842105263,0.131578947368421
chd49,MLP,MLC_PA,4,0.1528364000000692,0.0196259999997892,0.4816457958581246,0.4237028823637325,0.5716374269005848,0.6599664991624791,0.7050359712230215,0.2967836257309941,0.2097186700767263,0.1052631578947368
chd49,MLP,GSI_v6_2_Fixed,4,6.503357699999924,0.0369676999998773,0.5002679393435696,0.5104675390716581,0.618421052631579,0.6678141135972461,0.7323076923076923,0.2821637426900585,0.2056737588652482,0.1578947368421052
chd49,MLP,GSI_v6_2_Decay,4,6.551962900000035,0.0349597999997968,0.5002679393435696,0.5104675390716581,0.618421052631579,0.6678141135972461,0.7323076923076923,0.2821637426900585,0.2056737588652482,0.1578947368421052
chd49,MLP,BR,5,0.1635556999999607,0.0087011000000529,0.4988783009839224,0.4988783009839224,1.0,0.6587837837837838,0.6587837837837838,0.306060606060606,0.306060606060606,0.1363636363636363
chd49,MLP,CC,5,0.4064275999999154,0.0148067999998602,0.5160440866280904,0.5160440866280904,1.0,0.685025817555938,0.685025817555938,0.2772727272727273,0.2772727272727273,0.2272727272727272
chd49,MLP,MLC_PA,5,0.1441246000003957,0.0239333999998052,0.4988783009839224,0.5159093634083225,0.5363636363636364,0.6587837837837838,0.7632508833922261,0.306060606060606,0.1892655367231638,0.1363636363636363
chd49,MLP,GSI_v6_2_Fixed,5,7.232078000000001,0.0719214000000647,0.4999439050300274,0.4824958613302171,0.6424242424242425,0.6689655172413793,0.7325581395348837,0.2909090909090909,0.2169811320754717,0.1727272727272727
chd49,MLP,GSI_v6_2_Decay,5,6.343928199999937,0.0479240999998182,0.4999439050300274,0.4824958613302171,0.6424242424242425,0.6689655172413793,0.7325581395348837,0.2909090909090909,0.2169811320754717,0.1727272727272727
music,MLP,BR,1,0.2015218000001368,0.0108876999997846,0.4455064529834167,0.4455064529834167,1.0,0.5120481927710844,0.5120481927710844,0.226890756302521,0.226890756302521,0.1512605042016806
music,MLP,CC,1,0.4447371000001112,0.0251962000002095,0.5114499388689729,0.5114499388689729,1.0,0.5699481865284974,0.5699481865284974,0.2324929971988795,0.2324929971988795,0.2436974789915966
music,MLP,MLC_PA,1,0.1650149000001874,0.0255137999997714,0.4455064529834167,0.3769230769230769,0.5700280112044818,0.5120481927710844,0.4117647058823529,0.226890756302521,0.0982800982800982,0.1512605042016806
music,MLP,GSI_v6_2_Fixed,1,5.947705099999894,0.0356638000002931,0.4528788882296445,0.4797114962332353,0.6400560224089635,0.5057471264367817,0.5035971223021583,0.2408963585434173,0.1509846827133479,0.134453781512605
music,MLP,GSI_v6_2_Decay,1,6.409062000000176,0.035454700000173,0.4528788882296445,0.4797114962332353,0.6400560224089635,0.5057471264367817,0.5035971223021583,0.2408963585434173,0.1509846827133479,0.134453781512605
music,MLP,BR,2,0.2803156999998464,0.0084271999999145,0.460180420499114,0.460180420499114,1.0,0.514792899408284,0.514792899408284,0.2336182336182336,0.2336182336182336,0.1965811965811965
music,MLP,CC,2,0.4728030999999646,0.0444295000002057,0.5322479286826219,0.5322479286826219,1.0,0.5707070707070707,0.5707070707070707,0.2421652421652421,0.2421652421652421,0.2051282051282051
music,MLP,MLC_PA,2,0.1910121999999319,0.0299331999999594,0.460180420499114,0.4376556776556777,0.5897435897435898,0.514792899408284,0.4090909090909091,0.2336182336182336,0.1256038647342995,0.1965811965811965
music,MLP,GSI_v6_2_Fixed,2,8.254642299999887,0.0831166999996639,0.5127437706692434,0.518065620384557,0.6467236467236467,0.546448087431694,0.5534591194968553,0.2364672364672364,0.1563876651982378,0.188034188034188
music,MLP,GSI_v6_2_Decay,2,9.361630700000203,0.0450651999999536,0.5207977384762402,0.5356442831215972,0.6566951566951567,0.5493333333333333,0.5590062111801242,0.2407407407407407,0.1540130151843818,0.1965811965811965
music,MLP,BR,3,0.1837043999998968,0.0090768000000025,0.4168552609208518,0.4168552609208518,1.0,0.495575221238938,0.495575221238938,0.2415254237288135,0.2415254237288135,0.1440677966101695
music,MLP,CC,3,0.6067260999998325,0.0345468000000437,0.4865448081055335,0.4865448081055335,1.0,0.5292620865139949,0.5292620865139949,0.2612994350282486,0.2612994350282486,0.211864406779661
music,MLP,MLC_PA,3,0.1859328999998979,0.0438469000000623,0.4168552609208518,0.4015151515151514,0.5889830508474576,0.495575221238938,0.4871794871794871,0.2415254237288135,0.0959232613908872,0.1440677966101695
music,MLP,GSI_v6_2_Fixed,3,8.86534490000031,0.0560123999998722,0.4873558980701838,0.4979138951974266,0.634180790960452,0.5207756232686981,0.575,0.2443502824858757,0.1514476614699332,0.1525423728813559
music,MLP,GSI_v6_2_Decay,3,9.741759000000002,0.0401500999996642,0.4911667697381983,0.533575967043709,0.6299435028248588,0.5191256830601093,0.5859872611464968,0.2485875706214689,0.1457399103139013,0.135593220338983
music,MLP,BR,4,0.1846995000000788,0.0093317999999271,0.4361033787248106,0.4361033787248106,1.0,0.5074626865671642,0.5074626865671642,0.2310924369747899,0.2310924369747899,0.1848739495798319
music,MLP,CC,4,0.5788238999998612,0.0262298000002374,0.5498030676413448,0.5498030676413448,1.0,0.6057692307692307,0.6057692307692307,0.2296918767507002,0.2296918767507002,0.2773109243697479
music,MLP,MLC_PA,4,0.1979024000002027,0.0275431000000025,0.4361033787248106,0.3748538011695906,0.5868347338935574,0.5074626865671642,0.375,0.2310924369747899,0.0954653937947494,0.1848739495798319
music,MLP,GSI_v6_2_Fixed,4,8.436981500000002,0.0868571000000884,0.5102157102157102,0.4288474683211525,0.6498599439775911,0.5546666666666666,0.5578231292517006,0.2338935574229692,0.1400862068965517,0.1932773109243697
music,MLP,GSI_v6_2_Decay,4,9.932219799999984,0.050540500000352,0.5246661940210327,0.4342587237324078,0.6386554621848739,0.5585106382978723,0.5655172413793104,0.2324929971988795,0.1381578947368421,0.1932773109243697
music,MLP,BR,5,0.2059404999999969,0.0227458999997907,0.4678722746491707,0.4678722746491707,1.0,0.5357142857142857,0.5357142857142857,0.2184873949579832,0.2184873949579832,0.1428571428571428
music,MLP,CC,5,0.6623804999999265,0.0524617000000944,0.5325199047119566,0.5325199047119566,1.0,0.576,0.576,0.2226890756302521,0.2226890756302521,0.2016806722689075
music,MLP,MLC_PA,5,0.2285983000001579,0.0226544000001922,0.4678722746491707,0.3704991087344029,0.5756302521008403,0.5357142857142857,0.45,0.2184873949579832,0.1070559610705596,0.1428571428571428
music,MLP,GSI_v6_2_Fixed,5,9.076335699999618,0.0430383000002621,0.5378307232895335,0.5031569645875397,0.6694677871148459,0.5659340659340659,0.5609756097560976,0.2212885154061624,0.1506276150627615,0.1680672268907563
music,MLP,GSI_v6_2_Decay,5,9.491475300000277,0.0344160999998166,0.5352183964354388,0.4919018216092484,0.6554621848739496,0.5621621621621622,0.5584415584415584,0.226890756302521,0.1452991452991453,0.1764705882352941
gpositivepseaac,MLP,BR,1,0.1542835000000195,0.0092718000000786,0.5989214489214489,0.5989214489214489,1.0,0.7039106145251397,0.7039106145251397,0.1274038461538461,0.1274038461538461,0.5865384615384616
gpositivepseaac,MLP,CC,1,0.3188070999999581,0.0213706999998066,0.5706558641975309,0.5706558641975309,1.0,0.75,0.75,0.1201923076923077,0.1201923076923077,0.6826923076923077
gpositivepseaac,MLP,MLC_PA,1,0.1877543999999034,0.0251001999999971,0.5989214489214489,0.55,0.7403846153846154,0.7039106145251397,0.7368421052631579,0.1274038461538461,0.0649350649350649,0.5865384615384616
gpositivepseaac,MLP,GSI_v6_2_Fixed,1,4.84294060000002,0.0293529999999009,0.583125,0.6090384615384615,0.8629807692307693,0.7638190954773869,0.8029197080291971,0.1129807692307692,0.075208913649025,0.6730769230769231
gpositivepseaac,MLP,GSI_v6_2_Decay,1,3.796195300000363,0.0250627000000349,0.583125,0.6090384615384615,0.8629807692307693,0.7638190954773869,0.8029197080291971,0.1129807692307692,0.075208913649025,0.6730769230769231
gpositivepseaac,MLP,BR,2,0.1662220000002889,0.0102535000000898,0.5190143180599173,0.5190143180599173,1.0,0.5697674418604651,0.5697674418604651,0.1778846153846154,0.1778846153846154,0.4423076923076923
gpositivepseaac,MLP,CC,2,0.2820141000001968,0.0291157999999995,0.6927710843373495,0.6927710843373495,1.0,0.6767676767676768,0.6767676767676768,0.1538461538461538,0.1538461538461538,0.5961538461538461
gpositivepseaac,MLP,MLC_PA,2,0.2541283000000476,0.0258788999999524,0.5190143180599173,0.5416666666666666,0.6778846153846154,0.5697674418604651,0.44,0.1778846153846154,0.0992907801418439,0.4423076923076923
gpositivepseaac,MLP,GSI_v6_2_Fixed,2,4.371596399999817,0.0537564000001111,0.5945478723404256,0.4638694638694639,0.8533653846153846,0.6387434554973822,0.64,0.1658653846153846,0.1267605633802817,0.5480769230769231
gpositivepseaac,MLP,GSI_v6_2_Decay,2,4.577144899999894,0.0256975000002057,0.5945478723404256,0.4638694638694639,0.8533653846153846,0.6387434554973822,0.64,0.1658653846153846,0.1267605633802817,0.5480769230769231
gpositivepseaac,MLP,BR,3,0.1838080999996236,0.0109618000001319,0.4475369458128079,0.4475369458128079,1.0,0.6666666666666666,0.6666666666666666,0.1442307692307692,0.1442307692307692,0.5673076923076923
gpositivepseaac,MLP,CC,3,0.2828486999997039,0.0117882000004101,0.5486330698287221,0.5486330698287221,1.0,0.746268656716418,0.746268656716418,0.1225961538461538,0.1225961538461538,0.6826923076923077
gpositivepseaac,MLP,MLC_PA,3,0.1812712999999348,0.0245138000000224,0.4475369458128079,0.5329391891891893,0.7307692307692307,0.6666666666666666,0.6865671641791045,0.1442307692307692,0.069078947368421,0.5673076923076923
gpositivepseaac,MLP,GSI_v6_2_Fixed,3,5.4660125000000335,0.0234498999998322,0.5433699119339852,0.5441919191919192,0.8966346153846154,0.7437185929648241,0.7848101265822784,0.1225961538461538,0.0911528150134048,0.6730769230769231
gpositivepseaac,MLP,GSI_v6_2_Decay,3,5.664074899999832,0.0484717999997883,0.5433699119339852,0.5441919191919192,0.8966346153846154,0.7437185929648241,0.7848101265822784,0.1225961538461538,0.0911528150134048,0.6730769230769231
gpositivepseaac,MLP,BR,4,0.2567277000002832,0.0071293000000878,0.4991161616161616,0.4991161616161616,1.0,0.6813186813186813,0.6813186813186813,0.1394230769230769,0.1394230769230769,0.5865384615384616
gpositivepseaac,MLP,CC,4,0.529290100000253,0.0305029000001013,0.5506776306409815,0.5506776306409815,1.0,0.7244897959183674,0.7244897959183674,0.1298076923076923,0.1298076923076923,0.6730769230769231
gpositivepseaac,MLP,MLC_PA,4,0.2183649999997214,0.0166908999999577,0.4991161616161616,0.5595238095238095,0.7235576923076923,0.6813186813186813,0.704225352112676,0.1394230769230769,0.0697674418604651,0.5865384615384616
gpositivepseaac,MLP,GSI_v6_2_Fixed,4,4.237160300000141,0.0280127999999422,0.5571625794054271,0.5840620782726046,0.8725961538461539,0.723404255319149,0.7591240875912408,0.125,0.0909090909090909,0.6442307692307693
gpositivepseaac,MLP,GSI_v6_2_Decay,4,3.483330600000045,0.0297272999996494,0.5571625794054271,0.5840620782726046,0.8725961538461539,0.723404255319149,0.7591240875912408,0.125,0.0909090909090909,0.6442307692307693
gpositivepseaac,MLP,BR,5,0.235515000000305,0.0102934999999888,0.576796145120666,0.576796145120666,1.0,0.6519337016574586,0.6519337016574586,0.1529126213592233,0.1529126213592233,0.5533980582524272
gpositivepseaac,MLP,CC,5,0.3070150000003195,0.0199792000003071,0.6098818983742801,0.6098818983742801,1.0,0.6735751295336787,0.6735751295336787,0.1529126213592233,0.1529126213592233,0.6116504854368932
gpositivepseaac,MLP,MLC_PA,5,0.1785794999996142,0.0217465000000629,0.576796145120666,0.6868315508021391,0.7305825242718447,0.6519337016574586,0.5714285714285714,0.1529126213592233,0.0897009966777408,0.5533980582524272
gpositivepseaac,MLP,GSI_v6_2_Fixed,5,3.81342689999974,0.0246007000000645,0.606974921630094,0.6417885638297872,0.866504854368932,0.6736842105263158,0.7272727272727273,0.1504854368932038,0.1092436974789916,0.6019417475728155
gpositivepseaac,MLP,GSI_v6_2_Decay,5,3.9576678999997057,0.0321459000001596,0.606974921630094,0.6417885638297872,0.866504854368932,0.6736842105263158,0.7272727272727273,0.1504854368932038,0.1092436974789916,0.6019417475728155
genbase,Logistic,BR,1,0.09518440000010742,0.031301199999688833,0.6592592592592593,0.6592592592592593,1.0,0.9784615384615385,0.9784615384615385,0.001949317738791423,0.001949317738791423,0.9473684210526315
genbase,Logistic,CC,1,0.11452129999997851,0.04268339999998716,0.6592592592592593,0.6592592592592593,1.0,0.9784615384615385,0.9784615384615385,0.001949317738791423,0.001949317738791423,0.9473684210526315
genbase,Logistic,MLC_PA,1,0.09602880000011282,0.09789840000030381,0.6592592592592593,0.6666666666666666,0.998886104149262,0.9784615384615385,0.9843260188087775,0.001949317738791423,0.0013939224979091162,0.9473684210526315
genbase,Logistic,GSI_v6_2_Fixed,1,1.6174055999999837,0.10016069999983301,0.6592592592592593,0.6666666666666666,0.998886104149262,0.9784615384615385,0.9843260188087775,0.001949317738791423,0.0013939224979091162,0.9473684210526315
genbase,Logistic,GSI_v6_2_Decay,1,1.741840200000297,0.11275990000012825,0.6592592592592593,0.6666666666666666,0.998886104149262,0.9784615384615385,0.9843260188087775,0.001949317738791423,0.0013939224979091162,0.9473684210526315
genbase,Logistic,BR,2,0.14162239999996018,0.030344399999648886,0.6543209876543209,0.6543209876543209,1.0,0.9817073170731707,0.9817073170731707,0.0016835016835016834,0.0016835016835016834,0.9621212121212122
genbase,Logistic,CC,2,0.1187379999996665,0.04372600000033344,0.691358024691358,0.691358024691358,1.0,0.9848024316109423,0.9848024316109423,0.0014029180695847362,0.0014029180695847362,0.9696969696969697
genbase,Logistic,MLC_PA,2,0.10157479999998031,0.1085769999999684,0.6543209876543209,0.5555555555555556,0.9966329966329966,0.9817073170731707,0.9902912621359223,0.0016835016835016834,0.0008445945945945946,0.9621212121212122
genbase,Logistic,GSI_v6_2_Fixed,2,1.5401200999999674,0.11503810000021986,0.691358024691358,0.5555555555555556,0.9966329966329966,0.9848024316109423,0.9902912621359223,0.0014029180695847362,0.0008445945945945946,0.9696969696969697
genbase,Logistic,GSI_v6_2_Decay,2,1.4318449000002147,0.08601810000027399,0.691358024691358,0.5555555555555556,0.9966329966329966,0.9848024316109423,0.9902912621359223,0.0014029180695847362,0.0008445945945945946,0.9696969696969697
genbase,Logistic,BR,3,0.08988529999987804,0.027065199999924516,0.6855031173871753,0.6855031173871753,1.0,0.9719626168224299,0.9719626168224299,0.0025252525252525255,0.0025252525252525255,0.9393939393939394
genbase,Logistic,CC,3,0.10774820000006002,0.04638539999996283,0.6855031173871753,0.6855031173871753,1.0,0.9719626168224299,0.9719626168224299,0.0025252525252525255,0.0025252525252525255,0.9393939393939394
genbase,Logistic,MLC_PA,3,0.0895146000002569,0.08269530000006853,0.6855031173871753,0.6188364507205087,0.9974747474747475,0.9719626168224299,0.9736842105263158,0.0025252525252525255,0.002250351617440225,0.9393939393939394
genbase,Logistic,GSI_v6_2_Fixed,3,1.4142692999998872,0.10849510000025475,0.6855031173871753,0.6188364507205087,0.9974747474747475,0.9719626168224299,0.9736842105263158,0.0025252525252525255,0.002250351617440225,0.9393939393939394
genbase,Logistic,GSI_v6_2_Decay,3,1.4882567999998173,0.09450730000025942,0.6855031173871753,0.6188364507205087,0.9974747474747475,0.9719626168224299,0.9736842105263158,0.0025252525252525255,0.002250351617440225,0.9393939393939394
genbase,Logistic,BR,4,0.08899850000034348,0.029100399999606452,0.7326185834957765,0.7326185834957765,1.0,0.9847094801223242,0.9847094801223242,0.0014029180695847362,0.0014029180695847362,0.9621212121212122
genbase,Logistic,CC,4,0.11275200000000041,0.044905800000378804,0.7326185834957765,0.7326185834957765,1.0,0.9847094801223242,0.9847094801223242,0.0014029180695847362,0.0014029180695847362,0.9621212121212122
genbase,Logistic,MLC_PA,4,0.09080959999982952,0.08598319999964588,0.7326185834957765,0.6666666666666666,0.9974747474747475,0.9847094801223242,0.9935897435897436,0.0014029180695847362,0.0005625879043600563,0.9621212121212122
genbase,Logistic,GSI_v6_2_Fixed,4,1.5830897999999252,0.09440700000004654,0.7326185834957765,0.7037037037037037,0.9977553310886644,0.9847094801223242,0.9936305732484076,0.0014029180695847362,0.0005624296962879641,0.9621212121212122
genbase,Logistic,GSI_v6_2_Decay,4,1.6411471999999776,0.09543280000025334,0.7326185834957765,0.7037037037037037,0.9977553310886644,0.9847094801223242,0.9936305732484076,0.0014029180695847362,0.0005624296962879641,0.9621212121212122
genbase,Logistic,BR,5,0.10909730000003037,0.05484759999990274,0.65942634363687,0.65942634363687,1.0,0.9815950920245399,0.9815950920245399,0.001670843776106934,0.001670843776106934,0.9624060150375939
genbase,Logistic,CC,5,0.1956276999999318,0.05855780000001687,0.6964633806739071,0.6964633806739071,1.0,0.9847094801223242,0.9847094801223242,0.001392369813422445,0.001392369813422445,0.9699248120300752
genbase,Logistic,MLC_PA,5,0.08890740000015285,0.08554940000021816,0.65942634363687,0.65942634363687,0.9977722082985241,0.9815950920245399,0.9840255591054313,0.001670843776106934,0.0013954786491766676,0.9624060150375939
genbase,Logistic,GSI_v6_2_Fixed,5,1.6342759999997725,0.09145459999990635,0.65942634363687,0.65942634363687,0.9977722082985241,0.9815950920245399,0.9840255591054313,0.001670843776106934,0.0013954786491766676,0.9624060150375939
genbase,Logistic,GSI_v6_2_Decay,5,1.1653870000000097,0.0874364000001151,0.65942634363687,0.65942634363687,0.9977722082985241,0.9815950920245399,0.9840255591054313,0.001670843776106934,0.0013954786491766676,0.9624060150375939
humanpseaac,Logistic,BR,1,1.2498071999998501,0.02699220000022251,0.11278123595117061,0.11278123595117061,1.0,0.28410159924741296,0.28410159924741296,0.08925639221205724,0.08925639221205724,0.14614121510673234
humanpseaac,Logistic,CC,1,1.5008621000001767,0.06091339999966294,0.14076472669806545,0.14076472669806545,1.0,0.3742690058479532,0.3742690058479532,0.10039878020173587,0.10039878020173587,0.2824302134646962
humanpseaac,Logistic,MLC_PA,1,1.0299017000002095,0.0584923000001254,0.11278123595117061,0.09050683772219899,0.921064977715224,0.28410159924741296,0.20735785953177258,0.08925639221205724,0.060359098433719595,0.14614121510673234
humanpseaac,Logistic,GSI_v6_2_Fixed,1,10.261352699999861,0.06302709999999934,0.11278123595117061,0.09050683772219899,0.921064977715224,0.28410159924741296,0.20735785953177258,0.08925639221205724,0.060359098433719595,0.14614121510673234
humanpseaac,Logistic,GSI_v6_2_Decay,1,10.79413439999962,0.05295320000004722,0.11278123595117061,0.09050683772219899,0.921064977715224,0.28410159924741296,0.20735785953177258,0.08925639221205724,0.060359098433719595,0.14614121510673234
humanpseaac,Logistic,BR,2,0.9893200000001343,0.0377278999999362,0.09397442140394943,0.09397442140394943,1.0,0.24807692307692308,0.24807692307692308,0.08866213151927438,0.08866213151927438,0.13015873015873017
humanpseaac,Logistic,CC,2,1.0441359999999804,0.03985710000006293,0.14261219532057062,0.14261219532057062,1.0,0.38226744186046513,0.38226744186046513,0.0963718820861678,0.0963718820861678,0.30634920634920637
humanpseaac,Logistic,MLC_PA,2,0.9996919999998681,0.05913289999989502,0.09397442140394943,0.07637958438402694,0.9233560090702948,0.24807692307692308,0.17555938037865748,0.08866213151927438,0.05881630648330059,0.13015873015873017
humanpseaac,Logistic,GSI_v6_2_Fixed,2,9.618340900000021,0.09497539999983928,0.09397442140394943,0.07637958438402694,0.9233560090702948,0.24807692307692308,0.17555938037865748,0.08866213151927438,0.05881630648330059,0.13015873015873017
humanpseaac,Logistic,GSI_v6_2_Decay,2,10.550597099999777,0.06295000000000073,0.09397442140394943,0.07637958438402694,0.9233560090702948,0.24807692307692308,0.17555938037865748,0.08866213151927438,0.05881630648330059,0.13015873015873017
humanpseaac,Logistic,BR,3,0.9815480999995998,0.030329799999890383,0.11379649056194753,0.11379649056194753,1.0,0.27956989247311825,0.27956989247311825,0.08395989974937343,0.08395989974937343,0.14992025518341306
humanpseaac,Logistic,CC,3,1.0556134999997084,0.039067400000021735,0.13619559637304524,0.13619559637304524,1.0,0.3761939750183688,0.3761939750183688,0.09671907040328093,0.09671907040328093,0.27751196172248804
humanpseaac,Logistic,MLC_PA,3,1.151992600000085,0.07488150000017413,0.11379649056194753,0.07915986239014691,0.9242424242424242,0.27956989247311825,0.18118466898954705,0.08395989974937343,0.05793171453223222,0.14992025518341306
humanpseaac,Logistic,GSI_v6_2_Fixed,3,9.86746009999979,0.06455480000022362,0.11379649056194753,0.07915986239014691,0.9242424242424242,0.27956989247311825,0.18118466898954705,0.08395989974937343,0.05793171453223222,0.14992025518341306
humanpseaac,Logistic,GSI_v6_2_Decay,3,9.534949100000176,0.05772840000008728,0.11379649056194753,0.07915986239014691,0.9242424242424242,0.27956989247311825,0.18118466898954705,0.08395989974937343,0.05793171453223222,0.14992025518341306
humanpseaac,Logistic,BR,4,0.951528000000053,0.024675599999682163,0.11259601261527442,0.11259601261527442,1.0,0.2804995196926033,0.2804995196926033,0.08685064935064934,0.08685064935064934,0.1590909090909091
humanpseaac,Logistic,CC,4,0.977394799999729,0.03822709999985818,0.1309903817187493,0.1309903817187493,1.0,0.36229749631811486,0.36229749631811486,0.10041743970315399,0.10041743970315399,0.2922077922077922
humanpseaac,Logistic,MLC_PA,4,0.9400410000002921,0.05643390000022919,0.11259601261527442,0.09246279946455793,0.9239332096474954,0.2804995196926033,0.20069204152249134,0.08685064935064934,0.05798192771084337,0.1590909090909091
humanpseaac,Logistic,GSI_v6_2_Fixed,4,9.876831100000345,0.055373900000176945,0.11259601261527442,0.09246279946455793,0.9239332096474954,0.2804995196926033,0.20069204152249134,0.08685064935064934,0.05798192771084337,0.1590909090909091
humanpseaac,Logistic,GSI_v6_2_Decay,4,10.467046799999935,0.06389000000035594,0.11259601261527442,0.09246279946455793,0.9239332096474954,0.2804995196926033,0.20069204152249134,0.08685064935064934,0.05798192771084337,0.1590909090909091
humanpseaac,Logistic,BR,5,0.9878801999998359,0.02823870000020179,0.12877824807822688,0.12877824807822688,1.0,0.3333333333333333,0.3333333333333333,0.0815018315018315,0.0815018315018315,0.1778846153846154
humanpseaac,Logistic,CC,5,0.9842365000004065,0.04203110000025845,0.14777281292605998,0.14777281292605998,1.0,0.39215686274509803,0.39215686274509803,0.09581043956043957,0.09581043956043957,0.3060897435897436
humanpseaac,Logistic,MLC_PA,5,0.94760290000022,0.05870789999971748,0.12877824807822688,0.09592439249952915,0.9196428571428571,0.3333333333333333,0.19439252336448598,0.0815018315018315,0.053647000248942,0.1778846153846154
humanpseaac,Logistic,GSI_v6_2_Fixed,5,10.88860990000012,0.05819829999973081,0.12877824807822688,0.09592439249952915,0.9196428571428571,0.3333333333333333,0.19439252336448598,0.0815018315018315,0.053647000248942,0.1778846153846154
humanpseaac,Logistic,GSI_v6_2_Decay,5,9.444383000000016,0.06282929999997577,0.12877824807822688,0.09592439249952915,0.9196428571428571,0.3333333333333333,0.19439252336448598,0.0815018315018315,0.053647000248942,0.1778846153846154
plantpseaac,Logistic,BR,1,0.18971250000004147,0.014918699999725504,0.16641766372088104,0.16641766372088104,1.0,0.2967741935483871,0.2967741935483871,0.09268707482993198,0.09268707482993198,0.15816326530612246
plantpseaac,Logistic,CC,1,0.1966075999998793,0.018588400000226102,0.2005509000354361,0.2005509000354361,1.0,0.33810888252148996,0.33810888252148996,0.09821428571428571,0.09821428571428571,0.25
plantpseaac,Logistic,MLC_PA,1,0.19840780000004088,0.04523590000007971,0.16641766372088104,0.08215731636784268,0.9251700680272109,0.2967741935483871,0.19148936170212766,0.09268707482993198,0.06985294117647059,0.15816326530612246
plantpseaac,Logistic,GSI_v6_2_Fixed,1,2.6769342000002325,0.053311500000290835,0.1672755996157159,0.08009077980342348,0.9226190476190477,0.30128205128205127,0.1827956989247312,0.09268707482993198,0.07004608294930875,0.14285714285714285
plantpseaac,Logistic,GSI_v6_2_Decay,1,2.4630247000000054,0.0861058000000412,0.1672755996157159,0.08009077980342348,0.9226190476190477,0.30128205128205127,0.1827956989247312,0.09268707482993198,0.07004608294930875,0.14285714285714285
plantpseaac,Logistic,BR,2,0.31245369999987815,0.026812000000063563,0.13743469438815367,0.13743469438815367,1.0,0.27564102564102566,0.27564102564102566,0.09511784511784512,0.09511784511784512,0.17676767676767677
plantpseaac,Logistic,CC,2,0.4086456999998518,0.03499610000017128,0.15044985317032242,0.15044985317032242,1.0,0.32558139534883723,0.32558139534883723,0.09764309764309764,0.09764309764309764,0.25757575757575757
plantpseaac,Logistic,MLC_PA,2,0.37396080000007714,0.05800959999987754,0.13743469438815367,0.10035496957403651,0.928030303030303,0.27564102564102566,0.2222222222222222,0.09511784511784512,0.06984126984126984,0.17676767676767677
plantpseaac,Logistic,GSI_v6_2_Fixed,2,2.4207288000002336,0.042127399999571935,0.14414154108303046,0.10072126493695122,0.9292929292929293,0.2765273311897106,0.22448979591836735,0.0946969696969697,0.06884057971014493,0.16161616161616163
plantpseaac,Logistic,GSI_v6_2_Decay,2,2.2024160999999367,0.04593650000015259,0.14414154108303046,0.10072126493695122,0.9292929292929293,0.2765273311897106,0.22448979591836735,0.0946969696969697,0.06884057971014493,0.16161616161616163
plantpseaac,Logistic,BR,3,0.19552829999975074,0.014347499999985303,0.12039179461424404,0.12039179461424404,1.0,0.24573378839590443,0.24573378839590443,0.09493127147766323,0.09493127147766323,0.14432989690721648
plantpseaac,Logistic,CC,3,0.19381650000013906,0.01839609999979075,0.16519890324379588,0.16519890324379588,1.0,0.3333333333333333,0.3333333333333333,0.09965635738831616,0.09965635738831616,0.2422680412371134
plantpseaac,Logistic,MLC_PA,3,0.18908779999992475,0.03686410000000251,0.12039179461424404,0.078125,0.9317010309278351,0.24573378839590443,0.2131979695431472,0.09493127147766323,0.0714615029967727,0.14432989690721648
plantpseaac,Logistic,GSI_v6_2_Fixed,3,2.148770499999955,0.04310699999996359,0.13525132275132276,0.07514880952380952,0.9317010309278351,0.2465753424657534,0.20618556701030927,0.09450171821305842,0.07100046104195482,0.12886597938144329
plantpseaac,Logistic,GSI_v6_2_Decay,3,2.4547113999997237,0.06665720000000874,0.13525132275132276,0.07514880952380952,0.9317010309278351,0.2465753424657534,0.20618556701030927,0.09450171821305842,0.07100046104195482,0.12886597938144329
plantpseaac,Logistic,BR,4,0.27444869999999355,0.02308690000018032,0.11815263522015189,0.11815263522015189,1.0,0.2222222222222222,0.2222222222222222,0.09671848013816926,0.09671848013816926,0.13989637305699482
plantpseaac,Logistic,CC,4,0.21128920000001017,0.020702000000255794,0.15897338440505496,0.15897338440505496,1.0,0.32448377581120946,0.32448377581120946,0.09887737478411053,0.09887737478411053,0.23316062176165803
plantpseaac,Logistic,MLC_PA,4,0.2039098999998714,0.037808099999892875,0.11815263522015189,0.0705012077294686,0.9326424870466321,0.2222222222222222,0.15469613259668508,0.09671848013816926,0.07083333333333333,0.13989637305699482
plantpseaac,Logistic,GSI_v6_2_Fixed,4,2.2389117000002443,0.0430092000001423,0.11671111768825271,0.06786616161616162,0.9335060449050087,0.21678321678321677,0.1452513966480447,0.09671848013816926,0.07076780758556891,0.13471502590673576
plantpseaac,Logistic,GSI_v6_2_Decay,4,2.4642423999998755,0.040414200000213896,0.11671111768825271,0.06786616161616162,0.9335060449050087,0.21678321678321677,0.1452513966480447,0.09671848013816926,0.07076780758556891,0.13471502590673576
plantpseaac,Logistic,BR,5,0.1876256000000467,0.012741300000016054,0.1625369769119769,0.1625369769119769,1.0,0.26174496644295303,0.26174496644295303,0.09306260575296109,0.09306260575296109,0.15736040609137056
plantpseaac,Logistic,CC,5,0.18877340000017284,0.019848300000376184,0.18237637022297526,0.18237637022297526,1.0,0.31085043988269795,0.31085043988269795,0.0994077834179357,0.0994077834179357,0.233502538071066
plantpseaac,Logistic,MLC_PA,5,0.1875883999996404,0.03858519999994314,0.1625369769119769,0.15658638934501,0.9302030456852792,0.26174496644295303,0.22439024390243903,0.09306260575296109,0.0723055934515689,0.15736040609137056
plantpseaac,Logistic,GSI_v6_2_Fixed,5,2.2776488999998037,0.04460730000027979,0.15406685906685905,0.15179802955665023,0.9293570219966159,0.24242424242424243,0.22330097087378642,0.09517766497461928,0.07282658170232134,0.1218274111675127
plantpseaac,Logistic,GSI_v6_2_Decay,5,2.2126369999996314,0.04891529999986233,0.15406685906685905,0.15179802955665023,0.9293570219966159,0.24242424242424243,0.22330097087378642,0.09517766497461928,0.07282658170232134,0.1218274111675127
viruspseaac,Logistic,BR,1,0.024835499999880994,0.00992580000001908,0.35936285936285933,0.35936285936285933,1.0,0.37037037037037035,0.37037037037037035,0.2125,0.2125,0.25
viruspseaac,Logistic,CC,1,0.02152939999996306,0.019532300000264513,0.4070346320346321,0.4070346320346321,1.0,0.4888888888888889,0.4888888888888889,0.19166666666666668,0.19166666666666668,0.35
viruspseaac,Logistic,MLC_PA,1,0.0277659000003041,0.026662300000225514,0.35936285936285933,0.3898090637221072,0.8583333333333333,0.37037037037037035,0.45614035087719296,0.2125,0.15048543689320387,0.25
viruspseaac,Logistic,GSI_v6_2_Fixed,1,0.4193427000000156,0.024196700000175042,0.369806663924311,0.3855820105820105,0.85,0.3902439024390244,0.4482758620689655,0.20833333333333334,0.1568627450980392,0.225
viruspseaac,Logistic,GSI_v6_2_Decay,1,0.4113414999997076,0.02444420000028913,0.369806663924311,0.3855820105820105,0.85,0.3902439024390244,0.4482758620689655,0.20833333333333334,0.1568627450980392,0.225
viruspseaac,Logistic,BR,2,0.02316319999999905,0.007957299999816314,0.346696127946128,0.346696127946128,1.0,0.3764705882352941,0.3764705882352941,0.22083333333333333,0.22083333333333333,0.175
viruspseaac,Logistic,CC,2,0.025865900000098918,0.008655800000269664,0.3414351851851852,0.3414351851851852,1.0,0.36363636363636365,0.36363636363636365,0.23333333333333334,0.23333333333333334,0.225
viruspseaac,Logistic,MLC_PA,2,0.025676299999759067,0.023256299999957264,0.346696127946128,0.32857142857142857,0.8125,0.3764705882352941,0.40816326530612246,0.22083333333333333,0.14871794871794872,0.175
viruspseaac,Logistic,GSI_v6_2_Fixed,2,0.43040919999975813,0.02246130000003177,0.34973262032085567,0.3163742690058479,0.8166666666666667,0.38636363636363635,0.3829787234042553,0.225,0.14795918367346939,0.2
viruspseaac,Logistic,GSI_v6_2_Decay,2,0.39278420000027836,0.026037900000119407,0.34973262032085567,0.3163742690058479,0.8166666666666667,0.38636363636363635,0.3829787234042553,0.225,0.14795918367346939,0.2
viruspseaac,Logistic,BR,3,0.02725369999961913,0.0070021000001361244,0.4120471014492754,0.4120471014492754,1.0,0.41025641025641024,0.41025641025641024,0.19658119658119658,0.19658119658119658,0.3076923076923077
viruspseaac,Logistic,CC,3,0.023379499999919062,0.008824399999866728,0.4340595497458242,0.4340595497458242,1.0,0.4523809523809524,0.4523809523809524,0.19658119658119658,0.19658119658119658,0.3333333333333333
viruspseaac,Logistic,MLC_PA,3,0.023821099999622675,0.021593299999949522,0.4120471014492754,0.3333333333333333,0.8290598290598291,0.41025641025641024,0.3829787234042553,0.19658119658119658,0.14948453608247422,0.3076923076923077
viruspseaac,Logistic,GSI_v6_2_Fixed,3,0.41127810000034515,0.02382690000013099,0.40902777777777777,0.3269230769230769,0.8247863247863247,0.4050632911392405,0.36363636363636365,0.20085470085470086,0.14507772020725387,0.2564102564102564
viruspseaac,Logistic,GSI_v6_2_Decay,3,0.40270730000020194,0.022199900000032358,0.40902777777777777,0.3269230769230769,0.8247863247863247,0.4050632911392405,0.36363636363636365,0.20085470085470086,0.14507772020725387,0.2564102564102564
viruspseaac,Logistic,BR,4,0.023824599999898055,0.008231599999817263,0.3575757575757576,0.3575757575757576,1.0,0.4235294117647059,0.4235294117647059,0.18992248062015504,0.18992248062015504,0.23255813953488372
viruspseaac,Logistic,CC,4,0.021707899999910296,0.009265800000321178,0.3499862145023435,0.3499862145023435,1.0,0.41304347826086957,0.41304347826086957,0.20930232558139536,0.20930232558139536,0.27906976744186046
viruspseaac,Logistic,MLC_PA,4,0.02186470000015106,0.02114529999971637,0.3575757575757576,0.31,0.8798449612403101,0.4235294117647059,0.39344262295081966,0.18992248062015504,0.16299559471365638,0.23255813953488372
viruspseaac,Logistic,GSI_v6_2_Fixed,4,0.38662310000017897,0.022898499999882915,0.35720081135902637,0.3011204481792717,0.8682170542635659,0.4235294117647059,0.37037037037037035,0.18992248062015504,0.15178571428571427,0.18604651162790697
viruspseaac,Logistic,GSI_v6_2_Decay,4,0.4047699000002467,0.02407099999982165,0.35720081135902637,0.3011204481792717,0.8682170542635659,0.4235294117647059,0.37037037037037035,0.18992248062015504,0.15178571428571427,0.18604651162790697
viruspseaac,Logistic,BR,5,0.029022299999724055,0.009591600000021572,0.3705069124423963,0.3705069124423963,1.0,0.45454545454545453,0.45454545454545453,0.17777777777777778,0.17777777777777778,0.3333333333333333
viruspseaac,Logistic,CC,5,0.023145799999838346,0.010810599999786064,0.3857142857142857,0.3857142857142857,1.0,0.4948453608247423,0.4948453608247423,0.1814814814814815,0.1814814814814815,0.37777777777777777
viruspseaac,Logistic,MLC_PA,5,0.022234300000036455,0.02649969999993118,0.3705069124423963,0.40957190957190953,0.837037037037037,0.45454545454545453,0.5172413793103449,0.17777777777777778,0.12389380530973451,0.3333333333333333
viruspseaac,Logistic,GSI_v6_2_Fixed,5,0.4109454999997979,0.02278569999998581,0.3705069124423963,0.40957190957190953,0.837037037037037,0.45454545454545453,0.5172413793103449,0.17777777777777778,0.12389380530973451,0.3333333333333333
viruspseaac,Logistic,GSI_v6_2_Decay,5,0.38296130000026096,0.02698529999997845,0.3705069124423963,0.40957190957190953,0.837037037037037,0.45454545454545453,0.5172413793103449,0.17777777777777778,0.12389380530973451,0.3333333333333333
yeast,Logistic,BR,1,0.28585500000008324,0.02128160000029311,0.3599663172280439,0.3599663172280439,1.0,0.6286636192524873,0.6286636192524873,0.20338733431516937,0.20338733431516937,0.13814432989690723
yeast,Logistic,CC,1,0.3214907999999923,0.029369299999871146,0.4001976550631749,0.4001976550631749,1.0,0.6095490716180372,0.6095490716180372,0.21678939617083948,0.21678939617083948,0.19381443298969073
yeast,Logistic,MLC_PA,1,0.3463825000003453,0.04904390000001513,0.3599663172280439,0.3627737231847003,0.7435935198821797,0.6286636192524873,0.6741363211951448,0.20338733431516937,0.13824519706872648,0.13814432989690723
yeast,Logistic,GSI_v6_2_Fixed,1,4.131969100000333,0.06099640000002182,0.35166638011361284,0.36291824345133444,0.7440353460972018,0.6266882766072394,0.6716839134524929,0.20353460972017673,0.1381631037212985,0.13402061855670103
yeast,Logistic,GSI_v6_2_Decay,1,5.536283500000081,0.054950600000211125,0.3518137466903445,0.36516617806375057,0.7440353460972018,0.6268253109789075,0.6738317757009346,0.203240058910162,0.1381631037212985,0.1360824742268041
yeast,Logistic,BR,2,0.3093282999998337,0.01659090000021024,0.37780654590999685,0.37780654590999685,1.0,0.6370605339677504,0.6370605339677504,0.20220913107511046,0.20220913107511046,0.15876288659793814
yeast,Logistic,CC,2,0.3453030000000581,0.02111879999984012,0.402104014661902,0.402104014661902,1.0,0.6139486647653617,0.6139486647653617,0.21929307805596465,0.21929307805596465,0.22268041237113403
yeast,Logistic,MLC_PA,2,0.3352027000000817,0.06297730000005686,0.37780654590999685,0.36336572849941845,0.7525773195876289,0.6370605339677504,0.6723290120697363,0.20220913107511046,0.14344422700587084,0.15876288659793814
yeast,Logistic,GSI_v6_2_Fixed,2,4.308680800000275,0.05393419999973048,0.36053133884154315,0.35834785603631564,0.74860088365243,0.6327833954230974,0.6687782805429864,0.203240058910162,0.14400944324217982,0.14845360824742268
yeast,Logistic,GSI_v6_2_Decay,2,5.020321500000136,0.06095099999993181,0.3577132976111395,0.3593068066151166,0.7519882179675994,0.6313265849760256,0.6714477812640072,0.20382916053019146,0.1435566000783392,0.15257731958762888
yeast,Logistic,BR,3,0.28103409999994255,0.01662510000005568,0.3790154046838568,0.3790154046838568,1.0,0.6433901918976546,0.6433901918976546,0.19994022713687987,0.19994022713687987,0.15481171548117154
yeast,Logistic,CC,3,0.30183209999995597,0.020783399999800167,0.4080957297530268,0.4080957297530268,1.0,0.6311389759665622,0.6311389759665622,0.2109982068141064,0.2109982068141064,0.21338912133891214
yeast,Logistic,MLC_PA,3,0.28768989999980477,0.053357299999788665,0.3790154046838568,0.354317667773823,0.7689778840406456,0.6433901918976546,0.6805555555555556,0.19994022713687987,0.14302370773416245,0.15481171548117154
yeast,Logistic,GSI_v6_2_Fixed,3,4.943952000000081,0.053217099999983475,0.36275826008642903,0.3469146548167406,0.766288105200239,0.6380236305048335,0.6778021978021977,0.20143454871488345,0.14294071762870514,0.15481171548117154
yeast,Logistic,GSI_v6_2_Decay,3,4.964330900000277,0.05608299999994415,0.36702025500645297,0.3507218270203248,0.7691273161984459,0.6412664341293265,0.6809440559440559,0.1997907949790795,0.14183019234505537,0.1589958158995816
yeast,Logistic,BR,4,0.4041984999998931,0.03400480000027528,0.3728635353541395,0.3728635353541395,1.0,0.6327077747989276,0.6327077747989276,0.2030231179608773,0.2030231179608773,0.14730290456431536
yeast,Logistic,CC,4,0.3562876999999389,0.01963979999982257,0.39025167635524977,0.39025167635524977,1.0,0.6202629543696829,0.6202629543696829,0.21828689982216953,0.21828689982216953,0.1887966804979253
yeast,Logistic,MLC_PA,4,0.2813938999997845,0.04722649999985151,0.3728635353541395,0.35113358037153825,0.7697095435684648,0.6327077747989276,0.6530789245446661,0.2030231179608773,0.15402387370042356,0.14730290456431536
yeast,Logistic,GSI_v6_2_Fixed,4,4.494812599999932,0.054658200000176294,0.3648861855191102,0.34170920362468316,0.7658565500889153,0.6294197031039136,0.6544181977252843,0.20346769413159455,0.15286377708978327,0.14107883817427386
yeast,Logistic,GSI_v6_2_Decay,4,4.924182600000222,0.05723840000018754,0.3705846746208156,0.34403523854803286,0.7679312388855958,0.6344345957561106,0.6559513466550826,0.20168938944872555,0.1528367425704361,0.14730290456431536
yeast,Logistic,BR,5,0.3335173999998915,0.015547399999832123,0.38410483081531266,0.38410483081531266,1.0,0.6334938469769931,0.6334938469769931,0.2009386916984453,0.2009386916984453,0.13347022587268995
yeast,Logistic,CC,5,0.2959240999998656,0.021140000000286818,0.40800626421397734,0.40800626421397734,1.0,0.6240581969342687,0.6240581969342687,0.21223232619536522,0.21223232619536522,0.19096509240246407
yeast,Logistic,MLC_PA,5,0.2719433000002027,0.051026399999955174,0.38410483081531266,0.360877982516298,0.7465532414197712,0.6334938469769931,0.6821636119803308,0.2009386916984453,0.13968565815324166,0.13347022587268995
yeast,Logistic,GSI_v6_2_Fixed,5,4.080366099999992,0.07881540000016685,0.3675684402336353,0.36051587021255865,0.7433264887063655,0.6344231288840854,0.6825112107623318,0.19844529187444998,0.13970007892659828,0.13141683778234087
yeast,Logistic,GSI_v6_2_Decay,5,5.836992099999861,0.05417100000022401,0.36757046453276887,0.3617819407551815,0.7450865356409504,0.6332524925895985,0.68125,0.1996186564975066,0.1405511811023622,0.1293634496919918
genbase,SVM,BR,1,0.7784871999997449,0.050950599999850965,0.7777777777777778,0.7777777777777778,1.0,0.9969788519637462,0.9969788519637462,0.000278473962684489,0.000278473962684489,0.9924812030075187
genbase,SVM,CC,1,0.6682673999998769,0.1279013000003033,0.7777777777777778,0.7777777777777778,1.0,0.9969788519637462,0.9969788519637462,0.000278473962684489,0.000278473962684489,0.9924812030075187
genbase,SVM,MLC_PA,1,0.7124332999997023,0.11446369999976014,0.7777777777777778,0.7407407407407407,0.999443052074631,0.9969788519637462,0.9969418960244648,0.000278473962684489,0.00027862914460852607,0.9924812030075187
genbase,SVM,GSI_v6_2_Fixed,1,5.951768400000219,0.17959679999967193,0.7777777777777778,0.7407407407407407,0.999443052074631,0.9969788519637462,0.9969418960244648,0.000278473962684489,0.00027862914460852607,0.9924812030075187
genbase,SVM,GSI_v6_2_Decay,1,4.965070300000207,0.10806860000002416,0.7777777777777778,0.7407407407407407,0.999443052074631,0.9969788519637462,0.9969418960244648,0.000278473962684489,0.00027862914460852607,0.9924812030075187
genbase,SVM,BR,2,0.5920459999997547,0.0474821000002521,0.7654320987654321,0.7654320987654321,1.0,0.990990990990991,0.990990990990991,0.0008417508417508417,0.0008417508417508417,0.9848484848484849
genbase,SVM,CC,2,0.6763378999999077,0.09075829999983398,0.7654320987654321,0.7654320987654321,1.0,0.990990990990991,0.990990990990991,0.0008417508417508417,0.0008417508417508417,0.9848484848484849
genbase,SVM,MLC_PA,2,0.5960657000000538,0.1025235000001885,0.7654320987654321,0.7654320987654321,1.0,0.990990990990991,0.990990990990991,0.0008417508417508417,0.0008417508417508417,0.9848484848484849
genbase,SVM,GSI_v6_2_Fixed,2,5.104865100000097,0.17633509999996022,0.7654320987654321,0.7654320987654321,1.0,0.990990990990991,0.990990990990991,0.0008417508417508417,0.0008417508417508417,0.9848484848484849
genbase,SVM,GSI_v6_2_Decay,2,5.4007682999999815,0.12603570000010222,0.7654320987654321,0.7654320987654321,1.0,0.990990990990991,0.990990990990991,0.0008417508417508417,0.0008417508417508417,0.9848484848484849
genbase,SVM,BR,3,0.5740818999997828,0.048803200000293145,0.7669845988686569,0.7669845988686569,1.0,0.9814814814814815,0.9814814814814815,0.0016835016835016834,0.0016835016835016834,0.9545454545454546
genbase,SVM,CC,3,0.6669793999999456,0.12281669999993028,0.7669845988686569,0.7669845988686569,1.0,0.9814814814814815,0.9814814814814815,0.0016835016835016834,0.0016835016835016834,0.9545454545454546
genbase,SVM,MLC_PA,3,0.8254877999997916,0.1021150999999918,0.7669845988686569,0.7669845988686569,0.9997194163860831,0.9814814814814815,0.9845201238390093,0.0016835016835016834,0.0014033118158854898,0.9545454545454546
genbase,SVM,GSI_v6_2_Fixed,3,4.802092200000061,0.14561240000011821,0.7669845988686569,0.7669845988686569,0.9997194163860831,0.9814814814814815,0.9845201238390093,0.0016835016835016834,0.0014033118158854898,0.9545454545454546
genbase,SVM,GSI_v6_2_Decay,3,5.118206499999815,0.10651609999968059,0.7669845988686569,0.7669845988686569,0.9997194163860831,0.9814814814814815,0.9845201238390093,0.0016835016835016834,0.0014033118158854898,0.9545454545454546
genbase,SVM,BR,4,0.5715428000003158,0.08465680000017528,0.7654320987654322,0.7654320987654322,1.0,0.9939759036144579,0.9939759036144579,0.0005611672278338945,0.0005611672278338945,0.9848484848484849
genbase,SVM,CC,4,0.7064206000000013,0.08670470000015484,0.7654320987654322,0.7654320987654322,1.0,0.9939759036144579,0.9939759036144579,0.0005611672278338945,0.0005611672278338945,0.9848484848484849
genbase,SVM,MLC_PA,4,0.7428727000001345,0.2006108000000495,0.7654320987654322,0.7283950617283951,0.9997194163860831,0.9939759036144579,0.9939393939393939,0.0005611672278338945,0.000561324726354196,0.9848484848484849
genbase,SVM,GSI_v6_2_Fixed,4,4.275235600000087,0.10555410000006304,0.7654320987654322,0.7283950617283951,0.9997194163860831,0.9939759036144579,0.9939393939393939,0.0005611672278338945,0.000561324726354196,0.9848484848484849
genbase,SVM,GSI_v6_2_Decay,4,4.0555153999998765,0.10628539999970599,0.7654320987654322,0.7283950617283951,0.9997194163860831,0.9939759036144579,0.9939393939393939,0.0005611672278338945,0.000561324726354196,0.9848484848484849
genbase,SVM,BR,5,0.5872927000000345,0.05181330000004891,0.7326007326007327,0.7326007326007327,1.0,0.9878787878787879,0.9878787878787879,0.001113895850737956,0.001113895850737956,0.9699248120300752
genbase,SVM,CC,5,0.6017185000000609,0.07959809999965728,0.7326007326007327,0.7326007326007327,1.0,0.9878787878787879,0.9878787878787879,0.001113895850737956,0.001113895850737956,0.9699248120300752
genbase,SVM,MLC_PA,5,0.5882794999997714,0.11689630000000761,0.7326007326007327,0.7326007326007327,0.999443052074631,0.9878787878787879,0.9877300613496932,0.001113895850737956,0.0011145165784341043,0.9699248120300752
genbase,SVM,GSI_v6_2_Fixed,5,4.170498500000122,0.1335214000000633,0.7326007326007327,0.7326007326007327,0.999443052074631,0.9878787878787879,0.9877300613496932,0.001113895850737956,0.0011145165784341043,0.9699248120300752
genbase,SVM,GSI_v6_2_Decay,5,4.1186892999999145,0.10352710000006482,0.7326007326007327,0.7326007326007327,0.999443052074631,0.9878787878787879,0.9877300613496932,0.001113895850737956,0.0011145165784341043,0.9699248120300752
humanpseaac,SVM,BR,1,3.8109730999999556,0.04576779999979408,0.018586983792463246,0.018586983792463246,1.0,0.056921086675291076,0.056921086675291076,0.08550316678395496,0.08550316678395496,0.03284072249589491
humanpseaac,SVM,CC,1,3.33859799999982,0.06897829999979876,0.08246032750739112,0.08246032750739112,1.0,0.3070539419087137,0.3070539419087137,0.09793572601454374,0.09793572601454374,0.22660098522167488
humanpseaac,SVM,MLC_PA,1,3.4774391999999352,0.07240020000017466,0.018586983792463246,0.002695417789757412,0.9365470326061459,0.056921086675291076,0.0038022813688212928,0.08550316678395496,0.06562304320601127,0.03284072249589491
humanpseaac,SVM,GSI_v6_2_Fixed,1,34.83590120000008,0.07605590000002849,0.018586983792463246,0.002695417789757412,0.9365470326061459,0.056921086675291076,0.0038022813688212928,0.08550316678395496,0.06562304320601127,0.03284072249589491
humanpseaac,SVM,GSI_v6_2_Decay,1,35.402471100000184,0.07785749999993641,0.018586983792463246,0.002695417789757412,0.9365470326061459,0.056921086675291076,0.0038022813688212928,0.08550316678395496,0.06562304320601127,0.03284072249589491
humanpseaac,SVM,BR,2,3.826091599999927,0.06067540000003646,0.014614876809583883,0.014614876809583883,1.0,0.04669260700389105,0.04669260700389105,0.08333333333333333,0.08333333333333333,0.023809523809523808
humanpseaac,SVM,CC,2,3.5613432000000103,0.06605530000024373,0.07216556402771433,0.07216556402771433,1.0,0.28547990155865466,0.28547990155865466,0.09875283446712019,0.09875283446712019,0.20952380952380953
humanpseaac,SVM,MLC_PA,2,3.864608099999714,0.09472589999995762,0.014614876809583883,0.0021008403361344537,0.935374149659864,0.04669260700389105,0.003898635477582846,0.08333333333333333,0.06193939393939394,0.023809523809523808
humanpseaac,SVM,GSI_v6_2_Fixed,2,35.84386500000028,0.08420359999990978,0.014614876809583883,0.0021008403361344537,0.935374149659864,0.04669260700389105,0.003898635477582846,0.08333333333333333,0.06193939393939394,0.023809523809523808
humanpseaac,SVM,GSI_v6_2_Decay,2,33.9171523,0.08075149999967834,0.014614876809583883,0.0021008403361344537,0.935374149659864,0.04669260700389105,0.003898635477582846,0.08333333333333333,0.06193939393939394,0.023809523809523808
humanpseaac,SVM,BR,3,3.498797999999624,0.04159059999983583,0.015013482998196265,0.015013482998196265,1.0,0.04736842105263158,0.04736842105263158,0.08247892458418775,0.08247892458418775,0.02711323763955343
humanpseaac,SVM,CC,3,3.286663999999746,0.09486000000015338,0.07359234184171771,0.07359234184171771,1.0,0.2847341337907376,0.2847341337907376,0.09501025290498975,0.09501025290498975,0.19617224880382775
humanpseaac,SVM,MLC_PA,3,3.5147845000001325,0.08154469999999492,0.015013482998196265,0.0021645021645021645,0.9403053087263613,0.04736842105263158,0.003875968992248062,0.08247892458418775,0.0622728374121638,0.02711323763955343
humanpseaac,SVM,GSI_v6_2_Fixed,3,36.223592800000006,0.1036576999999852,0.01442314121257944,0.0,0.9404192298929142,0.04479578392621871,0.0,0.08259284575074048,0.06250757116898849,0.025518341307814992
humanpseaac,SVM,GSI_v6_2_Decay,3,37.79746389999991,0.092616999999791,0.01442314121257944,0.0,0.9404192298929142,0.04479578392621871,0.0,0.08259284575074048,0.06250757116898849,0.025518341307814992
humanpseaac,SVM,BR,4,3.977978399999756,0.04771690000006856,0.014325396825396824,0.014325396825396824,1.0,0.03926701570680628,0.03926701570680628,0.0851113172541744,0.0851113172541744,0.022727272727272728
humanpseaac,SVM,CC,4,3.5922277999998187,0.07141419999970822,0.08954736208117334,0.08954736208117334,1.0,0.30098684210526316,0.30098684210526316,0.0985621521335807,0.0985621521335807,0.22727272727272727
humanpseaac,SVM,MLC_PA,4,3.8913143999998283,0.07926110000016706,0.014325396825396824,0.0,0.9430658627087198,0.03926701570680628,0.0,0.0851113172541744,0.06418295831796385,0.022727272727272728
humanpseaac,SVM,GSI_v6_2_Fixed,4,46.06081429999995,0.12258619999965958,0.016590720151659945,0.0,0.9430658627087198,0.04432855280312908,0.0,0.08499536178107607,0.06418295831796385,0.024350649350649352
humanpseaac,SVM,GSI_v6_2_Decay,4,47.605657000000065,0.14210079999975278,0.016590720151659945,0.0,0.9430658627087198,0.04432855280312908,0.0,0.08499536178107607,0.06418295831796385,0.024350649350649352
humanpseaac,SVM,BR,5,5.611000600000807,0.04946669999935693,0.006625337611253105,0.006625337611253105,1.0,0.0214190093708166,0.0214190093708166,0.08367673992673992,0.08367673992673992,0.009615384615384616
humanpseaac,SVM,CC,5,4.954596200000196,0.11210699999992357,0.07731471665821334,0.07731471665821334,1.0,0.31655844155844154,0.31655844155844154,0.09638278388278389,0.09638278388278389,0.2387820512820513
humanpseaac,SVM,MLC_PA,5,5.560429299999669,0.08797619999950257,0.006625337611253105,0.0,0.929945054945055,0.0214190093708166,0.0,0.08367673992673992,0.060315115706548496,0.009615384615384616
humanpseaac,SVM,GSI_v6_2_Fixed,5,51.901444099999935,0.09410279999974591,0.006625337611253105,0.0,0.929945054945055,0.0214190093708166,0.0,0.08367673992673992,0.060315115706548496,0.009615384615384616
humanpseaac,SVM,GSI_v6_2_Decay,5,48.45164720000048,0.12568410000039876,0.006625337611253105,0.0,0.929945054945055,0.0214190093708166,0.0,0.08367673992673992,0.060315115706548496,0.009615384615384616
plantpseaac,SVM,BR,1,1.3709972999995443,0.04909239999960846,0.019540229885057474,0.019540229885057474,1.0,0.018433179723502304,0.018433179723502304,0.09056122448979592,0.09056122448979592,0.01020408163265306
plantpseaac,SVM,CC,1,1.336031400000138,0.06725460000052408,0.11843072735395765,0.11843072735395765,1.0,0.20846905537459284,0.20846905537459284,0.10331632653061225,0.10331632653061225,0.1326530612244898
plantpseaac,SVM,MLC_PA,1,1.465055100000427,0.07536259999960748,0.019540229885057474,0.0,0.9451530612244898,0.018433179723502304,0.0,0.09056122448979592,0.0724246513720198,0.01020408163265306
plantpseaac,SVM,GSI_v6_2_Fixed,1,14.595058099999733,0.11100739999983489,0.025000000000000005,0.0,0.9438775510204082,0.0365296803652968,0.0,0.0897108843537415,0.07297297297297298,0.02040816326530612
plantpseaac,SVM,GSI_v6_2_Decay,1,14.362233200000446,0.07924670000011247,0.025000000000000005,0.0,0.9438775510204082,0.0365296803652968,0.0,0.0897108843537415,0.07297297297297298,0.02040816326530612
plantpseaac,SVM,BR,2,1.284410499999467,0.04812480000055075,0.10054184619402011,0.10054184619402011,1.0,0.13278008298755187,0.13278008298755187,0.08796296296296297,0.08796296296296297,0.0707070707070707
plantpseaac,SVM,CC,2,1.3349992000003112,0.06324310000036348,0.1356170280695694,0.1356170280695694,1.0,0.21359223300970873,0.21359223300970873,0.10227272727272728,0.10227272727272728,0.15151515151515152
plantpseaac,SVM,MLC_PA,2,1.2760259000006045,0.08181810000041878,0.10054184619402011,0.020833333333333332,0.944023569023569,0.13278008298755187,0.011976047904191617,0.08796296296296297,0.07356219349086046,0.0707070707070707
plantpseaac,SVM,GSI_v6_2_Fixed,2,14.086248599999635,0.09476970000014262,0.10079049637873168,0.020833333333333332,0.9427609427609428,0.13333333333333333,0.012195121951219513,0.08754208754208755,0.07232142857142858,0.0707070707070707
plantpseaac,SVM,GSI_v6_2_Decay,2,14.414237900000444,0.08285669999986567,0.10079049637873168,0.020833333333333332,0.9427609427609428,0.13333333333333333,0.012195121951219513,0.08754208754208755,0.07232142857142858,0.0707070707070707
plantpseaac,SVM,BR,3,1.392843200000243,0.04501909999999043,0.03995601173020528,0.03995601173020528,1.0,0.10344827586206896,0.10344827586206896,0.08934707903780069,0.08934707903780069,0.061855670103092786
plantpseaac,SVM,CC,3,1.375143900000694,0.06998350000048958,0.11593012787865731,0.11593012787865731,1.0,0.1981981981981982,0.1981981981981982,0.11469072164948453,0.11469072164948453,0.13917525773195877
plantpseaac,SVM,MLC_PA,3,1.3298527999995713,0.08472729999994044,0.03995601173020528,0.006172839506172839,0.9450171821305842,0.10344827586206896,0.012048192771084338,0.08934707903780069,0.07454545454545454,0.061855670103092786
plantpseaac,SVM,GSI_v6_2_Fixed,3,14.590890100000252,0.10137289999966015,0.04446386946386947,0.006172839506172839,0.9437285223367697,0.11914893617021277,0.012048192771084338,0.08891752577319588,0.07464724624487938,0.07216494845360824
plantpseaac,SVM,GSI_v6_2_Decay,3,14.795420600000398,0.09815700000035577,0.04446386946386947,0.006172839506172839,0.9437285223367697,0.11914893617021277,0.012048192771084338,0.08891752577319588,0.07464724624487938,0.07216494845360824
plantpseaac,SVM,BR,4,1.4051590999997643,0.03445749999991676,0.024041984568300357,0.024041984568300357,1.0,0.02631578947368421,0.02631578947368421,0.09585492227979274,0.09585492227979274,0.015544041450777202
plantpseaac,SVM,CC,4,1.2908193000002939,0.03411159999996016,0.11274701990898024,0.11274701990898024,1.0,0.22641509433962265,0.22641509433962265,0.10621761658031088,0.10621761658031088,0.15544041450777202
plantpseaac,SVM,MLC_PA,4,1.4051388000007137,0.09808399999928952,0.024041984568300357,0.0,0.9512089810017271,0.02631578947368421,0.0,0.09585492227979274,0.07807535179300953,0.015544041450777202
plantpseaac,SVM,GSI_v6_2_Fixed,4,15.11660799999936,0.08567669999956706,0.026730156611311107,0.0,0.9499136442141624,0.034782608695652174,0.0,0.09585492227979274,0.07863636363636364,0.02072538860103627
plantpseaac,SVM,GSI_v6_2_Decay,4,15.02493719999984,0.07981529999960912,0.026730156611311107,0.0,0.9499136442141624,0.034782608695652174,0.0,0.09585492227979274,0.07863636363636364,0.02072538860103627
plantpseaac,SVM,BR,5,1.4168265000007523,0.041420100000323146,0.09418820558526442,0.09418820558526442,1.0,0.08733624454148471,0.08733624454148471,0.08840947546531303,0.08840947546531303,0.03553299492385787
plantpseaac,SVM,CC,5,1.3535749000002397,0.059029500000178814,0.1477743530717501,0.1477743530717501,1.0,0.19101123595505617,0.19101123595505617,0.1218274111675127,0.1218274111675127,0.1218274111675127
plantpseaac,SVM,MLC_PA,5,1.4151210999998511,0.09521679999943444,0.09418820558526442,0.047619047619047616,0.9378172588832487,0.08733624454148471,0.023952095808383235,0.08840947546531303,0.07352277852954443,0.03553299492385787
plantpseaac,SVM,GSI_v6_2_Fixed,5,14.311750999999276,0.07923140000002604,0.10679504319210202,0.047619047619047616,0.9348561759729273,0.12875536480686695,0.024539877300613498,0.08587140439932318,0.07194570135746606,0.06091370558375635
plantpseaac,SVM,GSI_v6_2_Decay,5,13.270881499999632,0.11471939999955794,0.10679504319210202,0.047619047619047616,0.9348561759729273,0.12875536480686695,0.024539877300613498,0.08587140439932318,0.07194570135746606,0.06091370558375635
viruspseaac,SVM,BR,1,0.2929067999994004,0.023021300000436895,0.2889655172413793,0.2889655172413793,1.0,0.3013698630136986,0.3013698630136986,0.2125,0.2125,0.175
viruspseaac,SVM,CC,1,0.3042089999999007,0.027018799999495968,0.3569078947368421,0.3569078947368421,1.0,0.47191011235955055,0.47191011235955055,0.19583333333333333,0.19583333333333333,0.3
viruspseaac,SVM,MLC_PA,1,0.273938299999827,0.04229529999975057,0.2889655172413793,0.3333333333333333,0.7083333333333334,0.3013698630136986,0.2727272727272727,0.2125,0.09411764705882353,0.175
viruspseaac,SVM,GSI_v6_2_Fixed,1,3.3263950999998997,0.047397999999702733,0.2889655172413793,0.3333333333333333,0.7125,0.3055555555555556,0.2608695652173913,0.20833333333333334,0.09941520467836257,0.175
viruspseaac,SVM,GSI_v6_2_Decay,1,3.37542620000022,0.062381799999457144,0.2889655172413793,0.3333333333333333,0.7125,0.3055555555555556,0.2608695652173913,0.20833333333333334,0.09941520467836257,0.175
viruspseaac,SVM,BR,2,0.2148482000002332,0.010317600000234961,0.29650915283099194,0.29650915283099194,1.0,0.3116883116883117,0.3116883116883117,0.22083333333333333,0.22083333333333333,0.175
viruspseaac,SVM,CC,2,0.23850769999990007,0.028226200000062818,0.30134680134680136,0.30134680134680136,1.0,0.3333333333333333,0.3333333333333333,0.25,0.25,0.2
viruspseaac,SVM,MLC_PA,2,0.27991130000009434,0.05663559999993595,0.29650915283099194,0.2824074074074074,0.75,0.3116883116883117,0.23529411764705882,0.22083333333333333,0.14444444444444443,0.175
viruspseaac,SVM,GSI_v6_2_Fixed,2,3.3881951000003028,0.05350179999913962,0.2850148999574287,0.26666666666666666,0.7541666666666667,0.2857142857142857,0.25,0.22916666666666666,0.13259668508287292,0.175
viruspseaac,SVM,GSI_v6_2_Decay,2,3.3228893000004973,0.061570900000333495,0.2850148999574287,0.26666666666666666,0.7541666666666667,0.2857142857142857,0.25,0.22916666666666666,0.13259668508287292,0.175
viruspseaac,SVM,BR,3,0.2504155000005994,0.02129149999927904,0.2733333333333333,0.2733333333333333,1.0,0.18461538461538463,0.18461538461538463,0.2264957264957265,0.2264957264957265,0.10256410256410256
viruspseaac,SVM,CC,3,0.25437809999948513,0.020590099999935774,0.3625,0.3625,1.0,0.35,0.35,0.2222222222222222,0.2222222222222222,0.23076923076923078
viruspseaac,SVM,MLC_PA,3,0.1744490000000951,0.03799359999993612,0.2733333333333333,0.16666666666666666,0.6794871794871795,0.18461538461538463,0.17391304347826086,0.2264957264957265,0.11949685534591195,0.10256410256410256
viruspseaac,SVM,GSI_v6_2_Fixed,3,3.4509563000001435,0.05789150000055088,0.2733333333333333,0.16666666666666666,0.6837606837606838,0.18461538461538463,0.16666666666666666,0.2264957264957265,0.125,0.10256410256410256
viruspseaac,SVM,GSI_v6_2_Decay,3,3.505482600000505,0.047173700000712415,0.2733333333333333,0.16666666666666666,0.6837606837606838,0.18461538461538463,0.16666666666666666,0.2264957264957265,0.125,0.10256410256410256
viruspseaac,SVM,BR,4,0.2305728999999701,0.028690399999504734,0.27729885057471265,0.27729885057471265,1.0,0.30985915492957744,0.30985915492957744,0.18992248062015504,0.18992248062015504,0.16279069767441862
viruspseaac,SVM,CC,4,0.25582659999963653,0.031029700000544835,0.2812865497076023,0.2812865497076023,1.0,0.32558139534883723,0.32558139534883723,0.2248062015503876,0.2248062015503876,0.23255813953488372
viruspseaac,SVM,MLC_PA,4,0.21401810000043042,0.04561629999989236,0.27729885057471265,0.2272727272727273,0.7170542635658915,0.30985915492957744,0.26666666666666666,0.18992248062015504,0.11891891891891893,0.16279069767441862
viruspseaac,SVM,GSI_v6_2_Fixed,4,3.45950940000057,0.04023380000035104,0.2791104447776112,0.2272727272727273,0.7286821705426356,0.3142857142857143,0.25806451612903225,0.18604651162790697,0.12234042553191489,0.16279069767441862
viruspseaac,SVM,GSI_v6_2_Decay,4,3.456439799999316,0.06853219999993598,0.2791104447776112,0.2272727272727273,0.7286821705426356,0.3142857142857143,0.25806451612903225,0.18604651162790697,0.12234042553191489,0.16279069767441862
viruspseaac,SVM,BR,5,0.2032193000004554,0.025477799999862327,0.2925438596491228,0.2925438596491228,1.0,0.28125,0.28125,0.17037037037037037,0.17037037037037037,0.2
viruspseaac,SVM,CC,5,0.2329292999993413,0.020396599999912723,0.38714851214851215,0.38714851214851215,1.0,0.4888888888888889,0.4888888888888889,0.17037037037037037,0.17037037037037037,0.35555555555555557
viruspseaac,SVM,MLC_PA,5,0.22301830000014888,0.043693700000403624,0.2925438596491228,0.16666666666666666,0.6555555555555556,0.28125,0.23529411764705882,0.17037037037037037,0.07344632768361582,0.2
viruspseaac,SVM,GSI_v6_2_Fixed,5,3.4145729000001666,0.05268510000041715,0.2792105263157895,0.16666666666666666,0.6592592592592592,0.25,0.23529411764705882,0.17777777777777778,0.07303370786516854,0.17777777777777778
viruspseaac,SVM,GSI_v6_2_Decay,5,3.5171159999999873,0.03389160000006086,0.2792105263157895,0.16666666666666666,0.6592592592592592,0.25,0.23529411764705882,0.17777777777777778,0.07303370786516854,0.17777777777777778
yeast,SVM,BR,1,1.6876194000005853,0.0368506000004345,0.3245912961869378,0.3245912961869378,1.0,0.6258953168044077,0.6258953168044077,0.2,0.2,0.1463917525773196
yeast,SVM,CC,1,1.5880988999997498,0.08051669999986188,0.3783483381507624,0.3783483381507624,1.0,0.625832223701731,0.625832223701731,0.20692194403534608,0.20692194403534608,0.18969072164948453
yeast,SVM,MLC_PA,1,1.5444731999996293,0.07561900000018795,0.3245912961869378,0.29964085518531974,0.7749631811487482,0.6258953168044077,0.6561125769569042,0.2,0.14861269479285444,0.1463917525773196
yeast,SVM,GSI_v6_2_Fixed,1,22.24451289999979,0.1274262999995699,0.3207360200314861,0.30542561307880656,0.7776141384388807,0.6206327372764787,0.6522116218560278,0.20309278350515464,0.1518939393939394,0.12577319587628866
yeast,SVM,GSI_v6_2_Decay,1,32.86280480000005,0.11364539999976842,0.3213612765477954,0.30859387113671516,0.7739322533136966,0.6216960352422908,0.6565217391304348,0.20235640648011782,0.15033301617507136,0.1360824742268041
yeast,SVM,BR,2,1.7396952999997666,0.053844000000026426,0.3262694215574274,0.3262694215574274,1.0,0.6271094175285792,0.6271094175285792,0.20176730486008837,0.20176730486008837,0.1463917525773196
yeast,SVM,CC,2,1.7025042999994184,0.08702700000048935,0.3807577340546436,0.3807577340546436,1.0,0.6233359436178544,0.6233359436178544,0.21251840942562591,0.21251840942562591,0.2
yeast,SVM,MLC_PA,2,1.8650082999993174,0.06570879999981116,0.3262694215574274,0.2960559763653495,0.7653902798232695,0.6271094175285792,0.6506691278264882,0.20176730486008837,0.14566095824514141,0.1463917525773196
yeast,SVM,GSI_v6_2_Fixed,2,26.37612799999988,0.14060719999997673,0.330155998638283,0.3117549692519456,0.7658321060382917,0.6306355241716458,0.6531165311653117,0.20029455081001474,0.1476923076923077,0.12371134020618557
yeast,SVM,GSI_v6_2_Decay,2,33.871240899999975,0.11507940000046801,0.3287808076885491,0.31122349710678704,0.7640648011782032,0.6281216069489685,0.6529867761057911,0.20176730486008837,0.1466846569005397,0.13814432989690723
yeast,SVM,BR,3,1.7879899999998088,0.0543602000007013,0.32755703666674346,0.32755703666674346,1.0,0.6337289539056031,0.6337289539056031,0.19829647340107592,0.19829647340107592,0.1401673640167364
yeast,SVM,CC,3,1.8992779000000155,0.06892119999974966,0.38714290678027796,0.38714290678027796,1.0,0.6433087460484721,0.6433087460484721,0.2023311416616856,0.2023311416616856,0.21548117154811716
yeast,SVM,MLC_PA,3,1.6484574999994948,0.11909389999982523,0.32755703666674346,0.2881282761152783,0.7763000597728631,0.6337289539056031,0.6657836644591612,0.19829647340107592,0.14571703561116459,0.1401673640167364
yeast,SVM,GSI_v6_2_Fixed,3,27.592929499999627,0.1474181999992652,0.32424003312738947,0.30235733687578203,0.7815301852958757,0.6261298274445357,0.6600517687661778,0.20397489539748953,0.15066921606118547,0.1192468619246862
yeast,SVM,GSI_v6_2_Decay,3,28.46970109999984,0.038833900000099675,0.33052738631948525,0.3045638090785299,0.7789898386132695,0.6330501507262264,0.6655127650367806,0.20008965929468023,0.14828313830807596,0.13389121338912133
yeast,SVM,BR,4,1.7886727000004612,0.06458349999957136,0.3251970254060056,0.3251970254060056,1.0,0.6268656716417911,0.6268656716417911,0.2000592768227623,0.2000592768227623,0.12863070539419086
yeast,SVM,CC,4,1.8095049999992625,0.06588850000025559,0.38582934808256547,0.38582934808256547,1.0,0.6326211568525274,0.6326211568525274,0.2089508002371073,0.2089508002371073,0.1950207468879668
yeast,SVM,MLC_PA,4,1.8090173999999024,0.0723070000003645,0.3251970254060056,0.2839843350030277,0.780823947836396,0.6268656716417911,0.6513043478260869,0.2000592768227623,0.15221104573922944,0.12863070539419086
yeast,SVM,GSI_v6_2_Fixed,4,27.05142969999997,0.14170299999932467,0.3248481782734798,0.29166507850919077,0.782009484291642,0.6225530741659774,0.648578811369509,0.20287492590397155,0.15463331438317227,0.12240663900414937
yeast,SVM,GSI_v6_2_Decay,4,29.68012229999931,0.134308400000009,0.3248171189816317,0.2979973109097064,0.782009484291642,0.6233766233766234,0.6523420713364847,0.20198577356253705,0.1533068031078264,0.12033195020746888
yeast,SVM,BR,5,1.8494680000003427,0.07538110000041343,0.32637148296031065,0.32637148296031065,1.0,0.6254162042175361,0.6254162042175361,0.19800528014080376,0.19800528014080376,0.1293634496919918
yeast,SVM,CC,5,1.7212736999999834,0.0921487999994497,0.3823191011564904,0.3823191011564904,1.0,0.6313291139240507,0.6313291139240507,0.20504546787914343,0.20504546787914343,0.188911704312115
yeast,SVM,MLC_PA,5,1.8252604999997857,0.04222499999923457,0.32637148296031065,0.29398798189884306,0.7726606042827808,0.6254162042175361,0.6611135466900482,0.19800528014080376,0.14673500379650722,0.1293634496919918
yeast,SVM,GSI_v6_2_Fixed,5,27.343480100000306,0.13979629999994359,0.31904584847666195,0.30732073579989383,0.7684071575242006,0.617859123682751,0.6623544631306598,0.20211205632150192,0.14945600305401793,0.10472279260780287
yeast,SVM,GSI_v6_2_Decay,5,24.807072999999946,0.12525240000013582,0.31904584847666195,0.30732073579989383,0.7684071575242006,0.617859123682751,0.6623544631306598,0.20211205632150192,0.14945600305401793,0.10472279260780287
genbase,MLP,BR,1,0.18651999999929103,0.014477599999736412,0.0,0.0,1.0,0.0,0.0,0.04622667780562517,0.04622667780562517,0.0
genbase,MLP,CC,1,1.8733111999999892,0.09202820000064094,0.4596992481203007,0.4596992481203007,1.0,0.9042904290429042,0.9042904290429042,0.00807574491785018,0.00807574491785018,0.7969924812030075
genbase,MLP,MLC_PA,1,0.20230350000019826,0.12440349999997125,0.0,0.0,0.9888610414926204,0.0,0.0,0.04622667780562517,0.036609405801182764,0.0
genbase,MLP,GSI_v6_2_Fixed,1,30.070519400000194,0.12567789999957313,0.4338818394205905,0.38580246913580246,0.9780005569479253,0.8350877192982457,0.926829268292683,0.013088276246170982,0.003416856492027335,0.6541353383458647
genbase,MLP,GSI_v6_2_Decay,1,30.25838929999918,0.1227456999995411,0.4338818394205905,0.38580246913580246,0.9780005569479253,0.8350877192982457,0.926829268292683,0.013088276246170982,0.003416856492027335,0.6541353383458647
genbase,MLP,BR,2,0.16120959999989282,0.01335430000017368,0.0,0.0,1.0,0.0,0.0,0.04685746352413019,0.04685746352413019,0.0
genbase,MLP,CC,2,1.86371440000039,0.0884288999995988,0.43220219625448386,0.43220219625448386,1.0,0.8903654485049833,0.8903654485049833,0.009259259259259259,0.009259259259259259,0.7878787878787878
genbase,MLP,MLC_PA,2,0.15660860000025423,0.06164549999994051,0.0,0.0,0.989337822671156,0.0,0.0,0.04685746352413019,0.0368689733408962,0.0
genbase,MLP,GSI_v6_2_Fixed,2,32.81138310000006,0.15832730000056472,0.40946542685104775,0.4403292181069959,0.9797979797979798,0.8639455782312925,0.9333333333333333,0.01122334455667789,0.003436426116838488,0.7272727272727273
genbase,MLP,GSI_v6_2_Decay,2,32.72007679999933,0.20003770000039367,0.40946542685104775,0.40329218106995884,0.9783950617283951,0.8639455782312925,0.9364161849710982,0.01122334455667789,0.0031545741324921135,0.7196969696969697
genbase,MLP,BR,3,0.18954389999998966,0.03062419999969279,0.0,0.0,1.0,0.0,0.0,0.04601571268237935,0.04601571268237935,0.0
genbase,MLP,CC,3,2.091930300000058,0.13581900000008318,0.4185883723050623,0.4185883723050623,1.0,0.8888888888888888,0.8888888888888888,0.009259259259259259,0.009259259259259259,0.7954545454545454
genbase,MLP,MLC_PA,3,0.20537349999995058,0.08907809999982419,0.0,0.0,0.9896184062850729,0.0,0.0,0.04601571268237935,0.036007938758151406,0.0
genbase,MLP,GSI_v6_2_Fixed,3,31.913550500000383,0.1248805999994147,0.3723493458161608,0.38053740014524323,0.978675645342312,0.8172043010752689,0.9132947976878613,0.01430976430976431,0.0043004587155963305,0.6439393939393939
genbase,MLP,GSI_v6_2_Decay,3,31.9496737999998,0.1515395999995235,0.3723493458161608,0.38053740014524323,0.978675645342312,0.8172043010752689,0.9132947976878613,0.01430976430976431,0.0043004587155963305,0.6439393939393939
genbase,MLP,BR,4,0.15567829999963578,0.008166399999936402,0.0,0.0,1.0,0.0,0.0,0.04657687991021325,0.04657687991021325,0.0
genbase,MLP,CC,4,2.114542899999833,0.13046240000039688,0.442389107945639,0.442389107945639,1.0,0.8783783783783784,0.8783783783783784,0.010101010101010102,0.010101010101010102,0.7803030303030303
genbase,MLP,MLC_PA,4,0.13362570000026608,0.029345200000534533,0.0,0.0,0.9890572390572391,0.0,0.0,0.04657687991021325,0.03602836879432624,0.0
genbase,MLP,GSI_v6_2_Fixed,4,33.61819959999957,0.15115980000064155,0.36160191389537505,0.31633986928104574,0.9769921436588104,0.7838827838827839,0.88,0.01655443322109989,0.005169442848937392,0.6136363636363636
genbase,MLP,GSI_v6_2_Decay,4,31.359245399999963,0.12692389999938314,0.379746320928671,0.35152505446623095,0.9767115600448933,0.7883211678832117,0.8933333333333333,0.01627384960718294,0.004596380350474002,0.6136363636363636
genbase,MLP,BR,5,0.169326700000056,0.008124199999656412,0.0,0.0,1.0,0.0,0.0,0.04622667780562517,0.04622667780562517,0.0
genbase,MLP,CC,5,1.9757908999999927,0.07786320000013802,0.44560418499989646,0.44560418499989646,1.0,0.8668941979522184,0.8668941979522184,0.01086048454469507,0.01086048454469507,0.7669172932330827
genbase,MLP,MLC_PA,5,0.20084640000004583,0.09972779999952763,0.0,0.0,0.9894179894179894,0.0,0.0,0.04622667780562517,0.03630734590486912,0.0
genbase,MLP,GSI_v6_2_Fixed,5,32.07973480000055,0.15683460000036575,0.4002756988501543,0.36630965258416237,0.9780005569479253,0.8268551236749117,0.8875,0.01364522417153996,0.005125284738041002,0.6917293233082706
genbase,MLP,GSI_v6_2_Decay,5,31.002660099999957,0.12226620000001276,0.4146789910312243,0.3745401052590595,0.9799498746867168,0.8268551236749117,0.8837209302325582,0.01364522417153996,0.005683432793407218,0.6917293233082706
humanpseaac,MLP,BR,1,0.21880679999958375,0.0170696000004682,0.01098901098901099,0.01098901098901099,1.0,0.010738255033557046,0.010738255033557046,0.08644147314098052,0.08644147314098052,0.0049261083743842365
humanpseaac,MLP,CC,1,1.13202420000016,0.07733850000022358,0.12771826805485445,0.12771826805485445,1.0,0.30945558739255014,0.30945558739255014,0.08479943701618578,0.08479943701618578,0.16912972085385877
humanpseaac,MLP,MLC_PA,1,0.16729310000027908,0.03766589999941061,0.01098901098901099,0.003968253968253968,0.9245836265540699,0.010738255033557046,0.004140786749482402,0.08644147314098052,0.06101737917036661,0.0049261083743842365
humanpseaac,MLP,GSI_v6_2_Fixed,1,14.25140409999949,0.07724880000023404,0.09740153799116516,0.0385082920424251,0.9218859957776214,0.24668705402650357,0.09746588693957114,0.08667604973023692,0.0589058524173028,0.11494252873563218
humanpseaac,MLP,GSI_v6_2_Decay,1,14.011573700000554,0.15015839999978198,0.09740153799116516,0.0385082920424251,0.9218859957776214,0.24668705402650357,0.09746588693957114,0.08667604973023692,0.0589058524173028,0.11494252873563218
humanpseaac,MLP,BR,2,0.17019149999941874,0.013499100000444741,0.011204481792717087,0.011204481792717087,1.0,0.010796221322537112,0.010796221322537112,0.08310657596371882,0.08310657596371882,0.0031746031746031746
humanpseaac,MLP,CC,2,1.1423279000000548,0.06041000000004715,0.11061749526868789,0.11061749526868789,1.0,0.2749273959341723,0.2749273959341723,0.08492063492063492,0.08492063492063492,0.15873015873015872
humanpseaac,MLP,MLC_PA,2,0.2213843999998062,0.061856600000282924,0.011204481792717087,0.0,0.9282312925170068,0.010796221322537112,0.0,0.08310657596371882,0.06131672163185538,0.0031746031746031746
humanpseaac,MLP,GSI_v6_2_Fixed,2,14.141375100000005,0.08390789999975823,0.09081254586607565,0.02848289482645116,0.9197278911564626,0.2358974358974359,0.07039337474120083,0.0844671201814059,0.05535009861932939,0.12222222222222222
humanpseaac,MLP,GSI_v6_2_Decay,2,13.994677300000149,0.11457590000009077,0.09081254586607565,0.02848289482645116,0.9197278911564626,0.2358974358974359,0.07039337474120083,0.0844671201814059,0.05535009861932939,0.12222222222222222
humanpseaac,MLP,BR,3,0.22029439999914757,0.012420400000337395,0.0019569471624266144,0.0019569471624266144,1.0,0.0027137042062415195,0.0027137042062415195,0.08373205741626795,0.08373205741626795,0.001594896331738437
humanpseaac,MLP,CC,3,1.1334355000008145,0.0637416999998095,0.11563334402065087,0.11563334402065087,1.0,0.2981132075471698,0.2981132075471698,0.08475734791524266,0.08475734791524266,0.17703349282296652
humanpseaac,MLP,MLC_PA,3,0.20965640000031271,0.05924200000026758,0.0019569471624266144,0.0,0.9326725905673274,0.0027137042062415195,0.0,0.08373205741626795,0.06327103945279101,0.001594896331738437
humanpseaac,MLP,GSI_v6_2_Fixed,3,14.065638899999612,0.08115960000031919,0.08990590461671492,0.03924276781419639,0.9199134199134199,0.25025432349949134,0.09795918367346938,0.08395989974937343,0.05473684210526316,0.12280701754385964
humanpseaac,MLP,GSI_v6_2_Decay,3,14.253608299999541,0.07840039999973669,0.08990590461671492,0.03924276781419639,0.9199134199134199,0.25025432349949134,0.09795918367346938,0.08395989974937343,0.05473684210526316,0.12280701754385964
humanpseaac,MLP,BR,4,0.14567239999996673,0.009113500000239583,0.005494505494505495,0.005494505494505495,1.0,0.005376344086021506,0.005376344086021506,0.08580705009276438,0.08580705009276438,0.003246753246753247
humanpseaac,MLP,CC,4,1.1867695999999341,0.08735270000033779,0.11372753503136095,0.11372753503136095,1.0,0.27730294396961064,0.27730294396961064,0.08824211502782932,0.08824211502782932,0.1590909090909091
humanpseaac,MLP,MLC_PA,4,0.16562140000041836,0.05741330000000744,0.005494505494505495,0.0,0.9346011131725418,0.005376344086021506,0.0,0.08580705009276438,0.06476426799007444,0.003246753246753247
humanpseaac,MLP,GSI_v6_2_Fixed,4,14.00929140000062,0.07212400000025809,0.08807397621880163,0.027743064438890314,0.923121521335807,0.22515212981744423,0.06557377049180328,0.08858998144712431,0.057279236276849645,0.1185064935064935
humanpseaac,MLP,GSI_v6_2_Decay,4,14.202804800000195,0.12014739999995072,0.08807397621880163,0.027743064438890314,0.923121521335807,0.22515212981744423,0.06557377049180328,0.08858998144712431,0.057279236276849645,0.1185064935064935
humanpseaac,MLP,BR,5,0.18896250000034343,0.014001999999891268,0.002976190476190476,0.002976190476190476,1.0,0.0027100271002710027,0.0027100271002710027,0.08424908424908426,0.08424908424908426,0.0016025641025641025
humanpseaac,MLP,CC,5,1.1894389999997657,0.1078600999999253,0.12374752264994224,0.12374752264994224,1.0,0.3123236124176858,0.3123236124176858,0.08367673992673992,0.08367673992673992,0.18108974358974358
humanpseaac,MLP,MLC_PA,5,0.1846482000000833,0.05624369999986811,0.002976190476190476,0.0,0.9218177655677655,0.0027100271002710027,0.0,0.08424908424908426,0.05985347075623991,0.0016025641025641025
humanpseaac,MLP,GSI_v6_2_Fixed,5,13.72232410000015,0.07983640000020387,0.10433018862584123,0.040828978266665206,0.9135760073260073,0.26476578411405294,0.0821917808219178,0.08264652014652014,0.05036962786618218,0.13782051282051283
humanpseaac,MLP,GSI_v6_2_Decay,5,13.075112499999705,0.0756811999999627,0.10433018862584123,0.040828978266665206,0.9135760073260073,0.26476578411405294,0.0821917808219178,0.08264652014652014,0.05036962786618218,0.13782051282051283
plantpseaac,MLP,BR,1,0.07271169999967242,0.004448400000001129,0.03376490312965723,0.03376490312965723,1.0,0.05429864253393665,0.05429864253393665,0.08886054421768708,0.08886054421768708,0.030612244897959183
plantpseaac,MLP,CC,1,0.4364598999991358,0.020722100000057253,0.16123418780745755,0.16123418780745755,1.0,0.27586206896551724,0.27586206896551724,0.09821428571428571,0.09821428571428571,0.15816326530612246
plantpseaac,MLP,MLC_PA,1,0.07088039999962348,0.015124399999876914,0.03376490312965723,0.0,0.9009353741496599,0.05429864253393665,0.0,0.08886054421768708,0.06701274185936762,0.030612244897959183
plantpseaac,MLP,GSI_v6_2_Fixed,1,5.231094299999313,0.022932699999728356,0.13977627558518768,0.10596143426603198,0.9277210884353742,0.24675324675324675,0.23157894736842105,0.09863945578231292,0.06691109074243813,0.1326530612244898
plantpseaac,MLP,GSI_v6_2_Decay,1,5.167913799999951,0.026769499999318214,0.13977627558518768,0.10596143426603198,0.9277210884353742,0.24675324675324675,0.23157894736842105,0.09863945578231292,0.06691109074243813,0.1326530612244898
plantpseaac,MLP,BR,2,0.07438129999991361,0.004575400000248919,0.013573065397496914,0.013573065397496914,1.0,0.03669724770642202,0.03669724770642202,0.08838383838383838,0.08838383838383838,0.020202020202020204
plantpseaac,MLP,CC,2,0.4095525999991878,0.016491700000187848,0.15374999999999997,0.15374999999999997,1.0,0.3116883116883117,0.3116883116883117,0.08922558922558922,0.08922558922558922,0.19696969696969696
plantpseaac,MLP,MLC_PA,2,0.07036479999987932,0.014280100000178209,0.013573065397496914,0.0,0.9255050505050505,0.03669724770642202,0.0,0.08838383838383838,0.06639381537062301,0.020202020202020204
plantpseaac,MLP,GSI_v6_2_Fixed,2,5.150151400000141,0.026787900000272202,0.133270778701374,0.1044497188957217,0.9343434343434344,0.27303754266211605,0.22340425531914893,0.08964646464646464,0.06576576576576576,0.15656565656565657
plantpseaac,MLP,GSI_v6_2_Decay,2,5.236841099999765,0.029234000000542437,0.133270778701374,0.1044497188957217,0.9343434343434344,0.27303754266211605,0.22340425531914893,0.08964646464646464,0.06576576576576576,0.15656565656565657
plantpseaac,MLP,BR,3,0.07359820000056061,0.004509399999733432,0.005208333333333333,0.005208333333333333,1.0,0.009478672985781991,0.009478672985781991,0.0897766323024055,0.0897766323024055,0.005154639175257732
plantpseaac,MLP,CC,3,0.42504250000001775,0.017386900000019523,0.217507693045207,0.217507693045207,1.0,0.3510971786833856,0.3510971786833856,0.08891752577319588,0.08891752577319588,0.23711340206185566
plantpseaac,MLP,MLC_PA,3,0.06987000000026455,0.014775399999962247,0.005208333333333333,0.0,0.9317010309278351,0.009478672985781991,0.0,0.0897766323024055,0.07053941908713693,0.005154639175257732
plantpseaac,MLP,GSI_v6_2_Fixed,3,5.264591400000427,0.03234880000036355,0.1562549089114554,0.15348535409714495,0.9398625429553265,0.2945205479452055,0.27184466019417475,0.08848797250859107,0.06855575868372943,0.18041237113402062
plantpseaac,MLP,GSI_v6_2_Decay,3,5.484046899999157,0.02691289999984292,0.1562549089114554,0.15348535409714495,0.9398625429553265,0.2945205479452055,0.27184466019417475,0.08848797250859107,0.06855575868372943,0.18041237113402062
plantpseaac,MLP,BR,4,0.07202069999948435,0.004029699999591685,0.012348668280871672,0.012348668280871672,1.0,0.027149321266968326,0.027149321266968326,0.09283246977547496,0.09283246977547496,0.015544041450777202
plantpseaac,MLP,CC,4,0.4230962000001455,0.016833699999551754,0.13806485237773272,0.13806485237773272,1.0,0.27741935483870966,0.27741935483870966,0.09671848013816926,0.09671848013816926,0.18134715025906736
plantpseaac,MLP,MLC_PA,4,0.06945019999966462,0.015013399999588728,0.012348668280871672,0.0,0.9278929188255614,0.027149321266968326,0.0,0.09283246977547496,0.07119590507212657,0.015544041450777202
plantpseaac,MLP,GSI_v6_2_Fixed,4,5.182829399999719,0.023437099999682687,0.1251596151281025,0.10156517094017094,0.9382556131260794,0.23448275862068965,0.2153846153846154,0.09585492227979274,0.0704095720202485,0.12435233160621761
plantpseaac,MLP,GSI_v6_2_Decay,4,5.843180500000017,0.0237409999999727,0.1251596151281025,0.10156517094017094,0.9382556131260794,0.23448275862068965,0.2153846153846154,0.09585492227979274,0.0704095720202485,0.12435233160621761
plantpseaac,MLP,BR,5,0.07314580000002024,0.004376500000034866,0.038809707241910636,0.038809707241910636,1.0,0.04608294930875576,0.04608294930875576,0.08756345177664974,0.08756345177664974,0.025380710659898477
plantpseaac,MLP,CC,5,0.40963319999991654,0.014984200000071723,0.18109725774367716,0.18109725774367716,1.0,0.2939297124600639,0.2939297124600639,0.09348561759729272,0.09348561759729272,0.18274111675126903
plantpseaac,MLP,MLC_PA,5,0.06797460000052524,0.014390199999979814,0.038809707241910636,0.0,0.9137055837563451,0.04608294930875576,0.0,0.08756345177664974,0.0712962962962963,0.025380710659898477
plantpseaac,MLP,GSI_v6_2_Fixed,5,5.072923400000036,0.026949099999910686,0.1898148148148148,0.12227126243519686,0.9335871404399323,0.30405405405405406,0.20618556701030927,0.08714043993231811,0.069777979157227,0.17766497461928935
plantpseaac,MLP,GSI_v6_2_Decay,5,5.161605299999792,0.02801309999995283,0.1898148148148148,0.12227126243519686,0.9335871404399323,0.30405405405405406,0.20618556701030927,0.08714043993231811,0.069777979157227,0.17766497461928935
viruspseaac,MLP,BR,1,0.07092089999969176,0.0045705000002271845,0.44727272727272727,0.44727272727272727,1.0,0.44155844155844154,0.44155844155844154,0.17916666666666667,0.17916666666666667,0.275
viruspseaac,MLP,CC,1,0.20690359999935026,0.00720759999967413,0.4131868131868131,0.4131868131868131,1.0,0.4835164835164835,0.4835164835164835,0.19583333333333333,0.19583333333333333,0.325
viruspseaac,MLP,MLC_PA,1,0.07686780000040017,0.009256000000277709,0.44727272727272727,0.3611111111111111,0.6541666666666667,0.44155844155844154,0.3333333333333333,0.17916666666666667,0.07643312101910828,0.275
viruspseaac,MLP,GSI_v6_2_Fixed,1,3.1534936999996717,0.015176400000200374,0.31980056980056976,0.37745587745587744,0.8666666666666667,0.40476190476190477,0.4406779661016949,0.20833333333333334,0.15865384615384615,0.225
viruspseaac,MLP,GSI_v6_2_Decay,1,3.2237482999998974,0.012295600000470586,0.31980056980056976,0.37745587745587744,0.8666666666666667,0.40476190476190477,0.4406779661016949,0.20833333333333334,0.15865384615384615,0.225
viruspseaac,MLP,BR,2,0.07192690000010771,0.003742299999430543,0.32362637362637364,0.32362637362637364,1.0,0.32432432432432434,0.32432432432432434,0.20833333333333334,0.20833333333333334,0.175
viruspseaac,MLP,CC,2,0.19715919999998732,0.006868300000860472,0.4444444444444444,0.4444444444444444,1.0,0.46153846153846156,0.46153846153846156,0.20416666666666666,0.20416666666666666,0.225
viruspseaac,MLP,MLC_PA,2,0.07192180000038206,0.010365500000261818,0.32362637362637364,0.16666666666666666,0.6333333333333333,0.32432432432432434,0.14285714285714285,0.20833333333333334,0.07894736842105263,0.175
viruspseaac,MLP,GSI_v6_2_Fixed,2,3.1738928000004307,0.01916860000073939,0.4465247030711926,0.38888888888888884,0.8666666666666667,0.449438202247191,0.4262295081967213,0.20416666666666666,0.16826923076923078,0.225
viruspseaac,MLP,GSI_v6_2_Decay,2,3.1836566000001767,0.01359850000062579,0.4465247030711926,0.38888888888888884,0.8666666666666667,0.449438202247191,0.4262295081967213,0.20416666666666666,0.16826923076923078,0.225
viruspseaac,MLP,BR,3,0.08415930000046501,0.0044422999999369495,0.3365663322185061,0.3365663322185061,1.0,0.36619718309859156,0.36619718309859156,0.19230769230769232,0.19230769230769232,0.2564102564102564
viruspseaac,MLP,CC,3,0.20457489999989775,0.009406300000591727,0.4017926517926518,0.4017926517926518,1.0,0.4050632911392405,0.4050632911392405,0.20085470085470086,0.20085470085470086,0.23076923076923078
viruspseaac,MLP,MLC_PA,3,0.06984310000007099,0.011077300000579271,0.3365663322185061,0.3888888888888889,0.6581196581196581,0.36619718309859156,0.4166666666666667,0.19230769230769232,0.09090909090909091,0.2564102564102564
viruspseaac,MLP,GSI_v6_2_Fixed,3,3.435631000000285,0.014046799999960058,0.3978243978243978,0.4099128540305011,0.8675213675213675,0.3950617283950617,0.37735849056603776,0.2094017094017094,0.1625615763546798,0.20512820512820512
viruspseaac,MLP,GSI_v6_2_Decay,3,3.2494559999995545,0.012607300000126997,0.3978243978243978,0.4099128540305011,0.8675213675213675,0.3950617283950617,0.37735849056603776,0.2094017094017094,0.1625615763546798,0.20512820512820512
viruspseaac,MLP,BR,4,0.07456959999944957,0.005519000000276719,0.36944444444444446,0.36944444444444446,1.0,0.39473684210526316,0.39473684210526316,0.17829457364341086,0.17829457364341086,0.27906976744186046
viruspseaac,MLP,CC,4,0.20447209999929328,0.009311599999819009,0.39763014763014765,0.39763014763014765,1.0,0.4421052631578947,0.4421052631578947,0.2054263565891473,0.2054263565891473,0.2558139534883721
viruspseaac,MLP,MLC_PA,4,0.07049800000004325,0.010007800000494171,0.36944444444444446,0.3333333333333333,0.627906976744186,0.39473684210526316,0.35294117647058826,0.17829457364341086,0.06790123456790123,0.27906976744186046
viruspseaac,MLP,GSI_v6_2_Fixed,4,3.2013858999998774,0.013198500000726199,0.4125553447185326,0.3987654320987654,0.9031007751937985,0.4666666666666667,0.4507042253521127,0.18604651162790697,0.16738197424892703,0.27906976744186046
viruspseaac,MLP,GSI_v6_2_Decay,4,3.1606170000004568,0.013414600000032806,0.4125553447185326,0.3987654320987654,0.9031007751937985,0.4666666666666667,0.4507042253521127,0.18604651162790697,0.16738197424892703,0.27906976744186046
viruspseaac,MLP,BR,5,0.07398550000016257,0.004276700000445999,0.4931386514719847,0.4931386514719847,1.0,0.4533333333333333,0.4533333333333333,0.15185185185185185,0.15185185185185185,0.3111111111111111
viruspseaac,MLP,CC,5,0.2096521000003122,0.008194500000172411,0.4611111111111111,0.4611111111111111,1.0,0.5227272727272727,0.5227272727272727,0.15555555555555556,0.15555555555555556,0.4
viruspseaac,MLP,MLC_PA,5,0.07662499999969441,0.011179099999935715,0.4931386514719847,0.3055555555555555,0.6481481481481481,0.4533333333333333,0.38095238095238093,0.15185185185185185,0.07428571428571429,0.3111111111111111
viruspseaac,MLP,GSI_v6_2_Fixed,5,3.188473399999566,0.019792000000052212,0.4697167755991285,0.4773809523809524,0.8740740740740741,0.5393258426966292,0.5507246376811594,0.15185185185185185,0.13135593220338984,0.4
viruspseaac,MLP,GSI_v6_2_Decay,5,3.2778727000004437,0.01300710000032268,0.4697167755991285,0.4773809523809524,0.8740740740740741,0.5393258426966292,0.5507246376811594,0.15185185185185185,0.13135593220338984,0.4
yeast,MLP,BR,1,0.0727273000002242,0.004853899999943678,0.27991835720306296,0.27991835720306296,1.0,0.5809033733562036,0.5809033733562036,0.2159057437407953,0.2159057437407953,0.09072164948453608
yeast,MLP,CC,1,0.4851582999999664,0.01983329999984562,0.34832904586502406,0.34832904586502406,1.0,0.6112869198312236,0.6112869198312236,0.2170839469808542,0.2170839469808542,0.15051546391752577
yeast,MLP,MLC_PA,1,0.07471759999953065,0.01823160000003554,0.27991835720306296,0.25882261190189565,0.7300441826215022,0.5809033733562036,0.6611872146118721,0.2159057437407953,0.1496873108735122,0.09072164948453608
yeast,MLP,GSI_v6_2_Fixed,1,8.551290500000505,0.03892089999953896,0.3120352459417675,0.2781976258992106,0.7220913107511046,0.6082698585418934,0.6277450455275844,0.21207658321060383,0.1417499490108097,0.13402061855670103
yeast,MLP,GSI_v6_2_Decay,1,7.921733099999983,0.034978500000761414,0.3120352459417675,0.2781976258992106,0.7220913107511046,0.6082698585418934,0.6277450455275844,0.21207658321060383,0.1417499490108097,0.13402061855670103
yeast,MLP,BR,2,0.07443189999958122,0.0057458999999653315,0.27640417044420873,0.27640417044420873,1.0,0.5805350028457599,0.5805350028457599,0.2170839469808542,0.2170839469808542,0.0865979381443299
yeast,MLP,CC,2,0.5110219000007419,0.0218499000002339,0.3505899647878488,0.3505899647878488,1.0,0.6194225721784777,0.6194225721784777,0.21354933726067746,0.21354933726067746,0.12989690721649486
yeast,MLP,MLC_PA,2,0.08017459999973653,0.018557999999757158,0.27640417044420873,0.23843252842026338,0.7176730486008837,0.5805350028457599,0.6583373378183566,0.2170839469808542,0.14590601272316847,0.0865979381443299
yeast,MLP,GSI_v6_2_Fixed,2,7.8722820000002685,0.03810990000056336,0.32159720072635256,0.2957654106402717,0.7245949926362297,0.6155501748722088,0.6340710241893979,0.21045655375552283,0.1445121951219512,0.13814432989690723
yeast,MLP,GSI_v6_2_Decay,2,7.877313899999535,0.0359044000006179,0.32159720072635256,0.2957654106402717,0.7245949926362297,0.6155501748722088,0.6340710241893979,0.21045655375552283,0.1445121951219512,0.13814432989690723
yeast,MLP,BR,3,0.0846151000005193,0.005094199999803095,0.2878319324111546,0.2878319324111546,1.0,0.5974175035868006,0.5974175035868006,0.20965331739390317,0.20965331739390317,0.09832635983263599
yeast,MLP,CC,3,0.48442770000019664,0.018893200000093202,0.3573864997858954,0.3573864997858954,1.0,0.6275644397685429,0.6275644397685429,0.21159593544530783,0.21159593544530783,0.1589958158995816
yeast,MLP,MLC_PA,3,0.07464040000013483,0.019600099999479426,0.2878319324111546,0.2500181016732782,0.7298266586969516,0.5974175035868006,0.6530028598665396,0.20965331739390317,0.14905814905814907,0.09832635983263599
yeast,MLP,GSI_v6_2_Fixed,3,7.878011400000105,0.03531380000003992,0.32551769415816395,0.2902290797954632,0.7374476987447699,0.6253398586188146,0.6509291813159217,0.2059175134488942,0.1408308004052685,0.14225941422594143
yeast,MLP,GSI_v6_2_Decay,3,7.939155699999901,0.03776970000035362,0.32551769415816395,0.2902290797954632,0.7374476987447699,0.6253398586188146,0.6509291813159217,0.2059175134488942,0.1408308004052685,0.14225941422594143
yeast,MLP,BR,4,0.07575759999963338,0.0050188999994134065,0.28933060316860393,0.28933060316860393,1.0,0.5955377574370709,0.5955377574370709,0.2095435684647303,0.2095435684647303,0.12863070539419086
yeast,MLP,CC,4,0.47218080000038753,0.021573300000454765,0.357437481466699,0.357437481466699,1.0,0.6186596583442838,0.6186596583442838,0.21502667457024305,0.21502667457024305,0.15145228215767634
yeast,MLP,MLC_PA,4,0.07634349999989354,0.017891700000291166,0.28933060316860393,0.254094456099019,0.7301422643746295,0.5955377574370709,0.6569136385087305,0.2095435684647303,0.1475542926730262,0.12863070539419086
yeast,MLP,GSI_v6_2_Fixed,4,8.467427300000054,0.05435499999930471,0.3244581530293521,0.30823884986976957,0.7465915826911678,0.6184281842818428,0.6429615197272285,0.2086544161232958,0.14549424374751885,0.14315352697095435
yeast,MLP,GSI_v6_2_Decay,4,10.06847850000031,0.04174770000008721,0.3244581530293521,0.30823884986976957,0.7465915826911678,0.6184281842818428,0.6429615197272285,0.2086544161232958,0.14549424374751885,0.14315352697095435
yeast,MLP,BR,5,0.08466849999967963,0.006168200000502111,0.2872054601748592,0.2872054601748592,1.0,0.5832614322691976,0.5832614322691976,0.21252566735112938,0.21252566735112938,0.08418891170431211
yeast,MLP,CC,5,0.6004215999992084,0.021573199999693315,0.37013712826556333,0.37013712826556333,1.0,0.6217481789802289,0.6217481789802289,0.21325902024053975,0.21325902024053975,0.13347022587268995
yeast,MLP,MLC_PA,5,0.09118819999912375,0.022926200000256358,0.2872054601748592,0.2610516659184095,0.7255793487826342,0.5832614322691976,0.6596136154553818,0.21252566735112938,0.14958560743885183,0.08418891170431211
yeast,MLP,GSI_v6_2_Fixed,5,9.818414999999732,0.04359239999939746,0.32906235012650253,0.2996966109382289,0.7333528894103842,0.6194977045638671,0.6583541147132169,0.2066588442358463,0.137,0.1293634496919918
yeast,MLP,GSI_v6_2_Decay,5,7.92916570000034,0.03855980000025738,0.32906235012650253,0.2996966109382289,0.7333528894103842,0.6194977045638671,0.6583541147132169,0.2066588442358463,0.137,0.1293634496919918
