Dataset,Model,Cost,Fold,Scope,Reviewer Accuracy,AURC,Captured Error Count,Cost-Sensitive Utility,Coverage,Error Capture Lift,Error Capture Rate,Full Error Count,Generalized Loss,Immediate Hamming Accuracy,Immediate Instance-F1,Immediate Macro-F1,Optimistic Gain Hamming Accuracy,Optimistic Gain Macro-F1,Optimistic Hamming Accuracy,Optimistic Macro-F1,Random-Rejection Expected Capture,Rejected Error Rate,Review Load Case,Review Load Position,Reviewed Position Count,Risk at Coverage,Selective Hamming Accuracy,Selective Risk
emotions,MLC_PA_Logistic,0.20,1,Operating Point,,0.09918327797138865,98,,0.4972677595628415,1.412570888468809,0.7101449275362319,138,0.15519125683060106,0.8114754098360656,0.5685792349726776,0.6111172188011763,0.13387978142076506,0.29045429826943325,0.9453551912568307,0.9015715170706096,0.5027322404371585,0.266304347826087,0.9836065573770492,0.5027322404371585,368,0.10989010989010994,0.8901098901098901,0.10989010989010994
emotions,MLC_PA_Logistic,0.20,2,Operating Point,,0.08176419246389666,119,,0.4733893557422969,1.5584372707263388,0.8206896551724138,145,0.14173669467787112,0.7969187675070029,0.5142857142857142,0.5903093203093203,0.16666666666666663,0.347584623542619,0.9635854341736695,0.9378939438519392,0.5266106442577031,0.31648936170212766,0.9831932773109243,0.5266106442577031,376,0.07692307692307687,0.9230769230769231,0.07692307692307687
emotions,MLC_PA_Logistic,0.20,3,Operating Point,,0.09321133655128853,119,,0.483739837398374,1.5065616797900263,0.7777777777777778,153,0.14932249322493224,0.7926829268292683,0.5363143631436316,0.5742504226103112,0.1612466124661246,0.33431644227040147,0.9539295392953929,0.9085668648807127,0.516260162601626,0.3123359580052493,0.983739837398374,0.516260162601626,381,0.09523809523809523,0.9047619047619048,0.09523809523809523
emotions,MLC_PA_Logistic,0.20,4,Operating Point,,0.08396164582477526,124,,0.4791666666666667,1.6419310344827587,0.8551724137931035,145,0.13333333333333333,0.7986111111111112,0.5438888888888889,0.6032960188532944,0.17222222222222217,0.3465494971617138,0.9708333333333333,0.9498455160150082,0.5208333333333334,0.33066666666666666,1.0,0.5208333333333334,375,0.060869565217391286,0.9391304347826087,0.060869565217391286
emotions,MLC_PA_Logistic,0.20,5,Operating Point,,0.08933963791229649,106,,0.518348623853211,1.630194003527337,0.7851851851851852,135,0.14067278287461776,0.7935779816513762,0.5642201834862385,0.6069701813350067,0.1620795107033639,0.3229107966552198,0.9556574923547401,0.9298809779902265,0.481651376146789,0.33650793650793653,0.963302752293578,0.481651376146789,315,0.08554572271386429,0.9144542772861357,0.08554572271386429
emotions,MLC_PA_Logistic,0.25,1,Operating Point,,0.09918327797138865,85,,0.5969945355191257,1.5283714075165806,0.6159420289855072,138,0.17315573770491804,0.8114754098360656,0.5685792349726776,0.6111172188011763,0.11612021857923494,0.2531998167048548,0.9275956284153005,0.8643170355060311,0.4030054644808743,0.288135593220339,0.9262295081967213,0.4030054644808743,295,0.12128146453089239,0.8787185354691076,0.12128146453089239
emotions,MLC_PA_Logistic,0.25,2,Operating Point,,0.08176419246389666,109,,0.5770308123249299,1.777255081068737,0.7517241379310344,145,0.1561624649859944,0.7969187675070029,0.5142857142857142,0.5903093203093203,0.1526610644257702,0.322941335028085,0.9495798319327731,0.9132506553374052,0.42296918767507,0.3609271523178808,0.9663865546218487,0.42296918767507,302,0.08737864077669899,0.912621359223301,0.08737864077669899
emotions,MLC_PA_Logistic,0.25,3,Operating Point,,0.09321133655128853,109,,0.5867208672086721,1.7238187078109934,0.7124183006535948,153,0.16294037940379405,0.7926829268292683,0.5363143631436316,0.5742504226103112,0.14769647696476962,0.3058291920875913,0.940379403794038,0.8800796146979025,0.4132791327913279,0.35737704918032787,0.975609756097561,0.4132791327913279,305,0.10161662817551964,0.8983833718244804,0.10161662817551964
emotions,MLC_PA_Logistic,0.25,4,Operating Point,,0.08396164582477526,114,,0.5722222222222222,1.8378862516793553,0.7862068965517242,145,0.15,0.7986111111111112,0.5438888888888889,0.6032960188532944,0.15833333333333333,0.3205717938560422,0.9569444444444445,0.9238678127093366,0.42777777777777776,0.37012987012987014,0.9916666666666667,0.42777777777777776,308,0.07524271844660191,0.9247572815533981,0.07524271844660191
emotions,MLC_PA_Logistic,0.25,5,Operating Point,,0.08933963791229649,93,,0.6085626911314985,1.7598958333333332,0.6888888888888889,135,0.1620795107033639,0.7935779816513762,0.5642201834862385,0.6069701813350067,0.14220183486238525,0.28745929276228965,0.9357798165137614,0.8944294740972963,0.39143730886850153,0.36328125,0.9357798165137615,0.39143730886850153,256,0.10552763819095479,0.8944723618090452,0.10552763819095479
emotions,MLC_PA_Logistic,0.30,1,Operating Point,,0.09918327797138865,72,,0.6953551912568307,1.7126145447455643,0.5217391304347826,138,0.1815573770491803,0.8114754098360656,0.5685792349726776,0.6111172188011763,0.09836065573770492,0.21517832251531543,0.9098360655737705,0.8262955413164917,0.3046448087431694,0.32286995515695066,0.8852459016393442,0.3046448087431694,223,0.12966601178781922,0.8703339882121808,0.12966601178781922
emotions,MLC_PA_Logistic,0.30,2,Operating Point,,0.08176419246389666,96,,0.6498599439775911,1.8908689655172415,0.6620689655172414,145,0.17366946778711484,0.7969187675070029,0.5142857142857142,0.5903093203093203,0.134453781512605,0.289760425243897,0.9313725490196079,0.8800697455532173,0.35014005602240894,0.384,0.9243697478991597,0.35014005602240894,250,0.1056034482758621,0.8943965517241379,0.1056034482758621
emotions,MLC_PA_Logistic,0.30,3,Operating Point,,0.09321133655128853,91,,0.6788617886178862,1.852072474559444,0.5947712418300654,153,0.18035230352303522,0.7926829268292683,0.5363143631436316,0.5742504226103112,0.12330623306233057,0.25108716297023226,0.9159891598915989,0.8253375855805435,0.32113821138211385,0.38396624472573837,0.9349593495934959,0.32113821138211385,237,0.12375249500997998,0.87624750499002,0.12375249500997998
emotions,MLC_PA_Logistic,0.30,4,Operating Point,,0.08396164582477526,101,,0.6472222222222223,1.974477328265001,0.696551724137931,145,0.16694444444444442,0.7986111111111112,0.5438888888888889,0.6032960188532944,0.14027777777777772,0.28882189310586326,0.9388888888888889,0.8921179119591577,0.3527777777777778,0.39763779527559057,0.975,0.3527777777777778,254,0.09442060085836912,0.9055793991416309,0.09442060085836912
emotions,MLC_PA_Logistic,0.30,5,Operating Point,,0.08933963791229649,77,,0.7033639143730887,1.9227949599083622,0.5703703703703704,135,0.1776758409785933,0.7935779816513762,0.5642201834862385,0.6069701813350067,0.11773700305810397,0.24130696869981205,0.9113149847094801,0.8482771500348187,0.2966360856269113,0.39690721649484534,0.8990825688073395,0.2966360856269113,194,0.12608695652173907,0.8739130434782609,0.12608695652173907
emotions,MLC_PA_Logistic,0.35,1,Operating Point,,0.09918327797138865,55,,0.7800546448087432,1.812044288414799,0.39855072463768115,138,0.19036885245901636,0.8114754098360656,0.5685792349726776,0.6111172188011763,0.07513661202185795,0.16304329762455272,0.8866120218579235,0.774160516425729,0.21994535519125682,0.3416149068322981,0.7622950819672131,0.21994535519125682,161,0.14535901926444827,0.8546409807355517,0.14535901926444827
emotions,MLC_PA_Logistic,0.35,2,Operating Point,,0.08176419246389666,74,,0.7521008403361344,2.058679135008767,0.5103448275862069,145,0.18620448179271706,0.7969187675070029,0.5142857142857142,0.5903093203093203,0.10364145658263302,0.22851621706869296,0.9005602240896359,0.8188255373780132,0.24789915966386555,0.4180790960451977,0.865546218487395,0.24789915966386555,177,0.13221601489757917,0.8677839851024208,0.13221601489757917
emotions,MLC_PA_Logistic,0.35,3,Operating Point,,0.09321133655128853,68,,0.7750677506775068,1.9759036144578312,0.4444444444444444,153,0.1939024390243902,0.7926829268292683,0.5363143631436316,0.5742504226103112,0.09214092140921404,0.17593910067960872,0.8848238482384824,0.75018952328992,0.22493224932249323,0.40963855421686746,0.8292682926829268,0.22493224932249323,166,0.14860139860139854,0.8513986013986015,0.14860139860139854
emotions,MLC_PA_Logistic,0.35,4,Operating Point,,0.08396164582477526,78,,0.7444444444444445,2.1049475262368817,0.5379310344827586,145,0.18249999999999997,0.7986111111111112,0.5438888888888889,0.6032960188532944,0.10833333333333328,0.22072043413828535,0.9069444444444444,0.8240164529915798,0.25555555555555554,0.42391304347826086,0.8833333333333333,0.25555555555555554,184,0.125,0.875,0.125
emotions,MLC_PA_Logistic,0.35,5,Operating Point,,0.08933963791229649,57,,0.7798165137614679,1.9175925925925925,0.4222222222222222,135,0.19633027522935775,0.7935779816513762,0.5642201834862385,0.6069701813350067,0.08715596330275233,0.18118032150420804,0.8807339449541285,0.7881505028392147,0.22018348623853212,0.3958333333333333,0.7981651376146789,0.22018348623853212,144,0.15294117647058825,0.8470588235294118,0.15294117647058825
emotions,MLC_PA_Logistic,0.40,1,Operating Point,,0.09918327797138865,38,,0.8456284153005464,1.7837629857637551,0.2753623188405797,138,0.19836065573770495,0.8114754098360656,0.5685792349726776,0.6111172188011763,0.051912568306010876,0.10571657072575436,0.8633879781420765,0.7168337895269307,0.15437158469945356,0.336283185840708,0.639344262295082,0.15437158469945356,113,0.16155088852988686,0.8384491114701131,0.16155088852988686
emotions,MLC_PA_Logistic,0.40,2,Operating Point,,0.08176419246389666,52,,0.8375350140056023,2.207372175980975,0.3586206896551724,145,0.1952380952380953,0.7969187675070029,0.5142857142857142,0.5903093203093203,0.07282913165266103,0.15791720921880215,0.8697478991596639,0.7482265295281224,0.16246498599439776,0.4482758620689655,0.6722689075630253,0.16246498599439776,116,0.15551839464882944,0.8444816053511706,0.15551839464882944
emotions,MLC_PA_Logistic,0.40,3,Operating Point,,0.09321133655128853,52,,0.8468834688346883,2.219677251431546,0.33986928104575165,153,0.19810298102981036,0.7926829268292683,0.5363143631436316,0.5742504226103112,0.07046070460704601,0.12385055314964966,0.8631436314363143,0.6981009757599609,0.15311653116531165,0.46017699115044247,0.6910569105691057,0.15311653116531165,113,0.16159999999999997,0.8384,0.16159999999999997
emotions,MLC_PA_Logistic,0.40,4,Operating Point,,0.08396164582477526,46,,0.8611111111111112,2.2841379310344827,0.31724137931034485,145,0.19305555555555556,0.7986111111111112,0.5438888888888889,0.6032960188532944,0.06388888888888888,0.1309326349145089,0.8625,0.7342286537678033,0.1388888888888889,0.46,0.6,0.1388888888888889,100,0.1596774193548387,0.8403225806451613,0.1596774193548387
emotions,MLC_PA_Logistic,0.40,5,Operating Point,,0.08933963791229649,38,,0.8486238532110092,1.859483726150393,0.2814814814814815,135,0.20886850152905198,0.7935779816513762,0.5642201834862385,0.6069701813350067,0.05810397553516822,0.11901665723871169,0.8516819571865444,0.7259868385737184,0.15137614678899083,0.3838383838383838,0.6422018348623854,0.15137614678899083,99,0.17477477477477477,0.8252252252252252,0.17477477477477477
emotions,MLC_PA_Logistic,0.50,1,Operating Point,,0.09918327797138865,0,,1.0,,0.0,138,0.1885245901639344,0.8114754098360656,0.5685792349726776,0.6111172188011763,0.0,0.0,0.8114754098360656,0.6111172188011763,0.0,,0.0,0.0,0,0.1885245901639344,0.8114754098360656,0.1885245901639344
emotions,MLC_PA_Logistic,0.50,2,Operating Point,,0.08176419246389666,0,,1.0,,0.0,145,0.2030812324929972,0.7969187675070029,0.5142857142857142,0.5903093203093203,0.0,0.0,0.7969187675070029,0.5903093203093203,0.0,,0.0,0.0,0,0.20308123249299714,0.7969187675070029,0.20308123249299714
emotions,MLC_PA_Logistic,0.50,3,Operating Point,,0.09321133655128853,0,,1.0,,0.0,153,0.2073170731707317,0.7926829268292683,0.5363143631436316,0.5742504226103112,0.0,0.0,0.7926829268292683,0.5742504226103112,0.0,,0.0,0.0,0,0.20731707317073167,0.7926829268292683,0.20731707317073167
emotions,MLC_PA_Logistic,0.50,4,Operating Point,,0.08396164582477526,0,,1.0,,0.0,145,0.2013888888888889,0.7986111111111112,0.5438888888888889,0.6032960188532944,0.0,0.0,0.7986111111111112,0.6032960188532944,0.0,,0.0,0.0,0,0.20138888888888884,0.7986111111111112,0.20138888888888884
emotions,MLC_PA_Logistic,0.50,5,Operating Point,,0.08933963791229649,0,,1.0,,0.0,135,0.20642201834862386,0.7935779816513762,0.5642201834862385,0.6069701813350067,0.0,0.0,0.7935779816513762,0.6069701813350067,0.0,,0.0,0.0,0,0.20642201834862384,0.7935779816513762,0.20642201834862384
emotions,MLC_PA_MLP,0.20,1,Operating Point,,0.10127706662542785,123,,0.49453551912568305,1.5401300034211427,0.7784810126582279,158,0.14890710382513658,0.7841530054644809,0.5218579234972678,0.5671195173708237,0.16803278688524592,0.3468033908517606,0.9521857923497268,0.9139229082225843,0.505464480874317,0.3324324324324324,0.9918032786885246,0.505464480874317,370,0.09668508287292821,0.9033149171270718,0.09668508287292821
emotions,MLC_PA_MLP,0.20,2,Operating Point,,0.08997580911135387,122,,0.49019607843137253,1.5953846153846156,0.8133333333333334,150,0.14117647058823526,0.7899159663865546,0.5042016806722689,0.6071122527958552,0.17086834733893563,0.32074217887170997,0.9607843137254902,0.9278544316675652,0.5098039215686274,0.33516483516483514,0.9915966386554622,0.5098039215686274,364,0.07999999999999996,0.92,0.07999999999999996
emotions,MLC_PA_MLP,0.20,3,Operating Point,,0.08746538183599448,104,,0.524390243902439,1.5185185185185186,0.7222222222222222,144,0.14932249322493224,0.8048780487804879,0.5756097560975609,0.6081808807748529,0.14092140921409213,0.28913737787143323,0.94579945799458,0.8973182586462861,0.47560975609756095,0.2962962962962963,0.983739837398374,0.47560975609756095,351,0.10335917312661502,0.896640826873385,0.10335917312661502
emotions,MLC_PA_MLP,0.20,4,Operating Point,,0.08476109572609122,123,,0.4638888888888889,1.5822762194032518,0.8482758620689655,145,0.1377777777777778,0.7986111111111112,0.5397222222222222,0.5983474177263791,0.17083333333333328,0.34960687593263506,0.9694444444444444,0.9479542936590142,0.5361111111111111,0.31865284974093266,1.0,0.5361111111111111,386,0.06586826347305386,0.9341317365269461,0.06586826347305386
emotions,MLC_PA_MLP,0.20,5,Operating Point,,0.09839533721192949,104,,0.5091743119266054,1.569539633091035,0.7703703703703704,135,0.14556574923547402,0.7935779816513762,0.5752293577981651,0.6316610154755695,0.15902140672782872,0.29116785011750235,0.9525993883792049,0.9228288655930719,0.4908256880733945,0.32398753894080995,0.981651376146789,0.4908256880733945,321,0.0930930930930931,0.9069069069069069,0.0930930930930931
emotions,MLC_PA_MLP,0.25,1,Operating Point,,0.10127706662542785,108,,0.5997267759562842,1.7076943016373611,0.6835443037974683,158,0.16837431693989072,0.7841530054644809,0.5218579234972678,0.5671195173708237,0.14754098360655743,0.3065575221928126,0.9316939890710383,0.8736770395636363,0.40027322404371585,0.36860068259385664,0.9508196721311475,0.40027322404371585,293,0.11389521640091116,0.8861047835990888,0.11389521640091116
emotions,MLC_PA_MLP,0.25,2,Operating Point,,0.08997580911135387,104,,0.5826330532212886,1.6612080536912752,0.6933333333333334,150,0.16876750700280113,0.7899159663865546,0.5042016806722689,0.6071122527958552,0.14565826330532217,0.271700826094623,0.9355742296918768,0.8788130788904782,0.4173669467787115,0.348993288590604,0.9663865546218487,0.4173669467787115,298,0.11057692307692313,0.8894230769230769,0.11057692307692313
emotions,MLC_PA_MLP,0.25,3,Operating Point,,0.08746538183599448,92,,0.6287262872628726,1.720802919708029,0.6388888888888888,144,0.1632791327913279,0.8048780487804879,0.5756097560975609,0.6081808807748529,0.12466124661246614,0.2508858252732652,0.929539295392954,0.8590667060481181,0.3712737127371274,0.3357664233576642,0.959349593495935,0.3712737127371274,274,0.11206896551724133,0.8879310344827587,0.11206896551724133
emotions,MLC_PA_MLP,0.25,4,Operating Point,,0.08476109572609122,105,,0.5736111111111111,1.6983039424912951,0.7241379310344828,145,0.16215277777777778,0.7986111111111112,0.5397222222222222,0.5983474177263791,0.14583333333333326,0.3027824614578948,0.9444444444444444,0.9011298791842739,0.4263888888888889,0.34201954397394135,0.9833333333333333,0.4263888888888889,307,0.09685230024213076,0.9031476997578692,0.09685230024213076
emotions,MLC_PA_MLP,0.25,5,Operating Point,,0.09839533721192949,83,,0.6131498470948012,1.589284145805885,0.6148148148148148,135,0.17622324159021407,0.7935779816513762,0.5752293577981651,0.6316610154755695,0.12691131498470942,0.23323436157028887,0.9204892966360856,0.8648953770458584,0.38685015290519875,0.32806324110671936,0.944954128440367,0.38685015290519875,253,0.1296758104738155,0.8703241895261845,0.1296758104738155
emotions,MLC_PA_MLP,0.30,1,Operating Point,,0.10127706662542785,82,,0.7199453551912568,1.8531645569620254,0.5189873417721519,158,0.1878415300546448,0.7841530054644809,0.5218579234972678,0.5671195173708237,0.11202185792349728,0.236291888797742,0.8961748633879781,0.8034114061685657,0.28005464480874315,0.4,0.8524590163934426,0.28005464480874315,205,0.14421252371916515,0.8557874762808348,0.14421252371916515
emotions,MLC_PA_MLP,0.30,2,Operating Point,,0.08997580911135387,93,,0.6764705882352942,1.9163636363636363,0.62,150,0.17689075630252102,0.7899159663865546,0.5042016806722689,0.6071122527958552,0.13025210084033623,0.244413612318918,0.9201680672268908,0.8515258651147732,0.3235294117647059,0.4025974025974026,0.9327731092436975,0.3235294117647059,231,0.11801242236024845,0.8819875776397516,0.11801242236024845
emotions,MLC_PA_MLP,0.30,3,Operating Point,,0.08746538183599448,72,,0.7249322493224932,1.8177339901477834,0.5,144,0.1800813008130081,0.8048780487804879,0.5756097560975609,0.6081808807748529,0.09756097560975607,0.18707487144292456,0.9024390243902439,0.7952557522177774,0.2750677506775068,0.35467980295566504,0.8780487804878049,0.2750677506775068,203,0.1345794392523365,0.8654205607476635,0.1345794392523365
emotions,MLC_PA_MLP,0.30,4,Operating Point,,0.08476109572609122,88,,0.6722222222222223,1.8515488018702513,0.6068965517241379,145,0.1775,0.7986111111111112,0.5397222222222222,0.5983474177263791,0.12222222222222223,0.2542485196153208,0.9208333333333334,0.8525959373416999,0.3277777777777778,0.3728813559322034,0.95,0.3277777777777778,236,0.11776859504132231,0.8822314049586777,0.11776859504132231
emotions,MLC_PA_MLP,0.30,5,Operating Point,,0.09839533721192949,74,,0.6896024464831805,1.7659551176792556,0.5481481481481482,135,0.18639143730886854,0.7935779816513762,0.5752293577981651,0.6316610154755695,0.11314984709480125,0.20925884343283652,0.9067278287461774,0.840919858908406,0.3103975535168196,0.3645320197044335,0.8623853211009175,0.3103975535168196,203,0.1352549889135255,0.8647450110864745,0.1352549889135255
emotions,MLC_PA_MLP,0.35,1,Operating Point,,0.10127706662542785,64,,0.7841530054644809,1.8766223361640764,0.4050632911392405,158,0.20396174863387972,0.7841530054644809,0.5218579234972678,0.5671195173708237,0.08743169398907102,0.1654785839869607,0.8715846994535519,0.7325981013577844,0.21584699453551912,0.4050632911392405,0.7786885245901639,0.21584699453551912,158,0.16376306620209058,0.8362369337979094,0.16376306620209058
emotions,MLC_PA_MLP,0.35,2,Operating Point,,0.08997580911135387,73,,0.7689075630252101,2.1059393939393938,0.4866666666666667,150,0.18872549019607834,0.7899159663865546,0.5042016806722689,0.6071122527958552,0.10224089635854339,0.1943096296055189,0.892156862745098,0.8014218824013741,0.23109243697478993,0.44242424242424244,0.8487394957983193,0.23109243697478993,165,0.14025500910746813,0.8597449908925319,0.14025500910746813
emotions,MLC_PA_MLP,0.35,3,Operating Point,,0.08746538183599448,62,,0.7899728997289973,2.0500000000000003,0.4305555555555556,144,0.18462059620596202,0.8048780487804879,0.5756097560975609,0.6081808807748529,0.08401084010840099,0.1554492481636386,0.8888888888888888,0.7636301289384915,0.21002710027100271,0.4,0.7398373983739838,0.21002710027100271,155,0.14065180102915953,0.8593481989708405,0.14065180102915953
emotions,MLC_PA_MLP,0.35,4,Operating Point,,0.08476109572609122,70,,0.7666666666666667,2.0689655172413794,0.4827586206896552,145,0.18583333333333335,0.7986111111111112,0.5397222222222222,0.5983474177263791,0.09722222222222221,0.20567838323278376,0.8958333333333334,0.8040258009591629,0.23333333333333334,0.4166666666666667,0.8333333333333334,0.23333333333333334,168,0.13586956521739135,0.8641304347826086,0.13586956521739135
emotions,MLC_PA_MLP,0.35,5,Operating Point,,0.09839533721192949,58,,0.7737003058103975,1.8984984984984985,0.42962962962962964,135,0.1969418960244648,0.7935779816513762,0.5752293577981651,0.6316610154755695,0.08868501529051986,0.16116711474431,0.882262996941896,0.7928281302198795,0.22629969418960244,0.3918918918918919,0.7431192660550459,0.22629969418960244,148,0.15217391304347827,0.8478260869565217,0.15217391304347827
emotions,MLC_PA_MLP,0.40,1,Operating Point,,0.10127706662542785,46,,0.8633879781420765,2.1311392405063287,0.2911392405063291,158,0.20765027322404375,0.7841530054644809,0.5218579234972678,0.5671195173708237,0.06284153005464488,0.1208979176079118,0.8469945355191257,0.6880174349787355,0.1366120218579235,0.46,0.6311475409836066,0.1366120218579235,100,0.17721518987341778,0.8227848101265822,0.17721518987341778
emotions,MLC_PA_MLP,0.40,2,Operating Point,,0.08997580911135387,50,,0.84593837535014,2.1636363636363636,0.3333333333333333,150,0.20168067226890765,0.7899159663865546,0.5042016806722689,0.6071122527958552,0.07002801120448188,0.1277471095071161,0.8599439775910365,0.7348593623029713,0.15406162464985995,0.45454545454545453,0.6722689075630253,0.15406162464985995,110,0.16556291390728473,0.8344370860927153,0.16556291390728473
emotions,MLC_PA_MLP,0.40,3,Operating Point,,0.08746538183599448,40,,0.8685636856368564,2.11340206185567,0.2777777777777778,144,0.19349593495934958,0.8048780487804879,0.5756097560975609,0.6081808807748529,0.054200542005420016,0.09344497874574342,0.8590785907859079,0.7016258595205963,0.13143631436314362,0.41237113402061853,0.5691056910569106,0.13143631436314362,97,0.16224648985959433,0.8377535101404057,0.16224648985959433
emotions,MLC_PA_MLP,0.40,4,Operating Point,,0.08476109572609122,50,,0.8430555555555556,2.197131522734208,0.3448275862068966,145,0.1947222222222222,0.7986111111111112,0.5397222222222222,0.5983474177263791,0.06944444444444442,0.14575031012420914,0.8680555555555556,0.7440977278505883,0.15694444444444444,0.4424778761061947,0.675,0.15694444444444444,113,0.15650741350906094,0.8434925864909391,0.15650741350906094
emotions,MLC_PA_MLP,0.40,5,Operating Point,,0.09839533721192949,39,,0.8547400611620795,1.9887719298245612,0.28888888888888886,135,0.2048929663608563,0.7935779816513762,0.5752293577981651,0.6316610154755695,0.059633027522935755,0.1073174636126929,0.8532110091743119,0.7389784790882624,0.1452599388379205,0.4105263157894737,0.6146788990825688,0.1452599388379205,95,0.17173524150268338,0.8282647584973166,0.17173524150268338
emotions,MLC_PA_MLP,0.50,1,Operating Point,,0.10127706662542785,0,,1.0,,0.0,158,0.21584699453551912,0.7841530054644809,0.5218579234972678,0.5671195173708237,0.0,0.0,0.7841530054644809,0.5671195173708237,0.0,,0.0,0.0,0,0.21584699453551914,0.7841530054644809,0.21584699453551914
emotions,MLC_PA_MLP,0.50,2,Operating Point,,0.08997580911135387,0,,1.0,,0.0,150,0.21008403361344538,0.7899159663865546,0.5042016806722689,0.6071122527958552,0.0,0.0,0.7899159663865546,0.6071122527958552,0.0,,0.0,0.0,0,0.2100840336134454,0.7899159663865546,0.2100840336134454
emotions,MLC_PA_MLP,0.50,3,Operating Point,,0.08746538183599448,0,,1.0,,0.0,144,0.1951219512195122,0.8048780487804879,0.5756097560975609,0.6081808807748529,0.0,0.0,0.8048780487804879,0.6081808807748529,0.0,,0.0,0.0,0,0.19512195121951215,0.8048780487804879,0.19512195121951215
emotions,MLC_PA_MLP,0.50,4,Operating Point,,0.08476109572609122,0,,1.0,,0.0,145,0.2013888888888889,0.7986111111111112,0.5397222222222222,0.5983474177263791,0.0,0.0,0.7986111111111112,0.5983474177263791,0.0,,0.0,0.0,0,0.20138888888888884,0.7986111111111112,0.20138888888888884
emotions,MLC_PA_MLP,0.50,5,Operating Point,,0.09839533721192949,0,,1.0,,0.0,135,0.20642201834862386,0.7935779816513762,0.5752293577981651,0.6316610154755695,0.0,0.0,0.7935779816513762,0.6316610154755695,0.0,,0.0,0.0,0,0.20642201834862384,0.7935779816513762,0.20642201834862384
emotions,GSI_MLC_PA_Logistic,0.20,1,Operating Point,,0.09560462843519942,120,,0.28005464480874315,1.2166373495477778,0.8759124087591241,137,0.16721311475409836,0.8128415300546448,0.5726775956284152,0.6159443663680951,0.16393442622950827,0.35082968104902457,0.976775956284153,0.9667740474171197,0.7199453551912568,0.22770398481973433,1.0,0.7199453551912568,527,0.08292682926829265,0.9170731707317074,0.08292682926829265
emotions,GSI_MLC_PA_Logistic,0.20,2,Operating Point,,0.07871821327807783,122,,0.39215686274509803,1.3938172043010755,0.8472222222222222,144,0.15238095238095237,0.7983193277310925,0.5198879551820728,0.5993733517310752,0.17086834733893552,0.3550952267763897,0.969187675070028,0.9544685785074649,0.6078431372549019,0.28110599078341014,0.9915966386554622,0.6078431372549019,434,0.07857142857142851,0.9214285714285715,0.07857142857142851
emotions,GSI_MLC_PA_Logistic,0.20,3,Operating Point,,0.08973832816545323,130,,0.2981029810298103,1.2514348325159135,0.8783783783783784,148,0.164769647696477,0.7994579945799458,0.5262872628726287,0.5751188053074846,0.17615176151761514,0.3839788001641894,0.975609756097561,0.959097605471674,0.7018970189701897,0.25096525096525096,1.0,0.7018970189701897,518,0.08181818181818179,0.9181818181818182,0.08181818181818179
emotions,GSI_MLC_PA_Logistic,0.20,4,Operating Point,,0.08058472741703561,127,,0.4041666666666667,1.4499785928357356,0.8639455782312925,147,0.14694444444444446,0.7958333333333334,0.5330555555555556,0.5880736987611576,0.17638888888888882,0.3631119771764538,0.9722222222222222,0.9511856759376114,0.5958333333333333,0.29603729603729606,0.9916666666666667,0.5958333333333333,429,0.06872852233676974,0.9312714776632303,0.06872852233676974
emotions,GSI_MLC_PA_Logistic,0.20,5,Operating Point,,0.09238640949357338,125,,0.3669724770642202,1.4104554865424432,0.8928571428571429,140,0.14954128440366976,0.7859327217125383,0.5391437308868502,0.5865376050446162,0.191131498470948,0.38073197084564936,0.9770642201834863,0.9672695758902655,0.6330275229357798,0.30193236714975846,0.9908256880733946,0.6330275229357798,414,0.0625,0.9375,0.0625
emotions,GSI_MLC_PA_Logistic,0.25,1,Operating Point,,0.09560462843519942,120,,0.28005464480874315,1.2166373495477778,0.8759124087591241,137,0.2032103825136612,0.8128415300546448,0.5726775956284152,0.6159443663680951,0.16393442622950827,0.35082968104902457,0.976775956284153,0.9667740474171197,0.7199453551912568,0.22770398481973433,1.0,0.7199453551912568,527,0.08292682926829265,0.9170731707317074,0.08292682926829265
emotions,GSI_MLC_PA_Logistic,0.25,2,Operating Point,,0.07871821327807783,122,,0.39215686274509803,1.3938172043010755,0.8472222222222222,144,0.18277310924369747,0.7983193277310925,0.5198879551820728,0.5993733517310752,0.17086834733893552,0.3550952267763897,0.969187675070028,0.9544685785074649,0.6078431372549019,0.28110599078341014,0.9915966386554622,0.6078431372549019,434,0.07857142857142851,0.9214285714285715,0.07857142857142851
emotions,GSI_MLC_PA_Logistic,0.25,3,Operating Point,,0.08973832816545323,130,,0.2981029810298103,1.2514348325159135,0.8783783783783784,148,0.19986449864498645,0.7994579945799458,0.5262872628726287,0.5751188053074846,0.17615176151761514,0.3839788001641894,0.975609756097561,0.959097605471674,0.7018970189701897,0.25096525096525096,1.0,0.7018970189701897,518,0.08181818181818179,0.9181818181818182,0.08181818181818179
emotions,GSI_MLC_PA_Logistic,0.25,4,Operating Point,,0.08058472741703561,127,,0.4041666666666667,1.4499785928357356,0.8639455782312925,147,0.17673611111111112,0.7958333333333334,0.5330555555555556,0.5880736987611576,0.17638888888888882,0.3631119771764538,0.9722222222222222,0.9511856759376114,0.5958333333333333,0.29603729603729606,0.9916666666666667,0.5958333333333333,429,0.06872852233676974,0.9312714776632303,0.06872852233676974
emotions,GSI_MLC_PA_Logistic,0.25,5,Operating Point,,0.09238640949357338,125,,0.3669724770642202,1.4104554865424432,0.8928571428571429,140,0.1811926605504587,0.7859327217125383,0.5391437308868502,0.5865376050446162,0.191131498470948,0.38073197084564936,0.9770642201834863,0.9672695758902655,0.6330275229357798,0.30193236714975846,0.9908256880733946,0.6330275229357798,414,0.0625,0.9375,0.0625
emotions,GSI_MLC_PA_Logistic,0.30,1,Operating Point,,0.09560462843519942,120,,0.28005464480874315,1.2166373495477778,0.8759124087591241,137,0.23920765027322405,0.8128415300546448,0.5726775956284152,0.6159443663680951,0.16393442622950827,0.35082968104902457,0.976775956284153,0.9667740474171197,0.7199453551912568,0.22770398481973433,1.0,0.7199453551912568,527,0.08292682926829265,0.9170731707317074,0.08292682926829265
emotions,GSI_MLC_PA_Logistic,0.30,2,Operating Point,,0.07871821327807783,122,,0.39215686274509803,1.3938172043010755,0.8472222222222222,144,0.2131652661064426,0.7983193277310925,0.5198879551820728,0.5993733517310752,0.17086834733893552,0.3550952267763897,0.969187675070028,0.9544685785074649,0.6078431372549019,0.28110599078341014,0.9915966386554622,0.6078431372549019,434,0.07857142857142851,0.9214285714285715,0.07857142857142851
emotions,GSI_MLC_PA_Logistic,0.30,3,Operating Point,,0.08973832816545323,130,,0.2981029810298103,1.2514348325159135,0.8783783783783784,148,0.234959349593496,0.7994579945799458,0.5262872628726287,0.5751188053074846,0.17615176151761514,0.3839788001641894,0.975609756097561,0.959097605471674,0.7018970189701897,0.25096525096525096,1.0,0.7018970189701897,518,0.08181818181818179,0.9181818181818182,0.08181818181818179
emotions,GSI_MLC_PA_Logistic,0.30,4,Operating Point,,0.08058472741703561,127,,0.4041666666666667,1.4499785928357356,0.8639455782312925,147,0.20652777777777775,0.7958333333333334,0.5330555555555556,0.5880736987611576,0.17638888888888882,0.3631119771764538,0.9722222222222222,0.9511856759376114,0.5958333333333333,0.29603729603729606,0.9916666666666667,0.5958333333333333,429,0.06872852233676974,0.9312714776632303,0.06872852233676974
emotions,GSI_MLC_PA_Logistic,0.30,5,Operating Point,,0.09238640949357338,125,,0.3669724770642202,1.4104554865424432,0.8928571428571429,140,0.2128440366972477,0.7859327217125383,0.5391437308868502,0.5865376050446162,0.191131498470948,0.38073197084564936,0.9770642201834863,0.9672695758902655,0.6330275229357798,0.30193236714975846,0.9908256880733946,0.6330275229357798,414,0.0625,0.9375,0.0625
emotions,GSI_MLC_PA_Logistic,0.35,1,Operating Point,,0.09560462843519942,120,,0.28005464480874315,1.2166373495477778,0.8759124087591241,137,0.27520491803278685,0.8128415300546448,0.5726775956284152,0.6159443663680951,0.16393442622950827,0.35082968104902457,0.976775956284153,0.9667740474171197,0.7199453551912568,0.22770398481973433,1.0,0.7199453551912568,527,0.08292682926829265,0.9170731707317074,0.08292682926829265
emotions,GSI_MLC_PA_Logistic,0.35,2,Operating Point,,0.07871821327807783,122,,0.39215686274509803,1.3938172043010755,0.8472222222222222,144,0.24355742296918767,0.7983193277310925,0.5198879551820728,0.5993733517310752,0.17086834733893552,0.3550952267763897,0.969187675070028,0.9544685785074649,0.6078431372549019,0.28110599078341014,0.9915966386554622,0.6078431372549019,434,0.07857142857142851,0.9214285714285715,0.07857142857142851
emotions,GSI_MLC_PA_Logistic,0.35,3,Operating Point,,0.08973832816545323,130,,0.2981029810298103,1.2514348325159135,0.8783783783783784,148,0.27005420054200535,0.7994579945799458,0.5262872628726287,0.5751188053074846,0.17615176151761514,0.3839788001641894,0.975609756097561,0.959097605471674,0.7018970189701897,0.25096525096525096,1.0,0.7018970189701897,518,0.08181818181818179,0.9181818181818182,0.08181818181818179
emotions,GSI_MLC_PA_Logistic,0.35,4,Operating Point,,0.08058472741703561,127,,0.4041666666666667,1.4499785928357356,0.8639455782312925,147,0.23631944444444444,0.7958333333333334,0.5330555555555556,0.5880736987611576,0.17638888888888882,0.3631119771764538,0.9722222222222222,0.9511856759376114,0.5958333333333333,0.29603729603729606,0.9916666666666667,0.5958333333333333,429,0.06872852233676974,0.9312714776632303,0.06872852233676974
emotions,GSI_MLC_PA_Logistic,0.35,5,Operating Point,,0.09238640949357338,125,,0.3669724770642202,1.4104554865424432,0.8928571428571429,140,0.24449541284403667,0.7859327217125383,0.5391437308868502,0.5865376050446162,0.191131498470948,0.38073197084564936,0.9770642201834863,0.9672695758902655,0.6330275229357798,0.30193236714975846,0.9908256880733946,0.6330275229357798,414,0.0625,0.9375,0.0625
emotions,GSI_MLC_PA_Logistic,0.40,1,Operating Point,,0.09560462843519942,50,,0.73224043715847,1.3630269626098614,0.36496350364963503,137,0.4882513661202185,0.8128415300546448,0.5726775956284152,0.6159443663680951,-0.19398907103825125,0.07448715159896135,0.6188524590163935,0.6904315179670565,0.2677595628415301,0.25510204081632654,0.8524590163934426,0.2677595628415301,196,0.5205223880597015,0.4794776119402985,0.5205223880597015
emotions,GSI_MLC_PA_Logistic,0.40,2,Operating Point,,0.07871821327807783,122,,0.39215686274509803,1.3938172043010755,0.8472222222222222,144,0.27394957983193274,0.7983193277310925,0.5198879551820728,0.5993733517310752,0.17086834733893552,0.3550952267763897,0.969187675070028,0.9544685785074649,0.6078431372549019,0.28110599078341014,0.9915966386554622,0.6078431372549019,434,0.07857142857142851,0.9214285714285715,0.07857142857142851
emotions,GSI_MLC_PA_Logistic,0.40,3,Operating Point,,0.08973832816545323,81,,0.575880758807588,1.2904326051290906,0.5472972972972973,148,0.43116531165311667,0.7994579945799458,0.5262872628726287,0.5751188053074846,-0.060975609756097615,0.2043362205216095,0.7384823848238482,0.7794550258290941,0.4241192411924119,0.25878594249201275,0.983739837398374,0.4241192411924119,313,0.4541176470588235,0.5458823529411765,0.4541176470588235
emotions,GSI_MLC_PA_Logistic,0.40,4,Operating Point,,0.08058472741703561,106,,0.5388888888888889,1.5638062453897221,0.7210884353741497,147,0.3288888888888889,0.7958333333333334,0.5330555555555556,0.5880736987611576,0.05972222222222223,0.27494034488717456,0.8555555555555556,0.8630140436483321,0.46111111111111114,0.3192771084337349,0.9666666666666667,0.46111111111111114,332,0.268041237113402,0.731958762886598,0.268041237113402
emotions,GSI_MLC_PA_Logistic,0.40,5,Operating Point,,0.09238640949357338,105,,0.5091743119266054,1.52803738317757,0.75,140,0.3262996941896025,0.7859327217125383,0.5391437308868502,0.5865376050446162,0.08409785932721714,0.30239760679699956,0.8700305810397554,0.8889352118416157,0.4908256880733945,0.32710280373831774,0.9908256880733946,0.4908256880733945,321,0.2552552552552553,0.7447447447447447,0.2552552552552553
emotions,GSI_MLC_PA_Logistic,0.50,1,Operating Point,,0.09560462843519942,24,,0.8442622950819673,1.1248559354590857,0.17518248175182483,137,0.5437158469945356,0.8128415300546448,0.5726775956284152,0.6159443663680951,-0.2786885245901639,0.01928337639518607,0.5341530054644809,0.6352277427632812,0.1557377049180328,0.21052631578947367,0.7295081967213115,0.1557377049180328,114,0.551779935275081,0.44822006472491904,0.551779935275081
emotions,GSI_MLC_PA_Logistic,0.50,2,Operating Point,,0.07871821327807783,68,,0.6456582633053222,1.3326745718050066,0.4722222222222222,144,0.44047619047619047,0.7983193277310925,0.5198879551820728,0.5993733517310752,-0.06162464985994398,0.1793013078858594,0.7366946778711485,0.7786746596169346,0.3543417366946779,0.26877470355731226,0.9411764705882353,0.3543417366946779,253,0.4078091106290672,0.5921908893709328,0.4078091106290672
emotions,GSI_MLC_PA_Logistic,0.50,3,Operating Point,,0.08973832816545323,21,,0.9119241192411924,1.611018711018711,0.14189189189189189,148,0.6307588075880759,0.7994579945799458,0.5262872628726287,0.5751188053074846,-0.38617886178861793,-0.034060192867293226,0.4132791327913279,0.5410586124401914,0.08807588075880758,0.3230769230769231,0.5284552845528455,0.08807588075880758,65,0.6433878157503715,0.3566121842496285,0.6433878157503715
emotions,GSI_MLC_PA_Logistic,0.50,4,Operating Point,,0.08058472741703561,48,,0.7805555555555556,1.4879876001033323,0.32653061224489793,147,0.4597222222222222,0.7958333333333334,0.5330555555555556,0.5880736987611576,-0.14583333333333337,0.1300000421106725,0.65,0.7180737408718301,0.21944444444444444,0.3037974683544304,0.7916666666666666,0.21944444444444444,158,0.4483985765124555,0.5516014234875445,0.4483985765124555
emotions,GSI_MLC_PA_Logistic,0.50,5,Operating Point,,0.09238640949357338,37,,0.8440366972477065,1.6945378151260504,0.2642857142857143,140,0.5107033639143731,0.7859327217125383,0.5391437308868502,0.5865376050446162,-0.21865443425076458,0.08426902755730914,0.5672782874617737,0.6708066326019253,0.1559633027522936,0.3627450980392157,0.7981651376146789,0.1559633027522936,102,0.5126811594202898,0.4873188405797102,0.5126811594202898
emotions,GSI_MLC_PA_MLP,0.20,1,Operating Point,,0.10066924909672527,141,,0.24180327868852458,1.199790758500436,0.9096774193548387,155,0.17076502732240437,0.7882513661202186,0.5049180327868852,0.5702353214213689,0.19262295081967207,0.39630581200501036,0.9808743169398907,0.9665411334263793,0.7581967213114754,0.25405405405405407,1.0,0.7581967213114754,555,0.07909604519774016,0.9209039548022598,0.07909604519774016
emotions,GSI_MLC_PA_MLP,0.20,2,Operating Point,,0.08997580911135387,132,,0.3739495798319328,1.4056375838926174,0.88,150,0.1504201680672269,0.7899159663865546,0.5042016806722689,0.6071122527958552,0.18487394957983194,0.34977762698524995,0.9747899159663865,0.9568898797811052,0.6260504201680672,0.2953020134228188,0.9915966386554622,0.6260504201680672,447,0.0674157303370786,0.9325842696629214,0.0674157303370786
emotions,GSI_MLC_PA_MLP,0.20,3,Operating Point,,0.08746538183599448,124,,0.3780487804878049,1.3845315904139435,0.8611111111111112,144,0.15149051490514906,0.8048780487804879,0.5756097560975609,0.6081808807748529,0.16802168021680208,0.3391865952586911,0.9728997289972899,0.947367476033544,0.6219512195121951,0.2701525054466231,0.991869918699187,0.6219512195121951,459,0.07168458781362008,0.9283154121863799,0.07168458781362008
emotions,GSI_MLC_PA_MLP,0.20,4,Operating Point,,0.08476109572609122,130,,0.3,1.2807881773399017,0.896551724137931,145,0.16083333333333336,0.7986111111111112,0.5397222222222222,0.5983474177263791,0.18055555555555547,0.36683240565091757,0.9791666666666666,0.9651798233772967,0.7,0.25793650793650796,1.0,0.7,504,0.06944444444444442,0.9305555555555556,0.06944444444444442
emotions,GSI_MLC_PA_MLP,0.20,5,Operating Point,,0.09839533721192949,117,,0.3761467889908257,1.3892156862745098,0.8666666666666667,135,0.1522935779816514,0.7935779816513762,0.5752293577981651,0.6316610154755695,0.17889908256880727,0.3238081198239352,0.9724770642201834,0.9554691352995047,0.6238532110091743,0.2867647058823529,1.0,0.6238532110091743,408,0.07317073170731703,0.926829268292683,0.07317073170731703
emotions,GSI_MLC_PA_MLP,0.25,1,Operating Point,,0.10066924909672527,141,,0.24180327868852458,1.199790758500436,0.9096774193548387,155,0.20867486338797814,0.7882513661202186,0.5049180327868852,0.5702353214213689,0.19262295081967207,0.39630581200501036,0.9808743169398907,0.9665411334263793,0.7581967213114754,0.25405405405405407,1.0,0.7581967213114754,555,0.07909604519774016,0.9209039548022598,0.07909604519774016
emotions,GSI_MLC_PA_MLP,0.25,2,Operating Point,,0.08997580911135387,132,,0.3739495798319328,1.4056375838926174,0.88,150,0.18172268907563024,0.7899159663865546,0.5042016806722689,0.6071122527958552,0.18487394957983194,0.34977762698524995,0.9747899159663865,0.9568898797811052,0.6260504201680672,0.2953020134228188,0.9915966386554622,0.6260504201680672,447,0.0674157303370786,0.9325842696629214,0.0674157303370786
emotions,GSI_MLC_PA_MLP,0.25,3,Operating Point,,0.08746538183599448,124,,0.3780487804878049,1.3845315904139435,0.8611111111111112,144,0.18258807588075882,0.8048780487804879,0.5756097560975609,0.6081808807748529,0.16802168021680208,0.3391865952586911,0.9728997289972899,0.947367476033544,0.6219512195121951,0.2701525054466231,0.991869918699187,0.6219512195121951,459,0.07168458781362008,0.9283154121863799,0.07168458781362008
emotions,GSI_MLC_PA_MLP,0.25,4,Operating Point,,0.08476109572609122,130,,0.3,1.2807881773399017,0.896551724137931,145,0.19583333333333333,0.7986111111111112,0.5397222222222222,0.5983474177263791,0.18055555555555547,0.36683240565091757,0.9791666666666666,0.9651798233772967,0.7,0.25793650793650796,1.0,0.7,504,0.06944444444444442,0.9305555555555556,0.06944444444444442
emotions,GSI_MLC_PA_MLP,0.25,5,Operating Point,,0.09839533721192949,117,,0.3761467889908257,1.3892156862745098,0.8666666666666667,135,0.1834862385321101,0.7935779816513762,0.5752293577981651,0.6316610154755695,0.17889908256880727,0.3238081198239352,0.9724770642201834,0.9554691352995047,0.6238532110091743,0.2867647058823529,1.0,0.6238532110091743,408,0.07317073170731703,0.926829268292683,0.07317073170731703
emotions,GSI_MLC_PA_MLP,0.30,1,Operating Point,,0.10066924909672527,141,,0.24180327868852458,1.199790758500436,0.9096774193548387,155,0.2465846994535519,0.7882513661202186,0.5049180327868852,0.5702353214213689,0.19262295081967207,0.39630581200501036,0.9808743169398907,0.9665411334263793,0.7581967213114754,0.25405405405405407,1.0,0.7581967213114754,555,0.07909604519774016,0.9209039548022598,0.07909604519774016
emotions,GSI_MLC_PA_MLP,0.30,2,Operating Point,,0.08997580911135387,132,,0.3739495798319328,1.4056375838926174,0.88,150,0.21302521008403358,0.7899159663865546,0.5042016806722689,0.6071122527958552,0.18487394957983194,0.34977762698524995,0.9747899159663865,0.9568898797811052,0.6260504201680672,0.2953020134228188,0.9915966386554622,0.6260504201680672,447,0.0674157303370786,0.9325842696629214,0.0674157303370786
emotions,GSI_MLC_PA_MLP,0.30,3,Operating Point,,0.08746538183599448,124,,0.3780487804878049,1.3845315904139435,0.8611111111111112,144,0.21368563685636854,0.8048780487804879,0.5756097560975609,0.6081808807748529,0.16802168021680208,0.3391865952586911,0.9728997289972899,0.947367476033544,0.6219512195121951,0.2701525054466231,0.991869918699187,0.6219512195121951,459,0.07168458781362008,0.9283154121863799,0.07168458781362008
emotions,GSI_MLC_PA_MLP,0.30,4,Operating Point,,0.08476109572609122,130,,0.3,1.2807881773399017,0.896551724137931,145,0.2308333333333333,0.7986111111111112,0.5397222222222222,0.5983474177263791,0.18055555555555547,0.36683240565091757,0.9791666666666666,0.9651798233772967,0.7,0.25793650793650796,1.0,0.7,504,0.06944444444444442,0.9305555555555556,0.06944444444444442
emotions,GSI_MLC_PA_MLP,0.30,5,Operating Point,,0.09839533721192949,117,,0.3761467889908257,1.3892156862745098,0.8666666666666667,135,0.21467889908256876,0.7935779816513762,0.5752293577981651,0.6316610154755695,0.17889908256880727,0.3238081198239352,0.9724770642201834,0.9554691352995047,0.6238532110091743,0.2867647058823529,1.0,0.6238532110091743,408,0.07317073170731703,0.926829268292683,0.07317073170731703
emotions,GSI_MLC_PA_MLP,0.35,1,Operating Point,,0.10066924909672527,141,,0.24180327868852458,1.199790758500436,0.9096774193548387,155,0.2844945355191257,0.7882513661202186,0.5049180327868852,0.5702353214213689,0.19262295081967207,0.39630581200501036,0.9808743169398907,0.9665411334263793,0.7581967213114754,0.25405405405405407,1.0,0.7581967213114754,555,0.07909604519774016,0.9209039548022598,0.07909604519774016
emotions,GSI_MLC_PA_MLP,0.35,2,Operating Point,,0.08997580911135387,132,,0.3739495798319328,1.4056375838926174,0.88,150,0.24432773109243697,0.7899159663865546,0.5042016806722689,0.6071122527958552,0.18487394957983194,0.34977762698524995,0.9747899159663865,0.9568898797811052,0.6260504201680672,0.2953020134228188,0.9915966386554622,0.6260504201680672,447,0.0674157303370786,0.9325842696629214,0.0674157303370786
emotions,GSI_MLC_PA_MLP,0.35,3,Operating Point,,0.08746538183599448,124,,0.3780487804878049,1.3845315904139435,0.8611111111111112,144,0.2447831978319783,0.8048780487804879,0.5756097560975609,0.6081808807748529,0.16802168021680208,0.3391865952586911,0.9728997289972899,0.947367476033544,0.6219512195121951,0.2701525054466231,0.991869918699187,0.6219512195121951,459,0.07168458781362008,0.9283154121863799,0.07168458781362008
emotions,GSI_MLC_PA_MLP,0.35,4,Operating Point,,0.08476109572609122,130,,0.3,1.2807881773399017,0.896551724137931,145,0.2658333333333333,0.7986111111111112,0.5397222222222222,0.5983474177263791,0.18055555555555547,0.36683240565091757,0.9791666666666666,0.9651798233772967,0.7,0.25793650793650796,1.0,0.7,504,0.06944444444444442,0.9305555555555556,0.06944444444444442
emotions,GSI_MLC_PA_MLP,0.35,5,Operating Point,,0.09839533721192949,117,,0.3761467889908257,1.3892156862745098,0.8666666666666667,135,0.24587155963302745,0.7935779816513762,0.5752293577981651,0.6316610154755695,0.17889908256880727,0.3238081198239352,0.9724770642201834,0.9554691352995047,0.6238532110091743,0.2867647058823529,1.0,0.6238532110091743,408,0.07317073170731703,0.926829268292683,0.07317073170731703
emotions,GSI_MLC_PA_MLP,0.40,1,Operating Point,,0.10066924909672527,85,,0.5450819672131147,1.205463528044173,0.5483870967741935,155,0.4401639344262296,0.7882513661202186,0.5049180327868852,0.5702353214213689,-0.04644808743169404,0.21164029830723863,0.7418032786885246,0.7818756197286075,0.45491803278688525,0.2552552552552553,1.0,0.45491803278688525,333,0.4736842105263157,0.5263157894736843,0.4736842105263157
emotions,GSI_MLC_PA_MLP,0.40,2,Operating Point,,0.08997580911135387,132,,0.3739495798319328,1.4056375838926174,0.88,150,0.2756302521008404,0.7899159663865546,0.5042016806722689,0.6071122527958552,0.18487394957983194,0.34977762698524995,0.9747899159663865,0.9568898797811052,0.6260504201680672,0.2953020134228188,0.9915966386554622,0.6260504201680672,447,0.0674157303370786,0.9325842696629214,0.0674157303370786
emotions,GSI_MLC_PA_MLP,0.40,3,Operating Point,,0.08746538183599448,124,,0.3780487804878049,1.3845315904139435,0.8611111111111112,144,0.27588075880758806,0.8048780487804879,0.5756097560975609,0.6081808807748529,0.16802168021680208,0.3391865952586911,0.9728997289972899,0.947367476033544,0.6219512195121951,0.2701525054466231,0.991869918699187,0.6219512195121951,459,0.07168458781362008,0.9283154121863799,0.07168458781362008
emotions,GSI_MLC_PA_MLP,0.40,4,Operating Point,,0.08476109572609122,108,,0.4486111111111111,1.35082081125684,0.7448275862068966,145,0.35944444444444446,0.7986111111111112,0.5397222222222222,0.5983474177263791,0.0625,0.2761742715145227,0.8611111111111112,0.8745216892409018,0.5513888888888889,0.27204030226700254,0.9916666666666667,0.5513888888888889,397,0.30959752321981426,0.6904024767801857,0.30959752321981426
emotions,GSI_MLC_PA_MLP,0.40,5,Operating Point,,0.09839533721192949,97,,0.5275229357798165,1.5207479323984179,0.7185185185185186,135,0.3235474006116208,0.7935779816513762,0.5752293577981651,0.6316610154755695,0.0718654434250765,0.2455314758330055,0.8654434250764527,0.877192491308575,0.4724770642201835,0.313915857605178,1.0,0.4724770642201835,309,0.2550724637681159,0.7449275362318841,0.2550724637681159
emotions,GSI_MLC_PA_MLP,0.50,1,Operating Point,,0.10066924909672527,32,,0.7937158469945356,1.0008117923520614,0.2064516129032258,155,0.5648907103825137,0.7882513661202186,0.5049180327868852,0.5702353214213689,-0.25,0.06541013957707997,0.5382513661202186,0.6356454609984489,0.2062841530054645,0.2119205298013245,0.7540983606557377,0.2062841530054645,151,0.5817555938037866,0.4182444061962134,0.5817555938037866
emotions,GSI_MLC_PA_MLP,0.50,2,Operating Point,,0.08997580911135387,59,,0.7156862745098039,1.383448275862069,0.3933333333333333,150,0.48249299719887956,0.7899159663865546,0.5042016806722689,0.6071122527958552,-0.13025210084033612,0.1297823560409329,0.6596638655462185,0.7368946088367881,0.28431372549019607,0.29064039408866993,0.8823529411764706,0.28431372549019607,203,0.47553816046966735,0.5244618395303327,0.47553816046966735
emotions,GSI_MLC_PA_MLP,0.50,3,Operating Point,,0.08746538183599448,46,,0.7330623306233063,1.196700507614213,0.3194444444444444,144,0.48577235772357724,0.8048780487804879,0.5756097560975609,0.6081808807748529,-0.15718157181571812,0.10170315974443345,0.6476964769647697,0.7098840405192863,0.2669376693766938,0.233502538071066,0.943089430894309,0.2669376693766938,197,0.4805914972273567,0.5194085027726433,0.4805914972273567
emotions,GSI_MLC_PA_MLP,0.50,4,Operating Point,,0.08476109572609122,51,,0.6888888888888889,1.1305418719211822,0.35172413793103446,145,0.5,0.7986111111111112,0.5397222222222222,0.5983474177263791,-0.1430555555555556,0.13085126686278148,0.6555555555555556,0.7291986845891606,0.3111111111111111,0.22767857142857142,0.9166666666666666,0.3111111111111111,224,0.5,0.5,0.5
emotions,GSI_MLC_PA_MLP,0.50,5,Operating Point,,0.09839533721192949,43,,0.7660550458715596,1.361510530137981,0.31851851851851853,135,0.4441896024464832,0.7935779816513762,0.5752293577981651,0.6316610154755695,-0.12079510703363916,0.11134268147649629,0.672782874617737,0.7430036969520658,0.23394495412844038,0.28104575163398693,0.8623853211009175,0.23394495412844038,153,0.4271457085828343,0.5728542914171657,0.4271457085828343
emotions,MLC_PA_SVM,0.20,1,Operating Point,,0.09869910183307241,99,,0.5,1.434782608695652,0.717391304347826,138,0.15327868852459015,0.8114754098360656,0.5890710382513661,0.597602612390748,0.13524590163934425,0.3064971965184984,0.9467213114754098,0.9040998089092463,0.5,0.27049180327868855,0.9754098360655737,0.5,366,0.10655737704918034,0.8934426229508197,0.10655737704918034
emotions,MLC_PA_SVM,0.20,2,Operating Point,,0.08167872796655715,131,,0.4579831932773109,1.6330400167609471,0.8851351351351351,148,0.1322128851540616,0.7927170868347339,0.5131652661064425,0.5472967449301249,0.1834733893557423,0.411689329195268,0.9761904761904762,0.9589860741253929,0.542016806722689,0.3385012919896641,1.0,0.542016806722689,387,0.051987767584097844,0.9480122324159022,0.051987767584097844
emotions,MLC_PA_SVM,0.20,3,Operating Point,,0.09667829602159318,119,,0.45121951219512196,1.4651651651651652,0.8040540540540541,148,0.14905149051490515,0.7994579945799458,0.5628726287262873,0.5754488038510298,0.1612466124661246,0.3448715974791591,0.9607046070460704,0.9203204013301889,0.5487804878048781,0.2938271604938272,1.0,0.5487804878048781,405,0.08708708708708712,0.9129129129129129,0.08708708708708712
emotions,MLC_PA_SVM,0.20,4,Operating Point,,0.08864818952113279,127,,0.45416666666666666,1.572106457602641,0.8581081081081081,148,0.13833333333333334,0.7944444444444445,0.5433333333333333,0.5779402789841044,0.17638888888888882,0.37113332489252715,0.9708333333333333,0.9490736038766315,0.5458333333333333,0.3231552162849873,1.0,0.5458333333333333,393,0.06422018348623859,0.9357798165137614,0.06422018348623859
emotions,MLC_PA_SVM,0.20,5,Operating Point,,0.0954592700204653,117,,0.4541284403669725,1.509409397561842,0.823943661971831,142,0.14740061162079512,0.7828746177370031,0.5324159021406728,0.5648692244675182,0.17889908256880738,0.37256964389485747,0.9617737003058104,0.9374388683623757,0.5458715596330275,0.3277310924369748,1.0,0.5458715596330275,357,0.08417508417508412,0.9158249158249159,0.08417508417508412
emotions,MLC_PA_SVM,0.25,1,Operating Point,,0.09869910183307241,89,,0.5806010928961749,1.5377425293867724,0.644927536231884,138,0.1717896174863388,0.8114754098360656,0.5890710382513661,0.597602612390748,0.12158469945355188,0.28124451849812515,0.9330601092896175,0.8788471308888731,0.41939890710382516,0.2899022801302932,0.9508196721311475,0.41939890710382516,307,0.11529411764705877,0.8847058823529412,0.11529411764705877
emotions,MLC_PA_SVM,0.25,2,Operating Point,,0.08167872796655715,116,,0.5504201680672269,1.743369537762061,0.7837837837837838,148,0.15721288515406162,0.7927170868347339,0.5131652661064425,0.5472967449301249,0.16246498599439785,0.37552070892537914,0.9551820728291317,0.9228174538555041,0.4495798319327731,0.3613707165109034,0.957983193277311,0.4495798319327731,321,0.08142493638676851,0.9185750636132315,0.08142493638676851
emotions,MLC_PA_SVM,0.25,3,Operating Point,,0.09667829602159318,108,,0.55420054200542,1.6369013390289986,0.7297297297297297,148,0.16565040650406504,0.7994579945799458,0.5628726287262873,0.5754488038510298,0.14634146341463417,0.3127325770410009,0.94579945799458,0.8881813808920307,0.44579945799457993,0.3282674772036474,0.975609756097561,0.44579945799457993,329,0.097799511002445,0.902200488997555,0.097799511002445
emotions,MLC_PA_SVM,0.25,4,Operating Point,,0.08864818952113279,113,,0.5541666666666667,1.7125536751704975,0.7635135135135135,148,0.16006944444444443,0.7944444444444445,0.5433333333333333,0.5779402789841044,0.15694444444444433,0.3341187216077056,0.9513888888888888,0.91205900059181,0.44583333333333336,0.35202492211838005,0.9916666666666667,0.44583333333333336,321,0.08771929824561409,0.9122807017543859,0.08771929824561409
emotions,MLC_PA_SVM,0.25,5,Operating Point,,0.0954592700204653,105,,0.5642201834862385,1.6968124536693847,0.7394366197183099,142,0.16551987767584098,0.7828746177370031,0.5324159021406728,0.5648692244675182,0.16055045871559637,0.3418873666251322,0.9434250764525994,0.9067565910926504,0.43577981651376146,0.3684210526315789,0.9724770642201835,0.43577981651376146,285,0.10027100271002709,0.8997289972899729,0.10027100271002709
emotions,MLC_PA_SVM,0.30,1,Operating Point,,0.09869910183307241,71,,0.6967213114754098,1.6964355660007833,0.5144927536231884,138,0.18251366120218582,0.8114754098360656,0.5890710382513661,0.597602612390748,0.09699453551912562,0.22479095239187397,0.9084699453551912,0.8223935647826219,0.30327868852459017,0.31981981981981983,0.8852459016393442,0.30327868852459017,222,0.13137254901960782,0.8686274509803922,0.13137254901960782
emotions,MLC_PA_SVM,0.30,2,Operating Point,,0.08167872796655715,94,,0.6666666666666666,1.9054054054054053,0.6351351351351351,148,0.17563025210084032,0.7927170868347339,0.5131652661064425,0.5472967449301249,0.13165266106442586,0.31523338561474346,0.9243697478991597,0.8625301305448684,0.3333333333333333,0.3949579831932773,0.9243697478991597,0.3333333333333333,238,0.11344537815126055,0.8865546218487395,0.11344537815126055
emotions,MLC_PA_SVM,0.30,3,Operating Point,,0.09667829602159318,89,,0.6707317073170732,1.826326326326326,0.6013513513513513,148,0.17872628726287262,0.7994579945799458,0.5628726287262873,0.5754488038510298,0.12059620596205956,0.25309055802166536,0.9200542005420054,0.8285393618726952,0.32926829268292684,0.3662551440329218,0.9349593495934959,0.32926829268292684,243,0.11919191919191918,0.8808080808080808,0.11919191919191918
emotions,MLC_PA_SVM,0.30,4,Operating Point,,0.08864818952113279,97,,0.6513888888888889,1.8800473780553462,0.6554054054054054,148,0.1754166666666667,0.7944444444444445,0.5433333333333333,0.5779402789841044,0.1347222222222222,0.2898849591801168,0.9291666666666667,0.8678252381642212,0.3486111111111111,0.38645418326693226,0.9583333333333334,0.3486111111111111,251,0.10874200426439229,0.8912579957356077,0.10874200426439229
emotions,MLC_PA_SVM,0.30,5,Operating Point,,0.0954592700204653,90,,0.6697247706422018,1.9190140845070423,0.6338028169014085,142,0.17859327217125387,0.7828746177370031,0.5324159021406728,0.5648692244675182,0.13761467889908252,0.29756614696263195,0.9204892966360856,0.8624353714301501,0.3302752293577982,0.4166666666666667,0.926605504587156,0.3302752293577982,216,0.1187214611872146,0.8812785388127854,0.1187214611872146
emotions,MLC_PA_SVM,0.35,1,Operating Point,,0.09869910183307241,51,,0.7759562841530054,1.6495227995758217,0.3695652173913043,138,0.19726775956284154,0.8114754098360656,0.5890710382513661,0.597602612390748,0.069672131147541,0.16209273173082572,0.8811475409836066,0.7596953441215737,0.22404371584699453,0.31097560975609756,0.7704918032786885,0.22404371584699453,164,0.153169014084507,0.846830985915493,0.153169014084507
emotions,MLC_PA_SVM,0.35,2,Operating Point,,0.08167872796655715,65,,0.7661064425770309,1.8777310244376113,0.4391891891891892,148,0.1981092436974789,0.7927170868347339,0.5131652661064425,0.5472967449301249,0.09103641456582634,0.2233241959738349,0.8837535014005602,0.7706209409039598,0.2338935574229692,0.38922155688622756,0.8319327731092437,0.2338935574229692,167,0.15173674588665453,0.8482632541133455,0.15173674588665453
emotions,MLC_PA_SVM,0.35,3,Operating Point,,0.09667829602159318,70,,0.7750677506775068,2.102735265385868,0.47297297297297297,148,0.1844173441734417,0.7994579945799458,0.5628726287262873,0.5754488038510298,0.09485094850948506,0.18448297856034923,0.8943089430894309,0.759931782411379,0.22493224932249323,0.42168674698795183,0.8536585365853658,0.22493224932249323,166,0.13636363636363635,0.8636363636363636,0.13636363636363635
emotions,MLC_PA_SVM,0.35,4,Operating Point,,0.08864818952113279,78,,0.7513888888888889,2.1198852483768684,0.527027027027027,148,0.18423611111111107,0.7944444444444445,0.5433333333333333,0.5779402789841044,0.10833333333333328,0.22995699810741999,0.9027777777777778,0.8078972770915244,0.24861111111111112,0.43575418994413406,0.85,0.24861111111111112,179,0.12939001848428833,0.8706099815157117,0.12939001848428833
emotions,MLC_PA_SVM,0.35,5,Operating Point,,0.0954592700204653,71,,0.7599388379204893,2.082802547770701,0.5,142,0.19258409785932717,0.7828746177370031,0.5324159021406728,0.5648692244675182,0.10856269113149841,0.22443702481753902,0.8914373088685015,0.7893062492850572,0.2400611620795107,0.45222929936305734,0.8348623853211009,0.2400611620795107,157,0.1428571428571428,0.8571428571428572,0.1428571428571428
emotions,MLC_PA_SVM,0.40,1,Operating Point,,0.09869910183307241,34,,0.8688524590163934,1.8786231884057971,0.2463768115942029,138,0.1945355191256831,0.8114754098360656,0.5890710382513661,0.597602612390748,0.04644808743169404,0.09107251195415833,0.8579234972677596,0.6886751243449063,0.13114754098360656,0.3541666666666667,0.5901639344262295,0.13114754098360656,96,0.16352201257861632,0.8364779874213837,0.16352201257861632
emotions,MLC_PA_SVM,0.40,2,Operating Point,,0.08167872796655715,44,,0.8529411764705882,2.021621621621622,0.2972972972972973,148,0.20448179271708689,0.7927170868347339,0.5131652661064425,0.5472967449301249,0.06162464985994398,0.1591581834780239,0.8543417366946778,0.7064549284081488,0.14705882352941177,0.41904761904761906,0.6554621848739496,0.14705882352941177,105,0.17077175697865354,0.8292282430213465,0.17077175697865354
emotions,MLC_PA_SVM,0.40,3,Operating Point,,0.09667829602159318,53,,0.8509485094850948,2.4025798525798527,0.3581081081081081,148,0.18834688346883469,0.7994579945799458,0.5628726287262873,0.5754488038510298,0.07181571815718157,0.1283811244136286,0.8712737127371274,0.7038299282646584,0.14905149051490515,0.4818181818181818,0.6666666666666666,0.14905149051490515,110,0.1512738853503185,0.8487261146496815,0.1512738853503185
emotions,MLC_PA_SVM,0.40,4,Operating Point,,0.08864818952113279,51,,0.8430555555555556,2.1956469744080365,0.34459459459459457,148,0.19749999999999998,0.7944444444444445,0.5433333333333333,0.5779402789841044,0.0708333333333333,0.15355244083989084,0.8652777777777778,0.7314927198239952,0.15694444444444444,0.45132743362831856,0.7083333333333334,0.15694444444444444,113,0.15980230642504112,0.8401976935749589,0.15980230642504112
emotions,MLC_PA_SVM,0.40,5,Operating Point,,0.0954592700204653,46,,0.8562691131498471,2.253820797123165,0.323943661971831,142,0.20428134556574928,0.7828746177370031,0.5324159021406728,0.5648692244675182,0.07033639143730885,0.13448098594442282,0.8532110091743119,0.699350210411941,0.1437308868501529,0.48936170212765956,0.6513761467889908,0.1437308868501529,94,0.17142857142857149,0.8285714285714285,0.17142857142857149
emotions,MLC_PA_SVM,0.50,1,Operating Point,,0.09869910183307241,0,,1.0,,0.0,138,0.1885245901639344,0.8114754098360656,0.5890710382513661,0.597602612390748,0.0,0.0,0.8114754098360656,0.597602612390748,0.0,,0.0,0.0,0,0.1885245901639344,0.8114754098360656,0.1885245901639344
emotions,MLC_PA_SVM,0.50,2,Operating Point,,0.08167872796655715,0,,1.0,,0.0,148,0.20728291316526612,0.7927170868347339,0.5131652661064425,0.5472967449301249,0.0,0.0,0.7927170868347339,0.5472967449301249,0.0,,0.0,0.0,0,0.20728291316526615,0.7927170868347339,0.20728291316526615
emotions,MLC_PA_SVM,0.50,3,Operating Point,,0.09667829602159318,0,,1.0,,0.0,148,0.2005420054200542,0.7994579945799458,0.5628726287262873,0.5754488038510298,0.0,0.0,0.7994579945799458,0.5754488038510298,0.0,,0.0,0.0,0,0.20054200542005418,0.7994579945799458,0.20054200542005418
emotions,MLC_PA_SVM,0.50,4,Operating Point,,0.08864818952113279,0,,1.0,,0.0,148,0.20555555555555555,0.7944444444444445,0.5433333333333333,0.5779402789841044,0.0,0.0,0.7944444444444445,0.5779402789841044,0.0,,0.0,0.0,0,0.2055555555555555,0.7944444444444445,0.2055555555555555
emotions,MLC_PA_SVM,0.50,5,Operating Point,,0.0954592700204653,0,,1.0,,0.0,142,0.21712538226299694,0.7828746177370031,0.5324159021406728,0.5648692244675182,0.0,0.0,0.7828746177370031,0.5648692244675182,0.0,,0.0,0.0,0,0.21712538226299694,0.7828746177370031,0.21712538226299694
emotions,GSI_MLC_PA_SVM,0.20,1,Operating Point,,0.09713223452028678,126,,0.3825136612021858,1.3787371442238698,0.8513513513513513,148,0.15355191256830603,0.7978142076502732,0.542896174863388,0.5755224297673475,0.17213114754098358,0.37632294111103626,0.9699453551912568,0.9518453708783837,0.6174863387978142,0.27876106194690264,1.0,0.6174863387978142,452,0.07857142857142851,0.9214285714285715,0.07857142857142851
emotions,GSI_MLC_PA_SVM,0.20,2,Operating Point,,0.07669467877504775,111,,0.47198879551820727,1.4804423357118839,0.7816901408450704,142,0.14901960784313725,0.8011204481792717,0.5669467787114846,0.6132266689058673,0.15546218487394958,0.32092582284715476,0.9565826330532213,0.9341524917530221,0.5280112044817927,0.29442970822281167,0.9915966386554622,0.5280112044817927,377,0.09198813056379818,0.9080118694362018,0.09198813056379818
emotions,GSI_MLC_PA_SVM,0.20,3,Operating Point,,0.09599328643865956,116,,0.4146341463414634,1.366666666666667,0.8,145,0.1563685636856369,0.8035230352303523,0.550948509485095,0.5916959688146128,0.15718157181571812,0.3371362003957753,0.9607046070460704,0.9288321692103881,0.5853658536585366,0.26851851851851855,0.983739837398374,0.5853658536585366,432,0.09477124183006536,0.9052287581699346,0.09477124183006536
emotions,GSI_MLC_PA_SVM,0.20,4,Operating Point,,0.08745075096953983,124,,0.39861111111111114,1.4026488193429798,0.8435374149659864,147,0.15222222222222223,0.7958333333333334,0.5544444444444444,0.5828422397684181,0.17222222222222217,0.3627145376136177,0.9680555555555556,0.9455567773820358,0.6013888888888889,0.2863741339491917,1.0,0.6013888888888889,433,0.08013937282229966,0.9198606271777003,0.08013937282229966
emotions,GSI_MLC_PA_SVM,0.20,5,Operating Point,,0.09632678912100055,112,,0.4434250764525994,1.3689167974882261,0.7619047619047619,147,0.163302752293578,0.7752293577981652,0.5437308868501529,0.5677191523174459,0.172782874617737,0.3524428728522512,0.9480122324159022,0.920162025169697,0.5565749235474006,0.3076923076923077,0.981651376146789,0.5565749235474006,364,0.11724137931034484,0.8827586206896552,0.11724137931034484
emotions,GSI_MLC_PA_SVM,0.25,1,Operating Point,,0.09713223452028678,126,,0.3825136612021858,1.3787371442238698,0.8513513513513513,148,0.18442622950819673,0.7978142076502732,0.542896174863388,0.5755224297673475,0.17213114754098358,0.37632294111103626,0.9699453551912568,0.9518453708783837,0.6174863387978142,0.27876106194690264,1.0,0.6174863387978142,452,0.07857142857142851,0.9214285714285715,0.07857142857142851
emotions,GSI_MLC_PA_SVM,0.25,2,Operating Point,,0.07669467877504775,111,,0.47198879551820727,1.4804423357118839,0.7816901408450704,142,0.17542016806722688,0.8011204481792717,0.5669467787114846,0.6132266689058673,0.15546218487394958,0.32092582284715476,0.9565826330532213,0.9341524917530221,0.5280112044817927,0.29442970822281167,0.9915966386554622,0.5280112044817927,377,0.09198813056379818,0.9080118694362018,0.09198813056379818
emotions,GSI_MLC_PA_SVM,0.25,3,Operating Point,,0.09599328643865956,116,,0.4146341463414634,1.366666666666667,0.8,145,0.1856368563685637,0.8035230352303523,0.550948509485095,0.5916959688146128,0.15718157181571812,0.3371362003957753,0.9607046070460704,0.9288321692103881,0.5853658536585366,0.26851851851851855,0.983739837398374,0.5853658536585366,432,0.09477124183006536,0.9052287581699346,0.09477124183006536
emotions,GSI_MLC_PA_SVM,0.25,4,Operating Point,,0.08745075096953983,124,,0.39861111111111114,1.4026488193429798,0.8435374149659864,147,0.18229166666666666,0.7958333333333334,0.5544444444444444,0.5828422397684181,0.17222222222222217,0.3627145376136177,0.9680555555555556,0.9455567773820358,0.6013888888888889,0.2863741339491917,1.0,0.6013888888888889,433,0.08013937282229966,0.9198606271777003,0.08013937282229966
emotions,GSI_MLC_PA_SVM,0.25,5,Operating Point,,0.09632678912100055,112,,0.4434250764525994,1.3689167974882261,0.7619047619047619,147,0.191131498470948,0.7752293577981652,0.5437308868501529,0.5677191523174459,0.172782874617737,0.3524428728522512,0.9480122324159022,0.920162025169697,0.5565749235474006,0.3076923076923077,0.981651376146789,0.5565749235474006,364,0.11724137931034484,0.8827586206896552,0.11724137931034484
emotions,GSI_MLC_PA_SVM,0.30,1,Operating Point,,0.09713223452028678,126,,0.3825136612021858,1.3787371442238698,0.8513513513513513,148,0.21530054644808738,0.7978142076502732,0.542896174863388,0.5755224297673475,0.17213114754098358,0.37632294111103626,0.9699453551912568,0.9518453708783837,0.6174863387978142,0.27876106194690264,1.0,0.6174863387978142,452,0.07857142857142851,0.9214285714285715,0.07857142857142851
emotions,GSI_MLC_PA_SVM,0.30,2,Operating Point,,0.07669467877504775,111,,0.47198879551820727,1.4804423357118839,0.7816901408450704,142,0.20182072829131653,0.8011204481792717,0.5669467787114846,0.6132266689058673,0.15546218487394958,0.32092582284715476,0.9565826330532213,0.9341524917530221,0.5280112044817927,0.29442970822281167,0.9915966386554622,0.5280112044817927,377,0.09198813056379818,0.9080118694362018,0.09198813056379818
emotions,GSI_MLC_PA_SVM,0.30,3,Operating Point,,0.09599328643865956,116,,0.4146341463414634,1.366666666666667,0.8,145,0.2149051490514905,0.8035230352303523,0.550948509485095,0.5916959688146128,0.15718157181571812,0.3371362003957753,0.9607046070460704,0.9288321692103881,0.5853658536585366,0.26851851851851855,0.983739837398374,0.5853658536585366,432,0.09477124183006536,0.9052287581699346,0.09477124183006536
emotions,GSI_MLC_PA_SVM,0.30,4,Operating Point,,0.08745075096953983,124,,0.39861111111111114,1.4026488193429798,0.8435374149659864,147,0.2123611111111111,0.7958333333333334,0.5544444444444444,0.5828422397684181,0.17222222222222217,0.3627145376136177,0.9680555555555556,0.9455567773820358,0.6013888888888889,0.2863741339491917,1.0,0.6013888888888889,433,0.08013937282229966,0.9198606271777003,0.08013937282229966
emotions,GSI_MLC_PA_SVM,0.30,5,Operating Point,,0.09632678912100055,112,,0.4434250764525994,1.3689167974882261,0.7619047619047619,147,0.21896024464831798,0.7752293577981652,0.5437308868501529,0.5677191523174459,0.172782874617737,0.3524428728522512,0.9480122324159022,0.920162025169697,0.5565749235474006,0.3076923076923077,0.981651376146789,0.5565749235474006,364,0.11724137931034484,0.8827586206896552,0.11724137931034484
emotions,GSI_MLC_PA_SVM,0.35,1,Operating Point,,0.09713223452028678,126,,0.3825136612021858,1.3787371442238698,0.8513513513513513,148,0.24617486338797812,0.7978142076502732,0.542896174863388,0.5755224297673475,0.17213114754098358,0.37632294111103626,0.9699453551912568,0.9518453708783837,0.6174863387978142,0.27876106194690264,1.0,0.6174863387978142,452,0.07857142857142851,0.9214285714285715,0.07857142857142851
emotions,GSI_MLC_PA_SVM,0.35,2,Operating Point,,0.07669467877504775,111,,0.47198879551820727,1.4804423357118839,0.7816901408450704,142,0.22822128851540618,0.8011204481792717,0.5669467787114846,0.6132266689058673,0.15546218487394958,0.32092582284715476,0.9565826330532213,0.9341524917530221,0.5280112044817927,0.29442970822281167,0.9915966386554622,0.5280112044817927,377,0.09198813056379818,0.9080118694362018,0.09198813056379818
emotions,GSI_MLC_PA_SVM,0.35,3,Operating Point,,0.09599328643865956,116,,0.4146341463414634,1.366666666666667,0.8,145,0.2441734417344173,0.8035230352303523,0.550948509485095,0.5916959688146128,0.15718157181571812,0.3371362003957753,0.9607046070460704,0.9288321692103881,0.5853658536585366,0.26851851851851855,0.983739837398374,0.5853658536585366,432,0.09477124183006536,0.9052287581699346,0.09477124183006536
emotions,GSI_MLC_PA_SVM,0.35,4,Operating Point,,0.08745075096953983,124,,0.39861111111111114,1.4026488193429798,0.8435374149659864,147,0.24243055555555554,0.7958333333333334,0.5544444444444444,0.5828422397684181,0.17222222222222217,0.3627145376136177,0.9680555555555556,0.9455567773820358,0.6013888888888889,0.2863741339491917,1.0,0.6013888888888889,433,0.08013937282229966,0.9198606271777003,0.08013937282229966
emotions,GSI_MLC_PA_SVM,0.35,5,Operating Point,,0.09632678912100055,112,,0.4434250764525994,1.3689167974882261,0.7619047619047619,147,0.2467889908256881,0.7752293577981652,0.5437308868501529,0.5677191523174459,0.172782874617737,0.3524428728522512,0.9480122324159022,0.920162025169697,0.5565749235474006,0.3076923076923077,0.981651376146789,0.5565749235474006,364,0.11724137931034484,0.8827586206896552,0.11724137931034484
emotions,GSI_MLC_PA_SVM,0.40,1,Operating Point,,0.09713223452028678,73,,0.6871584699453552,1.5766552578779653,0.49324324324324326,148,0.3956284153005463,0.7978142076502732,0.542896174863388,0.5755224297673475,-0.06830601092896171,0.18909448455181432,0.7295081967213115,0.7646169143191618,0.3128415300546448,0.31877729257641924,0.8524590163934426,0.3128415300546448,229,0.393638170974155,0.606361829025845,0.393638170974155
emotions,GSI_MLC_PA_SVM,0.40,2,Operating Point,,0.07669467877504775,111,,0.47198879551820727,1.4804423357118839,0.7816901408450704,142,0.2546218487394958,0.8011204481792717,0.5669467787114846,0.6132266689058673,0.15546218487394958,0.32092582284715476,0.9565826330532213,0.9341524917530221,0.5280112044817927,0.29442970822281167,0.9915966386554622,0.5280112044817927,377,0.09198813056379818,0.9080118694362018,0.09198813056379818
emotions,GSI_MLC_PA_SVM,0.40,3,Operating Point,,0.09599328643865956,116,,0.4146341463414634,1.366666666666667,0.8,145,0.2734417344173442,0.8035230352303523,0.550948509485095,0.5916959688146128,0.15718157181571812,0.3371362003957753,0.9607046070460704,0.9288321692103881,0.5853658536585366,0.26851851851851855,0.983739837398374,0.5853658536585366,432,0.09477124183006536,0.9052287581699346,0.09477124183006536
emotions,GSI_MLC_PA_SVM,0.40,4,Operating Point,,0.08745075096953983,101,,0.5361111111111111,1.4811193938653304,0.6870748299319728,147,0.3355555555555556,0.7958333333333334,0.5544444444444444,0.5828422397684181,0.054166666666666585,0.2720564034772226,0.85,0.8548986432456407,0.4638888888888889,0.3023952095808383,0.9833333333333333,0.4638888888888889,334,0.27979274611398963,0.7202072538860104,0.27979274611398963
emotions,GSI_MLC_PA_SVM,0.40,5,Operating Point,,0.09632678912100055,112,,0.4434250764525994,1.3689167974882261,0.7619047619047619,147,0.2746177370030581,0.7752293577981652,0.5437308868501529,0.5677191523174459,0.172782874617737,0.3524428728522512,0.9480122324159022,0.920162025169697,0.5565749235474006,0.3076923076923077,0.981651376146789,0.5565749235474006,364,0.11724137931034484,0.8827586206896552,0.11724137931034484
emotions,GSI_MLC_PA_SVM,0.50,1,Operating Point,,0.09713223452028678,42,,0.8005464480874317,1.4228063680118475,0.28378378378378377,148,0.4562841530054645,0.7978142076502732,0.542896174863388,0.5755224297673475,-0.15437158469945356,0.1323087702661001,0.6434426229508197,0.7078312000334476,0.1994535519125683,0.2876712328767123,0.7459016393442623,0.1994535519125683,146,0.44539249146757687,0.5546075085324231,0.44539249146757687
emotions,GSI_MLC_PA_SVM,0.50,2,Operating Point,,0.07669467877504775,69,,0.7030812324929971,1.636526707414297,0.4859154929577465,142,0.4257703081232493,0.8011204481792717,0.5669467787114846,0.6132266689058673,-0.07843137254901966,0.1450721443618973,0.7226890756302521,0.7582988132677646,0.2969187675070028,0.32547169811320753,0.9495798319327731,0.2969187675070028,212,0.3944223107569721,0.6055776892430279,0.3944223107569721
emotions,GSI_MLC_PA_SVM,0.50,3,Operating Point,,0.09599328643865956,99,,0.537940379403794,1.4776418242491658,0.6827586206896552,145,0.38685636856368566,0.8035230352303523,0.550948509485095,0.5916959688146128,0.04065040650406504,0.25173504241397215,0.8441734417344173,0.843431011228585,0.462059620596206,0.2903225806451613,0.975609756097561,0.462059620596206,341,0.2896725440806045,0.7103274559193955,0.2896725440806045
emotions,GSI_MLC_PA_SVM,0.50,4,Operating Point,,0.08745075096953983,47,,0.8041666666666667,1.6326530612244898,0.3197278911564626,147,0.45208333333333334,0.7958333333333334,0.5544444444444444,0.5828422397684181,-0.15000000000000013,0.1282621861798139,0.6458333333333333,0.711104425948232,0.19583333333333333,0.3333333333333333,0.7166666666666667,0.19583333333333333,141,0.44041450777202074,0.5595854922279793,0.44041450777202074
emotions,GSI_MLC_PA_SVM,0.50,5,Operating Point,,0.09632678912100055,43,,0.7996941896024465,1.460352079763203,0.2925170068027211,147,0.4426605504587156,0.7752293577981652,0.5437308868501529,0.5677191523174459,-0.11773700305810397,0.1495099889818211,0.6574923547400612,0.717229141299267,0.20030581039755352,0.3282442748091603,0.7981651376146789,0.20030581039755352,131,0.4282982791586998,0.5717017208413002,0.4282982791586998
music,MLC_PA_Logistic,0.20,1,Operating Point,,0.08025642006140722,115,,0.469187675070028,1.5474934036939314,0.8214285714285714,140,0.14117647058823524,0.803921568627451,0.5473389355742296,0.5872624377030783,0.1610644257703081,0.3490681540482934,0.9649859943977591,0.9363305917513717,0.530812324929972,0.3034300791556728,1.0,0.530812324929972,379,0.07462686567164178,0.9253731343283582,0.07462686567164178
music,MLC_PA_Logistic,0.20,2,Operating Point,,0.09332544192625317,108,,0.5284900284900285,1.568844928196002,0.7397260273972602,146,0.14843304843304844,0.792022792022792,0.5672364672364673,0.5929062155588762,0.15384615384615385,0.307683835067596,0.9458689458689459,0.9005900506264722,0.47150997150997154,0.32628398791540786,0.9572649572649573,0.47150997150997154,331,0.10242587601078168,0.8975741239892183,0.10242587601078168
music,MLC_PA_Logistic,0.20,3,Operating Point,,0.08068723086453489,102,,0.4971751412429379,1.5725111053044158,0.7906976744186046,129,0.13870056497175143,0.8177966101694916,0.6045197740112994,0.6374012930386663,0.14406779661016944,0.2926418517821817,0.961864406779661,0.930043144820848,0.5028248587570622,0.28651685393258425,0.9745762711864406,0.5028248587570622,356,0.07670454545454541,0.9232954545454546,0.07670454545454541
music,MLC_PA_Logistic,0.20,4,Operating Point,,0.08610172993231471,115,,0.48739495798319327,1.6256830601092898,0.8333333333333334,138,0.13473389355742296,0.8067226890756303,0.5789915966386555,0.6138917881455194,0.1610644257703081,0.3330946584247231,0.9677871148459384,0.9469864465702424,0.5126050420168067,0.31420765027322406,0.9915966386554622,0.5126050420168067,366,0.06609195402298851,0.9339080459770115,0.06609195402298851
music,MLC_PA_Logistic,0.20,5,Operating Point,,0.09089608165224691,111,,0.5056022408963585,1.5810956389897457,0.7816901408450704,142,0.14229691876750702,0.8011204481792717,0.5492997198879551,0.6022418624525095,0.15546218487394958,0.3241796660878611,0.9565826330532213,0.9264215285403706,0.4943977591036415,0.31444759206798867,0.9831932773109243,0.4943977591036415,353,0.08587257617728528,0.9141274238227147,0.08587257617728528
music,MLC_PA_Logistic,0.25,1,Operating Point,,0.08025642006140722,101,,0.5868347338935574,1.7461016949152544,0.7214285714285714,140,0.15791316526610644,0.803921568627451,0.5473389355742296,0.5872624377030783,0.14145658263305316,0.3135545850959358,0.9453781512605042,0.9008170227990141,0.41316526610644255,0.3423728813559322,0.9831932773109243,0.41316526610644255,295,0.09307875894988071,0.9069212410501193,0.09307875894988071
music,MLC_PA_Logistic,0.25,2,Operating Point,,0.09332544192625317,91,,0.6253561253561254,1.6636804000208345,0.6232876712328768,146,0.172008547008547,0.792022792022792,0.5672364672364673,0.5929062155588762,0.12962962962962965,0.25341161323611283,0.9216524216524217,0.8463178287949891,0.37464387464387466,0.34600760456273766,0.9145299145299145,0.37464387464387466,263,0.12528473804100226,0.8747152619589977,0.12528473804100226
music,MLC_PA_Logistic,0.25,3,Operating Point,,0.08068723086453489,93,,0.5805084745762712,1.7185811604416255,0.7209302325581395,129,0.15572033898305085,0.8177966101694916,0.6045197740112994,0.6374012930386663,0.1313559322033898,0.26587426658012003,0.9491525423728814,0.9032755596187864,0.4194915254237288,0.31313131313131315,0.9322033898305084,0.4194915254237288,297,0.08759124087591241,0.9124087591240876,0.08759124087591241
music,MLC_PA_Logistic,0.25,4,Operating Point,,0.08610172993231471,100,,0.5868347338935574,1.7538688282977157,0.7246376811594203,138,0.1565126050420168,0.8067226890756303,0.5789915966386555,0.6138917881455194,0.14005602240896353,0.2980472541280188,0.9467787114845938,0.9119390422735382,0.41316526610644255,0.3389830508474576,0.9495798319327731,0.41316526610644255,295,0.09069212410501193,0.9093078758949881,0.09069212410501193
music,MLC_PA_Logistic,0.25,5,Operating Point,,0.09089608165224691,105,,0.5896358543417367,1.80190357160025,0.7394366197183099,142,0.15441176470588236,0.8011204481792717,0.5492997198879551,0.6022418624525095,0.1470588235294117,0.30721999573183434,0.9481792717086834,0.9094618581843439,0.4103641456582633,0.3583617747440273,0.957983193277311,0.4103641456582633,293,0.08788598574821849,0.9121140142517815,0.08788598574821849
music,MLC_PA_Logistic,0.30,1,Operating Point,,0.08025642006140722,90,,0.6666666666666666,1.9285714285714288,0.6428571428571429,140,0.17002801120448177,0.803921568627451,0.5473389355742296,0.5872624377030783,0.12605042016806722,0.28034281937586303,0.9299719887955182,0.8676052570789413,0.3333333333333333,0.37815126050420167,0.9411764705882353,0.3333333333333333,238,0.10504201680672265,0.8949579831932774,0.10504201680672265
music,MLC_PA_Logistic,0.30,2,Operating Point,,0.09332544192625317,75,,0.7051282051282052,1.7421083978558667,0.5136986301369864,146,0.18960113960113964,0.792022792022792,0.5672364672364673,0.5929062155588762,0.10683760683760679,0.20054430792251132,0.8988603988603988,0.7934505234813876,0.2948717948717949,0.36231884057971014,0.8888888888888888,0.2948717948717949,207,0.14343434343434347,0.8565656565656565,0.14343434343434347
music,MLC_PA_Logistic,0.30,3,Operating Point,,0.08068723086453489,75,,0.6850282485875706,1.845865053707373,0.5813953488372093,129,0.17076271186440678,0.8177966101694916,0.6045197740112994,0.6374012930386663,0.10593220338983045,0.21924602203148646,0.923728813559322,0.8566473150701528,0.3149717514124294,0.336322869955157,0.8728813559322034,0.3149717514124294,223,0.11134020618556706,0.8886597938144329,0.11134020618556706
music,MLC_PA_Logistic,0.30,4,Operating Point,,0.08610172993231471,81,,0.6946778711484594,1.922417231751097,0.5869565217391305,138,0.17142857142857146,0.8067226890756303,0.5789915966386555,0.6138917881455194,0.11344537815126055,0.24598691555736918,0.9201680672268908,0.8598787037028885,0.30532212885154064,0.37155963302752293,0.8907563025210085,0.30532212885154064,218,0.11491935483870963,0.8850806451612904,0.11491935483870963
music,MLC_PA_Logistic,0.30,5,Operating Point,,0.09089608165224691,82,,0.6918767507002801,1.874135723431498,0.5774647887323944,142,0.17647058823529413,0.8011204481792717,0.5492997198879551,0.6022418624525095,0.11484593837535007,0.24360246798649365,0.9159663865546218,0.8458443304390032,0.3081232492997199,0.37272727272727274,0.8823529411764706,0.3081232492997199,220,0.12145748987854255,0.8785425101214575,0.12145748987854255
music,MLC_PA_Logistic,0.35,1,Operating Point,,0.08025642006140722,78,,0.7450980392156863,2.185714285714286,0.5571428571428572,140,0.17605042016806718,0.803921568627451,0.5473389355742296,0.5872624377030783,0.10924369747899154,0.24055706944555721,0.9131652661064426,0.8278195071486355,0.2549019607843137,0.42857142857142855,0.8487394957983193,0.2549019607843137,182,0.11654135338345861,0.8834586466165414,0.11654135338345861
music,MLC_PA_Logistic,0.35,2,Operating Point,,0.09332544192625317,60,,0.782051282051282,1.885576148267526,0.410958904109589,146,0.1987891737891737,0.792022792022792,0.5672364672364673,0.5929062155588762,0.0854700854700855,0.15306405265050438,0.8774928774928775,0.7459702682093806,0.21794871794871795,0.39215686274509803,0.7863247863247863,0.21794871794871795,153,0.15664845173041897,0.843351548269581,0.15664845173041897
music,MLC_PA_Logistic,0.35,3,Operating Point,,0.08068723086453489,59,,0.7754237288135594,2.036565745209887,0.4573643410852713,129,0.17747175141242938,0.8177966101694916,0.6045197740112994,0.6374012930386663,0.08333333333333326,0.1783238505625836,0.9011299435028248,0.8157251436012499,0.2245762711864407,0.3710691823899371,0.788135593220339,0.2245762711864407,159,0.127504553734062,0.872495446265938,0.127504553734062
music,MLC_PA_Logistic,0.35,4,Operating Point,,0.08610172993231471,66,,0.7871148459383753,2.246567505720824,0.4782608695652174,138,0.1753501400560224,0.8067226890756303,0.5789915966386555,0.6138917881455194,0.09243697478991597,0.2032620669393701,0.8991596638655462,0.8171538550848895,0.21288515406162464,0.4342105263157895,0.8151260504201681,0.21288515406162464,152,0.12811387900355875,0.8718861209964412,0.12811387900355875
music,MLC_PA_Logistic,0.35,5,Operating Point,,0.09089608165224691,64,,0.773109243697479,1.9864371413667188,0.4507042253521127,142,0.18865546218487386,0.8011204481792717,0.5492997198879551,0.6022418624525095,0.0896358543417366,0.18125385572336272,0.8907563025210083,0.7834957181758723,0.226890756302521,0.3950617283950617,0.773109243697479,0.226890756302521,162,0.14130434782608692,0.8586956521739131,0.14130434782608692
music,MLC_PA_Logistic,0.40,1,Operating Point,,0.08025642006140722,59,,0.8431372549019608,2.686607142857143,0.42142857142857143,140,0.1761904761904762,0.803921568627451,0.5473389355742296,0.5872624377030783,0.08263305322128844,0.17931555628913143,0.8865546218487395,0.7665779939922097,0.1568627450980392,0.5267857142857143,0.6722689075630253,0.1568627450980392,112,0.13455149501661134,0.8654485049833887,0.13455149501661134
music,MLC_PA_Logistic,0.40,2,Operating Point,,0.09332544192625317,36,,0.8660968660968661,1.8414456426697754,0.2465753424657534,146,0.2102564102564103,0.792022792022792,0.5672364672364673,0.5929062155588762,0.05128205128205132,0.08879920954943599,0.8433048433048433,0.6817054251083122,0.1339031339031339,0.3829787234042553,0.6239316239316239,0.1339031339031339,94,0.18092105263157898,0.819078947368421,0.18092105263157898
music,MLC_PA_Logistic,0.40,3,Operating Point,,0.08068723086453489,42,,0.8375706214689266,2.004448938321537,0.32558139534883723,129,0.1878531073446328,0.8177966101694916,0.6045197740112994,0.6374012930386663,0.05932203389830504,0.12504992633396617,0.8771186440677966,0.7624512193726325,0.16242937853107345,0.3652173913043478,0.6949152542372882,0.16242937853107345,115,0.14671163575042157,0.8532883642495784,0.14671163575042157
music,MLC_PA_Logistic,0.40,4,Operating Point,,0.08610172993231471,42,,0.876750700280112,2.469367588932806,0.30434782608695654,138,0.18375350140056024,0.8067226890756303,0.5789915966386555,0.6138917881455194,0.05882352941176472,0.12659412799015102,0.865546218487395,0.7404859161356704,0.12324929971988796,0.4772727272727273,0.6050420168067226,0.12324929971988796,88,0.15335463258785942,0.8466453674121406,0.15335463258785942
music,MLC_PA_Logistic,0.40,5,Operating Point,,0.09089608165224691,46,,0.8543417366946778,2.2239978331527626,0.323943661971831,142,0.19271708683473396,0.8011204481792717,0.5492997198879551,0.6022418624525095,0.06442577030812324,0.12310792526286962,0.865546218487395,0.7253497877153792,0.14565826330532214,0.4423076923076923,0.6050420168067226,0.14565826330532214,104,0.1573770491803279,0.8426229508196721,0.1573770491803279
music,MLC_PA_Logistic,0.50,1,Operating Point,,0.08025642006140722,0,,1.0,,0.0,140,0.19607843137254902,0.803921568627451,0.5473389355742296,0.5872624377030783,0.0,0.0,0.803921568627451,0.5872624377030783,0.0,,0.0,0.0,0,0.196078431372549,0.803921568627451,0.196078431372549
music,MLC_PA_Logistic,0.50,2,Operating Point,,0.09332544192625317,0,,1.0,,0.0,146,0.20797720797720798,0.792022792022792,0.5672364672364673,0.5929062155588762,0.0,0.0,0.792022792022792,0.5929062155588762,0.0,,0.0,0.0,0,0.20797720797720798,0.792022792022792,0.20797720797720798
music,MLC_PA_Logistic,0.50,3,Operating Point,,0.08068723086453489,0,,1.0,,0.0,129,0.18220338983050846,0.8177966101694916,0.6045197740112994,0.6374012930386663,0.0,0.0,0.8177966101694916,0.6374012930386663,0.0,,0.0,0.0,0,0.18220338983050843,0.8177966101694916,0.18220338983050843
music,MLC_PA_Logistic,0.50,4,Operating Point,,0.08610172993231471,0,,1.0,,0.0,138,0.19327731092436976,0.8067226890756303,0.5789915966386555,0.6138917881455194,0.0,0.0,0.8067226890756303,0.6138917881455194,0.0,,0.0,0.0,0,0.19327731092436973,0.8067226890756303,0.19327731092436973
music,MLC_PA_Logistic,0.50,5,Operating Point,,0.09089608165224691,0,,1.0,,0.0,142,0.19887955182072828,0.8011204481792717,0.5492997198879551,0.6022418624525095,0.0,0.0,0.8011204481792717,0.6022418624525095,0.0,,0.0,0.0,0,0.19887955182072825,0.8011204481792717,0.19887955182072825
music,MLC_PA_MLP,0.20,1,Operating Point,,0.08643322899592858,114,,0.4649859943977591,1.490059678541354,0.7972027972027972,143,0.1476190476190476,0.7997198879551821,0.5492997198879551,0.5993164136570494,0.15966386554621848,0.327026852533979,0.9593837535014006,0.9263432661910284,0.5350140056022409,0.29842931937172773,0.9747899159663865,0.5350140056022409,382,0.08734939759036142,0.9126506024096386,0.08734939759036142
music,MLC_PA_MLP,0.20,2,Operating Point,,0.10445506443078272,123,,0.5242165242165242,1.5667936853565596,0.7454545454545455,165,0.154985754985755,0.7649572649572649,0.49544159544159544,0.5433968197012619,0.17521367521367526,0.3396322012103613,0.9401709401709402,0.8830290209116232,0.4757834757834758,0.36826347305389223,0.9743589743589743,0.4757834757834758,334,0.11413043478260865,0.8858695652173914,0.11413043478260865
music,MLC_PA_MLP,0.20,3,Operating Point,,0.09075617742856275,120,,0.4759887005649718,1.5473155095796607,0.8108108108108109,148,0.14435028248587572,0.7909604519774012,0.5649717514124294,0.6137898585146785,0.1694915254237288,0.31208968280463545,0.96045197740113,0.9258795413193139,0.5240112994350282,0.32345013477088946,0.9830508474576272,0.5240112994350282,371,0.08308605341246289,0.9169139465875371,0.08308605341246289
music,MLC_PA_MLP,0.20,4,Operating Point,,0.0903717714442482,116,,0.4957983193277311,1.586666666666667,0.8,145,0.1414565826330532,0.7969187675070029,0.5806722689075631,0.621728731594413,0.16246498599439774,0.3129379689485532,0.9593837535014006,0.9346667005429662,0.5042016806722689,0.32222222222222224,0.9747899159663865,0.5042016806722689,360,0.08192090395480223,0.9180790960451978,0.08192090395480223
music,MLC_PA_MLP,0.20,5,Operating Point,,0.08517748601727454,112,,0.4957983193277311,1.5980815347721822,0.8057553956834532,139,0.13865546218487393,0.8053221288515406,0.5837535014005603,0.6376497403317797,0.1568627450980392,0.2943901925093665,0.9621848739495799,0.9320399328411462,0.5042016806722689,0.3111111111111111,0.9663865546218487,0.5042016806722689,360,0.07627118644067798,0.923728813559322,0.07627118644067798
music,MLC_PA_MLP,0.25,1,Operating Point,,0.08643322899592858,102,,0.5672268907563025,1.6481770656527939,0.7132867132867133,143,0.16561624649859943,0.7997198879551821,0.5492997198879551,0.5993164136570494,0.1428571428571428,0.29674030047876077,0.9425770308123249,0.8960567141358101,0.4327731092436975,0.3300970873786408,0.9411764705882353,0.4327731092436975,309,0.10123456790123453,0.8987654320987655,0.10123456790123453
music,MLC_PA_MLP,0.25,2,Operating Point,,0.10445506443078272,110,,0.613960113960114,1.7269372693726937,0.6666666666666666,165,0.17485754985754987,0.7649572649572649,0.49544159544159544,0.5433968197012619,0.15669515669515677,0.29998382386787636,0.9216524216524217,0.8433806435691382,0.38603988603988604,0.4059040590405904,0.9572649572649573,0.38603988603988604,271,0.12761020881670537,0.8723897911832946,0.12761020881670537
music,MLC_PA_MLP,0.25,3,Operating Point,,0.09075617742856275,106,,0.594632768361582,1.766833035125718,0.7162162162162162,148,0.1606638418079096,0.7909604519774012,0.5649717514124294,0.6137898585146785,0.1497175141242938,0.2774327370182458,0.940677966101695,0.8912225955329243,0.4053672316384181,0.3693379790940767,0.923728813559322,0.4053672316384181,287,0.0997624703087886,0.9002375296912114,0.0997624703087886
music,MLC_PA_MLP,0.25,4,Operating Point,,0.0903717714442482,107,,0.572829131652661,1.7274844544940646,0.7379310344827587,145,0.16001400560224088,0.7969187675070029,0.5806722689075631,0.621728731594413,0.14985994397759095,0.2916992614822864,0.9467787114845938,0.9134279930766994,0.4271708683473389,0.35081967213114756,0.9663865546218487,0.4271708683473389,305,0.09290953545232272,0.9070904645476773,0.09290953545232272
music,MLC_PA_MLP,0.25,5,Operating Point,,0.08517748601727454,103,,0.572829131652661,1.7346856940676967,0.7410071942446043,139,0.15721288515406162,0.8053221288515406,0.5837535014005603,0.6376497403317797,0.14425770308123242,0.2678358278153363,0.9495798319327731,0.905485568147116,0.4271708683473389,0.3377049180327869,0.9411764705882353,0.4271708683473389,305,0.08801955990220045,0.9119804400977995,0.08801955990220045
music,MLC_PA_MLP,0.30,1,Operating Point,,0.08643322899592858,93,,0.6498599439775911,1.8573986013986015,0.6503496503496503,143,0.17507002801120453,0.7997198879551821,0.5492997198879551,0.5993164136570494,0.13025210084033612,0.27016424726430144,0.9299719887955182,0.8694806609213508,0.35014005602240894,0.372,0.9159663865546218,0.35014005602240894,250,0.10775862068965514,0.8922413793103449,0.10775862068965514
music,MLC_PA_MLP,0.30,2,Operating Point,,0.10445506443078272,95,,0.6951566951566952,1.8887000849617672,0.5757575757575758,165,0.1911680911680912,0.7649572649572649,0.49544159544159544,0.5433968197012619,0.13532763532763536,0.25989183610296385,0.9002849002849003,0.8032886558042257,0.30484330484330485,0.4439252336448598,0.905982905982906,0.30484330484330485,214,0.14344262295081966,0.8565573770491803,0.14344262295081966
music,MLC_PA_MLP,0.30,3,Operating Point,,0.09075617742856275,93,,0.6680790960451978,1.893156986774008,0.6283783783783784,148,0.1772598870056497,0.7909604519774012,0.5649717514124294,0.6137898585146785,0.1313559322033898,0.24238628106137983,0.922316384180791,0.8561761395760583,0.3319209039548023,0.39574468085106385,0.8983050847457628,0.3319209039548023,235,0.11627906976744184,0.8837209302325582,0.11627906976744184
music,MLC_PA_MLP,0.30,4,Operating Point,,0.0903717714442482,94,,0.6610644257703081,1.9126816756910798,0.6482758620689655,145,0.17310924369747901,0.7969187675070029,0.5806722689075631,0.621728731594413,0.13165266106442575,0.2585278731526801,0.9285714285714286,0.8802566047470931,0.3389355742296919,0.3884297520661157,0.9243697478991597,0.3389355742296919,242,0.10805084745762716,0.8919491525423728,0.10805084745762716
music,MLC_PA_MLP,0.30,5,Operating Point,,0.08517748601727454,80,,0.6820728291316527,1.8102874528570976,0.5755395683453237,139,0.17801120448179275,0.8053221288515406,0.5837535014005603,0.6376497403317797,0.1120448179271708,0.2109011757006094,0.9173669467787114,0.8485509160323891,0.3179271708683473,0.3524229074889868,0.8739495798319328,0.3179271708683473,227,0.12114989733059545,0.8788501026694046,0.12114989733059545
music,MLC_PA_MLP,0.35,1,Operating Point,,0.08643322899592858,81,,0.7366946778711485,2.15124237464663,0.5664335664335665,143,0.17899159663865546,0.7997198879551821,0.5492997198879551,0.5993164136570494,0.11344537815126043,0.23815790923685576,0.9131652661064426,0.8374743228939051,0.26330532212885155,0.4308510638297872,0.8571428571428571,0.26330532212885155,188,0.11787072243346008,0.8821292775665399,0.11787072243346008
music,MLC_PA_MLP,0.35,2,Operating Point,,0.10445506443078272,82,,0.7507122507122507,1.9935584415584413,0.49696969696969695,165,0.20548433048433046,0.7649572649572649,0.49544159544159544,0.5433968197012619,0.11680911680911688,0.22192692465474062,0.8817663817663818,0.7653237443560025,0.2492877492877493,0.4685714285714286,0.8461538461538461,0.2492877492877493,175,0.1574952561669829,0.8425047438330171,0.1574952561669829
music,MLC_PA_MLP,0.35,3,Operating Point,,0.09075617742856275,77,,0.7429378531073446,2.0239085239085237,0.5202702702702703,148,0.19025423728813556,0.7909604519774012,0.5649717514124294,0.6137898585146785,0.10875706214689262,0.19935289440862214,0.8997175141242938,0.8131427529233006,0.2570621468926554,0.4230769230769231,0.8305084745762712,0.2570621468926554,182,0.13498098859315588,0.8650190114068441,0.13498098859315588
music,MLC_PA_MLP,0.35,4,Operating Point,,0.0903717714442482,75,,0.7492997198879552,2.0631862839529957,0.5172413793103449,145,0.18578431372549026,0.7969187675070029,0.5806722689075631,0.621728731594413,0.10504201680672265,0.2100368119634619,0.9019607843137255,0.8317655435578749,0.2507002801120448,0.41899441340782123,0.8151260504201681,0.2507002801120448,179,0.13084112149532712,0.8691588785046729,0.13084112149532712
music,MLC_PA_MLP,0.35,5,Operating Point,,0.08517748601727454,71,,0.7464985994397759,2.0149449501172545,0.5107913669064749,139,0.18396358543417365,0.8053221288515406,0.5837535014005603,0.6376497403317797,0.09943977591036413,0.19106811557510506,0.9047619047619048,0.8287178559068847,0.2535014005602241,0.39226519337016574,0.8235294117647058,0.2535014005602241,181,0.12757973733583494,0.8724202626641651,0.12757973733583494
music,MLC_PA_MLP,0.40,1,Operating Point,,0.08643322899592858,57,,0.8361344537815126,2.43249058633674,0.3986013986013986,143,0.18599439775910365,0.7997198879551821,0.5492997198879551,0.5993164136570494,0.07983193277310918,0.17555471141233903,0.8795518207282913,0.7748711250693884,0.1638655462184874,0.48717948717948717,0.6638655462184874,0.1638655462184874,117,0.14405360134003353,0.8559463986599665,0.14405360134003353
music,MLC_PA_MLP,0.40,2,Operating Point,,0.10445506443078272,51,,0.8390313390313391,1.920193081255028,0.3090909090909091,165,0.22678062678062685,0.7649572649572649,0.49544159544159544,0.5433968197012619,0.07264957264957272,0.13117419372891226,0.8376068376068376,0.6745710134301741,0.16096866096866097,0.45132743362831856,0.7264957264957265,0.16096866096866097,113,0.19354838709677424,0.8064516129032258,0.19354838709677424
music,MLC_PA_MLP,0.40,3,Operating Point,,0.09075617742856275,51,,0.8333333333333334,2.0675675675675675,0.34459459459459457,148,0.20367231638418082,0.7909604519774012,0.5649717514124294,0.6137898585146785,0.07203389830508478,0.12548438479829882,0.862994350282486,0.7392742433129773,0.16666666666666666,0.4322033898305085,0.6949152542372882,0.16666666666666666,118,0.1644067796610169,0.8355932203389831,0.1644067796610169
music,MLC_PA_MLP,0.40,4,Operating Point,,0.0903717714442482,51,,0.8305322128851541,2.0754630948988315,0.35172413793103446,145,0.1994397759103642,0.7969187675070029,0.5806722689075631,0.621728731594413,0.0714285714285714,0.14103345943483403,0.8683473389355743,0.762762191029247,0.16946778711484595,0.4214876033057851,0.6890756302521008,0.16946778711484595,121,0.15851602023608768,0.8414839797639123,0.15851602023608768
music,MLC_PA_MLP,0.40,5,Operating Point,,0.08517748601727454,46,,0.84593837535014,2.1480706344015696,0.33093525179856115,139,0.19187675070028015,0.8053221288515406,0.5837535014005603,0.6376497403317797,0.06442577030812324,0.12157415111526126,0.8697478991596639,0.7592238914470409,0.15406162464985995,0.41818181818181815,0.6218487394957983,0.15406162464985995,110,0.1539735099337749,0.8460264900662251,0.1539735099337749
music,MLC_PA_MLP,0.50,1,Operating Point,,0.08643322899592858,0,,1.0,,0.0,143,0.20028011204481794,0.7997198879551821,0.5492997198879551,0.5993164136570494,0.0,0.0,0.7997198879551821,0.5993164136570494,0.0,,0.0,0.0,0,0.20028011204481788,0.7997198879551821,0.20028011204481788
music,MLC_PA_MLP,0.50,2,Operating Point,,0.10445506443078272,0,,1.0,,0.0,165,0.23504273504273504,0.7649572649572649,0.49544159544159544,0.5433968197012619,0.0,0.0,0.7649572649572649,0.5433968197012619,0.0,,0.0,0.0,0,0.2350427350427351,0.7649572649572649,0.2350427350427351
music,MLC_PA_MLP,0.50,3,Operating Point,,0.09075617742856275,0,,1.0,,0.0,148,0.20903954802259886,0.7909604519774012,0.5649717514124294,0.6137898585146785,0.0,0.0,0.7909604519774012,0.6137898585146785,0.0,,0.0,0.0,0,0.20903954802259883,0.7909604519774012,0.20903954802259883
music,MLC_PA_MLP,0.50,4,Operating Point,,0.0903717714442482,0,,1.0,,0.0,145,0.2030812324929972,0.7969187675070029,0.5806722689075631,0.621728731594413,0.0,0.0,0.7969187675070029,0.621728731594413,0.0,,0.0,0.0,0,0.20308123249299714,0.7969187675070029,0.20308123249299714
music,MLC_PA_MLP,0.50,5,Operating Point,,0.08517748601727454,0,,1.0,,0.0,139,0.19467787114845939,0.8053221288515406,0.5837535014005603,0.6376497403317797,0.0,0.0,0.8053221288515406,0.6376497403317797,0.0,,0.0,0.0,0,0.19467787114845936,0.8053221288515406,0.19467787114845936
music,GSI_MLC_PA_Logistic,0.20,1,Operating Point,,0.07672132074738414,133,,0.27871148459383754,1.3361756015196284,0.9637681159420289,138,0.1512605042016807,0.8067226890756303,0.5557422969187675,0.5855992899928544,0.18627450980392157,0.4038206735832742,0.9929971988795518,0.9894199635761286,0.7212885154061625,0.258252427184466,1.0,0.7212885154061625,515,0.025125628140703515,0.9748743718592965,0.025125628140703515
music,GSI_MLC_PA_Logistic,0.20,2,Operating Point,,0.09182466601172114,110,,0.48005698005698005,1.4294705664568677,0.7432432432432432,148,0.1581196581196581,0.7891737891737891,0.5621082621082623,0.5736019151202689,0.15669515669515677,0.3204193218842163,0.9458689458689459,0.8940212370044852,0.51994301994302,0.3013698630136986,0.9914529914529915,0.51994301994302,365,0.11275964391691395,0.887240356083086,0.11275964391691395
music,GSI_MLC_PA_Logistic,0.20,3,Operating Point,,0.08622354261806289,111,,0.327683615819209,1.3103241296518606,0.8809523809523809,126,0.1556497175141243,0.8220338983050848,0.6042372881355931,0.6472658112365178,0.15677966101694918,0.31531059100247183,0.978813559322034,0.9625764022389897,0.672316384180791,0.23319327731092437,0.9915254237288136,0.672316384180791,476,0.06465517241379315,0.9353448275862069,0.06465517241379315
music,GSI_MLC_PA_Logistic,0.20,4,Operating Point,,0.0845933729283384,123,,0.38375350140056025,1.435938521909745,0.8848920863309353,139,0.14565826330532217,0.8053221288515406,0.5775910364145659,0.6220201874319251,0.17226890756302515,0.34152121397712343,0.9775910364145658,0.9635414014090485,0.6162464985994398,0.27954545454545454,0.9831932773109243,0.6162464985994398,440,0.058394160583941646,0.9416058394160584,0.058394160583941646
music,GSI_MLC_PA_Logistic,0.20,5,Operating Point,,0.08071712223045675,111,,0.453781512605042,1.4412438625204584,0.7872340425531915,141,0.15266106442577032,0.8025210084033614,0.5431372549019607,0.6039505701270408,0.15406162464985995,0.32434761888462127,0.9565826330532213,0.9282981890116621,0.5462184873949579,0.2846153846153846,0.9495798319327731,0.5462184873949579,390,0.095679012345679,0.904320987654321,0.095679012345679
music,GSI_MLC_PA_Logistic,0.25,1,Operating Point,,0.07672132074738414,133,,0.27871148459383754,1.3361756015196284,0.9637681159420289,138,0.1873249299719888,0.8067226890756303,0.5557422969187675,0.5855992899928544,0.18627450980392157,0.4038206735832742,0.9929971988795518,0.9894199635761286,0.7212885154061625,0.258252427184466,1.0,0.7212885154061625,515,0.025125628140703515,0.9748743718592965,0.025125628140703515
music,GSI_MLC_PA_Logistic,0.25,2,Operating Point,,0.09182466601172114,110,,0.48005698005698005,1.4294705664568677,0.7432432432432432,148,0.1841168091168091,0.7891737891737891,0.5621082621082623,0.5736019151202689,0.15669515669515677,0.3204193218842163,0.9458689458689459,0.8940212370044852,0.51994301994302,0.3013698630136986,0.9914529914529915,0.51994301994302,365,0.11275964391691395,0.887240356083086,0.11275964391691395
music,GSI_MLC_PA_Logistic,0.25,3,Operating Point,,0.08622354261806289,111,,0.327683615819209,1.3103241296518606,0.8809523809523809,126,0.18926553672316385,0.8220338983050848,0.6042372881355931,0.6472658112365178,0.15677966101694918,0.31531059100247183,0.978813559322034,0.9625764022389897,0.672316384180791,0.23319327731092437,0.9915254237288136,0.672316384180791,476,0.06465517241379315,0.9353448275862069,0.06465517241379315
music,GSI_MLC_PA_Logistic,0.25,4,Operating Point,,0.0845933729283384,123,,0.38375350140056025,1.435938521909745,0.8848920863309353,139,0.17647058823529413,0.8053221288515406,0.5775910364145659,0.6220201874319251,0.17226890756302515,0.34152121397712343,0.9775910364145658,0.9635414014090485,0.6162464985994398,0.27954545454545454,0.9831932773109243,0.6162464985994398,440,0.058394160583941646,0.9416058394160584,0.058394160583941646
music,GSI_MLC_PA_Logistic,0.25,5,Operating Point,,0.08071712223045675,111,,0.453781512605042,1.4412438625204584,0.7872340425531915,141,0.1799719887955182,0.8025210084033614,0.5431372549019607,0.6039505701270408,0.15406162464985995,0.32434761888462127,0.9565826330532213,0.9282981890116621,0.5462184873949579,0.2846153846153846,0.9495798319327731,0.5462184873949579,390,0.095679012345679,0.904320987654321,0.095679012345679
music,GSI_MLC_PA_Logistic,0.30,1,Operating Point,,0.07672132074738414,133,,0.27871148459383754,1.3361756015196284,0.9637681159420289,138,0.22338935574229696,0.8067226890756303,0.5557422969187675,0.5855992899928544,0.18627450980392157,0.4038206735832742,0.9929971988795518,0.9894199635761286,0.7212885154061625,0.258252427184466,1.0,0.7212885154061625,515,0.025125628140703515,0.9748743718592965,0.025125628140703515
music,GSI_MLC_PA_Logistic,0.30,2,Operating Point,,0.09182466601172114,110,,0.48005698005698005,1.4294705664568677,0.7432432432432432,148,0.21011396011396008,0.7891737891737891,0.5621082621082623,0.5736019151202689,0.15669515669515677,0.3204193218842163,0.9458689458689459,0.8940212370044852,0.51994301994302,0.3013698630136986,0.9914529914529915,0.51994301994302,365,0.11275964391691395,0.887240356083086,0.11275964391691395
music,GSI_MLC_PA_Logistic,0.30,3,Operating Point,,0.08622354261806289,111,,0.327683615819209,1.3103241296518606,0.8809523809523809,126,0.22288135593220332,0.8220338983050848,0.6042372881355931,0.6472658112365178,0.15677966101694918,0.31531059100247183,0.978813559322034,0.9625764022389897,0.672316384180791,0.23319327731092437,0.9915254237288136,0.672316384180791,476,0.06465517241379315,0.9353448275862069,0.06465517241379315
music,GSI_MLC_PA_Logistic,0.30,4,Operating Point,,0.0845933729283384,123,,0.38375350140056025,1.435938521909745,0.8848920863309353,139,0.20728291316526615,0.8053221288515406,0.5775910364145659,0.6220201874319251,0.17226890756302515,0.34152121397712343,0.9775910364145658,0.9635414014090485,0.6162464985994398,0.27954545454545454,0.9831932773109243,0.6162464985994398,440,0.058394160583941646,0.9416058394160584,0.058394160583941646
music,GSI_MLC_PA_Logistic,0.30,5,Operating Point,,0.08071712223045675,111,,0.453781512605042,1.4412438625204584,0.7872340425531915,141,0.20728291316526612,0.8025210084033614,0.5431372549019607,0.6039505701270408,0.15406162464985995,0.32434761888462127,0.9565826330532213,0.9282981890116621,0.5462184873949579,0.2846153846153846,0.9495798319327731,0.5462184873949579,390,0.095679012345679,0.904320987654321,0.095679012345679
music,GSI_MLC_PA_Logistic,0.35,1,Operating Point,,0.07672132074738414,133,,0.27871148459383754,1.3361756015196284,0.9637681159420289,138,0.259453781512605,0.8067226890756303,0.5557422969187675,0.5855992899928544,0.18627450980392157,0.4038206735832742,0.9929971988795518,0.9894199635761286,0.7212885154061625,0.258252427184466,1.0,0.7212885154061625,515,0.025125628140703515,0.9748743718592965,0.025125628140703515
music,GSI_MLC_PA_Logistic,0.35,2,Operating Point,,0.09182466601172114,110,,0.48005698005698005,1.4294705664568677,0.7432432432432432,148,0.2361111111111111,0.7891737891737891,0.5621082621082623,0.5736019151202689,0.15669515669515677,0.3204193218842163,0.9458689458689459,0.8940212370044852,0.51994301994302,0.3013698630136986,0.9914529914529915,0.51994301994302,365,0.11275964391691395,0.887240356083086,0.11275964391691395
music,GSI_MLC_PA_Logistic,0.35,3,Operating Point,,0.08622354261806289,111,,0.327683615819209,1.3103241296518606,0.8809523809523809,126,0.25649717514124293,0.8220338983050848,0.6042372881355931,0.6472658112365178,0.15677966101694918,0.31531059100247183,0.978813559322034,0.9625764022389897,0.672316384180791,0.23319327731092437,0.9915254237288136,0.672316384180791,476,0.06465517241379315,0.9353448275862069,0.06465517241379315
music,GSI_MLC_PA_Logistic,0.35,4,Operating Point,,0.0845933729283384,123,,0.38375350140056025,1.435938521909745,0.8848920863309353,139,0.23809523809523803,0.8053221288515406,0.5775910364145659,0.6220201874319251,0.17226890756302515,0.34152121397712343,0.9775910364145658,0.9635414014090485,0.6162464985994398,0.27954545454545454,0.9831932773109243,0.6162464985994398,440,0.058394160583941646,0.9416058394160584,0.058394160583941646
music,GSI_MLC_PA_Logistic,0.35,5,Operating Point,,0.08071712223045675,111,,0.453781512605042,1.4412438625204584,0.7872340425531915,141,0.23459383753501398,0.8025210084033614,0.5431372549019607,0.6039505701270408,0.15406162464985995,0.32434761888462127,0.9565826330532213,0.9282981890116621,0.5462184873949579,0.2846153846153846,0.9495798319327731,0.5462184873949579,390,0.095679012345679,0.904320987654321,0.095679012345679
music,GSI_MLC_PA_Logistic,0.40,1,Operating Point,,0.07672132074738414,92,,0.5854341736694678,1.608108108108108,0.6666666666666666,138,0.40812324929971994,0.8067226890756303,0.5557422969187675,0.5855992899928544,-0.0490196078431373,0.22266640792196624,0.757703081232493,0.8082656979148206,0.41456582633053224,0.3108108108108108,1.0,0.41456582633053224,296,0.4138755980861244,0.5861244019138756,0.4138755980861244
music,GSI_MLC_PA_Logistic,0.40,2,Operating Point,,0.09182466601172114,110,,0.48005698005698005,1.4294705664568677,0.7432432432432432,148,0.2621082621082621,0.7891737891737891,0.5621082621082623,0.5736019151202689,0.15669515669515677,0.3204193218842163,0.9458689458689459,0.8940212370044852,0.51994301994302,0.3013698630136986,0.9914529914529915,0.51994301994302,365,0.11275964391691395,0.887240356083086,0.11275964391691395
music,GSI_MLC_PA_Logistic,0.40,3,Operating Point,,0.08622354261806289,70,,0.6129943502824858,1.4355231143552312,0.5555555555555556,126,0.40762711864406775,0.8220338983050848,0.6042372881355931,0.6472658112365178,-0.07485875706214684,0.1385856235490276,0.7471751412429379,0.7858514347855454,0.3870056497175141,0.25547445255474455,0.940677966101695,0.3870056497175141,274,0.4124423963133641,0.5875576036866359,0.4124423963133641
music,GSI_MLC_PA_Logistic,0.40,4,Operating Point,,0.0845933729283384,123,,0.38375350140056025,1.435938521909745,0.8848920863309353,139,0.2689075630252102,0.8053221288515406,0.5775910364145659,0.6220201874319251,0.17226890756302515,0.34152121397712343,0.9775910364145658,0.9635414014090485,0.6162464985994398,0.27954545454545454,0.9831932773109243,0.6162464985994398,440,0.058394160583941646,0.9416058394160584,0.058394160583941646
music,GSI_MLC_PA_Logistic,0.40,5,Operating Point,,0.08071712223045675,111,,0.453781512605042,1.4412438625204584,0.7872340425531915,141,0.2619047619047619,0.8025210084033614,0.5431372549019607,0.6039505701270408,0.15406162464985995,0.32434761888462127,0.9565826330532213,0.9282981890116621,0.5462184873949579,0.2846153846153846,0.9495798319327731,0.5462184873949579,390,0.095679012345679,0.904320987654321,0.095679012345679
music,GSI_MLC_PA_Logistic,0.50,1,Operating Point,,0.07672132074738414,59,,0.726890756302521,1.5654403567447048,0.427536231884058,138,0.49789915966386555,0.8067226890756303,0.5557422969187675,0.5855992899928544,-0.16806722689075637,0.13007381532937368,0.6386554621848739,0.715673105322228,0.27310924369747897,0.30256410256410254,0.8907563025210085,0.27310924369747897,195,0.49710982658959535,0.5028901734104047,0.49710982658959535
music,GSI_MLC_PA_Logistic,0.50,2,Operating Point,,0.09182466601172114,88,,0.6068376068376068,1.5123384253819037,0.5945945945945946,148,0.3646723646723647,0.7891737891737891,0.5621082621082623,0.5736019151202689,0.042735042735042805,0.23688991011951044,0.8319088319088319,0.8104918252397794,0.39316239316239315,0.3188405797101449,0.9829059829059829,0.39316239316239315,276,0.27699530516431925,0.7230046948356808,0.27699530516431925
music,GSI_MLC_PA_Logistic,0.50,3,Operating Point,,0.08622354261806289,27,,0.8573446327683616,1.5021216407355023,0.21428571428571427,126,0.527542372881356,0.8220338983050848,0.6042372881355931,0.6472658112365178,-0.27824858757062154,-0.005024866754437918,0.5437853107344632,0.6422409444820799,0.1426553672316384,0.26732673267326734,0.7627118644067796,0.1426553672316384,101,0.5321252059308073,0.46787479406919275,0.5321252059308073
music,GSI_MLC_PA_Logistic,0.50,4,Operating Point,,0.0845933729283384,78,,0.6274509803921569,1.5062476334721695,0.5611510791366906,139,0.43137254901960786,0.8053221288515406,0.5775910364145659,0.6220201874319251,-0.050420168067226934,0.17872975706801952,0.7549019607843137,0.8007499444999446,0.37254901960784315,0.2932330827067669,0.9327731092436975,0.37254901960784315,266,0.390625,0.609375,0.390625
music,GSI_MLC_PA_Logistic,0.50,5,Operating Point,,0.08071712223045675,96,,0.5518207282913166,1.5191489361702126,0.6808510638297872,141,0.37815126050420167,0.8025210084033614,0.5431372549019607,0.6039505701270408,0.04341736694677867,0.24695758583097271,0.84593837535014,0.8509081559580135,0.4481792717086835,0.3,0.9327731092436975,0.4481792717086835,320,0.2791878172588833,0.7208121827411167,0.2791878172588833
music,GSI_MLC_PA_MLP,0.20,1,Operating Point,,0.09011609588599442,139,,0.22829131652661064,1.2422053945803868,0.9586206896551724,145,0.1627450980392157,0.7969187675070029,0.5408963585434174,0.5931435741508765,0.19467787114845936,0.3933850662908074,0.9915966386554622,0.9865286404416839,0.7717086834733894,0.25226860254083483,0.9915966386554622,0.7717086834733894,551,0.036809815950920255,0.9631901840490797,0.036809815950920255
music,GSI_MLC_PA_MLP,0.20,2,Operating Point,,0.10780244205161098,161,,0.3162393162393162,1.3532327586206896,0.9252873563218391,174,0.15527065527065528,0.7521367521367521,0.45270655270655275,0.5265936719089576,0.22934472934472938,0.43879094347565784,0.9814814814814815,0.9653846153846154,0.6837606837606838,0.33541666666666664,1.0,0.6837606837606838,480,0.058558558558558516,0.9414414414414415,0.058558558558558516
music,GSI_MLC_PA_MLP,0.20,3,Operating Point,,0.09075617742856275,127,,0.3375706214689266,1.2953956088284446,0.8581081081081081,148,0.16214689265536725,0.7909604519774012,0.5649717514124294,0.6137898585146785,0.17937853107344626,0.3376470888785863,0.9703389830508474,0.9514369473932648,0.6624293785310734,0.27078891257995735,1.0,0.6624293785310734,469,0.08786610878661083,0.9121338912133892,0.08786610878661083
music,GSI_MLC_PA_MLP,0.20,4,Operating Point,,0.09479376268737282,127,,0.30952380952380953,1.2862310103689414,0.8881118881118881,143,0.16050420168067228,0.7997198879551821,0.5901960784313726,0.634231494635969,0.17787114845938368,0.3289595628009645,0.9775910364145658,0.9631910574369335,0.6904761904761905,0.25760649087221094,0.9663865546218487,0.6904761904761905,493,0.07239819004524883,0.9276018099547512,0.07239819004524883
music,GSI_MLC_PA_MLP,0.20,5,Operating Point,,0.09065169737416734,127,,0.3599439775910364,1.4072349736952372,0.900709219858156,141,0.14761904761904765,0.8025210084033614,0.5602240896358543,0.6325382864407233,0.17787114845938368,0.3367718783739534,0.9803921568627451,0.9693101648146767,0.6400560224089635,0.2778993435448578,0.9747899159663865,0.6400560224089635,457,0.054474708171206254,0.9455252918287937,0.054474708171206254
music,GSI_MLC_PA_MLP,0.25,1,Operating Point,,0.09011609588599442,139,,0.22829131652661064,1.2422053945803868,0.9586206896551724,145,0.20133053221288516,0.7969187675070029,0.5408963585434174,0.5931435741508765,0.19467787114845936,0.3933850662908074,0.9915966386554622,0.9865286404416839,0.7717086834733894,0.25226860254083483,0.9915966386554622,0.7717086834733894,551,0.036809815950920255,0.9631901840490797,0.036809815950920255
music,GSI_MLC_PA_MLP,0.25,2,Operating Point,,0.10780244205161098,161,,0.3162393162393162,1.3532327586206896,0.9252873563218391,174,0.18945868945868946,0.7521367521367521,0.45270655270655275,0.5265936719089576,0.22934472934472938,0.43879094347565784,0.9814814814814815,0.9653846153846154,0.6837606837606838,0.33541666666666664,1.0,0.6837606837606838,480,0.058558558558558516,0.9414414414414415,0.058558558558558516
music,GSI_MLC_PA_MLP,0.25,3,Operating Point,,0.09075617742856275,127,,0.3375706214689266,1.2953956088284446,0.8581081081081081,148,0.1952683615819209,0.7909604519774012,0.5649717514124294,0.6137898585146785,0.17937853107344626,0.3376470888785863,0.9703389830508474,0.9514369473932648,0.6624293785310734,0.27078891257995735,1.0,0.6624293785310734,469,0.08786610878661083,0.9121338912133892,0.08786610878661083
music,GSI_MLC_PA_MLP,0.25,4,Operating Point,,0.09479376268737282,127,,0.30952380952380953,1.2862310103689414,0.8881118881118881,143,0.1950280112044818,0.7997198879551821,0.5901960784313726,0.634231494635969,0.17787114845938368,0.3289595628009645,0.9775910364145658,0.9631910574369335,0.6904761904761905,0.25760649087221094,0.9663865546218487,0.6904761904761905,493,0.07239819004524883,0.9276018099547512,0.07239819004524883
music,GSI_MLC_PA_MLP,0.25,5,Operating Point,,0.09065169737416734,127,,0.3599439775910364,1.4072349736952372,0.900709219858156,141,0.1796218487394958,0.8025210084033614,0.5602240896358543,0.6325382864407233,0.17787114845938368,0.3367718783739534,0.9803921568627451,0.9693101648146767,0.6400560224089635,0.2778993435448578,0.9747899159663865,0.6400560224089635,457,0.054474708171206254,0.9455252918287937,0.054474708171206254
music,GSI_MLC_PA_MLP,0.30,1,Operating Point,,0.09011609588599442,139,,0.22829131652661064,1.2422053945803868,0.9586206896551724,145,0.23991596638655463,0.7969187675070029,0.5408963585434174,0.5931435741508765,0.19467787114845936,0.3933850662908074,0.9915966386554622,0.9865286404416839,0.7717086834733894,0.25226860254083483,0.9915966386554622,0.7717086834733894,551,0.036809815950920255,0.9631901840490797,0.036809815950920255
music,GSI_MLC_PA_MLP,0.30,2,Operating Point,,0.10780244205161098,161,,0.3162393162393162,1.3532327586206896,0.9252873563218391,174,0.2236467236467236,0.7521367521367521,0.45270655270655275,0.5265936719089576,0.22934472934472938,0.43879094347565784,0.9814814814814815,0.9653846153846154,0.6837606837606838,0.33541666666666664,1.0,0.6837606837606838,480,0.058558558558558516,0.9414414414414415,0.058558558558558516
music,GSI_MLC_PA_MLP,0.30,3,Operating Point,,0.09075617742856275,127,,0.3375706214689266,1.2953956088284446,0.8581081081081081,148,0.2283898305084746,0.7909604519774012,0.5649717514124294,0.6137898585146785,0.17937853107344626,0.3376470888785863,0.9703389830508474,0.9514369473932648,0.6624293785310734,0.27078891257995735,1.0,0.6624293785310734,469,0.08786610878661083,0.9121338912133892,0.08786610878661083
music,GSI_MLC_PA_MLP,0.30,4,Operating Point,,0.09479376268737282,127,,0.30952380952380953,1.2862310103689414,0.8881118881118881,143,0.22955182072829133,0.7997198879551821,0.5901960784313726,0.634231494635969,0.17787114845938368,0.3289595628009645,0.9775910364145658,0.9631910574369335,0.6904761904761905,0.25760649087221094,0.9663865546218487,0.6904761904761905,493,0.07239819004524883,0.9276018099547512,0.07239819004524883
music,GSI_MLC_PA_MLP,0.30,5,Operating Point,,0.09065169737416734,127,,0.3599439775910364,1.4072349736952372,0.900709219858156,141,0.21162464985994398,0.8025210084033614,0.5602240896358543,0.6325382864407233,0.17787114845938368,0.3367718783739534,0.9803921568627451,0.9693101648146767,0.6400560224089635,0.2778993435448578,0.9747899159663865,0.6400560224089635,457,0.054474708171206254,0.9455252918287937,0.054474708171206254
music,GSI_MLC_PA_MLP,0.35,1,Operating Point,,0.09011609588599442,139,,0.22829131652661064,1.2422053945803868,0.9586206896551724,145,0.2785014005602241,0.7969187675070029,0.5408963585434174,0.5931435741508765,0.19467787114845936,0.3933850662908074,0.9915966386554622,0.9865286404416839,0.7717086834733894,0.25226860254083483,0.9915966386554622,0.7717086834733894,551,0.036809815950920255,0.9631901840490797,0.036809815950920255
music,GSI_MLC_PA_MLP,0.35,2,Operating Point,,0.10780244205161098,161,,0.3162393162393162,1.3532327586206896,0.9252873563218391,174,0.25783475783475784,0.7521367521367521,0.45270655270655275,0.5265936719089576,0.22934472934472938,0.43879094347565784,0.9814814814814815,0.9653846153846154,0.6837606837606838,0.33541666666666664,1.0,0.6837606837606838,480,0.058558558558558516,0.9414414414414415,0.058558558558558516
music,GSI_MLC_PA_MLP,0.35,3,Operating Point,,0.09075617742856275,127,,0.3375706214689266,1.2953956088284446,0.8581081081081081,148,0.26151129943502816,0.7909604519774012,0.5649717514124294,0.6137898585146785,0.17937853107344626,0.3376470888785863,0.9703389830508474,0.9514369473932648,0.6624293785310734,0.27078891257995735,1.0,0.6624293785310734,469,0.08786610878661083,0.9121338912133892,0.08786610878661083
music,GSI_MLC_PA_MLP,0.35,4,Operating Point,,0.09479376268737282,127,,0.30952380952380953,1.2862310103689414,0.8881118881118881,143,0.2640756302521008,0.7997198879551821,0.5901960784313726,0.634231494635969,0.17787114845938368,0.3289595628009645,0.9775910364145658,0.9631910574369335,0.6904761904761905,0.25760649087221094,0.9663865546218487,0.6904761904761905,493,0.07239819004524883,0.9276018099547512,0.07239819004524883
music,GSI_MLC_PA_MLP,0.35,5,Operating Point,,0.09065169737416734,127,,0.3599439775910364,1.4072349736952372,0.900709219858156,141,0.24362745098039215,0.8025210084033614,0.5602240896358543,0.6325382864407233,0.17787114845938368,0.3367718783739534,0.9803921568627451,0.9693101648146767,0.6400560224089635,0.2778993435448578,0.9747899159663865,0.6400560224089635,457,0.054474708171206254,0.9455252918287937,0.054474708171206254
music,GSI_MLC_PA_MLP,0.40,1,Operating Point,,0.09011609588599442,98,,0.5238095238095238,1.4193103448275863,0.6758620689655173,145,0.4313725490196079,0.7969187675070029,0.5408963585434174,0.5931435741508765,-0.037815126050420256,0.217129759600718,0.7591036414565826,0.8102733337515945,0.47619047619047616,0.28823529411764703,0.9915966386554622,0.47619047619047616,340,0.4598930481283423,0.5401069518716577,0.4598930481283423
music,GSI_MLC_PA_MLP,0.40,2,Operating Point,,0.10780244205161098,131,,0.46153846153846156,1.398193760262726,0.7528735632183908,174,0.3521367521367521,0.7521367521367521,0.45270655270655275,0.5265936719089576,0.11111111111111116,0.3480217127064271,0.8632478632478633,0.8746153846153847,0.5384615384615384,0.34656084656084657,1.0,0.5384615384615384,378,0.2962962962962963,0.7037037037037037,0.2962962962962963
music,GSI_MLC_PA_MLP,0.40,3,Operating Point,,0.09075617742856275,79,,0.617231638418079,1.3945347561583723,0.5337837837837838,148,0.41016949152542376,0.7909604519774012,0.5649717514124294,0.6137898585146785,-0.048022598870056554,0.16725123534919262,0.7429378531073446,0.7810410938638711,0.3827683615819209,0.2915129151291513,0.9576271186440678,0.3827683615819209,271,0.41647597254004576,0.5835240274599542,0.41647597254004576
music,GSI_MLC_PA_MLP,0.40,4,Operating Point,,0.09479376268737282,127,,0.30952380952380953,1.2862310103689414,0.8881118881118881,143,0.2985994397759104,0.7997198879551821,0.5901960784313726,0.634231494635969,0.17787114845938368,0.3289595628009645,0.9775910364145658,0.9631910574369335,0.6904761904761905,0.25760649087221094,0.9663865546218487,0.6904761904761905,493,0.07239819004524883,0.9276018099547512,0.07239819004524883
music,GSI_MLC_PA_MLP,0.40,5,Operating Point,,0.09065169737416734,99,,0.5,1.4042553191489362,0.7021276595744681,141,0.3372549019607843,0.8025210084033614,0.5602240896358543,0.6325382864407233,0.06022408963585435,0.24752413781042337,0.8627450980392157,0.8800624242511467,0.5,0.2773109243697479,0.957983193277311,0.5,357,0.27450980392156865,0.7254901960784313,0.27450980392156865
music,GSI_MLC_PA_MLP,0.50,1,Operating Point,,0.09011609588599442,37,,0.788515406162465,1.206576844028317,0.25517241379310346,145,0.5553221288515406,0.7969187675070029,0.5408963585434174,0.5931435741508765,-0.24649859943977592,0.0645864391605322,0.5504201680672269,0.6577300133114087,0.211484593837535,0.24503311258278146,0.8823529411764706,0.211484593837535,151,0.5701598579040853,0.4298401420959147,0.5701598579040853
music,GSI_MLC_PA_MLP,0.50,2,Operating Point,,0.10780244205161098,9,,0.9700854700854701,1.729064039408867,0.05172413793103448,174,0.5819088319088319,0.7521367521367521,0.45270655270655275,0.5265936719089576,-0.31908831908831903,0.03632573668621153,0.4330484330484331,0.5629194085951691,0.029914529914529916,0.42857142857142855,0.1794871794871795,0.029914529914529916,21,0.5844346549192364,0.4155653450807636,0.5844346549192364
music,GSI_MLC_PA_MLP,0.50,3,Operating Point,,0.09075617742856275,60,,0.7542372881355932,1.6495806150978565,0.40540540540540543,148,0.4943502824858757,0.7909604519774012,0.5649717514124294,0.6137898585146785,-0.16242937853107353,0.08239234900289205,0.6285310734463276,0.6961822075175705,0.2457627118644068,0.3448275862068966,0.788135593220339,0.2457627118644068,174,0.49250936329588013,0.5074906367041199,0.49250936329588013
music,GSI_MLC_PA_MLP,0.50,4,Operating Point,,0.09479376268737282,36,,0.8095238095238095,1.3216783216783219,0.2517482517482518,143,0.542016806722689,0.7997198879551821,0.5901960784313726,0.634231494635969,-0.24649859943977592,0.02651328067291958,0.5532212885154062,0.6607447753088885,0.19047619047619047,0.2647058823529412,0.6218487394957983,0.19047619047619047,136,0.5519031141868512,0.44809688581314877,0.5519031141868512
music,GSI_MLC_PA_MLP,0.50,5,Operating Point,,0.09065169737416734,47,,0.7535014005602241,1.352272727272727,0.3333333333333333,141,0.46638655462184875,0.8025210084033614,0.5602240896358543,0.6325382864407233,-0.14565826330532217,0.09926356117348123,0.6568627450980392,0.7318018476142045,0.24649859943977592,0.26704545454545453,0.865546218487395,0.24649859943977592,176,0.4553903345724908,0.5446096654275092,0.4553903345724908
music,MLC_PA_SVM,0.20,1,Operating Point,,0.08408797923938977,120,,0.42016806722689076,1.488895839849859,0.8633093525179856,139,0.1425770308123249,0.8053221288515406,0.5369747899159664,0.5688568681361986,0.16806722689075626,0.3835946327820463,0.9733893557422969,0.9524515009182449,0.5798319327731093,0.2898550724637681,0.9915966386554622,0.5798319327731093,414,0.06333333333333335,0.9366666666666666,0.06333333333333335
music,MLC_PA_SVM,0.20,2,Operating Point,,0.09544236218341173,124,,0.47863247863247865,1.5344262295081967,0.8,155,0.14843304843304844,0.7792022792022792,0.5236467236467236,0.5549989850491104,0.1766381766381766,0.36700251597550015,0.9558404558404558,0.9220015010246105,0.5213675213675214,0.33879781420765026,1.0,0.5213675213675214,366,0.09226190476190477,0.9077380952380952,0.09226190476190477
music,MLC_PA_SVM,0.20,3,Operating Point,,0.08199287443296219,117,,0.4449152542372881,1.527381347494192,0.8478260869565217,138,0.14067796610169492,0.8050847457627118,0.5499999999999998,0.5643269836731432,0.1652542372881356,0.3789457885428993,0.9703389830508474,0.9432727722160424,0.5550847457627118,0.29770992366412213,1.0,0.5550847457627118,393,0.06666666666666665,0.9333333333333333,0.06666666666666665
music,MLC_PA_SVM,0.20,4,Operating Point,,0.08791983193583343,116,,0.44537815126050423,1.493939393939394,0.8285714285714286,140,0.1445378151260504,0.803921568627451,0.557422969187675,0.5832296582296582,0.16246498599439774,0.359645845196069,0.9663865546218487,0.9428755034257272,0.5546218487394958,0.29292929292929293,0.9915966386554622,0.5546218487394958,396,0.07547169811320753,0.9245283018867925,0.07547169811320753
music,MLC_PA_SVM,0.20,5,Operating Point,,0.0993988837584703,115,,0.4677871148459384,1.4901996370235935,0.7931034482758621,145,0.14845938375350143,0.7969187675070029,0.5173669467787113,0.5606102601764424,0.1610644257703081,0.36632236184964084,0.957983193277311,0.9269326220260833,0.5322128851540616,0.3026315789473684,0.9915966386554622,0.5322128851540616,380,0.08982035928143717,0.9101796407185628,0.08982035928143717
music,MLC_PA_SVM,0.25,1,Operating Point,,0.08408797923938977,108,,0.5434173669467787,1.7017257359756368,0.7769784172661871,139,0.15756302521008403,0.8053221288515406,0.5369747899159664,0.5688568681361986,0.1512605042016807,0.3508698867661335,0.9565826330532213,0.9197267549023321,0.4565826330532213,0.3312883435582822,0.9915966386554622,0.4565826330532213,326,0.07989690721649478,0.9201030927835052,0.07989690721649478
music,MLC_PA_SVM,0.25,2,Operating Point,,0.09544236218341173,107,,0.5811965811965812,1.6483212639894667,0.6903225806451613,155,0.17307692307692307,0.7792022792022792,0.5236467236467236,0.5549989850491104,0.1524216524216524,0.31090449399879827,0.9316239316239316,0.8659034790479087,0.4188034188034188,0.36394557823129253,0.9743589743589743,0.4188034188034188,294,0.11764705882352944,0.8823529411764706,0.11764705882352944
music,MLC_PA_SVM,0.25,3,Operating Point,,0.08199287443296219,104,,0.5451977401129944,1.6570348366189578,0.7536231884057971,138,0.1617231638418079,0.8050847457627118,0.5499999999999998,0.5643269836731432,0.14689265536723173,0.3438043616392903,0.9519774011299436,0.9081313453124334,0.4548022598870056,0.32298136645962733,0.9745762711864406,0.4548022598870056,322,0.08808290155440412,0.9119170984455959,0.08808290155440412
music,MLC_PA_SVM,0.25,4,Operating Point,,0.08791983193583343,106,,0.5532212885154062,1.6946708463949842,0.7571428571428571,140,0.15931372549019607,0.803921568627451,0.557422969187675,0.5832296582296582,0.14845938375350132,0.33402865402210746,0.9523809523809523,0.9172583122517657,0.44677871148459386,0.3322884012539185,0.9747899159663865,0.44677871148459386,319,0.08607594936708862,0.9139240506329114,0.08607594936708862
music,MLC_PA_SVM,0.25,5,Operating Point,,0.0993988837584703,104,,0.5560224089635855,1.61549004677472,0.7172413793103448,145,0.16841736694677872,0.7969187675070029,0.5173669467787113,0.5606102601764424,0.14565826330532206,0.3375347650701971,0.9425770308123249,0.8981450252466395,0.44397759103641454,0.3280757097791798,0.9747899159663865,0.44397759103641454,317,0.10327455919395467,0.8967254408060453,0.10327455919395467
music,MLC_PA_SVM,0.30,1,Operating Point,,0.08408797923938977,91,,0.6484593837535014,1.8623061709994557,0.6546762589928058,139,0.17268907563025207,0.8053221288515406,0.5369747899159664,0.5688568681361986,0.12745098039215685,0.30401907171342535,0.9327731092436975,0.872875939849624,0.35154061624649857,0.36254980079681276,0.957983193277311,0.35154061624649857,251,0.10367170626349886,0.8963282937365011,0.10367170626349886
music,MLC_PA_SVM,0.30,2,Operating Point,,0.09544236218341173,94,,0.6709401709401709,1.8429828236279848,0.6064516129032258,155,0.18561253561253563,0.7792022792022792,0.5236467236467236,0.5549989850491104,0.1339031339031338,0.2628875046064947,0.913105413105413,0.8178864896556051,0.32905982905982906,0.4069264069264069,0.9316239316239316,0.32905982905982906,231,0.1295116772823779,0.8704883227176221,0.1295116772823779
music,MLC_PA_SVM,0.30,3,Operating Point,,0.08199287443296219,90,,0.655367231638418,1.8923734853884535,0.6521739130434783,138,0.1711864406779661,0.8050847457627118,0.5499999999999998,0.5643269836731432,0.1271186440677966,0.3025329010870548,0.9322033898305084,0.8668598847601979,0.3446327683615819,0.36885245901639346,0.9745762711864406,0.3446327683615819,244,0.10344827586206895,0.896551724137931,0.10344827586206895
music,MLC_PA_SVM,0.30,4,Operating Point,,0.08791983193583343,87,,0.6666666666666666,1.8642857142857143,0.6214285714285714,140,0.17422969187675072,0.803921568627451,0.557422969187675,0.5832296582296582,0.12184873949579833,0.27775203769394174,0.9257703081232493,0.8609816959236,0.3333333333333333,0.36554621848739494,0.9495798319327731,0.3333333333333333,238,0.1113445378151261,0.8886554621848739,0.1113445378151261
music,MLC_PA_SVM,0.30,5,Operating Point,,0.0993988837584703,81,,0.6820728291316527,1.757071244113626,0.5586206896551724,145,0.18501400560224088,0.7969187675070029,0.5173669467787113,0.5606102601764424,0.11344537815126043,0.27050444544160857,0.9103641456582633,0.831114705618051,0.3179271708683473,0.3568281938325991,0.9159663865546218,0.3179271708683473,227,0.1314168377823408,0.8685831622176592,0.1314168377823408
music,MLC_PA_SVM,0.35,1,Operating Point,,0.08408797923938977,69,,0.7563025210084033,2.0369635326221784,0.49640287769784175,139,0.1833333333333333,0.8053221288515406,0.5369747899159664,0.5688568681361986,0.09663865546218486,0.2161457005976466,0.9019607843137255,0.7850025687338452,0.24369747899159663,0.39655172413793105,0.8487394957983193,0.24369747899159663,174,0.12962962962962965,0.8703703703703703,0.12962962962962965
music,MLC_PA_SVM,0.35,2,Operating Point,,0.09544236218341173,76,,0.7621082621082621,2.061116476723971,0.49032258064516127,155,0.19579772079772073,0.7792022792022792,0.5236467236467236,0.5549989850491104,0.10826210826210825,0.20310863742632812,0.8874643874643875,0.7581076224754385,0.2378917378917379,0.4550898203592814,0.8034188034188035,0.2378917378917379,167,0.14766355140186915,0.8523364485981308,0.14766355140186915
music,MLC_PA_SVM,0.35,3,Operating Point,,0.08199287443296219,78,,0.7415254237288136,2.1867426942266572,0.5652173913043478,138,0.1752118644067796,0.8050847457627118,0.5499999999999998,0.5643269836731432,0.11016949152542377,0.267478598210829,0.9152542372881356,0.8318055818839721,0.2584745762711864,0.4262295081967213,0.864406779661017,0.2584745762711864,183,0.11428571428571432,0.8857142857142857,0.11428571428571432
music,MLC_PA_SVM,0.35,4,Operating Point,,0.08791983193583343,68,,0.757703081232493,2.004624277456647,0.4857142857142857,140,0.1856442577030812,0.803921568627451,0.557422969187675,0.5832296582296582,0.09523809523809523,0.2222601331268459,0.8991596638655462,0.8054897913565041,0.242296918767507,0.3930635838150289,0.8319327731092437,0.242296918767507,173,0.13308687615526804,0.866913123844732,0.13308687615526804
music,MLC_PA_SVM,0.35,5,Operating Point,,0.0993988837584703,58,,0.7703081232492998,1.7414634146341466,0.4,145,0.20224089635854334,0.7969187675070029,0.5173669467787113,0.5606102601764424,0.08123249299719881,0.19349811479796364,0.8781512605042017,0.7541083749744061,0.22969187675070027,0.35365853658536583,0.8235294117647058,0.22969187675070027,164,0.1581818181818182,0.8418181818181818,0.1581818181818182
music,MLC_PA_SVM,0.40,1,Operating Point,,0.08408797923938977,48,,0.8487394957983193,2.282973621103118,0.34532374100719426,139,0.18795518207282916,0.8053221288515406,0.5369747899159664,0.5688568681361986,0.0672268907563025,0.136763271910171,0.8725490196078431,0.7056201400463696,0.15126050420168066,0.4444444444444444,0.680672268907563,0.15126050420168066,108,0.15016501650165015,0.8498349834983498,0.15016501650165015
music,MLC_PA_SVM,0.40,2,Operating Point,,0.09544236218341173,58,,0.8361823361823362,2.2842075736325387,0.3741935483870968,155,0.20370370370370375,0.7792022792022792,0.5236467236467236,0.5549989850491104,0.08262108262108259,0.15960896202086527,0.8618233618233618,0.7146079470699757,0.16381766381766383,0.5043478260869565,0.6666666666666666,0.16381766381766383,115,0.16524701873935266,0.8347529812606473,0.16524701873935266
music,MLC_PA_SVM,0.40,3,Operating Point,,0.08199287443296219,51,,0.8418079096045198,2.336180124223602,0.3695652173913043,138,0.18615819209039552,0.8050847457627118,0.5499999999999998,0.5643269836731432,0.07203389830508478,0.17455264434339812,0.8771186440677966,0.7388796280165413,0.15819209039548024,0.45535714285714285,0.6271186440677966,0.15819209039548024,112,0.1459731543624161,0.8540268456375839,0.1459731543624161
music,MLC_PA_SVM,0.40,4,Operating Point,,0.08791983193583343,44,,0.8641456582633054,2.3134020618556703,0.3142857142857143,140,0.18879551820728296,0.803921568627451,0.557422969187675,0.5832296582296582,0.06162464985994398,0.12822805763982426,0.865546218487395,0.7114577158694825,0.13585434173669467,0.4536082474226804,0.6218487394957983,0.13585434173669467,97,0.15559157212317665,0.8444084278768234,0.15559157212317665
music,MLC_PA_SVM,0.40,5,Operating Point,,0.0993988837584703,41,,0.8585434173669467,1.998907476954592,0.2827586206896552,145,0.20224089635854348,0.7969187675070029,0.5173669467787113,0.5606102601764424,0.05742296918767498,0.12654062559693968,0.8543417366946778,0.6871508857733821,0.14145658263305322,0.40594059405940597,0.6302521008403361,0.14145658263305322,101,0.16965742251223492,0.8303425774877651,0.16965742251223492
music,MLC_PA_SVM,0.50,1,Operating Point,,0.08408797923938977,0,,1.0,,0.0,139,0.19467787114845939,0.8053221288515406,0.5369747899159664,0.5688568681361986,0.0,0.0,0.8053221288515406,0.5688568681361986,0.0,,0.0,0.0,0,0.19467787114845936,0.8053221288515406,0.19467787114845936
music,MLC_PA_SVM,0.50,2,Operating Point,,0.09544236218341173,0,,1.0,,0.0,155,0.2207977207977208,0.7792022792022792,0.5236467236467236,0.5549989850491104,0.0,0.0,0.7792022792022792,0.5549989850491104,0.0,,0.0,0.0,0,0.22079772079772075,0.7792022792022792,0.22079772079772075
music,MLC_PA_SVM,0.50,3,Operating Point,,0.08199287443296219,0,,1.0,,0.0,138,0.19491525423728814,0.8050847457627118,0.5499999999999998,0.5643269836731432,0.0,0.0,0.8050847457627118,0.5643269836731432,0.0,,0.0,0.0,0,0.19491525423728817,0.8050847457627118,0.19491525423728817
music,MLC_PA_SVM,0.50,4,Operating Point,,0.08791983193583343,0,,1.0,,0.0,140,0.19607843137254902,0.803921568627451,0.557422969187675,0.5832296582296582,0.0,0.0,0.803921568627451,0.5832296582296582,0.0,,0.0,0.0,0,0.196078431372549,0.803921568627451,0.196078431372549
music,MLC_PA_SVM,0.50,5,Operating Point,,0.0993988837584703,0,,1.0,,0.0,145,0.2030812324929972,0.7969187675070029,0.5173669467787113,0.5606102601764424,0.0,0.0,0.7969187675070029,0.5606102601764424,0.0,,0.0,0.0,0,0.20308123249299714,0.7969187675070029,0.20308123249299714
music,GSI_MLC_PA_SVM,0.20,1,Operating Point,,0.08306671531293054,119,,0.46218487394957986,1.5692597517730498,0.8439716312056738,141,0.13837535014005603,0.8025210084033614,0.534453781512605,0.575519357693425,0.16666666666666663,0.37450381735730665,0.969187675070028,0.9500231750507316,0.5378151260504201,0.3098958333333333,0.9915966386554622,0.5378151260504201,384,0.06666666666666665,0.9333333333333333,0.06666666666666665
music,GSI_MLC_PA_SVM,0.20,2,Operating Point,,0.09518802361588229,118,,0.4700854700854701,1.4274193548387095,0.7564102564102564,156,0.1601139601139601,0.7777777777777778,0.5282051282051282,0.5506130201368297,0.16809116809116809,0.35700432729874065,0.9458689458689459,0.9076173474355703,0.5299145299145299,0.3172043010752688,1.0,0.5299145299145299,372,0.11515151515151512,0.8848484848484849,0.11515151515151512
music,GSI_MLC_PA_SVM,0.20,3,Operating Point,,0.08538497335661152,110,,0.4435028248587571,1.49746192893401,0.8333333333333334,132,0.1423728813559322,0.8135593220338984,0.5943502824858757,0.6283928447593617,0.15536723163841804,0.3125907165631827,0.9689265536723164,0.9409835613225445,0.556497175141243,0.27918781725888325,0.9915254237288136,0.556497175141243,394,0.07006369426751591,0.9299363057324841,0.07006369426751591
music,GSI_MLC_PA_SVM,0.20,4,Operating Point,,0.08633818079605947,116,,0.40476190476190477,1.3627972027972026,0.8111888111888111,143,0.15686274509803924,0.7997198879551821,0.5719887955182074,0.6119859245459794,0.16246498599439774,0.3269912596969753,0.9621848739495799,0.9389771842429547,0.5952380952380952,0.27294117647058824,0.9663865546218487,0.5952380952380952,425,0.09342560553633217,0.9065743944636678,0.09342560553633217
music,GSI_MLC_PA_SVM,0.20,5,Operating Point,,0.10110004001699584,105,,0.4803921568627451,1.338248156941147,0.695364238410596,151,0.1711484593837535,0.788515406162465,0.5257703081232492,0.5724763294893203,0.14425770308123254,0.3159034916386144,0.9327731092436975,0.8883798211279347,0.5196078431372549,0.2830188679245283,0.957983193277311,0.5196078431372549,371,0.13994169096209919,0.8600583090379008,0.13994169096209919
music,GSI_MLC_PA_SVM,0.25,1,Operating Point,,0.08306671531293054,119,,0.46218487394957986,1.5692597517730498,0.8439716312056738,141,0.16526610644257703,0.8025210084033614,0.534453781512605,0.575519357693425,0.16666666666666663,0.37450381735730665,0.969187675070028,0.9500231750507316,0.5378151260504201,0.3098958333333333,0.9915966386554622,0.5378151260504201,384,0.06666666666666665,0.9333333333333333,0.06666666666666665
music,GSI_MLC_PA_SVM,0.25,2,Operating Point,,0.09518802361588229,118,,0.4700854700854701,1.4274193548387095,0.7564102564102564,156,0.1866096866096866,0.7777777777777778,0.5282051282051282,0.5506130201368297,0.16809116809116809,0.35700432729874065,0.9458689458689459,0.9076173474355703,0.5299145299145299,0.3172043010752688,1.0,0.5299145299145299,372,0.11515151515151512,0.8848484848484849,0.11515151515151512
music,GSI_MLC_PA_SVM,0.25,3,Operating Point,,0.08538497335661152,110,,0.4435028248587571,1.49746192893401,0.8333333333333334,132,0.17019774011299435,0.8135593220338984,0.5943502824858757,0.6283928447593617,0.15536723163841804,0.3125907165631827,0.9689265536723164,0.9409835613225445,0.556497175141243,0.27918781725888325,0.9915254237288136,0.556497175141243,394,0.07006369426751591,0.9299363057324841,0.07006369426751591
music,GSI_MLC_PA_SVM,0.25,4,Operating Point,,0.08633818079605947,116,,0.40476190476190477,1.3627972027972026,0.8111888111888111,143,0.18662464985994398,0.7997198879551821,0.5719887955182074,0.6119859245459794,0.16246498599439774,0.3269912596969753,0.9621848739495799,0.9389771842429547,0.5952380952380952,0.27294117647058824,0.9663865546218487,0.5952380952380952,425,0.09342560553633217,0.9065743944636678,0.09342560553633217
music,GSI_MLC_PA_SVM,0.25,5,Operating Point,,0.10110004001699584,105,,0.4803921568627451,1.338248156941147,0.695364238410596,151,0.19712885154061624,0.788515406162465,0.5257703081232492,0.5724763294893203,0.14425770308123254,0.3159034916386144,0.9327731092436975,0.8883798211279347,0.5196078431372549,0.2830188679245283,0.957983193277311,0.5196078431372549,371,0.13994169096209919,0.8600583090379008,0.13994169096209919
music,GSI_MLC_PA_SVM,0.30,1,Operating Point,,0.08306671531293054,119,,0.46218487394957986,1.5692597517730498,0.8439716312056738,141,0.19215686274509794,0.8025210084033614,0.534453781512605,0.575519357693425,0.16666666666666663,0.37450381735730665,0.969187675070028,0.9500231750507316,0.5378151260504201,0.3098958333333333,0.9915966386554622,0.5378151260504201,384,0.06666666666666665,0.9333333333333333,0.06666666666666665
music,GSI_MLC_PA_SVM,0.30,2,Operating Point,,0.09518802361588229,118,,0.4700854700854701,1.4274193548387095,0.7564102564102564,156,0.21310541310541306,0.7777777777777778,0.5282051282051282,0.5506130201368297,0.16809116809116809,0.35700432729874065,0.9458689458689459,0.9076173474355703,0.5299145299145299,0.3172043010752688,1.0,0.5299145299145299,372,0.11515151515151512,0.8848484848484849,0.11515151515151512
music,GSI_MLC_PA_SVM,0.30,3,Operating Point,,0.08538497335661152,110,,0.4435028248587571,1.49746192893401,0.8333333333333334,132,0.1980225988700565,0.8135593220338984,0.5943502824858757,0.6283928447593617,0.15536723163841804,0.3125907165631827,0.9689265536723164,0.9409835613225445,0.556497175141243,0.27918781725888325,0.9915254237288136,0.556497175141243,394,0.07006369426751591,0.9299363057324841,0.07006369426751591
music,GSI_MLC_PA_SVM,0.30,4,Operating Point,,0.08633818079605947,116,,0.40476190476190477,1.3627972027972026,0.8111888111888111,143,0.21638655462184875,0.7997198879551821,0.5719887955182074,0.6119859245459794,0.16246498599439774,0.3269912596969753,0.9621848739495799,0.9389771842429547,0.5952380952380952,0.27294117647058824,0.9663865546218487,0.5952380952380952,425,0.09342560553633217,0.9065743944636678,0.09342560553633217
music,GSI_MLC_PA_SVM,0.30,5,Operating Point,,0.10110004001699584,105,,0.4803921568627451,1.338248156941147,0.695364238410596,151,0.223109243697479,0.788515406162465,0.5257703081232492,0.5724763294893203,0.14425770308123254,0.3159034916386144,0.9327731092436975,0.8883798211279347,0.5196078431372549,0.2830188679245283,0.957983193277311,0.5196078431372549,371,0.13994169096209919,0.8600583090379008,0.13994169096209919
music,GSI_MLC_PA_SVM,0.35,1,Operating Point,,0.08306671531293054,119,,0.46218487394957986,1.5692597517730498,0.8439716312056738,141,0.21904761904761905,0.8025210084033614,0.534453781512605,0.575519357693425,0.16666666666666663,0.37450381735730665,0.969187675070028,0.9500231750507316,0.5378151260504201,0.3098958333333333,0.9915966386554622,0.5378151260504201,384,0.06666666666666665,0.9333333333333333,0.06666666666666665
music,GSI_MLC_PA_SVM,0.35,2,Operating Point,,0.09518802361588229,118,,0.4700854700854701,1.4274193548387095,0.7564102564102564,156,0.23960113960113963,0.7777777777777778,0.5282051282051282,0.5506130201368297,0.16809116809116809,0.35700432729874065,0.9458689458689459,0.9076173474355703,0.5299145299145299,0.3172043010752688,1.0,0.5299145299145299,372,0.11515151515151512,0.8848484848484849,0.11515151515151512
music,GSI_MLC_PA_SVM,0.35,3,Operating Point,,0.08538497335661152,110,,0.4435028248587571,1.49746192893401,0.8333333333333334,132,0.2258474576271186,0.8135593220338984,0.5943502824858757,0.6283928447593617,0.15536723163841804,0.3125907165631827,0.9689265536723164,0.9409835613225445,0.556497175141243,0.27918781725888325,0.9915254237288136,0.556497175141243,394,0.07006369426751591,0.9299363057324841,0.07006369426751591
music,GSI_MLC_PA_SVM,0.35,4,Operating Point,,0.08633818079605947,116,,0.40476190476190477,1.3627972027972026,0.8111888111888111,143,0.24614845938375346,0.7997198879551821,0.5719887955182074,0.6119859245459794,0.16246498599439774,0.3269912596969753,0.9621848739495799,0.9389771842429547,0.5952380952380952,0.27294117647058824,0.9663865546218487,0.5952380952380952,425,0.09342560553633217,0.9065743944636678,0.09342560553633217
music,GSI_MLC_PA_SVM,0.35,5,Operating Point,,0.10110004001699584,105,,0.4803921568627451,1.338248156941147,0.695364238410596,151,0.24908963585434174,0.788515406162465,0.5257703081232492,0.5724763294893203,0.14425770308123254,0.3159034916386144,0.9327731092436975,0.8883798211279347,0.5196078431372549,0.2830188679245283,0.957983193277311,0.5196078431372549,371,0.13994169096209919,0.8600583090379008,0.13994169096209919
music,GSI_MLC_PA_SVM,0.40,1,Operating Point,,0.08306671531293054,119,,0.46218487394957986,1.5692597517730498,0.8439716312056738,141,0.2459383753501401,0.8025210084033614,0.534453781512605,0.575519357693425,0.16666666666666663,0.37450381735730665,0.969187675070028,0.9500231750507316,0.5378151260504201,0.3098958333333333,0.9915966386554622,0.5378151260504201,384,0.06666666666666665,0.9333333333333333,0.06666666666666665
music,GSI_MLC_PA_SVM,0.40,2,Operating Point,,0.09518802361588229,118,,0.4700854700854701,1.4274193548387095,0.7564102564102564,156,0.26609686609686606,0.7777777777777778,0.5282051282051282,0.5506130201368297,0.16809116809116809,0.35700432729874065,0.9458689458689459,0.9076173474355703,0.5299145299145299,0.3172043010752688,1.0,0.5299145299145299,372,0.11515151515151512,0.8848484848484849,0.11515151515151512
music,GSI_MLC_PA_SVM,0.40,3,Operating Point,,0.08538497335661152,84,,0.5833333333333334,1.5272727272727271,0.6363636363636364,132,0.3163841807909605,0.8135593220338984,0.5943502824858757,0.6283928447593617,0.03672316384180785,0.22133583457982386,0.8502824858757062,0.8497286793391856,0.4166666666666667,0.2847457627118644,0.9915254237288136,0.4166666666666667,295,0.2566585956416465,0.7433414043583535,0.2566585956416465
music,GSI_MLC_PA_SVM,0.40,4,Operating Point,,0.08633818079605947,116,,0.40476190476190477,1.3627972027972026,0.8111888111888111,143,0.2759103641456583,0.7997198879551821,0.5719887955182074,0.6119859245459794,0.16246498599439774,0.3269912596969753,0.9621848739495799,0.9389771842429547,0.5952380952380952,0.27294117647058824,0.9663865546218487,0.5952380952380952,425,0.09342560553633217,0.9065743944636678,0.09342560553633217
music,GSI_MLC_PA_SVM,0.40,5,Operating Point,,0.10110004001699584,105,,0.4803921568627451,1.338248156941147,0.695364238410596,151,0.2750700280112045,0.788515406162465,0.5257703081232492,0.5724763294893203,0.14425770308123254,0.3159034916386144,0.9327731092436975,0.8883798211279347,0.5196078431372549,0.2830188679245283,0.957983193277311,0.5196078431372549,371,0.13994169096209919,0.8600583090379008,0.13994169096209919
music,GSI_MLC_PA_SVM,0.50,1,Operating Point,,0.08306671531293054,88,,0.5994397759103641,1.55810147299509,0.624113475177305,141,0.3487394957983193,0.8025210084033614,0.534453781512605,0.575519357693425,0.04901960784313719,0.28432668370191216,0.8515406162464986,0.8598460413953372,0.4005602240896359,0.3076923076923077,0.9663865546218487,0.4005602240896359,286,0.24766355140186913,0.7523364485981309,0.24766355140186913
music,GSI_MLC_PA_SVM,0.50,2,Operating Point,,0.09518802361588229,118,,0.4700854700854701,1.4274193548387095,0.7564102564102564,156,0.3190883190883191,0.7777777777777778,0.5282051282051282,0.5506130201368297,0.16809116809116809,0.35700432729874065,0.9458689458689459,0.9076173474355703,0.5299145299145299,0.3172043010752688,1.0,0.5299145299145299,372,0.11515151515151512,0.8848484848484849,0.11515151515151512
music,GSI_MLC_PA_SVM,0.50,3,Operating Point,,0.08538497335661152,39,,0.8389830508474576,1.834928229665072,0.29545454545454547,132,0.4350282485875706,0.8135593220338984,0.5943502824858757,0.6283928447593617,-0.16807909604519777,0.07251292259901698,0.6454802259887006,0.7009057673583787,0.16101694915254236,0.34210526315789475,0.7033898305084746,0.16101694915254236,114,0.4225589225589226,0.5774410774410774,0.4225589225589226
music,GSI_MLC_PA_SVM,0.50,4,Operating Point,,0.08633818079605947,65,,0.6414565826330533,1.2677556818181817,0.45454545454545453,143,0.41876750700280113,0.7997198879551821,0.5719887955182074,0.6119859245459794,-0.03921568627450989,0.18544550055361442,0.7605042016806722,0.7974314250995939,0.3585434173669468,0.25390625,0.9159663865546218,0.3585434173669468,256,0.3733624454148472,0.6266375545851528,0.3733624454148472
music,GSI_MLC_PA_SVM,0.50,5,Operating Point,,0.10110004001699584,83,,0.6162464985994398,1.4323488180983226,0.5496688741721855,151,0.34593837535014005,0.788515406162465,0.5257703081232492,0.5724763294893203,0.05742296918767509,0.2582466073279397,0.84593837535014,0.83072293681726,0.38375350140056025,0.3029197080291971,0.8739495798319328,0.38375350140056025,274,0.25,0.75,0.25
scene,MLC_PA_Logistic,0.20,1,Operating Point,,0.02297466372388421,173,,0.8166318719554627,3.39373131475844,0.6223021582733813,278,0.07320807237299931,0.9032707028531664,0.6370911621433543,0.7130933796427547,0.06019485038274175,0.1781198212265931,0.9634655532359081,0.8912132008693477,0.18336812804453723,0.32827324478178366,0.7181628392484343,0.18336812804453723,527,0.044737963357477595,0.9552620366425224,0.044737963357477595
scene,MLC_PA_Logistic,0.20,2,Operating Point,,0.018241874290723627,171,,0.8200836820083682,3.573089700996678,0.6428571428571429,266,0.06910739191073921,0.907252440725244,0.6436541143654114,0.7236845139015627,0.05962343096234313,0.18184308727269904,0.9668758716875872,0.9055276011742618,0.1799163179916318,0.3313953488372093,0.7112970711297071,0.1799163179916318,516,0.040391156462585065,0.9596088435374149,0.040391156462585065
scene,MLC_PA_Logistic,0.20,3,Operating Point,,0.021757297205718343,211,,0.8131830601092896,3.6551711897197423,0.6828478964401294,309,0.07083333333333335,0.8944672131147541,0.5775273224043715,0.673753403345588,0.07206284153005471,0.22540201060601694,0.9665300546448088,0.8991554139516049,0.18681693989071038,0.3857404021937843,0.7336065573770492,0.18681693989071038,547,0.04115917681646364,0.9588408231835364,0.04115917681646364
scene,MLC_PA_Logistic,0.20,4,Operating Point,,0.026393754188994745,185,,0.8205128205128205,3.379391100702576,0.6065573770491803,305,0.07747747747747749,0.8943173943173943,0.5959805959805959,0.6768788846376222,0.0641025641025641,0.20125271941989265,0.9584199584199584,0.8781316040575149,0.1794871794871795,0.35714285714285715,0.7255717255717256,0.1794871794871795,518,0.05067567567567566,0.9493243243243243,0.05067567567567566
scene,MLC_PA_Logistic,0.20,5,Operating Point,,0.021812235939739,177,,0.8090783090783091,3.371206071605346,0.6436363636363637,275,0.07214137214137215,0.9047124047124047,0.6288981288981289,0.7095352614612715,0.06133056133056136,0.19296841912604867,0.966042966042966,0.9025036805873202,0.19092169092169092,0.32123411978221417,0.7505197505197505,0.19092169092169092,551,0.041970021413276215,0.9580299785867238,0.041970021413276215
scene,MLC_PA_Logistic,0.25,1,Operating Point,,0.02297466372388421,150,,0.8549060542797495,3.718751617411107,0.539568345323741,278,0.0808107167710508,0.9032707028531664,0.6370911621433543,0.7130933796427547,0.05219206680584543,0.15464548051235694,0.9554627696590118,0.8677388601551116,0.14509394572025053,0.3597122302158273,0.6221294363256785,0.14509394572025053,417,0.05209605209605206,0.9479039479039479,0.05209605209605206
scene,MLC_PA_Logistic,0.25,2,Operating Point,,0.018241874290723627,142,,0.8601813110181311,3.818048862805393,0.5338345864661654,266,0.07819037656903766,0.907252440725244,0.6436541143654114,0.7236845139015627,0.049511854951185486,0.15213088520230467,0.9567642956764295,0.8758153991038674,0.1398186889818689,0.3541147132169576,0.6108786610878661,0.1398186889818689,401,0.05026347790839081,0.9497365220916092,0.05026347790839081
scene,MLC_PA_Logistic,0.25,3,Operating Point,,0.021757297205718343,182,,0.8514344262295082,3.9645575270617117,0.5889967637540453,309,0.08051571038251366,0.8944672131147541,0.5775273224043715,0.673753403345588,0.06215846994535523,0.19331643793455167,0.9566256830601093,0.8670698412801396,0.14856557377049182,0.41839080459770117,0.6454918032786885,0.14856557377049182,435,0.050942639390292865,0.9490573606097071,0.050942639390292865
scene,MLC_PA_Logistic,0.25,4,Operating Point,,0.026393754188994745,157,,0.8603603603603603,3.68630354309889,0.5147540983606558,305,0.0861919611919612,0.8943173943173943,0.5959805959805959,0.6768788846376222,0.05440055440055436,0.17121418231884933,0.9487179487179487,0.8480930669564716,0.13963963963963963,0.38957816377171217,0.6153846153846154,0.13963963963963963,403,0.05960531614981879,0.9403946838501812,0.05960531614981879
scene,MLC_PA_Logistic,0.25,5,Operating Point,,0.021812235939739,152,,0.8461538461538461,3.5927272727272728,0.5527272727272727,275,0.08108108108108109,0.9047124047124047,0.6288981288981289,0.7095352614612715,0.052668052668052745,0.16524162994001346,0.9573804573804574,0.874776891401285,0.15384615384615385,0.34234234234234234,0.6611226611226612,0.15384615384615385,444,0.05036855036855037,0.9496314496314496,0.05036855036855037
scene,MLC_PA_Logistic,0.30,1,Operating Point,,0.02297466372388421,133,,0.883785664578984,4.116680308447853,0.4784172661870504,278,0.08531663187195546,0.9032707028531664,0.6370911621433543,0.7130933796427547,0.04627696590118302,0.13688823347745294,0.9495476687543494,0.8499816131202076,0.116214335421016,0.39820359281437123,0.5407098121085595,0.116214335421016,334,0.057086614173228356,0.9429133858267716,0.057086614173228356
scene,MLC_PA_Logistic,0.30,2,Operating Point,,0.018241874290723627,123,,0.893305439330544,4.333923042901371,0.462406015037594,266,0.0818688981868898,0.907252440725244,0.6436541143654114,0.7236845139015627,0.04288702928870303,0.13245536237130318,0.950139470013947,0.8561398762728659,0.10669456066945607,0.4019607843137255,0.5062761506276151,0.10669456066945607,306,0.05581576893052298,0.944184231069477,0.05581576893052298
scene,MLC_PA_Logistic,0.30,3,Operating Point,,0.021757297205718343,147,,0.8890027322404371,4.285944734876774,0.47572815533980584,309,0.08862704918032786,0.8944672131147541,0.5775273224043715,0.673753403345588,0.05020491803278693,0.1535346174364023,0.944672131147541,0.8272880207819903,0.11099726775956284,0.4523076923076923,0.5430327868852459,0.11099726775956284,325,0.06223588167499039,0.9377641183250096,0.06223588167499039
scene,MLC_PA_Logistic,0.30,4,Operating Point,,0.026393754188994745,126,,0.8887733887733887,3.7141719013329246,0.4131147540983607,305,0.09539154539154537,0.8943173943173943,0.5959805959805959,0.6768788846376222,0.043659043659043606,0.1359444026583263,0.9379764379764379,0.8128232872959485,0.11122661122661123,0.3925233644859813,0.5114345114345115,0.11122661122661123,321,0.06978557504873295,0.930214424951267,0.06978557504873295
scene,MLC_PA_Logistic,0.30,5,Operating Point,,0.021812235939739,126,,0.8808038808038808,3.8439323467230446,0.4581818181818182,275,0.08738738738738738,0.9047124047124047,0.6288981288981289,0.7095352614612715,0.04365904365904372,0.1370800882657951,0.9483714483714484,0.8466153497270666,0.1191961191961192,0.36627906976744184,0.5571725571725572,0.1191961191961192,344,0.05861526357199054,0.9413847364280095,0.05861526357199054
scene,MLC_PA_Logistic,0.35,1,Operating Point,,0.02297466372388421,96,,0.9154488517745303,4.0841993072208895,0.34532374100719426,278,0.09291927627000694,0.9032707028531664,0.6370911621433543,0.7130933796427547,0.03340292275574108,0.09818472294120606,0.9366736256089074,0.8112781025839607,0.08455114822546973,0.3950617283950617,0.42379958246346555,0.08455114822546973,243,0.06917521854808062,0.9308247814519194,0.06917521854808062
scene,MLC_PA_Logistic,0.35,2,Operating Point,,0.018241874290723627,79,,0.9281729428172942,4.13482735966129,0.29699248120300753,266,0.09034170153417016,0.907252440725244,0.6436541143654114,0.7236845139015627,0.027545327754532778,0.08562687684868386,0.9347977684797768,0.8093113907502466,0.07182705718270571,0.38349514563106796,0.3682008368200837,0.07182705718270571,206,0.07024793388429751,0.9297520661157025,0.07024793388429751
scene,MLC_PA_Logistic,0.35,3,Operating Point,,0.021757297205718343,107,,0.9200819672131147,4.332918430005808,0.34627831715210355,309,0.0969603825136612,0.8944672131147541,0.5775273224043715,0.673753403345588,0.03654371584699456,0.11024800508516475,0.9310109289617486,0.7840014084307527,0.07991803278688525,0.45726495726495725,0.41598360655737704,0.07991803278688525,234,0.07498144023756492,0.9250185597624351,0.07498144023756492
scene,MLC_PA_Logistic,0.35,4,Operating Point,,0.026393754188994745,99,,0.9151074151074151,3.8235396453663437,0.32459016393442625,305,0.10109147609147609,0.8943173943173943,0.5959805959805959,0.6768788846376222,0.03430353430353428,0.10573722423829168,0.9286209286209286,0.7826161088759139,0.08489258489258489,0.40408163265306124,0.41372141372141374,0.08489258489258489,245,0.07800075728890576,0.9219992427110942,0.07800075728890576
scene,MLC_PA_Logistic,0.35,5,Operating Point,,0.021812235939739,96,,0.9185724185724186,4.287133462282399,0.3490909090909091,275,0.09052321552321552,0.9047124047124047,0.6288981288981289,0.7095352614612715,0.033264033264033266,0.10449401163631988,0.9379764379764379,0.8140292730975914,0.08142758142758143,0.4085106382978723,0.4074844074844075,0.08142758142758143,235,0.06752168992832897,0.932478310071671,0.06752168992832897
scene,MLC_PA_Logistic,0.40,1,Operating Point,,0.02297466372388421,63,,0.9453723034098817,4.148421390276314,0.22661870503597123,278,0.0966597077244259,0.9032707028531664,0.6370911621433543,0.7130933796427547,0.02192066805845505,0.06303343185665633,0.9251913709116214,0.776126811499411,0.054627696590118305,0.4012738853503185,0.2839248434237996,0.054627696590118305,157,0.07913139492086863,0.9208686050791314,0.07913139492086863
scene,MLC_PA_Logistic,0.40,2,Operating Point,,0.018241874290723627,55,,0.956415620641562,4.744060150375939,0.20676691729323307,266,0.09100418410041841,0.907252440725244,0.6436541143654114,0.7236845139015627,0.019177126917712783,0.060975622468025015,0.9264295676429568,0.7846601363695878,0.04358437935843794,0.44,0.2405857740585774,0.04358437935843794,125,0.07692307692307687,0.9230769230769231,0.07692307692307687
scene,MLC_PA_Logistic,0.40,3,Operating Point,,0.021757297205718343,83,,0.9456967213114754,4.946449288636502,0.2686084142394822,309,0.09890710382513662,0.8944672131147541,0.5775273224043715,0.673753403345588,0.028346994535519143,0.08641406129942841,0.9228142076502732,0.7601674646450164,0.05430327868852459,0.5220125786163522,0.2930327868852459,0.05430327868852459,159,0.08161791260382811,0.9183820873961719,0.08161791260382811
scene,MLC_PA_Logistic,0.40,4,Operating Point,,0.026393754188994745,66,,0.9452529452529452,3.9526042747457977,0.21639344262295082,305,0.10471240471240473,0.8943173943173943,0.5959805959805959,0.6768788846376222,0.022869022869022926,0.06904040088404129,0.9171864171864172,0.7459192855216635,0.05474705474705475,0.4177215189873418,0.2806652806652807,0.05474705474705475,158,0.08760997067448684,0.9123900293255132,0.08760997067448684
scene,MLC_PA_Logistic,0.40,5,Operating Point,,0.021812235939739,70,,0.9483714483714484,4.93032336790726,0.2545454545454545,275,0.09168399168399169,0.9047124047124047,0.6288981288981289,0.7095352614612715,0.02425502425502435,0.07756329376639526,0.928967428967429,0.7870985552276668,0.05162855162855163,0.4697986577181208,0.2765072765072765,0.05162855162855163,149,0.07489952502740227,0.9251004749725977,0.07489952502740227
scene,MLC_PA_Logistic,0.50,1,Operating Point,,0.02297466372388421,0,,1.0,,0.0,278,0.09672929714683368,0.9032707028531664,0.6370911621433543,0.7130933796427547,0.0,0.0,0.9032707028531664,0.7130933796427547,0.0,,0.0,0.0,0,0.09672929714683365,0.9032707028531664,0.09672929714683365
scene,MLC_PA_Logistic,0.50,2,Operating Point,,0.018241874290723627,0,,1.0,,0.0,266,0.09274755927475593,0.907252440725244,0.6436541143654114,0.7236845139015627,0.0,0.0,0.907252440725244,0.7236845139015627,0.0,,0.0,0.0,0,0.09274755927475598,0.907252440725244,0.09274755927475598
scene,MLC_PA_Logistic,0.50,3,Operating Point,,0.021757297205718343,0,,1.0,,0.0,309,0.10553278688524591,0.8944672131147541,0.5775273224043715,0.673753403345588,0.0,0.0,0.8944672131147541,0.673753403345588,0.0,,0.0,0.0,0,0.10553278688524592,0.8944672131147541,0.10553278688524592
scene,MLC_PA_Logistic,0.50,4,Operating Point,,0.026393754188994745,0,,1.0,,0.0,305,0.10568260568260568,0.8943173943173943,0.5959805959805959,0.6768788846376222,0.0,0.0,0.8943173943173943,0.6768788846376222,0.0,,0.0,0.0,0,0.10568260568260568,0.8943173943173943,0.10568260568260568
scene,MLC_PA_Logistic,0.50,5,Operating Point,,0.021812235939739,0,,1.0,,0.0,275,0.09528759528759528,0.9047124047124047,0.6288981288981289,0.7095352614612715,0.0,0.0,0.9047124047124047,0.7095352614612715,0.0,,0.0,0.0,0,0.09528759528759534,0.9047124047124047,0.09528759528759534
scene,MLC_PA_MLP,0.20,1,Operating Point,,0.02129739403534923,194,,0.8117606123869172,3.5909497832765496,0.6759581881533101,287,0.07000695894224078,0.9001391788448156,0.6071677105080029,0.6871304257486567,0.06750173973556017,0.218638345722441,0.9676409185803758,0.9057687714710977,0.18823938761308281,0.3585951940850277,0.7202505219206681,0.18823938761308281,541,0.039862837548221175,0.9601371624517788,0.039862837548221175
scene,MLC_PA_MLP,0.20,2,Operating Point,,0.018815997394435065,183,,0.810320781032078,3.5600987627523333,0.6752767527675276,271,0.0686192468619247,0.9055090655509066,0.6276150627615062,0.7064324915965349,0.06380753138075312,0.20664282263698652,0.9693165969316597,0.9130753142335214,0.1896792189679219,0.33639705882352944,0.7322175732217573,0.1896792189679219,544,0.03786574870912218,0.9621342512908778,0.03786574870912218
scene,MLC_PA_MLP,0.20,3,Operating Point,,0.020179416398428685,202,,0.8022540983606558,3.4394375534271906,0.6801346801346801,297,0.07199453551912569,0.8985655737704918,0.5788934426229508,0.6742904464500427,0.06898907103825136,0.2283227242767013,0.9675546448087432,0.902613170726744,0.19774590163934427,0.3488773747841105,0.7479508196721312,0.19774590163934427,579,0.040442741592166875,0.9595572584078331,0.040442741592166875
scene,MLC_PA_MLP,0.20,4,Operating Point,,0.029608907237706407,189,,0.8167013167013167,3.3477401615397837,0.6136363636363636,308,0.0778932778932779,0.8932778932778933,0.5828135828135828,0.6694922701505418,0.06548856548856541,0.20867160539756457,0.9587664587664587,0.8781638755481064,0.1832986832986833,0.3572778827977316,0.7110187110187111,0.1832986832986833,529,0.050487908358082256,0.9495120916419177,0.050487908358082256
scene,MLC_PA_MLP,0.20,5,Operating Point,,0.019795362274372695,181,,0.8087318087318087,3.3676698127804423,0.6441281138790036,281,0.07290367290367292,0.9026334026334026,0.6295911295911296,0.7019012387798975,0.06271656271656267,0.19869012540527498,0.9653499653499653,0.9005913641851725,0.19126819126819128,0.3278985507246377,0.7442827442827443,0.19126819126819128,552,0.0428449014567267,0.9571550985432733,0.0428449014567267
scene,MLC_PA_MLP,0.25,1,Operating Point,,0.02129739403534923,162,,0.8566457898399443,3.9375190284496466,0.5644599303135889,287,0.07933194154488518,0.9001391788448156,0.6071677105080029,0.6871304257486567,0.056367432150313146,0.1851899864958132,0.9565066109951288,0.8723204122444699,0.14335421016005567,0.3932038834951456,0.615866388308977,0.14335421016005567,412,0.050771730300568585,0.9492282696994314,0.050771730300568585
scene,MLC_PA_MLP,0.25,2,Operating Point,,0.018815997394435065,151,,0.8584379358437936,3.9360514787413883,0.5571955719557196,271,0.07723152022315202,0.9055090655509066,0.6276150627615062,0.7064324915965349,0.05264993026499298,0.17208961487887753,0.9581589958158996,0.8785221064754124,0.14156206415620642,0.37192118226600984,0.600418410041841,0.14156206415620642,406,0.04874086108854592,0.9512591389114541,0.04874086108854592
scene,MLC_PA_MLP,0.25,3,Operating Point,,0.020179416398428685,168,,0.8483606557377049,3.73027573027573,0.5656565656565656,297,0.08196721311475409,0.8985655737704918,0.5788934426229508,0.6742904464500427,0.05737704918032782,0.1916786733155349,0.9559426229508197,0.8659691197655776,0.15163934426229508,0.3783783783783784,0.6434426229508197,0.15163934426229508,444,0.05193236714975846,0.9480676328502415,0.05193236714975846
scene,MLC_PA_MLP,0.25,4,Operating Point,,0.029608907237706407,152,,0.86001386001386,3.5253953966825256,0.4935064935064935,308,0.08905058905058905,0.8932778932778933,0.5828135828135828,0.6694922701505418,0.052668052668052634,0.16810966203679256,0.9459459459459459,0.8376019321873344,0.13998613998613998,0.37623762376237624,0.6070686070686071,0.13998613998613998,404,0.06285253827558424,0.9371474617244158,0.06285253827558424
scene,MLC_PA_MLP,0.25,5,Operating Point,,0.019795362274372695,156,,0.8478863478863479,3.649640480224386,0.5551601423487544,281,0.08134095634095634,0.9026334026334026,0.6295911295911296,0.7019012387798975,0.05405405405405406,0.17272454656695047,0.9566874566874567,0.874625785346848,0.1521136521136521,0.3553530751708428,0.656964656964657,0.1521136521136521,439,0.051082958724969374,0.9489170412750306,0.051082958724969374
scene,MLC_PA_MLP,0.30,1,Operating Point,,0.02129739403534923,135,,0.8858733472512178,4.121590039942212,0.47038327526132406,287,0.0871259568545581,0.9001391788448156,0.6071677105080029,0.6871304257486567,0.04697286012526092,0.15638374597619387,0.9471120389700766,0.8435141717248505,0.11412665274878218,0.4115853658536585,0.5260960334029228,0.11412665274878218,328,0.05970149253731338,0.9402985074626866,0.05970149253731338
scene,MLC_PA_MLP,0.30,2,Operating Point,,0.018815997394435065,117,,0.897489539748954,4.211612320204835,0.4317343173431734,271,0.08444909344490933,0.9055090655509066,0.6276150627615062,0.7064324915965349,0.04079497907949792,0.13550142526425968,0.9463040446304045,0.8419339168607946,0.10251046025104603,0.3979591836734694,0.4811715481171548,0.10251046025104603,294,0.05982905982905984,0.9401709401709402,0.05982905982905984
scene,MLC_PA_MLP,0.30,3,Operating Point,,0.020179416398428685,139,,0.8845628415300546,4.054270515808977,0.468013468013468,297,0.08859289617486338,0.8985655737704918,0.5788934426229508,0.6742904464500427,0.04747267759562834,0.15674759741763333,0.9460382513661202,0.831038043867676,0.11543715846994536,0.41124260355029585,0.5225409836065574,0.11543715846994536,338,0.061003861003861015,0.938996138996139,0.061003861003861015
scene,MLC_PA_MLP,0.30,4,Operating Point,,0.029608907237706407,126,,0.8943173943173943,3.8709388971684056,0.4090909090909091,308,0.09476784476784476,0.8932778932778933,0.5828135828135828,0.6694922701505418,0.043659043659043606,0.13966113057948282,0.9369369369369369,0.8091534007300246,0.10568260568260568,0.4131147540983607,0.501039501039501,0.10568260568260568,305,0.07051530414567997,0.92948469585432,0.07051530414567997
scene,MLC_PA_MLP,0.30,5,Operating Point,,0.019795362274372695,124,,0.8866943866943867,3.894609683633158,0.4412811387900356,281,0.08839223839223838,0.9026334026334026,0.6295911295911296,0.7019012387798975,0.042966042966043005,0.13818889370041332,0.9455994455994456,0.8400901324803108,0.11330561330561331,0.37920489296636084,0.5135135135135135,0.11330561330561331,327,0.06135209066041425,0.9386479093395858,0.06135209066041425
scene,MLC_PA_MLP,0.35,1,Operating Point,,0.02129739403534923,103,,0.9175365344467641,4.352048692277158,0.3588850174216028,287,0.09288448155880304,0.9001391788448156,0.6071677105080029,0.6871304257486567,0.03583855254001389,0.12078740074530914,0.9359777313848295,0.8079178264939658,0.0824634655532359,0.4345991561181435,0.4175365344467641,0.0824634655532359,237,0.06977626090254074,0.9302237390974593,0.06977626090254074
scene,MLC_PA_MLP,0.35,2,Operating Point,,0.018815997394435065,94,,0.9229428172942817,4.501377502462807,0.34686346863468637,271,0.0886854951185495,0.9055090655509066,0.6276150627615062,0.7064324915965349,0.032775453277545274,0.108544368184191,0.9382845188284519,0.8149768597807259,0.07705718270571828,0.4253393665158371,0.3912133891213389,0.07705718270571828,221,0.06686815262561385,0.9331318473743861,0.06686815262561385
scene,MLC_PA_MLP,0.35,3,Operating Point,,0.020179416398428685,111,,0.9139344262295082,4.342472342472343,0.37373737373737376,297,0.09364754098360656,0.8985655737704918,0.5788934426229508,0.6742904464500427,0.03790983606557374,0.125642058490533,0.9364754098360656,0.7999325049405757,0.0860655737704918,0.44047619047619047,0.41598360655737704,0.0860655737704918,252,0.06950672645739908,0.9304932735426009,0.06950672645739908
scene,MLC_PA_MLP,0.35,4,Operating Point,,0.029608907237706407,97,,0.9255024255024255,4.227453941407431,0.31493506493506496,308,0.09918572418572419,0.8932778932778933,0.5828135828135828,0.6694922701505418,0.033610533610533566,0.1061418233132253,0.9268884268884269,0.7756340934637671,0.07449757449757449,0.4511627906976744,0.3887733887733888,0.07449757449757449,215,0.07899663047547734,0.9210033695245227,0.07899663047547734
scene,MLC_PA_MLP,0.35,5,Operating Point,,0.019795362274372695,104,,0.9151074151074151,4.359706587261239,0.3701067615658363,281,0.09104296604296604,0.9026334026334026,0.6295911295911296,0.7019012387798975,0.036036036036036,0.11380858842760666,0.9386694386694386,0.8157098272075042,0.08489258489258489,0.42448979591836733,0.4074844074844075,0.08489258489258489,245,0.06702006815600148,0.9329799318439985,0.06702006815600148
scene,MLC_PA_MLP,0.40,1,Operating Point,,0.02129739403534923,79,,0.9460681976339597,5.103877711588177,0.27526132404181186,287,0.09394572025052192,0.9001391788448156,0.6071677105080029,0.6871304257486567,0.027487821851078564,0.09229640198092359,0.9276270006958942,0.7794268277295803,0.05393180236604036,0.5096774193548387,0.29018789144050106,0.05393180236604036,155,0.0764987127620449,0.9235012872379551,0.0764987127620449
scene,MLC_PA_MLP,0.40,2,Operating Point,,0.018815997394435065,54,,0.954323570432357,4.3624686628545675,0.1992619926199262,271,0.09393305439330545,0.9055090655509066,0.6276150627615062,0.7064324915965349,0.0188284518828451,0.06257089898329249,0.9243375174337517,0.7690033905798274,0.04567642956764296,0.4122137404580153,0.24267782426778242,0.04567642956764296,131,0.07928388746803072,0.9207161125319693,0.07928388746803072
scene,MLC_PA_MLP,0.40,3,Operating Point,,0.020179416398428685,78,,0.9426229508196722,4.5772005772005775,0.26262626262626265,297,0.09774590163934428,0.8985655737704918,0.5788934426229508,0.6742904464500427,0.026639344262295084,0.0895859011252238,0.9252049180327869,0.7638763475752665,0.05737704918032787,0.4642857142857143,0.2848360655737705,0.05737704918032787,168,0.07934782608695656,0.9206521739130434,0.07934782608695656
scene,MLC_PA_MLP,0.40,4,Operating Point,,0.029608907237706407,62,,0.9532224532224532,4.303318903318903,0.2012987012987013,308,0.10395010395010396,0.8932778932778933,0.5828135828135828,0.6694922701505418,0.021483021483021503,0.06837442470210453,0.9147609147609148,0.7378666948526463,0.04677754677754678,0.45925925925925926,0.26195426195426197,0.04677754677754678,135,0.08942202835332602,0.910577971646674,0.08942202835332602
scene,MLC_PA_MLP,0.40,5,Operating Point,,0.019795362274372695,70,,0.9476784476784477,4.761141618156537,0.2491103202846975,281,0.09404019404019404,0.9026334026334026,0.6295911295911296,0.7019012387798975,0.024255024255024238,0.07539986588203496,0.9268884268884269,0.7773011046619325,0.05232155232155232,0.46357615894039733,0.2785862785862786,0.05232155232155232,151,0.07714808043875687,0.9228519195612431,0.07714808043875687
scene,MLC_PA_MLP,0.50,1,Operating Point,,0.02129739403534923,0,,1.0,,0.0,287,0.09986082115518441,0.9001391788448156,0.6071677105080029,0.6871304257486567,0.0,0.0,0.9001391788448156,0.6871304257486567,0.0,,0.0,0.0,0,0.09986082115518435,0.9001391788448156,0.09986082115518435
scene,MLC_PA_MLP,0.50,2,Operating Point,,0.018815997394435065,0,,1.0,,0.0,271,0.09449093444909344,0.9055090655509066,0.6276150627615062,0.7064324915965349,0.0,0.0,0.9055090655509066,0.7064324915965349,0.0,,0.0,0.0,0,0.0944909344490934,0.9055090655509066,0.0944909344490934
scene,MLC_PA_MLP,0.50,3,Operating Point,,0.020179416398428685,0,,1.0,,0.0,297,0.1014344262295082,0.8985655737704918,0.5788934426229508,0.6742904464500427,0.0,0.0,0.8985655737704918,0.6742904464500427,0.0,,0.0,0.0,0,0.10143442622950816,0.8985655737704918,0.10143442622950816
scene,MLC_PA_MLP,0.50,4,Operating Point,,0.029608907237706407,0,,1.0,,0.0,308,0.10672210672210672,0.8932778932778933,0.5828135828135828,0.6694922701505418,0.0,0.0,0.8932778932778933,0.6694922701505418,0.0,,0.0,0.0,0,0.10672210672210669,0.8932778932778933,0.10672210672210669
scene,MLC_PA_MLP,0.50,5,Operating Point,,0.019795362274372695,0,,1.0,,0.0,281,0.09736659736659736,0.9026334026334026,0.6295911295911296,0.7019012387798975,0.0,0.0,0.9026334026334026,0.7019012387798975,0.0,,0.0,0.0,0,0.09736659736659736,0.9026334026334026,0.09736659736659736
scene,GSI_MLC_PA_Logistic,0.20,1,Operating Point,,0.020974837931636292,229,,0.6022964509394572,2.2061523918705563,0.8773946360153256,261,0.09067501739735559,0.9091858037578289,0.6673625608907445,0.7301207703647283,0.0796798886569241,0.23488125738083465,0.988865692414753,0.965002027745563,0.3977035490605428,0.20034995625546806,0.9373695198329853,0.3977035490605428,1143,0.018486424032351234,0.9815135759676488,0.018486424032351234
scene,GSI_MLC_PA_Logistic,0.20,2,Operating Point,,0.017056957988370487,237,,0.5920502092050209,2.2517590936195586,0.9186046511627907,258,0.08891213389121339,0.9100418410041841,0.6698047419804742,0.729256700468563,0.08263598326359833,0.2505241100356731,0.9926778242677824,0.979780810504236,0.40794979079497906,0.20256410256410257,0.9372384937238494,0.40794979079497906,1170,0.012367491166077715,0.9876325088339223,0.012367491166077715
scene,GSI_MLC_PA_Logistic,0.20,3,Operating Point,,0.020308765055560053,259,,0.5105874316939891,1.863400921930747,0.9119718309859155,284,0.10642076502732241,0.9030054644808743,0.6229508196721312,0.7028588072299295,0.08845628415300555,0.27241023735728076,0.9914617486338798,0.9752690445872103,0.48941256830601093,0.1807397069085834,0.9631147540983607,0.48941256830601093,1433,0.01672240802675584,0.9832775919732442,0.01672240802675584
scene,GSI_MLC_PA_Logistic,0.20,4,Operating Point,,0.022839273014812273,240,,0.5994455994455995,2.1097519372289097,0.8450704225352113,284,0.09535689535689536,0.9015939015939016,0.6334026334026335,0.6994792877271511,0.08316008316008316,0.2565702986212428,0.9847539847539848,0.9560495863483939,0.40055440055440056,0.20761245674740483,0.9293139293139293,0.40055440055440056,1156,0.02543352601156068,0.9745664739884393,0.02543352601156068
scene,GSI_MLC_PA_Logistic,0.20,5,Operating Point,,0.017843307070792073,204,,0.5970200970200971,2.0918542100438446,0.8429752066115702,242,0.09376299376299377,0.9161469161469161,0.678101178101178,0.7446835067733675,0.07068607068607069,0.21999137074927633,0.9868329868329868,0.9646748775226438,0.402979902979903,0.17540842648323302,0.9085239085239085,0.402979902979903,1163,0.0220545560069646,0.9779454439930354,0.0220545560069646
scene,GSI_MLC_PA_Logistic,0.25,1,Operating Point,,0.020974837931636292,229,,0.6022964509394572,2.2061523918705563,0.8773946360153256,261,0.11056019485038274,0.9091858037578289,0.6673625608907445,0.7301207703647283,0.0796798886569241,0.23488125738083465,0.988865692414753,0.965002027745563,0.3977035490605428,0.20034995625546806,0.9373695198329853,0.3977035490605428,1143,0.018486424032351234,0.9815135759676488,0.018486424032351234
scene,GSI_MLC_PA_Logistic,0.25,2,Operating Point,,0.017056957988370487,237,,0.5920502092050209,2.2517590936195586,0.9186046511627907,258,0.10930962343096234,0.9100418410041841,0.6698047419804742,0.729256700468563,0.08263598326359833,0.2505241100356731,0.9926778242677824,0.979780810504236,0.40794979079497906,0.20256410256410257,0.9372384937238494,0.40794979079497906,1170,0.012367491166077715,0.9876325088339223,0.012367491166077715
scene,GSI_MLC_PA_Logistic,0.25,3,Operating Point,,0.020308765055560053,259,,0.5105874316939891,1.863400921930747,0.9119718309859155,284,0.13089139344262296,0.9030054644808743,0.6229508196721312,0.7028588072299295,0.08845628415300555,0.27241023735728076,0.9914617486338798,0.9752690445872103,0.48941256830601093,0.1807397069085834,0.9631147540983607,0.48941256830601093,1433,0.01672240802675584,0.9832775919732442,0.01672240802675584
scene,GSI_MLC_PA_Logistic,0.25,4,Operating Point,,0.022839273014812273,240,,0.5994455994455995,2.1097519372289097,0.8450704225352113,284,0.11538461538461539,0.9015939015939016,0.6334026334026335,0.6994792877271511,0.08316008316008316,0.2565702986212428,0.9847539847539848,0.9560495863483939,0.40055440055440056,0.20761245674740483,0.9293139293139293,0.40055440055440056,1156,0.02543352601156068,0.9745664739884393,0.02543352601156068
scene,GSI_MLC_PA_Logistic,0.25,5,Operating Point,,0.017843307070792073,204,,0.5970200970200971,2.0918542100438446,0.8429752066115702,242,0.1139119889119889,0.9161469161469161,0.678101178101178,0.7446835067733675,0.07068607068607069,0.21999137074927633,0.9868329868329868,0.9646748775226438,0.402979902979903,0.17540842648323302,0.9085239085239085,0.402979902979903,1163,0.0220545560069646,0.9779454439930354,0.0220545560069646
scene,GSI_MLC_PA_Logistic,0.30,1,Operating Point,,0.020974837931636292,229,,0.6022964509394572,2.2061523918705563,0.8773946360153256,261,0.13044537230340988,0.9091858037578289,0.6673625608907445,0.7301207703647283,0.0796798886569241,0.23488125738083465,0.988865692414753,0.965002027745563,0.3977035490605428,0.20034995625546806,0.9373695198329853,0.3977035490605428,1143,0.018486424032351234,0.9815135759676488,0.018486424032351234
scene,GSI_MLC_PA_Logistic,0.30,2,Operating Point,,0.017056957988370487,237,,0.5920502092050209,2.2517590936195586,0.9186046511627907,258,0.1297071129707113,0.9100418410041841,0.6698047419804742,0.729256700468563,0.08263598326359833,0.2505241100356731,0.9926778242677824,0.979780810504236,0.40794979079497906,0.20256410256410257,0.9372384937238494,0.40794979079497906,1170,0.012367491166077715,0.9876325088339223,0.012367491166077715
scene,GSI_MLC_PA_Logistic,0.30,3,Operating Point,,0.020308765055560053,259,,0.5105874316939891,1.863400921930747,0.9119718309859155,284,0.1553620218579235,0.9030054644808743,0.6229508196721312,0.7028588072299295,0.08845628415300555,0.27241023735728076,0.9914617486338798,0.9752690445872103,0.48941256830601093,0.1807397069085834,0.9631147540983607,0.48941256830601093,1433,0.01672240802675584,0.9832775919732442,0.01672240802675584
scene,GSI_MLC_PA_Logistic,0.30,4,Operating Point,,0.022839273014812273,240,,0.5994455994455995,2.1097519372289097,0.8450704225352113,284,0.1354123354123354,0.9015939015939016,0.6334026334026335,0.6994792877271511,0.08316008316008316,0.2565702986212428,0.9847539847539848,0.9560495863483939,0.40055440055440056,0.20761245674740483,0.9293139293139293,0.40055440055440056,1156,0.02543352601156068,0.9745664739884393,0.02543352601156068
scene,GSI_MLC_PA_Logistic,0.30,5,Operating Point,,0.017843307070792073,204,,0.5970200970200971,2.0918542100438446,0.8429752066115702,242,0.13406098406098405,0.9161469161469161,0.678101178101178,0.7446835067733675,0.07068607068607069,0.21999137074927633,0.9868329868329868,0.9646748775226438,0.402979902979903,0.17540842648323302,0.9085239085239085,0.402979902979903,1163,0.0220545560069646,0.9779454439930354,0.0220545560069646
scene,GSI_MLC_PA_Logistic,0.35,1,Operating Point,,0.020974837931636292,229,,0.6022964509394572,2.2061523918705563,0.8773946360153256,261,0.150330549756437,0.9091858037578289,0.6673625608907445,0.7301207703647283,0.0796798886569241,0.23488125738083465,0.988865692414753,0.965002027745563,0.3977035490605428,0.20034995625546806,0.9373695198329853,0.3977035490605428,1143,0.018486424032351234,0.9815135759676488,0.018486424032351234
scene,GSI_MLC_PA_Logistic,0.35,2,Operating Point,,0.017056957988370487,237,,0.5920502092050209,2.2517590936195586,0.9186046511627907,258,0.1501046025104602,0.9100418410041841,0.6698047419804742,0.729256700468563,0.08263598326359833,0.2505241100356731,0.9926778242677824,0.979780810504236,0.40794979079497906,0.20256410256410257,0.9372384937238494,0.40794979079497906,1170,0.012367491166077715,0.9876325088339223,0.012367491166077715
scene,GSI_MLC_PA_Logistic,0.35,3,Operating Point,,0.020308765055560053,259,,0.5105874316939891,1.863400921930747,0.9119718309859155,284,0.17983265027322404,0.9030054644808743,0.6229508196721312,0.7028588072299295,0.08845628415300555,0.27241023735728076,0.9914617486338798,0.9752690445872103,0.48941256830601093,0.1807397069085834,0.9631147540983607,0.48941256830601093,1433,0.01672240802675584,0.9832775919732442,0.01672240802675584
scene,GSI_MLC_PA_Logistic,0.35,4,Operating Point,,0.022839273014812273,240,,0.5994455994455995,2.1097519372289097,0.8450704225352113,284,0.1554400554400554,0.9015939015939016,0.6334026334026335,0.6994792877271511,0.08316008316008316,0.2565702986212428,0.9847539847539848,0.9560495863483939,0.40055440055440056,0.20761245674740483,0.9293139293139293,0.40055440055440056,1156,0.02543352601156068,0.9745664739884393,0.02543352601156068
scene,GSI_MLC_PA_Logistic,0.35,5,Operating Point,,0.017843307070792073,204,,0.5970200970200971,2.0918542100438446,0.8429752066115702,242,0.1542099792099792,0.9161469161469161,0.678101178101178,0.7446835067733675,0.07068607068607069,0.21999137074927633,0.9868329868329868,0.9646748775226438,0.402979902979903,0.17540842648323302,0.9085239085239085,0.402979902979903,1163,0.0220545560069646,0.9779454439930354,0.0220545560069646
scene,GSI_MLC_PA_Logistic,0.40,1,Operating Point,,0.020974837931636292,229,,0.6022964509394572,2.2061523918705563,0.8773946360153256,261,0.17021572720946415,0.9091858037578289,0.6673625608907445,0.7301207703647283,0.0796798886569241,0.23488125738083465,0.988865692414753,0.965002027745563,0.3977035490605428,0.20034995625546806,0.9373695198329853,0.3977035490605428,1143,0.018486424032351234,0.9815135759676488,0.018486424032351234
scene,GSI_MLC_PA_Logistic,0.40,2,Operating Point,,0.017056957988370487,237,,0.5920502092050209,2.2517590936195586,0.9186046511627907,258,0.17050209205020925,0.9100418410041841,0.6698047419804742,0.729256700468563,0.08263598326359833,0.2505241100356731,0.9926778242677824,0.979780810504236,0.40794979079497906,0.20256410256410257,0.9372384937238494,0.40794979079497906,1170,0.012367491166077715,0.9876325088339223,0.012367491166077715
scene,GSI_MLC_PA_Logistic,0.40,3,Operating Point,,0.020308765055560053,259,,0.5105874316939891,1.863400921930747,0.9119718309859155,284,0.2043032786885246,0.9030054644808743,0.6229508196721312,0.7028588072299295,0.08845628415300555,0.27241023735728076,0.9914617486338798,0.9752690445872103,0.48941256830601093,0.1807397069085834,0.9631147540983607,0.48941256830601093,1433,0.01672240802675584,0.9832775919732442,0.01672240802675584
scene,GSI_MLC_PA_Logistic,0.40,4,Operating Point,,0.022839273014812273,240,,0.5994455994455995,2.1097519372289097,0.8450704225352113,284,0.1754677754677755,0.9015939015939016,0.6334026334026335,0.6994792877271511,0.08316008316008316,0.2565702986212428,0.9847539847539848,0.9560495863483939,0.40055440055440056,0.20761245674740483,0.9293139293139293,0.40055440055440056,1156,0.02543352601156068,0.9745664739884393,0.02543352601156068
scene,GSI_MLC_PA_Logistic,0.40,5,Operating Point,,0.017843307070792073,204,,0.5970200970200971,2.0918542100438446,0.8429752066115702,242,0.17435897435897438,0.9161469161469161,0.678101178101178,0.7446835067733675,0.07068607068607069,0.21999137074927633,0.9868329868329868,0.9646748775226438,0.402979902979903,0.17540842648323302,0.9085239085239085,0.402979902979903,1163,0.0220545560069646,0.9779454439930354,0.0220545560069646
scene,GSI_MLC_PA_Logistic,0.50,1,Operating Point,,0.020974837931636292,229,,0.6022964509394572,2.2061523918705563,0.8773946360153256,261,0.20998608211551845,0.9091858037578289,0.6673625608907445,0.7301207703647283,0.0796798886569241,0.23488125738083465,0.988865692414753,0.965002027745563,0.3977035490605428,0.20034995625546806,0.9373695198329853,0.3977035490605428,1143,0.018486424032351234,0.9815135759676488,0.018486424032351234
scene,GSI_MLC_PA_Logistic,0.50,2,Operating Point,,0.017056957988370487,153,,0.7074616457461645,2.0271641211852427,0.5930232558139535,258,0.2812064156206416,0.9100418410041841,0.6698047419804742,0.729256700468563,-0.044979079497907914,0.14870207332991536,0.8650627615062761,0.8779587737984783,0.29253835425383545,0.18235995232419547,0.8828451882845189,0.29253835425383545,839,0.19073435189748644,0.8092656481025136,0.19073435189748644
scene,GSI_MLC_PA_Logistic,0.50,3,Operating Point,,0.020308765055560053,181,,0.625,1.699530516431925,0.6373239436619719,284,0.32479508196721313,0.9030054644808743,0.6229508196721312,0.7028588072299295,-0.04030054644808745,0.16917674391841608,0.8627049180327868,0.8720355511483456,0.375,0.16484517304189436,0.930327868852459,0.375,1098,0.21967213114754092,0.7803278688524591,0.21967213114754092
scene,GSI_MLC_PA_Logistic,0.50,4,Operating Point,,0.022839273014812273,163,,0.72002772002772,2.05000174313206,0.573943661971831,284,0.2841302841302841,0.9015939015939016,0.6334026334026335,0.6994792877271511,-0.04573804573804574,0.15211886072521197,0.8558558558558559,0.851598148452363,0.27997227997227997,0.20173267326732675,0.8586278586278586,0.27997227997227997,808,0.20019249278152063,0.7998075072184794,0.20019249278152063
scene,GSI_MLC_PA_Logistic,0.50,5,Operating Point,,0.017843307070792073,204,,0.5970200970200971,2.0918542100438446,0.8429752066115702,242,0.21465696465696466,0.9161469161469161,0.678101178101178,0.7446835067733675,0.07068607068607069,0.21999137074927633,0.9868329868329868,0.9646748775226438,0.402979902979903,0.17540842648323302,0.9085239085239085,0.402979902979903,1163,0.0220545560069646,0.9779454439930354,0.0220545560069646
scene,GSI_MLC_PA_MLP,0.20,1,Operating Point,,0.02129739403534923,267,,0.43771746694502434,1.6545304791803221,0.9303135888501742,287,0.1194154488517745,0.9001391788448156,0.6071677105080029,0.6871304257486567,0.09290187891440493,0.29212795717900153,0.9930410577592206,0.9792583829276582,0.5622825330549757,0.16522277227722773,0.9979123173277662,0.5622825330549757,1616,0.015898251192368873,0.9841017488076311,0.015898251192368873
scene,GSI_MLC_PA_MLP,0.20,2,Operating Point,,0.018815997394435065,254,,0.553347280334728,2.098429789918508,0.9372693726937269,271,0.09525801952580194,0.9055090655509066,0.6276150627615062,0.7064324915965349,0.08856345885634587,0.2763240735523388,0.9940725244072525,0.9827565651488737,0.446652719665272,0.19828259172521467,0.9790794979079498,0.446652719665272,1281,0.010712035286704502,0.9892879647132955,0.010712035286704502
scene,GSI_MLC_PA_MLP,0.20,3,Operating Point,,0.020179416398428685,291,,0.3254781420765027,1.4525815113156886,0.9797979797979798,297,0.13695355191256833,0.8985655737704918,0.5788934426229508,0.6742904464500427,0.09938524590163933,0.3204035558279249,0.9979508196721312,0.9946940022779676,0.6745218579234973,0.14734177215189873,0.9836065573770492,0.6745218579234973,1975,0.006295907660020972,0.993704092339979,0.006295907660020972
scene,GSI_MLC_PA_MLP,0.20,4,Operating Point,,0.029608907237706407,268,,0.5239085239085239,1.8276526966483297,0.8701298701298701,308,0.10907830907830908,0.8932778932778933,0.5828135828135828,0.6694922701505418,0.0928620928620928,0.28998621638530875,0.9861399861399861,0.9594784865358505,0.4760914760914761,0.1950509461426492,0.9896049896049897,0.4760914760914761,1374,0.02645502645502651,0.9735449735449735,0.02645502645502651
scene,GSI_MLC_PA_MLP,0.20,5,Operating Point,,0.019795362274372695,271,,0.48821898821898824,1.8844247621296415,0.9644128113879004,281,0.10582120582120581,0.9026334026334026,0.6295911295911296,0.7019012387798975,0.09390159390159392,0.2885465934470143,0.9965349965349966,0.9904478322269118,0.5117810117810118,0.18348002708192282,0.9875259875259875,0.5117810117810118,1477,0.00709723207948898,0.992902767920511,0.00709723207948898
scene,GSI_MLC_PA_MLP,0.25,1,Operating Point,,0.02129739403534923,267,,0.43771746694502434,1.6545304791803221,0.9303135888501742,287,0.1475295755045233,0.9001391788448156,0.6071677105080029,0.6871304257486567,0.09290187891440493,0.29212795717900153,0.9930410577592206,0.9792583829276582,0.5622825330549757,0.16522277227722773,0.9979123173277662,0.5622825330549757,1616,0.015898251192368873,0.9841017488076311,0.015898251192368873
scene,GSI_MLC_PA_MLP,0.25,2,Operating Point,,0.018815997394435065,254,,0.553347280334728,2.098429789918508,0.9372693726937269,271,0.11759065550906556,0.9055090655509066,0.6276150627615062,0.7064324915965349,0.08856345885634587,0.2763240735523388,0.9940725244072525,0.9827565651488737,0.446652719665272,0.19828259172521467,0.9790794979079498,0.446652719665272,1281,0.010712035286704502,0.9892879647132955,0.010712035286704502
scene,GSI_MLC_PA_MLP,0.25,3,Operating Point,,0.020179416398428685,291,,0.3254781420765027,1.4525815113156886,0.9797979797979798,297,0.17067964480874318,0.8985655737704918,0.5788934426229508,0.6742904464500427,0.09938524590163933,0.3204035558279249,0.9979508196721312,0.9946940022779676,0.6745218579234973,0.14734177215189873,0.9836065573770492,0.6745218579234973,1975,0.006295907660020972,0.993704092339979,0.006295907660020972
scene,GSI_MLC_PA_MLP,0.25,4,Operating Point,,0.029608907237706407,268,,0.5239085239085239,1.8276526966483297,0.8701298701298701,308,0.13288288288288289,0.8932778932778933,0.5828135828135828,0.6694922701505418,0.0928620928620928,0.28998621638530875,0.9861399861399861,0.9594784865358505,0.4760914760914761,0.1950509461426492,0.9896049896049897,0.4760914760914761,1374,0.02645502645502651,0.9735449735449735,0.02645502645502651
scene,GSI_MLC_PA_MLP,0.25,5,Operating Point,,0.019795362274372695,271,,0.48821898821898824,1.8844247621296415,0.9644128113879004,281,0.13141025641025642,0.9026334026334026,0.6295911295911296,0.7019012387798975,0.09390159390159392,0.2885465934470143,0.9965349965349966,0.9904478322269118,0.5117810117810118,0.18348002708192282,0.9875259875259875,0.5117810117810118,1477,0.00709723207948898,0.992902767920511,0.00709723207948898
scene,GSI_MLC_PA_MLP,0.30,1,Operating Point,,0.02129739403534923,267,,0.43771746694502434,1.6545304791803221,0.9303135888501742,287,0.17564370215727212,0.9001391788448156,0.6071677105080029,0.6871304257486567,0.09290187891440493,0.29212795717900153,0.9930410577592206,0.9792583829276582,0.5622825330549757,0.16522277227722773,0.9979123173277662,0.5622825330549757,1616,0.015898251192368873,0.9841017488076311,0.015898251192368873
scene,GSI_MLC_PA_MLP,0.30,2,Operating Point,,0.018815997394435065,254,,0.553347280334728,2.098429789918508,0.9372693726937269,271,0.13992329149232913,0.9055090655509066,0.6276150627615062,0.7064324915965349,0.08856345885634587,0.2763240735523388,0.9940725244072525,0.9827565651488737,0.446652719665272,0.19828259172521467,0.9790794979079498,0.446652719665272,1281,0.010712035286704502,0.9892879647132955,0.010712035286704502
scene,GSI_MLC_PA_MLP,0.30,3,Operating Point,,0.020179416398428685,291,,0.3254781420765027,1.4525815113156886,0.9797979797979798,297,0.204405737704918,0.8985655737704918,0.5788934426229508,0.6742904464500427,0.09938524590163933,0.3204035558279249,0.9979508196721312,0.9946940022779676,0.6745218579234973,0.14734177215189873,0.9836065573770492,0.6745218579234973,1975,0.006295907660020972,0.993704092339979,0.006295907660020972
scene,GSI_MLC_PA_MLP,0.30,4,Operating Point,,0.029608907237706407,268,,0.5239085239085239,1.8276526966483297,0.8701298701298701,308,0.15668745668745668,0.8932778932778933,0.5828135828135828,0.6694922701505418,0.0928620928620928,0.28998621638530875,0.9861399861399861,0.9594784865358505,0.4760914760914761,0.1950509461426492,0.9896049896049897,0.4760914760914761,1374,0.02645502645502651,0.9735449735449735,0.02645502645502651
scene,GSI_MLC_PA_MLP,0.30,5,Operating Point,,0.019795362274372695,271,,0.48821898821898824,1.8844247621296415,0.9644128113879004,281,0.15699930699930698,0.9026334026334026,0.6295911295911296,0.7019012387798975,0.09390159390159392,0.2885465934470143,0.9965349965349966,0.9904478322269118,0.5117810117810118,0.18348002708192282,0.9875259875259875,0.5117810117810118,1477,0.00709723207948898,0.992902767920511,0.00709723207948898
scene,GSI_MLC_PA_MLP,0.35,1,Operating Point,,0.02129739403534923,267,,0.43771746694502434,1.6545304791803221,0.9303135888501742,287,0.20375782881002089,0.9001391788448156,0.6071677105080029,0.6871304257486567,0.09290187891440493,0.29212795717900153,0.9930410577592206,0.9792583829276582,0.5622825330549757,0.16522277227722773,0.9979123173277662,0.5622825330549757,1616,0.015898251192368873,0.9841017488076311,0.015898251192368873
scene,GSI_MLC_PA_MLP,0.35,2,Operating Point,,0.018815997394435065,254,,0.553347280334728,2.098429789918508,0.9372693726937269,271,0.16225592747559275,0.9055090655509066,0.6276150627615062,0.7064324915965349,0.08856345885634587,0.2763240735523388,0.9940725244072525,0.9827565651488737,0.446652719665272,0.19828259172521467,0.9790794979079498,0.446652719665272,1281,0.010712035286704502,0.9892879647132955,0.010712035286704502
scene,GSI_MLC_PA_MLP,0.35,3,Operating Point,,0.020179416398428685,291,,0.3254781420765027,1.4525815113156886,0.9797979797979798,297,0.23813183060109286,0.8985655737704918,0.5788934426229508,0.6742904464500427,0.09938524590163933,0.3204035558279249,0.9979508196721312,0.9946940022779676,0.6745218579234973,0.14734177215189873,0.9836065573770492,0.6745218579234973,1975,0.006295907660020972,0.993704092339979,0.006295907660020972
scene,GSI_MLC_PA_MLP,0.35,4,Operating Point,,0.029608907237706407,268,,0.5239085239085239,1.8276526966483297,0.8701298701298701,308,0.1804920304920305,0.8932778932778933,0.5828135828135828,0.6694922701505418,0.0928620928620928,0.28998621638530875,0.9861399861399861,0.9594784865358505,0.4760914760914761,0.1950509461426492,0.9896049896049897,0.4760914760914761,1374,0.02645502645502651,0.9735449735449735,0.02645502645502651
scene,GSI_MLC_PA_MLP,0.35,5,Operating Point,,0.019795362274372695,271,,0.48821898821898824,1.8844247621296415,0.9644128113879004,281,0.1825883575883576,0.9026334026334026,0.6295911295911296,0.7019012387798975,0.09390159390159392,0.2885465934470143,0.9965349965349966,0.9904478322269118,0.5117810117810118,0.18348002708192282,0.9875259875259875,0.5117810117810118,1477,0.00709723207948898,0.992902767920511,0.00709723207948898
scene,GSI_MLC_PA_MLP,0.40,1,Operating Point,,0.02129739403534923,219,,0.592553931802366,1.8728029588457407,0.7630662020905923,287,0.30633263743910927,0.9001391788448156,0.6071677105080029,0.6871304257486567,-0.04349338900487132,0.17763568162784427,0.8566457898399443,0.864766107376501,0.40744606819763396,0.1870196413321947,0.9937369519832986,0.40744606819763396,1171,0.24192601291837934,0.7580739870816207,0.24192601291837934
scene,GSI_MLC_PA_MLP,0.40,2,Operating Point,,0.018815997394435065,174,,0.694560669456067,2.1021078703937723,0.6420664206642066,271,0.25711297071129713,0.9055090655509066,0.6276150627615062,0.7064324915965349,-0.040446304044630454,0.1714012616527827,0.8650627615062761,0.8778337532493176,0.3054393305439331,0.19863013698630136,0.9581589958158996,0.3054393305439331,876,0.1942771084337349,0.8057228915662651,0.1942771084337349
scene,GSI_MLC_PA_MLP,0.40,3,Operating Point,,0.020179416398428685,244,,0.48258196721311475,1.587785445211188,0.8215488215488216,297,0.34665300546448086,0.8985655737704918,0.5788934426229508,0.6742904464500427,-0.03825136612021862,0.20318424227353282,0.8603142076502732,0.8774746887235755,0.5174180327868853,0.16105610561056105,0.9836065573770492,0.5174180327868853,1515,0.2894550601556971,0.7105449398443029,0.2894550601556971
scene,GSI_MLC_PA_MLP,0.40,4,Operating Point,,0.029608907237706407,268,,0.5239085239085239,1.8276526966483297,0.8701298701298701,308,0.20429660429660432,0.8932778932778933,0.5828135828135828,0.6694922701505418,0.0928620928620928,0.28998621638530875,0.9861399861399861,0.9594784865358505,0.4760914760914761,0.1950509461426492,0.9896049896049897,0.4760914760914761,1374,0.02645502645502651,0.9735449735449735,0.02645502645502651
scene,GSI_MLC_PA_MLP,0.40,5,Operating Point,,0.019795362274372695,271,,0.48821898821898824,1.8844247621296415,0.9644128113879004,281,0.20817740817740815,0.9026334026334026,0.6295911295911296,0.7019012387798975,0.09390159390159392,0.2885465934470143,0.9965349965349966,0.9904478322269118,0.5117810117810118,0.18348002708192282,0.9875259875259875,0.5117810117810118,1477,0.00709723207948898,0.992902767920511,0.00709723207948898
scene,GSI_MLC_PA_MLP,0.50,1,Operating Point,,0.02129739403534923,138,,0.7098121085594989,1.6569824279948862,0.4808362369337979,287,0.41718858733472514,0.9001391788448156,0.6071677105080029,0.6871304257486567,-0.17223382045929025,0.07340596089029938,0.7279053583855254,0.7605363866389561,0.29018789144050106,0.16546762589928057,0.9916492693110647,0.29018789144050106,834,0.3833333333333333,0.6166666666666667,0.3833333333333333
scene,GSI_MLC_PA_MLP,0.50,2,Operating Point,,0.018815997394435065,174,,0.694560669456067,2.1021078703937723,0.6420664206642066,271,0.28765690376569036,0.9055090655509066,0.6276150627615062,0.7064324915965349,-0.040446304044630454,0.1714012616527827,0.8650627615062761,0.8778337532493176,0.3054393305439331,0.19863013698630136,0.9581589958158996,0.3054393305439331,876,0.1942771084337349,0.8057228915662651,0.1942771084337349
scene,GSI_MLC_PA_MLP,0.50,3,Operating Point,,0.020179416398428685,166,,0.6041666666666666,1.4120148856990964,0.5589225589225589,297,0.46704234972677594,0.8985655737704918,0.5788934426229508,0.6742904464500427,-0.16769125683060115,0.09834871959763458,0.7308743169398907,0.7726391660476772,0.3958333333333333,0.14322691975841242,0.9836065573770492,0.3958333333333333,1159,0.44544940644431885,0.5545505935556811,0.44544940644431885
scene,GSI_MLC_PA_MLP,0.50,4,Operating Point,,0.029608907237706407,125,,0.7713097713097713,1.7746458087367176,0.40584415584415584,308,0.3898128898128898,0.8932778932778933,0.5828135828135828,0.6694922701505418,-0.16874566874566876,0.08023460720342013,0.7245322245322245,0.7497268773539619,0.2286902286902287,0.1893939393939394,0.8274428274428275,0.2286902286902287,660,0.3571428571428572,0.6428571428571428,0.3571428571428572
scene,GSI_MLC_PA_MLP,0.50,5,Operating Point,,0.019795362274372695,157,,0.739085239085239,2.1413846393784293,0.5587188612099644,281,0.3996881496881497,0.9026334026334026,0.6295911295911296,0.7019012387798975,-0.1718641718641718,0.06803499730398987,0.7307692307692308,0.7699362360838874,0.2609147609147609,0.20849933598937584,0.8898128898128899,0.2609147609147609,753,0.3642756680731365,0.6357243319268635,0.3642756680731365
scene,MLC_PA_SVM,0.20,1,Operating Point,,0.030127747771338444,222,,0.7599164926931107,2.8806176351076798,0.6915887850467289,321,0.08246346555323593,0.8883089770354906,0.49338900487125953,0.6046583638264269,0.0772442588726514,0.28894652363907325,0.965553235908142,0.8936048874655002,0.24008350730688935,0.3217391304347826,0.8580375782881002,0.24008350730688935,690,0.04532967032967028,0.9546703296703297,0.04532967032967028
scene,MLC_PA_SVM,0.20,2,Operating Point,,0.023461147847989524,239,,0.7656903765690377,3.1677573203194322,0.7422360248447205,322,0.07580195258019527,0.8877266387726639,0.50278940027894,0.6006731832511968,0.08333333333333337,0.31371425699714073,0.9710599721059973,0.9143874402483375,0.23430962343096234,0.3556547619047619,0.8410041841004184,0.23430962343096234,672,0.03779599271402545,0.9622040072859745,0.03779599271402545
scene,MLC_PA_SVM,0.20,3,Operating Point,,0.027707821460965083,222,,0.766051912568306,2.9378590314343183,0.6873065015479877,323,0.08128415300546449,0.8896857923497268,0.4788251366120219,0.5973662690468077,0.07581967213114749,0.2939674575176605,0.9655054644808743,0.8913337265644682,0.23394808743169399,0.32408759124087594,0.8340163934426229,0.23394808743169399,685,0.045028979045920625,0.9549710209540794,0.045028979045920625
scene,MLC_PA_SVM,0.20,4,Operating Point,,0.03260465769336305,227,,0.7716562716562717,2.9324935877637075,0.6696165191740413,339,0.08447678447678449,0.8825363825363826,0.48891198891198895,0.5894999657131329,0.0786555786555786,0.29128971029713135,0.9611919611919612,0.8807896760102643,0.22834372834372835,0.34446130500758726,0.8274428274428275,0.22834372834372835,659,0.05029187247418054,0.9497081275258195,0.05029187247418054
scene,MLC_PA_SVM,0.20,5,Operating Point,,0.02598849217168443,243,,0.7564102564102564,3.0694736842105264,0.7476923076923077,325,0.07713097713097714,0.8873873873873874,0.4809424809424809,0.5916310138406764,0.08419958419958418,0.323361663267254,0.9715869715869716,0.9149926771079304,0.24358974358974358,0.3456614509246088,0.8503118503118503,0.24358974358974358,703,0.037562986715529045,0.962437013284471,0.037562986715529045
scene,MLC_PA_SVM,0.25,1,Operating Point,,0.030127747771338444,201,,0.8124565066109951,3.338789381513013,0.6261682242990654,321,0.08863952679192763,0.8883089770354906,0.49338900487125953,0.6046583638264269,0.06993736951983298,0.2668184591278048,0.9582463465553236,0.8714768229542317,0.18754349338900486,0.37291280148423006,0.7682672233820459,0.18754349338900486,539,0.051391862955032064,0.9486081370449679,0.051391862955032064
scene,MLC_PA_SVM,0.25,2,Operating Point,,0.023461147847989524,213,,0.8193863319386332,3.662461929542675,0.6614906832298136,322,0.08315899581589958,0.8877266387726639,0.50278940027894,0.6006731832511968,0.07426778242677823,0.2848486667029788,0.9619944211994421,0.8855218499541756,0.1806136680613668,0.4111969111969112,0.7510460251046025,0.1806136680613668,518,0.046382978723404245,0.9536170212765958,0.046382978723404245
scene,MLC_PA_SVM,0.25,3,Operating Point,,0.027707821460965083,189,,0.8241120218579235,3.3267726712555232,0.5851393188854489,323,0.0897370218579235,0.8896857923497268,0.4788251366120219,0.5973662690468077,0.06454918032786883,0.254896964946039,0.9542349726775956,0.8522632339928466,0.1758879781420765,0.36699029126213595,0.7418032786885246,0.1758879781420765,515,0.05553253211769582,0.9444674678823042,0.05553253211769582
scene,MLC_PA_SVM,0.25,4,Operating Point,,0.03260465769336305,197,,0.8236313236313236,3.2949215014691307,0.5811209439528023,339,0.0932952182952183,0.8825363825363826,0.48891198891198895,0.5894999657131329,0.06826056826056826,0.25708396027792957,0.9507969507969508,0.8465839259910625,0.17636867636867637,0.38703339882121807,0.735966735966736,0.17636867636867637,509,0.059739167017248684,0.9402608329827513,0.059739167017248684
scene,MLC_PA_SVM,0.25,5,Operating Point,,0.02598849217168443,201,,0.8111573111573112,3.275009174311927,0.6184615384615385,325,0.09017671517671517,0.8873873873873874,0.4809424809424809,0.5916310138406764,0.06964656964656957,0.275590398086372,0.957033957033957,0.8672214119270484,0.18884268884268884,0.3688073394495413,0.7692307692307693,0.18884268884268884,545,0.05296881674498077,0.9470311832550192,0.05296881674498077
scene,MLC_PA_SVM,0.30,1,Operating Point,,0.030127747771338444,166,,0.8573416840640222,3.6249829040346477,0.5171339563862928,321,0.09672929714683368,0.8883089770354906,0.49338900487125953,0.6046583638264269,0.05775922059846905,0.22445219453824417,0.9460681976339597,0.8291105583646711,0.14265831593597772,0.40487804878048783,0.6722338204592901,0.14265831593597772,410,0.0629058441558441,0.9370941558441559,0.0629058441558441
scene,MLC_PA_SVM,0.30,2,Operating Point,,0.023461147847989524,174,,0.8657601115760112,4.025425506170848,0.5403726708074534,322,0.09187587168758717,0.8877266387726639,0.50278940027894,0.6006731832511968,0.060669456066945626,0.23760153024958752,0.9483960948396095,0.8382747135007843,0.13423988842398885,0.45194805194805193,0.6338912133891214,0.13423988842398885,385,0.05960531614981879,0.9403946838501812,0.05960531614981879
scene,MLC_PA_SVM,0.30,3,Operating Point,,0.027707821460965083,156,,0.8702185792349727,3.7214274075281084,0.48297213622291024,323,0.09596994535519125,0.8896857923497268,0.4788251366120219,0.5973662690468077,0.05327868852459017,0.21336389488789587,0.942964480874317,0.8107301639347035,0.12978142076502733,0.4105263157894737,0.6127049180327869,0.12978142076502733,380,0.06554160125588693,0.9344583987441131,0.06554160125588693
scene,MLC_PA_SVM,0.30,4,Operating Point,,0.03260465769336305,156,,0.8669438669438669,3.458517699115044,0.46017699115044247,339,0.10332640332640335,0.8825363825363826,0.48891198891198895,0.5894999657131329,0.05405405405405406,0.20705547983829664,0.9365904365904366,0.7965554455514295,0.13305613305613306,0.40625,0.6216216216216216,0.13305613305613306,384,0.07314148681055155,0.9268585131894485,0.07314148681055155
scene,MLC_PA_SVM,0.30,5,Operating Point,,0.02598849217168443,164,,0.8575883575883576,3.543357664233576,0.5046153846153846,325,0.09851004851004849,0.8873873873873874,0.4809424809424809,0.5916310138406764,0.05682605682605679,0.23127843279103233,0.9442134442134442,0.8229094466317087,0.14241164241164242,0.39902676399026765,0.6486486486486487,0.14241164241164242,411,0.06505050505050503,0.934949494949495,0.06505050505050503
scene,MLC_PA_SVM,0.35,1,Operating Point,,0.030127747771338444,138,,0.8890048712595685,3.873201886737175,0.42990654205607476,321,0.10252261656228252,0.8883089770354906,0.49338900487125953,0.6046583638264269,0.04801670146137782,0.18746195284328737,0.9363256784968684,0.7921203166697143,0.11099512874043145,0.43260188087774293,0.5594989561586639,0.11099512874043145,319,0.0716242661448141,0.9283757338551859,0.0716242661448141
scene,MLC_PA_SVM,0.35,2,Operating Point,,0.023461147847989524,133,,0.9034170153417015,4.276565688274996,0.41304347826086957,322,0.09970362622036259,0.8877266387726639,0.50278940027894,0.6006731832511968,0.04637377963737799,0.18479435813113998,0.9341004184100419,0.7854675413823368,0.09658298465829847,0.48014440433212996,0.5125523012552301,0.09658298465829847,277,0.07294480895407185,0.9270551910459282,0.07294480895407185
scene,MLC_PA_SVM,0.35,3,Operating Point,,0.027707821460965083,115,,0.9091530054644809,3.9190856397960845,0.3560371517027864,323,0.1028346994535519,0.8896857923497268,0.4788251366120219,0.5973662690468077,0.039275956284153035,0.15928264642597467,0.9289617486338798,0.7566489154727823,0.09084699453551913,0.4323308270676692,0.4713114754098361,0.09084699453551913,266,0.07813673929376408,0.9218632607062359,0.07813673929376408
scene,MLC_PA_SVM,0.35,4,Operating Point,,0.03260465769336305,118,,0.8995148995148995,3.4640219713152276,0.3480825958702065,339,0.11174636174636172,0.8825363825363826,0.48891198891198895,0.5894999657131329,0.04088704088704087,0.16075044746709655,0.9234234234234234,0.7502504131802294,0.10048510048510048,0.4068965517241379,0.5031185031185031,0.10048510048510048,290,0.08513097072419107,0.9148690292758089,0.08513097072419107
scene,MLC_PA_SVM,0.35,5,Operating Point,,0.02598849217168443,130,,0.8981288981288982,3.926530612244898,0.4,325,0.10322245322245321,0.8873873873873874,0.4809424809424809,0.5916310138406764,0.04504504504504503,0.18690850527000913,0.9324324324324325,0.7785395191106855,0.10187110187110188,0.4421768707482993,0.501039501039501,0.10187110187110188,294,0.07523148148148151,0.9247685185185185,0.07523148148148151
scene,MLC_PA_SVM,0.40,1,Operating Point,,0.030127747771338444,98,,0.9234516353514266,3.9882752761257434,0.3052959501557632,321,0.10821155184411971,0.8883089770354906,0.49338900487125953,0.6046583638264269,0.03409881697981909,0.13280791445508955,0.9224077940153097,0.7374662782815165,0.07654836464857341,0.44545454545454544,0.4091858037578288,0.07654836464857341,220,0.08402411454408443,0.9159758854559156,0.08402411454408443
scene,MLC_PA_SVM,0.40,2,Operating Point,,0.023461147847989524,91,,0.9354951185495118,4.381198589894241,0.2826086956521739,322,0.10634588563458856,0.8877266387726639,0.50278940027894,0.6006731832511968,0.031729428172942775,0.12809915453891163,0.9194560669456067,0.7287723377901084,0.06450488145048815,0.4918918918918919,0.3577405857740586,0.06450488145048815,185,0.0860976518822214,0.9139023481177786,0.0860976518822214
scene,MLC_PA_SVM,0.40,3,Operating Point,,0.027707821460965083,73,,0.9405737704918032,3.803138678338849,0.2260061919504644,323,0.10915300546448088,0.8896857923497268,0.4788251366120219,0.5973662690468077,0.024931693989071024,0.10117855440710932,0.9146174863387978,0.698544823453917,0.05942622950819672,0.41954022988505746,0.3135245901639344,0.05942622950819672,174,0.09077705156136529,0.9092229484386347,0.09077705156136529
scene,MLC_PA_SVM,0.40,4,Operating Point,,0.03260465769336305,82,,0.9331254331254332,3.6170388371773123,0.24188790560471976,339,0.11580041580041579,0.8825363825363826,0.48891198891198895,0.5894999657131329,0.028413028413028396,0.11202510239085539,0.910949410949411,0.7015250681039883,0.06687456687456687,0.42487046632124353,0.3575883575883576,0.06687456687456687,193,0.09543260304493129,0.9045673969550687,0.09543260304493129
scene,MLC_PA_SVM,0.40,5,Operating Point,,0.02598849217168443,98,,0.9334719334719335,4.5325,0.30153846153846153,325,0.10526680526680529,0.8873873873873874,0.4809424809424809,0.5916310138406764,0.033957033957033866,0.14263871505327652,0.9213444213444213,0.7342697288939529,0.06652806652806653,0.5104166666666666,0.3575883575883576,0.06652806652806653,192,0.08426132145508536,0.9157386785449146,0.08426132145508536
scene,MLC_PA_SVM,0.50,1,Operating Point,,0.030127747771338444,0,,1.0,,0.0,321,0.11169102296450939,0.8883089770354906,0.49338900487125953,0.6046583638264269,0.0,0.0,0.8883089770354906,0.6046583638264269,0.0,,0.0,0.0,0,0.11169102296450939,0.8883089770354906,0.11169102296450939
scene,MLC_PA_SVM,0.50,2,Operating Point,,0.023461147847989524,0,,1.0,,0.0,322,0.11227336122733612,0.8877266387726639,0.50278940027894,0.6006731832511968,0.0,0.0,0.8877266387726639,0.6006731832511968,0.0,,0.0,0.0,0,0.11227336122733611,0.8877266387726639,0.11227336122733611
scene,MLC_PA_SVM,0.50,3,Operating Point,,0.027707821460965083,0,,1.0,,0.0,323,0.11031420765027322,0.8896857923497268,0.4788251366120219,0.5973662690468077,0.0,0.0,0.8896857923497268,0.5973662690468077,0.0,,0.0,0.0,0,0.11031420765027322,0.8896857923497268,0.11031420765027322
scene,MLC_PA_SVM,0.50,4,Operating Point,,0.03260465769336305,0,,1.0,,0.0,339,0.11746361746361747,0.8825363825363826,0.48891198891198895,0.5894999657131329,0.0,0.0,0.8825363825363826,0.5894999657131329,0.0,,0.0,0.0,0,0.11746361746361744,0.8825363825363826,0.11746361746361744
scene,MLC_PA_SVM,0.50,5,Operating Point,,0.02598849217168443,0,,1.0,,0.0,325,0.11261261261261261,0.8873873873873874,0.4809424809424809,0.5916310138406764,0.0,0.0,0.8873873873873874,0.5916310138406764,0.0,,0.0,0.0,0,0.11261261261261257,0.8873873873873874,0.11261261261261257
scene,GSI_MLC_PA_SVM,0.20,1,Operating Point,,0.03280831285551809,243,,0.697286012526096,2.5483743842364532,0.7714285714285715,315,0.08559498956158663,0.8903966597077244,0.5793319415448852,0.6467815230110312,0.08455114822546972,0.2749033645622232,0.9749478079331941,0.9216848875732544,0.302713987473904,0.2793103448275862,0.8455114822546973,0.302713987473904,870,0.0359281437125748,0.9640718562874252,0.0359281437125748
scene,GSI_MLC_PA_SVM,0.20,2,Operating Point,,0.023327900883237017,235,,0.7193165969316597,2.7723252848504787,0.7781456953642384,302,0.07949790794979081,0.8947001394700139,0.5690376569037657,0.6509490372601489,0.0819386331938633,0.28273477522103063,0.9766387726638772,0.9336838124811795,0.28068340306834033,0.2919254658385093,0.8514644351464435,0.28068340306834033,805,0.03247697527872029,0.9675230247212797,0.03247697527872029
scene,GSI_MLC_PA_SVM,0.20,3,Operating Point,,0.02780635029383585,260,,0.64275956284153,2.2672932935437182,0.8099688473520249,321,0.09228142076502734,0.8903688524590164,0.5382513661202186,0.6244211198769855,0.0887978142076502,0.3153988205398044,0.9791666666666666,0.9398199404167898,0.3572404371584699,0.248565965583174,0.889344262295082,0.3572404371584699,1046,0.03241232731137089,0.9675876726886291,0.03241232731137089
scene,GSI_MLC_PA_SVM,0.20,4,Operating Point,,0.02818721825674304,206,,0.717948717948718,2.4508846857840147,0.6912751677852349,298,0.0882882882882883,0.8967428967428968,0.586971586971587,0.6625515926609246,0.0713790713790714,0.2448731428953853,0.9681219681219682,0.9074247355563099,0.28205128205128205,0.25307125307125306,0.8336798336798337,0.28205128205128205,814,0.044401544401544424,0.9555984555984556,0.044401544401544424
scene,GSI_MLC_PA_SVM,0.20,5,Operating Point,,0.025640039350387885,198,,0.704088704088704,2.372763964323086,0.7021276595744681,282,0.08794178794178796,0.9022869022869022,0.604989604989605,0.6809306117272813,0.06895356895356897,0.23908733322726905,0.9712404712404712,0.9200179449545504,0.2959112959112959,0.23185011709601874,0.8378378378378378,0.2959112959112959,854,0.040846456692913424,0.9591535433070866,0.040846456692913424
scene,GSI_MLC_PA_SVM,0.25,1,Operating Point,,0.03280831285551809,243,,0.697286012526096,2.5483743842364532,0.7714285714285715,315,0.10073068893528184,0.8903966597077244,0.5793319415448852,0.6467815230110312,0.08455114822546972,0.2749033645622232,0.9749478079331941,0.9216848875732544,0.302713987473904,0.2793103448275862,0.8455114822546973,0.302713987473904,870,0.0359281437125748,0.9640718562874252,0.0359281437125748
scene,GSI_MLC_PA_SVM,0.25,2,Operating Point,,0.023327900883237017,235,,0.7193165969316597,2.7723252848504787,0.7781456953642384,302,0.09353207810320781,0.8947001394700139,0.5690376569037657,0.6509490372601489,0.0819386331938633,0.28273477522103063,0.9766387726638772,0.9336838124811795,0.28068340306834033,0.2919254658385093,0.8514644351464435,0.28068340306834033,805,0.03247697527872029,0.9675230247212797,0.03247697527872029
scene,GSI_MLC_PA_SVM,0.25,3,Operating Point,,0.02780635029383585,260,,0.64275956284153,2.2672932935437182,0.8099688473520249,321,0.11014344262295082,0.8903688524590164,0.5382513661202186,0.6244211198769855,0.0887978142076502,0.3153988205398044,0.9791666666666666,0.9398199404167898,0.3572404371584699,0.248565965583174,0.889344262295082,0.3572404371584699,1046,0.03241232731137089,0.9675876726886291,0.03241232731137089
scene,GSI_MLC_PA_SVM,0.25,4,Operating Point,,0.02818721825674304,206,,0.717948717948718,2.4508846857840147,0.6912751677852349,298,0.1023908523908524,0.8967428967428968,0.586971586971587,0.6625515926609246,0.0713790713790714,0.2448731428953853,0.9681219681219682,0.9074247355563099,0.28205128205128205,0.25307125307125306,0.8336798336798337,0.28205128205128205,814,0.044401544401544424,0.9555984555984556,0.044401544401544424
scene,GSI_MLC_PA_SVM,0.25,5,Operating Point,,0.025640039350387885,198,,0.704088704088704,2.372763964323086,0.7021276595744681,282,0.10273735273735274,0.9022869022869022,0.604989604989605,0.6809306117272813,0.06895356895356897,0.23908733322726905,0.9712404712404712,0.9200179449545504,0.2959112959112959,0.23185011709601874,0.8378378378378378,0.2959112959112959,854,0.040846456692913424,0.9591535433070866,0.040846456692913424
scene,GSI_MLC_PA_SVM,0.30,1,Operating Point,,0.03280831285551809,243,,0.697286012526096,2.5483743842364532,0.7714285714285715,315,0.11586638830897704,0.8903966597077244,0.5793319415448852,0.6467815230110312,0.08455114822546972,0.2749033645622232,0.9749478079331941,0.9216848875732544,0.302713987473904,0.2793103448275862,0.8455114822546973,0.302713987473904,870,0.0359281437125748,0.9640718562874252,0.0359281437125748
scene,GSI_MLC_PA_SVM,0.30,2,Operating Point,,0.023327900883237017,235,,0.7193165969316597,2.7723252848504787,0.7781456953642384,302,0.10756624825662482,0.8947001394700139,0.5690376569037657,0.6509490372601489,0.0819386331938633,0.28273477522103063,0.9766387726638772,0.9336838124811795,0.28068340306834033,0.2919254658385093,0.8514644351464435,0.28068340306834033,805,0.03247697527872029,0.9675230247212797,0.03247697527872029
scene,GSI_MLC_PA_SVM,0.30,3,Operating Point,,0.02780635029383585,260,,0.64275956284153,2.2672932935437182,0.8099688473520249,321,0.12800546448087433,0.8903688524590164,0.5382513661202186,0.6244211198769855,0.0887978142076502,0.3153988205398044,0.9791666666666666,0.9398199404167898,0.3572404371584699,0.248565965583174,0.889344262295082,0.3572404371584699,1046,0.03241232731137089,0.9675876726886291,0.03241232731137089
scene,GSI_MLC_PA_SVM,0.30,4,Operating Point,,0.02818721825674304,206,,0.717948717948718,2.4508846857840147,0.6912751677852349,298,0.1164934164934165,0.8967428967428968,0.586971586971587,0.6625515926609246,0.0713790713790714,0.2448731428953853,0.9681219681219682,0.9074247355563099,0.28205128205128205,0.25307125307125306,0.8336798336798337,0.28205128205128205,814,0.044401544401544424,0.9555984555984556,0.044401544401544424
scene,GSI_MLC_PA_SVM,0.30,5,Operating Point,,0.025640039350387885,198,,0.704088704088704,2.372763964323086,0.7021276595744681,282,0.1175329175329175,0.9022869022869022,0.604989604989605,0.6809306117272813,0.06895356895356897,0.23908733322726905,0.9712404712404712,0.9200179449545504,0.2959112959112959,0.23185011709601874,0.8378378378378378,0.2959112959112959,854,0.040846456692913424,0.9591535433070866,0.040846456692913424
scene,GSI_MLC_PA_SVM,0.35,1,Operating Point,,0.03280831285551809,243,,0.697286012526096,2.5483743842364532,0.7714285714285715,315,0.1310020876826722,0.8903966597077244,0.5793319415448852,0.6467815230110312,0.08455114822546972,0.2749033645622232,0.9749478079331941,0.9216848875732544,0.302713987473904,0.2793103448275862,0.8455114822546973,0.302713987473904,870,0.0359281437125748,0.9640718562874252,0.0359281437125748
scene,GSI_MLC_PA_SVM,0.35,2,Operating Point,,0.023327900883237017,235,,0.7193165969316597,2.7723252848504787,0.7781456953642384,302,0.12160041841004182,0.8947001394700139,0.5690376569037657,0.6509490372601489,0.0819386331938633,0.28273477522103063,0.9766387726638772,0.9336838124811795,0.28068340306834033,0.2919254658385093,0.8514644351464435,0.28068340306834033,805,0.03247697527872029,0.9675230247212797,0.03247697527872029
scene,GSI_MLC_PA_SVM,0.35,3,Operating Point,,0.02780635029383585,260,,0.64275956284153,2.2672932935437182,0.8099688473520249,321,0.1458674863387978,0.8903688524590164,0.5382513661202186,0.6244211198769855,0.0887978142076502,0.3153988205398044,0.9791666666666666,0.9398199404167898,0.3572404371584699,0.248565965583174,0.889344262295082,0.3572404371584699,1046,0.03241232731137089,0.9675876726886291,0.03241232731137089
scene,GSI_MLC_PA_SVM,0.35,4,Operating Point,,0.02818721825674304,206,,0.717948717948718,2.4508846857840147,0.6912751677852349,298,0.1305959805959806,0.8967428967428968,0.586971586971587,0.6625515926609246,0.0713790713790714,0.2448731428953853,0.9681219681219682,0.9074247355563099,0.28205128205128205,0.25307125307125306,0.8336798336798337,0.28205128205128205,814,0.044401544401544424,0.9555984555984556,0.044401544401544424
scene,GSI_MLC_PA_SVM,0.35,5,Operating Point,,0.025640039350387885,198,,0.704088704088704,2.372763964323086,0.7021276595744681,282,0.1323284823284823,0.9022869022869022,0.604989604989605,0.6809306117272813,0.06895356895356897,0.23908733322726905,0.9712404712404712,0.9200179449545504,0.2959112959112959,0.23185011709601874,0.8378378378378378,0.2959112959112959,854,0.040846456692913424,0.9591535433070866,0.040846456692913424
scene,GSI_MLC_PA_SVM,0.40,1,Operating Point,,0.03280831285551809,243,,0.697286012526096,2.5483743842364532,0.7714285714285715,315,0.14613778705636743,0.8903966597077244,0.5793319415448852,0.6467815230110312,0.08455114822546972,0.2749033645622232,0.9749478079331941,0.9216848875732544,0.302713987473904,0.2793103448275862,0.8455114822546973,0.302713987473904,870,0.0359281437125748,0.9640718562874252,0.0359281437125748
scene,GSI_MLC_PA_SVM,0.40,2,Operating Point,,0.023327900883237017,235,,0.7193165969316597,2.7723252848504787,0.7781456953642384,302,0.13563458856345886,0.8947001394700139,0.5690376569037657,0.6509490372601489,0.0819386331938633,0.28273477522103063,0.9766387726638772,0.9336838124811795,0.28068340306834033,0.2919254658385093,0.8514644351464435,0.28068340306834033,805,0.03247697527872029,0.9675230247212797,0.03247697527872029
scene,GSI_MLC_PA_SVM,0.40,3,Operating Point,,0.02780635029383585,260,,0.64275956284153,2.2672932935437182,0.8099688473520249,321,0.16372950819672133,0.8903688524590164,0.5382513661202186,0.6244211198769855,0.0887978142076502,0.3153988205398044,0.9791666666666666,0.9398199404167898,0.3572404371584699,0.248565965583174,0.889344262295082,0.3572404371584699,1046,0.03241232731137089,0.9675876726886291,0.03241232731137089
scene,GSI_MLC_PA_SVM,0.40,4,Operating Point,,0.02818721825674304,206,,0.717948717948718,2.4508846857840147,0.6912751677852349,298,0.1446985446985447,0.8967428967428968,0.586971586971587,0.6625515926609246,0.0713790713790714,0.2448731428953853,0.9681219681219682,0.9074247355563099,0.28205128205128205,0.25307125307125306,0.8336798336798337,0.28205128205128205,814,0.044401544401544424,0.9555984555984556,0.044401544401544424
scene,GSI_MLC_PA_SVM,0.40,5,Operating Point,,0.025640039350387885,198,,0.704088704088704,2.372763964323086,0.7021276595744681,282,0.14712404712404714,0.9022869022869022,0.604989604989605,0.6809306117272813,0.06895356895356897,0.23908733322726905,0.9712404712404712,0.9200179449545504,0.2959112959112959,0.23185011709601874,0.8378378378378378,0.2959112959112959,854,0.040846456692913424,0.9591535433070866,0.040846456692913424
scene,GSI_MLC_PA_SVM,0.50,1,Operating Point,,0.03280831285551809,243,,0.697286012526096,2.5483743842364532,0.7714285714285715,315,0.17640918580375783,0.8903966597077244,0.5793319415448852,0.6467815230110312,0.08455114822546972,0.2749033645622232,0.9749478079331941,0.9216848875732544,0.302713987473904,0.2793103448275862,0.8455114822546973,0.302713987473904,870,0.0359281437125748,0.9640718562874252,0.0359281437125748
scene,GSI_MLC_PA_SVM,0.50,2,Operating Point,,0.023327900883237017,235,,0.7193165969316597,2.7723252848504787,0.7781456953642384,302,0.1637029288702929,0.8947001394700139,0.5690376569037657,0.6509490372601489,0.0819386331938633,0.28273477522103063,0.9766387726638772,0.9336838124811795,0.28068340306834033,0.2919254658385093,0.8514644351464435,0.28068340306834033,805,0.03247697527872029,0.9675230247212797,0.03247697527872029
scene,GSI_MLC_PA_SVM,0.50,3,Operating Point,,0.02780635029383585,260,,0.64275956284153,2.2672932935437182,0.8099688473520249,321,0.1994535519125683,0.8903688524590164,0.5382513661202186,0.6244211198769855,0.0887978142076502,0.3153988205398044,0.9791666666666666,0.9398199404167898,0.3572404371584699,0.248565965583174,0.889344262295082,0.3572404371584699,1046,0.03241232731137089,0.9675876726886291,0.03241232731137089
scene,GSI_MLC_PA_SVM,0.50,4,Operating Point,,0.02818721825674304,206,,0.717948717948718,2.4508846857840147,0.6912751677852349,298,0.1729036729036729,0.8967428967428968,0.586971586971587,0.6625515926609246,0.0713790713790714,0.2448731428953853,0.9681219681219682,0.9074247355563099,0.28205128205128205,0.25307125307125306,0.8336798336798337,0.28205128205128205,814,0.044401544401544424,0.9555984555984556,0.044401544401544424
scene,GSI_MLC_PA_SVM,0.50,5,Operating Point,,0.025640039350387885,198,,0.704088704088704,2.372763964323086,0.7021276595744681,282,0.17671517671517672,0.9022869022869022,0.604989604989605,0.6809306117272813,0.06895356895356897,0.23908733322726905,0.9712404712404712,0.9200179449545504,0.2959112959112959,0.23185011709601874,0.8378378378378378,0.2959112959112959,854,0.040846456692913424,0.9591535433070866,0.040846456692913424
yeast,MLC_PA_Logistic,0.20,1,Operating Point,,0.09668849678122457,951,,0.5726067746686303,1.6112361771027597,0.6886314265025344,1381,0.14880706921944037,0.7966126656848307,0.6015752517814373,0.3599663172280439,0.1400589101620029,0.35750160480468934,0.9366715758468336,0.7174679220327332,0.42739322533136964,0.3277050310130944,0.9896907216494846,0.42739322533136964,2902,0.11059670781893005,0.88940329218107,0.11059670781893005
yeast,MLC_PA_Logistic,0.20,2,Operating Point,,0.09840471072938678,935,,0.5792341678939618,1.6184549212894002,0.6809905316824472,1373,0.148659793814433,0.7977908689248896,0.6151855589999919,0.37780654590999685,0.13770250368188508,0.3142760871573058,0.9354933726067747,0.6920826330673027,0.4207658321060383,0.3272663633181659,0.9896907216494846,0.4207658321060383,2857,0.11136536994660562,0.8886346300533944,0.11136536994660562
yeast,MLC_PA_Logistic,0.20,3,Operating Point,,0.09638980024228028,888,,0.5901075911536162,1.6191496005322967,0.6636771300448431,1338,0.14922295277943812,0.8000597728631201,0.6171126409620132,0.3790154046838568,0.13269575612671847,0.3051217125397157,0.9327555289898386,0.6841371172235725,0.4098924088463837,0.32373313889901567,0.9874476987447699,0.4098924088463837,2743,0.11395289946821985,0.8860471005317802,0.11395289946821985
yeast,MLC_PA_Logistic,0.20,4,Operating Point,,0.1011276320689305,897,,0.5989922940130409,1.632747989059187,0.6547445255474452,1370,0.1502963841138115,0.7969768820391228,0.607994616034035,0.3728635353541395,0.1329282750444576,0.31504893634881137,0.9299051570835803,0.6879124717029509,0.4010077059869591,0.33148558758314856,0.9896265560165975,0.4010077059869591,2706,0.11702127659574468,0.8829787234042553,0.11702127659574468
yeast,MLC_PA_Logistic,0.20,5,Operating Point,,0.09905467013700371,948,,0.5748019947198592,1.627408394034691,0.691970802919708,1370,0.1469345849222646,0.7990613083015548,0.6042742906192597,0.38410483081531266,0.13904370783220887,0.31932290611299396,0.9381050161337636,0.7034277369283066,0.4251980052801408,0.3270093135563988,0.9835728952772074,0.4251980052801408,2899,0.10768053074763972,0.8923194692523603,0.10768053074763972
yeast,MLC_PA_Logistic,0.25,1,Operating Point,,0.09668849678122457,813,,0.6658321060382916,1.761700775078515,0.5887038377986966,1381,0.1671944035346097,0.7966126656848307,0.6015752517814373,0.3599663172280439,0.11973490427098665,0.28919490733199965,0.9163475699558173,0.6491612245600435,0.3341678939617084,0.35830762450418685,0.9587628865979382,0.3341678939617084,2269,0.12563592125635925,0.8743640787436407,0.12563592125635925
yeast,MLC_PA_Logistic,0.25,2,Operating Point,,0.09840471072938678,793,,0.6733431516936672,1.7681165226311637,0.5775673707210488,1373,0.1670839469808542,0.7977908689248896,0.6151855589999919,0.37780654590999685,0.11678939617083939,0.2583590451063944,0.914580265095729,0.6361655910163913,0.32665684830633285,0.3575293056807935,0.9690721649484536,0.32665684830633285,2218,0.12685914260717412,0.8731408573928259,0.12685914260717412
yeast,MLC_PA_Logistic,0.25,3,Operating Point,,0.09638980024228028,746,,0.689181111775254,1.7938053351730483,0.5575485799701047,1338,0.1661685594739988,0.8000597728631201,0.6171126409620132,0.3790154046838568,0.11147638971906759,0.24531410022497918,0.9115361625821877,0.624329504908836,0.31081888822474596,0.35865384615384616,0.9686192468619247,0.31081888822474596,2080,0.12836079791847355,0.8716392020815265,0.12836079791847355
yeast,MLC_PA_Logistic,0.25,4,Operating Point,,0.1011276320689305,722,,0.691908713692946,1.7105556784388898,0.527007299270073,1370,0.17305127445168939,0.7969768820391228,0.607994616034035,0.3728635353541395,0.10699466508595135,0.23783569652510816,0.9039715471250741,0.6106992318792477,0.30809128630705396,0.3472823472823473,0.966804979253112,0.30809128630705396,2079,0.13878774898265156,0.8612122510173484,0.13878774898265156
yeast,MLC_PA_Logistic,0.25,5,Operating Point,,0.09905467013700371,784,,0.6682311528307422,1.7248839925910147,0.5722627737226277,1370,0.1688911704312115,0.7990613083015548,0.6042742906192597,0.38410483081531266,0.11498973305954818,0.24781053644957285,0.9140510413611029,0.6319153672648855,0.33176884716925786,0.34659593280282935,0.9609856262833676,0.33176884716925786,2262,0.12862159789288852,0.8713784021071115,0.12862159789288852
yeast,MLC_PA_Logistic,0.30,1,Operating Point,,0.09668849678122457,683,,0.7435935198821797,1.928848103061114,0.4945691527878349,1381,0.17972017673048601,0.7966126656848307,0.6015752517814373,0.3599663172280439,0.10058910162002943,0.2363540384030101,0.8972017673048601,0.596320355631054,0.2564064801178203,0.392303273980471,0.931958762886598,0.2564064801178203,1741,0.1382451970687265,0.8617548029312735,0.1382451970687265
yeast,MLC_PA_Logistic,0.30,2,Operating Point,,0.09840471072938678,640,,0.7525773195876289,1.8839524156348628,0.46613255644573925,1373,0.18217967599410897,0.7977908689248896,0.6151855589999919,0.37780654590999685,0.0942562592047127,0.20185638137517936,0.8920471281296023,0.5796629272851762,0.24742268041237114,0.38095238095238093,0.9484536082474226,0.24742268041237114,1680,0.1434442270058709,0.8565557729941291,0.1434442270058709
yeast,MLC_PA_Logistic,0.30,3,Operating Point,,0.09638980024228028,602,,0.7689778840406456,1.947541947298298,0.4499252615844544,1338,0.17928870292887025,0.8000597728631201,0.6171126409620132,0.3790154046838568,0.08995815899581594,0.18564293865686793,0.8900179318589361,0.5646583433407247,0.23102211595935446,0.38939197930142305,0.9309623430962343,0.23102211595935446,1546,0.1430237077341625,0.8569762922658375,0.1430237077341625
yeast,MLC_PA_Logistic,0.30,4,Operating Point,,0.1011276320689305,570,,0.7697095435684648,1.8066679818504636,0.41605839416058393,1370,0.18764078245406046,0.7969768820391228,0.607994616034035,0.3728635353541395,0.08446947243627734,0.1797447477209242,0.8814463544754001,0.5526082830750637,0.23029045643153526,0.3667953667953668,0.9356846473029046,0.23029045643153526,1554,0.15402387370042359,0.8459761262995764,0.15402387370042359
yeast,MLC_PA_Logistic,0.30,5,Operating Point,,0.09905467013700371,659,,0.7465532414197712,1.8979208907812923,0.481021897810219,1370,0.1803168084482253,0.7990613083015548,0.6042742906192597,0.38410483081531266,0.0966559108242886,0.20558018602960582,0.8957172191258433,0.5896850168449185,0.2534467585802288,0.38136574074074076,0.946611909650924,0.2534467585802288,1728,0.13968565815324163,0.8603143418467584,0.13968565815324163
yeast,MLC_PA_Logistic,0.35,1,Operating Point,,0.09668849678122457,523,,0.8167893961708395,2.0670805674624146,0.3787110789283128,1381,0.1904860088365243,0.7966126656848307,0.6015752517814373,0.3599663172280439,0.0770250368188512,0.17166752041064864,0.8736377025036819,0.5316338376386925,0.18321060382916052,0.4204180064308682,0.8865979381443299,0.18321060382916052,1244,0.15470609448250994,0.8452939055174901,0.15470609448250994
yeast,MLC_PA_Logistic,0.35,2,Operating Point,,0.09840471072938678,474,,0.8223858615611193,1.9437046377725355,0.3452294246176256,1373,0.19456553755522826,0.7977908689248896,0.6151855589999919,0.37780654590999685,0.0698085419734904,0.14882814714117576,0.86759941089838,0.5266346930511726,0.17761413843888071,0.39303482587064675,0.8783505154639175,0.17761413843888071,1206,0.16099570200573066,0.8390042979942693,0.16099570200573066
yeast,MLC_PA_Logistic,0.35,3,Operating Point,,0.09638980024228028,470,,0.8317393903167962,2.087657674161748,0.351270553064275,1338,0.18859832635983262,0.8000597728631201,0.6171126409620132,0.3790154046838568,0.07023311416616862,0.13931360583594093,0.8702928870292888,0.5183290105197977,0.16826060968320383,0.41740674955595025,0.8619246861924686,0.16826060968320383,1126,0.1559468199784405,0.8440531800215595,0.1559468199784405
yeast,MLC_PA_Logistic,0.35,4,Operating Point,,0.1011276320689305,434,,0.8320983995257855,1.8867498598772074,0.3167883211678832,1370,0.19747332542975696,0.7969768820391228,0.607994616034035,0.3728635353541395,0.06431535269709543,0.13052518160112625,0.8612922347362182,0.5033887169552658,0.16790160047421457,0.383053839364519,0.8817427385892116,0.16790160047421457,1133,0.1666963490650044,0.8333036509349956,0.1666963490650044
yeast,MLC_PA_Logistic,0.35,5,Operating Point,,0.09905467013700371,506,,0.8212085655617483,2.065776063903044,0.36934306569343067,1370,0.1893003813435025,0.7990613083015548,0.6042742906192597,0.38410483081531266,0.0742153124083309,0.14995481632813912,0.8732766207098857,0.5340596471434518,0.17879143443825168,0.41509433962264153,0.8891170431211499,0.17879143443825168,1219,0.15431327022682617,0.8456867297731738,0.15431327022682617
yeast,MLC_PA_Logistic,0.40,1,Operating Point,,0.09668849678122457,368,,0.8787923416789396,2.1984878972833006,0.2664735698769008,1381,0.19767304860088367,0.7966126656848307,0.6015752517814373,0.3599663172280439,0.054197349042709786,0.11340208765087267,0.8508100147275405,0.47336840487891657,0.12120765832106038,0.4471445929526124,0.7793814432989691,0.12120765832106038,823,0.16976705211999332,0.8302329478800067,0.16976705211999332
yeast,MLC_PA_Logistic,0.40,2,Operating Point,,0.09840471072938678,313,,0.8893961708394698,2.06112170904926,0.22796795338674436,1373,0.20035346097201762,0.7977908689248896,0.6151855589999919,0.37780654590999685,0.04609720176730481,0.09468837576000716,0.8438880706921944,0.472494921670004,0.11060382916053019,0.4167776298268975,0.7814432989690722,0.11060382916053019,751,0.1755257492962411,0.8244742507037589,0.1755257492962411
yeast,MLC_PA_Logistic,0.40,3,Operating Point,,0.09638980024228028,321,,0.8903167961745367,2.1873022079397857,0.2399103139013453,1338,0.19584578601315,0.8000597728631201,0.6171126409620132,0.3790154046838568,0.047967722653915135,0.09586924174947703,0.8480274955170353,0.47488464643333383,0.10968320382546325,0.4373297002724796,0.7426778242677824,0.10968320382546325,734,0.17069486404833834,0.8293051359516617,0.17069486404833834
yeast,MLC_PA_Logistic,0.40,4,Operating Point,,0.1011276320689305,315,,0.8876704208654416,2.0468963657723935,0.22992700729927007,1370,0.20127445168938943,0.7969768820391228,0.607994616034035,0.3728635353541395,0.04668049792531115,0.0870453711579679,0.8436573799644339,0.4599089065121074,0.11232957913455839,0.4155672823218997,0.7697095435684648,0.11232957913455839,758,0.176126878130217,0.823873121869783,0.176126878130217
yeast,MLC_PA_Logistic,0.40,5,Operating Point,,0.09905467013700371,360,,0.8804634790261073,2.1982714611974385,0.26277372262773724,1370,0.19595189205045468,0.7990613083015548,0.6042742906192597,0.38410483081531266,0.052801408037547626,0.09570100015657323,0.8518627163391024,0.4798058309718859,0.11953652097389264,0.44171779141104295,0.7782340862422998,0.11953652097389264,815,0.16824920872896887,0.8317507912710311,0.16824920872896887
yeast,MLC_PA_Logistic,0.50,1,Operating Point,,0.09668849678122457,0,,1.0,,0.0,1381,0.20338733431516937,0.7966126656848307,0.6015752517814373,0.3599663172280439,0.0,0.0,0.7966126656848307,0.3599663172280439,0.0,,0.0,0.0,0,0.2033873343151693,0.7966126656848307,0.2033873343151693
yeast,MLC_PA_Logistic,0.50,2,Operating Point,,0.09840471072938678,0,,1.0,,0.0,1373,0.20220913107511046,0.7977908689248896,0.6151855589999919,0.37780654590999685,0.0,0.0,0.7977908689248896,0.37780654590999685,0.0,,0.0,0.0,0,0.2022091310751104,0.7977908689248896,0.2022091310751104
yeast,MLC_PA_Logistic,0.50,3,Operating Point,,0.09638980024228028,0,,1.0,,0.0,1338,0.19994022713687987,0.8000597728631201,0.6171126409620132,0.3790154046838568,0.0,0.0,0.8000597728631201,0.3790154046838568,0.0,,0.0,0.0,0,0.19994022713687987,0.8000597728631201,0.19994022713687987
yeast,MLC_PA_Logistic,0.50,4,Operating Point,,0.1011276320689305,0,,1.0,,0.0,1370,0.2030231179608773,0.7969768820391228,0.607994616034035,0.3728635353541395,0.0,0.0,0.7969768820391228,0.3728635353541395,0.0,,0.0,0.0,0,0.20302311796087724,0.7969768820391228,0.20302311796087724
yeast,MLC_PA_Logistic,0.50,5,Operating Point,,0.09905467013700371,0,,1.0,,0.0,1370,0.2009386916984453,0.7990613083015548,0.6042742906192597,0.38410483081531266,0.0,0.0,0.7990613083015548,0.38410483081531266,0.0,,0.0,0.0,0,0.20093869169844525,0.7990613083015548,0.20093869169844525
yeast,MLC_PA_MLP,0.20,1,Operating Point,,0.10239835316525617,1073,,0.5225331369661267,1.5509153710210493,0.7405106970324362,1449,0.15086892488954345,0.7865979381443299,0.5834326612677129,0.3195600823515686,0.15802650957290132,0.37900989281561565,0.9446244477172312,0.6985699751671842,0.47746686303387337,0.3309685379395435,0.9711340206185567,0.47746686303387337,3242,0.10597519729425031,0.8940248027057497,0.10597519729425031
yeast,MLC_PA_MLP,0.20,2,Operating Point,,0.1033641565849741,1094,,0.5192930780559647,1.546069939524723,0.7432065217391305,1472,0.15181148748159057,0.7832106038291605,0.5760405917106948,0.30970147057996844,0.16111929307805595,0.3802554130460496,0.9443298969072165,0.689956883626018,0.48070692194403536,0.33517156862745096,0.979381443298969,0.48070692194403536,3264,0.10720363017583667,0.8927963698241633,0.10720363017583667
yeast,MLC_PA_MLP,0.20,3,Operating Point,,0.10387017416713838,1032,,0.5218170950388523,1.5571212121212121,0.7445887445887446,1386,0.1485355648535565,0.7928870292887029,0.5936706366622685,0.32736502003312423,0.15421398684997012,0.3683832962275711,0.947101016138673,0.6957483162606953,0.4781829049611476,0.3225,0.9790794979079498,0.4781829049611476,3200,0.10137457044673537,0.8986254295532646,0.10137457044673537
yeast,MLC_PA_MLP,0.20,4,Operating Point,,0.10368853770483136,995,,0.5283046828689982,1.504573825910922,0.7097004279600571,1402,0.15465323058684052,0.7922347362181387,0.5886247685002872,0.3299568098446188,0.14745109662122113,0.3568324372603205,0.9396858328393598,0.6867892471049393,0.47169531713100177,0.312598177819667,0.995850622406639,0.47169531713100177,3183,0.11416549789621322,0.8858345021037868,0.11416549789621322
yeast,MLC_PA_MLP,0.20,5,Operating Point,,0.10599456936622279,1057,,0.515253740099736,1.4945320349772242,0.7244688142563399,1459,0.1559108242886477,0.7860076268700499,0.5757276718262345,0.3221857889507113,0.15503080082135523,0.3646288764508007,0.9410384276914051,0.686814665401512,0.484746259900264,0.31981845688350985,0.9897330595482546,0.484746259900264,3305,0.11443210930828351,0.8855678906917165,0.11443210930828351
yeast,MLC_PA_MLP,0.25,1,Operating Point,,0.10239835316525617,893,,0.6421207658321061,1.7220532394982209,0.6162870945479642,1449,0.17135493372606775,0.7865979381443299,0.5834326612677129,0.3195600823515686,0.13151693667157582,0.2973851474238059,0.9181148748159057,0.6169452297753745,0.35787923416789397,0.36748971193415636,0.9505154639175257,0.35787923416789397,2430,0.12752293577981655,0.8724770642201835,0.12752293577981655
yeast,MLC_PA_MLP,0.25,2,Operating Point,,0.1033641565849741,921,,0.6371134020618556,1.7241732028162056,0.6256793478260869,1472,0.17187039764359352,0.7832106038291605,0.5760405917106948,0.30970147057996844,0.135640648011782,0.31902486892561366,0.9188512518409425,0.6287263395055821,0.3628865979381443,0.3737824675324675,0.9690721649484536,0.3628865979381443,2464,0.12736939435968564,0.8726306056403144,0.12736939435968564
yeast,MLC_PA_MLP,0.25,3,Operating Point,,0.10387017416713838,841,,0.6370292887029289,1.6717109339587723,0.6067821067821068,1386,0.17218320382546323,0.7928870292887029,0.5936706366622685,0.32736502003312423,0.12567244471010164,0.2832593843807392,0.9185594739988046,0.6106244044138635,0.36297071129707115,0.34623301770275833,0.9581589958158996,0.36297071129707115,2429,0.1278442411447338,0.8721557588552662,0.1278442411447338
yeast,MLC_PA_MLP,0.25,4,Operating Point,,0.10368853770483136,807,,0.6477474807350326,1.6340728462314487,0.5756062767475035,1402,0.17623740367516302,0.7922347362181387,0.5886247685002872,0.3299568098446188,0.11959098992294015,0.2559804197705647,0.9118257261410788,0.5859372296151835,0.3522525192649674,0.33950357593605385,0.9605809128630706,0.3522525192649674,2377,0.13612445664607642,0.8638755433539236,0.13612445664607642
yeast,MLC_PA_MLP,0.25,5,Operating Point,,0.10599456936622279,869,,0.6388970372543268,1.6494282664700848,0.5956134338588074,1459,0.17681138163684365,0.7860076268700499,0.5757276718262345,0.3221857889507113,0.1274567321795248,0.28828170079827115,0.9134643590495747,0.6104674897489825,0.3611029627456732,0.3529650690495532,0.9671457905544147,0.3611029627456732,2462,0.13544536271809005,0.86455463728191,0.13544536271809005
yeast,MLC_PA_MLP,0.30,1,Operating Point,,0.10239835316525617,696,,0.7424153166421208,1.8647508721339732,0.4803312629399586,1449,0.18817378497790865,0.7865979381443299,0.5834326612677129,0.3195600823515686,0.10250368188512515,0.21397523368228138,0.889101620029455,0.53353531603385,0.2575846833578792,0.3979416809605489,0.9422680412371134,0.2575846833578792,1749,0.14937512398333663,0.8506248760166634,0.14937512398333663
yeast,MLC_PA_MLP,0.30,2,Operating Point,,0.1033641565849741,748,,0.7329896907216494,1.9031181802920933,0.5081521739130435,1472,0.18673048600883652,0.7832106038291605,0.5760405917106948,0.30970147057996844,0.11016200294550815,0.24528070578539551,0.8933726067746687,0.554982176365364,0.2670103092783505,0.4125758411472697,0.9587628865979382,0.2670103092783505,1813,0.14546915812738592,0.8545308418726141,0.14546915812738592
yeast,MLC_PA_MLP,0.30,3,Operating Point,,0.10387017416713838,649,,0.738344291691572,1.7895805571419505,0.46825396825396826,1386,0.1886282127913927,0.7928870292887029,0.5936706366622685,0.32736502003312423,0.09698147041243277,0.2175282636027897,0.8898684997011357,0.5448932836359139,0.261655708308428,0.3706453455168475,0.9476987447698745,0.261655708308428,1751,0.14916008905079947,0.8508399109492005,0.14916008905079947
yeast,MLC_PA_MLP,0.30,4,Operating Point,,0.10368853770483136,642,,0.745257854179016,1.7975716565464943,0.4579172610556348,1402,0.18904860699466508,0.7922347362181387,0.5886247685002872,0.3299568098446188,0.0951393005334914,0.19782054649855868,0.8873740367516301,0.5277773563431775,0.254742145820984,0.37347294938917974,0.9377593360995851,0.254742145820984,1719,0.15112348379399476,0.8488765162060052,0.15112348379399476
yeast,MLC_PA_MLP,0.30,5,Operating Point,,0.10599456936622279,700,,0.7374596655910824,1.827455094749982,0.47978067169294036,1459,0.1900850689351716,0.7860076268700499,0.5757276718262345,0.3221857889507113,0.10266940451745377,0.23724665072672463,0.8886770313875036,0.5594324396774359,0.26254033440891755,0.39106145251396646,0.9486652977412731,0.26254033440891755,1790,0.1509546539379475,0.8490453460620525,0.1509546539379475
yeast,MLC_PA_MLP,0.35,1,Operating Point,,0.10239835316525617,549,,0.8213549337260677,2.120864547116384,0.37888198757763975,1449,0.1950736377025037,0.7865979381443299,0.5834326612677129,0.3195600823515686,0.08085419734904276,0.1685909825746526,0.8674521354933726,0.4881510649262212,0.17864506627393226,0.4525968672712284,0.9175257731958762,0.17864506627393226,1213,0.16137708445400756,0.8386229155459924,0.16137708445400756
yeast,MLC_PA_MLP,0.35,2,Operating Point,,0.1033641565849741,546,,0.8191458026509573,2.0509555126752588,0.37092391304347827,1472,0.19967599410898382,0.7832106038291605,0.5760405917106948,0.30970147057996844,0.08041237113402067,0.1816876388015234,0.8636229749631812,0.49138910938149183,0.1808541973490427,0.44462540716612375,0.9278350515463918,0.1808541973490427,1228,0.16648687522473926,0.8335131247752607,0.16648687522473926
yeast,MLC_PA_MLP,0.35,3,Operating Point,,0.10387017416713838,480,,0.8179916317991632,1.9027715579439717,0.3463203463203463,1386,0.1990884638374178,0.7928870292887029,0.5936706366622685,0.32736502003312423,0.07172743574417217,0.14648090472274405,0.8646144650328751,0.4738459247558683,0.18200836820083682,0.39408866995073893,0.9267782426778243,0.18200836820083682,1218,0.16550968213372308,0.8344903178662769,0.16550968213372308
yeast,MLC_PA_MLP,0.35,4,Operating Point,,0.10368853770483136,481,,0.8280972139893301,1.995786807024448,0.34308131241084167,1402,0.19665085951393005,0.7922347362181387,0.5886247685002872,0.3299568098446188,0.07128037937166576,0.14690203291970877,0.8635151155898044,0.47685884276432755,0.17190278601066983,0.4146551724137931,0.9149377593360996,0.17190278601066983,1160,0.1648174659985684,0.8351825340014316,0.1648174659985684
yeast,MLC_PA_MLP,0.35,5,Operating Point,,0.10599456936622279,542,,0.8173951305368143,2.034377950458448,0.3714873200822481,1459,0.19840862422997946,0.7860076268700499,0.5757276718262345,0.3221857889507113,0.07949545321208562,0.18963007298663231,0.8655030800821355,0.5118158619373436,0.1826048694631857,0.4353413654618474,0.917864476386037,0.1826048694631857,1245,0.16454333393145526,0.8354566660685447,0.16454333393145526
yeast,MLC_PA_MLP,0.40,1,Operating Point,,0.10239835316525617,369,,0.8852724594992636,2.2196796338672766,0.2546583850931677,1449,0.2049484536082474,0.7865979381443299,0.5834326612677129,0.3195600823515686,0.05434462444771726,0.11252731190183746,0.8409425625920471,0.43208739425340603,0.11472754050073637,0.47368421052631576,0.8247422680412371,0.11472754050073637,779,0.17967060389286305,0.820329396107137,0.17967060389286305
yeast,MLC_PA_MLP,0.40,2,Operating Point,,0.1033641565849741,367,,0.882621502209131,2.1240743140036007,0.24932065217391305,1472,0.20969072164948452,0.7832106038291605,0.5760405917106948,0.30970147057996844,0.054050073637702534,0.11111785402549895,0.8372606774668631,0.4208193246054674,0.11737849779086892,0.4604767879548306,0.8350515463917526,0.11737849779086892,797,0.18438177874186557,0.8156182212581344,0.18438177874186557
yeast,MLC_PA_MLP,0.40,3,Operating Point,,0.10387017416713838,315,,0.8873281530185296,2.0171208102242586,0.22727272727272727,1386,0.20511057979677225,0.7928870292887029,0.5936706366622685,0.32736502003312423,0.047071129707113024,0.08776684147518554,0.8399581589958159,0.4151318615083098,0.11267184698147041,0.4177718832891247,0.8284518828451883,0.11267184698147041,754,0.1803637588413607,0.8196362411586393,0.1803637588413607
yeast,MLC_PA_MLP,0.40,4,Operating Point,,0.10368853770483136,333,,0.8893005334914048,2.145609542306172,0.23751783166904422,1402,0.2026970954356846,0.7922347362181387,0.5886247685002872,0.3299568098446188,0.04934795494961475,0.0988674264376993,0.8415826911677534,0.4288242362823181,0.11069946650859513,0.4457831325301205,0.8236514522821576,0.11069946650859513,747,0.1781369771704716,0.8218630228295284,0.1781369771704716
yeast,MLC_PA_MLP,0.40,5,Operating Point,,0.10599456936622279,375,,0.8853036080962159,2.2409193137576278,0.2570253598355038,1459,0.2048694631856849,0.7860076268700499,0.5757276718262345,0.3221857889507113,0.05500146670577877,0.12302096824681047,0.8410090935758286,0.4452067571975218,0.1146963919037841,0.479539641943734,0.8234086242299795,0.1146963919037841,782,0.17958913187541414,0.8204108681245859,0.17958913187541414
yeast,MLC_PA_MLP,0.50,1,Operating Point,,0.10239835316525617,0,,1.0,,0.0,1449,0.2134020618556701,0.7865979381443299,0.5834326612677129,0.3195600823515686,0.0,0.0,0.7865979381443299,0.3195600823515686,0.0,,0.0,0.0,0,0.21340206185567012,0.7865979381443299,0.21340206185567012
yeast,MLC_PA_MLP,0.50,2,Operating Point,,0.1033641565849741,0,,1.0,,0.0,1472,0.21678939617083948,0.7832106038291605,0.5760405917106948,0.30970147057996844,0.0,0.0,0.7832106038291605,0.30970147057996844,0.0,,0.0,0.0,0,0.21678939617083948,0.7832106038291605,0.21678939617083948
yeast,MLC_PA_MLP,0.50,3,Operating Point,,0.10387017416713838,0,,1.0,,0.0,1386,0.20711297071129708,0.7928870292887029,0.5936706366622685,0.32736502003312423,0.0,0.0,0.7928870292887029,0.32736502003312423,0.0,,0.0,0.0,0,0.20711297071129708,0.7928870292887029,0.20711297071129708
yeast,MLC_PA_MLP,0.50,4,Operating Point,,0.10368853770483136,0,,1.0,,0.0,1402,0.2077652637818613,0.7922347362181387,0.5886247685002872,0.3299568098446188,0.0,0.0,0.7922347362181387,0.3299568098446188,0.0,,0.0,0.0,0,0.20776526378186133,0.7922347362181387,0.20776526378186133
yeast,MLC_PA_MLP,0.50,5,Operating Point,,0.10599456936622279,0,,1.0,,0.0,1459,0.21399237312995012,0.7860076268700499,0.5757276718262345,0.3221857889507113,0.0,0.0,0.7860076268700499,0.3221857889507113,0.0,,0.0,0.0,0,0.21399237312995012,0.7860076268700499,0.21399237312995012
yeast,GSI_MLC_PA_Logistic,0.20,1,Operating Point,,0.10568772765485399,1370,,0.1297496318114875,1.103968866755896,0.9607293127629734,1426,0.182739322533137,0.7899852724594992,0.6118055941767282,0.383795844013077,0.20132547864506634,0.5889481694896717,0.9913107511045656,0.9727440135027486,0.8702503681885125,0.23184972076493485,1.0,0.8702503681885125,5909,0.06696935300794549,0.9330306469920545,0.06696935300794549
yeast,GSI_MLC_PA_Logistic,0.20,2,Operating Point,,0.10986563625667438,1376,,0.13475699558173784,1.1238902338170063,0.9724381625441696,1415,0.17952871870397644,0.7916053019145802,0.6132632316137471,0.38636520285200243,0.2019145802650958,0.5764872718665313,0.993519882179676,0.9628524747185336,0.8652430044182622,0.2342127659574468,1.0,0.8652430044182622,5875,0.0480874316939891,0.9519125683060109,0.0480874316939891
yeast,GSI_MLC_PA_Logistic,0.20,3,Operating Point,,0.10898196883775516,1304,,0.16317991631799164,1.1349453750910417,0.9497450837581938,1373,0.1776748356246264,0.7948296473401075,0.6203661633577952,0.3840467950343466,0.19485953377166776,0.5209199377611392,0.9896891811117753,0.9049667327954858,0.8368200836820083,0.23285714285714285,1.0,0.8368200836820083,5600,0.06318681318681318,0.9368131868131868,0.06318681318681318
yeast,GSI_MLC_PA_Logistic,0.20,4,Operating Point,,0.11431602701243448,1367,,0.14730290456431536,1.1297733745535476,0.9633544749823819,1419,0.1783935981031417,0.7897154712507409,0.6170515155931314,0.3833839371269133,0.20243034973325436,0.5814504641073708,0.9921458209839953,0.9648344012342841,0.8526970954356846,0.2375738616614529,1.0,0.8526970954356846,5754,0.053319919517102576,0.9466800804828974,0.053319919517102576
yeast,GSI_MLC_PA_Logistic,0.20,5,Operating Point,,0.10457053813789911,1354,,0.11586975652684071,1.0938918380889184,0.9671428571428572,1400,0.18357289527720744,0.7946611909650925,0.6134041865048024,0.3753881668750911,0.19859196245233202,0.5674253219405581,0.9932531534174245,0.9428134888156491,0.8841302434731593,0.22461844724618446,1.0,0.8841302434731593,6028,0.0582278481012658,0.9417721518987342,0.0582278481012658
yeast,GSI_MLC_PA_Logistic,0.25,1,Operating Point,,0.10568772765485399,1370,,0.1297496318114875,1.103968866755896,0.9607293127629734,1426,0.2262518409425626,0.7899852724594992,0.6118055941767282,0.383795844013077,0.20132547864506634,0.5889481694896717,0.9913107511045656,0.9727440135027486,0.8702503681885125,0.23184972076493485,1.0,0.8702503681885125,5909,0.06696935300794549,0.9330306469920545,0.06696935300794549
yeast,GSI_MLC_PA_Logistic,0.25,2,Operating Point,,0.10986563625667438,1376,,0.13475699558173784,1.1238902338170063,0.9724381625441696,1415,0.22279086892488956,0.7916053019145802,0.6132632316137471,0.38636520285200243,0.2019145802650958,0.5764872718665313,0.993519882179676,0.9628524747185336,0.8652430044182622,0.2342127659574468,1.0,0.8652430044182622,5875,0.0480874316939891,0.9519125683060109,0.0480874316939891
yeast,GSI_MLC_PA_Logistic,0.25,3,Operating Point,,0.10898196883775516,1304,,0.16317991631799164,1.1349453750910417,0.9497450837581938,1373,0.21951583980872683,0.7948296473401075,0.6203661633577952,0.3840467950343466,0.19485953377166776,0.5209199377611392,0.9896891811117753,0.9049667327954858,0.8368200836820083,0.23285714285714285,1.0,0.8368200836820083,5600,0.06318681318681318,0.9368131868131868,0.06318681318681318
yeast,GSI_MLC_PA_Logistic,0.25,4,Operating Point,,0.11431602701243448,1367,,0.14730290456431536,1.1297733745535476,0.9633544749823819,1419,0.2210284528749259,0.7897154712507409,0.6170515155931314,0.3833839371269133,0.20243034973325436,0.5814504641073708,0.9921458209839953,0.9648344012342841,0.8526970954356846,0.2375738616614529,1.0,0.8526970954356846,5754,0.053319919517102576,0.9466800804828974,0.053319919517102576
yeast,GSI_MLC_PA_Logistic,0.25,5,Operating Point,,0.10457053813789911,1354,,0.11586975652684071,1.0938918380889184,0.9671428571428572,1400,0.22777940745086536,0.7946611909650925,0.6134041865048024,0.3753881668750911,0.19859196245233202,0.5674253219405581,0.9932531534174245,0.9428134888156491,0.8841302434731593,0.22461844724618446,1.0,0.8841302434731593,6028,0.0582278481012658,0.9417721518987342,0.0582278481012658
yeast,GSI_MLC_PA_Logistic,0.30,1,Operating Point,,0.10568772765485399,1370,,0.1297496318114875,1.103968866755896,0.9607293127629734,1426,0.26976435935198817,0.7899852724594992,0.6118055941767282,0.383795844013077,0.20132547864506634,0.5889481694896717,0.9913107511045656,0.9727440135027486,0.8702503681885125,0.23184972076493485,1.0,0.8702503681885125,5909,0.06696935300794549,0.9330306469920545,0.06696935300794549
yeast,GSI_MLC_PA_Logistic,0.30,2,Operating Point,,0.10986563625667438,1376,,0.13475699558173784,1.1238902338170063,0.9724381625441696,1415,0.26605301914580265,0.7916053019145802,0.6132632316137471,0.38636520285200243,0.2019145802650958,0.5764872718665313,0.993519882179676,0.9628524747185336,0.8652430044182622,0.2342127659574468,1.0,0.8652430044182622,5875,0.0480874316939891,0.9519125683060109,0.0480874316939891
yeast,GSI_MLC_PA_Logistic,0.30,3,Operating Point,,0.10898196883775516,1304,,0.16317991631799164,1.1349453750910417,0.9497450837581938,1373,0.26135684399282727,0.7948296473401075,0.6203661633577952,0.3840467950343466,0.19485953377166776,0.5209199377611392,0.9896891811117753,0.9049667327954858,0.8368200836820083,0.23285714285714285,1.0,0.8368200836820083,5600,0.06318681318681318,0.9368131868131868,0.06318681318681318
yeast,GSI_MLC_PA_Logistic,0.30,4,Operating Point,,0.11431602701243448,1367,,0.14730290456431536,1.1297733745535476,0.9633544749823819,1419,0.2636633076467101,0.7897154712507409,0.6170515155931314,0.3833839371269133,0.20243034973325436,0.5814504641073708,0.9921458209839953,0.9648344012342841,0.8526970954356846,0.2375738616614529,1.0,0.8526970954356846,5754,0.053319919517102576,0.9466800804828974,0.053319919517102576
yeast,GSI_MLC_PA_Logistic,0.30,5,Operating Point,,0.10457053813789911,1354,,0.11586975652684071,1.0938918380889184,0.9671428571428572,1400,0.2719859196245233,0.7946611909650925,0.6134041865048024,0.3753881668750911,0.19859196245233202,0.5674253219405581,0.9932531534174245,0.9428134888156491,0.8841302434731593,0.22461844724618446,1.0,0.8841302434731593,6028,0.0582278481012658,0.9417721518987342,0.0582278481012658
yeast,GSI_MLC_PA_Logistic,0.35,1,Operating Point,,0.10568772765485399,826,,0.40633284241531664,0.9757026801057582,0.5792426367461431,1426,0.3460751104565537,0.7899852724594992,0.6118055941767282,0.383795844013077,0.07172312223858623,0.4982680444540304,0.8617083946980855,0.8820638884671074,0.5936671575846834,0.20491193252294715,1.0,0.5936671575846834,4031,0.34034070315331644,0.6596592968466836,0.34034070315331644
yeast,GSI_MLC_PA_Logistic,0.35,2,Operating Point,,0.10986563625667438,859,,0.41458026509572904,1.0369775762828632,0.6070671378091873,1415,0.3789764359351988,0.7916053019145802,0.6132632316137471,0.38636520285200243,0.03431516936671575,0.44951288829498287,0.825920471281296,0.8358780911469853,0.585419734904271,0.2161006289308176,1.0,0.585419734904271,3975,0.41989342806394314,0.5801065719360569,0.41989342806394314
yeast,GSI_MLC_PA_Logistic,0.35,3,Operating Point,,0.10898196883775516,641,,0.5754632396891811,1.0996948490947633,0.4668608885651857,1373,0.4036685594739989,0.7948296473401075,0.6203661633577952,0.3840467950343466,-0.049910340705319745,0.3300517484400116,0.7449193066347878,0.7140985434743582,0.4245367603108189,0.22562478000703978,1.0,0.4245367603108189,2841,0.4432614905219423,0.5567385094780577,0.4432614905219423
yeast,GSI_MLC_PA_Logistic,0.35,4,Operating Point,,0.11431602701243448,945,,0.35417901600474216,1.031186600521798,0.6659619450317125,1419,0.37289567279193836,0.7897154712507409,0.6170515155931314,0.3833839371269133,0.06342620035566093,0.47802768753097036,0.8531416716064019,0.8614116246578837,0.6458209839952579,0.21684258834327674,1.0,0.6458209839952579,4358,0.4146443514644351,0.5853556485355649,0.4146443514644351
yeast,GSI_MLC_PA_Logistic,0.35,5,Operating Point,,0.10457053813789911,797,,0.46421237899677326,1.0625212154393648,0.5692857142857143,1400,0.45695951892050446,0.7946611909650925,0.6134041865048024,0.3753881668750911,-0.06409504253446763,0.35721881277170414,0.7305661484306248,0.7326069796467952,0.5357876210032267,0.21817684095264167,1.0,0.5357876210032267,3653,0.5804107424960505,0.4195892575039495,0.5804107424960505
yeast,GSI_MLC_PA_Logistic,0.40,1,Operating Point,,0.10568772765485399,141,,0.8606774668630339,0.709705588452449,0.09887798036465638,1426,0.5710456553755522,0.7899852724594992,0.6118055941767282,0.383795844013077,-0.305301914580265,0.1945273918416358,0.4846833578792342,0.5783232358547128,0.13932253313696613,0.14904862579281183,0.9711340206185567,0.13932253313696613,946,0.5987337440109514,0.40126625598904864,0.5987337440109514
yeast,GSI_MLC_PA_Logistic,0.40,2,Operating Point,,0.10986563625667438,87,,0.870839469808542,0.47602854253377436,0.06148409893992933,1415,0.5510751104565537,0.7916053019145802,0.6132632316137471,0.38636520285200243,-0.2910162002945508,0.1995233074332055,0.5005891016200295,0.5858885102852079,0.12916053019145804,0.09920182440136831,0.9360824742268041,0.12916053019145804,877,0.5734821579570438,0.4265178420429562,0.5734821579570438
yeast,GSI_MLC_PA_Logistic,0.40,3,Operating Point,,0.10898196883775516,157,,0.8967423789599522,1.1074063260545794,0.1143481427530954,1373,0.5601315002988644,0.7948296473401075,0.6203661633577952,0.3840467950343466,-0.31365809922295274,0.12178716298658832,0.4811715481171548,0.5058339580209349,0.10325762104004782,0.2272069464544139,0.9016736401673641,0.10325762104004782,691,0.5785702382936178,0.42142976170638224,0.5785702382936178
yeast,GSI_MLC_PA_Logistic,0.40,4,Operating Point,,0.11431602701243448,34,,0.9340545346769413,0.363338638541147,0.023960535588442564,1419,0.5877296976882039,0.7897154712507409,0.6170515155931314,0.3833839371269133,-0.3510669828097214,0.15081204610232712,0.43864848844101956,0.5341959832292404,0.06594546532305869,0.07640449438202247,0.7676348547717843,0.06594546532305869,445,0.6009836585752816,0.3990163414247184,0.6009836585752816
yeast,GSI_MLC_PA_Logistic,0.40,5,Operating Point,,0.10457053813789911,52,,0.923584628923438,0.48606525911708254,0.037142857142857144,1400,0.5970079202112057,0.7946611909650925,0.6134041865048024,0.3753881668750911,-0.36110296274567333,0.13412710340580863,0.43355822821941914,0.5095152702808997,0.07641537107656204,0.09980806142034548,0.9034907597535934,0.07641537107656204,521,0.6133079244084485,0.3866920755915515,0.6133079244084485
yeast,GSI_MLC_PA_Logistic,0.50,1,Operating Point,,0.10568772765485399,6,,0.9706921944035346,0.14356494957254717,0.004207573632538569,1426,0.6424889543446245,0.7899852724594992,0.6118055941767282,0.383795844013077,-0.417820324005891,0.10466763743176194,0.37216494845360826,0.4884634814448389,0.02930780559646539,0.03015075376884422,0.41030927835051545,0.02930780559646539,199,0.6467910787437414,0.3532089212562586,0.6467910787437414
yeast,GSI_MLC_PA_Logistic,0.50,2,Operating Point,,0.10986563625667438,4,,0.9867452135493373,0.213270514330585,0.0028268551236749115,1415,0.6347569955817378,0.7916053019145802,0.6132632316137471,0.38636520285200243,-0.4197349042709867,0.08793364197163539,0.37187039764359353,0.4742988448236378,0.013254786450662739,0.044444444444444446,0.18556701030927836,0.013254786450662739,90,0.6365671641791045,0.3634328358208955,0.6365671641791045
yeast,GSI_MLC_PA_Logistic,0.50,3,Operating Point,,0.10898196883775516,26,,0.9547220561864913,0.41823089810801917,0.018936635105608158,1373,0.5822624028690975,0.7948296473401075,0.6203661633577952,0.3840467950343466,-0.35445307830245065,0.09353209815121272,0.4403765690376569,0.4775788931855593,0.045277943813508664,0.0858085808580858,0.6213389121338913,0.045277943813508664,303,0.5861637188918454,0.4138362811081546,0.5861637188918454
yeast,GSI_MLC_PA_Logistic,0.50,4,Operating Point,,0.11431602701243448,5,,0.9848844101956136,0.2331108623858282,0.0035236081747709656,1419,0.6341138114997036,0.7897154712507409,0.6170515155931314,0.3833839371269133,-0.4162714878482513,0.09580527680984363,0.37344398340248963,0.47918921393675695,0.015115589804386485,0.049019607843137254,0.21161825726141079,0.015115589804386485,102,0.636172133614204,0.363827866385796,0.636172133614204
yeast,GSI_MLC_PA_Logistic,0.50,5,Operating Point,,0.10457053813789911,2,,0.9854796127896744,0.09838383838383838,0.0014285714285714286,1400,0.6376503373423291,0.7946611909650925,0.6134041865048024,0.3753881668750911,-0.42505133470225875,0.07670715550519258,0.3696098562628337,0.45209532238028366,0.014520387210325609,0.020202020202020204,0.2032854209445585,0.014520387210325609,99,0.6396785235898199,0.3603214764101801,0.6396785235898199
yeast,GSI_MLC_PA_MLP,0.20,1,Operating Point,,0.09999999091379634,1417,,0.11973490427098675,1.1155525610938024,0.9819819819819819,1443,0.18002945508100152,0.7874815905743741,0.5906047560686736,0.34249843032983895,0.20854197349042713,0.6443908539466683,0.9960235640648012,0.9868892842765072,0.8802650957290132,0.2370754559143383,0.9938144329896907,0.8802650957290132,5977,0.03321033210332103,0.966789667896679,0.03321033210332103
yeast,GSI_MLC_PA_MLP,0.20,2,Operating Point,,0.10393195749598184,1420,,0.10014727540500737,1.087550659232698,0.9786354238456237,1451,0.18468335787923418,0.7863033873343152,0.5980607021844134,0.3459114129715746,0.20898379970544922,0.6397656117677446,0.9952871870397644,0.9856770247393193,0.8998527245949927,0.23240589198036007,1.0,0.8998527245949927,6110,0.04705882352941182,0.9529411764705882,0.04705882352941182
yeast,GSI_MLC_PA_MLP,0.20,3,Operating Point,,0.10425205614288315,1335,,0.13389121338912133,1.116130928018974,0.9666908037653874,1381,0.18024506873879262,0.7936341900777047,0.614574802231706,0.35471531050680166,0.19934249850567842,0.6013492162700234,0.9929766885833832,0.956064526776825,0.8661087866108786,0.2303312629399586,1.0,0.8661087866108786,5796,0.052455357142857095,0.9475446428571429,0.052455357142857095
yeast,GSI_MLC_PA_MLP,0.20,4,Operating Point,,0.102975554223963,1372,,0.15841730883224658,1.1505022341469513,0.9682427664079041,1417,0.1751333728512152,0.7900118553645524,0.5988706314432455,0.3480646033730614,0.2031713100177831,0.6250606959739748,0.9931831653823355,0.9731252993470363,0.8415826911677534,0.24159182954745553,1.0,0.8415826911677534,5679,0.04303086997193639,0.9569691300280636,0.04303086997193639
yeast,GSI_MLC_PA_MLP,0.20,5,Operating Point,,0.10203978292367313,1400,,0.11293634496919917,1.1005862906141846,0.9762900976290098,1434,0.18239953065415082,0.7896743913171018,0.6058873934643956,0.37063561703341874,0.20533880903490753,0.5805816567701331,0.9950132003520094,0.9512172738035518,0.8870636550308009,0.23148148148148148,1.0,0.8870636550308009,6048,0.04415584415584417,0.9558441558441558,0.04415584415584417
yeast,GSI_MLC_PA_MLP,0.25,1,Operating Point,,0.09999999091379634,1417,,0.11973490427098675,1.1155525610938024,0.9819819819819819,1443,0.22404270986745214,0.7874815905743741,0.5906047560686736,0.34249843032983895,0.20854197349042713,0.6443908539466683,0.9960235640648012,0.9868892842765072,0.8802650957290132,0.2370754559143383,0.9938144329896907,0.8802650957290132,5977,0.03321033210332103,0.966789667896679,0.03321033210332103
yeast,GSI_MLC_PA_MLP,0.25,2,Operating Point,,0.10393195749598184,1420,,0.10014727540500737,1.087550659232698,0.9786354238456237,1451,0.2296759941089838,0.7863033873343152,0.5980607021844134,0.3459114129715746,0.20898379970544922,0.6397656117677446,0.9952871870397644,0.9856770247393193,0.8998527245949927,0.23240589198036007,1.0,0.8998527245949927,6110,0.04705882352941182,0.9529411764705882,0.04705882352941182
yeast,GSI_MLC_PA_MLP,0.25,3,Operating Point,,0.10425205614288315,1335,,0.13389121338912133,1.116130928018974,0.9666908037653874,1381,0.22355050806933652,0.7936341900777047,0.614574802231706,0.35471531050680166,0.19934249850567842,0.6013492162700234,0.9929766885833832,0.956064526776825,0.8661087866108786,0.2303312629399586,1.0,0.8661087866108786,5796,0.052455357142857095,0.9475446428571429,0.052455357142857095
yeast,GSI_MLC_PA_MLP,0.25,4,Operating Point,,0.102975554223963,1372,,0.15841730883224658,1.1505022341469513,0.9682427664079041,1417,0.21721250740960285,0.7900118553645524,0.5988706314432455,0.3480646033730614,0.2031713100177831,0.6250606959739748,0.9931831653823355,0.9731252993470363,0.8415826911677534,0.24159182954745553,1.0,0.8415826911677534,5679,0.04303086997193639,0.9569691300280636,0.04303086997193639
yeast,GSI_MLC_PA_MLP,0.25,5,Operating Point,,0.10203978292367313,1400,,0.11293634496919917,1.1005862906141846,0.9762900976290098,1434,0.2267527134056908,0.7896743913171018,0.6058873934643956,0.37063561703341874,0.20533880903490753,0.5805816567701331,0.9950132003520094,0.9512172738035518,0.8870636550308009,0.23148148148148148,1.0,0.8870636550308009,6048,0.04415584415584417,0.9558441558441558,0.04415584415584417
yeast,GSI_MLC_PA_MLP,0.30,1,Operating Point,,0.09999999091379634,1417,,0.11973490427098675,1.1155525610938024,0.9819819819819819,1443,0.2680559646539028,0.7874815905743741,0.5906047560686736,0.34249843032983895,0.20854197349042713,0.6443908539466683,0.9960235640648012,0.9868892842765072,0.8802650957290132,0.2370754559143383,0.9938144329896907,0.8802650957290132,5977,0.03321033210332103,0.966789667896679,0.03321033210332103
yeast,GSI_MLC_PA_MLP,0.30,2,Operating Point,,0.10393195749598184,1420,,0.10014727540500737,1.087550659232698,0.9786354238456237,1451,0.27466863033873345,0.7863033873343152,0.5980607021844134,0.3459114129715746,0.20898379970544922,0.6397656117677446,0.9952871870397644,0.9856770247393193,0.8998527245949927,0.23240589198036007,1.0,0.8998527245949927,6110,0.04705882352941182,0.9529411764705882,0.04705882352941182
yeast,GSI_MLC_PA_MLP,0.30,3,Operating Point,,0.10425205614288315,1335,,0.13389121338912133,1.116130928018974,0.9666908037653874,1381,0.2668559473998804,0.7936341900777047,0.614574802231706,0.35471531050680166,0.19934249850567842,0.6013492162700234,0.9929766885833832,0.956064526776825,0.8661087866108786,0.2303312629399586,1.0,0.8661087866108786,5796,0.052455357142857095,0.9475446428571429,0.052455357142857095
yeast,GSI_MLC_PA_MLP,0.30,4,Operating Point,,0.102975554223963,1372,,0.15841730883224658,1.1505022341469513,0.9682427664079041,1417,0.2592916419679905,0.7900118553645524,0.5988706314432455,0.3480646033730614,0.2031713100177831,0.6250606959739748,0.9931831653823355,0.9731252993470363,0.8415826911677534,0.24159182954745553,1.0,0.8415826911677534,5679,0.04303086997193639,0.9569691300280636,0.04303086997193639
yeast,GSI_MLC_PA_MLP,0.30,5,Operating Point,,0.10203978292367313,1400,,0.11293634496919917,1.1005862906141846,0.9762900976290098,1434,0.2711058961572308,0.7896743913171018,0.6058873934643956,0.37063561703341874,0.20533880903490753,0.5805816567701331,0.9950132003520094,0.9512172738035518,0.8870636550308009,0.23148148148148148,1.0,0.8870636550308009,6048,0.04415584415584417,0.9558441558441558,0.04415584415584417
yeast,GSI_MLC_PA_MLP,0.35,1,Operating Point,,0.09999999091379634,1172,,0.25625920471281294,1.092042842537892,0.8121968121968122,1443,0.3002209131075111,0.7874815905743741,0.5906047560686736,0.34249843032983895,0.1726067746686304,0.6238436974512944,0.9600883652430044,0.9663421277811334,0.7437407952871871,0.2320792079207921,0.9938144329896907,0.7437407952871871,5050,0.15574712643678157,0.8442528735632184,0.15574712643678157
yeast,GSI_MLC_PA_MLP,0.35,2,Operating Point,,0.10393195749598184,939,,0.3098674521354934,0.9377037867831006,0.6471399035148173,1451,0.38351988217967603,0.7863033873343152,0.5980607021844134,0.3459114129715746,0.07172312223858623,0.5376240575551567,0.8580265095729014,0.8835354705267313,0.6901325478645066,0.2003841229193342,0.9752577319587629,0.6901325478645066,4686,0.45817490494296575,0.5418250950570342,0.45817490494296575
yeast,GSI_MLC_PA_MLP,0.35,3,Operating Point,,0.10425205614288315,1022,,0.27510460251046026,1.0208968760742836,0.7400434467776973,1381,0.3539823670053796,0.7936341900777047,0.614574802231706,0.35471531050680166,0.1060968320382546,0.5312846026278029,0.8997310221159593,0.8859999131346045,0.7248953974895398,0.2106782106782107,0.997907949790795,0.7248953974895398,4851,0.3644758283541554,0.6355241716458446,0.3644758283541554
yeast,GSI_MLC_PA_MLP,0.35,4,Operating Point,,0.102975554223963,1248,,0.22569650266745703,1.1374531407752075,0.8807339449541285,1417,0.3310240071132187,0.7900118553645524,0.5988706314432455,0.3480646033730614,0.14997036158861887,0.583005224374028,0.9399822169531713,0.9310698277470895,0.774303497332543,0.23885167464114831,1.0,0.774303497332543,5225,0.2659225213394616,0.7340774786605384,0.2659225213394616
yeast,GSI_MLC_PA_MLP,0.35,5,Operating Point,,0.10203978292367313,1209,,0.1806981519507187,1.0290422709493399,0.8430962343096234,1434,0.33149017307128187,0.7896743913171018,0.6058873934643956,0.37063561703341874,0.16559108242886478,0.5532551621706642,0.9552654737459666,0.9238907792040829,0.8193018480492813,0.21643394199785176,1.0,0.8193018480492813,5586,0.24756493506493504,0.752435064935065,0.24756493506493504
yeast,GSI_MLC_PA_MLP,0.40,1,Operating Point,,0.09999999091379634,6,,0.9658321060382916,0.12169331134848378,0.004158004158004158,1443,0.6415022091310751,0.7874815905743741,0.5906047560686736,0.34249843032983895,-0.4153166421207658,0.14596505111499997,0.37216494845360826,0.4884634814448389,0.03416789396170839,0.02586206896551724,0.47835051546391755,0.03416789396170839,232,0.6500457456541628,0.34995425434583716,0.6500457456541628
yeast,GSI_MLC_PA_MLP,0.40,2,Operating Point,,0.10393195749598184,7,,0.9528718703976435,0.10236474844934527,0.004824259131633356,1451,0.6466863033873343,0.7863033873343152,0.5980607021844134,0.3459114129715746,-0.4141384388807069,0.14310604657067794,0.37216494845360826,0.48901745954225256,0.047128129602356406,0.021875,0.6597938144329897,0.047128129602356406,320,0.658887171561051,0.34111282843894897,0.658887171561051
yeast,GSI_MLC_PA_MLP,0.40,3,Operating Point,,0.10425205614288315,33,,0.9194560669456067,0.29667942484741905,0.02389572773352643,1381,0.590794979079498,0.7936341900777047,0.614574802231706,0.35471531050680166,-0.3522115959354454,0.1707648617275777,0.4414225941422594,0.5254801722343794,0.08054393305439331,0.061224489795918366,0.8158995815899581,0.08054393305439331,539,0.6075085324232082,0.39249146757679176,0.6075085324232082
yeast,GSI_MLC_PA_MLP,0.40,4,Operating Point,,0.102975554223963,38,,0.9270895080023711,0.36781015657721855,0.026817219477769938,1417,0.589922940130409,0.7900118553645524,0.5988706314432455,0.3480646033730614,-0.3507705986959099,0.1940980508663283,0.43924125666864255,0.5421626542393897,0.07291049199762893,0.07723577235772358,0.7717842323651453,0.07291049199762893,492,0.6048593350383632,0.3951406649616368,0.6048593350383632
yeast,GSI_MLC_PA_MLP,0.40,5,Operating Point,,0.10203978292367313,34,,0.9150777354062775,0.2791953615982926,0.023709902370990237,1434,0.5985039601056029,0.7896743913171018,0.6058873934643956,0.37063561703341874,-0.3542094455852156,0.14020414265202175,0.4354649457318862,0.5108397596854405,0.0849222645937225,0.05872193436960276,0.8747433264887063,0.0849222645937225,579,0.6169257893893252,0.3830742106106748,0.6169257893893252
yeast,GSI_MLC_PA_MLP,0.50,1,Operating Point,,0.09999999091379634,6,,0.9658321060382916,0.12169331134848378,0.004158004158004158,1443,0.644918998527246,0.7874815905743741,0.5906047560686736,0.34249843032983895,-0.4153166421207658,0.14596505111499997,0.37216494845360826,0.4884634814448389,0.03416789396170839,0.02586206896551724,0.47835051546391755,0.03416789396170839,232,0.6500457456541628,0.34995425434583716,0.6500457456541628
yeast,GSI_MLC_PA_MLP,0.50,2,Operating Point,,0.10393195749598184,7,,0.9528718703976435,0.10236474844934527,0.004824259131633356,1451,0.65139911634757,0.7863033873343152,0.5980607021844134,0.3459114129715746,-0.4141384388807069,0.14310604657067794,0.37216494845360826,0.48901745954225256,0.047128129602356406,0.021875,0.6597938144329897,0.047128129602356406,320,0.658887171561051,0.34111282843894897,0.658887171561051
yeast,GSI_MLC_PA_MLP,0.50,3,Operating Point,,0.10425205614288315,3,,0.9768380155409444,0.09378897946789377,0.002172338884866039,1381,0.6356096832038255,0.7936341900777047,0.614574802231706,0.35471531050680166,-0.41766288105200244,0.11457738448746885,0.3759713090257023,0.4692926949942705,0.02316198445905559,0.01935483870967742,0.32426778242677823,0.02316198445905559,155,0.6388251491509866,0.36117485084901335,0.6388251491509866
yeast,GSI_MLC_PA_MLP,0.50,4,Operating Point,,0.102975554223963,5,,0.9788085358624777,0.1665095666507099,0.0035285815102328866,1417,0.6370035566093657,0.7900118553645524,0.5988706314432455,0.3480646033730614,-0.41641967990515705,0.13570336514245013,0.3735921754593954,0.4837679685155115,0.02119146413752223,0.03496503496503497,0.2966804979253112,0.02119146413752223,143,0.6399697199091597,0.36003028009084026,0.6399697199091597
yeast,GSI_MLC_PA_MLP,0.50,5,Operating Point,,0.10203978292367313,2,,0.9765327075388677,0.05943165969316597,0.001394700139470014,1434,0.6421237899677325,0.7896743913171018,0.6058873934643956,0.37063561703341874,-0.4200645350542681,0.08145970534686492,0.3696098562628337,0.45209532238028366,0.023467292461132296,0.0125,0.32854209445585214,0.023467292461132296,160,0.6455392009612496,0.3544607990387504,0.6455392009612496
yeast,MLC_PA_SVM,0.20,1,Operating Point,,0.09946884450923119,993,,0.5310751104565538,1.559359296482412,0.7312223858615611,1358,0.14754050073637703,0.8,0.6003921279179011,0.3245912961869378,0.14624447717231215,0.32599184418194005,0.9462444771723122,0.6505831403688779,0.46892488954344624,0.3118718592964824,1.0,0.46892488954344624,3184,0.10122018857459791,0.8987798114254021,0.10122018857459791
yeast,MLC_PA_SVM,0.20,2,Operating Point,,0.09790875068193047,994,,0.5318114874815906,1.5496908314830675,0.7255474452554744,1370,0.14901325478645067,0.7982326951399117,0.6017391772030948,0.3262694215574274,0.1463917525773195,0.3289294874033409,0.9446244477172312,0.6551989089607683,0.4681885125184094,0.3126769424347279,1.0,0.4681885125184094,3179,0.10412628080864028,0.8958737191913597,0.10412628080864028
yeast,MLC_PA_SVM,0.20,3,Operating Point,,0.09828104481856424,970,,0.5277943813508668,1.5479953831331736,0.7309721175584024,1327,0.14778840406455468,0.8017035265989241,0.6066725812541712,0.32755703666674346,0.1449491930663479,0.3321618796430606,0.946652719665272,0.6597189163098041,0.4722056186491333,0.3069620253164557,1.0,0.4722056186491333,3160,0.10107587768969428,0.8989241223103057,0.10107587768969428
yeast,MLC_PA_SVM,0.20,4,Operating Point,,0.10166425208752276,974,,0.532009484291642,1.5416583397837356,0.7214814814814815,1350,0.14931831653823358,0.7999407231772377,0.6037527018854819,0.3251970254060056,0.1443390634262003,0.32423901152116086,0.944279786603438,0.6494360369271664,0.46799051570835803,0.3084230525649145,1.0,0.46799051570835803,3158,0.10473537604456828,0.8952646239554317,0.10473537604456828
yeast,MLC_PA_SVM,0.20,5,Operating Point,,0.09820025761514938,1018,,0.513493693165151,1.5499780033274155,0.7540740740740741,1350,0.1459958932238193,0.8019947198591962,0.597150009470338,0.32637148296031065,0.14931064828395424,0.34586040289274306,0.9513053681431505,0.6722318858530537,0.4865063068348489,0.30690382876092853,1.0,0.4865063068348489,3317,0.09483004855755495,0.905169951442445,0.09483004855755495
yeast,MLC_PA_SVM,0.25,1,Operating Point,,0.09946884450923119,765,,0.6695139911634757,1.7045454545454546,0.5633284241531664,1358,0.1699558173784978,0.8,0.6003921279179011,0.3245912961869378,0.11266568483063322,0.23101158764569552,0.9126656848306333,0.5556028838326333,0.3304860088365243,0.3409090909090909,0.9958762886597938,0.3304860088365243,2244,0.13044434667839866,0.8695556533216013,0.13044434667839866
yeast,MLC_PA_SVM,0.25,2,Operating Point,,0.09790875068193047,811,,0.6618556701030928,1.750645362293039,0.591970802919708,1370,0.16686303387334314,0.7982326951399117,0.6017391772030948,0.3262694215574274,0.11944035346097193,0.24332471021503105,0.9176730486008836,0.5695941317724584,0.33814432989690724,0.35322299651567945,1.0,0.33814432989690724,2296,0.1243880729862038,0.8756119270137962,0.1243880729862038
yeast,MLC_PA_SVM,0.25,3,Operating Point,,0.09828104481856424,758,,0.6682606096832038,1.7218734936896205,0.5712132629992465,1327,0.1679617453676031,0.8017035265989241,0.6066725812541712,0.32755703666674346,0.11326957561267181,0.23937429479544686,0.9149731022115959,0.5669313314621903,0.33173939031679617,0.34144144144144145,1.0,0.33173939031679617,2220,0.12723613595706618,0.8727638640429338,0.12723613595706618
yeast,MLC_PA_SVM,0.25,4,Operating Point,,0.10166425208752276,755,,0.6707172495554238,1.6984165083174985,0.5592592592592592,1350,0.1704949614700652,0.7999407231772377,0.6037527018854819,0.3251970254060056,0.11188500296384107,0.24190610210839802,0.9118257261410788,0.5671031275144036,0.32928275044457617,0.3397839783978398,1.0,0.32928275044457617,2222,0.13146266018559438,0.8685373398144056,0.13146266018559438
yeast,MLC_PA_SVM,0.25,5,Operating Point,,0.09820025761514938,810,,0.6586975652684072,1.7579716373012462,0.6,1350,0.1645277207392197,0.8019947198591962,0.597150009470338,0.32637148296031065,0.11880316808448221,0.2690129961166153,0.9207978879436785,0.5953844790769259,0.34130243473159283,0.3480876665234207,0.997946611909651,0.34130243473159283,2327,0.12024048096192386,0.8797595190380761,0.12024048096192386
yeast,MLC_PA_SVM,0.30,1,Operating Point,,0.09946884450923119,576,,0.7749631811487482,1.8848167539267016,0.42415316642120765,1358,0.18268041237113403,0.8,0.6003921279179011,0.3245912961869378,0.08483063328424145,0.16282742026596264,0.8848306332842415,0.48741871645290047,0.22503681885125185,0.3769633507853403,0.9876288659793815,0.22503681885125185,1528,0.14861269479285444,0.8513873052071456,0.14861269479285444
yeast,MLC_PA_SVM,0.30,2,Operating Point,,0.09790875068193047,613,,0.7653902798232695,1.9071897581114456,0.4474452554744526,1370,0.18187039764359353,0.7982326951399117,0.6017391772030948,0.3262694215574274,0.09027982326951389,0.17760560283423749,0.8885125184094256,0.5038750243916649,0.23460972017673049,0.38480853735091025,0.9855670103092784,0.23460972017673049,1593,0.14566095824514136,0.8543390417548586,0.14566095824514136
yeast,MLC_PA_SVM,0.30,3,Operating Point,,0.09828104481856424,570,,0.7763000597728631,1.920162857742614,0.4295403165033911,1327,0.18023012552301254,0.8017035265989241,0.6066725812541712,0.32755703666674346,0.08517632994620439,0.17242662818992432,0.8868798565451285,0.4999836648566678,0.22369994022713688,0.3807615230460922,0.9874476987447699,0.22369994022713688,1497,0.14571703561116456,0.8542829643888354,0.14571703561116456
yeast,MLC_PA_SVM,0.30,4,Operating Point,,0.10166425208752276,548,,0.780823947836396,1.852054190769539,0.4059259259259259,1350,0.18460284528749257,0.7999407231772377,0.6037527018854819,0.3251970254060056,0.08120924718435085,0.17746127107532716,0.8811499703615886,0.5026582964813328,0.21917605216360403,0.3705206220419202,0.983402489626556,0.21917605216360403,1479,0.1522110457392294,0.8477889542607706,0.1522110457392294
yeast,MLC_PA_SVM,0.30,5,Operating Point,,0.09820025761514938,577,,0.7726606042827808,1.8800410991636798,0.4274074074074074,1350,0.18157817541801113,0.8019947198591962,0.597150009470338,0.32637148296031065,0.08462892343795836,0.1760813629602504,0.8866236432971546,0.502452845920561,0.22733939571721912,0.37225806451612903,0.9794661190965093,0.22733939571721912,1550,0.14673500379650717,0.8532649962034928,0.14673500379650717
yeast,MLC_PA_SVM,0.35,1,Operating Point,,0.09946884450923119,420,,0.846980854197349,2.0211742059672764,0.30927835051546393,1358,0.19170103092783505,0.8,0.6003921279179011,0.3245912961869378,0.061855670103092786,0.11920994495687215,0.8618556701030928,0.44380124114381,0.15301914580265097,0.40423484119345526,0.9298969072164949,0.15301914580265097,1039,0.16310206920535553,0.8368979307946445,0.16310206920535553
yeast,MLC_PA_SVM,0.35,2,Operating Point,,0.09790875068193047,468,,0.8396170839469809,2.129939072208481,0.3416058394160584,1370,0.18897643593519883,0.7982326951399117,0.6017391772030948,0.3262694215574274,0.06892488954344622,0.1256977464118434,0.8671575846833579,0.4519671679692708,0.16038291605301916,0.4297520661157025,0.9505154639175257,0.16038291605301916,1089,0.15821785651640063,0.8417821434835994,0.15821785651640063
yeast,MLC_PA_SVM,0.35,3,Operating Point,,0.09828104481856424,410,,0.8519127316198446,2.0863886508341465,0.3089675960813866,1327,0.18885983263598324,0.8017035265989241,0.6066725812541712,0.32755703666674346,0.06126718469814707,0.12098481267806566,0.8629707112970711,0.4485418493448091,0.1480872683801554,0.41372351160444,0.9393305439330544,0.1480872683801554,991,0.16084897386423436,0.8391510261357656,0.16084897386423436
yeast,MLC_PA_SVM,0.35,4,Operating Point,,0.10166425208752276,407,,0.8518079430942501,2.034397037037037,0.30148148148148146,1350,0.19161232957913457,0.7999407231772377,0.6037527018854819,0.3251970254060056,0.0603141671606402,0.1271667569174308,0.8602548903378779,0.4523637823234364,0.14819205690574985,0.407,0.9336099585062241,0.14819205690574985,1000,0.16405706332637437,0.8359429366736256,0.16405706332637437
yeast,MLC_PA_SVM,0.35,5,Operating Point,,0.09820025761514938,418,,0.8461425638017014,2.0124450093563535,0.30962962962962964,1350,0.19054708125550016,0.8019947198591962,0.597150009470338,0.32637148296031065,0.06130830155470812,0.131687579359048,0.8633030214139044,0.45805906231935867,0.1538574361982986,0.3984747378455672,0.9383983572895277,0.1538574361982986,1049,0.16155312879181838,0.8384468712081816,0.16155312879181838
yeast,MLC_PA_SVM,0.40,1,Operating Point,,0.09946884450923119,294,,0.8992636229749632,2.1491228070175437,0.21649484536082475,1358,0.19699558173784976,0.8,0.6003921279179011,0.3245912961869378,0.043298969072164906,0.08448796824683852,0.843298969072165,0.40907926443377635,0.10073637702503682,0.4298245614035088,0.8103092783505155,0.10073637702503682,684,0.1742548313134622,0.8257451686865378,0.1742548313134622
yeast,MLC_PA_SVM,0.40,2,Operating Point,,0.09790875068193047,316,,0.8985272459499264,2.2730922843854944,0.23065693430656933,1370,0.19581737849779085,0.7982326951399117,0.6017391772030948,0.3262694215574274,0.0465390279823269,0.08093494490327452,0.8447717231222386,0.4072043664607019,0.10147275405007364,0.45863570391872277,0.8164948453608247,0.10147275405007364,689,0.17275856416980817,0.8272414358301918,0.17275856416980817
yeast,MLC_PA_SVM,0.40,3,Operating Point,,0.09828104481856424,271,,0.9046622833233712,2.14206981595179,0.20422004521477016,1327,0.19593544530783022,0.8017035265989241,0.6066725812541712,0.32755703666674346,0.04049611476389714,0.0775127180457838,0.8421996413628212,0.40506975471252726,0.09533771667662881,0.42476489028213166,0.797071129707113,0.09533771667662881,638,0.17443012884043607,0.8255698711595639,0.17443012884043607
yeast,MLC_PA_SVM,0.40,4,Operating Point,,0.10166425208752276,279,,0.9041197391819799,2.1554662545079855,0.20666666666666667,1350,0.19706579727326612,0.7999407231772377,0.6037527018854819,0.3251970254060056,0.04134558387670417,0.08537274422164337,0.8412863070539419,0.41056976962764896,0.09588026081802016,0.4312210200927357,0.8070539419087137,0.09588026081802016,647,0.17554499262416,0.82445500737584,0.17554499262416
yeast,MLC_PA_SVM,0.40,5,Operating Point,,0.09820025761514938,293,,0.9020240539747727,2.2152073630516744,0.21703703703703703,1350,0.19422117923144613,0.8019947198591962,0.597150009470338,0.32637148296031065,0.04297447931944853,0.08327265311289961,0.8449691991786448,0.40964413607321026,0.09797594602522734,0.43862275449101795,0.8254620123203286,0.09797594602522734,668,0.171869918699187,0.828130081300813,0.171869918699187
yeast,MLC_PA_SVM,0.50,1,Operating Point,,0.09946884450923119,0,,1.0,,0.0,1358,0.2,0.8,0.6003921279179011,0.3245912961869378,0.0,0.0,0.8,0.3245912961869378,0.0,,0.0,0.0,0,0.19999999999999996,0.8,0.19999999999999996
yeast,MLC_PA_SVM,0.50,2,Operating Point,,0.09790875068193047,0,,1.0,,0.0,1370,0.20176730486008837,0.7982326951399117,0.6017391772030948,0.3262694215574274,0.0,0.0,0.7982326951399117,0.3262694215574274,0.0,,0.0,0.0,0,0.20176730486008831,0.7982326951399117,0.20176730486008831
yeast,MLC_PA_SVM,0.50,3,Operating Point,,0.09828104481856424,0,,1.0,,0.0,1327,0.19829647340107592,0.8017035265989241,0.6066725812541712,0.32755703666674346,0.0,0.0,0.8017035265989241,0.32755703666674346,0.0,,0.0,0.0,0,0.19829647340107592,0.8017035265989241,0.19829647340107592
yeast,MLC_PA_SVM,0.50,4,Operating Point,,0.10166425208752276,0,,1.0,,0.0,1350,0.2000592768227623,0.7999407231772377,0.6037527018854819,0.3251970254060056,0.0,0.0,0.7999407231772377,0.3251970254060056,0.0,,0.0,0.0,0,0.20005927682276226,0.7999407231772377,0.20005927682276226
yeast,MLC_PA_SVM,0.50,5,Operating Point,,0.09820025761514938,0,,1.0,,0.0,1350,0.19800528014080376,0.8019947198591962,0.597150009470338,0.32637148296031065,0.0,0.0,0.8019947198591962,0.32637148296031065,0.0,,0.0,0.0,0,0.19800528014080376,0.8019947198591962,0.19800528014080376
yeast,GSI_MLC_PA_SVM,0.20,1,Operating Point,,0.11136335034464677,1316,,0.13696612665684832,1.104966117623782,0.9536231884057971,1380,0.18291605301914585,0.796759941089838,0.6060602398746728,0.3572979011934926,0.19293078055964652,0.6156031527129221,0.9896907216494846,0.9729010539064147,0.8630338733431517,0.22457337883959044,1.0,0.8630338733431517,5860,0.07526881720430112,0.9247311827956989,0.07526881720430112
yeast,GSI_MLC_PA_SVM,0.20,2,Operating Point,,0.11791244320595876,1307,,0.16362297496318115,1.1307470154979793,0.9457308248914617,1382,0.17832106038291604,0.7964653902798233,0.6219771522864307,0.3596836698482819,0.19248895434462443,0.5846562368126227,0.9889543446244478,0.9443399066609046,0.8363770250368189,0.23014615249163586,1.0,0.8363770250368189,5679,0.0675067506750675,0.9324932493249325,0.0675067506750675
yeast,GSI_MLC_PA_SVM,0.20,3,Operating Point,,0.10836386465332416,1286,,0.1424088463837418,1.1140780463277897,0.9554234769687965,1346,0.18033472803347284,0.7988643156007172,0.6277714614534698,0.3491903512843018,0.1923191870890616,0.5799908383364862,0.9911835026897788,0.929181189620788,0.8575911536162583,0.2240808503223558,1.0,0.8575911536162583,5739,0.06190975865687298,0.938090241343127,0.06190975865687298
yeast,GSI_MLC_PA_SVM,0.20,4,Operating Point,,0.11036444349564883,1332,,0.13811499703615887,1.112634840657039,0.958963282937365,1389,0.18082394783639602,0.7941612329579135,0.6083362810541233,0.3588444363764612,0.19739181979845877,0.5908083955462238,0.9915530527563723,0.9496528319226849,0.8618850029638412,0.22902338376891335,1.0,0.8618850029638412,5816,0.06115879828326176,0.9388412017167382,0.06115879828326176
yeast,GSI_MLC_PA_SVM,0.20,5,Operating Point,,0.10519203756349917,1322,,0.12628336755646818,1.1028253503852439,0.9635568513119533,1372,0.1841302434731593,0.7987679671457906,0.6205658475679009,0.36896008479152037,0.1918451158697565,0.5606557726009824,0.9906130830155471,0.9296158573925029,0.8737166324435318,0.22192378714117844,1.0,0.8737166324435318,5957,0.07433217189314756,0.9256678281068524,0.07433217189314756
yeast,GSI_MLC_PA_SVM,0.25,1,Operating Point,,0.11136335034464677,1316,,0.13696612665684832,1.104966117623782,0.9536231884057971,1380,0.2260677466863034,0.796759941089838,0.6060602398746728,0.3572979011934926,0.19293078055964652,0.6156031527129221,0.9896907216494846,0.9729010539064147,0.8630338733431517,0.22457337883959044,1.0,0.8630338733431517,5860,0.07526881720430112,0.9247311827956989,0.07526881720430112
yeast,GSI_MLC_PA_SVM,0.25,2,Operating Point,,0.11791244320595876,1307,,0.16362297496318115,1.1307470154979793,0.9457308248914617,1382,0.220139911634757,0.7964653902798233,0.6219771522864307,0.3596836698482819,0.19248895434462443,0.5846562368126227,0.9889543446244478,0.9443399066609046,0.8363770250368189,0.23014615249163586,1.0,0.8363770250368189,5679,0.0675067506750675,0.9324932493249325,0.0675067506750675
yeast,GSI_MLC_PA_SVM,0.25,3,Operating Point,,0.10836386465332416,1286,,0.1424088463837418,1.1140780463277897,0.9554234769687965,1346,0.22321428571428573,0.7988643156007172,0.6277714614534698,0.3491903512843018,0.1923191870890616,0.5799908383364862,0.9911835026897788,0.929181189620788,0.8575911536162583,0.2240808503223558,1.0,0.8575911536162583,5739,0.06190975865687298,0.938090241343127,0.06190975865687298
yeast,GSI_MLC_PA_SVM,0.25,4,Operating Point,,0.11036444349564883,1332,,0.13811499703615887,1.112634840657039,0.958963282937365,1389,0.22391819798458804,0.7941612329579135,0.6083362810541233,0.3588444363764612,0.19739181979845877,0.5908083955462238,0.9915530527563723,0.9496528319226849,0.8618850029638412,0.22902338376891335,1.0,0.8618850029638412,5816,0.06115879828326176,0.9388412017167382,0.06115879828326176
yeast,GSI_MLC_PA_SVM,0.25,5,Operating Point,,0.10519203756349917,1322,,0.12628336755646818,1.1028253503852439,0.9635568513119533,1372,0.22781607509533588,0.7987679671457906,0.6205658475679009,0.36896008479152037,0.1918451158697565,0.5606557726009824,0.9906130830155471,0.9296158573925029,0.8737166324435318,0.22192378714117844,1.0,0.8737166324435318,5957,0.07433217189314756,0.9256678281068524,0.07433217189314756
yeast,GSI_MLC_PA_SVM,0.30,1,Operating Point,,0.11136335034464677,1316,,0.13696612665684832,1.104966117623782,0.9536231884057971,1380,0.26921944035346096,0.796759941089838,0.6060602398746728,0.3572979011934926,0.19293078055964652,0.6156031527129221,0.9896907216494846,0.9729010539064147,0.8630338733431517,0.22457337883959044,1.0,0.8630338733431517,5860,0.07526881720430112,0.9247311827956989,0.07526881720430112
yeast,GSI_MLC_PA_SVM,0.30,2,Operating Point,,0.11791244320595876,1307,,0.16362297496318115,1.1307470154979793,0.9457308248914617,1382,0.2619587628865979,0.7964653902798233,0.6219771522864307,0.3596836698482819,0.19248895434462443,0.5846562368126227,0.9889543446244478,0.9443399066609046,0.8363770250368189,0.23014615249163586,1.0,0.8363770250368189,5679,0.0675067506750675,0.9324932493249325,0.0675067506750675
yeast,GSI_MLC_PA_SVM,0.30,3,Operating Point,,0.10836386465332416,1286,,0.1424088463837418,1.1140780463277897,0.9554234769687965,1346,0.2660938433950986,0.7988643156007172,0.6277714614534698,0.3491903512843018,0.1923191870890616,0.5799908383364862,0.9911835026897788,0.929181189620788,0.8575911536162583,0.2240808503223558,1.0,0.8575911536162583,5739,0.06190975865687298,0.938090241343127,0.06190975865687298
yeast,GSI_MLC_PA_SVM,0.30,4,Operating Point,,0.11036444349564883,1332,,0.13811499703615887,1.112634840657039,0.958963282937365,1389,0.2670124481327801,0.7941612329579135,0.6083362810541233,0.3588444363764612,0.19739181979845877,0.5908083955462238,0.9915530527563723,0.9496528319226849,0.8618850029638412,0.22902338376891335,1.0,0.8618850029638412,5816,0.06115879828326176,0.9388412017167382,0.06115879828326176
yeast,GSI_MLC_PA_SVM,0.30,5,Operating Point,,0.10519203756349917,1322,,0.12628336755646818,1.1028253503852439,0.9635568513119533,1372,0.27150190671751245,0.7987679671457906,0.6205658475679009,0.36896008479152037,0.1918451158697565,0.5606557726009824,0.9906130830155471,0.9296158573925029,0.8737166324435318,0.22192378714117844,1.0,0.8737166324435318,5957,0.07433217189314756,0.9256678281068524,0.07433217189314756
yeast,GSI_MLC_PA_SVM,0.35,1,Operating Point,,0.11136335034464677,741,,0.4836524300441826,1.039912944269451,0.5369565217391304,1380,0.3891163475699557,0.796759941089838,0.6060602398746728,0.3572979011934926,-0.005154639175257825,0.4608671310406932,0.7916053019145802,0.8181650322341858,0.5163475699558174,0.21135196805476325,1.0,0.5163475699558174,3506,0.4308769792935445,0.5691230207064555,0.4308769792935445
yeast,GSI_MLC_PA_SVM,0.35,2,Operating Point,,0.11791244320595876,763,,0.43681885125184094,0.9803211796620023,0.5520984081041969,1382,0.3613254786450662,0.7964653902798233,0.6219771522864307,0.3596836698482819,0.0393225331369661,0.47522683073926714,0.8357879234167894,0.834910500587549,0.563181148748159,0.19952928870292888,1.0,0.563181148748159,3824,0.3759271746459878,0.6240728253540122,0.3759271746459878
yeast,GSI_MLC_PA_SVM,0.35,3,Operating Point,,0.10836386465332416,686,,0.557083084279737,1.1506858929241035,0.5096582466567607,1346,0.4171249252839211,0.7988643156007172,0.6277714614534698,0.3491903512843018,-0.06096832038254629,0.376123372629627,0.737895995218171,0.7253137239139288,0.442916915720263,0.23144399460188933,1.0,0.442916915720263,2964,0.47049356223175964,0.5295064377682404,0.47049356223175964
yeast,GSI_MLC_PA_SVM,0.35,4,Operating Point,,0.11036444349564883,648,,0.5463841138114996,1.0284531304793885,0.46652267818574517,1389,0.40239330171902776,0.7941612329579135,0.6083362810541233,0.3588444363764612,-0.0377889745109663,0.4162600926372349,0.7563722584469472,0.7751045290136961,0.4536158861885003,0.21169552433845149,1.0,0.4536158861885003,3061,0.4458909682668837,0.5541090317331163,0.4458909682668837
yeast,GSI_MLC_PA_SVM,0.35,5,Operating Point,,0.10519203756349917,783,,0.4731592842475799,1.0832490568610518,0.5706997084548106,1372,0.4564681724845996,0.7987679671457906,0.6205658475679009,0.36896008479152037,-0.07084188911704314,0.35041623247081394,0.7279260780287474,0.7193763172623343,0.5268407157524201,0.21798440979955458,1.0,0.5268407157524201,3592,0.5750154990700558,0.4249845009299442,0.5750154990700558
yeast,GSI_MLC_PA_SVM,0.40,1,Operating Point,,0.11136335034464677,133,,0.8674521354933726,0.727109500805153,0.0963768115942029,1380,0.5698085419734904,0.796759941089838,0.6060602398746728,0.3572979011934926,-0.3135493372606776,0.21910526695076848,0.4832106038291605,0.5764031681442611,0.1325478645066274,0.14777777777777779,0.9711340206185567,0.1325478645066274,900,0.5957555178268251,0.4042444821731749,0.5957555178268251
yeast,GSI_MLC_PA_SVM,0.40,2,Operating Point,,0.11791244320595876,75,,0.8898379970544918,0.49263061361895105,0.05426917510853835,1382,0.5445066273932253,0.7964653902798233,0.6219771522864307,0.3596836698482819,-0.2969072164948454,0.21072580193157192,0.4995581737849779,0.5704094717798538,0.1101620029455081,0.10026737967914438,0.9360824742268041,0.1101620029455081,748,0.5623965574313141,0.4376034425686859,0.5623965574313141
yeast,GSI_MLC_PA_SVM,0.40,3,Operating Point,,0.10836386465332416,1,,0.9989539748953975,0.7102526002971769,0.0007429420505200594,1346,0.6247459653317393,0.7988643156007172,0.6277714614534698,0.3491903512843018,-0.4231918708906156,0.09510234370996873,0.37567244471010164,0.44429269499427054,0.0010460251046025104,0.14285714285714285,0.014644351464435146,0.0010460251046025104,7,0.624981301421092,0.375018698578908,0.624981301421092
yeast,GSI_MLC_PA_SVM,0.40,4,Operating Point,,0.11036444349564883,45,,0.9371665678719621,0.5156078079791353,0.032397408207343416,1389,0.5891523414344991,0.7941612329579135,0.6083362810541233,0.3588444363764612,-0.35818020154119745,0.1599371519736354,0.43598103141671607,0.5187815883500966,0.06283343212803794,0.10613207547169812,0.8049792531120332,0.06283343212803794,424,0.6018342820999367,0.3981657179000633,0.6018342820999367
yeast,GSI_MLC_PA_SVM,0.40,5,Operating Point,,0.10519203756349917,50,,0.9262246993253154,0.49397492595447723,0.03644314868804665,1372,0.5962452332062189,0.7987679671457906,0.6205658475679009,0.36896008479152037,-0.3655030800821355,0.13909789690337787,0.43326488706365507,0.5080579816948982,0.07377530067468466,0.09940357852882704,0.8788501026694046,0.07377530067468466,503,0.6118764845605701,0.3881235154394299,0.6118764845605701
yeast,GSI_MLC_PA_SVM,0.50,1,Operating Point,,0.11136335034464677,6,,0.9792341678939617,0.2093740363860623,0.004347826086956522,1380,0.6380706921944035,0.796759941089838,0.6060602398746728,0.3572979011934926,-0.42444771723122243,0.1366600857458518,0.3723122238586156,0.4939579869393444,0.02076583210603829,0.0425531914893617,0.2907216494845361,0.02076583210603829,141,0.6409986464129944,0.3590013535870056,0.6409986464129944
yeast,GSI_MLC_PA_SVM,0.50,2,Operating Point,,0.11791244320595876,3,,0.9957290132547865,0.5082588951544489,0.002170767004341534,1382,0.6304123711340206,0.7964653902798233,0.6219771522864307,0.3596836698482819,-0.42474226804123716,0.1055242658844468,0.37172312223858617,0.4652079357327287,0.004270986745213549,0.10344827586206896,0.05979381443298969,0.004270986745213549,29,0.6309717497411625,0.36902825025883745,0.6309717497411625
yeast,GSI_MLC_PA_SVM,0.50,3,Operating Point,,0.10836386465332416,1,,0.9989539748953975,0.7102526002971769,0.0007429420505200594,1346,0.6248505678421996,0.7988643156007172,0.6277714614534698,0.3491903512843018,-0.4231918708906156,0.09510234370996873,0.37567244471010164,0.44429269499427054,0.0010460251046025104,0.14285714285714285,0.014644351464435146,0.0010460251046025104,7,0.624981301421092,0.375018698578908,0.624981301421092
yeast,GSI_MLC_PA_SVM,0.50,4,Operating Point,,0.11036444349564883,3,,0.9931831653823355,0.316837261714715,0.0021598272138228943,1389,0.6301126259632484,0.7941612329579135,0.6083362810541233,0.3588444363764612,-0.42086544161232964,0.10825686547238367,0.3732957913455839,0.46710130184884485,0.006816834617664493,0.06521739130434782,0.0954356846473029,0.006816834617664493,46,0.6310056699492689,0.3689943300507311,0.6310056699492689
yeast,GSI_MLC_PA_SVM,0.50,5,Operating Point,,0.10519203756349917,2,,0.9856262833675564,0.10141607663473552,0.0014577259475218659,1372,0.6375770020533881,0.7987679671457906,0.6205658475679009,0.36896008479152037,-0.42915811088295686,0.08313523758876329,0.3696098562628337,0.45209532238028366,0.014373716632443531,0.02040816326530612,0.20123203285420946,0.014373716632443531,98,0.6395833333333333,0.3604166666666667,0.6395833333333333
genbase,MLC_PA_Logistic,0.20,1,Operating Point,,0.0009745309228838965,4,,0.9961013645224172,146.57142857142858,0.5714285714285714,7,0.0016151489835700365,0.9980506822612085,0.9752953813104189,0.6592592592592593,0.001113895850737956,0.0444444444444444,0.9991645781119465,0.7037037037037037,0.003898635477582846,0.2857142857142857,0.10526315789473684,0.003898635477582846,14,0.0008386916410400014,0.99916130835896,0.0008386916410400014
genbase,MLC_PA_Logistic,0.20,2,Operating Point,,0.0010918586728118492,3,,0.995230078563412,104.82352941176471,0.5,6,0.0017957351290684624,0.9983164983164983,0.9895743145743147,0.6543209876543209,0.0008417508417508657,0.0864197530864198,0.9991582491582491,0.7407407407407407,0.004769921436588103,0.17647058823529413,0.09848484848484848,0.004769921436588103,17,0.0008457851705666597,0.9991542148294333,0.0008457851705666597
genbase,MLC_PA_Logistic,0.20,3,Operating Point,,4.61306107151492e-05,1,,0.9943883277216611,19.8,0.1111111111111111,9,0.003367003367003367,0.9974747474747475,0.9666666666666667,0.6855031173871753,0.0002805836139169182,0.03703703703703709,0.9977553310886644,0.7225401544242124,0.005611672278338945,0.05,0.11363636363636363,0.005611672278338945,20,0.0022573363431150906,0.9977426636568849,0.0022573363431150906
genbase,MLC_PA_Logistic,0.20,4,Operating Point,,7.267208645524376e-05,3,,0.9938271604938271,97.2,0.6,5,0.0017957351290684624,0.9985970819304153,0.9722222222222221,0.7326185834957765,0.0008417508417507547,0.008122157244964234,0.999438832772166,0.7407407407407407,0.006172839506172839,0.13636363636363635,0.12878787878787878,0.006172839506172839,22,0.0005646527385657629,0.9994353472614342,0.0005646527385657629
genbase,MLC_PA_Logistic,0.20,5,Operating Point,,0.001044132879304431,2,,0.9935950988582567,52.04347826086956,0.3333333333333333,6,0.002394876079086605,0.9983291562238931,0.9834586466165413,0.65942634363687,0.000556947925368978,0.03898635477582846,0.998886104149262,0.6984126984126985,0.006404901141743247,0.08695652173913043,0.15037593984962405,0.006404901141743247,23,0.0011210762331838042,0.9988789237668162,0.0011210762331838042
genbase,MLC_PA_Logistic,0.25,1,Operating Point,,0.0009745309228838965,4,,0.9974937343358395,228.0,0.5714285714285714,7,0.0014619883040935672,0.9980506822612085,0.9752953813104189,0.6592592592592593,0.001113895850737956,0.0444444444444444,0.9991645781119465,0.7037037037037037,0.002506265664160401,0.4444444444444444,0.06766917293233082,0.002506265664160401,9,0.0008375209380234727,0.9991624790619765,0.0008375209380234727
genbase,MLC_PA_Logistic,0.25,2,Operating Point,,0.0010918586728118492,3,,0.9957912457912458,118.8,0.5,6,0.001893939393939394,0.9983164983164983,0.9895743145743147,0.6543209876543209,0.0008417508417508657,0.0864197530864198,0.9991582491582491,0.7407407407407407,0.004208754208754209,0.2,0.08333333333333333,0.004208754208754209,15,0.0008453085376162184,0.9991546914623838,0.0008453085376162184
genbase,MLC_PA_Logistic,0.25,3,Operating Point,,4.61306107151492e-05,1,,0.9960718294051627,28.28571428571428,0.1111111111111111,9,0.0032267115600448934,0.9974747474747475,0.9666666666666667,0.6855031173871753,0.0002805836139169182,0.03703703703703709,0.9977553310886644,0.7225401544242124,0.003928170594837262,0.07142857142857142,0.08333333333333333,0.003928170594837262,14,0.0022535211267605826,0.9977464788732394,0.0022535211267605826
genbase,MLC_PA_Logistic,0.25,4,Operating Point,,7.267208645524376e-05,3,,0.9955106621773289,133.64999999999998,0.6,5,0.0016835016835016834,0.9985970819304153,0.9722222222222221,0.7326185834957765,0.0008417508417507547,0.008122157244964234,0.999438832772166,0.7407407407407407,0.004489337822671156,0.1875,0.11363636363636363,0.004489337822671156,16,0.0005636978579481866,0.9994363021420518,0.0005636978579481866
genbase,MLC_PA_Logistic,0.25,5,Operating Point,,0.001044132879304431,2,,0.9958228905597326,79.8,0.3333333333333333,6,0.0021581732108047896,0.9983291562238931,0.9834586466165413,0.65942634363687,0.000556947925368978,0.03898635477582846,0.998886104149262,0.6984126984126985,0.004177109440267335,0.13333333333333333,0.09774436090225563,0.004177109440267335,15,0.0011185682326622093,0.9988814317673378,0.0011185682326622093
genbase,MLC_PA_Logistic,0.30,1,Operating Point,,0.0009745309228838965,2,,0.998886104149262,256.5,0.2857142857142857,7,0.0017265385686438316,0.9980506822612085,0.9752953813104189,0.6592592592592593,0.000556947925369089,0.007407407407407307,0.9986076301865776,0.6666666666666666,0.001113895850737956,0.5,0.03007518796992481,0.001113895850737956,4,0.0013939224979091502,0.9986060775020908,0.0013939224979091502
genbase,MLC_PA_Logistic,0.30,2,Operating Point,,0.0010918586728118492,3,,0.9966329966329966,148.5,0.5,6,0.0018518518518518517,0.9983164983164983,0.9895743145743147,0.6543209876543209,0.0008417508417508657,0.0864197530864198,0.9991582491582491,0.7407407407407407,0.003367003367003367,0.25,0.06818181818181818,0.003367003367003367,12,0.0008445945945946276,0.9991554054054054,0.0008445945945946276
genbase,MLC_PA_Logistic,0.30,3,Operating Point,,4.61306107151492e-05,1,,0.9974747474747475,43.99999999999999,0.1111111111111111,9,0.0030022446689113354,0.9974747474747475,0.9666666666666667,0.6855031173871753,0.0002805836139169182,0.03703703703703709,0.9977553310886644,0.7225401544242124,0.0025252525252525255,0.1111111111111111,0.05303030303030303,0.0025252525252525255,9,0.0022503516174402494,0.9977496483825598,0.0022503516174402494
genbase,MLC_PA_Logistic,0.30,4,Operating Point,,7.267208645524376e-05,3,,0.9974747474747475,237.59999999999997,0.6,5,0.0013187429854096522,0.9985970819304153,0.9722222222222221,0.7326185834957765,0.0008417508417507547,0.008122157244964234,0.999438832772166,0.7407407407407407,0.0025252525252525255,0.3333333333333333,0.06818181818181818,0.0025252525252525255,9,0.0005625879043600346,0.99943741209564,0.0005625879043600346
genbase,MLC_PA_Logistic,0.30,5,Operating Point,,0.001044132879304431,1,,0.9977722082985241,74.8125,0.16666666666666666,6,0.0020607073238652187,0.9983291562238931,0.9834586466165413,0.65942634363687,0.0002784739626845445,0.03703703703703709,0.9986076301865776,0.6964633806739071,0.002227791701475912,0.125,0.05263157894736842,0.002227791701475912,8,0.0013954786491766624,0.9986045213508233,0.0013954786491766624
genbase,MLC_PA_Logistic,0.35,1,Operating Point,,0.0009745309228838965,2,,0.998886104149262,256.5,0.2857142857142857,7,0.0017822333611807297,0.9980506822612085,0.9752953813104189,0.6592592592592593,0.000556947925369089,0.007407407407407307,0.9986076301865776,0.6666666666666666,0.001113895850737956,0.5,0.03007518796992481,0.001113895850737956,4,0.0013939224979091502,0.9986060775020908,0.0013939224979091502
genbase,MLC_PA_Logistic,0.35,2,Operating Point,,0.0010918586728118492,3,,0.9969135802469136,162.0,0.5,6,0.0019219977553310886,0.9983164983164983,0.9895743145743147,0.6543209876543209,0.0008417508417508657,0.0864197530864198,0.9991582491582491,0.7407407407407407,0.0030864197530864196,0.2727272727272727,0.06818181818181818,0.0030864197530864196,11,0.0008443568815086344,0.9991556431184914,0.0008443568815086344
genbase,MLC_PA_Logistic,0.35,3,Operating Point,,4.61306107151492e-05,0,,0.9985970819304153,0.0,0.0,9,0.003016273849607183,0.9974747474747475,0.9666666666666667,0.6855031173871753,0.0,0.0,0.9974747474747475,0.6855031173871753,0.0014029180695847362,0.0,0.03787878787878788,0.0014029180695847362,5,0.0025288002247821906,0.9974711997752178,0.0025288002247821906
genbase,MLC_PA_Logistic,0.35,4,Operating Point,,7.267208645524376e-05,3,,0.9983164983164983,356.4,0.6,5,0.0011503928170594835,0.9985970819304153,0.9722222222222221,0.7326185834957765,0.0008417508417507547,0.008122157244964234,0.999438832772166,0.7407407407407407,0.0016835016835016834,0.5,0.045454545454545456,0.0016835016835016834,6,0.0005621135469364713,0.9994378864530635,0.0005621135469364713
genbase,MLC_PA_Logistic,0.35,5,Operating Point,,0.001044132879304431,1,,0.9977722082985241,74.8125,0.16666666666666666,6,0.002172096908939014,0.9983291562238931,0.9834586466165413,0.65942634363687,0.0002784739626845445,0.03703703703703709,0.9986076301865776,0.6964633806739071,0.002227791701475912,0.125,0.05263157894736842,0.002227791701475912,8,0.0013954786491766624,0.9986045213508233,0.0013954786491766624
genbase,MLC_PA_Logistic,0.40,1,Operating Point,,0.0009745309228838965,2,,0.9991645781119465,342.0,0.2857142857142857,7,0.0017265385686438318,0.9980506822612085,0.9752953813104189,0.6592592592592593,0.000556947925369089,0.007407407407407307,0.9986076301865776,0.6666666666666666,0.000835421888053467,0.6666666666666666,0.022556390977443608,0.000835421888053467,3,0.001393534002229635,0.9986064659977704,0.001393534002229635
genbase,MLC_PA_Logistic,0.40,2,Operating Point,,0.0010918586728118492,2,,0.9980359147025814,169.7142857142857,0.3333333333333333,6,0.0019079685746352412,0.9983164983164983,0.9895743145743147,0.6543209876543209,0.0005611672278339475,0.049382716049382824,0.9988776655443322,0.7037037037037037,0.001964085297418631,0.2857142857142857,0.05303030303030303,0.001964085297418631,7,0.0011245431543435158,0.9988754568456565,0.0011245431543435158
genbase,MLC_PA_Logistic,0.40,3,Operating Point,,4.61306107151492e-05,0,,0.9988776655443322,0.0,0.0,9,0.0029741863075196415,0.9974747474747475,0.9666666666666667,0.6855031173871753,0.0,0.0,0.9974747474747475,0.6855031173871753,0.001122334455667789,0.0,0.030303030303030304,0.001122334455667789,4,0.0025280898876404168,0.9974719101123596,0.0025280898876404168
genbase,MLC_PA_Logistic,0.40,4,Operating Point,,7.267208645524376e-05,1,,0.999438832772166,356.4,0.2,5,0.0013468013468013467,0.9985970819304153,0.9722222222222221,0.7326185834957765,0.0002805836139169182,0.0019493177387914784,0.9988776655443322,0.7345679012345679,0.0005611672278338945,0.5,0.015151515151515152,0.0005611672278338945,2,0.001122964626614209,0.9988770353733858,0.001122964626614209
genbase,MLC_PA_Logistic,0.40,5,Operating Point,,0.001044132879304431,1,,0.9991645781119465,199.5,0.16666666666666666,6,0.0017265385686438316,0.9983291562238931,0.9834586466165413,0.65942634363687,0.0002784739626845445,0.03703703703703709,0.9986076301865776,0.6964633806739071,0.000835421888053467,0.3333333333333333,0.022556390977443608,0.000835421888053467,3,0.001393534002229635,0.9986064659977704,0.001393534002229635
genbase,MLC_PA_Logistic,0.50,1,Operating Point,,0.0009745309228838965,0,,1.0,,0.0,7,0.001949317738791423,0.9980506822612085,0.9752953813104189,0.6592592592592593,0.0,0.0,0.9980506822612085,0.6592592592592593,0.0,,0.0,0.0,0,0.0019493177387914784,0.9980506822612085,0.0019493177387914784
genbase,MLC_PA_Logistic,0.50,2,Operating Point,,0.0010918586728118492,0,,1.0,,0.0,6,0.0016835016835016834,0.9983164983164983,0.9895743145743147,0.6543209876543209,0.0,0.0,0.9983164983164983,0.6543209876543209,0.0,,0.0,0.0,0,0.0016835016835017313,0.9983164983164983,0.0016835016835017313
genbase,MLC_PA_Logistic,0.50,3,Operating Point,,4.61306107151492e-05,0,,1.0,,0.0,9,0.0025252525252525255,0.9974747474747475,0.9666666666666667,0.6855031173871753,0.0,0.0,0.9974747474747475,0.6855031173871753,0.0,,0.0,0.0,0,0.002525252525252486,0.9974747474747475,0.002525252525252486
genbase,MLC_PA_Logistic,0.50,4,Operating Point,,7.267208645524376e-05,0,,1.0,,0.0,5,0.0014029180695847362,0.9985970819304153,0.9722222222222221,0.7326185834957765,0.0,0.0,0.9985970819304153,0.7326185834957765,0.0,,0.0,0.0,0,0.0014029180695847021,0.9985970819304153,0.0014029180695847021
genbase,MLC_PA_Logistic,0.50,5,Operating Point,,0.001044132879304431,0,,1.0,,0.0,6,0.001670843776106934,0.9983291562238931,0.9834586466165413,0.65942634363687,0.0,0.0,0.9983291562238931,0.65942634363687,0.0,,0.0,0.0,0,0.001670843776106934,0.9983291562238931,0.001670843776106934
genbase,MLC_PA_MLP,0.20,1,Operating Point,,0.00437442095582044,93,,0.9593428014480646,16.8192485898469,0.6838235294117647,136,0.02010582010582011,0.9621275410749095,0.22556390977443608,0.034722222222222224,0.02589807852965742,0.3107532899199566,0.9880256196045669,0.3454755121421788,0.04065719855193539,0.636986301369863,0.9172932330827067,0.04065719855193539,146,0.012481857764876647,0.9875181422351234,0.012481857764876647
genbase,MLC_PA_MLP,0.20,2,Operating Point,,0.00506905259437609,86,,0.9607182940516273,16.217142857142857,0.6370370370370371,135,0.02160493827160494,0.9621212121212122,0.2398989898989899,0.04273504273504274,0.02413019079685741,0.28935851729969375,0.9862514029180696,0.3320935600347365,0.03928170594837262,0.6142857142857143,0.8712121212121212,0.03928170594837262,140,0.014310747663551449,0.9856892523364486,0.014310747663551449
genbase,MLC_PA_MLP,0.20,3,Operating Point,,0.0042960693238418834,88,,0.9595959595959596,16.62595419847328,0.6717557251908397,131,0.020145903479236817,0.9632435465768799,0.25,0.03594771241830065,0.024691358024691357,0.3150349966289246,0.9879349046015713,0.3509827090472252,0.04040404040404041,0.6111111111111112,0.9090909090909091,0.04040404040404041,144,0.01257309941520468,0.9874269005847953,0.01257309941520468
genbase,MLC_PA_MLP,0.20,4,Operating Point,,0.004002772701994865,85,,0.9607182940516273,15.910714285714285,0.625,136,0.022166105499438836,0.9618406285072951,0.22727272727272727,0.034722222222222224,0.023849607182940602,0.28838440970793916,0.9856902356902357,0.32310663193016137,0.03928170594837262,0.6071428571428571,0.8787878787878788,0.03928170594837262,140,0.014894859813084138,0.9851051401869159,0.014894859813084138
genbase,MLC_PA_MLP,0.20,5,Operating Point,,0.004551008044615557,86,,0.960735171261487,16.224113475177308,0.6370370370370371,135,0.021498189919242558,0.9624060150375939,0.23057644110275688,0.04145622895622896,0.023948760790866164,0.283315633359493,0.9863547758284601,0.32477186231572197,0.03926482873851295,0.6099290780141844,0.8947368421052632,0.03926482873851295,141,0.014202898550724652,0.9857971014492753,0.014202898550724652
genbase,MLC_PA_MLP,0.25,1,Operating Point,,0.00437442095582044,69,,0.9699248120300752,16.86948529411765,0.5073529411764706,136,0.026176552492341965,0.9621275410749095,0.22556390977443608,0.034722222222222224,0.019214703425229684,0.2297323903805385,0.9813422445001392,0.2644546126027607,0.03007518796992481,0.6388888888888888,0.7744360902255639,0.03007518796992481,108,0.019236290554120017,0.98076370944588,0.019236290554120017
genbase,MLC_PA_MLP,0.25,2,Operating Point,,0.00506905259437609,57,,0.9747474747474747,16.72,0.4222222222222222,135,0.0281986531986532,0.9621212121212122,0.2398989898989899,0.04273504273504274,0.015993265993266004,0.20932942527145426,0.9781144781144782,0.252064468006497,0.025252525252525252,0.6333333333333333,0.6590909090909091,0.025252525252525252,90,0.022452504317789335,0.9775474956822107,0.022452504317789335
genbase,MLC_PA_MLP,0.25,3,Operating Point,,0.0042960693238418834,68,,0.9708193041526375,17.78860833822666,0.5190839694656488,131,0.024971941638608306,0.9632435465768799,0.25,0.03594771241830065,0.019079685746352437,0.24581846379231997,0.9823232323232324,0.2817661762106206,0.029180695847362513,0.6538461538461539,0.7575757575757576,0.029180695847362513,104,0.01820809248554911,0.9817919075144509,0.01820809248554911
genbase,MLC_PA_MLP,0.25,4,Operating Point,,0.004002772701994865,69,,0.9705387205387206,17.221008403361342,0.5073529411764706,136,0.02616442199775533,0.9618406285072951,0.22727272727272727,0.034722222222222224,0.019360269360269355,0.232257559491859,0.9812008978675645,0.2669797817140812,0.029461279461279462,0.6571428571428571,0.7727272727272727,0.029461279461279462,105,0.019369760046256124,0.9806302399537439,0.019369760046256124
genbase,MLC_PA_MLP,0.25,5,Operating Point,,0.004551008044615557,67,,0.9704817599554442,16.813207547169814,0.4962962962962963,135,0.02631578947368421,0.9624060150375939,0.23057644110275688,0.04145622895622896,0.018657755499860817,0.22955636613044017,0.9810637705374547,0.27101259508666914,0.029518240044555832,0.6320754716981132,0.7669172932330827,0.029518240044555832,106,0.019512195121951237,0.9804878048780488,0.019512195121951237
genbase,MLC_PA_MLP,0.30,1,Operating Point,,0.00437442095582044,39,,0.9799498746867168,14.302389705882353,0.2867647058823529,136,0.03302701197438039,0.9621275410749095,0.22556390977443608,0.034722222222222224,0.010860484544695126,0.12198659838562927,0.9729880256196046,0.1567088206078515,0.020050125313283207,0.5416666666666666,0.5413533834586466,0.020050125313283207,72,0.027564649048025025,0.972435350951975,0.027564649048025025
genbase,MLC_PA_MLP,0.30,2,Operating Point,,0.00506905259437609,30,,0.9823232323232324,12.571428571428571,0.2222222222222222,135,0.034764309764309755,0.9621212121212122,0.2398989898989899,0.04273504273504274,0.008417508417508435,0.12450695558112435,0.9705387205387206,0.1672419983161671,0.017676767676767676,0.47619047619047616,0.4696969696969697,0.017676767676767676,63,0.029991431019708692,0.9700085689802913,0.029991431019708692
genbase,MLC_PA_MLP,0.30,3,Operating Point,,0.0042960693238418834,38,,0.9797979797979798,14.358778625954196,0.2900763358778626,131,0.03215488215488215,0.9632435465768799,0.25,0.03594771241830065,0.010662177328844002,0.14822359920399136,0.9739057239057239,0.184171311622292,0.020202020202020204,0.5277777777777778,0.5378787878787878,0.020202020202020204,72,0.026632302405498298,0.9733676975945017,0.026632302405498298
genbase,MLC_PA_MLP,0.30,4,Operating Point,,0.004002772701994865,36,,0.9809203142536476,13.873702422145328,0.2647058823529412,136,0.033782267115600444,0.9618406285072951,0.22727272727272727,0.034722222222222224,0.010101010101010166,0.1284921141721908,0.9719416386083053,0.16321433639441305,0.019079685746352413,0.5294117647058824,0.5075757575757576,0.019079685746352413,68,0.028604118993134975,0.971395881006865,0.028604118993134975
genbase,MLC_PA_MLP,0.30,5,Operating Point,,0.004551008044615557,43,,0.9791144527986633,15.250666666666667,0.31851851851851853,135,0.03188526872737398,0.9624060150375939,0.23057644110275688,0.04145622895622896,0.011974380395433082,0.15785166479610924,0.974380395433027,0.1993078937523382,0.020885547201336674,0.5733333333333334,0.5488721804511278,0.020885547201336674,75,0.026166097838452806,0.9738339021615472,0.026166097838452806
genbase,MLC_PA_MLP,0.35,1,Operating Point,,0.00437442095582044,27,,0.9891395154553049,18.27997737556561,0.19852941176470587,136,0.03415483152325258,0.9621275410749095,0.22556390977443608,0.034722222222222224,0.007518796992481258,0.09736953585852794,0.9696463380673908,0.13209175808075016,0.01086048454469507,0.6923076923076923,0.2932330827067669,0.01086048454469507,39,0.030686936936936915,0.9693130630630631,0.030686936936936915
genbase,MLC_PA_MLP,0.35,2,Operating Point,,0.00506905259437609,17,,0.9924242424242424,16.62222222222222,0.1259259259259259,135,0.03576038159371492,0.9621212121212122,0.2398989898989899,0.04273504273504274,0.004769921436588054,0.06819544531962832,0.9668911335578002,0.11093048805467107,0.007575757575757576,0.6296296296296297,0.20454545454545456,0.007575757575757576,27,0.033361605880689815,0.9666383941193102,0.033361605880689815
genbase,MLC_PA_MLP,0.35,3,Operating Point,,0.0042960693238418834,20,,0.98989898989899,15.114503816793892,0.15267175572519084,131,0.03468013468013468,0.9632435465768799,0.25,0.03594771241830065,0.0056116722783389195,0.09107543178301918,0.9688552188552189,0.12702314420131983,0.010101010101010102,0.5555555555555556,0.2727272727272727,0.010101010101010102,36,0.03146258503401356,0.9685374149659864,0.03146258503401356
genbase,MLC_PA_MLP,0.35,4,Operating Point,,0.004002772701994865,23,,0.989337822671156,15.861455108359134,0.16911764705882354,136,0.035437710437710435,0.9618406285072951,0.22727272727272727,0.034722222222222224,0.006453423120089785,0.09146486229819563,0.9682940516273849,0.12618708452041785,0.010662177328843996,0.6052631578947368,0.2878787878787879,0.010662177328843996,38,0.03204764605785593,0.9679523539421441,0.03204764605785593
genbase,MLC_PA_MLP,0.35,5,Operating Point,,0.004551008044615557,25,,0.9894179894179894,17.5,0.18518518518518517,135,0.034335839598997484,0.9624060150375939,0.23057644110275688,0.04145622895622896,0.00696184906711228,0.08394629984596816,0.9693678641047062,0.12540252880219713,0.010582010582010581,0.6578947368421053,0.2857142857142857,0.010582010582010581,38,0.03095975232198145,0.9690402476780186,0.03095975232198145
genbase,MLC_PA_MLP,0.40,1,Operating Point,,0.00437442095582044,19,,0.9944305207463102,25.08419117647059,0.13970588235294118,136,0.03480924533556113,0.9621275410749095,0.22556390977443608,0.034722222222222224,0.005291005291005346,0.067831088664422,0.9674185463659148,0.10255331088664423,0.00556947925368978,0.95,0.15037593984962405,0.00556947925368978,20,0.032763931671800584,0.9672360683281994,0.032763931671800584
genbase,MLC_PA_MLP,0.40,2,Operating Point,,0.00506905259437609,11,,0.9957912457912458,19.360000000000003,0.08148148148148149,135,0.03647586980920315,0.9621212121212122,0.2398989898989899,0.04273504273504274,0.0030864197530864335,0.05043132474602575,0.9652076318742986,0.09316636748106849,0.004208754208754209,0.7333333333333333,0.11363636363636363,0.004208754208754209,15,0.034939419554804174,0.9650605804451958,0.034939419554804174
genbase,MLC_PA_MLP,0.40,3,Operating Point,,0.0042960693238418834,16,,0.9938271604938271,19.786259541984734,0.12213740458015267,131,0.03473625140291807,0.9632435465768799,0.25,0.03594771241830065,0.004489337822671136,0.07773120520349848,0.9677328843995511,0.11367891762179913,0.006172839506172839,0.7272727272727273,0.16666666666666666,0.006172839506172839,22,0.03246753246753242,0.9675324675324676,0.03246753246753242
genbase,MLC_PA_MLP,0.40,4,Operating Point,,0.004002772701994865,14,,0.994668911335578,19.309597523219814,0.10294117647058823,136,0.03636363636363637,0.9618406285072951,0.22727272727272727,0.034722222222222224,0.003928170594837299,0.05854839798607801,0.9657687991021324,0.09327062020830024,0.005331088664421998,0.7368421052631579,0.14393939393939395,0.005331088664421998,19,0.034414668547249616,0.9655853314527504,0.034414668547249616
genbase,MLC_PA_MLP,0.40,5,Operating Point,,0.004551008044615557,12,,0.9958228905597326,21.28,0.08888888888888889,135,0.03592314118629908,0.9624060150375939,0.23057644110275688,0.04145622895622896,0.003341687552213868,0.044913223426295314,0.9657477025898078,0.08636945238252428,0.004177109440267335,0.8,0.11278195488721804,0.004177109440267335,15,0.03439597315436238,0.9656040268456376,0.03439597315436238
genbase,MLC_PA_MLP,0.50,1,Operating Point,,0.00437442095582044,0,,1.0,,0.0,136,0.0378724589250905,0.9621275410749095,0.22556390977443608,0.034722222222222224,0.0,0.0,0.9621275410749095,0.034722222222222224,0.0,,0.0,0.0,0,0.0378724589250905,0.9621275410749095,0.0378724589250905
genbase,MLC_PA_MLP,0.50,2,Operating Point,,0.00506905259437609,0,,1.0,,0.0,135,0.03787878787878788,0.9621212121212122,0.2398989898989899,0.04273504273504274,0.0,0.0,0.9621212121212122,0.04273504273504274,0.0,,0.0,0.0,0,0.037878787878787845,0.9621212121212122,0.037878787878787845
genbase,MLC_PA_MLP,0.50,3,Operating Point,,0.0042960693238418834,0,,1.0,,0.0,131,0.03675645342312009,0.9632435465768799,0.25,0.03594771241830065,0.0,0.0,0.9632435465768799,0.03594771241830065,0.0,,0.0,0.0,0,0.03675645342312006,0.9632435465768799,0.03675645342312006
genbase,MLC_PA_MLP,0.50,4,Operating Point,,0.004002772701994865,0,,1.0,,0.0,136,0.038159371492704826,0.9618406285072951,0.22727272727272727,0.034722222222222224,0.0,0.0,0.9618406285072951,0.034722222222222224,0.0,,0.0,0.0,0,0.038159371492704874,0.9618406285072951,0.038159371492704874
genbase,MLC_PA_MLP,0.50,5,Operating Point,,0.004551008044615557,0,,1.0,,0.0,135,0.03759398496240601,0.9624060150375939,0.23057644110275688,0.04145622895622896,0.0,0.0,0.9624060150375939,0.04145622895622896,0.0,,0.0,0.0,0,0.03759398496240607,0.9624060150375939,0.03759398496240607
genbase,GSI_MLC_PA_Logistic,0.20,1,Operating Point,,0.0009735856760531828,2,,0.999443052074631,513.0,0.2857142857142857,7,0.0009468114731272626,0.9980506822612085,0.9752953813104189,0.6592592592592593,0.001113895850737956,0.0444444444444444,0.9991645781119465,0.7037037037037037,0.000556947925368978,1.0,0.015037593984962405,0.000556947925368978,2,0.0008358874338255662,0.9991641125661744,0.0008358874338255662
genbase,GSI_MLC_PA_Logistic,0.20,2,Operating Point,,0.0010908005460984126,1,,0.9988776655443322,148.49999999999997,0.16666666666666666,6,0.0019079685746352414,0.9983164983164983,0.9895743145743147,0.6543209876543209,0.0,0.03418803418803429,0.9983164983164983,0.6885090218423552,0.001122334455667789,0.25,0.030303030303030304,0.001122334455667789,4,0.0016853932584269815,0.998314606741573,0.0016853932584269815
genbase,GSI_MLC_PA_Logistic,0.20,3,Operating Point,,4.925232074441015e-05,0,,1.0,,0.0,9,0.0025252525252525255,0.9974747474747475,0.9666666666666667,0.6855031173871753,0.0,0.0,0.9974747474747475,0.6855031173871753,0.0,,0.0,0.0,0,0.002525252525252486,0.9974747474747475,0.002525252525252486
genbase,GSI_MLC_PA_Logistic,0.20,4,Operating Point,,0.00010402998874344042,0,,0.9991582491582491,0.0,0.0,5,0.0018518518518518517,0.9985970819304153,0.9722222222222221,0.7326185834957765,-0.00028058361391702924,-0.002849002849002802,0.9983164983164983,0.7297695806467737,0.0008417508417508417,0.0,0.022727272727272728,0.0008417508417508417,3,0.0016849199663016012,0.9983150800336984,0.0016849199663016012
genbase,GSI_MLC_PA_Logistic,0.20,5,Operating Point,,0.001043565316979032,1,,0.9974937343358395,66.5,0.16666666666666666,6,0.0018936229462545252,0.9983291562238931,0.9834586466165413,0.65942634363687,0.0002784739626845445,0.07122507122507116,0.9986076301865776,0.7306514148619412,0.002506265664160401,0.1111111111111111,0.06766917293233082,0.002506265664160401,9,0.0013958682300391212,0.9986041317699609,0.0013958682300391212
genbase,GSI_MLC_PA_Logistic,0.25,1,Operating Point,,0.0009735856760531828,2,,0.999443052074631,513.0,0.2857142857142857,7,0.0009746588693957114,0.9980506822612085,0.9752953813104189,0.6592592592592593,0.001113895850737956,0.0444444444444444,0.9991645781119465,0.7037037037037037,0.000556947925368978,1.0,0.015037593984962405,0.000556947925368978,2,0.0008358874338255662,0.9991641125661744,0.0008358874338255662
genbase,GSI_MLC_PA_Logistic,0.25,2,Operating Point,,0.0010908005460984126,1,,0.9988776655443322,148.49999999999997,0.16666666666666666,6,0.001964085297418631,0.9983164983164983,0.9895743145743147,0.6543209876543209,0.0,0.03418803418803429,0.9983164983164983,0.6885090218423552,0.001122334455667789,0.25,0.030303030303030304,0.001122334455667789,4,0.0016853932584269815,0.998314606741573,0.0016853932584269815
genbase,GSI_MLC_PA_Logistic,0.25,3,Operating Point,,4.925232074441015e-05,0,,1.0,,0.0,9,0.0025252525252525255,0.9974747474747475,0.9666666666666667,0.6855031173871753,0.0,0.0,0.9974747474747475,0.6855031173871753,0.0,,0.0,0.0,0,0.002525252525252486,0.9974747474747475,0.002525252525252486
genbase,GSI_MLC_PA_Logistic,0.25,4,Operating Point,,0.00010402998874344042,0,,0.9991582491582491,0.0,0.0,5,0.001893939393939394,0.9985970819304153,0.9722222222222221,0.7326185834957765,-0.00028058361391702924,-0.002849002849002802,0.9983164983164983,0.7297695806467737,0.0008417508417508417,0.0,0.022727272727272728,0.0008417508417508417,3,0.0016849199663016012,0.9983150800336984,0.0016849199663016012
genbase,GSI_MLC_PA_Logistic,0.25,5,Operating Point,,0.001043565316979032,1,,0.9974937343358395,66.5,0.16666666666666666,6,0.002018936229462545,0.9983291562238931,0.9834586466165413,0.65942634363687,0.0002784739626845445,0.07122507122507116,0.9986076301865776,0.7306514148619412,0.002506265664160401,0.1111111111111111,0.06766917293233082,0.002506265664160401,9,0.0013958682300391212,0.9986041317699609,0.0013958682300391212
genbase,GSI_MLC_PA_Logistic,0.30,1,Operating Point,,0.0009735856760531828,2,,0.999443052074631,513.0,0.2857142857142857,7,0.0010025062656641604,0.9980506822612085,0.9752953813104189,0.6592592592592593,0.001113895850737956,0.0444444444444444,0.9991645781119465,0.7037037037037037,0.000556947925368978,1.0,0.015037593984962405,0.000556947925368978,2,0.0008358874338255662,0.9991641125661744,0.0008358874338255662
genbase,GSI_MLC_PA_Logistic,0.30,2,Operating Point,,0.0010908005460984126,1,,0.9988776655443322,148.49999999999997,0.16666666666666666,6,0.00202020202020202,0.9983164983164983,0.9895743145743147,0.6543209876543209,0.0,0.03418803418803429,0.9983164983164983,0.6885090218423552,0.001122334455667789,0.25,0.030303030303030304,0.001122334455667789,4,0.0016853932584269815,0.998314606741573,0.0016853932584269815
genbase,GSI_MLC_PA_Logistic,0.30,3,Operating Point,,4.925232074441015e-05,0,,1.0,,0.0,9,0.0025252525252525255,0.9974747474747475,0.9666666666666667,0.6855031173871753,0.0,0.0,0.9974747474747475,0.6855031173871753,0.0,,0.0,0.0,0,0.002525252525252486,0.9974747474747475,0.002525252525252486
genbase,GSI_MLC_PA_Logistic,0.30,4,Operating Point,,0.00010402998874344042,0,,0.9991582491582491,0.0,0.0,5,0.001936026936026936,0.9985970819304153,0.9722222222222221,0.7326185834957765,-0.00028058361391702924,-0.002849002849002802,0.9983164983164983,0.7297695806467737,0.0008417508417508417,0.0,0.022727272727272728,0.0008417508417508417,3,0.0016849199663016012,0.9983150800336984,0.0016849199663016012
genbase,GSI_MLC_PA_Logistic,0.30,5,Operating Point,,0.001043565316979032,1,,0.9974937343358395,66.5,0.16666666666666666,6,0.0021442495126705653,0.9983291562238931,0.9834586466165413,0.65942634363687,0.0002784739626845445,0.07122507122507116,0.9986076301865776,0.7306514148619412,0.002506265664160401,0.1111111111111111,0.06766917293233082,0.002506265664160401,9,0.0013958682300391212,0.9986041317699609,0.0013958682300391212
genbase,GSI_MLC_PA_Logistic,0.35,1,Operating Point,,0.0009735856760531828,2,,0.999443052074631,513.0,0.2857142857142857,7,0.0010303536619326093,0.9980506822612085,0.9752953813104189,0.6592592592592593,0.001113895850737956,0.0444444444444444,0.9991645781119465,0.7037037037037037,0.000556947925368978,1.0,0.015037593984962405,0.000556947925368978,2,0.0008358874338255662,0.9991641125661744,0.0008358874338255662
genbase,GSI_MLC_PA_Logistic,0.35,2,Operating Point,,0.0010908005460984126,1,,0.9988776655443322,148.49999999999997,0.16666666666666666,6,0.0020763187429854095,0.9983164983164983,0.9895743145743147,0.6543209876543209,0.0,0.03418803418803429,0.9983164983164983,0.6885090218423552,0.001122334455667789,0.25,0.030303030303030304,0.001122334455667789,4,0.0016853932584269815,0.998314606741573,0.0016853932584269815
genbase,GSI_MLC_PA_Logistic,0.35,3,Operating Point,,4.925232074441015e-05,0,,1.0,,0.0,9,0.0025252525252525255,0.9974747474747475,0.9666666666666667,0.6855031173871753,0.0,0.0,0.9974747474747475,0.6855031173871753,0.0,,0.0,0.0,0,0.002525252525252486,0.9974747474747475,0.002525252525252486
genbase,GSI_MLC_PA_Logistic,0.35,4,Operating Point,,0.00010402998874344042,0,,0.9991582491582491,0.0,0.0,5,0.001978114478114478,0.9985970819304153,0.9722222222222221,0.7326185834957765,-0.00028058361391702924,-0.002849002849002802,0.9983164983164983,0.7297695806467737,0.0008417508417508417,0.0,0.022727272727272728,0.0008417508417508417,3,0.0016849199663016012,0.9983150800336984,0.0016849199663016012
genbase,GSI_MLC_PA_Logistic,0.35,5,Operating Point,,0.001043565316979032,1,,0.9974937343358395,66.5,0.16666666666666666,6,0.0022695627958785854,0.9983291562238931,0.9834586466165413,0.65942634363687,0.0002784739626845445,0.07122507122507116,0.9986076301865776,0.7306514148619412,0.002506265664160401,0.1111111111111111,0.06766917293233082,0.002506265664160401,9,0.0013958682300391212,0.9986041317699609,0.0013958682300391212
genbase,GSI_MLC_PA_Logistic,0.40,1,Operating Point,,0.0009735856760531828,2,,0.999443052074631,513.0,0.2857142857142857,7,0.001058201058201058,0.9980506822612085,0.9752953813104189,0.6592592592592593,0.001113895850737956,0.0444444444444444,0.9991645781119465,0.7037037037037037,0.000556947925368978,1.0,0.015037593984962405,0.000556947925368978,2,0.0008358874338255662,0.9991641125661744,0.0008358874338255662
genbase,GSI_MLC_PA_Logistic,0.40,2,Operating Point,,0.0010908005460984126,1,,0.9988776655443322,148.49999999999997,0.16666666666666666,6,0.002132435465768799,0.9983164983164983,0.9895743145743147,0.6543209876543209,0.0,0.03418803418803429,0.9983164983164983,0.6885090218423552,0.001122334455667789,0.25,0.030303030303030304,0.001122334455667789,4,0.0016853932584269815,0.998314606741573,0.0016853932584269815
genbase,GSI_MLC_PA_Logistic,0.40,3,Operating Point,,4.925232074441015e-05,0,,1.0,,0.0,9,0.0025252525252525255,0.9974747474747475,0.9666666666666667,0.6855031173871753,0.0,0.0,0.9974747474747475,0.6855031173871753,0.0,,0.0,0.0,0,0.002525252525252486,0.9974747474747475,0.002525252525252486
genbase,GSI_MLC_PA_Logistic,0.40,4,Operating Point,,0.00010402998874344042,0,,0.9991582491582491,0.0,0.0,5,0.00202020202020202,0.9985970819304153,0.9722222222222221,0.7326185834957765,-0.00028058361391702924,-0.002849002849002802,0.9983164983164983,0.7297695806467737,0.0008417508417508417,0.0,0.022727272727272728,0.0008417508417508417,3,0.0016849199663016012,0.9983150800336984,0.0016849199663016012
genbase,GSI_MLC_PA_Logistic,0.40,5,Operating Point,,0.001043565316979032,1,,0.9974937343358395,66.5,0.16666666666666666,6,0.002394876079086605,0.9983291562238931,0.9834586466165413,0.65942634363687,0.0002784739626845445,0.07122507122507116,0.9986076301865776,0.7306514148619412,0.002506265664160401,0.1111111111111111,0.06766917293233082,0.002506265664160401,9,0.0013958682300391212,0.9986041317699609,0.0013958682300391212
genbase,GSI_MLC_PA_Logistic,0.50,1,Operating Point,,0.0009735856760531828,2,,0.999443052074631,513.0,0.2857142857142857,7,0.001113895850737956,0.9980506822612085,0.9752953813104189,0.6592592592592593,0.001113895850737956,0.0444444444444444,0.9991645781119465,0.7037037037037037,0.000556947925368978,1.0,0.015037593984962405,0.000556947925368978,2,0.0008358874338255662,0.9991641125661744,0.0008358874338255662
genbase,GSI_MLC_PA_Logistic,0.50,2,Operating Point,,0.0010908005460984126,1,,0.9988776655443322,148.49999999999997,0.16666666666666666,6,0.002244668911335578,0.9983164983164983,0.9895743145743147,0.6543209876543209,0.0,0.03418803418803429,0.9983164983164983,0.6885090218423552,0.001122334455667789,0.25,0.030303030303030304,0.001122334455667789,4,0.0016853932584269815,0.998314606741573,0.0016853932584269815
genbase,GSI_MLC_PA_Logistic,0.50,3,Operating Point,,4.925232074441015e-05,0,,1.0,,0.0,9,0.0025252525252525255,0.9974747474747475,0.9666666666666667,0.6855031173871753,0.0,0.0,0.9974747474747475,0.6855031173871753,0.0,,0.0,0.0,0,0.002525252525252486,0.9974747474747475,0.002525252525252486
genbase,GSI_MLC_PA_Logistic,0.50,4,Operating Point,,0.00010402998874344042,0,,0.9991582491582491,0.0,0.0,5,0.0021043771043771043,0.9985970819304153,0.9722222222222221,0.7326185834957765,-0.00028058361391702924,-0.002849002849002802,0.9983164983164983,0.7297695806467737,0.0008417508417508417,0.0,0.022727272727272728,0.0008417508417508417,3,0.0016849199663016012,0.9983150800336984,0.0016849199663016012
genbase,GSI_MLC_PA_Logistic,0.50,5,Operating Point,,0.001043565316979032,1,,0.9974937343358395,66.5,0.16666666666666666,6,0.0026455026455026454,0.9983291562238931,0.9834586466165413,0.65942634363687,0.0002784739626845445,0.07122507122507116,0.9986076301865776,0.7306514148619412,0.002506265664160401,0.1111111111111111,0.06766917293233082,0.002506265664160401,9,0.0013958682300391212,0.9986041317699609,0.0013958682300391212
genbase,GSI_MLC_PA_MLP,0.20,1,Operating Point,,0.001683476776831019,3,,0.9983291562238931,29.434426229508198,0.04918032786885246,61,0.0025619604566972987,0.9830130882762462,0.6587540279269601,0.3667411302772508,0.01475912002227786,0.31614200348307603,0.9977722082985241,0.6828831337603268,0.001670843776106934,0.5,0.03759398496240601,0.001670843776106934,6,0.0022315202231519837,0.997768479776848,0.0022315202231519837
genbase,GSI_MLC_PA_MLP,0.20,2,Operating Point,,0.00222162502939948,6,,0.9960718294051627,23.866071428571427,0.09375,64,0.00303030303030303,0.9820426487093153,0.6462662337662337,0.34810564163505336,0.015712682379349086,0.3644164042203258,0.9977553310886644,0.7125220458553791,0.003928170594837262,0.42857142857142855,0.07575757575757576,0.003928170594837262,14,0.0022535211267605826,0.9977464788732394,0.0022535211267605826
genbase,GSI_MLC_PA_MLP,0.20,3,Operating Point,,0.0013769410951291203,2,,0.9983164983164983,20.135593220338983,0.03389830508474576,59,0.006228956228956228,0.9834455667789002,0.6811147186147185,0.3471083434368459,0.010662177328844002,0.2780589303237783,0.9941077441077442,0.6251672737606242,0.0016835016835016834,0.3333333333333333,0.045454545454545456,0.0016835016835016834,6,0.00590219224283306,0.9940978077571669,0.00590219224283306
genbase,GSI_MLC_PA_MLP,0.20,4,Operating Point,,0.0012541399569515217,1,,0.9969135802469136,4.764705882352941,0.014705882352941176,68,0.004264870931537598,0.9809203142536476,0.6272005772005773,0.33392267029212824,0.015432098765432167,0.36256989064487716,0.9963524130190797,0.6964925609370054,0.0030864197530864196,0.09090909090909091,0.06818181818181818,0.0030864197530864196,11,0.003658879819870564,0.9963411201801294,0.003658879819870564
genbase,GSI_MLC_PA_MLP,0.20,5,Operating Point,,0.002070255423948281,5,,0.9949874686716792,15.346153846153848,0.07692307692307693,65,0.004344193817878028,0.9818991924255083,0.6275689223057644,0.37622646961573986,0.01475912002227786,0.2906607259264264,0.9966583124477861,0.6668871955421662,0.005012531328320802,0.2777777777777778,0.08270676691729323,0.005012531328320802,18,0.0033585222502099388,0.9966414777497901,0.0033585222502099388
genbase,GSI_MLC_PA_MLP,0.25,1,Operating Point,,0.001683476776831019,3,,0.9983291562238931,29.434426229508198,0.04918032786885246,61,0.0026455026455026454,0.9830130882762462,0.6587540279269601,0.3667411302772508,0.01475912002227786,0.31614200348307603,0.9977722082985241,0.6828831337603268,0.001670843776106934,0.5,0.03759398496240601,0.001670843776106934,6,0.0022315202231519837,0.997768479776848,0.0022315202231519837
genbase,GSI_MLC_PA_MLP,0.25,2,Operating Point,,0.00222162502939948,6,,0.9960718294051627,23.866071428571427,0.09375,64,0.0032267115600448934,0.9820426487093153,0.6462662337662337,0.34810564163505336,0.015712682379349086,0.3644164042203258,0.9977553310886644,0.7125220458553791,0.003928170594837262,0.42857142857142855,0.07575757575757576,0.003928170594837262,14,0.0022535211267605826,0.9977464788732394,0.0022535211267605826
genbase,GSI_MLC_PA_MLP,0.25,3,Operating Point,,0.0013769410951291203,2,,0.9983164983164983,20.135593220338983,0.03389830508474576,59,0.006313131313131313,0.9834455667789002,0.6811147186147185,0.3471083434368459,0.010662177328844002,0.2780589303237783,0.9941077441077442,0.6251672737606242,0.0016835016835016834,0.3333333333333333,0.045454545454545456,0.0016835016835016834,6,0.00590219224283306,0.9940978077571669,0.00590219224283306
genbase,GSI_MLC_PA_MLP,0.25,4,Operating Point,,0.0012541399569515217,1,,0.9969135802469136,4.764705882352941,0.014705882352941176,68,0.004419191919191919,0.9809203142536476,0.6272005772005773,0.33392267029212824,0.015432098765432167,0.36256989064487716,0.9963524130190797,0.6964925609370054,0.0030864197530864196,0.09090909090909091,0.06818181818181818,0.0030864197530864196,11,0.003658879819870564,0.9963411201801294,0.003658879819870564
genbase,GSI_MLC_PA_MLP,0.25,5,Operating Point,,0.002070255423948281,5,,0.9949874686716792,15.346153846153848,0.07692307692307693,65,0.004594820384294068,0.9818991924255083,0.6275689223057644,0.37622646961573986,0.01475912002227786,0.2906607259264264,0.9966583124477861,0.6668871955421662,0.005012531328320802,0.2777777777777778,0.08270676691729323,0.005012531328320802,18,0.0033585222502099388,0.9966414777497901,0.0033585222502099388
genbase,GSI_MLC_PA_MLP,0.30,1,Operating Point,,0.001683476776831019,3,,0.9983291562238931,29.434426229508198,0.04918032786885246,61,0.0027290448343079924,0.9830130882762462,0.6587540279269601,0.3667411302772508,0.01475912002227786,0.31614200348307603,0.9977722082985241,0.6828831337603268,0.001670843776106934,0.5,0.03759398496240601,0.001670843776106934,6,0.0022315202231519837,0.997768479776848,0.0022315202231519837
genbase,GSI_MLC_PA_MLP,0.30,2,Operating Point,,0.00222162502939948,6,,0.9960718294051627,23.866071428571427,0.09375,64,0.0034231200897867566,0.9820426487093153,0.6462662337662337,0.34810564163505336,0.015712682379349086,0.3644164042203258,0.9977553310886644,0.7125220458553791,0.003928170594837262,0.42857142857142855,0.07575757575757576,0.003928170594837262,14,0.0022535211267605826,0.9977464788732394,0.0022535211267605826
genbase,GSI_MLC_PA_MLP,0.30,3,Operating Point,,0.0013769410951291203,2,,0.9983164983164983,20.135593220338983,0.03389830508474576,59,0.006397306397306399,0.9834455667789002,0.6811147186147185,0.3471083434368459,0.010662177328844002,0.2780589303237783,0.9941077441077442,0.6251672737606242,0.0016835016835016834,0.3333333333333333,0.045454545454545456,0.0016835016835016834,6,0.00590219224283306,0.9940978077571669,0.00590219224283306
genbase,GSI_MLC_PA_MLP,0.30,4,Operating Point,,0.0012541399569515217,1,,0.9969135802469136,4.764705882352941,0.014705882352941176,68,0.00457351290684624,0.9809203142536476,0.6272005772005773,0.33392267029212824,0.015432098765432167,0.36256989064487716,0.9963524130190797,0.6964925609370054,0.0030864197530864196,0.09090909090909091,0.06818181818181818,0.0030864197530864196,11,0.003658879819870564,0.9963411201801294,0.003658879819870564
genbase,GSI_MLC_PA_MLP,0.30,5,Operating Point,,0.002070255423948281,5,,0.9949874686716792,15.346153846153848,0.07692307692307693,65,0.0048454469507101085,0.9818991924255083,0.6275689223057644,0.37622646961573986,0.01475912002227786,0.2906607259264264,0.9966583124477861,0.6668871955421662,0.005012531328320802,0.2777777777777778,0.08270676691729323,0.005012531328320802,18,0.0033585222502099388,0.9966414777497901,0.0033585222502099388
genbase,GSI_MLC_PA_MLP,0.35,1,Operating Point,,0.001683476776831019,3,,0.9983291562238931,29.434426229508198,0.04918032786885246,61,0.002812587023113339,0.9830130882762462,0.6587540279269601,0.3667411302772508,0.01475912002227786,0.31614200348307603,0.9977722082985241,0.6828831337603268,0.001670843776106934,0.5,0.03759398496240601,0.001670843776106934,6,0.0022315202231519837,0.997768479776848,0.0022315202231519837
genbase,GSI_MLC_PA_MLP,0.35,2,Operating Point,,0.00222162502939948,6,,0.9960718294051627,23.866071428571427,0.09375,64,0.0036195286195286193,0.9820426487093153,0.6462662337662337,0.34810564163505336,0.015712682379349086,0.3644164042203258,0.9977553310886644,0.7125220458553791,0.003928170594837262,0.42857142857142855,0.07575757575757576,0.003928170594837262,14,0.0022535211267605826,0.9977464788732394,0.0022535211267605826
genbase,GSI_MLC_PA_MLP,0.35,3,Operating Point,,0.0013769410951291203,2,,0.9983164983164983,20.135593220338983,0.03389830508474576,59,0.006481481481481481,0.9834455667789002,0.6811147186147185,0.3471083434368459,0.010662177328844002,0.2780589303237783,0.9941077441077442,0.6251672737606242,0.0016835016835016834,0.3333333333333333,0.045454545454545456,0.0016835016835016834,6,0.00590219224283306,0.9940978077571669,0.00590219224283306
genbase,GSI_MLC_PA_MLP,0.35,4,Operating Point,,0.0012541399569515217,1,,0.9969135802469136,4.764705882352941,0.014705882352941176,68,0.004727833894500561,0.9809203142536476,0.6272005772005773,0.33392267029212824,0.015432098765432167,0.36256989064487716,0.9963524130190797,0.6964925609370054,0.0030864197530864196,0.09090909090909091,0.06818181818181818,0.0030864197530864196,11,0.003658879819870564,0.9963411201801294,0.003658879819870564
genbase,GSI_MLC_PA_MLP,0.35,5,Operating Point,,0.002070255423948281,5,,0.9949874686716792,15.346153846153848,0.07692307692307693,65,0.005096073517126149,0.9818991924255083,0.6275689223057644,0.37622646961573986,0.01475912002227786,0.2906607259264264,0.9966583124477861,0.6668871955421662,0.005012531328320802,0.2777777777777778,0.08270676691729323,0.005012531328320802,18,0.0033585222502099388,0.9966414777497901,0.0033585222502099388
genbase,GSI_MLC_PA_MLP,0.40,1,Operating Point,,0.001683476776831019,3,,0.9983291562238931,29.434426229508198,0.04918032786885246,61,0.0028961292119186856,0.9830130882762462,0.6587540279269601,0.3667411302772508,0.01475912002227786,0.31614200348307603,0.9977722082985241,0.6828831337603268,0.001670843776106934,0.5,0.03759398496240601,0.001670843776106934,6,0.0022315202231519837,0.997768479776848,0.0022315202231519837
genbase,GSI_MLC_PA_MLP,0.40,2,Operating Point,,0.00222162502939948,6,,0.9960718294051627,23.866071428571427,0.09375,64,0.003815937149270483,0.9820426487093153,0.6462662337662337,0.34810564163505336,0.015712682379349086,0.3644164042203258,0.9977553310886644,0.7125220458553791,0.003928170594837262,0.42857142857142855,0.07575757575757576,0.003928170594837262,14,0.0022535211267605826,0.9977464788732394,0.0022535211267605826
genbase,GSI_MLC_PA_MLP,0.40,3,Operating Point,,0.0013769410951291203,2,,0.9983164983164983,20.135593220338983,0.03389830508474576,59,0.006565656565656566,0.9834455667789002,0.6811147186147185,0.3471083434368459,0.010662177328844002,0.2780589303237783,0.9941077441077442,0.6251672737606242,0.0016835016835016834,0.3333333333333333,0.045454545454545456,0.0016835016835016834,6,0.00590219224283306,0.9940978077571669,0.00590219224283306
genbase,GSI_MLC_PA_MLP,0.40,4,Operating Point,,0.0012541399569515217,1,,0.9969135802469136,4.764705882352941,0.014705882352941176,68,0.004882154882154882,0.9809203142536476,0.6272005772005773,0.33392267029212824,0.015432098765432167,0.36256989064487716,0.9963524130190797,0.6964925609370054,0.0030864197530864196,0.09090909090909091,0.06818181818181818,0.0030864197530864196,11,0.003658879819870564,0.9963411201801294,0.003658879819870564
genbase,GSI_MLC_PA_MLP,0.40,5,Operating Point,,0.002070255423948281,5,,0.9949874686716792,15.346153846153848,0.07692307692307693,65,0.005346700083542189,0.9818991924255083,0.6275689223057644,0.37622646961573986,0.01475912002227786,0.2906607259264264,0.9966583124477861,0.6668871955421662,0.005012531328320802,0.2777777777777778,0.08270676691729323,0.005012531328320802,18,0.0033585222502099388,0.9966414777497901,0.0033585222502099388
genbase,GSI_MLC_PA_MLP,0.50,1,Operating Point,,0.001683476776831019,3,,0.9983291562238931,29.434426229508198,0.04918032786885246,61,0.003063213589529379,0.9830130882762462,0.6587540279269601,0.3667411302772508,0.01475912002227786,0.31614200348307603,0.9977722082985241,0.6828831337603268,0.001670843776106934,0.5,0.03759398496240601,0.001670843776106934,6,0.0022315202231519837,0.997768479776848,0.0022315202231519837
genbase,GSI_MLC_PA_MLP,0.50,2,Operating Point,,0.00222162502939948,6,,0.9960718294051627,23.866071428571427,0.09375,64,0.004208754208754209,0.9820426487093153,0.6462662337662337,0.34810564163505336,0.015712682379349086,0.3644164042203258,0.9977553310886644,0.7125220458553791,0.003928170594837262,0.42857142857142855,0.07575757575757576,0.003928170594837262,14,0.0022535211267605826,0.9977464788732394,0.0022535211267605826
genbase,GSI_MLC_PA_MLP,0.50,3,Operating Point,,0.0013769410951291203,2,,0.9983164983164983,20.135593220338983,0.03389830508474576,59,0.006734006734006734,0.9834455667789002,0.6811147186147185,0.3471083434368459,0.010662177328844002,0.2780589303237783,0.9941077441077442,0.6251672737606242,0.0016835016835016834,0.3333333333333333,0.045454545454545456,0.0016835016835016834,6,0.00590219224283306,0.9940978077571669,0.00590219224283306
genbase,GSI_MLC_PA_MLP,0.50,4,Operating Point,,0.0012541399569515217,1,,0.9969135802469136,4.764705882352941,0.014705882352941176,68,0.005190796857463524,0.9809203142536476,0.6272005772005773,0.33392267029212824,0.015432098765432167,0.36256989064487716,0.9963524130190797,0.6964925609370054,0.0030864197530864196,0.09090909090909091,0.06818181818181818,0.0030864197530864196,11,0.003658879819870564,0.9963411201801294,0.003658879819870564
genbase,GSI_MLC_PA_MLP,0.50,5,Operating Point,,0.002070255423948281,5,,0.9949874686716792,15.346153846153848,0.07692307692307693,65,0.005847953216374269,0.9818991924255083,0.6275689223057644,0.37622646961573986,0.01475912002227786,0.2906607259264264,0.9966583124477861,0.6668871955421662,0.005012531328320802,0.2777777777777778,0.08270676691729323,0.005012531328320802,18,0.0033585222502099388,0.9966414777497901,0.0033585222502099388
genbase,MLC_PA_SVM,0.20,1,Operating Point,,0.0009644580091799186,0,,0.9991645781119465,0.0,0.0,1,0.00044555834029518236,0.9997215260373156,0.9974937343358398,0.7777777777777778,0.0,0.0,0.9997215260373156,0.7777777777777778,0.000835421888053467,0.0,0.022556390977443608,0.000835421888053467,3,0.0002787068004459492,0.999721293199554,0.0002787068004459492
genbase,MLC_PA_SVM,0.20,2,Operating Point,,0.0011176157860148578,1,,0.999438832772166,593.9999999999999,0.3333333333333333,3,0.0006734006734006735,0.9991582491582491,0.9946969696969697,0.7654320987654321,0.0002805836139169182,0.012345679012345734,0.999438832772166,0.7777777777777778,0.0005611672278338945,0.5,0.015151515151515152,0.0005611672278338945,2,0.0005614823133071045,0.9994385176866929,0.0005614823133071045
genbase,MLC_PA_SVM,0.20,3,Operating Point,,0.0003498253062772139,1,,0.999438832772166,296.99999999999994,0.16666666666666666,6,0.0015151515151515152,0.9983164983164983,0.9767676767676768,0.7669845988686569,0.00028058361391702924,0.03703703703703709,0.9985970819304153,0.804021635905694,0.0005611672278338945,0.5,0.015151515151515152,0.0005611672278338945,2,0.0014037057832678723,0.9985962942167321,0.0014037057832678723
genbase,MLC_PA_SVM,0.20,4,Operating Point,,6.453280651632726e-05,0,,0.9991582491582491,0.0,0.0,2,0.0007295173961840627,0.999438832772166,0.9949494949494948,0.7654320987654322,0.0,0.0,0.999438832772166,0.7654320987654322,0.0008417508417508417,0.0,0.022727272727272728,0.0008417508417508417,3,0.0005616399887672374,0.9994383600112328,0.0005616399887672374
genbase,MLC_PA_SVM,0.20,5,Operating Point,,0.001271528448543715,1,,0.998886104149262,224.4375,0.25,4,0.0010582010582010583,0.998886104149262,0.9909774436090226,0.7326007326007327,0.0002784739626844335,0.002849002849002802,0.9991645781119465,0.7354497354497355,0.001113895850737956,0.25,0.015037593984962405,0.001113895850737956,4,0.0008363534987454457,0.9991636465012546,0.0008363534987454457
genbase,MLC_PA_SVM,0.25,1,Operating Point,,0.0009644580091799186,0,,0.999443052074631,0.0,0.0,1,0.0004177109440267335,0.9997215260373156,0.9974937343358398,0.7777777777777778,0.0,0.0,0.9997215260373156,0.7777777777777778,0.000556947925368978,0.0,0.015037593984962405,0.000556947925368978,2,0.00027862914460852206,0.9997213708553915,0.00027862914460852206
genbase,MLC_PA_SVM,0.25,2,Operating Point,,0.0011176157860148578,1,,0.9997194163860831,1187.9999999999998,0.3333333333333333,3,0.0006313131313131314,0.9991582491582491,0.9946969696969697,0.7654320987654321,0.0002805836139169182,0.012345679012345734,0.999438832772166,0.7777777777777778,0.0002805836139169473,1.0,0.007575757575757576,0.0002805836139169473,1,0.0005613247263541732,0.9994386752736458,0.0005613247263541732
genbase,MLC_PA_SVM,0.25,3,Operating Point,,0.0003498253062772139,1,,0.9997194163860831,593.9999999999999,0.16666666666666666,6,0.001473063973063973,0.9983164983164983,0.9767676767676768,0.7669845988686569,0.00028058361391702924,0.03703703703703709,0.9985970819304153,0.804021635905694,0.0002805836139169473,1.0,0.007575757575757576,0.0002805836139169473,1,0.0014033118158854885,0.9985966881841145,0.0014033118158854885
genbase,MLC_PA_SVM,0.25,4,Operating Point,,6.453280651632726e-05,0,,0.9997194163860831,0.0,0.0,2,0.0006313131313131314,0.999438832772166,0.9949494949494948,0.7654320987654322,0.0,0.0,0.999438832772166,0.7654320987654322,0.0002805836139169473,0.0,0.007575757575757576,0.0002805836139169473,1,0.0005613247263541732,0.9994386752736458,0.0005613247263541732
genbase,MLC_PA_SVM,0.25,5,Operating Point,,0.001271528448543715,1,,0.9991645781119465,299.25,0.25,4,0.0010442773600668337,0.998886104149262,0.9909774436090226,0.7326007326007327,0.0002784739626844335,0.002849002849002802,0.9991645781119465,0.7354497354497355,0.000835421888053467,0.3333333333333333,0.015037593984962405,0.000835421888053467,3,0.0008361204013378476,0.9991638795986622,0.0008361204013378476
genbase,MLC_PA_SVM,0.30,1,Operating Point,,0.0009644580091799186,0,,0.999443052074631,0.0,0.0,1,0.0004455583402951824,0.9997215260373156,0.9974937343358398,0.7777777777777778,0.0,0.0,0.9997215260373156,0.7777777777777778,0.000556947925368978,0.0,0.015037593984962405,0.000556947925368978,2,0.00027862914460852206,0.9997213708553915,0.00027862914460852206
genbase,MLC_PA_SVM,0.30,2,Operating Point,,0.0011176157860148578,0,,1.0,,0.0,3,0.0008417508417508417,0.9991582491582491,0.9946969696969697,0.7654320987654321,0.0,0.0,0.9991582491582491,0.7654320987654321,0.0,,0.0,0.0,0,0.0008417508417508657,0.9991582491582491,0.0008417508417508657
genbase,MLC_PA_SVM,0.30,3,Operating Point,,0.0003498253062772139,1,,0.9997194163860831,593.9999999999999,0.16666666666666666,6,0.0014870931537598203,0.9983164983164983,0.9767676767676768,0.7669845988686569,0.00028058361391702924,0.03703703703703709,0.9985970819304153,0.804021635905694,0.0002805836139169473,1.0,0.007575757575757576,0.0002805836139169473,1,0.0014033118158854885,0.9985966881841145,0.0014033118158854885
genbase,MLC_PA_SVM,0.30,4,Operating Point,,6.453280651632726e-05,0,,0.9997194163860831,0.0,0.0,2,0.0006453423120089786,0.999438832772166,0.9949494949494948,0.7654320987654322,0.0,0.0,0.999438832772166,0.7654320987654322,0.0002805836139169473,0.0,0.007575757575757576,0.0002805836139169473,1,0.0005613247263541732,0.9994386752736458,0.0005613247263541732
genbase,MLC_PA_SVM,0.30,5,Operating Point,,0.001271528448543715,0,,0.999443052074631,0.0,0.0,4,0.0012809802283486494,0.998886104149262,0.9909774436090226,0.7326007326007327,0.0,0.0,0.998886104149262,0.7326007326007327,0.000556947925368978,0.0,0.015037593984962405,0.000556947925368978,2,0.0011145165784340882,0.9988854834215659,0.0011145165784340882
genbase,MLC_PA_SVM,0.35,1,Operating Point,,0.0009644580091799186,0,,0.9997215260373155,0.0,0.0,1,0.00037593984962406017,0.9997215260373156,0.9974937343358398,0.7777777777777778,0.0,0.0,0.9997215260373156,0.7777777777777778,0.000278473962684489,0.0,0.007518796992481203,0.000278473962684489,1,0.00027855153203337757,0.9997214484679666,0.00027855153203337757
genbase,MLC_PA_SVM,0.35,2,Operating Point,,0.0011176157860148578,0,,1.0,,0.0,3,0.0008417508417508417,0.9991582491582491,0.9946969696969697,0.7654320987654321,0.0,0.0,0.9991582491582491,0.7654320987654321,0.0,,0.0,0.0,0,0.0008417508417508657,0.9991582491582491,0.0008417508417508657
genbase,MLC_PA_SVM,0.35,3,Operating Point,,0.0003498253062772139,1,,0.9997194163860831,593.9999999999999,0.16666666666666666,6,0.0015011223344556677,0.9983164983164983,0.9767676767676768,0.7669845988686569,0.00028058361391702924,0.03703703703703709,0.9985970819304153,0.804021635905694,0.0002805836139169473,1.0,0.007575757575757576,0.0002805836139169473,1,0.0014033118158854885,0.9985966881841145,0.0014033118158854885
genbase,MLC_PA_SVM,0.35,4,Operating Point,,6.453280651632726e-05,0,,0.9997194163860831,0.0,0.0,2,0.0006593714927048261,0.999438832772166,0.9949494949494948,0.7654320987654322,0.0,0.0,0.999438832772166,0.7654320987654322,0.0002805836139169473,0.0,0.007575757575757576,0.0002805836139169473,1,0.0005613247263541732,0.9994386752736458,0.0005613247263541732
genbase,MLC_PA_SVM,0.35,5,Operating Point,,0.001271528448543715,0,,0.999443052074631,0.0,0.0,4,0.0013088276246170983,0.998886104149262,0.9909774436090226,0.7326007326007327,0.0,0.0,0.998886104149262,0.7326007326007327,0.000556947925368978,0.0,0.015037593984962405,0.000556947925368978,2,0.0011145165784340882,0.9988854834215659,0.0011145165784340882
genbase,MLC_PA_SVM,0.40,1,Operating Point,,0.0009644580091799186,0,,1.0,,0.0,1,0.000278473962684489,0.9997215260373156,0.9974937343358398,0.7777777777777778,0.0,0.0,0.9997215260373156,0.7777777777777778,0.0,,0.0,0.0,0,0.0002784739626844335,0.9997215260373156,0.0002784739626844335
genbase,MLC_PA_SVM,0.40,2,Operating Point,,0.0011176157860148578,0,,1.0,,0.0,3,0.0008417508417508417,0.9991582491582491,0.9946969696969697,0.7654320987654321,0.0,0.0,0.9991582491582491,0.7654320987654321,0.0,,0.0,0.0,0,0.0008417508417508657,0.9991582491582491,0.0008417508417508657
genbase,MLC_PA_SVM,0.40,3,Operating Point,,0.0003498253062772139,0,,1.0,,0.0,6,0.0016835016835016834,0.9983164983164983,0.9767676767676768,0.7669845988686569,0.0,0.0,0.9983164983164983,0.7669845988686569,0.0,,0.0,0.0,0,0.0016835016835017313,0.9983164983164983,0.0016835016835017313
genbase,MLC_PA_SVM,0.40,4,Operating Point,,6.453280651632726e-05,0,,1.0,,0.0,2,0.0005611672278338945,0.999438832772166,0.9949494949494948,0.7654320987654322,0.0,0.0,0.999438832772166,0.7654320987654322,0.0,,0.0,0.0,0,0.0005611672278339475,0.999438832772166,0.0005611672278339475
genbase,MLC_PA_SVM,0.40,5,Operating Point,,0.001271528448543715,0,,1.0,,0.0,4,0.001113895850737956,0.998886104149262,0.9909774436090226,0.7326007326007327,0.0,0.0,0.998886104149262,0.7326007326007327,0.0,,0.0,0.0,0,0.001113895850737956,0.998886104149262,0.001113895850737956
genbase,MLC_PA_SVM,0.50,1,Operating Point,,0.0009644580091799186,0,,1.0,,0.0,1,0.000278473962684489,0.9997215260373156,0.9974937343358398,0.7777777777777778,0.0,0.0,0.9997215260373156,0.7777777777777778,0.0,,0.0,0.0,0,0.0002784739626844335,0.9997215260373156,0.0002784739626844335
genbase,MLC_PA_SVM,0.50,2,Operating Point,,0.0011176157860148578,0,,1.0,,0.0,3,0.0008417508417508417,0.9991582491582491,0.9946969696969697,0.7654320987654321,0.0,0.0,0.9991582491582491,0.7654320987654321,0.0,,0.0,0.0,0,0.0008417508417508657,0.9991582491582491,0.0008417508417508657
genbase,MLC_PA_SVM,0.50,3,Operating Point,,0.0003498253062772139,0,,1.0,,0.0,6,0.0016835016835016834,0.9983164983164983,0.9767676767676768,0.7669845988686569,0.0,0.0,0.9983164983164983,0.7669845988686569,0.0,,0.0,0.0,0,0.0016835016835017313,0.9983164983164983,0.0016835016835017313
genbase,MLC_PA_SVM,0.50,4,Operating Point,,6.453280651632726e-05,0,,1.0,,0.0,2,0.0005611672278338945,0.999438832772166,0.9949494949494948,0.7654320987654322,0.0,0.0,0.999438832772166,0.7654320987654322,0.0,,0.0,0.0,0,0.0005611672278339475,0.999438832772166,0.0005611672278339475
genbase,MLC_PA_SVM,0.50,5,Operating Point,,0.001271528448543715,0,,1.0,,0.0,4,0.001113895850737956,0.998886104149262,0.9909774436090226,0.7326007326007327,0.0,0.0,0.998886104149262,0.7326007326007327,0.0,,0.0,0.0,0,0.001113895850737956,0.998886104149262,0.001113895850737956
genbase,GSI_MLC_PA_SVM,0.20,1,Operating Point,,0.0009644580091799186,0,,1.0,,0.0,1,0.000835421888053467,0.9997215260373156,0.9974937343358398,0.7777777777777778,-0.000556947925369089,-0.07407407407407407,0.9991645781119465,0.7037037037037037,0.0,,0.0,0.0,0,0.0008354218880535225,0.9991645781119465,0.0008354218880535225
genbase,GSI_MLC_PA_SVM,0.20,2,Operating Point,,0.0011188125027070026,0,,1.0,,0.0,3,0.001122334455667789,0.9991582491582491,0.9946969696969697,0.7654320987654321,-0.0002805836139169182,-0.03703703703703709,0.9988776655443322,0.728395061728395,0.0,,0.0,0.0,0,0.001122334455667784,0.9988776655443322,0.001122334455667784
genbase,GSI_MLC_PA_SVM,0.20,3,Operating Point,,0.0003519305118037468,0,,1.0,,0.0,6,0.002244668911335578,0.9983164983164983,0.9767676767676768,0.7669845988686569,-0.0005611672278338364,-0.07407407407407407,0.9977553310886644,0.6929105247945828,0.0,,0.0,0.0,0,0.002244668911335568,0.9977553310886644,0.002244668911335568
genbase,GSI_MLC_PA_SVM,0.20,4,Operating Point,,5.847012636014999e-05,0,,1.0,,0.0,2,0.0005611672278338945,0.999438832772166,0.9949494949494948,0.7654320987654322,0.0,-0.024691358024691468,0.999438832772166,0.7407407407407407,0.0,,0.0,0.0,0,0.0005611672278339475,0.999438832772166,0.0005611672278339475
genbase,GSI_MLC_PA_SVM,0.20,5,Operating Point,,0.0012220146735883806,0,,1.0,,0.0,4,0.001113895850737956,0.998886104149262,0.9909774436090226,0.7326007326007327,0.0,0.0,0.998886104149262,0.7326007326007327,0.0,,0.0,0.0,0,0.001113895850737956,0.998886104149262,0.001113895850737956
genbase,GSI_MLC_PA_SVM,0.25,1,Operating Point,,0.0009644580091799186,0,,1.0,,0.0,1,0.000835421888053467,0.9997215260373156,0.9974937343358398,0.7777777777777778,-0.000556947925369089,-0.07407407407407407,0.9991645781119465,0.7037037037037037,0.0,,0.0,0.0,0,0.0008354218880535225,0.9991645781119465,0.0008354218880535225
genbase,GSI_MLC_PA_SVM,0.25,2,Operating Point,,0.0011188125027070026,0,,1.0,,0.0,3,0.001122334455667789,0.9991582491582491,0.9946969696969697,0.7654320987654321,-0.0002805836139169182,-0.03703703703703709,0.9988776655443322,0.728395061728395,0.0,,0.0,0.0,0,0.001122334455667784,0.9988776655443322,0.001122334455667784
genbase,GSI_MLC_PA_SVM,0.25,3,Operating Point,,0.0003519305118037468,0,,1.0,,0.0,6,0.002244668911335578,0.9983164983164983,0.9767676767676768,0.7669845988686569,-0.0005611672278338364,-0.07407407407407407,0.9977553310886644,0.6929105247945828,0.0,,0.0,0.0,0,0.002244668911335568,0.9977553310886644,0.002244668911335568
genbase,GSI_MLC_PA_SVM,0.25,4,Operating Point,,5.847012636014999e-05,0,,1.0,,0.0,2,0.0005611672278338945,0.999438832772166,0.9949494949494948,0.7654320987654322,0.0,-0.024691358024691468,0.999438832772166,0.7407407407407407,0.0,,0.0,0.0,0,0.0005611672278339475,0.999438832772166,0.0005611672278339475
genbase,GSI_MLC_PA_SVM,0.25,5,Operating Point,,0.0012220146735883806,0,,1.0,,0.0,4,0.001113895850737956,0.998886104149262,0.9909774436090226,0.7326007326007327,0.0,0.0,0.998886104149262,0.7326007326007327,0.0,,0.0,0.0,0,0.001113895850737956,0.998886104149262,0.001113895850737956
genbase,GSI_MLC_PA_SVM,0.30,1,Operating Point,,0.0009644580091799186,0,,1.0,,0.0,1,0.000835421888053467,0.9997215260373156,0.9974937343358398,0.7777777777777778,-0.000556947925369089,-0.07407407407407407,0.9991645781119465,0.7037037037037037,0.0,,0.0,0.0,0,0.0008354218880535225,0.9991645781119465,0.0008354218880535225
genbase,GSI_MLC_PA_SVM,0.30,2,Operating Point,,0.0011188125027070026,0,,1.0,,0.0,3,0.001122334455667789,0.9991582491582491,0.9946969696969697,0.7654320987654321,-0.0002805836139169182,-0.03703703703703709,0.9988776655443322,0.728395061728395,0.0,,0.0,0.0,0,0.001122334455667784,0.9988776655443322,0.001122334455667784
genbase,GSI_MLC_PA_SVM,0.30,3,Operating Point,,0.0003519305118037468,0,,1.0,,0.0,6,0.002244668911335578,0.9983164983164983,0.9767676767676768,0.7669845988686569,-0.0005611672278338364,-0.07407407407407407,0.9977553310886644,0.6929105247945828,0.0,,0.0,0.0,0,0.002244668911335568,0.9977553310886644,0.002244668911335568
genbase,GSI_MLC_PA_SVM,0.30,4,Operating Point,,5.847012636014999e-05,0,,1.0,,0.0,2,0.0005611672278338945,0.999438832772166,0.9949494949494948,0.7654320987654322,0.0,-0.024691358024691468,0.999438832772166,0.7407407407407407,0.0,,0.0,0.0,0,0.0005611672278339475,0.999438832772166,0.0005611672278339475
genbase,GSI_MLC_PA_SVM,0.30,5,Operating Point,,0.0012220146735883806,0,,1.0,,0.0,4,0.001113895850737956,0.998886104149262,0.9909774436090226,0.7326007326007327,0.0,0.0,0.998886104149262,0.7326007326007327,0.0,,0.0,0.0,0,0.001113895850737956,0.998886104149262,0.001113895850737956
genbase,GSI_MLC_PA_SVM,0.35,1,Operating Point,,0.0009644580091799186,0,,1.0,,0.0,1,0.000835421888053467,0.9997215260373156,0.9974937343358398,0.7777777777777778,-0.000556947925369089,-0.07407407407407407,0.9991645781119465,0.7037037037037037,0.0,,0.0,0.0,0,0.0008354218880535225,0.9991645781119465,0.0008354218880535225
genbase,GSI_MLC_PA_SVM,0.35,2,Operating Point,,0.0011188125027070026,0,,1.0,,0.0,3,0.001122334455667789,0.9991582491582491,0.9946969696969697,0.7654320987654321,-0.0002805836139169182,-0.03703703703703709,0.9988776655443322,0.728395061728395,0.0,,0.0,0.0,0,0.001122334455667784,0.9988776655443322,0.001122334455667784
genbase,GSI_MLC_PA_SVM,0.35,3,Operating Point,,0.0003519305118037468,0,,1.0,,0.0,6,0.002244668911335578,0.9983164983164983,0.9767676767676768,0.7669845988686569,-0.0005611672278338364,-0.07407407407407407,0.9977553310886644,0.6929105247945828,0.0,,0.0,0.0,0,0.002244668911335568,0.9977553310886644,0.002244668911335568
genbase,GSI_MLC_PA_SVM,0.35,4,Operating Point,,5.847012636014999e-05,0,,1.0,,0.0,2,0.0005611672278338945,0.999438832772166,0.9949494949494948,0.7654320987654322,0.0,-0.024691358024691468,0.999438832772166,0.7407407407407407,0.0,,0.0,0.0,0,0.0005611672278339475,0.999438832772166,0.0005611672278339475
genbase,GSI_MLC_PA_SVM,0.35,5,Operating Point,,0.0012220146735883806,0,,1.0,,0.0,4,0.001113895850737956,0.998886104149262,0.9909774436090226,0.7326007326007327,0.0,0.0,0.998886104149262,0.7326007326007327,0.0,,0.0,0.0,0,0.001113895850737956,0.998886104149262,0.001113895850737956
genbase,GSI_MLC_PA_SVM,0.40,1,Operating Point,,0.0009644580091799186,0,,1.0,,0.0,1,0.000835421888053467,0.9997215260373156,0.9974937343358398,0.7777777777777778,-0.000556947925369089,-0.07407407407407407,0.9991645781119465,0.7037037037037037,0.0,,0.0,0.0,0,0.0008354218880535225,0.9991645781119465,0.0008354218880535225
genbase,GSI_MLC_PA_SVM,0.40,2,Operating Point,,0.0011188125027070026,0,,1.0,,0.0,3,0.001122334455667789,0.9991582491582491,0.9946969696969697,0.7654320987654321,-0.0002805836139169182,-0.03703703703703709,0.9988776655443322,0.728395061728395,0.0,,0.0,0.0,0,0.001122334455667784,0.9988776655443322,0.001122334455667784
genbase,GSI_MLC_PA_SVM,0.40,3,Operating Point,,0.0003519305118037468,0,,1.0,,0.0,6,0.002244668911335578,0.9983164983164983,0.9767676767676768,0.7669845988686569,-0.0005611672278338364,-0.07407407407407407,0.9977553310886644,0.6929105247945828,0.0,,0.0,0.0,0,0.002244668911335568,0.9977553310886644,0.002244668911335568
genbase,GSI_MLC_PA_SVM,0.40,4,Operating Point,,5.847012636014999e-05,0,,1.0,,0.0,2,0.0005611672278338945,0.999438832772166,0.9949494949494948,0.7654320987654322,0.0,-0.024691358024691468,0.999438832772166,0.7407407407407407,0.0,,0.0,0.0,0,0.0005611672278339475,0.999438832772166,0.0005611672278339475
genbase,GSI_MLC_PA_SVM,0.40,5,Operating Point,,0.0012220146735883806,0,,1.0,,0.0,4,0.001113895850737956,0.998886104149262,0.9909774436090226,0.7326007326007327,0.0,0.0,0.998886104149262,0.7326007326007327,0.0,,0.0,0.0,0,0.001113895850737956,0.998886104149262,0.001113895850737956
genbase,GSI_MLC_PA_SVM,0.50,1,Operating Point,,0.0009644580091799186,0,,1.0,,0.0,1,0.000835421888053467,0.9997215260373156,0.9974937343358398,0.7777777777777778,-0.000556947925369089,-0.07407407407407407,0.9991645781119465,0.7037037037037037,0.0,,0.0,0.0,0,0.0008354218880535225,0.9991645781119465,0.0008354218880535225
genbase,GSI_MLC_PA_SVM,0.50,2,Operating Point,,0.0011188125027070026,0,,1.0,,0.0,3,0.001122334455667789,0.9991582491582491,0.9946969696969697,0.7654320987654321,-0.0002805836139169182,-0.03703703703703709,0.9988776655443322,0.728395061728395,0.0,,0.0,0.0,0,0.001122334455667784,0.9988776655443322,0.001122334455667784
genbase,GSI_MLC_PA_SVM,0.50,3,Operating Point,,0.0003519305118037468,0,,1.0,,0.0,6,0.002244668911335578,0.9983164983164983,0.9767676767676768,0.7669845988686569,-0.0005611672278338364,-0.07407407407407407,0.9977553310886644,0.6929105247945828,0.0,,0.0,0.0,0,0.002244668911335568,0.9977553310886644,0.002244668911335568
genbase,GSI_MLC_PA_SVM,0.50,4,Operating Point,,5.847012636014999e-05,0,,1.0,,0.0,2,0.0005611672278338945,0.999438832772166,0.9949494949494948,0.7654320987654322,0.0,-0.024691358024691468,0.999438832772166,0.7407407407407407,0.0,,0.0,0.0,0,0.0005611672278339475,0.999438832772166,0.0005611672278339475
genbase,GSI_MLC_PA_SVM,0.50,5,Operating Point,,0.0012220146735883806,0,,1.0,,0.0,4,0.001113895850737956,0.998886104149262,0.9909774436090226,0.7326007326007327,0.0,0.0,0.998886104149262,0.7326007326007327,0.0,,0.0,0.0,0,0.001113895850737956,0.998886104149262,0.001113895850737956
medical,MLC_PA_Logistic,0.20,1,Operating Point,,0.0017764716334593635,39,,0.9807870370370371,23.603250210142896,0.45348837209302323,86,0.009282407407407408,0.9900462962962963,0.7505208333333333,0.2709239471729459,0.004513888888888928,0.10821901149942459,0.9945601851851852,0.37914295867237047,0.019212962962962963,0.23493975903614459,0.625,0.019212962962962963,166,0.005546377153646476,0.9944536228463535,0.005546377153646476
medical,MLC_PA_Logistic,0.20,2,Operating Point,,0.0015952033294489548,49,,0.9828282828282828,31.016624040920718,0.532608695652174,92,0.008260381593714929,0.9896745230078563,0.7516835016835017,0.2832436452744115,0.005499438832772263,0.09116274839854505,0.9951739618406286,0.37440639367295653,0.01717171717171717,0.3202614379084967,0.5959595959595959,0.01717171717171717,153,0.004910357428343004,0.995089642571657,0.004910357428343004
medical,MLC_PA_Logistic,0.20,3,Operating Point,,0.0014158157955700163,41,,0.9847293447293447,30.51009158751696,0.4659090909090909,88,0.008410256410256412,0.98997150997151,0.7391452991452991,0.29068303492949243,0.004672364672364648,0.12137073281798205,0.9946438746438746,0.4120537677474745,0.01527065527065527,0.30597014925373134,0.5230769230769231,0.01527065527065527,134,0.0054391852794815065,0.9945608147205185,0.0054391852794815065
medical,MLC_PA_Logistic,0.20,4,Operating Point,,0.0013914045808056288,55,,0.9827282728272827,31.84394904458599,0.55,100,0.008404840484048406,0.988998899889989,0.7079207920792079,0.29264093614210746,0.006050605060506031,0.14027252758529823,0.995049504950495,0.4329134637274057,0.01727172717271727,0.3503184713375796,0.5891089108910891,0.01727172717271727,157,0.0050375013993059214,0.9949624986006941,0.0050375013993059214
medical,MLC_PA_Logistic,0.20,5,Operating Point,,0.0015565187641119426,43,,0.9826643397324025,27.25754111660152,0.4725274725274725,91,0.009051774287376383,0.9894124490983129,0.762129144851658,0.28450591869501524,0.005002908667830153,0.08347457301372446,0.9944153577661431,0.3679804917087397,0.01733566026759744,0.28859060402684567,0.581151832460733,0.01733566026759744,149,0.005683163627752785,0.9943168363722472,0.005683163627752785
medical,MLC_PA_Logistic,0.25,1,Operating Point,,0.0017764716334593635,30,,0.9855324074074074,24.111627906976743,0.3488372093023256,86,0.010098379629629629,0.9900462962962963,0.7505208333333333,0.2709239471729459,0.00347222222222221,0.09403035232402096,0.9935185185185185,0.36495429949696684,0.014467592592592593,0.24,0.5104166666666666,0.014467592592592593,125,0.0065766294773927925,0.9934233705226072,0.0065766294773927925
medical,MLC_PA_Logistic,0.25,2,Operating Point,,0.0015952033294489548,45,,0.9866442199775534,36.623127511874316,0.4891304347826087,92,0.008613916947250281,0.9896745230078563,0.7516835016835017,0.2832436452744115,0.005050505050505083,0.08958113135988899,0.9947250280583614,0.37282477663430047,0.01335578002244669,0.37815126050420167,0.46464646464646464,0.01335578002244669,119,0.005346376976453238,0.9946536230235468,0.005346376976453238
medical,MLC_PA_Logistic,0.25,3,Operating Point,,0.0014158157955700163,36,,0.9882621082621083,34.85216240070609,0.4090909090909091,88,0.00886039886039886,0.98997150997151,0.7391452991452991,0.29068303492949243,0.004102564102564155,0.106876283862409,0.9940740740740741,0.39755931879190143,0.011737891737891738,0.34951456310679613,0.441025641025641,0.011737891737891738,103,0.005996309963099633,0.9940036900369004,0.005996309963099633
medical,MLC_PA_Logistic,0.25,4,Operating Point,,0.0013914045808056288,48,,0.9865786578657866,35.76393442622951,0.48,100,0.009075907590759076,0.988998899889989,0.7079207920792079,0.29264093614210746,0.005280528052805211,0.0935385150315639,0.9942794279427942,0.38617945117367136,0.013421342134213421,0.39344262295081966,0.45544554455445546,0.013421342134213421,122,0.005798394290811748,0.9942016057091883,0.005798394290811748
medical,MLC_PA_Logistic,0.25,5,Operating Point,,0.0015565187641119426,37,,0.9867364746945899,30.655002891844997,0.4065934065934066,91,0.009598603839441536,0.9894124490983129,0.762129144851658,0.28450591869501524,0.004304828388598025,0.048733985913790745,0.993717277486911,0.333239904608806,0.013263525305410123,0.32456140350877194,0.4869109947643979,0.013263525305410123,114,0.006367173682348737,0.9936328263176513,0.006367173682348737
medical,MLC_PA_Logistic,0.30,1,Operating Point,,0.0017764716334593635,27,,0.9886574074074074,27.679164689131465,0.313953488372093,86,0.010231481481481479,0.9900462962962963,0.7505208333333333,0.2709239471729459,0.0031250000000000444,0.08667240308371876,0.9931712962962963,0.35759635025666464,0.011342592592592593,0.2755102040816326,0.4270833333333333,0.011342592592592593,98,0.006907047529852495,0.9930929524701475,0.006907047529852495
medical,MLC_PA_Logistic,0.30,2,Operating Point,,0.0015952033294489548,33,,0.9900112233445567,35.909868099658034,0.358695652173913,92,0.00961840628507295,0.9896745230078563,0.7516835016835017,0.2832436452744115,0.0037037037037037646,0.06062393750073436,0.9933782267115601,0.34386758277514584,0.009988776655443322,0.3707865168539326,0.37373737373737376,0.009988776655443322,89,0.006688584060764113,0.9933114159392359,0.006688584060764113
medical,MLC_PA_Logistic,0.30,3,Operating Point,,0.0014158157955700163,31,,0.9908831908831909,38.63991477272728,0.3522727272727273,88,0.009230769230769232,0.98997150997151,0.7391452991452991,0.29068303492949243,0.00353276353276355,0.10377091804080041,0.9935042735042735,0.39445395297029284,0.009116809116809116,0.3875,0.3384615384615385,0.009116809116809116,80,0.006555491661874635,0.9934445083381254,0.006555491661874635
medical,MLC_PA_Logistic,0.30,4,Operating Point,,0.0013914045808056288,42,,0.9900990099009901,42.419999999999995,0.42,100,0.00935093509350935,0.988998899889989,0.7079207920792079,0.29264093614210746,0.0046204620462045876,0.06599127214954353,0.9936193619361936,0.358632208291651,0.009900990099009901,0.4666666666666667,0.33663366336633666,0.009900990099009901,90,0.006444444444444475,0.9935555555555555,0.006444444444444475
medical,MLC_PA_Logistic,0.30,5,Operating Point,,0.0015565187641119426,30,,0.9902268760907504,33.73233908948195,0.32967032967032966,91,0.010029086678301337,0.9894124490983129,0.762129144851658,0.28450591869501524,0.003490401396160636,0.041325023691826446,0.9929028504944736,0.3258309423868417,0.009773123909249564,0.35714285714285715,0.3717277486910995,0.009773123909249564,84,0.007167195394195747,0.9928328046058043,0.007167195394195747
medical,MLC_PA_Logistic,0.35,1,Operating Point,,0.0017764716334593635,21,,0.9922453703703704,31.489066296424852,0.2441860465116279,86,0.010237268518518519,0.9900462962962963,0.7505208333333333,0.2709239471729459,0.0024305555555556024,0.04723181862987874,0.9924768518518519,0.3181557658028246,0.0077546296296296295,0.31343283582089554,0.3177083333333333,0.0077546296296296295,67,0.00758194331039308,0.9924180566896069,0.00758194331039308
medical,MLC_PA_Logistic,0.35,2,Operating Point,,0.0015952033294489548,27,,0.9928170594837261,40.85767663043479,0.29347826086956524,92,0.009809203142536476,0.9896745230078563,0.7516835016835017,0.2832436452744115,0.00303030303030305,0.05312754848252649,0.9927048260381593,0.33637119375693797,0.00718294051627385,0.421875,0.2828282828282828,0.00718294051627385,64,0.0073479538774587905,0.9926520461225412,0.0073479538774587905
medical,MLC_PA_Logistic,0.35,3,Operating Point,,0.0014158157955700163,25,,0.9938461538461538,46.164772727272734,0.2840909090909091,88,0.009333333333333334,0.98997150997151,0.7391452991452991,0.29068303492949243,0.002849002849002913,0.0811180724154777,0.9928205128205129,0.3718011073449701,0.006153846153846154,0.46296296296296297,0.2358974358974359,0.006153846153846154,54,0.007223942208462342,0.9927760577915377,0.007223942208462342
medical,MLC_PA_Logistic,0.35,4,Operating Point,,0.0013914045808056288,35,,0.992959295929593,49.7109375,0.35,100,0.009614961496149616,0.988998899889989,0.7079207920792079,0.29264093614210746,0.0038503850385038785,0.0595999708157135,0.9928492849284929,0.35224090695782095,0.0070407040704070405,0.546875,0.2722772277227723,0.0070407040704070405,64,0.007201418125415415,0.9927985818745846,0.007201418125415415
medical,MLC_PA_Logistic,0.35,5,Operating Point,,0.0015565187641119426,26,,0.9925538103548575,38.37053571428571,0.2857142857142857,91,0.010168702734147762,0.9894124490983129,0.762129144851658,0.28450591869501524,0.003025014543339144,0.03969475938804573,0.9924374636416521,0.32420067808306097,0.007446189645142525,0.40625,0.3036649214659686,0.007446189645142525,64,0.007619270894385188,0.9923807291056148,0.007619270894385188
medical,MLC_PA_Logistic,0.40,1,Operating Point,,0.0017764716334593635,15,,0.9946759259259259,32.76036400404449,0.1744186046511628,86,0.010347222222222221,0.9900462962962963,0.7505208333333333,0.2709239471729459,0.0017361111111111605,0.04038126413226545,0.9917824074074074,0.3113052113052113,0.005324074074074074,0.32608695652173914,0.22395833333333334,0.005324074074074074,46,0.008261577845008139,0.9917384221549919,0.008261577845008139
medical,MLC_PA_Logistic,0.40,2,Operating Point,,0.0015952033294489548,16,,0.9958473625140292,41.8801410105758,0.17391304347826086,92,0.010190796857463524,0.9896745230078563,0.7516835016835017,0.2832436452744115,0.0017957351290684986,0.019073514931637614,0.9914702581369248,0.3023171602060491,0.004152637485970819,0.43243243243243246,0.16666666666666666,0.004152637485970819,37,0.008565310492505307,0.9914346895074947,0.008565310492505307
medical,MLC_PA_Logistic,0.40,3,Operating Point,,0.0014158157955700163,16,,0.9962393162393163,48.34710743801653,0.18181818181818182,88,0.00970940170940171,0.98997150997151,0.7391452991452991,0.29068303492949243,0.0018233618233618465,0.04141679866113246,0.9917948717948718,0.3320998335906249,0.0037606837606837607,0.48484848484848486,0.13846153846153847,0.0037606837606837607,33,0.008236101578586119,0.9917638984214139,0.008236101578586119
medical,MLC_PA_Logistic,0.40,4,Operating Point,,0.0013914045808056288,23,,0.9955995599559956,52.267500000000005,0.23,100,0.01023102310231023,0.988998899889989,0.7079207920792079,0.29264093614210746,0.00253025302530252,0.02789934899307228,0.9915291529152915,0.32054028513517974,0.0044004400440044,0.575,0.19306930693069307,0.0044004400440044,40,0.008508287292817718,0.9914917127071823,0.008508287292817718
medical,MLC_PA_Logistic,0.40,5,Operating Point,,0.0015565187641119426,18,,0.9949970913321698,39.53743930488117,0.1978021978021978,91,0.010494473531122745,0.9894124490983129,0.762129144851658,0.28450591869501524,0.0020942408376963817,0.026531069116370598,0.9915066899360093,0.31103698781138583,0.0050029086678301336,0.4186046511627907,0.21465968586387435,0.0050029086678301336,43,0.008536014967259087,0.9914639850327409,0.008536014967259087
medical,MLC_PA_Logistic,0.50,1,Operating Point,,0.0017764716334593635,0,,1.0,,0.0,86,0.009953703703703704,0.9900462962962963,0.7505208333333333,0.2709239471729459,0.0,0.0,0.9900462962962963,0.2709239471729459,0.0,,0.0,0.0,0,0.009953703703703742,0.9900462962962963,0.009953703703703742
medical,MLC_PA_Logistic,0.50,2,Operating Point,,0.0015952033294489548,0,,1.0,,0.0,92,0.010325476992143659,0.9896745230078563,0.7516835016835017,0.2832436452744115,0.0,0.0,0.9896745230078563,0.2832436452744115,0.0,,0.0,0.0,0,0.0103254769921437,0.9896745230078563,0.0103254769921437
medical,MLC_PA_Logistic,0.50,3,Operating Point,,0.0014158157955700163,0,,1.0,,0.0,88,0.010028490028490029,0.98997150997151,0.7391452991452991,0.29068303492949243,0.0,0.0,0.98997150997151,0.29068303492949243,0.0,,0.0,0.0,0,0.010028490028490045,0.98997150997151,0.010028490028490045
medical,MLC_PA_Logistic,0.50,4,Operating Point,,0.0013914045808056288,0,,1.0,,0.0,100,0.011001100110011002,0.988998899889989,0.7079207920792079,0.29264093614210746,0.0,0.0,0.988998899889989,0.29264093614210746,0.0,,0.0,0.0,0,0.011001100110010986,0.988998899889989,0.011001100110010986
medical,MLC_PA_Logistic,0.50,5,Operating Point,,0.0015565187641119426,0,,1.0,,0.0,91,0.010587550901687027,0.9894124490983129,0.762129144851658,0.28450591869501524,0.0,0.0,0.9894124490983129,0.28450591869501524,0.0,,0.0,0.0,0,0.01058755090168706,0.9894124490983129,0.01058755090168706
medical,MLC_PA_MLP,0.20,1,Operating Point,,0.0030961784864405838,104,,0.975925925925926,22.040816326530614,0.5306122448979592,196,0.015462962962962963,0.9773148148148149,0.26215277777777773,0.06497326689362266,0.012037037037036957,0.11718413306226434,0.9893518518518518,0.182157399955887,0.024074074074074074,0.5,0.8125,0.024074074074074074,208,0.010910815939278895,0.9890891840607211,0.010910815939278895
medical,MLC_PA_MLP,0.20,2,Operating Point,,0.0025264882104651812,86,,0.9753086419753086,19.902857142857144,0.49142857142857144,175,0.014927048260381597,0.9803591470258137,0.3627946127946127,0.07987896393125152,0.009652076318742986,0.11008413900118943,0.9900112233445567,0.18996310293244095,0.024691358024691357,0.39090909090909093,0.803030303030303,0.024691358024691357,220,0.01024165707710012,0.9897583429228999,0.01024165707710012
medical,MLC_PA_MLP,0.20,3,Operating Point,,0.0024560758082527155,79,,0.9767521367521368,19.642553553213194,0.45664739884393063,173,0.015361823361823363,0.9802849002849003,0.3786324786324786,0.09015482302959779,0.009002849002848978,0.09113286870253837,0.9892877492877493,0.18128769173213616,0.023247863247863248,0.3872549019607843,0.7743589743589744,0.023247863247863248,204,0.010967215027418042,0.989032784972582,0.010967215027418042
medical,MLC_PA_MLP,0.20,4,Operating Point,,0.0027769295108753893,94,,0.9743674367436743,20.03940054879336,0.5136612021857924,183,0.01491749174917492,0.9798679867986799,0.32986798679867985,0.07855991473682629,0.010341034103410252,0.11502163785084625,0.9902090209020902,0.19358155258767254,0.02563256325632563,0.4034334763948498,0.8168316831683168,0.02563256325632563,233,0.010048549170147858,0.9899514508298521,0.010048549170147858
medical,MLC_PA_MLP,0.20,5,Operating Point,,0.0028557816910218343,78,,0.9753344968004654,17.765793936824252,0.43820224719101125,178,0.01656777196044212,0.9792902850494474,0.37329842931937174,0.08501684035535313,0.009075043630017432,0.08787869335635147,0.9883653286794648,0.1728955337117046,0.024665503199534613,0.36792452830188677,0.7853403141361257,0.024665503199534613,212,0.011928903733746887,0.9880710962662531,0.011928903733746887
medical,MLC_PA_MLP,0.25,1,Operating Point,,0.0030961784864405838,91,,0.9804398148148148,23.736263736263737,0.4642857142857143,196,0.017042824074074075,0.9773148148148149,0.26215277777777773,0.06497326689362266,0.010532407407407351,0.09601617709582132,0.9878472222222222,0.16098944398944398,0.019560185185185184,0.5384615384615384,0.6927083333333334,0.019560185185185184,169,0.012395230787392242,0.9876047692126078,0.012395230787392242
medical,MLC_PA_MLP,0.25,2,Operating Point,,0.0025264882104651812,69,,0.980246913580247,19.960714285714285,0.3942857142857143,175,0.016835016835016835,0.9803591470258137,0.3627946127946127,0.07987896393125152,0.00774410774410772,0.07841126921060343,0.9881032547699214,0.15829023314185495,0.019753086419753086,0.39204545454545453,0.6868686868686869,0.019753086419753086,176,0.012136478131440365,0.9878635218685596,0.012136478131440365
medical,MLC_PA_MLP,0.25,3,Operating Point,,0.0024560758082527155,64,,0.9823361823361824,20.94350177139661,0.3699421965317919,173,0.016837606837606836,0.9802849002849003,0.3786324786324786,0.09015482302959779,0.007293447293447275,0.05835805771788263,0.9875783475783476,0.14851288074748042,0.017663817663817662,0.4129032258064516,0.6256410256410256,0.017663817663817662,155,0.012645011600928124,0.9873549883990719,0.012645011600928124
medical,MLC_PA_MLP,0.25,4,Operating Point,,0.0027769295108753893,74,,0.9801980198019802,20.420765027322403,0.40437158469945356,183,0.016941694169416942,0.9798679867986799,0.32986798679867985,0.07855991473682629,0.008140814081408099,0.07309611002187695,0.988008800880088,0.15165602475870324,0.019801980198019802,0.4111111111111111,0.693069306930693,0.019801980198019802,180,0.012233445566778856,0.9877665544332211,0.012233445566778856
medical,MLC_PA_MLP,0.25,5,Operating Point,,0.0028557816910218343,67,,0.9796393251890634,18.486837881219902,0.37640449438202245,178,0.018004653868528214,0.9792902850494474,0.37329842931937174,0.08501684035535313,0.0077952297847585506,0.07123094977197462,0.9870855148342059,0.15624779012732776,0.02036067481093659,0.38285714285714284,0.680628272251309,0.02036067481093659,175,0.013182897862232812,0.9868171021377672,0.013182897862232812
medical,MLC_PA_MLP,0.30,1,Operating Point,,0.0030961784864405838,81,,0.9840277777777777,25.874001774622897,0.413265306122449,196,0.01810185185185185,0.9773148148148149,0.26215277777777773,0.06497326689362266,0.009374999999999911,0.07502112143409899,0.9866898148148148,0.13999438832772165,0.01597222222222222,0.5869565217391305,0.59375,0.01597222222222222,138,0.013526229122559408,0.9864737708774406,0.013526229122559408
medical,MLC_PA_MLP,0.30,2,Operating Point,,0.0025264882104651812,62,,0.9839506172839506,22.07472527472527,0.35428571428571426,175,0.01749719416386083,0.9803591470258137,0.3627946127946127,0.07987896393125152,0.006958473625140238,0.06499231921488541,0.987317620650954,0.14487128314613693,0.016049382716049384,0.43356643356643354,0.5909090909090909,0.016049382716049384,143,0.012889243754990343,0.9871107562450097,0.012889243754990343
medical,MLC_PA_MLP,0.30,3,Operating Point,,0.0024560758082527155,55,,0.9856410256410256,22.140792733278282,0.3179190751445087,173,0.017754985754985755,0.9802849002849003,0.3786324786324786,0.09015482302959779,0.0062678062678062085,0.04931076941040313,0.9865527065527065,0.13946559244000092,0.014358974358974359,0.4365079365079365,0.5128205128205128,0.014358974358974359,126,0.01364319574517281,0.9863568042548272,0.01364319574517281
medical,MLC_PA_MLP,0.30,4,Operating Point,,0.0027769295108753893,57,,0.985038503850385,20.818466730954675,0.3114754098360656,183,0.018349834983498348,0.9798679867986799,0.32986798679867985,0.07855991473682629,0.006270627062706202,0.05218806807710112,0.9861386138613861,0.1307479828139274,0.014961496149614962,0.41911764705882354,0.5445544554455446,0.014961496149614962,136,0.014071923162832234,0.9859280768371678,0.014071923162832234
medical,MLC_PA_MLP,0.30,5,Operating Point,,0.0028557816910218343,55,,0.983827806864456,19.106175733570446,0.3089887640449438,178,0.019162303664921464,0.9792902850494474,0.37329842931937174,0.08501684035535313,0.006399069226294296,0.058827200239917346,0.9856893542757417,0.14384404059527048,0.01617219313554392,0.39568345323741005,0.5759162303664922,0.01617219313554392,139,0.014545884578997192,0.9854541154210028,0.014545884578997192
medical,MLC_PA_MLP,0.35,1,Operating Point,,0.0030961784864405838,62,,0.9880787037037037,26.534574995046565,0.3163265306122449,196,0.01968171296296296,0.9773148148148149,0.26215277777777773,0.06497326689362266,0.007175925925925863,0.049555773952392884,0.9844907407407407,0.11452904084601555,0.011921296296296296,0.6019417475728155,0.46875,0.011921296296296296,103,0.015696380461520443,0.9843036195384796,0.015696380461520443
medical,MLC_PA_MLP,0.35,2,Operating Point,,0.0025264882104651812,46,,0.9882154882154882,22.30530612244898,0.26285714285714284,175,0.0186026936026936,0.9803591470258137,0.3627946127946127,0.07987896393125152,0.005162738496071739,0.03830228200375535,0.9855218855218855,0.11818124593500687,0.011784511784511785,0.4380952380952381,0.4595959595959596,0.011784511784511785,105,0.014650766609880739,0.9853492333901193,0.014650766609880739
medical,MLC_PA_MLP,0.35,3,Operating Point,,0.0024560758082527155,45,,0.9891737891737892,24.026467903863704,0.26011560693641617,173,0.018376068376068377,0.9802849002849003,0.3786324786324786,0.09015482302959779,0.00512820512820511,0.03801117985747901,0.9854131054131055,0.1281660028870768,0.010826210826210826,0.47368421052631576,0.39487179487179486,0.010826210826210826,95,0.014746543778801802,0.9852534562211982,0.014746543778801802
medical,MLC_PA_MLP,0.35,4,Operating Point,,0.0027769295108753893,46,,0.9881188118811881,21.15664845173042,0.25136612021857924,183,0.019229922992299225,0.9798679867986799,0.32986798679867985,0.07855991473682629,0.00506050605060504,0.0361581602007134,0.984928492849285,0.11471807493753969,0.011881188118811881,0.42592592592592593,0.4504950495049505,0.011881188118811881,108,0.015252727677577349,0.9847472723224227,0.015252727677577349
medical,MLC_PA_MLP,0.35,5,Operating Point,,0.0028557816910218343,40,,0.9887143688190808,19.911965712961887,0.2247191011235955,178,0.020005817335660266,0.9792902850494474,0.37329842931937174,0.08501684035535313,0.0046538685282140335,0.03921188416748904,0.9839441535776614,0.12422872452284217,0.01128563118091914,0.41237113402061853,0.4293193717277487,0.01128563118091914,97,0.01623911508590259,0.9837608849140974,0.01623911508590259
medical,MLC_PA_MLP,0.40,1,Operating Point,,0.0030961784864405838,43,,0.9921296296296296,27.875150060024012,0.2193877551020408,196,0.020856481481481483,0.9773148148148149,0.26215277777777773,0.06497326689362266,0.004976851851851816,0.039144978812225825,0.9822916666666667,0.10411824570584849,0.00787037037037037,0.6323529411764706,0.3177083333333333,0.00787037037037037,68,0.017848810079328037,0.982151189920672,0.017848810079328037
medical,MLC_PA_MLP,0.40,2,Operating Point,,0.0025264882104651812,34,,0.9919191919191919,24.04285714285714,0.19428571428571428,175,0.019057239057239057,0.9803591470258137,0.3627946127946127,0.07987896393125152,0.003815937149270421,0.020872810768229735,0.9841750841750841,0.10075177469948125,0.00808080808080808,0.4722222222222222,0.3282828282828283,0.00808080808080808,72,0.015953835709436537,0.9840461642905635,0.015953835709436537
medical,MLC_PA_MLP,0.40,3,Operating Point,,0.0024560758082527155,29,,0.9938461538461538,27.239884393063583,0.1676300578034682,173,0.01887179487179487,0.9802849002849003,0.3786324786324786,0.09015482302959779,0.0033048433048432635,0.025204872505536338,0.9835897435897436,0.11535969553513413,0.006153846153846154,0.5370370370370371,0.26153846153846155,0.006153846153846154,54,0.016511867905056765,0.9834881320949432,0.016511867905056765
medical,MLC_PA_MLP,0.40,4,Operating Point,,0.0027769295108753893,30,,0.9924092409240924,21.596578759800426,0.16393442622950818,183,0.01986798679867987,0.9798679867986799,0.32986798679867985,0.07855991473682629,0.0033003300330032292,0.025352672019338676,0.9831683168316832,0.10391258675616497,0.007590759075907591,0.43478260869565216,0.30198019801980197,0.007590759075907591,69,0.016960425673428703,0.9830395743265713,0.016960425673428703
medical,MLC_PA_MLP,0.40,5,Operating Point,,0.0028557816910218343,29,,0.9923211169284468,21.21680286006129,0.16292134831460675,178,0.020407213496218737,0.9792902850494474,0.37329842931937174,0.08501684035535313,0.003374054682955152,0.032798087034042356,0.9826643397324025,0.11781492738939549,0.007678883071553229,0.4393939393939394,0.31413612565445026,0.007678883071553229,66,0.017469808887325633,0.9825301911126744,0.017469808887325633
medical,MLC_PA_MLP,0.50,1,Operating Point,,0.0030961784864405838,0,,1.0,,0.0,196,0.022685185185185187,0.9773148148148149,0.26215277777777773,0.06497326689362266,0.0,0.0,0.9773148148148149,0.06497326689362266,0.0,,0.0,0.0,0,0.02268518518518514,0.9773148148148149,0.02268518518518514
medical,MLC_PA_MLP,0.50,2,Operating Point,,0.0025264882104651812,0,,1.0,,0.0,175,0.01964085297418631,0.9803591470258137,0.3627946127946127,0.07987896393125152,0.0,0.0,0.9803591470258137,0.07987896393125152,0.0,,0.0,0.0,0,0.019640852974186274,0.9803591470258137,0.019640852974186274
medical,MLC_PA_MLP,0.50,3,Operating Point,,0.0024560758082527155,0,,1.0,,0.0,173,0.019715099715099715,0.9802849002849003,0.3786324786324786,0.09015482302959779,0.0,0.0,0.9802849002849003,0.09015482302959779,0.0,,0.0,0.0,0,0.01971509971509966,0.9802849002849003,0.01971509971509966
medical,MLC_PA_MLP,0.50,4,Operating Point,,0.0027769295108753893,0,,1.0,,0.0,183,0.02013201320132013,0.9798679867986799,0.32986798679867985,0.07855991473682629,0.0,0.0,0.9798679867986799,0.07855991473682629,0.0,,0.0,0.0,0,0.020132013201320076,0.9798679867986799,0.020132013201320076
medical,MLC_PA_MLP,0.50,5,Operating Point,,0.0028557816910218343,0,,1.0,,0.0,178,0.020709714950552648,0.9792902850494474,0.37329842931937174,0.08501684035535313,0.0,0.0,0.9792902850494474,0.08501684035535313,0.0,,0.0,0.0,0,0.020709714950552627,0.9792902850494474,0.020709714950552627
medical,GSI_MLC_PA_Logistic,0.20,1,Operating Point,,0.0017133656539960224,3,,0.9974537037037037,13.09090909090909,0.03333333333333333,90,0.00965277777777778,0.9895833333333334,0.7390624999999998,0.26456759177311223,0.0012731481481481621,0.062992836616025,0.9908564814814815,0.32756042838913724,0.0025462962962962965,0.13636363636363635,0.11458333333333333,0.0025462962962962965,22,0.009166860060338844,0.9908331399396612,0.009166860060338844
medical,GSI_MLC_PA_Logistic,0.20,2,Operating Point,,0.0015859200793345365,6,,0.997979797979798,31.595744680851062,0.06382978723404255,94,0.01095398428731762,0.9894500561167228,0.7466329966329966,0.2716666594835892,0.0,0.0861664805200506,0.9894500561167228,0.3578331400036398,0.00202020202020202,0.3333333333333333,0.08585858585858586,0.00202020202020202,18,0.0105713000449843,0.9894286999550157,0.0105713000449843
medical,GSI_MLC_PA_Logistic,0.20,3,Operating Point,,0.001363308480904725,5,,0.997037037037037,19.622093023255815,0.05813953488372093,86,0.009595441595441597,0.9901994301994302,0.7494017094017094,0.29325966285063215,0.0007977207977207801,0.07109890049184553,0.990997150997151,0.3643585633424777,0.002962962962962963,0.19230769230769232,0.11794871794871795,0.002962962962962963,26,0.009029603383243767,0.9909703966167562,0.009029603383243767
medical,GSI_MLC_PA_Logistic,0.20,4,Operating Point,,0.0013955597409806627,26,,0.988008800880088,22.12507021157087,0.2653061224489796,98,0.00987898789878988,0.9892189218921892,0.707095709570957,0.28250122628045127,0.0033003300330033403,0.0919866286518205,0.9925192519251925,0.37448785493227177,0.011991199119911991,0.23853211009174313,0.43564356435643564,0.011991199119911991,109,0.007571539917603842,0.9924284600823962,0.007571539917603842
medical,GSI_MLC_PA_Logistic,0.20,5,Operating Point,,0.0015224463712880916,8,,0.996044211751018,22.723066754791805,0.0898876404494382,89,0.01009889470622455,0.9896451425247237,0.7726003490401396,0.2861867986851277,0.0010471204188481353,0.06001302391912178,0.9906922629435718,0.3461998226042495,0.003955788248981966,0.23529411764705882,0.16753926701570682,0.003955788248981966,34,0.009344702721644671,0.9906552972783553,0.009344702721644671
medical,GSI_MLC_PA_Logistic,0.25,1,Operating Point,,0.0017133656539960224,3,,0.9974537037037037,13.09090909090909,0.03333333333333333,90,0.009780092592592592,0.9895833333333334,0.7390624999999998,0.26456759177311223,0.0012731481481481621,0.062992836616025,0.9908564814814815,0.32756042838913724,0.0025462962962962965,0.13636363636363635,0.11458333333333333,0.0025462962962962965,22,0.009166860060338844,0.9908331399396612,0.009166860060338844
medical,GSI_MLC_PA_Logistic,0.25,2,Operating Point,,0.0015859200793345365,6,,0.997979797979798,31.595744680851062,0.06382978723404255,94,0.011054994388327721,0.9894500561167228,0.7466329966329966,0.2716666594835892,0.0,0.0861664805200506,0.9894500561167228,0.3578331400036398,0.00202020202020202,0.3333333333333333,0.08585858585858586,0.00202020202020202,18,0.0105713000449843,0.9894286999550157,0.0105713000449843
medical,GSI_MLC_PA_Logistic,0.25,3,Operating Point,,0.001363308480904725,5,,0.997037037037037,19.622093023255815,0.05813953488372093,86,0.009743589743589744,0.9901994301994302,0.7494017094017094,0.29325966285063215,0.0007977207977207801,0.07109890049184553,0.990997150997151,0.3643585633424777,0.002962962962962963,0.19230769230769232,0.11794871794871795,0.002962962962962963,26,0.009029603383243767,0.9909703966167562,0.009029603383243767
medical,GSI_MLC_PA_Logistic,0.25,4,Operating Point,,0.0013955597409806627,26,,0.988008800880088,22.12507021157087,0.2653061224489796,98,0.010478547854785478,0.9892189218921892,0.707095709570957,0.28250122628045127,0.0033003300330033403,0.0919866286518205,0.9925192519251925,0.37448785493227177,0.011991199119911991,0.23853211009174313,0.43564356435643564,0.011991199119911991,109,0.007571539917603842,0.9924284600823962,0.007571539917603842
medical,GSI_MLC_PA_Logistic,0.25,5,Operating Point,,0.0015224463712880916,8,,0.996044211751018,22.723066754791805,0.0898876404494382,89,0.010296684118673648,0.9896451425247237,0.7726003490401396,0.2861867986851277,0.0010471204188481353,0.06001302391912178,0.9906922629435718,0.3461998226042495,0.003955788248981966,0.23529411764705882,0.16753926701570682,0.003955788248981966,34,0.009344702721644671,0.9906552972783553,0.009344702721644671
medical,GSI_MLC_PA_Logistic,0.30,1,Operating Point,,0.0017133656539960224,3,,0.9974537037037037,13.09090909090909,0.03333333333333333,90,0.009907407407407406,0.9895833333333334,0.7390624999999998,0.26456759177311223,0.0012731481481481621,0.062992836616025,0.9908564814814815,0.32756042838913724,0.0025462962962962965,0.13636363636363635,0.11458333333333333,0.0025462962962962965,22,0.009166860060338844,0.9908331399396612,0.009166860060338844
medical,GSI_MLC_PA_Logistic,0.30,2,Operating Point,,0.0015859200793345365,6,,0.997979797979798,31.595744680851062,0.06382978723404255,94,0.011156004489337823,0.9894500561167228,0.7466329966329966,0.2716666594835892,0.0,0.0861664805200506,0.9894500561167228,0.3578331400036398,0.00202020202020202,0.3333333333333333,0.08585858585858586,0.00202020202020202,18,0.0105713000449843,0.9894286999550157,0.0105713000449843
medical,GSI_MLC_PA_Logistic,0.30,3,Operating Point,,0.001363308480904725,5,,0.997037037037037,19.622093023255815,0.05813953488372093,86,0.00989173789173789,0.9901994301994302,0.7494017094017094,0.29325966285063215,0.0007977207977207801,0.07109890049184553,0.990997150997151,0.3643585633424777,0.002962962962962963,0.19230769230769232,0.11794871794871795,0.002962962962962963,26,0.009029603383243767,0.9909703966167562,0.009029603383243767
medical,GSI_MLC_PA_Logistic,0.30,4,Operating Point,,0.0013955597409806627,26,,0.988008800880088,22.12507021157087,0.2653061224489796,98,0.011078107810781076,0.9892189218921892,0.707095709570957,0.28250122628045127,0.0033003300330033403,0.0919866286518205,0.9925192519251925,0.37448785493227177,0.011991199119911991,0.23853211009174313,0.43564356435643564,0.011991199119911991,109,0.007571539917603842,0.9924284600823962,0.007571539917603842
medical,GSI_MLC_PA_Logistic,0.30,5,Operating Point,,0.0015224463712880916,8,,0.996044211751018,22.723066754791805,0.0898876404494382,89,0.010494473531122744,0.9896451425247237,0.7726003490401396,0.2861867986851277,0.0010471204188481353,0.06001302391912178,0.9906922629435718,0.3461998226042495,0.003955788248981966,0.23529411764705882,0.16753926701570682,0.003955788248981966,34,0.009344702721644671,0.9906552972783553,0.009344702721644671
medical,GSI_MLC_PA_Logistic,0.35,1,Operating Point,,0.0017133656539960224,3,,0.9974537037037037,13.09090909090909,0.03333333333333333,90,0.010034722222222221,0.9895833333333334,0.7390624999999998,0.26456759177311223,0.0012731481481481621,0.062992836616025,0.9908564814814815,0.32756042838913724,0.0025462962962962965,0.13636363636363635,0.11458333333333333,0.0025462962962962965,22,0.009166860060338844,0.9908331399396612,0.009166860060338844
medical,GSI_MLC_PA_Logistic,0.35,2,Operating Point,,0.0015859200793345365,6,,0.997979797979798,31.595744680851062,0.06382978723404255,94,0.011257014590347923,0.9894500561167228,0.7466329966329966,0.2716666594835892,0.0,0.0861664805200506,0.9894500561167228,0.3578331400036398,0.00202020202020202,0.3333333333333333,0.08585858585858586,0.00202020202020202,18,0.0105713000449843,0.9894286999550157,0.0105713000449843
medical,GSI_MLC_PA_Logistic,0.35,3,Operating Point,,0.001363308480904725,5,,0.997037037037037,19.622093023255815,0.05813953488372093,86,0.010039886039886039,0.9901994301994302,0.7494017094017094,0.29325966285063215,0.0007977207977207801,0.07109890049184553,0.990997150997151,0.3643585633424777,0.002962962962962963,0.19230769230769232,0.11794871794871795,0.002962962962962963,26,0.009029603383243767,0.9909703966167562,0.009029603383243767
medical,GSI_MLC_PA_Logistic,0.35,4,Operating Point,,0.0013955597409806627,26,,0.988008800880088,22.12507021157087,0.2653061224489796,98,0.011677667766776678,0.9892189218921892,0.707095709570957,0.28250122628045127,0.0033003300330033403,0.0919866286518205,0.9925192519251925,0.37448785493227177,0.011991199119911991,0.23853211009174313,0.43564356435643564,0.011991199119911991,109,0.007571539917603842,0.9924284600823962,0.007571539917603842
medical,GSI_MLC_PA_Logistic,0.35,5,Operating Point,,0.0015224463712880916,8,,0.996044211751018,22.723066754791805,0.0898876404494382,89,0.010692262943571845,0.9896451425247237,0.7726003490401396,0.2861867986851277,0.0010471204188481353,0.06001302391912178,0.9906922629435718,0.3461998226042495,0.003955788248981966,0.23529411764705882,0.16753926701570682,0.003955788248981966,34,0.009344702721644671,0.9906552972783553,0.009344702721644671
medical,GSI_MLC_PA_Logistic,0.40,1,Operating Point,,0.0017133656539960224,3,,0.9974537037037037,13.09090909090909,0.03333333333333333,90,0.010162037037037039,0.9895833333333334,0.7390624999999998,0.26456759177311223,0.0012731481481481621,0.062992836616025,0.9908564814814815,0.32756042838913724,0.0025462962962962965,0.13636363636363635,0.11458333333333333,0.0025462962962962965,22,0.009166860060338844,0.9908331399396612,0.009166860060338844
medical,GSI_MLC_PA_Logistic,0.40,2,Operating Point,,0.0015859200793345365,6,,0.997979797979798,31.595744680851062,0.06382978723404255,94,0.011358024691358024,0.9894500561167228,0.7466329966329966,0.2716666594835892,0.0,0.0861664805200506,0.9894500561167228,0.3578331400036398,0.00202020202020202,0.3333333333333333,0.08585858585858586,0.00202020202020202,18,0.0105713000449843,0.9894286999550157,0.0105713000449843
medical,GSI_MLC_PA_Logistic,0.40,3,Operating Point,,0.001363308480904725,5,,0.997037037037037,19.622093023255815,0.05813953488372093,86,0.01018803418803419,0.9901994301994302,0.7494017094017094,0.29325966285063215,0.0007977207977207801,0.07109890049184553,0.990997150997151,0.3643585633424777,0.002962962962962963,0.19230769230769232,0.11794871794871795,0.002962962962962963,26,0.009029603383243767,0.9909703966167562,0.009029603383243767
medical,GSI_MLC_PA_Logistic,0.40,4,Operating Point,,0.0013955597409806627,26,,0.988008800880088,22.12507021157087,0.2653061224489796,98,0.012277227722772276,0.9892189218921892,0.707095709570957,0.28250122628045127,0.0033003300330033403,0.0919866286518205,0.9925192519251925,0.37448785493227177,0.011991199119911991,0.23853211009174313,0.43564356435643564,0.011991199119911991,109,0.007571539917603842,0.9924284600823962,0.007571539917603842
medical,GSI_MLC_PA_Logistic,0.40,5,Operating Point,,0.0015224463712880916,8,,0.996044211751018,22.723066754791805,0.0898876404494382,89,0.010890052356020941,0.9896451425247237,0.7726003490401396,0.2861867986851277,0.0010471204188481353,0.06001302391912178,0.9906922629435718,0.3461998226042495,0.003955788248981966,0.23529411764705882,0.16753926701570682,0.003955788248981966,34,0.009344702721644671,0.9906552972783553,0.009344702721644671
medical,GSI_MLC_PA_Logistic,0.50,1,Operating Point,,0.0017133656539960224,3,,0.9974537037037037,13.09090909090909,0.03333333333333333,90,0.010416666666666666,0.9895833333333334,0.7390624999999998,0.26456759177311223,0.0012731481481481621,0.062992836616025,0.9908564814814815,0.32756042838913724,0.0025462962962962965,0.13636363636363635,0.11458333333333333,0.0025462962962962965,22,0.009166860060338844,0.9908331399396612,0.009166860060338844
medical,GSI_MLC_PA_Logistic,0.50,2,Operating Point,,0.0015859200793345365,6,,0.997979797979798,31.595744680851062,0.06382978723404255,94,0.011560044893378228,0.9894500561167228,0.7466329966329966,0.2716666594835892,0.0,0.0861664805200506,0.9894500561167228,0.3578331400036398,0.00202020202020202,0.3333333333333333,0.08585858585858586,0.00202020202020202,18,0.0105713000449843,0.9894286999550157,0.0105713000449843
medical,GSI_MLC_PA_Logistic,0.50,3,Operating Point,,0.001363308480904725,5,,0.997037037037037,19.622093023255815,0.05813953488372093,86,0.010484330484330484,0.9901994301994302,0.7494017094017094,0.29325966285063215,0.0007977207977207801,0.07109890049184553,0.990997150997151,0.3643585633424777,0.002962962962962963,0.19230769230769232,0.11794871794871795,0.002962962962962963,26,0.009029603383243767,0.9909703966167562,0.009029603383243767
medical,GSI_MLC_PA_Logistic,0.50,4,Operating Point,,0.0013955597409806627,26,,0.988008800880088,22.12507021157087,0.2653061224489796,98,0.013476347634763476,0.9892189218921892,0.707095709570957,0.28250122628045127,0.0033003300330033403,0.0919866286518205,0.9925192519251925,0.37448785493227177,0.011991199119911991,0.23853211009174313,0.43564356435643564,0.011991199119911991,109,0.007571539917603842,0.9924284600823962,0.007571539917603842
medical,GSI_MLC_PA_Logistic,0.50,5,Operating Point,,0.0015224463712880916,8,,0.996044211751018,22.723066754791805,0.0898876404494382,89,0.01128563118091914,0.9896451425247237,0.7726003490401396,0.2861867986851277,0.0010471204188481353,0.06001302391912178,0.9906922629435718,0.3461998226042495,0.003955788248981966,0.23529411764705882,0.16753926701570682,0.003955788248981966,34,0.009344702721644671,0.9906552972783553,0.009344702721644671
medical,GSI_MLC_PA_MLP,0.20,1,Operating Point,,0.004945202423496196,66,,0.9717592592592592,12.70135424091233,0.358695652173913,184,0.01965277777777778,0.9787037037037037,0.3524305555555555,0.12465409980026203,0.007291666666666585,0.16010884718662716,0.9859953703703703,0.2847629469868892,0.02824074074074074,0.27049180327868855,0.7916666666666666,0.02824074074074074,244,0.01441162458313483,0.9855883754168652,0.01441162458313483
medical,GSI_MLC_PA_MLP,0.20,2,Operating Point,,0.003837310411571611,90,,0.9735129068462401,18.07383699963938,0.4787234042553192,188,0.01652076318742986,0.9789001122334455,0.4001683501683501,0.1246808914530936,0.009876543209876631,0.11867045435777313,0.9887766554433222,0.24335134581086673,0.02648709315375982,0.3813559322033898,0.7575757575757576,0.02648709315375982,236,0.011528706479133066,0.9884712935208669,0.011528706479133066
medical,GSI_MLC_PA_MLP,0.20,3,Operating Point,,0.004119901768492667,83,,0.9710541310541311,15.930118110236222,0.46111111111111114,180,0.016843304843304846,0.9794871794871794,0.39658119658119656,0.11730419540817096,0.009458689458689551,0.20945877017708864,0.988945868945869,0.3267629655852596,0.028945868945868945,0.32677165354330706,0.7589743589743589,0.028945868945868945,254,0.011383640417791385,0.9886163595822086,0.011383640417791385
medical,GSI_MLC_PA_MLP,0.20,4,Operating Point,,0.003208472082674663,78,,0.9599559955995599,11.457983193277311,0.4588235294117647,170,0.01845984598459846,0.9812981298129813,0.4346534653465347,0.1624061370728037,0.008250825082508295,0.20802832172874686,0.9895489548954896,0.37043445880155057,0.04004400440044004,0.21428571428571427,0.8217821782178217,0.04004400440044004,364,0.010887004354801721,0.9891129956451983,0.010887004354801721
medical,GSI_MLC_PA_MLP,0.20,5,Operating Point,,0.0041894522761635735,54,,0.9794066317626527,15.424725822532402,0.3176470588235294,170,0.017847585805700995,0.9802210587550901,0.42652705061082025,0.12488335486239051,0.006050029086678288,0.15847299880452925,0.9862710878417684,0.28335635366691975,0.020593368237347295,0.3050847457627119,0.5392670157068062,0.020593368237347295,177,0.014017581373247823,0.9859824186267522,0.014017581373247823
medical,GSI_MLC_PA_MLP,0.25,1,Operating Point,,0.004945202423496196,66,,0.9717592592592592,12.70135424091233,0.358695652173913,184,0.021064814814814814,0.9787037037037037,0.3524305555555555,0.12465409980026203,0.007291666666666585,0.16010884718662716,0.9859953703703703,0.2847629469868892,0.02824074074074074,0.27049180327868855,0.7916666666666666,0.02824074074074074,244,0.01441162458313483,0.9855883754168652,0.01441162458313483
medical,GSI_MLC_PA_MLP,0.25,2,Operating Point,,0.003837310411571611,90,,0.9735129068462401,18.07383699963938,0.4787234042553192,188,0.017845117845117844,0.9789001122334455,0.4001683501683501,0.1246808914530936,0.009876543209876631,0.11867045435777313,0.9887766554433222,0.24335134581086673,0.02648709315375982,0.3813559322033898,0.7575757575757576,0.02648709315375982,236,0.011528706479133066,0.9884712935208669,0.011528706479133066
medical,GSI_MLC_PA_MLP,0.25,3,Operating Point,,0.004119901768492667,83,,0.9710541310541311,15.930118110236222,0.46111111111111114,180,0.01829059829059829,0.9794871794871794,0.39658119658119656,0.11730419540817096,0.009458689458689551,0.20945877017708864,0.988945868945869,0.3267629655852596,0.028945868945868945,0.32677165354330706,0.7589743589743589,0.028945868945868945,254,0.011383640417791385,0.9886163595822086,0.011383640417791385
medical,GSI_MLC_PA_MLP,0.25,4,Operating Point,,0.003208472082674663,78,,0.9599559955995599,11.457983193277311,0.4588235294117647,170,0.02046204620462046,0.9812981298129813,0.4346534653465347,0.1624061370728037,0.008250825082508295,0.20802832172874686,0.9895489548954896,0.37043445880155057,0.04004400440044004,0.21428571428571427,0.8217821782178217,0.04004400440044004,364,0.010887004354801721,0.9891129956451983,0.010887004354801721
medical,GSI_MLC_PA_MLP,0.25,5,Operating Point,,0.0041894522761635735,54,,0.9794066317626527,15.424725822532402,0.3176470588235294,170,0.018877254217568355,0.9802210587550901,0.42652705061082025,0.12488335486239051,0.006050029086678288,0.15847299880452925,0.9862710878417684,0.28335635366691975,0.020593368237347295,0.3050847457627119,0.5392670157068062,0.020593368237347295,177,0.014017581373247823,0.9859824186267522,0.014017581373247823
medical,GSI_MLC_PA_MLP,0.30,1,Operating Point,,0.004945202423496196,66,,0.9717592592592592,12.70135424091233,0.358695652173913,184,0.022476851851851855,0.9787037037037037,0.3524305555555555,0.12465409980026203,0.007291666666666585,0.16010884718662716,0.9859953703703703,0.2847629469868892,0.02824074074074074,0.27049180327868855,0.7916666666666666,0.02824074074074074,244,0.01441162458313483,0.9855883754168652,0.01441162458313483
medical,GSI_MLC_PA_MLP,0.30,2,Operating Point,,0.003837310411571611,90,,0.9735129068462401,18.07383699963938,0.4787234042553192,188,0.019169472502805835,0.9789001122334455,0.4001683501683501,0.1246808914530936,0.009876543209876631,0.11867045435777313,0.9887766554433222,0.24335134581086673,0.02648709315375982,0.3813559322033898,0.7575757575757576,0.02648709315375982,236,0.011528706479133066,0.9884712935208669,0.011528706479133066
medical,GSI_MLC_PA_MLP,0.30,3,Operating Point,,0.004119901768492667,83,,0.9710541310541311,15.930118110236222,0.46111111111111114,180,0.019737891737891738,0.9794871794871794,0.39658119658119656,0.11730419540817096,0.009458689458689551,0.20945877017708864,0.988945868945869,0.3267629655852596,0.028945868945868945,0.32677165354330706,0.7589743589743589,0.028945868945868945,254,0.011383640417791385,0.9886163595822086,0.011383640417791385
medical,GSI_MLC_PA_MLP,0.30,4,Operating Point,,0.003208472082674663,78,,0.9599559955995599,11.457983193277311,0.4588235294117647,170,0.022464246424642464,0.9812981298129813,0.4346534653465347,0.1624061370728037,0.008250825082508295,0.20802832172874686,0.9895489548954896,0.37043445880155057,0.04004400440044004,0.21428571428571427,0.8217821782178217,0.04004400440044004,364,0.010887004354801721,0.9891129956451983,0.010887004354801721
medical,GSI_MLC_PA_MLP,0.30,5,Operating Point,,0.0041894522761635735,54,,0.9794066317626527,15.424725822532402,0.3176470588235294,170,0.019906922629435716,0.9802210587550901,0.42652705061082025,0.12488335486239051,0.006050029086678288,0.15847299880452925,0.9862710878417684,0.28335635366691975,0.020593368237347295,0.3050847457627119,0.5392670157068062,0.020593368237347295,177,0.014017581373247823,0.9859824186267522,0.014017581373247823
medical,GSI_MLC_PA_MLP,0.35,1,Operating Point,,0.004945202423496196,66,,0.9717592592592592,12.70135424091233,0.358695652173913,184,0.023888888888888887,0.9787037037037037,0.3524305555555555,0.12465409980026203,0.007291666666666585,0.16010884718662716,0.9859953703703703,0.2847629469868892,0.02824074074074074,0.27049180327868855,0.7916666666666666,0.02824074074074074,244,0.01441162458313483,0.9855883754168652,0.01441162458313483
medical,GSI_MLC_PA_MLP,0.35,2,Operating Point,,0.003837310411571611,90,,0.9735129068462401,18.07383699963938,0.4787234042553192,188,0.020493827160493822,0.9789001122334455,0.4001683501683501,0.1246808914530936,0.009876543209876631,0.11867045435777313,0.9887766554433222,0.24335134581086673,0.02648709315375982,0.3813559322033898,0.7575757575757576,0.02648709315375982,236,0.011528706479133066,0.9884712935208669,0.011528706479133066
medical,GSI_MLC_PA_MLP,0.35,3,Operating Point,,0.004119901768492667,83,,0.9710541310541311,15.930118110236222,0.46111111111111114,180,0.021185185185185182,0.9794871794871794,0.39658119658119656,0.11730419540817096,0.009458689458689551,0.20945877017708864,0.988945868945869,0.3267629655852596,0.028945868945868945,0.32677165354330706,0.7589743589743589,0.028945868945868945,254,0.011383640417791385,0.9886163595822086,0.011383640417791385
medical,GSI_MLC_PA_MLP,0.35,4,Operating Point,,0.003208472082674663,78,,0.9599559955995599,11.457983193277311,0.4588235294117647,170,0.024466446644664464,0.9812981298129813,0.4346534653465347,0.1624061370728037,0.008250825082508295,0.20802832172874686,0.9895489548954896,0.37043445880155057,0.04004400440044004,0.21428571428571427,0.8217821782178217,0.04004400440044004,364,0.010887004354801721,0.9891129956451983,0.010887004354801721
medical,GSI_MLC_PA_MLP,0.35,5,Operating Point,,0.0041894522761635735,54,,0.9794066317626527,15.424725822532402,0.3176470588235294,170,0.02093659104130308,0.9802210587550901,0.42652705061082025,0.12488335486239051,0.006050029086678288,0.15847299880452925,0.9862710878417684,0.28335635366691975,0.020593368237347295,0.3050847457627119,0.5392670157068062,0.020593368237347295,177,0.014017581373247823,0.9859824186267522,0.014017581373247823
medical,GSI_MLC_PA_MLP,0.40,1,Operating Point,,0.004945202423496196,66,,0.9717592592592592,12.70135424091233,0.358695652173913,184,0.025300925925925928,0.9787037037037037,0.3524305555555555,0.12465409980026203,0.007291666666666585,0.16010884718662716,0.9859953703703703,0.2847629469868892,0.02824074074074074,0.27049180327868855,0.7916666666666666,0.02824074074074074,244,0.01441162458313483,0.9855883754168652,0.01441162458313483
medical,GSI_MLC_PA_MLP,0.40,2,Operating Point,,0.003837310411571611,90,,0.9735129068462401,18.07383699963938,0.4787234042553192,188,0.021818181818181823,0.9789001122334455,0.4001683501683501,0.1246808914530936,0.009876543209876631,0.11867045435777313,0.9887766554433222,0.24335134581086673,0.02648709315375982,0.3813559322033898,0.7575757575757576,0.02648709315375982,236,0.011528706479133066,0.9884712935208669,0.011528706479133066
medical,GSI_MLC_PA_MLP,0.40,3,Operating Point,,0.004119901768492667,83,,0.9710541310541311,15.930118110236222,0.46111111111111114,180,0.022632478632478636,0.9794871794871794,0.39658119658119656,0.11730419540817096,0.009458689458689551,0.20945877017708864,0.988945868945869,0.3267629655852596,0.028945868945868945,0.32677165354330706,0.7589743589743589,0.028945868945868945,254,0.011383640417791385,0.9886163595822086,0.011383640417791385
medical,GSI_MLC_PA_MLP,0.40,4,Operating Point,,0.003208472082674663,78,,0.9599559955995599,11.457983193277311,0.4588235294117647,170,0.026468646864686474,0.9812981298129813,0.4346534653465347,0.1624061370728037,0.008250825082508295,0.20802832172874686,0.9895489548954896,0.37043445880155057,0.04004400440044004,0.21428571428571427,0.8217821782178217,0.04004400440044004,364,0.010887004354801721,0.9891129956451983,0.010887004354801721
medical,GSI_MLC_PA_MLP,0.40,5,Operating Point,,0.0041894522761635735,54,,0.9794066317626527,15.424725822532402,0.3176470588235294,170,0.02196625945317045,0.9802210587550901,0.42652705061082025,0.12488335486239051,0.006050029086678288,0.15847299880452925,0.9862710878417684,0.28335635366691975,0.020593368237347295,0.3050847457627119,0.5392670157068062,0.020593368237347295,177,0.014017581373247823,0.9859824186267522,0.014017581373247823
medical,GSI_MLC_PA_MLP,0.50,1,Operating Point,,0.004945202423496196,66,,0.9717592592592592,12.70135424091233,0.358695652173913,184,0.028125,0.9787037037037037,0.3524305555555555,0.12465409980026203,0.007291666666666585,0.16010884718662716,0.9859953703703703,0.2847629469868892,0.02824074074074074,0.27049180327868855,0.7916666666666666,0.02824074074074074,244,0.01441162458313483,0.9855883754168652,0.01441162458313483
medical,GSI_MLC_PA_MLP,0.50,2,Operating Point,,0.003837310411571611,90,,0.9735129068462401,18.07383699963938,0.4787234042553192,188,0.0244668911335578,0.9789001122334455,0.4001683501683501,0.1246808914530936,0.009876543209876631,0.11867045435777313,0.9887766554433222,0.24335134581086673,0.02648709315375982,0.3813559322033898,0.7575757575757576,0.02648709315375982,236,0.011528706479133066,0.9884712935208669,0.011528706479133066
medical,GSI_MLC_PA_MLP,0.50,3,Operating Point,,0.004119901768492667,83,,0.9710541310541311,15.930118110236222,0.46111111111111114,180,0.025527065527065528,0.9794871794871794,0.39658119658119656,0.11730419540817096,0.009458689458689551,0.20945877017708864,0.988945868945869,0.3267629655852596,0.028945868945868945,0.32677165354330706,0.7589743589743589,0.028945868945868945,254,0.011383640417791385,0.9886163595822086,0.011383640417791385
medical,GSI_MLC_PA_MLP,0.50,4,Operating Point,,0.003208472082674663,57,,0.9756875687568757,13.79105669417088,0.3352941176470588,170,0.04174917491749175,0.9812981298129813,0.4346534653465347,0.1624061370728037,-0.0108910891089109,0.19145031458305406,0.9704070407040704,0.3538564516558578,0.02431243124312431,0.2579185520361991,0.6138613861386139,0.02431243124312431,221,0.030330364189874892,0.9696696358101251,0.030330364189874892
medical,GSI_MLC_PA_MLP,0.50,5,Operating Point,,0.0041894522761635735,54,,0.9794066317626527,15.424725822532402,0.3176470588235294,170,0.02402559627690518,0.9802210587550901,0.42652705061082025,0.12488335486239051,0.006050029086678288,0.15847299880452925,0.9862710878417684,0.28335635366691975,0.020593368237347295,0.3050847457627119,0.5392670157068062,0.020593368237347295,177,0.014017581373247823,0.9859824186267522,0.014017581373247823
medical,MLC_PA_SVM,0.20,1,Operating Point,,0.0024038229717837736,49,,0.984837962962963,35.12777962163957,0.532608695652174,92,0.00800925925925926,0.9893518518518518,0.7560763888888888,0.3391908004050476,0.005671296296296369,0.11332004096853882,0.9950231481481482,0.45251084137358644,0.015162037037037036,0.37404580152671757,0.484375,0.015162037037037036,131,0.005053472793512759,0.9949465272064872,0.005053472793512759
medical,MLC_PA_SVM,0.20,2,Operating Point,,0.0021822696043472737,29,,0.9900112233445567,34.56260032102728,0.34523809523809523,84,0.008170594837261505,0.9905723905723905,0.7752525252525253,0.3745228243371942,0.0032547699214365844,0.041457608011338964,0.9938271604938271,0.41598043234853316,0.009988776655443322,0.3258426966292135,0.3787878787878788,0.009988776655443322,89,0.006235120734610633,0.9937648792653894,0.006235120734610633
medical,MLC_PA_SVM,0.20,3,Operating Point,,0.0016646787536379298,31,,0.9904273504273504,40.479910714285715,0.3875,80,0.007498575498575498,0.9908831908831909,0.7738461538461541,0.41473645962085526,0.00353276353276355,0.07017886246304922,0.9944159544159544,0.4849153220839045,0.009572649572649573,0.36904761904761907,0.37948717948717947,0.009572649572649573,84,0.005638016338741281,0.9943619836612587,0.005638016338741281
medical,MLC_PA_SVM,0.20,4,Operating Point,,0.0017209015118870893,37,,0.9886688668866886,36.68921130140723,0.4157303370786517,89,0.007986798679867988,0.9902090209020902,0.7569306930693068,0.41787103850445834,0.004070407040704049,0.06359856066013364,0.9942794279427942,0.481469599164592,0.011331133113311331,0.3592233009708738,0.400990099009901,0.011331133113311331,103,0.005786135529097569,0.9942138644709024,0.005786135529097569
medical,MLC_PA_SVM,0.20,5,Operating Point,,0.002158804378446161,37,,0.9892961023851076,37.168653576437585,0.3978494623655914,93,0.008656195462478186,0.9891797556719023,0.780628272251309,0.369419920783162,0.004304828388598025,0.056100196641922284,0.9934845840605003,0.4255201174250843,0.010703897614892379,0.40217391304347827,0.38219895287958117,0.010703897614892379,92,0.006585910854992383,0.9934140891450076,0.006585910854992383
medical,MLC_PA_SVM,0.25,1,Operating Point,,0.0024038229717837736,44,,0.9879629629629629,39.73244147157191,0.4782608695652174,92,0.008564814814814815,0.9893518518518518,0.7560763888888888,0.3391908004050476,0.0050925925925926485,0.10114944613127735,0.9944444444444445,0.440340246536325,0.012037037037037037,0.4230769230769231,0.4010416666666667,0.012037037037037037,104,0.005623242736644829,0.9943767572633552,0.005623242736644829
medical,MLC_PA_SVM,0.25,2,Operating Point,,0.0021822696043472737,25,,0.9920314253647587,37.34909456740443,0.2976190476190476,84,0.008613916947250281,0.9905723905723905,0.7752525252525253,0.3745228243371942,0.0028058361391695152,0.03932434925103373,0.9933782267115601,0.4138471735882279,0.007968574635241301,0.352112676056338,0.30808080808080807,0.007968574635241301,71,0.006674963231134701,0.9933250367688653,0.006674963231134701
medical,MLC_PA_SVM,0.25,3,Operating Point,,0.0016646787536379298,30,,0.991908831908832,46.34683098591549,0.375,80,0.007720797720797721,0.9908831908831909,0.7738461538461541,0.41473645962085526,0.0034188034188034067,0.06351219579638256,0.9943019943019943,0.4782486554172378,0.008091168091168091,0.4225352112676056,0.3384615384615385,0.008091168091168091,71,0.0057444852941176405,0.9942555147058824,0.0057444852941176405
medical,MLC_PA_SVM,0.25,4,Operating Point,,0.0017209015118870893,33,,0.9908690869086909,40.60782455665358,0.3707865168539326,89,0.008443344334433443,0.9902090209020902,0.7569306930693068,0.41787103850445834,0.0036303630363037076,0.055478306982034375,0.9938393839383939,0.4733493454864927,0.009130913091309131,0.39759036144578314,0.3465346534653465,0.009130913091309131,83,0.0062173864771843945,0.9937826135228156,0.0062173864771843945
medical,MLC_PA_SVM,0.25,5,Operating Point,,0.002158804378446161,32,,0.9918557300756253,42.24884792626728,0.34408602150537637,93,0.009133216986620127,0.9891797556719023,0.780628272251309,0.369419920783162,0.0037230948225712712,0.037586562128287704,0.9929028504944736,0.4070064829114497,0.008144269924374637,0.45714285714285713,0.3089005235602094,0.008144269924374637,70,0.0071554252199413915,0.9928445747800586,0.0071554252199413915
medical,MLC_PA_SVM,0.30,1,Operating Point,,0.0024038229717837736,40,,0.9902777777777778,44.72049689440993,0.43478260869565216,92,0.008935185185185183,0.9893518518518518,0.7560763888888888,0.3391908004050476,0.00462962962962965,0.07744110218763928,0.9939814814814815,0.4166319025926869,0.009722222222222222,0.47619047619047616,0.3489583333333333,0.009722222222222222,84,0.006077606358111276,0.9939223936418887,0.006077606358111276
medical,MLC_PA_SVM,0.30,2,Operating Point,,0.0021822696043472737,21,,0.9941638608305275,42.83653846153846,0.25,84,0.00882154882154882,0.9905723905723905,0.7752525252525253,0.3745228243371942,0.002356902356902335,0.03608442067739759,0.9929292929292929,0.4106072450145918,0.005836139169472503,0.40384615384615385,0.23232323232323232,0.005836139169472503,52,0.007112214946940587,0.9928877850530594,0.007112214946940587
medical,MLC_PA_SVM,0.30,3,Operating Point,,0.0016646787536379298,21,,0.9944159544159544,47.00892857142858,0.2625,80,0.008398860398860399,0.9908831908831909,0.7738461538461541,0.41473645962085526,0.0023931623931624513,0.027982912810816662,0.9932763532763533,0.4427193724316719,0.005584045584045584,0.42857142857142855,0.2358974358974359,0.005584045584045584,49,0.006761402704561048,0.993238597295439,0.006761402704561048
medical,MLC_PA_SVM,0.30,4,Operating Point,,0.0017209015118870893,24,,0.9937293729372937,43.00413956238912,0.2696629213483146,89,0.00903190319031903,0.9902090209020902,0.7569306930693068,0.41787103850445834,0.0026402640264027166,0.032503445272158205,0.9928492849284929,0.45037448377661654,0.006270627062706271,0.42105263157894735,0.24752475247524752,0.006270627062706271,57,0.007195837484778034,0.992804162515222,0.007195837484778034
medical,MLC_PA_SVM,0.30,5,Operating Point,,0.002158804378446161,25,,0.993717277486911,42.78673835125448,0.26881720430107525,93,0.009796393251890632,0.9891797556719023,0.780628272251309,0.369419920783162,0.002908667830133771,0.023568079676077824,0.9920884235020361,0.3929880004592398,0.0062827225130890054,0.46296296296296297,0.24607329842931938,0.0062827225130890054,54,0.007961597002692944,0.9920384029973071,0.007961597002692944
medical,MLC_PA_SVM,0.35,1,Operating Point,,0.0024038229717837736,32,,0.992824074074074,48.47124824684432,0.34782608695652173,92,0.009456018518518516,0.9893518518518518,0.7560763888888888,0.3391908004050476,0.0037037037037037646,0.047477636459467676,0.9930555555555556,0.3866684368645153,0.007175925925925926,0.5161290322580645,0.28125,0.007175925925925926,62,0.006994637444625806,0.9930053625553742,0.006994637444625806
medical,MLC_PA_SVM,0.35,2,Operating Point,,0.0021822696043472737,13,,0.9965207631874299,44.4815668202765,0.15476190476190477,84,0.009186307519640852,0.9905723905723905,0.7752525252525253,0.3745228243371942,0.0014590347923681968,0.023251365450589145,0.9920314253647587,0.39777418978778334,0.003479236812570146,0.41935483870967744,0.1414141414141414,0.003479236812570146,31,0.007996395990539473,0.9920036040094605,0.007996395990539473
medical,MLC_PA_SVM,0.35,3,Operating Point,,0.0016646787536379298,18,,0.9958974358974358,54.84375,0.225,80,0.008501424501424501,0.9908831908831909,0.7738461538461541,0.41473645962085526,0.002051282051282022,0.0265493147731104,0.9929344729344729,0.44128577439396566,0.0041025641025641026,0.5,0.17435897435897435,0.0041025641025641026,36,0.007094633253232674,0.9929053667467673,0.007094633253232674
medical,MLC_PA_SVM,0.35,4,Operating Point,,0.0017209015118870893,19,,0.9951595159515951,44.10367722165474,0.21348314606741572,89,0.009394939493949395,0.9902090209020902,0.7569306930693068,0.41787103850445834,0.0020902090209021784,0.022135633144737044,0.9922992299229924,0.4400066716491954,0.004840484048404841,0.4318181818181818,0.19801980198019803,0.004840484048404841,44,0.007738226840592555,0.9922617731594074,0.007738226840592555
medical,MLC_PA_SVM,0.35,5,Operating Point,,0.002158804378446161,19,,0.995346131471786,43.8991935483871,0.20430107526881722,93,0.010238510762070972,0.9891797556719023,0.780628272251309,0.369419920783162,0.0022105875509016437,0.020087796960592097,0.991390343222804,0.3895077177437541,0.004653868528214078,0.475,0.193717277486911,0.004653868528214078,40,0.008649912331969656,0.9913500876680303,0.008649912331969656
medical,MLC_PA_SVM,0.40,1,Operating Point,,0.0024038229717837736,24,,0.9951388888888889,53.66459627329192,0.2608695652173913,92,0.009814814814814814,0.9893518518518518,0.7560763888888888,0.3391908004050476,0.002777777777777768,0.03874504606021062,0.9921296296296296,0.37793584646525824,0.004861111111111111,0.5714285714285714,0.203125,0.004861111111111111,42,0.007908816003721841,0.9920911839962782,0.007908816003721841
medical,MLC_PA_SVM,0.40,2,Operating Point,,0.0021822696043472737,10,,0.9973063973063973,44.19642857142857,0.11904761904761904,84,0.009382716049382716,0.9905723905723905,0.7752525252525253,0.3745228243371942,0.001122334455667784,0.006650409656084988,0.9916947250280583,0.3811732339932792,0.0026936026936026937,0.4166666666666667,0.10606060606060606,0.0026936026936026937,24,0.008327706504614008,0.991672293495386,0.008327706504614008
medical,MLC_PA_SVM,0.40,3,Operating Point,,0.0016646787536379298,12,,0.9971509971509972,52.65,0.15,80,0.008888888888888889,0.9908831908831909,0.7738461538461541,0.41473645962085526,0.0013675213675213849,0.011586270077423522,0.9922507122507123,0.4263227296982788,0.002849002849002849,0.48,0.11794871794871795,0.002849002849002849,25,0.00777142857142854,0.9922285714285715,0.00777142857142854
medical,MLC_PA_SVM,0.40,4,Operating Point,,0.0017209015118870893,12,,0.997029702970297,45.39325842696629,0.1348314606741573,89,0.00965896589658966,0.9902090209020902,0.7569306930693068,0.41787103850445834,0.0013201320132013583,0.008130230099149482,0.9915291529152915,0.4260012686036078,0.0029702970297029703,0.4444444444444444,0.12376237623762376,0.0029702970297029703,27,0.008496082974732477,0.9915039170252675,0.008496082974732477
medical,MLC_PA_SVM,0.40,5,Operating Point,,0.002158804378446161,17,,0.9966259453170448,54.17686318131258,0.1827956989247312,93,0.01019197207678883,0.9891797556719023,0.780628272251309,0.369419920783162,0.0019778941244908976,0.018993779866575022,0.9911576497963932,0.388413700649737,0.0033740546829552063,0.5862068965517241,0.14136125654450263,0.0033740546829552063,29,0.008872285780994638,0.9911277142190054,0.008872285780994638
medical,MLC_PA_SVM,0.50,1,Operating Point,,0.0024038229717837736,0,,1.0,,0.0,92,0.010648148148148148,0.9893518518518518,0.7560763888888888,0.3391908004050476,0.0,0.0,0.9893518518518518,0.3391908004050476,0.0,,0.0,0.0,0,0.010648148148148184,0.9893518518518518,0.010648148148148184
medical,MLC_PA_SVM,0.50,2,Operating Point,,0.0021822696043472737,0,,1.0,,0.0,84,0.009427609427609427,0.9905723905723905,0.7752525252525253,0.3745228243371942,0.0,0.0,0.9905723905723905,0.3745228243371942,0.0,,0.0,0.0,0,0.009427609427609451,0.9905723905723905,0.009427609427609451
medical,MLC_PA_SVM,0.50,3,Operating Point,,0.0016646787536379298,0,,1.0,,0.0,80,0.009116809116809116,0.9908831908831909,0.7738461538461541,0.41473645962085526,0.0,0.0,0.9908831908831909,0.41473645962085526,0.0,,0.0,0.0,0,0.009116809116809121,0.9908831908831909,0.009116809116809121
medical,MLC_PA_SVM,0.50,4,Operating Point,,0.0017209015118870893,0,,1.0,,0.0,89,0.009790979097909791,0.9902090209020902,0.7569306930693068,0.41787103850445834,0.0,0.0,0.9902090209020902,0.41787103850445834,0.0,,0.0,0.0,0,0.009790979097909824,0.9902090209020902,0.009790979097909824
medical,MLC_PA_SVM,0.50,5,Operating Point,,0.002158804378446161,0,,1.0,,0.0,93,0.010820244328097731,0.9891797556719023,0.780628272251309,0.369419920783162,0.0,0.0,0.9891797556719023,0.369419920783162,0.0,,0.0,0.0,0,0.010820244328097695,0.9891797556719023,0.010820244328097695
medical,GSI_MLC_PA_SVM,0.20,1,Operating Point,,0.0022729368835385164,4,,0.9967592592592592,15.05226480836237,0.04878048780487805,82,0.009560185185185184,0.9905092592592593,0.7881944444444445,0.3622289810013677,0.0005787037037037202,0.01611026033472951,0.991087962962963,0.3783392413360972,0.0032407407407407406,0.14285714285714285,0.13541666666666666,0.0032407407407407406,28,0.008941012540640947,0.991058987459359,0.008941012540640947
medical,GSI_MLC_PA_SVM,0.20,2,Operating Point,,0.002304958257684268,0,,1.0,,0.0,80,0.03176206509539843,0.9910213243546577,0.797979797979798,0.37609796408158536,-0.022783389450056202,-0.004116263014023347,0.9682379349046015,0.371981701067562,0.0,,0.0,0.0,0,0.03176206509539847,0.9682379349046015,0.03176206509539847
medical,GSI_MLC_PA_SVM,0.20,3,Operating Point,,0.0022205528592745515,1,,0.9993162393162394,19.763513513513516,0.013513513513513514,74,0.008797720797720798,0.9915669515669515,0.8131623931623931,0.43416535001903905,-0.0002279202279201753,-0.001278502493455791,0.9913390313390313,0.43288684752558326,0.0006837606837606838,0.16666666666666666,0.03076923076923077,0.0006837606837606838,6,0.0086668947428441,0.9913331052571559,0.0086668947428441
medical,GSI_MLC_PA_SVM,0.20,4,Operating Point,,0.0016759313091933136,1,,0.9977997799779978,4.994505494505495,0.01098901098901099,91,0.01155115511551155,0.98998899889989,0.772112211221122,0.43161329366018597,-0.0011001100110010764,0.020624264839721573,0.9888888888888889,0.45223755849990754,0.0022002200220022,0.05,0.09900990099009901,0.0022002200220022,20,0.011135611907386989,0.988864388092613,0.011135611907386989
medical,GSI_MLC_PA_SVM,0.20,5,Operating Point,,0.002260397766187395,2,,0.9967422920302501,7.1387043189368775,0.023255813953488372,86,0.03381035485747528,0.9899941826643397,0.8101221640488655,0.37431198519039366,-0.023152995927865017,0.006333335944402441,0.9668411867364747,0.3806453211347961,0.0032577079697498545,0.07142857142857142,0.14136125654450263,0.0032577079697498545,28,0.03326718804715767,0.9667328119528423,0.03326718804715767
medical,GSI_MLC_PA_SVM,0.25,1,Operating Point,,0.0022729368835385164,4,,0.9967592592592592,15.05226480836237,0.04878048780487805,82,0.009722222222222222,0.9905092592592593,0.7881944444444445,0.3622289810013677,0.0005787037037037202,0.01611026033472951,0.991087962962963,0.3783392413360972,0.0032407407407407406,0.14285714285714285,0.13541666666666666,0.0032407407407407406,28,0.008941012540640947,0.991058987459359,0.008941012540640947
medical,GSI_MLC_PA_SVM,0.25,2,Operating Point,,0.002304958257684268,0,,1.0,,0.0,80,0.03176206509539843,0.9910213243546577,0.797979797979798,0.37609796408158536,-0.022783389450056202,-0.004116263014023347,0.9682379349046015,0.371981701067562,0.0,,0.0,0.0,0,0.03176206509539847,0.9682379349046015,0.03176206509539847
medical,GSI_MLC_PA_SVM,0.25,3,Operating Point,,0.0022205528592745515,1,,0.9993162393162394,19.763513513513516,0.013513513513513514,74,0.008831908831908831,0.9915669515669515,0.8131623931623931,0.43416535001903905,-0.0002279202279201753,-0.001278502493455791,0.9913390313390313,0.43288684752558326,0.0006837606837606838,0.16666666666666666,0.03076923076923077,0.0006837606837606838,6,0.0086668947428441,0.9913331052571559,0.0086668947428441
medical,GSI_MLC_PA_SVM,0.25,4,Operating Point,,0.0016759313091933136,1,,0.9977997799779978,4.994505494505495,0.01098901098901099,91,0.011661166116611662,0.98998899889989,0.772112211221122,0.43161329366018597,-0.0011001100110010764,0.020624264839721573,0.9888888888888889,0.45223755849990754,0.0022002200220022,0.05,0.09900990099009901,0.0022002200220022,20,0.011135611907386989,0.988864388092613,0.011135611907386989
medical,GSI_MLC_PA_SVM,0.25,5,Operating Point,,0.002260397766187395,2,,0.9967422920302501,7.1387043189368775,0.023255813953488372,86,0.03397324025596277,0.9899941826643397,0.8101221640488655,0.37431198519039366,-0.023152995927865017,0.006333335944402441,0.9668411867364747,0.3806453211347961,0.0032577079697498545,0.07142857142857142,0.14136125654450263,0.0032577079697498545,28,0.03326718804715767,0.9667328119528423,0.03326718804715767
medical,GSI_MLC_PA_SVM,0.30,1,Operating Point,,0.0022729368835385164,4,,0.9967592592592592,15.05226480836237,0.04878048780487805,82,0.00988425925925926,0.9905092592592593,0.7881944444444445,0.3622289810013677,0.0005787037037037202,0.01611026033472951,0.991087962962963,0.3783392413360972,0.0032407407407407406,0.14285714285714285,0.13541666666666666,0.0032407407407407406,28,0.008941012540640947,0.991058987459359,0.008941012540640947
medical,GSI_MLC_PA_SVM,0.30,2,Operating Point,,0.002304958257684268,0,,1.0,,0.0,80,0.03176206509539843,0.9910213243546577,0.797979797979798,0.37609796408158536,-0.022783389450056202,-0.004116263014023347,0.9682379349046015,0.371981701067562,0.0,,0.0,0.0,0,0.03176206509539847,0.9682379349046015,0.03176206509539847
medical,GSI_MLC_PA_SVM,0.30,3,Operating Point,,0.0022205528592745515,1,,0.9993162393162394,19.763513513513516,0.013513513513513514,74,0.008866096866096866,0.9915669515669515,0.8131623931623931,0.43416535001903905,-0.0002279202279201753,-0.001278502493455791,0.9913390313390313,0.43288684752558326,0.0006837606837606838,0.16666666666666666,0.03076923076923077,0.0006837606837606838,6,0.0086668947428441,0.9913331052571559,0.0086668947428441
medical,GSI_MLC_PA_SVM,0.30,4,Operating Point,,0.0016759313091933136,1,,0.9977997799779978,4.994505494505495,0.01098901098901099,91,0.011771177117711772,0.98998899889989,0.772112211221122,0.43161329366018597,-0.0011001100110010764,0.020624264839721573,0.9888888888888889,0.45223755849990754,0.0022002200220022,0.05,0.09900990099009901,0.0022002200220022,20,0.011135611907386989,0.988864388092613,0.011135611907386989
medical,GSI_MLC_PA_SVM,0.30,5,Operating Point,,0.002260397766187395,2,,0.9967422920302501,7.1387043189368775,0.023255813953488372,86,0.03413612565445026,0.9899941826643397,0.8101221640488655,0.37431198519039366,-0.023152995927865017,0.006333335944402441,0.9668411867364747,0.3806453211347961,0.0032577079697498545,0.07142857142857142,0.14136125654450263,0.0032577079697498545,28,0.03326718804715767,0.9667328119528423,0.03326718804715767
medical,GSI_MLC_PA_SVM,0.35,1,Operating Point,,0.0022729368835385164,4,,0.9967592592592592,15.05226480836237,0.04878048780487805,82,0.010046296296296294,0.9905092592592593,0.7881944444444445,0.3622289810013677,0.0005787037037037202,0.01611026033472951,0.991087962962963,0.3783392413360972,0.0032407407407407406,0.14285714285714285,0.13541666666666666,0.0032407407407407406,28,0.008941012540640947,0.991058987459359,0.008941012540640947
medical,GSI_MLC_PA_SVM,0.35,2,Operating Point,,0.002304958257684268,0,,1.0,,0.0,80,0.03176206509539843,0.9910213243546577,0.797979797979798,0.37609796408158536,-0.022783389450056202,-0.004116263014023347,0.9682379349046015,0.371981701067562,0.0,,0.0,0.0,0,0.03176206509539847,0.9682379349046015,0.03176206509539847
medical,GSI_MLC_PA_SVM,0.35,3,Operating Point,,0.0022205528592745515,1,,0.9993162393162394,19.763513513513516,0.013513513513513514,74,0.0089002849002849,0.9915669515669515,0.8131623931623931,0.43416535001903905,-0.0002279202279201753,-0.001278502493455791,0.9913390313390313,0.43288684752558326,0.0006837606837606838,0.16666666666666666,0.03076923076923077,0.0006837606837606838,6,0.0086668947428441,0.9913331052571559,0.0086668947428441
medical,GSI_MLC_PA_SVM,0.35,4,Operating Point,,0.0016759313091933136,1,,0.9977997799779978,4.994505494505495,0.01098901098901099,91,0.011881188118811881,0.98998899889989,0.772112211221122,0.43161329366018597,-0.0011001100110010764,0.020624264839721573,0.9888888888888889,0.45223755849990754,0.0022002200220022,0.05,0.09900990099009901,0.0022002200220022,20,0.011135611907386989,0.988864388092613,0.011135611907386989
medical,GSI_MLC_PA_SVM,0.35,5,Operating Point,,0.002260397766187395,2,,0.9967422920302501,7.1387043189368775,0.023255813953488372,86,0.034299011052937756,0.9899941826643397,0.8101221640488655,0.37431198519039366,-0.023152995927865017,0.006333335944402441,0.9668411867364747,0.3806453211347961,0.0032577079697498545,0.07142857142857142,0.14136125654450263,0.0032577079697498545,28,0.03326718804715767,0.9667328119528423,0.03326718804715767
medical,GSI_MLC_PA_SVM,0.40,1,Operating Point,,0.0022729368835385164,4,,0.9967592592592592,15.05226480836237,0.04878048780487805,82,0.010208333333333335,0.9905092592592593,0.7881944444444445,0.3622289810013677,0.0005787037037037202,0.01611026033472951,0.991087962962963,0.3783392413360972,0.0032407407407407406,0.14285714285714285,0.13541666666666666,0.0032407407407407406,28,0.008941012540640947,0.991058987459359,0.008941012540640947
medical,GSI_MLC_PA_SVM,0.40,2,Operating Point,,0.002304958257684268,0,,1.0,,0.0,80,0.03176206509539843,0.9910213243546577,0.797979797979798,0.37609796408158536,-0.022783389450056202,-0.004116263014023347,0.9682379349046015,0.371981701067562,0.0,,0.0,0.0,0,0.03176206509539847,0.9682379349046015,0.03176206509539847
medical,GSI_MLC_PA_SVM,0.40,3,Operating Point,,0.0022205528592745515,1,,0.9993162393162394,19.763513513513516,0.013513513513513514,74,0.008934472934472935,0.9915669515669515,0.8131623931623931,0.43416535001903905,-0.0002279202279201753,-0.001278502493455791,0.9913390313390313,0.43288684752558326,0.0006837606837606838,0.16666666666666666,0.03076923076923077,0.0006837606837606838,6,0.0086668947428441,0.9913331052571559,0.0086668947428441
medical,GSI_MLC_PA_SVM,0.40,4,Operating Point,,0.0016759313091933136,1,,0.9977997799779978,4.994505494505495,0.01098901098901099,91,0.011991199119911991,0.98998899889989,0.772112211221122,0.43161329366018597,-0.0011001100110010764,0.020624264839721573,0.9888888888888889,0.45223755849990754,0.0022002200220022,0.05,0.09900990099009901,0.0022002200220022,20,0.011135611907386989,0.988864388092613,0.011135611907386989
medical,GSI_MLC_PA_SVM,0.40,5,Operating Point,,0.002260397766187395,2,,0.9967422920302501,7.1387043189368775,0.023255813953488372,86,0.03446189645142524,0.9899941826643397,0.8101221640488655,0.37431198519039366,-0.023152995927865017,0.006333335944402441,0.9668411867364747,0.3806453211347961,0.0032577079697498545,0.07142857142857142,0.14136125654450263,0.0032577079697498545,28,0.03326718804715767,0.9667328119528423,0.03326718804715767
medical,GSI_MLC_PA_SVM,0.50,1,Operating Point,,0.0022729368835385164,4,,0.9967592592592592,15.05226480836237,0.04878048780487805,82,0.010532407407407407,0.9905092592592593,0.7881944444444445,0.3622289810013677,0.0005787037037037202,0.01611026033472951,0.991087962962963,0.3783392413360972,0.0032407407407407406,0.14285714285714285,0.13541666666666666,0.0032407407407407406,28,0.008941012540640947,0.991058987459359,0.008941012540640947
medical,GSI_MLC_PA_SVM,0.50,2,Operating Point,,0.002304958257684268,0,,1.0,,0.0,80,0.03176206509539843,0.9910213243546577,0.797979797979798,0.37609796408158536,-0.022783389450056202,-0.004116263014023347,0.9682379349046015,0.371981701067562,0.0,,0.0,0.0,0,0.03176206509539847,0.9682379349046015,0.03176206509539847
medical,GSI_MLC_PA_SVM,0.50,3,Operating Point,,0.0022205528592745515,1,,0.9993162393162394,19.763513513513516,0.013513513513513514,74,0.009002849002849003,0.9915669515669515,0.8131623931623931,0.43416535001903905,-0.0002279202279201753,-0.001278502493455791,0.9913390313390313,0.43288684752558326,0.0006837606837606838,0.16666666666666666,0.03076923076923077,0.0006837606837606838,6,0.0086668947428441,0.9913331052571559,0.0086668947428441
medical,GSI_MLC_PA_SVM,0.50,4,Operating Point,,0.0016759313091933136,1,,0.9977997799779978,4.994505494505495,0.01098901098901099,91,0.01221122112211221,0.98998899889989,0.772112211221122,0.43161329366018597,-0.0011001100110010764,0.020624264839721573,0.9888888888888889,0.45223755849990754,0.0022002200220022,0.05,0.09900990099009901,0.0022002200220022,20,0.011135611907386989,0.988864388092613,0.011135611907386989
medical,GSI_MLC_PA_SVM,0.50,5,Operating Point,,0.002260397766187395,2,,0.9967422920302501,7.1387043189368775,0.023255813953488372,86,0.03478766724840023,0.9899941826643397,0.8101221640488655,0.37431198519039366,-0.023152995927865017,0.006333335944402441,0.9668411867364747,0.3806453211347961,0.0032577079697498545,0.07142857142857142,0.14136125654450263,0.0032577079697498545,28,0.03326718804715767,0.9667328119528423,0.03326718804715767
enron,MLC_PA_Logistic,0.20,1,Operating Point,,0.014238911028391575,322,,0.9529947345326898,7.846845799233053,0.36884306987399773,873,0.03962264150943396,0.9521171566476525,0.5523026150206384,0.2105797509010404,0.017661254936375603,0.12307221525240439,0.9697784115840281,0.3336519661534448,0.04700526546731022,0.3757292882147025,0.8662790697674418,0.04700526546731022,857,0.031712230215827364,0.9682877697841726,0.031712230215827364
enron,MLC_PA_Logistic,0.20,2,Operating Point,,0.012484349218515387,339,,0.9526627218934911,8.010486577181208,0.37919463087248323,894,0.04044881098582114,0.9500948978452607,0.5455547082766018,0.2301299393587241,0.01892374679021991,0.1153247612787528,0.9690186446354806,0.3454547006374769,0.047337278106508875,0.39976415094339623,0.9023668639053254,0.047337278106508875,848,0.03252080159381221,0.9674791984061878,0.03252080159381221
enron,MLC_PA_Logistic,0.20,3,Operating Point,,0.015162693273267386,328,,0.9549904293136451,7.921020656136087,0.3565217391304348,920,0.041378178835110746,0.949685534591195,0.5512544782109999,0.22453563235135152,0.017938200710965302,0.09943422180998637,0.9676237353021603,0.3239698541613379,0.04500957068635494,0.3985419198055893,0.8724637681159421,0.04500957068635494,823,0.033902187607376066,0.9660978123926239,0.033902187607376066
enron,MLC_PA_Logistic,0.20,4,Operating Point,,0.01441397375583447,299,,0.9577583779217121,8.08951619047619,0.3417142857142857,875,0.04088989017178259,0.9507181075753309,0.5568672123896005,0.20558974546905534,0.01684032666854407,0.07453638009825436,0.967558434243875,0.2801261255673097,0.042241622078287806,0.39866666666666667,0.8477611940298507,0.042241622078287806,750,0.03387239047339019,0.9661276095266098,0.03387239047339019
enron,MLC_PA_Logistic,0.20,5,Operating Point,,0.012837546655188107,313,,0.9562708102108768,7.900320480496632,0.3454746136865342,906,0.041653718091009984,0.9497225305216426,0.5248425430778371,0.20909884919363278,0.017369589345172076,0.08559854172977874,0.9670921198668146,0.2946973909234115,0.0437291897891232,0.39720812182741116,0.8441176470588235,0.0437291897891232,788,0.034412720519962914,0.9655872794800371,0.034412720519962914
enron,MLC_PA_Logistic,0.25,1,Operating Point,,0.014238911028391575,274,,0.9622093023255814,8.305225129967399,0.3138602520045819,873,0.04230199648968846,0.9521171566476525,0.5523026150206384,0.2105797509010404,0.01502852128126364,0.10392502589198657,0.9671456779289161,0.31450477679302696,0.0377906976744186,0.397677793904209,0.8081395348837209,0.0377906976744186,689,0.03414467308898139,0.9658553269110186,0.03414467308898139
enron,MLC_PA_Logistic,0.25,2,Operating Point,,0.012484349218515387,282,,0.9625432622529865,8.421348483181468,0.31543624161073824,894,0.04352740873060176,0.9500948978452607,0.5455547082766018,0.2301299393587241,0.015741877860890874,0.09591034479483862,0.9658367757061516,0.32604028415356273,0.03745673774701351,0.4202682563338301,0.8313609467455622,0.03745673774701351,671,0.035492663689613124,0.9645073363103869,0.035492663689613124
enron,MLC_PA_Logistic,0.25,3,Operating Point,,0.015162693273267386,284,,0.9646158053048948,8.724111282843895,0.30869565217391304,920,0.043628657369428496,0.949685534591195,0.5512544782109999,0.22453563235135152,0.015531856713152825,0.08697356321160957,0.9652173913043478,0.3115091955629611,0.03538419469510528,0.43894899536321486,0.7971014492753623,0.03538419469510528,647,0.03605851003515137,0.9639414899648486,0.03605851003515137
enron,MLC_PA_Logistic,0.25,4,Operating Point,,0.01441397375583447,238,,0.9667136018023093,8.171505922165823,0.272,875,0.04419881723458181,0.9507181075753309,0.5568672123896005,0.20558974546905534,0.013404674739509903,0.057872481661671804,0.9641227823148408,0.26346222713072714,0.03328639819769079,0.4027072758037225,0.7970149253731343,0.03328639819769079,591,0.03711256117455142,0.9628874388254486,0.03711256117455142
enron,MLC_PA_Logistic,0.25,5,Operating Point,,0.012837546655188107,260,,0.9658712541620422,8.408621834562718,0.2869757174392936,906,0.04438124306326304,0.9497225305216426,0.5248425430778371,0.20909884919363278,0.014428412874583851,0.06955215713499066,0.9641509433962264,0.27865100632862344,0.03412874583795782,0.42276422764227645,0.7941176470588235,0.03412874583795782,615,0.037115771330077596,0.9628842286699224,0.037115771330077596
enron,MLC_PA_Logistic,0.30,1,Operating Point,,0.014238911028391575,209,,0.971423870118473,8.377773820281291,0.23940435280641467,873,0.04499232119350592,0.9521171566476525,0.5523026150206384,0.2105797509010404,0.011463361123299709,0.08380396429395867,0.9635805177709522,0.29438371519499906,0.028576129881526986,0.40115163147792704,0.7383720930232558,0.028576129881526986,521,0.03749082491107225,0.9625091750889277,0.03749082491107225
enron,MLC_PA_Logistic,0.30,2,Operating Point,,0.012484349218515387,226,,0.9700792676119236,8.448871414738388,0.25279642058165547,894,0.046265490677682264,0.9500948978452607,0.5455547082766018,0.2301299393587241,0.012615831193479976,0.07620874526690963,0.9627107290387407,0.30633868462563374,0.029920732388076365,0.4216417910447761,0.7603550295857988,0.029920732388076365,536,0.038439406145701405,0.9615605938542986,0.038439406145701405
enron,MLC_PA_Logistic,0.30,3,Operating Point,,0.015162693273267386,232,,0.9716160787530763,8.884393063583815,0.25217391304347825,920,0.04614164615805305,0.949685534591195,0.5512544782109999,0.22453563235135152,0.01268799562482914,0.07103369319451372,0.9623735302160241,0.29556932554586524,0.028383921246923707,0.44701348747591524,0.7304347826086957,0.028383921246923707,519,0.03872565574693232,0.9612743442530677,0.03872565574693232
enron,MLC_PA_Logistic,0.30,4,Operating Point,,0.01441397375583447,186,,0.9740918051253168,8.2047950310559,0.21257142857142858,875,0.04657842861165869,0.9507181075753309,0.5568672123896005,0.20558974546905534,0.010475922275415384,0.041643590715375434,0.9611940298507463,0.24723333618443077,0.02590819487468319,0.4043478260869565,0.7283582089552239,0.02590819487468319,460,0.03983810349812089,0.9601618965018791,0.03983810349812089
enron,MLC_PA_Logistic,0.30,5,Operating Point,,0.012837546655188107,215,,0.9731409544950056,8.83526718114316,0.23730684326710816,906,0.04640399556048835,0.9497225305216426,0.5248425430778371,0.20909884919363278,0.011931187569367396,0.06141123655929284,0.96165371809101,0.2705100857529256,0.02685904550499445,0.44421487603305787,0.7176470588235294,0.02685904550499445,484,0.039404653284671576,0.9605953467153284,0.039404653284671576
enron,MLC_PA_Logistic,0.35,1,Operating Point,,0.014238911028391575,157,,0.9786638876700308,8.428884825248751,0.17983963344788087,873,0.04673924967090829,0.9521171566476525,0.5523026150206384,0.2105797509010404,0.008611232996928453,0.05168546688987982,0.960728389644581,0.2622652177909202,0.021336112329969285,0.40359897172236503,0.6744186046511628,0.021336112329969285,389,0.04012778120271254,0.9598722187972875,0.04012778120271254
enron,MLC_PA_Logistic,0.35,2,Operating Point,,0.012484349218515387,169,,0.9780060288042871,8.594993129606287,0.1890380313199105,894,0.04816902980908787,0.9500948978452607,0.5455547082766018,0.2301299393587241,0.009433962264150941,0.05676323239392006,0.9595288601094116,0.28689317175264417,0.02199397119571285,0.4289340101522843,0.6627218934911243,0.02199397119571285,394,0.041381278538812793,0.9586187214611872,0.041381278538812793
enron,MLC_PA_Logistic,0.35,3,Operating Point,,0.015162693273267386,169,,0.9793273174733388,8.885912698412698,0.18369565217391304,920,0.048307355756084226,0.949685534591195,0.5512544782109999,0.22453563235135152,0.009242548537052198,0.05025110667890473,0.9589280831282472,0.27478673903025624,0.0206726825266612,0.4470899470899471,0.6318840579710145,0.0206726825266612,378,0.0419389065728486,0.9580610934271514,0.0419389065728486
enron,MLC_PA_Logistic,0.35,4,Operating Point,,0.01441397375583447,145,,0.9802872430301324,8.406448979591836,0.1657142857142857,875,0.04801464376232047,0.9507181075753309,0.5568672123896005,0.20558974546905534,0.008166713601802322,0.0330451767196826,0.9588848211771333,0.23863492218873794,0.019712756969867642,0.4142857142857143,0.6507462686567164,0.019712756969867642,350,0.04194197069807526,0.9580580293019247,0.04194197069807526
enron,MLC_PA_Logistic,0.35,5,Operating Point,,0.012837546655188107,159,,0.9807436182019977,9.113689715060023,0.17549668874172186,906,0.04819367369589345,0.9497225305216426,0.5248425430778371,0.20909884919363278,0.008823529411764786,0.03519777008048186,0.9585460599334074,0.24429661927411464,0.01925638179800222,0.45821325648414984,0.611764705882353,0.01925638179800222,347,0.042267866236632146,0.9577321337633679,0.042267866236632146
enron,MLC_PA_Logistic,0.40,1,Operating Point,,0.014238911028391575,111,,0.9852457218078104,8.617688013388008,0.12714776632302405,873,0.04769635805177709,0.9521171566476525,0.5523026150206384,0.2105797509010404,0.006088196577446192,0.04286597947823159,0.9582053532250987,0.253445730379272,0.014754278192189557,0.41263940520446096,0.5261627906976745,0.014754278192189557,269,0.04242053109168853,0.9575794689083115,0.04242053109168853
enron,MLC_PA_Logistic,0.40,2,Operating Point,,0.012484349218515387,115,,0.9856536786870604,8.966434248208985,0.12863534675615212,894,0.04922407055933906,0.9500948978452607,0.5455547082766018,0.2301299393587241,0.0064195601205760955,0.03346563774303779,0.9565144579658368,0.2635955771017619,0.0143463213129396,0.4474708171206226,0.5029585798816568,0.0143463213129396,257,0.04411847992297668,0.9558815200770233,0.04411847992297668
enron,MLC_PA_Logistic,0.40,3,Operating Point,,0.015162693273267386,114,,0.9866557287394039,9.285860655737705,0.12391304347826088,920,0.04941755537325676,0.949685534591195,0.5512544782109999,0.22453563235135152,0.006234618539786685,0.039104539216539475,0.9559201531309817,0.263640171567891,0.013344271260596117,0.4672131147540984,0.4782608695652174,0.013344271260596117,244,0.04467601574192115,0.9553239842580789,0.04467601574192115
enron,MLC_PA_Logistic,0.40,4,Operating Point,,0.01441397375583447,99,,0.9869895803998874,8.696326530612245,0.11314285714285714,875,0.04891016615038017,0.9507181075753309,0.5568672123896005,0.20558974546905534,0.005575894114333901,0.018601152446516667,0.9562940016896648,0.224190897915572,0.013010419600112644,0.42857142857142855,0.4835820895522388,0.013010419600112644,231,0.044282127368180824,0.9557178726318192,0.044282127368180824
enron,MLC_PA_Logistic,0.40,5,Operating Point,,0.012837546655188107,115,,0.9871254162042176,9.859081220978915,0.12693156732891833,906,0.04904550499445061,0.9497225305216426,0.5248425430778371,0.20909884919363278,0.0063817980022198295,0.023697781740308538,0.9561043285238624,0.23279663093394132,0.012874583795782464,0.4956896551724138,0.47058823529411764,0.012874583795782464,232,0.04446818079604231,0.9555318192039577,0.04446818079604231
enron,MLC_PA_Logistic,0.50,1,Operating Point,,0.014238911028391575,0,,1.0,,0.0,873,0.04788284335234752,0.9521171566476525,0.5523026150206384,0.2105797509010404,0.0,0.0,0.9521171566476525,0.2105797509010404,0.0,,0.0,0.0,0,0.04788284335234749,0.9521171566476525,0.04788284335234749
enron,MLC_PA_Logistic,0.50,2,Operating Point,,0.012484349218515387,0,,1.0,,0.0,894,0.04990510215473931,0.9500948978452607,0.5455547082766018,0.2301299393587241,0.0,0.0,0.9500948978452607,0.2301299393587241,0.0,,0.0,0.0,0,0.04990510215473931,0.9500948978452607,0.04990510215473931
enron,MLC_PA_Logistic,0.50,3,Operating Point,,0.015162693273267386,0,,1.0,,0.0,920,0.050314465408805034,0.949685534591195,0.5512544782109999,0.22453563235135152,0.0,0.0,0.949685534591195,0.22453563235135152,0.0,,0.0,0.0,0,0.05031446540880502,0.949685534591195,0.05031446540880502
enron,MLC_PA_Logistic,0.50,4,Operating Point,,0.01441397375583447,0,,1.0,,0.0,875,0.049281892424669106,0.9507181075753309,0.5568672123896005,0.20558974546905534,0.0,0.0,0.9507181075753309,0.20558974546905534,0.0,,0.0,0.0,0,0.04928189242466907,0.9507181075753309,0.04928189242466907
enron,MLC_PA_Logistic,0.50,5,Operating Point,,0.012837546655188107,0,,1.0,,0.0,906,0.05027746947835738,0.9497225305216426,0.5248425430778371,0.20909884919363278,0.0,0.0,0.9497225305216426,0.20909884919363278,0.0,,0.0,0.0,0,0.05027746947835743,0.9497225305216426,0.05027746947835743
enron,MLC_PA_MLP,0.20,1,Operating Point,,0.011470451435990747,509,,0.9165752523036419,6.532448645444857,0.5449678800856531,934,0.03999561211057481,0.9487713909609478,0.4547916876405248,0.11432424538380605,0.027917946467749033,0.10773216688261396,0.9766893374286968,0.22205641226642,0.08342474769635805,0.3346482577251808,1.0,0.08342474769635805,1521,0.025432349949135347,0.9745676500508647,0.025432349949135347
enron,MLC_PA_MLP,0.20,2,Operating Point,,0.010393826860963719,514,,0.9188902534330691,6.649625300333862,0.5393494228751312,953,0.04072792229541141,0.9468013843920956,0.4352306306448318,0.10777924901450699,0.028692642625879117,0.11083856181776179,0.9754940270179747,0.21861781083226878,0.08110974656693089,0.3537508602890571,1.0,0.08110974656693089,1453,0.026669096652694235,0.9733309033473058,0.026669096652694235
enron,MLC_PA_MLP,0.20,3,Operating Point,,0.01136340462817353,546,,0.9176374077112387,6.635858966536258,0.5465465465465466,999,0.04124692370795734,0.9453650533223954,0.4445423175857958,0.09997146546606595,0.029860541427399467,0.11024210892567748,0.9752255947497949,0.21021357439174343,0.08236259228876128,0.36254980079681276,1.0,0.08236259228876128,1506,0.02699803325585548,0.9730019667441445,0.02699803325585548
enron,MLC_PA_MLP,0.20,4,Operating Point,,0.01175146903326323,518,,0.9159673331455928,6.571715817694371,0.5522388059701493,938,0.04046184173472262,0.9471698113207547,0.4536260257155779,0.10510873278784356,0.02917488031540405,0.12195378441515693,0.9763446916361588,0.2270625172030005,0.0840326668544072,0.34718498659517427,1.0,0.0840326668544072,1492,0.025825493451392734,0.9741745065486073,0.025825493451392734
enron,MLC_PA_MLP,0.20,5,Operating Point,,0.012088853773566501,569,,0.9165371809100998,6.8723860029169535,0.5735887096774194,992,0.04016648168701443,0.9449500554938957,0.41055534334946103,0.106307036391025,0.03157602663706993,0.11583005694682481,0.9765260821309656,0.2221370933378498,0.08346281908990011,0.3783244680851064,1.0,0.08346281908990011,1504,0.025611528215064183,0.9743884717849358,0.025611528215064183
enron,MLC_PA_MLP,0.25,1,Operating Point,,0.011470451435990747,467,,0.9278740675734971,6.932319391634981,0.5,934,0.04364578762615182,0.9487713909609478,0.4547916876405248,0.11432424538380605,0.025614304519526176,0.08352001934081367,0.9743856954804739,0.19784426472461972,0.07212593242650285,0.35513307984790876,1.0,0.07212593242650285,1315,0.02760536738192354,0.9723946326180765,0.02760536738192354
enron,MLC_PA_MLP,0.25,2,Operating Point,,0.010393826860963719,464,,0.9325667076029921,7.220224734717136,0.48688352570828963,953,0.04415540917717986,0.9468013843920956,0.4352306306448318,0.10777924901450699,0.025901529529976486,0.09723511581152873,0.9727029139220721,0.20501436482603572,0.06743329239700793,0.3841059602649007,1.0,0.06743329239700793,1208,0.029270920627319508,0.9707290793726805,0.029270920627319508
enron,MLC_PA_MLP,0.25,3,Operating Point,,0.01136340462817353,495,,0.9302707136997539,7.105988341282458,0.4954954954954955,999,0.04499589827727646,0.9453650533223954,0.4445423175857958,0.09997146546606595,0.027071369975389725,0.09264545661203819,0.9724364232977851,0.19261692207810413,0.06972928630024611,0.38823529411764707,1.0,0.06972928630024611,1275,0.029629629629629672,0.9703703703703703,0.029629629629629672
enron,MLC_PA_MLP,0.25,4,Operating Point,,0.01175146903326323,453,,0.9303858068149817,6.937413314840499,0.48294243070362475,938,0.04471979724021402,0.9471698113207547,0.4536260257155779,0.10510873278784356,0.025513939735285818,0.09162553776329817,0.9726837510560405,0.19673427055114173,0.06961419318501831,0.36650485436893204,1.0,0.06961419318501831,1236,0.02936013075852051,0.9706398692414795,0.02936013075852051
enron,MLC_PA_MLP,0.25,5,Operating Point,,0.012088853773566501,512,,0.9320754716981132,7.598566308243727,0.5161290322580645,992,0.04361820199778024,0.9449500554938957,0.41055534334946103,0.106307036391025,0.028412874583795822,0.08688144992677439,0.9733629300776915,0.1931884863177994,0.06792452830188679,0.41830065359477125,1.0,0.06792452830188679,1224,0.0285782329125982,0.9714217670874018,0.0285782329125982
enron,MLC_PA_MLP,0.30,1,Operating Point,,0.011470451435990747,415,,0.9388437911364633,7.2654189992414135,0.4443254817987152,934,0.04681329530495831,0.9487713909609478,0.4547916876405248,0.11432424538380605,0.02276217639315492,0.06801134818978423,0.9715335673541027,0.18233559357359028,0.06115620886353664,0.3721973094170404,1.0,0.06115620886353664,1115,0.030320733773441577,0.9696792662265584,0.030320733773441577
enron,MLC_PA_MLP,0.30,2,Operating Point,,0.010393826860963719,400,,0.9447359607011276,7.594942075529693,0.4197271773347324,953,0.04744892263034498,0.9468013843920956,0.4352306306448318,0.10777924901450699,0.022328904767221158,0.07538494608172448,0.9691302891593168,0.18316419509623147,0.05526403929887239,0.40404040404040403,0.985207100591716,0.05526403929887239,990,0.03267549042779483,0.9673245095722052,0.03267549042779483
enron,MLC_PA_MLP,0.30,3,Operating Point,,0.01136340462817353,428,,0.9440525020508613,7.657687012525722,0.42842842842842843,999,0.04801203171998905,0.9453650533223954,0.4445423175857958,0.09997146546606595,0.023407164342357123,0.07438936464976004,0.9687722176647525,0.17436083011582598,0.05594749794913864,0.41837732160312807,0.9855072463768116,0.05594749794913864,1023,0.03307843818792722,0.9669215618120728,0.03307843818792722
enron,MLC_PA_MLP,0.30,4,Operating Point,,0.01175146903326323,389,,0.9456491129259363,7.630273871206514,0.4147121535181237,938,0.047226133483525765,0.9471698113207547,0.4536260257155779,0.10510873278784356,0.021909321317938546,0.07230859803283941,0.9690791326386933,0.17741733082068298,0.054350887074063645,0.40310880829015544,0.9641791044776119,0.054350887074063645,965,0.0326980345443717,0.9673019654556283,0.0326980345443717
enron,MLC_PA_MLP,0.30,5,Operating Point,,0.012088853773566501,469,,0.9413984461709212,8.067742699169111,0.4727822580645161,992,0.04660377358490566,0.9449500554938957,0.41055534334946103,0.106307036391025,0.026026637069922365,0.0746156852122188,0.970976692563818,0.1809227216032438,0.0586015538290788,0.4441287878787879,0.9970588235294118,0.0586015538290788,1056,0.030829992926196703,0.9691700070738033,0.030829992926196703
enron,MLC_PA_MLP,0.35,1,Operating Point,,0.011470451435990747,354,,0.9511298815269855,7.755556997527019,0.37901498929336186,934,0.04891673979815709,0.9487713909609478,0.4547916876405248,0.11432424538380605,0.01941641070645017,0.059331272819201544,0.9681878016673979,0.1736555182030076,0.04887011847301448,0.39730639730639733,0.9912790697674418,0.04887011847301448,891,0.03344674470907094,0.9665532552909291,0.03344674470907094
enron,MLC_PA_MLP,0.35,2,Operating Point,,0.010393826860963719,338,,0.9561795243943284,8.093692730298553,0.3546694648478489,953,0.04966785754158758,0.9468013843920956,0.4352306306448318,0.10777924901450699,0.018867924528301883,0.052933257941474396,0.9656693089203975,0.16071250695598138,0.043820475605671545,0.4305732484076433,0.9704142011834319,0.043820475605671545,785,0.035904022418121295,0.9640959775818787,0.035904022418121295
enron,MLC_PA_MLP,0.35,3,Operating Point,,0.01136340462817353,359,,0.9558654634946677,8.142361692547567,0.35935935935935936,999,0.05044845501777413,0.9453650533223954,0.4445423175857958,0.09997146546606595,0.019633579436696746,0.05482562065062965,0.9649986327590921,0.1547970861166956,0.044134536505332236,0.4448574969021066,0.9594202898550724,0.044134536505332236,807,0.03661746195216842,0.9633825380478316,0.03661746195216842
enron,MLC_PA_MLP,0.35,4,Operating Point,,0.01175146903326323,319,,0.958659532526049,8.226449980537174,0.3400852878464819,938,0.04933258237116306,0.9471698113207547,0.4536260257155779,0.10510873278784356,0.017966769923965065,0.05515948489935725,0.9651365812447198,0.16026821768720081,0.041340467473951,0.43460490463215257,0.9104477611940298,0.041340467473951,734,0.0363668409611656,0.9636331590388344,0.0363668409611656
enron,MLC_PA_MLP,0.35,5,Operating Point,,0.012088853773566501,375,,0.9556048834628191,8.51499495967742,0.3780241935483871,992,0.049778024417314104,0.9449500554938957,0.41055534334946103,0.106307036391025,0.02081021087680357,0.05375753317662128,0.9657602663706992,0.16006456956764628,0.04439511653718091,0.46875,0.9558823529411765,0.04439511653718091,800,0.03583042973286876,0.9641695702671312,0.03583042973286876
enron,MLC_PA_MLP,0.40,1,Operating Point,,0.011470451435990747,268,,0.9650614304519526,8.212640219981916,0.28693790149892934,934,0.05050460728389644,0.9487713909609478,0.4547916876405248,0.11432424538380605,0.014699429574374756,0.03597836655065127,0.9634708205353225,0.15030261193445732,0.03493856954804739,0.4207221350078493,0.9302325581395349,0.03493856954804739,637,0.0378516624040921,0.9621483375959079,0.0378516624040921
enron,MLC_PA_MLP,0.40,2,Operating Point,,0.010393826860963719,255,,0.9691861114212348,8.683619234454127,0.2675760755508919,953,0.05128949425030702,0.9468013843920956,0.4352306306448318,0.10777924901450699,0.014234676789103506,0.03533196586373456,0.9610360611811991,0.14311121487824155,0.03081388857876521,0.46195652173913043,0.8875739644970414,0.03081388857876521,552,0.04020274161962911,0.9597972583803709,0.04020274161962911
enron,MLC_PA_MLP,0.40,3,Operating Point,,0.01136340462817353,271,,0.969756631118403,8.969611564548273,0.27127127127127126,999,0.051911402789171446,0.9453650533223954,0.4445423175857958,0.09997146546606595,0.014820891441071904,0.0401362322696234,0.9601859447634673,0.14010769773568935,0.030243368881596937,0.49005424954792043,0.8695652173913043,0.030243368881596937,553,0.04105571847507328,0.9589442815249267,0.04105571847507328
enron,MLC_PA_MLP,0.40,4,Operating Point,,0.01175146903326323,225,,0.9711630526612222,8.318219866071429,0.23987206823027718,938,0.051692480991270065,0.9471698113207547,0.4536260257155779,0.10510873278784356,0.012672486623486301,0.03952972518295393,0.959842297944241,0.1446384579707975,0.02883694733877781,0.439453125,0.808955223880597,0.02883694733877781,512,0.041350113089369644,0.9586498869106304,0.041350113089369644
enron,MLC_PA_MLP,0.40,5,Operating Point,,0.012088853773566501,264,,0.9688679245283018,8.548387096774194,0.2661290322580645,992,0.05285238623751387,0.9449500554938957,0.41055534334946103,0.106307036391025,0.014650388457269736,0.03338847460069232,0.9596004439511654,0.13969551099171731,0.031132075471698113,0.47058823529411764,0.8264705882352941,0.031132075471698113,561,0.04169769173492177,0.9583023082650782,0.04169769173492177
enron,MLC_PA_MLP,0.50,1,Operating Point,,0.011470451435990747,0,,1.0,,0.0,934,0.051228609039052214,0.9487713909609478,0.4547916876405248,0.11432424538380605,0.0,0.0,0.9487713909609478,0.11432424538380605,0.0,,0.0,0.0,0,0.05122860903905224,0.9487713909609478,0.05122860903905224
enron,MLC_PA_MLP,0.50,2,Operating Point,,0.010393826860963719,0,,1.0,,0.0,953,0.05319861560790443,0.9468013843920956,0.4352306306448318,0.10777924901450699,0.0,0.0,0.9468013843920956,0.10777924901450699,0.0,,0.0,0.0,0,0.0531986156079044,0.9468013843920956,0.0531986156079044
enron,MLC_PA_MLP,0.50,3,Operating Point,,0.01136340462817353,0,,1.0,,0.0,999,0.054634946677604594,0.9453650533223954,0.4445423175857958,0.09997146546606595,0.0,0.0,0.9453650533223954,0.09997146546606595,0.0,,0.0,0.0,0,0.0546349466776046,0.9453650533223954,0.0546349466776046
enron,MLC_PA_MLP,0.50,4,Operating Point,,0.01175146903326323,0,,1.0,,0.0,938,0.052830188679245285,0.9471698113207547,0.4536260257155779,0.10510873278784356,0.0,0.0,0.9471698113207547,0.10510873278784356,0.0,,0.0,0.0,0,0.05283018867924527,0.9471698113207547,0.05283018867924527
enron,MLC_PA_MLP,0.50,5,Operating Point,,0.012088853773566501,0,,1.0,,0.0,992,0.05504994450610433,0.9449500554938957,0.41055534334946103,0.106307036391025,0.0,0.0,0.9449500554938957,0.106307036391025,0.0,,0.0,0.0,0,0.05504994450610434,0.9449500554938957,0.05504994450610434
enron,GSI_MLC_PA_Logistic,0.20,1,Operating Point,,0.01380323433748883,224,,0.9573826239578762,6.048414352211821,0.25776754890678943,869,0.0444493198771391,0.9523365511189118,0.545528946183016,0.2076559877138609,0.011737604212373909,0.10759682347800942,0.9640741553312857,0.3152528111918703,0.04261737604212374,0.2882882882882883,0.8430232558139535,0.04261737604212374,777,0.037525064451446544,0.9624749355485535,0.037525064451446544
enron,GSI_MLC_PA_Logistic,0.20,2,Operating Point,,0.012317898652888926,243,,0.9598079714190019,6.831610169491525,0.2745762711864407,885,0.045439321201295076,0.9505972982025231,0.5466615567207282,0.23737859129925212,0.012001786312381357,0.09648392741248255,0.9625990845149045,0.33386251871173467,0.0401920285809981,0.3375,0.8668639053254438,0.0401920285809981,720,0.03896708154007211,0.9610329184599279,0.03896708154007211
enron,GSI_MLC_PA_Logistic,0.20,3,Operating Point,,0.014920024570040772,257,,0.9564670494941209,6.6257846471414314,0.2884399551066218,891,0.043762646978397594,0.9512715340442987,0.5566084318258231,0.23184488423572785,0.013672409078479553,0.09989689285592512,0.9649439431227782,0.331741777091653,0.04353295050587914,0.3228643216080402,0.8608695652173913,0.04353295050587914,796,0.0366516095831666,0.9633483904168334,0.0366516095831666
enron,GSI_MLC_PA_Logistic,0.20,4,Operating Point,,0.013999969526486565,263,,0.9536468600394256,6.499236581723335,0.30126002290950743,873,0.0443593353984793,0.950830751900873,0.5541749958167869,0.20435273896874623,0.014080540692762655,0.08770674148243623,0.9649112925936356,0.29205948045118246,0.04635313996057448,0.3195625759416768,0.8626865671641791,0.04635313996057448,823,0.036794235766595795,0.9632057642334042,0.036794235766595795
enron,GSI_MLC_PA_Logistic,0.20,5,Operating Point,,0.012225440601721,258,,0.9586015538290789,6.971049175018443,0.28859060402684567,894,0.04401775804661487,0.9503884572697003,0.5323050968639204,0.21213111432793616,0.013873473917868973,0.07686465927392741,0.9642619311875693,0.28899577360186357,0.0413984461709212,0.34584450402144773,0.8558823529411764,0.0413984461709212,746,0.03728146347111261,0.9627185365288874,0.03728146347111261
enron,GSI_MLC_PA_Logistic,0.25,1,Operating Point,,0.01380323433748883,224,,0.9573826239578762,6.048414352211821,0.25776754890678943,869,0.04658018867924528,0.9523365511189118,0.545528946183016,0.2076559877138609,0.011737604212373909,0.10759682347800942,0.9640741553312857,0.3152528111918703,0.04261737604212374,0.2882882882882883,0.8430232558139535,0.04261737604212374,777,0.037525064451446544,0.9624749355485535,0.037525064451446544
enron,GSI_MLC_PA_Logistic,0.25,2,Operating Point,,0.012317898652888926,243,,0.9598079714190019,6.831610169491525,0.2745762711864407,885,0.04744892263034498,0.9505972982025231,0.5466615567207282,0.23737859129925212,0.012001786312381357,0.09648392741248255,0.9625990845149045,0.33386251871173467,0.0401920285809981,0.3375,0.8668639053254438,0.0401920285809981,720,0.03896708154007211,0.9610329184599279,0.03896708154007211
enron,GSI_MLC_PA_Logistic,0.25,3,Operating Point,,0.014920024570040772,257,,0.9564670494941209,6.6257846471414314,0.2884399551066218,891,0.04593929450369155,0.9512715340442987,0.5566084318258231,0.23184488423572785,0.013672409078479553,0.09989689285592512,0.9649439431227782,0.331741777091653,0.04353295050587914,0.3228643216080402,0.8608695652173913,0.04353295050587914,796,0.0366516095831666,0.9633483904168334,0.0366516095831666
enron,GSI_MLC_PA_Logistic,0.25,4,Operating Point,,0.013999969526486565,263,,0.9536468600394256,6.499236581723335,0.30126002290950743,873,0.04667699239650803,0.950830751900873,0.5541749958167869,0.20435273896874623,0.014080540692762655,0.08770674148243623,0.9649112925936356,0.29205948045118246,0.04635313996057448,0.3195625759416768,0.8626865671641791,0.04635313996057448,823,0.036794235766595795,0.9632057642334042,0.036794235766595795
enron,GSI_MLC_PA_Logistic,0.25,5,Operating Point,,0.012225440601721,258,,0.9586015538290789,6.971049175018443,0.28859060402684567,894,0.046087680355160934,0.9503884572697003,0.5323050968639204,0.21213111432793616,0.013873473917868973,0.07686465927392741,0.9642619311875693,0.28899577360186357,0.0413984461709212,0.34584450402144773,0.8558823529411764,0.0413984461709212,746,0.03728146347111261,0.9627185365288874,0.03728146347111261
enron,GSI_MLC_PA_Logistic,0.30,1,Operating Point,,0.01380323433748883,224,,0.9573826239578762,6.048414352211821,0.25776754890678943,869,0.048711057481351475,0.9523365511189118,0.545528946183016,0.2076559877138609,0.011737604212373909,0.10759682347800942,0.9640741553312857,0.3152528111918703,0.04261737604212374,0.2882882882882883,0.8430232558139535,0.04261737604212374,777,0.037525064451446544,0.9624749355485535,0.037525064451446544
enron,GSI_MLC_PA_Logistic,0.30,2,Operating Point,,0.012317898652888926,243,,0.9598079714190019,6.831610169491525,0.2745762711864407,885,0.04945852405939489,0.9505972982025231,0.5466615567207282,0.23737859129925212,0.012001786312381357,0.09648392741248255,0.9625990845149045,0.33386251871173467,0.0401920285809981,0.3375,0.8668639053254438,0.0401920285809981,720,0.03896708154007211,0.9610329184599279,0.03896708154007211
enron,GSI_MLC_PA_Logistic,0.30,3,Operating Point,,0.014920024570040772,257,,0.9564670494941209,6.6257846471414314,0.2884399551066218,891,0.04811594202898551,0.9512715340442987,0.5566084318258231,0.23184488423572785,0.013672409078479553,0.09989689285592512,0.9649439431227782,0.331741777091653,0.04353295050587914,0.3228643216080402,0.8608695652173913,0.04353295050587914,796,0.0366516095831666,0.9633483904168334,0.0366516095831666
enron,GSI_MLC_PA_Logistic,0.30,4,Operating Point,,0.013999969526486565,263,,0.9536468600394256,6.499236581723335,0.30126002290950743,873,0.04899464939453676,0.950830751900873,0.5541749958167869,0.20435273896874623,0.014080540692762655,0.08770674148243623,0.9649112925936356,0.29205948045118246,0.04635313996057448,0.3195625759416768,0.8626865671641791,0.04635313996057448,823,0.036794235766595795,0.9632057642334042,0.036794235766595795
enron,GSI_MLC_PA_Logistic,0.30,5,Operating Point,,0.012225440601721,258,,0.9586015538290789,6.971049175018443,0.28859060402684567,894,0.04815760266370699,0.9503884572697003,0.5323050968639204,0.21213111432793616,0.013873473917868973,0.07686465927392741,0.9642619311875693,0.28899577360186357,0.0413984461709212,0.34584450402144773,0.8558823529411764,0.0413984461709212,746,0.03728146347111261,0.9627185365288874,0.03728146347111261
enron,GSI_MLC_PA_Logistic,0.35,1,Operating Point,,0.01380323433748883,224,,0.9573826239578762,6.048414352211821,0.25776754890678943,869,0.050841926283457656,0.9523365511189118,0.545528946183016,0.2076559877138609,0.011737604212373909,0.10759682347800942,0.9640741553312857,0.3152528111918703,0.04261737604212374,0.2882882882882883,0.8430232558139535,0.04261737604212374,777,0.037525064451446544,0.9624749355485535,0.037525064451446544
enron,GSI_MLC_PA_Logistic,0.35,2,Operating Point,,0.012317898652888926,243,,0.9598079714190019,6.831610169491525,0.2745762711864407,885,0.051468125488444795,0.9505972982025231,0.5466615567207282,0.23737859129925212,0.012001786312381357,0.09648392741248255,0.9625990845149045,0.33386251871173467,0.0401920285809981,0.3375,0.8668639053254438,0.0401920285809981,720,0.03896708154007211,0.9610329184599279,0.03896708154007211
enron,GSI_MLC_PA_Logistic,0.35,3,Operating Point,,0.014920024570040772,257,,0.9564670494941209,6.6257846471414314,0.2884399551066218,891,0.05029258955427946,0.9512715340442987,0.5566084318258231,0.23184488423572785,0.013672409078479553,0.09989689285592512,0.9649439431227782,0.331741777091653,0.04353295050587914,0.3228643216080402,0.8608695652173913,0.04353295050587914,796,0.0366516095831666,0.9633483904168334,0.0366516095831666
enron,GSI_MLC_PA_Logistic,0.35,4,Operating Point,,0.013999969526486565,263,,0.9536468600394256,6.499236581723335,0.30126002290950743,873,0.051312306392565475,0.950830751900873,0.5541749958167869,0.20435273896874623,0.014080540692762655,0.08770674148243623,0.9649112925936356,0.29205948045118246,0.04635313996057448,0.3195625759416768,0.8626865671641791,0.04635313996057448,823,0.036794235766595795,0.9632057642334042,0.036794235766595795
enron,GSI_MLC_PA_Logistic,0.35,5,Operating Point,,0.012225440601721,258,,0.9586015538290789,6.971049175018443,0.28859060402684567,894,0.05022752497225305,0.9503884572697003,0.5323050968639204,0.21213111432793616,0.013873473917868973,0.07686465927392741,0.9642619311875693,0.28899577360186357,0.0413984461709212,0.34584450402144773,0.8558823529411764,0.0413984461709212,746,0.03728146347111261,0.9627185365288874,0.03728146347111261
enron,GSI_MLC_PA_Logistic,0.40,1,Operating Point,,0.01380323433748883,224,,0.9573826239578762,6.048414352211821,0.25776754890678943,869,0.05297279508556385,0.9523365511189118,0.545528946183016,0.2076559877138609,0.011737604212373909,0.10759682347800942,0.9640741553312857,0.3152528111918703,0.04261737604212374,0.2882882882882883,0.8430232558139535,0.04261737604212374,777,0.037525064451446544,0.9624749355485535,0.037525064451446544
enron,GSI_MLC_PA_Logistic,0.40,2,Operating Point,,0.012317898652888926,243,,0.9598079714190019,6.831610169491525,0.2745762711864407,885,0.053477726917494695,0.9505972982025231,0.5466615567207282,0.23737859129925212,0.012001786312381357,0.09648392741248255,0.9625990845149045,0.33386251871173467,0.0401920285809981,0.3375,0.8668639053254438,0.0401920285809981,720,0.03896708154007211,0.9610329184599279,0.03896708154007211
enron,GSI_MLC_PA_Logistic,0.40,3,Operating Point,,0.014920024570040772,257,,0.9564670494941209,6.6257846471414314,0.2884399551066218,891,0.052469237079573426,0.9512715340442987,0.5566084318258231,0.23184488423572785,0.013672409078479553,0.09989689285592512,0.9649439431227782,0.331741777091653,0.04353295050587914,0.3228643216080402,0.8608695652173913,0.04353295050587914,796,0.0366516095831666,0.9633483904168334,0.0366516095831666
enron,GSI_MLC_PA_Logistic,0.40,4,Operating Point,,0.013999969526486565,263,,0.9536468600394256,6.499236581723335,0.30126002290950743,873,0.0536299633905942,0.950830751900873,0.5541749958167869,0.20435273896874623,0.014080540692762655,0.08770674148243623,0.9649112925936356,0.29205948045118246,0.04635313996057448,0.3195625759416768,0.8626865671641791,0.04635313996057448,823,0.036794235766595795,0.9632057642334042,0.036794235766595795
enron,GSI_MLC_PA_Logistic,0.40,5,Operating Point,,0.012225440601721,258,,0.9586015538290789,6.971049175018443,0.28859060402684567,894,0.05229744728079911,0.9503884572697003,0.5323050968639204,0.21213111432793616,0.013873473917868973,0.07686465927392741,0.9642619311875693,0.28899577360186357,0.0413984461709212,0.34584450402144773,0.8558823529411764,0.0413984461709212,746,0.03728146347111261,0.9627185365288874,0.03728146347111261
enron,GSI_MLC_PA_Logistic,0.50,1,Operating Point,,0.01380323433748883,224,,0.9573826239578762,6.048414352211821,0.25776754890678943,869,0.05723453268977622,0.9523365511189118,0.545528946183016,0.2076559877138609,0.011737604212373909,0.10759682347800942,0.9640741553312857,0.3152528111918703,0.04261737604212374,0.2882882882882883,0.8430232558139535,0.04261737604212374,777,0.037525064451446544,0.9624749355485535,0.037525064451446544
enron,GSI_MLC_PA_Logistic,0.50,2,Operating Point,,0.012317898652888926,243,,0.9598079714190019,6.831610169491525,0.2745762711864407,885,0.05749692977559451,0.9505972982025231,0.5466615567207282,0.23737859129925212,0.012001786312381357,0.09648392741248255,0.9625990845149045,0.33386251871173467,0.0401920285809981,0.3375,0.8668639053254438,0.0401920285809981,720,0.03896708154007211,0.9610329184599279,0.03896708154007211
enron,GSI_MLC_PA_Logistic,0.50,3,Operating Point,,0.014920024570040772,257,,0.9564670494941209,6.6257846471414314,0.2884399551066218,891,0.056822532130161335,0.9512715340442987,0.5566084318258231,0.23184488423572785,0.013672409078479553,0.09989689285592512,0.9649439431227782,0.331741777091653,0.04353295050587914,0.3228643216080402,0.8608695652173913,0.04353295050587914,796,0.0366516095831666,0.9633483904168334,0.0366516095831666
enron,GSI_MLC_PA_Logistic,0.50,4,Operating Point,,0.013999969526486565,263,,0.9536468600394256,6.499236581723335,0.30126002290950743,873,0.058265277386651645,0.950830751900873,0.5541749958167869,0.20435273896874623,0.014080540692762655,0.08770674148243623,0.9649112925936356,0.29205948045118246,0.04635313996057448,0.3195625759416768,0.8626865671641791,0.04635313996057448,823,0.036794235766595795,0.9632057642334042,0.036794235766595795
enron,GSI_MLC_PA_Logistic,0.50,5,Operating Point,,0.012225440601721,258,,0.9586015538290789,6.971049175018443,0.28859060402684567,894,0.056437291897891234,0.9503884572697003,0.5323050968639204,0.21213111432793616,0.013873473917868973,0.07686465927392741,0.9642619311875693,0.28899577360186357,0.0413984461709212,0.34584450402144773,0.8558823529411764,0.0413984461709212,746,0.03728146347111261,0.9627185365288874,0.03728146347111261
enron,GSI_MLC_PA_MLP,0.20,1,Operating Point,,0.016387261222185697,592,,0.7022268538832821,2.3171219398885636,0.6899766899766899,858,0.07419921017990348,0.952939885914875,0.48584747778061727,0.17103970008172487,0.032415533128565155,0.2852662095898581,0.9853554190434402,0.45630590967158297,0.29777314611671785,0.10904402284030208,1.0,0.29777314611671785,5429,0.02085448722955552,0.9791455127704445,0.02085448722955552
enron,GSI_MLC_PA_MLP,0.20,2,Operating Point,,0.014179494380431937,648,,0.7095009489784526,2.5148186244732393,0.7305524239007892,887,0.07127386401696997,0.9504856536786871,0.4869189653213322,0.1475835363660054,0.03634029250865245,0.4103616047492369,0.9868259461873395,0.5579451411152423,0.2904990510215474,0.1245196003074558,1.0,0.2904990510215474,5204,0.018568056648308406,0.9814319433516916,0.018568056648308406
enron,GSI_MLC_PA_MLP,0.20,3,Operating Point,,0.015981553690991336,655,,0.68192507519825,2.265416104884216,0.7205720572057206,909,0.07750615258408532,0.950287120590648,0.48252013686796297,0.1509281994924572,0.03582171178561666,0.3889698183396141,0.9861088323762647,0.5398980178320713,0.3180749248017501,0.1126203576341128,1.0,0.3180749248017501,5816,0.020370518886839384,0.9796294811131606,0.020370518886839384
enron,GSI_MLC_PA_MLP,0.20,4,Operating Point,,0.014875631929652312,595,,0.7044776119402985,2.3089264201649526,0.6823394495412844,872,0.07470571669952127,0.950887074063644,0.49701837134672955,0.15931724889724175,0.033511686848775035,0.35494091091909896,0.9843987609124191,0.5142581598163407,0.2955223880597015,0.1133981322660568,1.0,0.2955223880597015,5247,0.02214582667093057,0.9778541733290694,0.02214582667093057
enron,GSI_MLC_PA_MLP,0.20,5,Operating Point,,0.013479227738403477,642,,0.7000554938956715,2.4830579230797296,0.7447795823665894,862,0.07258601553829079,0.9521642619311875,0.49279942279942274,0.1552861054198498,0.03523862375138742,0.41016358450010504,0.987402885682575,0.5654496899199548,0.29994450610432855,0.11877890841813137,1.0,0.29994450610432855,5405,0.017994451050336924,0.9820055489496631,0.017994451050336924
enron,GSI_MLC_PA_MLP,0.25,1,Operating Point,,0.016387261222185697,592,,0.7022268538832821,2.3171219398885636,0.6899766899766899,858,0.08908786748573935,0.952939885914875,0.48584747778061727,0.17103970008172487,0.032415533128565155,0.2852662095898581,0.9853554190434402,0.45630590967158297,0.29777314611671785,0.10904402284030208,1.0,0.29777314611671785,5429,0.02085448722955552,0.9791455127704445,0.02085448722955552
enron,GSI_MLC_PA_MLP,0.25,2,Operating Point,,0.014179494380431937,648,,0.7095009489784526,2.5148186244732393,0.7305524239007892,887,0.08579881656804733,0.9504856536786871,0.4869189653213322,0.1475835363660054,0.03634029250865245,0.4103616047492369,0.9868259461873395,0.5579451411152423,0.2904990510215474,0.1245196003074558,1.0,0.2904990510215474,5204,0.018568056648308406,0.9814319433516916,0.018568056648308406
enron,GSI_MLC_PA_MLP,0.25,3,Operating Point,,0.015981553690991336,655,,0.68192507519825,2.265416104884216,0.7205720572057206,909,0.09340989882417282,0.950287120590648,0.48252013686796297,0.1509281994924572,0.03582171178561666,0.3889698183396141,0.9861088323762647,0.5398980178320713,0.3180749248017501,0.1126203576341128,1.0,0.3180749248017501,5816,0.020370518886839384,0.9796294811131606,0.020370518886839384
enron,GSI_MLC_PA_MLP,0.25,4,Operating Point,,0.014875631929652312,595,,0.7044776119402985,2.3089264201649526,0.6823394495412844,872,0.08948183610250633,0.950887074063644,0.49701837134672955,0.15931724889724175,0.033511686848775035,0.35494091091909896,0.9843987609124191,0.5142581598163407,0.2955223880597015,0.1133981322660568,1.0,0.2955223880597015,5247,0.02214582667093057,0.9778541733290694,0.02214582667093057
enron,GSI_MLC_PA_MLP,0.25,5,Operating Point,,0.013479227738403477,642,,0.7000554938956715,2.4830579230797296,0.7447795823665894,862,0.08758324084350722,0.9521642619311875,0.49279942279942274,0.1552861054198498,0.03523862375138742,0.41016358450010504,0.987402885682575,0.5654496899199548,0.29994450610432855,0.11877890841813137,1.0,0.29994450610432855,5405,0.017994451050336924,0.9820055489496631,0.017994451050336924
enron,GSI_MLC_PA_MLP,0.30,1,Operating Point,,0.016387261222185697,592,,0.7022268538832821,2.3171219398885636,0.6899766899766899,858,0.10397652479157525,0.952939885914875,0.48584747778061727,0.17103970008172487,0.032415533128565155,0.2852662095898581,0.9853554190434402,0.45630590967158297,0.29777314611671785,0.10904402284030208,1.0,0.29777314611671785,5429,0.02085448722955552,0.9791455127704445,0.02085448722955552
enron,GSI_MLC_PA_MLP,0.30,2,Operating Point,,0.014179494380431937,648,,0.7095009489784526,2.5148186244732393,0.7305524239007892,887,0.1003237691191247,0.9504856536786871,0.4869189653213322,0.1475835363660054,0.03634029250865245,0.4103616047492369,0.9868259461873395,0.5579451411152423,0.2904990510215474,0.1245196003074558,1.0,0.2904990510215474,5204,0.018568056648308406,0.9814319433516916,0.018568056648308406
enron,GSI_MLC_PA_MLP,0.30,3,Operating Point,,0.015981553690991336,655,,0.68192507519825,2.265416104884216,0.7205720572057206,909,0.1093136450642603,0.950287120590648,0.48252013686796297,0.1509281994924572,0.03582171178561666,0.3889698183396141,0.9861088323762647,0.5398980178320713,0.3180749248017501,0.1126203576341128,1.0,0.3180749248017501,5816,0.020370518886839384,0.9796294811131606,0.020370518886839384
enron,GSI_MLC_PA_MLP,0.30,4,Operating Point,,0.014875631929652312,595,,0.7044776119402985,2.3089264201649526,0.6823394495412844,872,0.10425795550549141,0.950887074063644,0.49701837134672955,0.15931724889724175,0.033511686848775035,0.35494091091909896,0.9843987609124191,0.5142581598163407,0.2955223880597015,0.1133981322660568,1.0,0.2955223880597015,5247,0.02214582667093057,0.9778541733290694,0.02214582667093057
enron,GSI_MLC_PA_MLP,0.30,5,Operating Point,,0.013479227738403477,642,,0.7000554938956715,2.4830579230797296,0.7447795823665894,862,0.10258046614872364,0.9521642619311875,0.49279942279942274,0.1552861054198498,0.03523862375138742,0.41016358450010504,0.987402885682575,0.5654496899199548,0.29994450610432855,0.11877890841813137,1.0,0.29994450610432855,5405,0.017994451050336924,0.9820055489496631,0.017994451050336924
enron,GSI_MLC_PA_MLP,0.35,1,Operating Point,,0.016387261222185697,592,,0.7022268538832821,2.3171219398885636,0.6899766899766899,858,0.11886518209741112,0.952939885914875,0.48584747778061727,0.17103970008172487,0.032415533128565155,0.2852662095898581,0.9853554190434402,0.45630590967158297,0.29777314611671785,0.10904402284030208,1.0,0.29777314611671785,5429,0.02085448722955552,0.9791455127704445,0.02085448722955552
enron,GSI_MLC_PA_MLP,0.35,2,Operating Point,,0.014179494380431937,648,,0.7095009489784526,2.5148186244732393,0.7305524239007892,887,0.11484872167020206,0.9504856536786871,0.4869189653213322,0.1475835363660054,0.03634029250865245,0.4103616047492369,0.9868259461873395,0.5579451411152423,0.2904990510215474,0.1245196003074558,1.0,0.2904990510215474,5204,0.018568056648308406,0.9814319433516916,0.018568056648308406
enron,GSI_MLC_PA_MLP,0.35,3,Operating Point,,0.015981553690991336,563,,0.7000820344544709,2.065104486378616,0.6193619361936193,909,0.12761279737489745,0.950287120590648,0.48252013686796297,0.1509281994924572,0.027071369975389725,0.38328824238126513,0.9773584905660377,0.5342164418737223,0.29991796554552913,0.10266229029905179,1.0,0.29991796554552913,5484,0.03234122334192646,0.9676587766580735,0.03234122334192646
enron,GSI_MLC_PA_MLP,0.35,4,Operating Point,,0.014875631929652312,595,,0.7044776119402985,2.3089264201649526,0.6823394495412844,872,0.11903407490847648,0.950887074063644,0.49701837134672955,0.15931724889724175,0.033511686848775035,0.35494091091909896,0.9843987609124191,0.5142581598163407,0.2955223880597015,0.1133981322660568,1.0,0.2955223880597015,5247,0.02214582667093057,0.9778541733290694,0.02214582667093057
enron,GSI_MLC_PA_MLP,0.35,5,Operating Point,,0.013479227738403477,533,,0.7179800221975583,2.19250235807924,0.6183294663573086,862,0.12262486126526081,0.9521642619311875,0.49279942279942274,0.1552861054198498,0.02391786903440629,0.40207733113083277,0.9760821309655938,0.5573634365506825,0.28201997780244176,0.10487996851633215,1.0,0.28201997780244176,5082,0.03331272221363424,0.9666872777863658,0.03331272221363424
enron,GSI_MLC_PA_MLP,0.40,1,Operating Point,,0.016387261222185697,592,,0.7022268538832821,2.3171219398885636,0.6899766899766899,858,0.13375383940324703,0.952939885914875,0.48584747778061727,0.17103970008172487,0.032415533128565155,0.2852662095898581,0.9853554190434402,0.45630590967158297,0.29777314611671785,0.10904402284030208,1.0,0.29777314611671785,5429,0.02085448722955552,0.9791455127704445,0.02085448722955552
enron,GSI_MLC_PA_MLP,0.40,2,Operating Point,,0.014179494380431937,489,,0.7432734174388747,2.147407173707926,0.5512965050732808,887,0.1377470135089874,0.9504856536786871,0.4869189653213322,0.1475835363660054,0.014457965836775721,0.3947888984126112,0.9649436195154628,0.5423724347786166,0.25672658256112535,0.10632746249184605,1.0,0.25672658256112535,4599,0.04716485167104767,0.9528351483289523,0.04716485167104767
enron,GSI_MLC_PA_MLP,0.40,3,Operating Point,,0.015981553690991336,407,,0.7343724364232977,1.6856111182458582,0.44774477447744776,909,0.15109652720809408,0.950287120590648,0.48252013686796297,0.1509281994924572,0.004867377631938785,0.36743496251087593,0.9551544982225868,0.5183631620033331,0.2656275635767022,0.08379658225241919,1.0,0.2656275635767022,4857,0.0610664283586535,0.9389335716413465,0.0610664283586535
enron,GSI_MLC_PA_MLP,0.40,4,Operating Point,,0.014875631929652312,530,,0.7201914953534215,2.1721933216623084,0.6077981651376146,872,0.13569135454801462,0.950887074063644,0.49701837134672955,0.15931724889724175,0.025344973246972713,0.34976622768807053,0.9762320473106167,0.5090834765853123,0.2798085046465784,0.10668276972624799,1.0,0.2798085046465784,4968,0.033002267928364803,0.9669977320716352,0.033002267928364803
enron,GSI_MLC_PA_MLP,0.40,5,Operating Point,,0.013479227738403477,373,,0.7513873473917869,1.7405172770964532,0.43271461716937354,862,0.14123196448390676,0.9521642619311875,0.49279942279942274,0.1552861054198498,0.006048834628190947,0.3903985101242169,0.9582130965593785,0.5456846155440667,0.2486126526082131,0.08325892857142857,1.0,0.2486126526082131,4480,0.05561299852289514,0.9443870014771049,0.05561299852289514
enron,GSI_MLC_PA_MLP,0.50,1,Operating Point,,0.016387261222185697,367,,0.7492869679684072,1.7060897244664475,0.42773892773892774,858,0.1685772268538833,0.952939885914875,0.48584747778061727,0.17103970008172487,0.003839403247038131,0.266231824162898,0.9567792891619131,0.43727152424462284,0.2507130320315928,0.08028877707285058,0.997093023255814,0.2507130320315928,4571,0.05768245370031477,0.9423175462996852,0.05768245370031477
enron,GSI_MLC_PA_MLP,0.50,2,Operating Point,,0.014179494380431937,312,,0.7852517584012504,1.6379527056471477,0.35174746335963925,887,0.17698448141118678,0.9504856536786871,0.4869189653213322,0.1475835363660054,-0.02009601429049912,0.3688654619608309,0.930389639388188,0.5164489983268363,0.21474824159874958,0.08110215752534443,0.9822485207100592,0.21474824159874958,3847,0.08864718845524988,0.9113528115447501,0.08864718845524988
enron,GSI_MLC_PA_MLP,0.50,3,Operating Point,,0.015981553690991336,293,,0.7770303527481542,1.4456327899162247,0.32233223322332233,909,0.20232430954334155,0.950287120590648,0.48252013686796297,0.1509281994924572,-0.041126606508066654,0.32809505233948844,0.9091605140825814,0.47902325183194566,0.2229696472518458,0.07186656855531028,0.9884057971014493,0.2229696472518458,4077,0.11690596846846846,0.8830940315315315,0.11690596846846846
enron,GSI_MLC_PA_MLP,0.50,4,Operating Point,,0.014875631929652312,461,,0.7336524922557026,1.9848870719608274,0.5286697247706422,872,0.16522106448887638,0.950887074063644,0.49701837134672955,0.15931724889724175,0.017065615319628247,0.3445528978144744,0.9679526893832723,0.5038701467117161,0.2663475077442974,0.09748361175724254,1.0,0.2663475077442974,4729,0.043681867035160415,0.9563181329648396,0.043681867035160415
enron,GSI_MLC_PA_MLP,0.50,5,Operating Point,,0.013479227738403477,308,,0.7668146503884573,1.5322943112935947,0.35730858468677495,862,0.1711986681465039,0.9521642619311875,0.49279942279942274,0.1552861054198498,-0.0067702552719201,0.3807382547060787,0.9453940066592674,0.5360243601259285,0.23318534961154272,0.07329842931937172,1.0,0.23318534961154272,4202,0.07121146330872774,0.9287885366912723,0.07121146330872774
enron,MLC_PA_SVM,0.20,1,Operating Point,,0.009919166625621471,479,,0.9170688898639754,6.3541015477209095,0.5269526952695269,909,0.04017112768758228,0.9501426064063185,0.41273994093761535,0.07214188304236094,0.026272487933304056,0.11057555092334198,0.9764150943396226,0.18271743396570292,0.08293111013602457,0.3167989417989418,1.0,0.08293111013602457,1512,0.02571770334928225,0.9742822966507177,0.02571770334928225
enron,MLC_PA_SVM,0.20,2,Operating Point,,0.010688016514772553,522,,0.9190577202188233,6.831610169491525,0.5529661016949152,944,0.039745450485653686,0.9473037847493581,0.39941532826148207,0.0680647775594541,0.029139220721223658,0.10824979607894887,0.9764430054705817,0.17631457363840297,0.08094227978117673,0.36,1.0,0.08094227978117673,1450,0.02563168124392612,0.9743683187560739,0.02563168124392612
enron,MLC_PA_SVM,0.20,3,Operating Point,,0.010779349751182377,475,,0.921520371889527,6.4047895580996625,0.5026455026455027,945,0.04140005468963631,0.948318293683347,0.4141269841269842,0.06581805458703902,0.025977577249111317,0.10624615754092823,0.9742958709324583,0.17206421212796724,0.07847962811047307,0.3310104529616725,1.0,0.07847962811047307,1435,0.027893175074183985,0.972106824925816,0.027893175074183985
enron,MLC_PA_SVM,0.20,4,Operating Point,,0.010465638266926168,484,,0.9185581526330611,6.452650090181008,0.5255157437567861,921,0.04090115460433681,0.9481272880878626,0.4114951217936293,0.07192754363433806,0.02725992678118838,0.10903276220936708,0.975387214869051,0.18096030584370515,0.0814418473669389,0.334716459197787,1.0,0.0814418473669389,1446,0.026795021153964038,0.973204978846036,0.026795021153964038
enron,MLC_PA_SVM,0.20,5,Operating Point,,0.00984845529566136,508,,0.9172031076581576,6.5201870122765975,0.5398512221041445,941,0.040588235294117654,0.947780244173141,0.3739627366097954,0.08084142424109651,0.028190899001109826,0.11024647235579475,0.9759711431742508,0.19108789659689127,0.0827968923418424,0.34048257372654156,1.0,0.0827968923418424,1492,0.026197967086156848,0.9738020329138432,0.026197967086156848
enron,MLC_PA_SVM,0.25,1,Operating Point,,0.009919166625621471,443,,0.9263383062746818,6.616040308423992,0.48734873487348734,909,0.043974879333040805,0.9501426064063185,0.41273994093761535,0.07214188304236094,0.024297937691970195,0.08349879756083425,0.9744405440982887,0.1556406806031952,0.07366169372531813,0.3298585256887565,1.0,0.07366169372531813,1343,0.02759192373734387,0.9724080762626561,0.02759192373734387
enron,MLC_PA_SVM,0.25,2,Operating Point,,0.010688016514772553,484,,0.9279334598637937,7.114423190536832,0.5127118644067796,944,0.043694875516355924,0.9473037847493581,0.39941532826148207,0.0680647775594541,0.02701797476833756,0.08795195916204519,0.9743217595176956,0.1560167367214993,0.07206654013620632,0.37490317583268784,1.0,0.07206654013620632,1291,0.027672501955122386,0.9723274980448776,0.027672501955122386
enron,MLC_PA_SVM,0.25,3,Operating Point,,0.010779349751182377,437,,0.9305988515176374,6.663201871239696,0.4624338624338624,945,0.04513262236806125,0.948318293683347,0.4141269841269842,0.06581805458703902,0.023899371069182385,0.08423781460412483,0.9722176647525294,0.15005586919116384,0.06940114848236259,0.34436564223798266,1.0,0.06940114848236259,1269,0.02985425481899384,0.9701457451810062,0.02985425481899384
enron,MLC_PA_SVM,0.25,4,Operating Point,,0.010465638266926168,443,,0.9280202759785976,6.682422317716166,0.4809989142236699,921,0.0449169248099127,0.9481272880878626,0.4114951217936293,0.07192754363433806,0.02495071810757532,0.08398002316543066,0.9730780061954379,0.15590756679976872,0.07197972402140242,0.34663536776212833,1.0,0.07197972402140242,1278,0.02901013534017116,0.9709898646598288,0.02901013534017116
enron,MLC_PA_SVM,0.25,5,Operating Point,,0.00984845529566136,467,,0.9274139844617092,6.837137276695038,0.4962805526036132,941,0.04445061043285239,0.947780244173141,0.3739627366097954,0.08084142424109651,0.025915649278579367,0.08290232297164125,0.9736958934517204,0.16374374721273777,0.07258601553829079,0.3570336391437309,1.0,0.07258601553829079,1308,0.02836285303973196,0.971637146960268,0.02836285303973196
enron,MLC_PA_SVM,0.30,1,Operating Point,,0.009919166625621471,409,,0.9332492321193506,6.740671437727175,0.44994499449944997,909,0.04744953927161035,0.9501426064063185,0.41273994093761535,0.07214188304236094,0.022433084686265925,0.062230436080713936,0.9725756910925845,0.13437231912307487,0.0667507678806494,0.3360723089564503,1.0,0.0667507678806494,1217,0.02938583602703493,0.9706141639729651,0.02938583602703493
enron,MLC_PA_SVM,0.30,2,Operating Point,,0.010688016514772553,430,,0.9379814670090432,7.344715403743764,0.4555084745762712,944,0.04729820252316624,0.9473037847493581,0.39941532826148207,0.0680647775594541,0.024003572624762715,0.06415655455488621,0.9713073573741208,0.1322213321143403,0.0620185329909568,0.387038703870387,1.0,0.0620185329909568,1111,0.030589775635303185,0.9694102243646968,0.030589775635303185
enron,MLC_PA_SVM,0.30,3,Operating Point,,0.010779349751182377,399,,0.9397320207820617,7.005747126436781,0.4222222222222222,945,0.04794093519278097,0.948318293683347,0.4141269841269842,0.06581805458703902,0.021821164889253564,0.07332692507577174,0.9701394585726005,0.13914497966281075,0.0602679792179382,0.3620689655172414,1.0,0.0602679792179382,1102,0.031775592155037,0.968224407844963,0.031775592155037
enron,MLC_PA_SVM,0.30,4,Operating Point,,0.010465638266926168,397,,0.937369754998592,6.8825086510596085,0.43105320304017375,921,0.04830188679245283,0.9481272880878626,0.4114951217936293,0.07192754363433806,0.02235989862010701,0.06758312430475735,0.9704871867079696,0.13951066793909542,0.06263024500140806,0.35701438848920863,0.9970149253731343,0.06263024500140806,1112,0.03148470828576577,0.9685152917142342,0.03148470828576577
enron,MLC_PA_SVM,0.30,5,Operating Point,,0.00984845529566136,417,,0.9380133185349612,7.149045235596716,0.44314558979808716,941,0.047674805771365146,0.947780244173141,0.3739627366097954,0.08084142424109651,0.023140954495005528,0.06174928254916999,0.9709211986681465,0.1425907067902665,0.06198668146503884,0.37332139659803043,0.9911764705882353,0.06198668146503884,1117,0.03100041412766963,0.9689995858723304,0.03100041412766963
enron,MLC_PA_SVM,0.35,1,Operating Point,,0.009919166625621471,369,,0.9427380430013164,7.089184780547021,0.40594059405940597,909,0.049659938569548055,0.9501426064063185,0.41273994093761535,0.07214188304236094,0.02023913997367266,0.05402320586742296,0.9703817463799912,0.1261650889097839,0.05726195699868363,0.35344827586206895,0.9941860465116279,0.05726195699868363,1044,0.031417267861298614,0.9685827321387014,0.031417267861298614
enron,MLC_PA_SVM,0.35,2,Operating Point,,0.010688016514772553,369,,0.9490900971307358,7.678070640053524,0.3908898305084746,944,0.049916266607122915,0.9473037847493581,0.39941532826148207,0.0680647775594541,0.020598414647761465,0.05389426114908222,0.9679021993971195,0.12195903870853632,0.050909902869264265,0.40460526315789475,1.0,0.050909902869264265,912,0.03381955064110109,0.9661804493588989,0.03381955064110109
enron,MLC_PA_SVM,0.35,3,Operating Point,,0.010779349751182377,346,,0.9506152584085316,7.413981613317161,0.36613756613756615,945,0.050043751709051135,0.948318293683347,0.4141269841269842,0.06581805458703902,0.018922614164615825,0.05467205312128835,0.9672409078479628,0.12049010770832737,0.04938474159146842,0.3831672203765227,0.991304347826087,0.04938474159146842,903,0.034460936601081626,0.9655390633989184,0.034460936601081626
enron,MLC_PA_SVM,0.35,4,Operating Point,,0.010465638266926168,349,,0.9471698113207547,7.172715991934233,0.3789359391965255,921,0.05070684314277668,0.9481272880878626,0.4114951217936293,0.07192754363433806,0.019656434807096557,0.05469305312697789,0.9677837228949592,0.12662059676131596,0.052830188679245285,0.3720682302771855,0.991044776119403,0.052830188679245285,938,0.034013200927632714,0.9659867990723673,0.034013200927632714
enron,MLC_PA_SVM,0.35,5,Operating Point,,0.00984845529566136,339,,0.9513318534961154,7.40227589708418,0.3602550478214665,941,0.05044117647058824,0.947780244173141,0.3739627366097954,0.08084142424109651,0.018812430632630384,0.047441291489410606,0.9665926748057714,0.12828271573050712,0.048668146503884575,0.3865450399087799,0.9764705882352941,0.048668146503884575,877,0.03511637403021639,0.9648836259697836,0.03511637403021639
enron,MLC_PA_SVM,0.40,1,Operating Point,,0.009919166625621471,292,,0.9600153576129882,8.03388761372708,0.32123212321232125,909,0.049835454146555505,0.9501426064063185,0.41273994093761535,0.07214188304236094,0.016015796401930738,0.03944090453875451,0.9661584028082493,0.11158278758111545,0.03998464238701185,0.40054869684499317,0.9447674418604651,0.03998464238701185,729,0.035251099811460906,0.9647489001885391,0.035251099811460906
enron,MLC_PA_SVM,0.40,2,Operating Point,,0.010688016514772553,285,,0.9661158870157419,8.909980314410967,0.3019067796610169,944,0.050340515797700124,0.9473037847493581,0.39941532826148207,0.0680647775594541,0.015909344646645063,0.036378126231644145,0.9632131293960031,0.10444290379109825,0.03388411298425812,0.4695222405271829,0.9289940828402367,0.03388411298425812,607,0.038077078638701134,0.9619229213612989,0.038077078638701134
enron,MLC_PA_SVM,0.40,3,Operating Point,,0.010779349751182377,265,,0.9655455291222313,8.138951877047115,0.2804232804232804,945,0.050970741044572054,0.948318293683347,0.4141269841269842,0.06581805458703902,0.01449275362318847,0.04308405609563426,0.9628110473065354,0.10890211068267328,0.034454470877768664,0.42063492063492064,0.9217391304347826,0.034454470877768664,630,0.03851600113282361,0.9614839988671764,0.03851600113282361
enron,MLC_PA_SVM,0.40,4,Operating Point,,0.010465638266926168,255,,0.9657561250352014,8.085328090176581,0.2768729641693811,921,0.051208110391439035,0.9481272880878626,0.4114951217936293,0.07192754363433806,0.014362151506617793,0.033886099244862355,0.9624894395944804,0.10581364287920042,0.03424387496479865,0.4194078947368421,0.9283582089552239,0.03424387496479865,608,0.038840613518399736,0.9611593864816003,0.038840613518399736
enron,MLC_PA_SVM,0.40,5,Operating Point,,0.00984845529566136,254,,0.9652053274139845,7.757670671703894,0.26992561105207225,941,0.05204217536071032,0.947780244173141,0.3739627366097954,0.08084142424109651,0.014095449500554857,0.03007279009253498,0.9618756936736959,0.1109142143336315,0.03479467258601554,0.405103668261563,0.9294117647058824,0.03479467258601554,627,0.039498648881734044,0.960501351118266,0.039498648881734044
enron,MLC_PA_SVM,0.50,1,Operating Point,,0.009919166625621471,0,,1.0,,0.0,909,0.04985739359368144,0.9501426064063185,0.41273994093761535,0.07214188304236094,0.0,0.0,0.9501426064063185,0.07214188304236094,0.0,,0.0,0.0,0,0.049857393593681465,0.9501426064063185,0.049857393593681465
enron,MLC_PA_SVM,0.50,2,Operating Point,,0.010688016514772553,0,,1.0,,0.0,944,0.052696215250641956,0.9473037847493581,0.39941532826148207,0.0680647775594541,0.0,0.0,0.9473037847493581,0.0680647775594541,0.0,,0.0,0.0,0,0.05269621525064194,0.9473037847493581,0.05269621525064194
enron,MLC_PA_SVM,0.50,3,Operating Point,,0.010779349751182377,0,,1.0,,0.0,945,0.051681706316652996,0.948318293683347,0.4141269841269842,0.06581805458703902,0.0,0.0,0.948318293683347,0.06581805458703902,0.0,,0.0,0.0,0,0.05168170631665303,0.948318293683347,0.05168170631665303
enron,MLC_PA_SVM,0.50,4,Operating Point,,0.010465638266926168,0,,1.0,,0.0,921,0.05187271191213742,0.9481272880878626,0.4114951217936293,0.07192754363433806,0.0,0.0,0.9481272880878626,0.07192754363433806,0.0,,0.0,0.0,0,0.05187271191213738,0.9481272880878626,0.05187271191213738
enron,MLC_PA_SVM,0.50,5,Operating Point,,0.00984845529566136,0,,1.0,,0.0,941,0.052219755826859046,0.947780244173141,0.3739627366097954,0.08084142424109651,0.0,0.0,0.947780244173141,0.08084142424109651,0.0,,0.0,0.0,0,0.052219755826859005,0.947780244173141,0.052219755826859005
enron,GSI_MLC_PA_SVM,0.20,1,Operating Point,,0.01008332846580896,183,,0.9527204914436156,4.248736122819572,0.20087815587266739,911,0.1832163229486617,0.9500329091706889,0.4272316185106883,0.0962347821334104,-0.12379333040807372,0.22134320376724886,0.8262395787626152,0.3175779859006593,0.04727950855638438,0.2122969837587007,0.8953488372093024,0.04727950855638438,862,0.1823834196891192,0.8176165803108808,0.1823834196891192
enron,GSI_MLC_PA_SVM,0.20,2,Operating Point,,0.010346691175943366,179,,0.9599754382047561,4.6977456254468315,0.1880252100840336,952,0.22085519705258458,0.9468572066540136,0.39849722926646003,0.0985294571928563,-0.15970749134754947,0.19727207005959843,0.7871497153064642,0.29580152725245473,0.04002456179524394,0.2496513249651325,0.863905325443787,0.04002456179524394,717,0.22172471942780714,0.7782752805721929,0.22172471942780714
enron,GSI_MLC_PA_SVM,0.20,3,Operating Point,,0.010980116200156542,171,,0.9594749794913864,4.427718137057067,0.1794333683105981,953,0.1846978397593656,0.9478807765928356,0.42024050024050025,0.105947533985037,-0.1244736122504786,0.1664011549522472,0.8234071643423571,0.2723486889372842,0.04052502050861362,0.23076923076923078,0.8985507246376812,0.04052502050861362,741,0.18405152758777932,0.8159484724122207,0.18405152758777932
enron,GSI_MLC_PA_SVM,0.20,4,Operating Point,,0.010718900254326699,223,,0.9367502112081104,3.8156963991781443,0.24134199134199133,924,0.11149535342157138,0.9479583215995494,0.4278606965174129,0.08391654163538877,-0.046803717262742905,0.22680782550620537,0.9011546043368065,0.3107243671415941,0.06324978879188961,0.19857524487978628,1.0,0.06324978879188961,1123,0.10551948051948057,0.8944805194805194,0.10551948051948057
enron,GSI_MLC_PA_SVM,0.20,5,Operating Point,,0.009918902368677278,140,,0.9643729189789123,4.2163036647814645,0.15021459227467812,932,0.1474694783573807,0.9482796892341843,0.39138337153043035,0.07864128961132484,-0.08862375138734735,0.18479605139443617,0.8596559378468369,0.263437341005761,0.03562708102108768,0.21806853582554517,0.8352941176470589,0.03562708102108768,642,0.14552882955460933,0.8544711704453907,0.14552882955460933
enron,GSI_MLC_PA_SVM,0.25,1,Operating Point,,0.01008332846580896,183,,0.9527204914436156,4.248736122819572,0.20087815587266739,911,0.1855802983764809,0.9500329091706889,0.4272316185106883,0.0962347821334104,-0.12379333040807372,0.22134320376724886,0.8262395787626152,0.3175779859006593,0.04727950855638438,0.2122969837587007,0.8953488372093024,0.04727950855638438,862,0.1823834196891192,0.8176165803108808,0.1823834196891192
enron,GSI_MLC_PA_SVM,0.25,2,Operating Point,,0.010346691175943366,179,,0.9599754382047561,4.6977456254468315,0.1880252100840336,952,0.22285642514234677,0.9468572066540136,0.39849722926646003,0.0985294571928563,-0.15970749134754947,0.19727207005959843,0.7871497153064642,0.29580152725245473,0.04002456179524394,0.2496513249651325,0.863905325443787,0.04002456179524394,717,0.22172471942780714,0.7782752805721929,0.22172471942780714
enron,GSI_MLC_PA_SVM,0.25,3,Operating Point,,0.010980116200156542,171,,0.9594749794913864,4.427718137057067,0.1794333683105981,953,0.1867240907847963,0.9478807765928356,0.42024050024050025,0.105947533985037,-0.1244736122504786,0.1664011549522472,0.8234071643423571,0.2723486889372842,0.04052502050861362,0.23076923076923078,0.8985507246376812,0.04052502050861362,741,0.18405152758777932,0.8159484724122207,0.18405152758777932
enron,GSI_MLC_PA_SVM,0.25,4,Operating Point,,0.010718900254326699,223,,0.9367502112081104,3.8156963991781443,0.24134199134199133,924,0.11465784286116587,0.9479583215995494,0.4278606965174129,0.08391654163538877,-0.046803717262742905,0.22680782550620537,0.9011546043368065,0.3107243671415941,0.06324978879188961,0.19857524487978628,1.0,0.06324978879188961,1123,0.10551948051948057,0.8944805194805194,0.10551948051948057
enron,GSI_MLC_PA_SVM,0.25,5,Operating Point,,0.009918902368677278,140,,0.9643729189789123,4.2163036647814645,0.15021459227467812,932,0.14925083240843506,0.9482796892341843,0.39138337153043035,0.07864128961132484,-0.08862375138734735,0.18479605139443617,0.8596559378468369,0.263437341005761,0.03562708102108768,0.21806853582554517,0.8352941176470589,0.03562708102108768,642,0.14552882955460933,0.8544711704453907,0.14552882955460933
enron,GSI_MLC_PA_SVM,0.30,1,Operating Point,,0.01008332846580896,183,,0.9527204914436156,4.248736122819572,0.20087815587266739,911,0.18794427380430012,0.9500329091706889,0.4272316185106883,0.0962347821334104,-0.12379333040807372,0.22134320376724886,0.8262395787626152,0.3175779859006593,0.04727950855638438,0.2122969837587007,0.8953488372093024,0.04727950855638438,862,0.1823834196891192,0.8176165803108808,0.1823834196891192
enron,GSI_MLC_PA_SVM,0.30,2,Operating Point,,0.010346691175943366,179,,0.9599754382047561,4.6977456254468315,0.1880252100840336,952,0.22485765323210896,0.9468572066540136,0.39849722926646003,0.0985294571928563,-0.15970749134754947,0.19727207005959843,0.7871497153064642,0.29580152725245473,0.04002456179524394,0.2496513249651325,0.863905325443787,0.04002456179524394,717,0.22172471942780714,0.7782752805721929,0.22172471942780714
enron,GSI_MLC_PA_SVM,0.30,3,Operating Point,,0.010980116200156542,171,,0.9594749794913864,4.427718137057067,0.1794333683105981,953,0.18875034181022698,0.9478807765928356,0.42024050024050025,0.105947533985037,-0.1244736122504786,0.1664011549522472,0.8234071643423571,0.2723486889372842,0.04052502050861362,0.23076923076923078,0.8985507246376812,0.04052502050861362,741,0.18405152758777932,0.8159484724122207,0.18405152758777932
enron,GSI_MLC_PA_SVM,0.30,4,Operating Point,,0.010718900254326699,223,,0.9367502112081104,3.8156963991781443,0.24134199134199133,924,0.11782033230076033,0.9479583215995494,0.4278606965174129,0.08391654163538877,-0.046803717262742905,0.22680782550620537,0.9011546043368065,0.3107243671415941,0.06324978879188961,0.19857524487978628,1.0,0.06324978879188961,1123,0.10551948051948057,0.8944805194805194,0.10551948051948057
enron,GSI_MLC_PA_SVM,0.30,5,Operating Point,,0.009918902368677278,140,,0.9643729189789123,4.2163036647814645,0.15021459227467812,932,0.15103218645948946,0.9482796892341843,0.39138337153043035,0.07864128961132484,-0.08862375138734735,0.18479605139443617,0.8596559378468369,0.263437341005761,0.03562708102108768,0.21806853582554517,0.8352941176470589,0.03562708102108768,642,0.14552882955460933,0.8544711704453907,0.14552882955460933
enron,GSI_MLC_PA_SVM,0.35,1,Operating Point,,0.01008332846580896,183,,0.9527204914436156,4.248736122819572,0.20087815587266739,911,0.19030824923211934,0.9500329091706889,0.4272316185106883,0.0962347821334104,-0.12379333040807372,0.22134320376724886,0.8262395787626152,0.3175779859006593,0.04727950855638438,0.2122969837587007,0.8953488372093024,0.04727950855638438,862,0.1823834196891192,0.8176165803108808,0.1823834196891192
enron,GSI_MLC_PA_SVM,0.35,2,Operating Point,,0.010346691175943366,179,,0.9599754382047561,4.6977456254468315,0.1880252100840336,952,0.22685888132187115,0.9468572066540136,0.39849722926646003,0.0985294571928563,-0.15970749134754947,0.19727207005959843,0.7871497153064642,0.29580152725245473,0.04002456179524394,0.2496513249651325,0.863905325443787,0.04002456179524394,717,0.22172471942780714,0.7782752805721929,0.22172471942780714
enron,GSI_MLC_PA_SVM,0.35,3,Operating Point,,0.010980116200156542,171,,0.9594749794913864,4.427718137057067,0.1794333683105981,953,0.19077659283565762,0.9478807765928356,0.42024050024050025,0.105947533985037,-0.1244736122504786,0.1664011549522472,0.8234071643423571,0.2723486889372842,0.04052502050861362,0.23076923076923078,0.8985507246376812,0.04052502050861362,741,0.18405152758777932,0.8159484724122207,0.18405152758777932
enron,GSI_MLC_PA_SVM,0.35,4,Operating Point,,0.010718900254326699,221,,0.9556181357364123,5.389081624804975,0.23917748917748918,924,0.13313432835820896,0.9479583215995494,0.4278606965174129,0.08391654163538877,-0.06555899746550264,0.20816385260435216,0.8823993241340468,0.2920803942397409,0.04438186426358772,0.28045685279187815,0.9104477611940298,0.04438186426358772,788,0.12306241527671358,0.8769375847232864,0.12306241527671358
enron,GSI_MLC_PA_SVM,0.35,5,Operating Point,,0.009918902368677278,140,,0.9643729189789123,4.2163036647814645,0.15021459227467812,932,0.15281354051054383,0.9482796892341843,0.39138337153043035,0.07864128961132484,-0.08862375138734735,0.18479605139443617,0.8596559378468369,0.263437341005761,0.03562708102108768,0.21806853582554517,0.8352941176470589,0.03562708102108768,642,0.14552882955460933,0.8544711704453907,0.14552882955460933
enron,GSI_MLC_PA_SVM,0.40,1,Operating Point,,0.01008332846580896,183,,0.9527204914436156,4.248736122819572,0.20087815587266739,911,0.19267222465993858,0.9500329091706889,0.4272316185106883,0.0962347821334104,-0.12379333040807372,0.22134320376724886,0.8262395787626152,0.3175779859006593,0.04727950855638438,0.2122969837587007,0.8953488372093024,0.04727950855638438,862,0.1823834196891192,0.8176165803108808,0.1823834196891192
enron,GSI_MLC_PA_SVM,0.40,2,Operating Point,,0.010346691175943366,179,,0.9599754382047561,4.6977456254468315,0.1880252100840336,952,0.22886010941163337,0.9468572066540136,0.39849722926646003,0.0985294571928563,-0.15970749134754947,0.19727207005959843,0.7871497153064642,0.29580152725245473,0.04002456179524394,0.2496513249651325,0.863905325443787,0.04002456179524394,717,0.22172471942780714,0.7782752805721929,0.22172471942780714
enron,GSI_MLC_PA_SVM,0.40,3,Operating Point,,0.010980116200156542,171,,0.9594749794913864,4.427718137057067,0.1794333683105981,953,0.19280284386108834,0.9478807765928356,0.42024050024050025,0.105947533985037,-0.1244736122504786,0.1664011549522472,0.8234071643423571,0.2723486889372842,0.04052502050861362,0.23076923076923078,0.8985507246376812,0.04052502050861362,741,0.18405152758777932,0.8159484724122207,0.18405152758777932
enron,GSI_MLC_PA_SVM,0.40,4,Operating Point,,0.010718900254326699,221,,0.9556181357364123,5.389081624804975,0.23917748917748918,924,0.13535342157138833,0.9479583215995494,0.4278606965174129,0.08391654163538877,-0.06555899746550264,0.20816385260435216,0.8823993241340468,0.2920803942397409,0.04438186426358772,0.28045685279187815,0.9104477611940298,0.04438186426358772,788,0.12306241527671358,0.8769375847232864,0.12306241527671358
enron,GSI_MLC_PA_SVM,0.40,5,Operating Point,,0.009918902368677278,140,,0.9643729189789123,4.2163036647814645,0.15021459227467812,932,0.15459489456159822,0.9482796892341843,0.39138337153043035,0.07864128961132484,-0.08862375138734735,0.18479605139443617,0.8596559378468369,0.263437341005761,0.03562708102108768,0.21806853582554517,0.8352941176470589,0.03562708102108768,642,0.14552882955460933,0.8544711704453907,0.14552882955460933
enron,GSI_MLC_PA_SVM,0.50,1,Operating Point,,0.01008332846580896,183,,0.9527204914436156,4.248736122819572,0.20087815587266739,911,0.197400175515577,0.9500329091706889,0.4272316185106883,0.0962347821334104,-0.12379333040807372,0.22134320376724886,0.8262395787626152,0.3175779859006593,0.04727950855638438,0.2122969837587007,0.8953488372093024,0.04727950855638438,862,0.1823834196891192,0.8176165803108808,0.1823834196891192
enron,GSI_MLC_PA_SVM,0.50,2,Operating Point,,0.010346691175943366,179,,0.9599754382047561,4.6977456254468315,0.1880252100840336,952,0.23286256559115776,0.9468572066540136,0.39849722926646003,0.0985294571928563,-0.15970749134754947,0.19727207005959843,0.7871497153064642,0.29580152725245473,0.04002456179524394,0.2496513249651325,0.863905325443787,0.04002456179524394,717,0.22172471942780714,0.7782752805721929,0.22172471942780714
enron,GSI_MLC_PA_SVM,0.50,3,Operating Point,,0.010980116200156542,171,,0.9594749794913864,4.427718137057067,0.1794333683105981,953,0.1968553459119497,0.9478807765928356,0.42024050024050025,0.105947533985037,-0.1244736122504786,0.1664011549522472,0.8234071643423571,0.2723486889372842,0.04052502050861362,0.23076923076923078,0.8985507246376812,0.04052502050861362,741,0.18405152758777932,0.8159484724122207,0.18405152758777932
enron,GSI_MLC_PA_SVM,0.50,4,Operating Point,,0.010718900254326699,221,,0.9556181357364123,5.389081624804975,0.23917748917748918,924,0.13979160799774712,0.9479583215995494,0.4278606965174129,0.08391654163538877,-0.06555899746550264,0.20816385260435216,0.8823993241340468,0.2920803942397409,0.04438186426358772,0.28045685279187815,0.9104477611940298,0.04438186426358772,788,0.12306241527671358,0.8769375847232864,0.12306241527671358
enron,GSI_MLC_PA_SVM,0.50,5,Operating Point,,0.009918902368677278,140,,0.9643729189789123,4.2163036647814645,0.15021459227467812,932,0.158157602663707,0.9482796892341843,0.39138337153043035,0.07864128961132484,-0.08862375138734735,0.18479605139443617,0.8596559378468369,0.263437341005761,0.03562708102108768,0.21806853582554517,0.8352941176470589,0.03562708102108768,642,0.14552882955460933,0.8544711704453907,0.14552882955460933
cal500,MLC_PA_Logistic,0.20,1,Operating Point,,0.04811227737480026,1576,,0.7388187094571527,2.459895179705256,0.6424785976355483,2453,0.1021395242972573,0.8604188005007397,0.3473152324625273,0.07810790239678696,0.0896779333105725,0.2686197112738711,0.9500967338113122,0.346727613670658,0.2611812905428474,0.34335511982570804,1.0,0.2611812905428474,4590,0.0675446703635243,0.9324553296364757,0.0675446703635243
cal500,MLC_PA_Logistic,0.20,2,Operating Point,,0.05082551607143188,1535,,0.7397860475702742,2.437599962409616,0.6342975206611571,2420,0.10240127461021967,0.8622965744850347,0.34817403988123996,0.07467053851242961,0.08734494139069082,0.26529514198794973,0.9496415158757255,0.33996568050037934,0.2602139524297257,0.3356658648589547,1.0,0.2602139524297257,4573,0.06807168679332354,0.9319283132066765,0.06807168679332354
cal500,MLC_PA_Logistic,0.20,3,Operating Point,,0.04797935143812696,1511,,0.736277269528501,2.48352940394015,0.6549631556133507,2307,0.09942528735632183,0.8647079521463759,0.3450205776215823,0.06922496200301229,0.0886113065916021,0.2768982259718227,0.953319258737978,0.34612318797483493,0.26372273047149897,0.3360017789637536,1.0,0.26372273047149897,4497,0.06340103544404618,0.9365989645559538,0.06340103544404618
cal500,MLC_PA_Logistic,0.20,4,Operating Point,,0.04804013634873009,1593,,0.7395183360700602,2.4850034994325005,0.6472978464039009,2461,0.09960591133004927,0.8652983032293378,0.34947632982431287,0.07340950974954878,0.08719211822660089,0.26271738373565134,0.9524904214559387,0.33612689348520014,0.26048166392993977,0.3347341878545913,1.0,0.26048166392993977,4759,0.06424394937458366,0.9357560506254163,0.06424394937458366
cal500,MLC_PA_Logistic,0.20,5,Operating Point,,0.04962445852442563,1484,,0.7338547221234744,2.372724275781058,0.6314893617021277,2350,0.1045384524232729,0.8607654935418889,0.3366580739951314,0.07387024794451247,0.08792510961014333,0.267367419052519,0.9486906031520322,0.34123766699703145,0.26614527787652564,0.3303650934995548,1.0,0.26614527787652564,4492,0.0699176489585015,0.9300823510414985,0.0699176489585015
cal500,MLC_PA_Logistic,0.25,1,Operating Point,,0.04811227737480026,1310,,0.7975418231478321,2.637779117561935,0.5340399510803098,2453,0.11565380675998635,0.8604188005007397,0.3473152324625273,0.07810790239678696,0.07454193695231592,0.2027556512341233,0.9349607374530556,0.28086355363091026,0.20245817685216796,0.36818437324339515,1.0,0.20245817685216796,3558,0.08154965753424659,0.9184503424657534,0.08154965753424659
cal500,MLC_PA_Logistic,0.25,2,Operating Point,,0.05082551607143188,1275,,0.8006714464549903,2.6431712605252167,0.5268595041322314,2420,0.11498520541709344,0.8622965744850347,0.34817403988123996,0.07467053851242961,0.07255035848412428,0.19864757294373558,0.934846932969159,0.2733181114561652,0.19932855354500967,0.3639737367970311,1.0,0.19932855354500967,3503,0.08137303674223584,0.9186269632577642,0.08137303674223584
cal500,MLC_PA_Logistic,0.25,3,Operating Point,,0.04797935143812696,1263,,0.7959770114942529,2.6833458488250703,0.5474642392717816,2307,0.11223023692235515,0.8647079521463759,0.3450205776215823,0.06922496200301229,0.07406755805770582,0.21235811808153013,0.9387755102040817,0.2815830800845424,0.20402298850574713,0.36303535498706524,1.0,0.20402298850574713,3479,0.07691740956310322,0.9230825904368968,0.07691740956310322
cal500,MLC_PA_Logistic,0.25,4,Operating Point,,0.04804013634873009,1319,,0.8001094690749864,2.68127253945782,0.5359609914668834,2461,0.11247947454844007,0.8652983032293378,0.34947632982431287,0.07340950974954878,0.07219485495347555,0.1994673839695325,0.9374931581828133,0.2728768937190813,0.1998905309250137,0.3611719605695509,1.0,0.1998905309250137,3652,0.07812286222465459,0.9218771377753454,0.07812286222465459
cal500,MLC_PA_Logistic,0.25,5,Operating Point,,0.04962445852442563,1247,,0.7921554686574238,2.5530539314393845,0.5306382978723404,2350,0.1173124777817277,0.8607654935418889,0.3366580739951314,0.07387024794451247,0.07388316151202745,0.20507187981095926,0.9346486550539164,0.2789421277554717,0.20784453134257613,0.3554732041049031,1.0,0.20784453134257613,3508,0.08249813014210916,0.9175018698578908,0.08249813014210916
cal500,MLC_PA_Logistic,0.30,1,Operating Point,,0.04811227737480026,1076,,0.8463070444975532,2.8540446359722726,0.4386465552384835,2453,0.12446227381358829,0.8604188005007397,0.3473152324625273,0.07810790239678696,0.061226812336406033,0.15228283714584345,0.9216456128371457,0.23039073954263042,0.1536929555024468,0.3983709737134395,1.0,0.1536929555024468,2701,0.09258387682377467,0.9074161231762253,0.09258387682377467
cal500,MLC_PA_Logistic,0.30,2,Operating Point,,0.05082551607143188,1028,,0.8514851485148515,2.8602754820936642,0.42479338842975206,2420,0.12376237623762373,0.8622965744850347,0.34817403988123996,0.07467053851242961,0.058495504722886116,0.14262071210376376,0.9207920792079208,0.21729125061619337,0.1485148514851485,0.3938697318007663,1.0,0.1485148514851485,2610,0.09302325581395343,0.9069767441860466,0.09302325581395343
cal500,MLC_PA_Logistic,0.30,3,Operating Point,,0.04797935143812696,1005,,0.8496950504339666,2.8983123341216177,0.435630689206762,2307,0.12144616467276563,0.8647079521463759,0.3450205776215823,0.06922496200301229,0.058937368050668515,0.1521048971883462,0.9236453201970444,0.22132985919135847,0.1503049495660333,0.39211861100273115,1.0,0.1503049495660333,2563,0.08986127406998412,0.9101387259300159,0.08986127406998412
cal500,MLC_PA_Logistic,0.30,4,Operating Point,,0.04804013634873009,1039,,0.8530925013683635,2.873822692119266,0.4221861032100772,2461,0.12190476190476189,0.8652983032293378,0.34947632982431287,0.07340950974954878,0.05686918445539124,0.1399603665804366,0.922167487684729,0.2133698763299854,0.14690749863163657,0.38710879284649774,1.0,0.14690749863163657,2684,0.09123572436802263,0.9087642756319774,0.09123572436802263
cal500,MLC_PA_Logistic,0.30,5,Operating Point,,0.04962445852442563,1017,,0.8426946320654106,2.751120086548864,0.4327659574468085,2350,0.12617016234150963,0.8607654935418889,0.3366580739951314,0.07387024794451247,0.06025595449697829,0.1540985700175299,0.9210214480388672,0.22796881796204238,0.1573053679345894,0.38305084745762713,1.0,0.1573053679345894,2655,0.09372143710890812,0.9062785628910919,0.09372143710890812
cal500,MLC_PA_Logistic,0.35,1,Operating Point,,0.04811227737480026,820,,0.8906338909753044,3.0565643462336465,0.3342845495311863,2453,0.13119949926027089,0.8604188005007397,0.3473152324625273,0.07810790239678696,0.04665983839763288,0.1007365390909707,0.9070786388983726,0.17884444148775766,0.10936610902469557,0.4266389177939646,1.0,0.10936610902469557,1922,0.10433171479683112,0.8956682852031689,0.10433171479683112
cal500,MLC_PA_Logistic,0.35,2,Operating Point,,0.05082551607143188,767,,0.8947877546375327,3.012407421478664,0.31694214876033056,2420,0.13088369181745763,0.8622965744850347,0.34817403988123996,0.07467053851242961,0.04364401957437125,0.09793832029492794,0.905940594059406,0.17260885880735755,0.10521224536246727,0.41481882098431583,1.0,0.10521224536246727,1849,0.10511923688394276,0.8948807631160572,0.10511923688394276
cal500,MLC_PA_Logistic,0.35,3,Operating Point,,0.04797935143812696,742,,0.8940886699507389,3.036783903388071,0.32162982228001735,2307,0.12884705606380487,0.8647079521463759,0.3450205776215823,0.06922496200301229,0.04351395730706065,0.10634443603456814,0.9082219094534365,0.17556939803758043,0.10591133004926108,0.4108527131782946,1.0,0.10591133004926108,1806,0.10264987537714809,0.8973501246228519,0.10264987537714809
cal500,MLC_PA_Logistic,0.35,4,Operating Point,,0.04804013634873009,801,,0.89584017515052,3.1247887432811554,0.325477448191792,2461,0.1273152709359606,0.8652983032293378,0.34947632982431287,0.07340950974954878,0.04384236453201962,0.10294652534372974,0.9091406677613574,0.17635603509327852,0.10415982484948003,0.4209143457698371,1.0,0.10415982484948003,1903,0.10142359626076858,0.8985764037392314,0.10142359626076858
cal500,MLC_PA_Logistic,0.35,5,Operating Point,,0.04962445852442563,770,,0.8903306078919303,2.9877030242422147,0.3276595744680851,2350,0.131997274558597,0.8607654935418889,0.3366580739951314,0.07387024794451247,0.04562151913733847,0.10841258812216223,0.9063870126792274,0.1822828360666747,0.10966939210806968,0.4159913560237709,1.0,0.10966939210806968,1851,0.10514407400013304,0.894855925999867,0.10514407400013304
cal500,MLC_PA_Logistic,0.40,1,Operating Point,,0.04811227737480026,564,,0.9300102424035507,3.285088443220347,0.2299225438238891,2453,0.13548423807898033,0.8604188005007397,0.3473152324625273,0.07810790239678696,0.03209286445885973,0.05939370434238726,0.8925116649595994,0.13750160673917422,0.0699897575964493,0.4585365853658537,1.0,0.0699897575964493,1230,0.11557758198727364,0.8844224180127264,0.11557758198727364
cal500,MLC_PA_Logistic,0.40,2,Operating Point,,0.05082551607143188,503,,0.9337657903721407,3.138125159751214,0.20785123966942148,2420,0.13557528166609764,0.8622965744850347,0.34817403988123996,0.07467053851242961,0.028621827700011315,0.05698317531558161,0.890918402185046,0.13165371382801122,0.06623420962785934,0.4321305841924399,1.0,0.06623420962785934,1164,0.11681901279707496,0.883180987202925,0.11681901279707496
cal500,MLC_PA_Logistic,0.40,3,Operating Point,,0.04797935143812696,492,,0.9335561810931269,3.209688767177373,0.21326397919375814,2307,0.13301665493783718,0.8647079521463759,0.3450205776215823,0.06922496200301229,0.02885292047853616,0.06707128436598761,0.893560872624912,0.1362962463689999,0.06644381890687309,0.43424536628420124,1.0,0.06644381890687309,1133,0.11401469941579245,0.8859853005842075,0.11401469941579245
cal500,MLC_PA_Logistic,0.40,4,Operating Point,,0.04804013634873009,534,,0.9341543513957307,3.295357704884477,0.21698496546119464,2461,0.13181171319102353,0.8652983032293378,0.34947632982431287,0.07340950974954878,0.02922824302134641,0.06257263630199376,0.8945265462506842,0.13598214605154255,0.0658456486042693,0.44389027431421446,1.0,0.0658456486042693,1203,0.11290795101658169,0.8870920489834183,0.11290795101658169
cal500,MLC_PA_Logistic,0.40,5,Operating Point,,0.04962445852442563,502,,0.9319232136509065,3.1378834509193934,0.21361702127659574,2350,0.13672236046924993,0.8607654935418889,0.3366580739951314,0.07387024794451247,0.029742860528498616,0.06507238179405955,0.8905083540703875,0.13894262973857202,0.06807678634909349,0.43690165361183636,1.0,0.06807678634909349,1149,0.11748998664886512,0.8825100133511349,0.11748998664886512
cal500,MLC_PA_Logistic,0.50,1,Operating Point,,0.04811227737480026,0,,1.0,,0.0,2453,0.13958119949926026,0.8604188005007397,0.3473152324625273,0.07810790239678696,0.0,0.0,0.8604188005007397,0.07810790239678696,0.0,,0.0,0.0,0,0.1395811994992603,0.8604188005007397,0.1395811994992603
cal500,MLC_PA_Logistic,0.50,2,Operating Point,,0.05082551607143188,0,,1.0,,0.0,2420,0.13770342551496528,0.8622965744850347,0.34817403988123996,0.07467053851242961,0.0,0.0,0.8622965744850347,0.07467053851242961,0.0,,0.0,0.0,0,0.13770342551496528,0.8622965744850347,0.13770342551496528
cal500,MLC_PA_Logistic,0.50,3,Operating Point,,0.04797935143812696,0,,1.0,,0.0,2307,0.1352920478536242,0.8647079521463759,0.3450205776215823,0.06922496200301229,0.0,0.0,0.8647079521463759,0.06922496200301229,0.0,,0.0,0.0,0,0.13529204785362414,0.8647079521463759,0.13529204785362414
cal500,MLC_PA_Logistic,0.50,4,Operating Point,,0.04804013634873009,0,,1.0,,0.0,2461,0.1347016967706623,0.8652983032293378,0.34947632982431287,0.07340950974954878,0.0,0.0,0.8652983032293378,0.07340950974954878,0.0,,0.0,0.0,0,0.13470169677066224,0.8652983032293378,0.13470169677066224
cal500,MLC_PA_Logistic,0.50,5,Operating Point,,0.04962445852442563,0,,1.0,,0.0,2350,0.13923450645811114,0.8607654935418889,0.3366580739951314,0.07387024794451247,0.0,0.0,0.8607654935418889,0.07387024794451247,0.0,,0.0,0.0,0,0.13923450645811108,0.8607654935418889,0.13923450645811108
cal500,MLC_PA_MLP,0.20,1,Operating Point,,0.04857706181366707,1505,,0.7312507112780243,2.3275207070192403,0.6255195344970906,2406,0.10501877773984296,0.8630932058723113,0.321822713029383,0.042535166994053485,0.08563787413224089,0.24488014629546542,0.9487310800045522,0.2874153132895189,0.2687492887219756,0.3186533982638154,1.0,0.2687492887219756,4723,0.07011127538712936,0.9298887246128706,0.07011127538712936
cal500,MLC_PA_MLP,0.20,2,Operating Point,,0.049317962530579004,1629,,0.7143507454193695,2.338170564972582,0.6678966789667896,2439,0.10322066689427563,0.8612154318880164,0.31588696849243036,0.042189973084178704,0.09269375213383402,0.2620090225479898,0.9539091840218504,0.3041989956321685,0.28564925458063045,0.3245019920318725,1.0,0.28564925458063045,5020,0.06452126812171421,0.9354787318782858,0.06452126812171421
cal500,MLC_PA_MLP,0.20,3,Operating Point,,0.04799107358242287,1525,,0.7148135116115412,2.317892571143747,0.6610316428261812,2307,0.10289702087731645,0.8647079521463759,0.32419817077155594,0.04120642833294748,0.08943232465399942,0.2616095263548251,0.9541402768003753,0.30281595468777256,0.28518648838845884,0.31359243265473985,1.0,0.28518648838845884,4863,0.0641562064156207,0.9358437935843793,0.0641562064156207
cal500,MLC_PA_MLP,0.20,4,Operating Point,,0.04735702905309704,1646,,0.7178434592227696,2.344711063151624,0.6615755627009646,2488,0.10251778872468528,0.8638204707170225,0.3062832576586232,0.039605892699828525,0.09009304871373836,0.2574558525505618,0.9539135194307609,0.2970617452503903,0.28215654077723046,0.31930164888457807,1.0,0.28215654077723046,5155,0.06420129622569581,0.9357987037743042,0.06420129622569581
cal500,MLC_PA_MLP,0.20,5,Operating Point,,0.049215866909896176,1527,,0.713473160327053,2.2774972959216138,0.6525641025641026,2340,0.10547458229648063,0.8613579808034127,0.30608951520079686,0.040272575031177406,0.090472804834696,0.2625368988113045,0.9518307856381087,0.3028094738424819,0.286526839672947,0.31575682382133996,1.0,0.286526839672947,4836,0.06751370204285001,0.93248629795715,0.06751370204285001
cal500,MLC_PA_MLP,0.25,1,Operating Point,,0.04857706181366707,1296,,0.7809263684989188,2.4587777309971823,0.5386533665835411,2406,0.11792989643791965,0.8630932058723113,0.321822713029383,0.042535166994053485,0.07374530556503933,0.1944356829090957,0.9368385114373506,0.23697084990314918,0.21907363150108114,0.3366233766233766,1.0,0.21907363150108114,3850,0.08088020985135524,0.9191197901486448,0.08088020985135524
cal500,MLC_PA_MLP,0.25,2,Operating Point,,0.049317962530579004,1377,,0.7824627290315238,2.595305361894843,0.5645756457564576,2439,0.11481449869124843,0.8612154318880164,0.31588696849243036,0.042189973084178704,0.07835438716285414,0.19520979581793452,0.9395698190508706,0.23739976890211323,0.21753727096847617,0.36018833376929116,1.0,0.21753727096847617,3823,0.07723074685477416,0.9227692531452258,0.07723074685477416
cal500,MLC_PA_MLP,0.25,3,Operating Point,,0.04799107358242287,1285,,0.7814919071076707,2.5491066536278653,0.5570004334633724,2307,0.11456134177809055,0.8647079521463759,0.32419817077155594,0.04120642833294748,0.07535772929861595,0.19471683054818634,0.9400656814449918,0.2359232588811338,0.21850809289232934,0.34487385936661297,1.0,0.21850809289232934,3726,0.07669218069938466,0.9233078193006153,0.07669218069938466
cal500,MLC_PA_MLP,0.25,4,Operating Point,,0.04735702905309704,1390,,0.7826491516146689,2.570414038758491,0.5586816720257235,2488,0.11443623426382048,0.8638204707170225,0.3062832576586232,0.039605892699828525,0.07608100711548982,0.19540597272765364,0.9399014778325123,0.23501186542748218,0.21735084838533114,0.35003777386048857,1.0,0.21735084838533114,3971,0.07678858661444854,0.9232114133855515,0.07678858661444854
cal500,MLC_PA_MLP,0.25,5,Operating Point,,0.049215866909896176,1293,,0.7789430027254414,2.4996453827598293,0.5525641025641026,2340,0.1172976656001896,0.8613579808034127,0.30608951520079686,0.040272575031177406,0.07660860291503735,0.1956121696676852,0.9379665837184501,0.2358847446988626,0.2210569972745586,0.346555883141249,1.0,0.2210569972745586,3731,0.07963794021449755,0.9203620597855025,0.07963794021449755
cal500,MLC_PA_MLP,0.30,1,Operating Point,,0.04857706181366707,991,,0.8413565494480483,2.5963060426408866,0.41188694929343306,2406,0.12810970752247638,0.8630932058723113,0.321822713029383,0.042535166994053485,0.05639012177079783,0.13601855493230725,0.9194833276431091,0.17855372192636074,0.15864345055195175,0.3554519368723099,1.0,0.15864345055195175,2788,0.09569863384282429,0.9043013661571757,0.09569863384282429
cal500,MLC_PA_MLP,0.30,2,Operating Point,,0.049317962530579004,1115,,0.835324911801525,2.776100359483208,0.4571545715457155,2439,0.12474109479913507,0.8612154318880164,0.31588696849243036,0.042189973084178704,0.06344599977239096,0.1423529977465511,0.9246614316604074,0.18454297083072982,0.164675088198475,0.38527988942639946,1.0,0.164675088198475,2894,0.09019073569482283,0.9098092643051772,0.09019073569482283
cal500,MLC_PA_MLP,0.30,3,Operating Point,,0.04799107358242287,969,,0.8444170771756979,2.699692229568607,0.42002600780234073,2307,0.12514074595355384,0.8647079521463759,0.32419817077155594,0.04120642833294748,0.056826178747360956,0.13463533317492898,0.9215341308937368,0.17584176150787645,0.15558292282430214,0.3652468903128534,1.0,0.15558292282430214,2653,0.09292311966108757,0.9070768803389124,0.09292311966108757
cal500,MLC_PA_MLP,0.30,4,Operating Point,,0.04735702905309704,1114,,0.8392446633825944,2.7852835592457694,0.4477491961414791,2488,0.12343185550082099,0.8638204707170225,0.3062832576586232,0.039605892699828525,0.060974274767378156,0.14063147954251645,0.9247947454844007,0.18023737224234498,0.16075533661740557,0.37929860401770515,1.0,0.16075533661740557,2937,0.08961064370964589,0.9103893562903541,0.08961064370964589
cal500,MLC_PA_MLP,0.30,5,Operating Point,,0.049215866909896176,1037,,0.8383102263301339,2.740818934333042,0.44316239316239314,2340,0.125708022277521,0.8613579808034127,0.30608951520079686,0.040272575031177406,0.06144092902002607,0.14311744223670245,0.9227989098234388,0.18339001726787985,0.1616897736698661,0.3799926713081715,1.0,0.1616897736698661,2729,0.09209131387377201,0.907908686126228,0.09209131387377201
cal500,MLC_PA_MLP,0.35,1,Operating Point,,0.04857706181366707,644,,0.9053146693979742,2.826881114521389,0.26766417290108063,2406,0.13340161602367134,0.8630932058723113,0.321822713029383,0.042535166994053485,0.03664504381472633,0.07647522357760306,0.8997382496870376,0.11901039057165654,0.09468533060202572,0.3870192307692308,1.0,0.09468533060202572,1664,0.1107479572595852,0.8892520427404148,0.1107479572595852
cal500,MLC_PA_MLP,0.35,2,Operating Point,,0.049317962530579004,687,,0.9083873904631843,3.0746075038390135,0.2816728167281673,2439,0.13175714123136453,0.8612154318880164,0.31588696849243036,0.042189973084178704,0.03909184021850454,0.07231150592008834,0.900307272106521,0.11450147900426705,0.09161260953681576,0.4267080745341615,1.0,0.09161260953681576,1610,0.10974693059383611,0.8902530694061639,0.10974693059383611
cal500,MLC_PA_MLP,0.35,3,Operating Point,,0.04799107358242287,677,,0.900129017124091,2.9383379899466022,0.2934547030775899,2307,0.130544804128548,0.8647079521463759,0.32419817077155594,0.04120642833294748,0.0397020877316443,0.07826362755572545,0.9044100398780202,0.11947005588867293,0.09987098287590898,0.39753376394597767,1.0,0.09987098287590898,1703,0.10619584337741872,0.8938041566225813,0.10619584337741872
cal500,MLC_PA_MLP,0.35,4,Operating Point,,0.04735702905309704,726,,0.905911330049261,3.101336677833707,0.29180064308681675,2488,0.12937328954570332,0.8638204707170225,0.3062832576586232,0.039605892699828525,0.039737274220032814,0.07891372179575837,0.9035577449370553,0.11851961449558689,0.09408866995073892,0.4223385689354276,1.0,0.09408866995073892,1719,0.10645882424022712,0.8935411757597729,0.10645882424022712
cal500,MLC_PA_MLP,0.35,5,Operating Point,,0.049215866909896176,625,,0.9097641900699135,2.9599558900281155,0.2670940170940171,2340,0.13319409882687525,0.8613579808034127,0.30608951520079686,0.040272575031177406,0.037030453845242284,0.07235841192415982,0.898388434648655,0.11263098695533721,0.09023580993008651,0.4103742613263296,1.0,0.09023580993008651,1523,0.11169000325626832,0.8883099967437317,0.11169000325626832
cal500,MLC_PA_MLP,0.40,1,Operating Point,,0.04857706181366707,441,,0.9390007966313872,3.004822365727472,0.18329177057356608,2406,0.136212586775919,0.8630932058723113,0.321822713029383,0.042535166994053485,0.025093888699214806,0.04127294539387983,0.8881870945715261,0.08380811238793331,0.060999203368612726,0.41138059701492535,1.0,0.060999203368612726,1072,0.1190764755787177,0.8809235244212823,0.1190764755787177
cal500,MLC_PA_MLP,0.40,2,Operating Point,,0.049317962530579004,440,,0.9453169454876522,3.299044020617105,0.18040180401804018,2439,0.13562080345965632,0.8612154318880164,0.31588696849243036,0.042189973084178704,0.025036986457266375,0.03922880311070941,0.8862524183452828,0.08141877619488812,0.054683054512347784,0.4578563995837669,1.0,0.054683054512347784,961,0.12032745440317827,0.8796725455968217,0.12032745440317827
cal500,MLC_PA_MLP,0.40,3,Operating Point,,0.04799107358242287,437,,0.9400070372976777,3.157428557990662,0.1894234937147811,2307,0.1336617405582923,0.8647079521463759,0.32419817077155594,0.04120642833294748,0.02562749237626083,0.042467783238804416,0.8903354445226367,0.0836742115717519,0.05999296270232231,0.42717497556207235,1.0,0.05999296270232231,1023,0.11666354732048168,0.8833364526795183,0.11666354732048168
cal500,MLC_PA_MLP,0.40,4,Operating Point,,0.04735702905309704,451,,0.9458128078817734,3.3452572347266876,0.1812700964630225,2488,0.13316912972085387,0.8638204707170225,0.3062832576586232,0.039605892699828525,0.024685276409414314,0.03945019823563436,0.8885057471264368,0.07905609093546288,0.054187192118226604,0.45555555555555555,1.0,0.054187192118226604,990,0.11788194444444444,0.8821180555555556,0.11788194444444444
cal500,MLC_PA_MLP,0.40,5,Operating Point,,0.049215866909896176,448,,0.938736817158431,3.1250905123245554,0.19145299145299147,2340,0.13660386301694516,0.8613579808034127,0.30608951520079686,0.040272575031177406,0.02654342931626974,0.04800089802953882,0.8879014101196825,0.08827347306071623,0.061263182841568904,0.4332688588007737,1.0,0.061263182841568904,1034,0.11941428932087861,0.8805857106791214,0.11941428932087861
cal500,MLC_PA_MLP,0.50,1,Operating Point,,0.04857706181366707,0,,1.0,,0.0,2406,0.13690679412768864,0.8630932058723113,0.321822713029383,0.042535166994053485,0.0,0.0,0.8630932058723113,0.042535166994053485,0.0,,0.0,0.0,0,0.1369067941276887,0.8630932058723113,0.1369067941276887
cal500,MLC_PA_MLP,0.50,2,Operating Point,,0.049317962530579004,0,,1.0,,0.0,2439,0.1387845681119836,0.8612154318880164,0.31588696849243036,0.042189973084178704,0.0,0.0,0.8612154318880164,0.042189973084178704,0.0,,0.0,0.0,0,0.13878456811198359,0.8612154318880164,0.13878456811198359
cal500,MLC_PA_MLP,0.50,3,Operating Point,,0.04799107358242287,0,,1.0,,0.0,2307,0.1352920478536242,0.8647079521463759,0.32419817077155594,0.04120642833294748,0.0,0.0,0.8647079521463759,0.04120642833294748,0.0,,0.0,0.0,0,0.13529204785362414,0.8647079521463759,0.13529204785362414
cal500,MLC_PA_MLP,0.50,4,Operating Point,,0.04735702905309704,0,,1.0,,0.0,2488,0.13617952928297755,0.8638204707170225,0.3062832576586232,0.039605892699828525,0.0,0.0,0.8638204707170225,0.039605892699828525,0.0,,0.0,0.0,0,0.1361795292829775,0.8638204707170225,0.1361795292829775
cal500,MLC_PA_MLP,0.50,5,Operating Point,,0.049215866909896176,0,,1.0,,0.0,2340,0.13864201919658728,0.8613579808034127,0.30608951520079686,0.040272575031177406,0.0,0.0,0.8613579808034127,0.040272575031177406,0.0,,0.0,0.0,0,0.13864201919658725,0.8613579808034127,0.13864201919658725
cal500,GSI_MLC_PA_Logistic,0.20,1,Operating Point,,0.050855261739628774,2031,,0.38784568111983614,1.3642232127131828,0.8351151315789473,2432,0.14843518834642083,0.8616137475816548,0.3468912237782244,0.07213081280793841,0.1123819278479572,0.653145882959036,0.973995675429612,0.7252766957669744,0.6121543188801639,0.18878973786949246,1.0,0.6121543188801639,10758,0.06704812206572774,0.9329518779342723,0.06704812206572774
cal500,GSI_MLC_PA_Logistic,0.20,2,Operating Point,,0.053992237000666465,1997,,0.4267668146124957,1.4336411787341576,0.8218106995884774,2430,0.14292705132582226,0.8617275520655514,0.34553437918071245,0.07009919157813982,0.1099920336861272,0.6244470945072607,0.9717195857516786,0.6945462860854005,0.5732331853875042,0.19823307524320033,1.0,0.5732331853875042,10074,0.0662666666666667,0.9337333333333333,0.0662666666666667
cal500,GSI_MLC_PA_Logistic,0.20,3,Operating Point,,0.05039118911288846,1994,,0.38124560168895144,1.3896521583148835,0.8598533850797757,2319,0.14744311517710537,0.8640042223786066,0.34658410981187593,0.06852032220313405,0.11230354210649773,0.6574252704894039,0.9763077644851044,0.725945592692538,0.6187543983110485,0.18898682589328025,1.0,0.6187543983110485,10551,0.06214428549453932,0.9378557145054607,0.06214428549453932
cal500,GSI_MLC_PA_Logistic,0.20,4,Operating Point,,0.050679934653973156,2029,,0.4071702244116037,1.3879025263386322,0.8227899432278994,2466,0.14401751505199784,0.865024630541872,0.35191756757287784,0.07199407924473265,0.10952380952380947,0.6221234242352216,0.9745484400656814,0.6941175034799543,0.5928297755883962,0.1873326562644262,1.0,0.5928297755883962,10831,0.06250840166689076,0.9374915983331092,0.06250840166689076
cal500,GSI_MLC_PA_Logistic,0.20,5,Operating Point,,0.05469440195929346,1914,,0.39009361298732076,1.3497576414698196,0.8232258064516129,2325,0.1488209503495675,0.8622467116956986,0.3506186713563399,0.07857150197086486,0.11091361535726985,0.6321844871215544,0.9731603270529684,0.7107559890924192,0.6099063870126792,0.185933553526326,1.0,0.6099063870126792,10294,0.06880315917375457,0.9311968408262454,0.06880315917375457
cal500,GSI_MLC_PA_Logistic,0.25,1,Operating Point,,0.050855261739628774,2031,,0.38784568111983614,1.3642232127131828,0.8351151315789473,2432,0.17904290429042904,0.8616137475816548,0.3468912237782244,0.07213081280793841,0.1123819278479572,0.653145882959036,0.973995675429612,0.7252766957669744,0.6121543188801639,0.18878973786949246,1.0,0.6121543188801639,10758,0.06704812206572774,0.9329518779342723,0.06704812206572774
cal500,GSI_MLC_PA_Logistic,0.25,2,Operating Point,,0.053992237000666465,1997,,0.4267668146124957,1.4336411787341576,0.8218106995884774,2430,0.17158871059519745,0.8617275520655514,0.34553437918071245,0.07009919157813982,0.1099920336861272,0.6244470945072607,0.9717195857516786,0.6945462860854005,0.5732331853875042,0.19823307524320033,1.0,0.5732331853875042,10074,0.0662666666666667,0.9337333333333333,0.0662666666666667
cal500,GSI_MLC_PA_Logistic,0.25,3,Operating Point,,0.05039118911288846,1994,,0.38124560168895144,1.3896521583148835,0.8598533850797757,2319,0.17838083509265776,0.8640042223786066,0.34658410981187593,0.06852032220313405,0.11230354210649773,0.6574252704894039,0.9763077644851044,0.725945592692538,0.6187543983110485,0.18898682589328025,1.0,0.6187543983110485,10551,0.06214428549453932,0.9378557145054607,0.06214428549453932
cal500,GSI_MLC_PA_Logistic,0.25,4,Operating Point,,0.050679934653973156,2029,,0.4071702244116037,1.3879025263386322,0.8227899432278994,2466,0.17365900383141764,0.865024630541872,0.35191756757287784,0.07199407924473265,0.10952380952380947,0.6221234242352216,0.9745484400656814,0.6941175034799543,0.5928297755883962,0.1873326562644262,1.0,0.5928297755883962,10831,0.06250840166689076,0.9374915983331092,0.06250840166689076
cal500,GSI_MLC_PA_Logistic,0.25,5,Operating Point,,0.05469440195929346,1914,,0.39009361298732076,1.3497576414698196,0.8232258064516129,2325,0.17931626970020145,0.8622467116956986,0.3506186713563399,0.07857150197086486,0.11091361535726985,0.6321844871215544,0.9731603270529684,0.7107559890924192,0.6099063870126792,0.185933553526326,1.0,0.6099063870126792,10294,0.06880315917375457,0.9311968408262454,0.06880315917375457
cal500,GSI_MLC_PA_Logistic,0.30,1,Operating Point,,0.050855261739628774,2031,,0.38784568111983614,1.3642232127131828,0.8351151315789473,2432,0.20965062023443723,0.8616137475816548,0.3468912237782244,0.07213081280793841,0.1123819278479572,0.653145882959036,0.973995675429612,0.7252766957669744,0.6121543188801639,0.18878973786949246,1.0,0.6121543188801639,10758,0.06704812206572774,0.9329518779342723,0.06704812206572774
cal500,GSI_MLC_PA_Logistic,0.30,2,Operating Point,,0.053992237000666465,1997,,0.4267668146124957,1.4336411787341576,0.8218106995884774,2430,0.20025036986457265,0.8617275520655514,0.34553437918071245,0.07009919157813982,0.1099920336861272,0.6244470945072607,0.9717195857516786,0.6945462860854005,0.5732331853875042,0.19823307524320033,1.0,0.5732331853875042,10074,0.0662666666666667,0.9337333333333333,0.0662666666666667
cal500,GSI_MLC_PA_Logistic,0.30,3,Operating Point,,0.05039118911288846,1994,,0.38124560168895144,1.3896521583148835,0.8598533850797757,2319,0.2093185550082102,0.8640042223786066,0.34658410981187593,0.06852032220313405,0.11230354210649773,0.6574252704894039,0.9763077644851044,0.725945592692538,0.6187543983110485,0.18898682589328025,1.0,0.6187543983110485,10551,0.06214428549453932,0.9378557145054607,0.06214428549453932
cal500,GSI_MLC_PA_Logistic,0.30,4,Operating Point,,0.050679934653973156,2029,,0.4071702244116037,1.3879025263386322,0.8227899432278994,2466,0.20330049261083744,0.865024630541872,0.35191756757287784,0.07199407924473265,0.10952380952380947,0.6221234242352216,0.9745484400656814,0.6941175034799543,0.5928297755883962,0.1873326562644262,1.0,0.5928297755883962,10831,0.06250840166689076,0.9374915983331092,0.06250840166689076
cal500,GSI_MLC_PA_Logistic,0.30,5,Operating Point,,0.05469440195929346,1914,,0.39009361298732076,1.3497576414698196,0.8232258064516129,2325,0.20981158905083538,0.8622467116956986,0.3506186713563399,0.07857150197086486,0.11091361535726985,0.6321844871215544,0.9731603270529684,0.7107559890924192,0.6099063870126792,0.185933553526326,1.0,0.6099063870126792,10294,0.06880315917375457,0.9311968408262454,0.06880315917375457
cal500,GSI_MLC_PA_Logistic,0.35,1,Operating Point,,0.050855261739628774,1949,,0.41026516444747924,1.3589124772745738,0.8013980263157895,2432,0.25062023443723686,0.8616137475816548,0.3468912237782244,0.07213081280793841,0.09417321042449067,0.6379163104618145,0.9557869580061454,0.7100471232697529,0.5897348355525208,0.18805480509455808,1.0,0.5897348355525208,10364,0.10776699029126213,0.8922330097087379,0.10776699029126213
cal500,GSI_MLC_PA_Logistic,0.35,2,Operating Point,,0.053992237000666465,1898,,0.4487310800045522,1.4168583254325067,0.7810699588477367,2430,0.23277569136223966,0.8617275520655514,0.34553437918071245,0.07009919157813982,0.09844087857061568,0.6077143071962832,0.9601684306361671,0.677813498774423,0.5512689199954478,0.1959124690338563,1.0,0.5512689199954478,9688,0.08876489982247016,0.9112351001775298,0.08876489982247016
cal500,GSI_MLC_PA_Logistic,0.35,3,Operating Point,,0.05039118911288846,1826,,0.40921885995777624,1.3328258339773387,0.7874083656748598,2319,0.24512667135819843,0.8640042223786066,0.34658410981187593,0.06852032220313405,0.09764250527797325,0.6471517367360838,0.9616467276565799,0.7156720589392179,0.5907811400422238,0.18125868572563034,1.0,0.5907811400422238,10074,0.09372312983662945,0.9062768701633706,0.09372312983662945
cal500,GSI_MLC_PA_Logistic,0.35,4,Operating Point,,0.050679934653973156,1756,,0.4568144499178982,1.3109412557333546,0.7120843471208435,2466,0.24977558839627803,0.865024630541872,0.35191756757287784,0.07199407924473265,0.07531472359058566,0.5961553775801298,0.9403393541324576,0.6681494568248625,0.5431855500821018,0.1769447803305119,1.0,0.5431855500821018,9924,0.13060148574167263,0.8693985142583274,0.13060148574167263
cal500,GSI_MLC_PA_Logistic,0.35,5,Operating Point,,0.05469440195929346,1830,,0.4125488801990757,1.3398506661461131,0.7870967741935484,2325,0.24980744164000473,0.8622467116956986,0.3506186713563399,0.07857150197086486,0.09355373859462024,0.6177079096005942,0.9558004502903188,0.696279411571459,0.5874511198009242,0.18456883509833585,1.0,0.5874511198009242,9915,0.10713772799080856,0.8928622720091914,0.10713772799080856
cal500,GSI_MLC_PA_Logistic,0.40,1,Operating Point,,0.050855261739628774,835,,0.6479458290656652,0.9752442781128512,0.3433388157894737,2432,0.37218618413565496,0.8616137475816548,0.3468912237782244,0.07213081280793841,-0.09297826334357584,0.4944549497208648,0.7686354842380789,0.5665857625288032,0.35205417093433483,0.13496040084047195,1.0,0.35205417093433483,6187,0.357073856151752,0.642926143848248,0.357073856151752
cal500,GSI_MLC_PA_Logistic,0.40,2,Operating Point,,0.053992237000666465,724,,0.6887447365426198,0.9572284289164241,0.2979423868312757,2430,0.34636394673950155,0.8617275520655514,0.34553437918071245,0.07009919157813982,-0.08358939342210081,0.4778337098957264,0.7781381586434506,0.5479329014738662,0.3112552634573802,0.13235831809872028,1.0,0.3112552634573802,5470,0.32212491738268345,0.6778750826173165,0.32212491738268345
cal500,GSI_MLC_PA_Logistic,0.40,3,Operating Point,,0.05039118911288846,498,,0.7080107905231058,0.7354646306206637,0.2147477360931436,2319,0.3838611306591603,0.8640042223786066,0.34658410981187593,0.06852032220313405,-0.13106966924700925,0.46976789303470673,0.7329345531315974,0.5382882152378408,0.2919892094768942,0.10002008435428801,1.0,0.2919892094768942,4979,0.37720533421684754,0.6227946657831525,0.37720533421684754
cal500,GSI_MLC_PA_Logistic,0.40,4,Operating Point,,0.050679934653973156,717,,0.6923371647509579,0.9450418594504185,0.29075425790754256,2466,0.37199781061850024,0.865024630541872,0.35191756757287784,0.07199407924473265,-0.11395730706075535,0.448567228348393,0.7510673234811166,0.5205613075931257,0.30766283524904214,0.1275573741327166,1.0,0.30766283524904214,5621,0.3595541149497984,0.6404458850502016,0.3595541149497984
cal500,GSI_MLC_PA_Logistic,0.40,5,Operating Point,,0.05469440195929346,1055,,0.58833985069321,1.1022768213642355,0.45376344086021503,2325,0.3465576490105463,0.8622467116956986,0.3506186713563399,0.07857150197086486,-0.044140300983528835,0.5112292024247536,0.8181064107121697,0.5898007043956184,0.4116601493067899,0.15184225676453655,1.0,0.4116601493067899,6948,0.30916414904330314,0.6908358509566969,0.30916414904330314
cal500,GSI_MLC_PA_Logistic,0.50,1,Operating Point,,0.050855261739628774,223,,0.8169454876522135,0.5009113283870229,0.09169407894736842,2432,0.48432343234323433,0.8616137475816548,0.3468912237782244,0.07213081280793841,-0.2544099237509958,0.37221633571703056,0.607203823830659,0.444347148524969,0.1830545123477865,0.0693192415293752,1.0,0.1830545123477865,3217,0.48081075433586407,0.5191892456641359,0.48081075433586407
cal500,GSI_MLC_PA_Logistic,0.50,2,Operating Point,,0.053992237000666465,248,,0.8374871969955616,0.6279973717882215,0.10205761316872428,2430,0.45942870149083875,0.8617275520655514,0.34553437918071245,0.07009919157813982,-0.23989985205417097,0.35887620596487985,0.6218277000113804,0.42897539754301967,0.16251280300443838,0.08683473389355742,1.0,0.16251280300443838,2856,0.4515559179236309,0.5484440820763691,0.4515559179236309
cal500,GSI_MLC_PA_Logistic,0.50,3,Operating Point,,0.05039118911288846,160,,0.8500469153178513,0.4601122859350154,0.06899525657611039,2319,0.49926694815857375,0.8640042223786066,0.34658410981187593,0.06852032220313405,-0.2882946281961061,0.3377228499521873,0.5757095941825006,0.40624317215532135,0.1499530846821487,0.06257332811888933,1.0,0.1499530846821487,2557,0.49913763366678165,0.5008623663332183,0.49913763366678165
cal500,GSI_MLC_PA_Logistic,0.50,4,Operating Point,,0.050679934653973156,160,,0.8500821018062398,0.4327862211953321,0.064882400648824,2466,0.48672687465790915,0.865024630541872,0.35191756757287784,0.07199407924473265,-0.276792556102901,0.3275116985114199,0.588232074438971,0.3995057777561526,0.14991789819376025,0.058415480102227094,1.0,0.14991789819376025,2739,0.4843860665765244,0.5156139334234756,0.4843860665765244
cal500,GSI_MLC_PA_Logistic,0.50,5,Operating Point,,0.05469440195929346,202,,0.8419243986254296,0.5496213183730716,0.08688172043010753,2325,0.512975471027373,0.8622467116956986,0.3506186713563399,0.07857150197086486,-0.29618438203578623,0.32022104685815933,0.5660623296599123,0.3987925488290242,0.15807560137457044,0.07571214392803598,1.0,0.15807560137457044,2668,0.515411681914145,0.484588318085855,0.515411681914145
cal500,GSI_MLC_PA_MLP,0.20,1,Operating Point,,0.05071285402436162,2022,,0.2935586662114487,1.1930943840373818,0.8428511879949979,2399,0.1728121087970866,0.8634915215659497,0.35462549574920355,0.06703903779915414,0.10498463639467404,0.7277247229309476,0.9684761579606237,0.7947637607301017,0.7064413337885512,0.16286749899315345,1.0,0.7064413337885512,12415,0.10738515216127154,0.8926148478387285,0.10738515216127154
cal500,GSI_MLC_PA_MLP,0.20,2,Operating Point,,0.057760907184447846,2111,,0.2787071810629339,1.1820231559672125,0.8525848142164781,2476,0.1663935359053147,0.859110048935928,0.33864278966866906,0.06592646592044597,0.11875497894617049,0.740768895873754,0.9778650278820985,0.8066953617942,0.7212928189370661,0.16653518460082045,1.0,0.7212928189370661,12676,0.07942017149857084,0.9205798285014292,0.07942017149857084
cal500,GSI_MLC_PA_MLP,0.20,3,Operating Point,,0.05004825532839831,1959,,0.247595589960122,1.1305484154491634,0.8506296135475466,2303,0.18285245132535777,0.8649425287356322,0.34389865337926817,0.06136250067941568,0.10268590194698568,0.7753474599995611,0.9676284306826178,0.8367099606789768,0.752404410039878,0.15268901013250194,1.0,0.752404410039878,12830,0.13074372335386075,0.8692562766461392,0.13074372335386075
cal500,GSI_MLC_PA_MLP,0.20,4,Operating Point,,0.0503745992602027,2168,,0.27690202517788726,1.2217647033784358,0.8834555827220864,2454,0.17176792556102902,0.8656814449917898,0.333813176460127,0.06331196791272303,0.10717022441160373,0.7340787822862318,0.9728516694033935,0.7973907501989549,0.7230979748221128,0.16410566951782604,1.0,0.7230979748221128,13211,0.0980430915200633,0.9019569084799367,0.0980430915200633
cal500,GSI_MLC_PA_MLP,0.20,5,Operating Point,,0.05505157929566045,2007,,0.24582296480625668,1.1392032888980723,0.8591609589041096,2336,0.17761583125962793,0.8615949757080222,0.350363448534661,0.07899202444867183,0.11162460007109853,0.7452819568326917,0.9732195757791208,0.8242739812813635,0.7541770351937434,0.1576714588734386,1.0,0.7541770351937434,12729,0.10894191371414796,0.891058086285852,0.10894191371414796
cal500,GSI_MLC_PA_MLP,0.25,1,Operating Point,,0.05071285402436162,2022,,0.2935586662114487,1.1930943840373818,0.8428511879949979,2399,0.20813417548651417,0.8634915215659497,0.35462549574920355,0.06703903779915414,0.10498463639467404,0.7277247229309476,0.9684761579606237,0.7947637607301017,0.7064413337885512,0.16286749899315345,1.0,0.7064413337885512,12415,0.10738515216127154,0.8926148478387285,0.10738515216127154
cal500,GSI_MLC_PA_MLP,0.25,2,Operating Point,,0.057760907184447846,2111,,0.2787071810629339,1.1820231559672125,0.8525848142164781,2476,0.20245817685216796,0.859110048935928,0.33864278966866906,0.06592646592044597,0.11875497894617049,0.740768895873754,0.9778650278820985,0.8066953617942,0.7212928189370661,0.16653518460082045,1.0,0.7212928189370661,12676,0.07942017149857084,0.9205798285014292,0.07942017149857084
cal500,GSI_MLC_PA_MLP,0.25,3,Operating Point,,0.05004825532839831,1959,,0.247595589960122,1.1305484154491634,0.8506296135475466,2303,0.22047267182735164,0.8649425287356322,0.34389865337926817,0.06136250067941568,0.10268590194698568,0.7753474599995611,0.9676284306826178,0.8367099606789768,0.752404410039878,0.15268901013250194,1.0,0.752404410039878,12830,0.13074372335386075,0.8692562766461392,0.13074372335386075
cal500,GSI_MLC_PA_MLP,0.25,4,Operating Point,,0.0503745992602027,2168,,0.27690202517788726,1.2217647033784358,0.8834555827220864,2454,0.20792282430213466,0.8656814449917898,0.333813176460127,0.06331196791272303,0.10717022441160373,0.7340787822862318,0.9728516694033935,0.7973907501989549,0.7230979748221128,0.16410566951782604,1.0,0.7230979748221128,13211,0.0980430915200633,0.9019569084799367,0.0980430915200633
cal500,GSI_MLC_PA_MLP,0.25,5,Operating Point,,0.05505157929566045,2007,,0.24582296480625668,1.1392032888980723,0.8591609589041096,2336,0.2153246830193151,0.8615949757080222,0.350363448534661,0.07899202444867183,0.11162460007109853,0.7452819568326917,0.9732195757791208,0.8242739812813635,0.7541770351937434,0.1576714588734386,1.0,0.7541770351937434,12729,0.10894191371414796,0.891058086285852,0.10894191371414796
cal500,GSI_MLC_PA_MLP,0.30,1,Operating Point,,0.05071285402436162,2022,,0.2935586662114487,1.1930943840373818,0.8428511879949979,2399,0.24345624217594172,0.8634915215659497,0.35462549574920355,0.06703903779915414,0.10498463639467404,0.7277247229309476,0.9684761579606237,0.7947637607301017,0.7064413337885512,0.16286749899315345,1.0,0.7064413337885512,12415,0.10738515216127154,0.8926148478387285,0.10738515216127154
cal500,GSI_MLC_PA_MLP,0.30,2,Operating Point,,0.057760907184447846,2111,,0.2787071810629339,1.1820231559672125,0.8525848142164781,2476,0.2385228177990213,0.859110048935928,0.33864278966866906,0.06592646592044597,0.11875497894617049,0.740768895873754,0.9778650278820985,0.8066953617942,0.7212928189370661,0.16653518460082045,1.0,0.7212928189370661,12676,0.07942017149857084,0.9205798285014292,0.07942017149857084
cal500,GSI_MLC_PA_MLP,0.30,3,Operating Point,,0.05004825532839831,1959,,0.247595589960122,1.1305484154491634,0.8506296135475466,2303,0.25809289232934546,0.8649425287356322,0.34389865337926817,0.06136250067941568,0.10268590194698568,0.7753474599995611,0.9676284306826178,0.8367099606789768,0.752404410039878,0.15268901013250194,1.0,0.752404410039878,12830,0.13074372335386075,0.8692562766461392,0.13074372335386075
cal500,GSI_MLC_PA_MLP,0.30,4,Operating Point,,0.0503745992602027,2168,,0.27690202517788726,1.2217647033784358,0.8834555827220864,2454,0.2440777230432403,0.8656814449917898,0.333813176460127,0.06331196791272303,0.10717022441160373,0.7340787822862318,0.9728516694033935,0.7973907501989549,0.7230979748221128,0.16410566951782604,1.0,0.7230979748221128,13211,0.0980430915200633,0.9019569084799367,0.0980430915200633
cal500,GSI_MLC_PA_MLP,0.30,5,Operating Point,,0.05505157929566045,2007,,0.24582296480625668,1.1392032888980723,0.8591609589041096,2336,0.25303353477900226,0.8615949757080222,0.350363448534661,0.07899202444867183,0.11162460007109853,0.7452819568326917,0.9732195757791208,0.8242739812813635,0.7541770351937434,0.1576714588734386,1.0,0.7541770351937434,12729,0.10894191371414796,0.891058086285852,0.10894191371414796
cal500,GSI_MLC_PA_MLP,0.35,1,Operating Point,,0.05071285402436162,1578,,0.40457494025264595,1.1047134509409502,0.6577740725302209,2399,0.32100830772732447,0.8634915215659497,0.35462549574920355,0.06703903779915414,0.02389894161829975,0.6625909935261248,0.8873904631842494,0.7296300313252789,0.595425059747354,0.15080275229357798,1.0,0.595425059747354,10464,0.2783403656821378,0.7216596343178622,0.2783403656821378
cal500,GSI_MLC_PA_MLP,0.35,2,Operating Point,,0.057760907184447846,1584,,0.39433253670194607,1.0562586854092408,0.6397415185783522,2476,0.3210083077273244,0.859110048935928,0.33864278966866906,0.06592646592044597,0.031865255491066447,0.6715775039279127,0.8909753044269945,0.7375039698483586,0.605667463298054,0.1488162344983089,1.0,0.605667463298054,10644,0.27647907647907655,0.7235209235209235,0.27647907647907655
cal500,GSI_MLC_PA_MLP,0.35,3,Operating Point,,0.05004825532839831,1246,,0.41103682852451323,0.918620146137566,0.541033434650456,2303,0.3557383298146845,0.8649425287356322,0.34389865337926817,0.06136250067941568,-0.014543748533896284,0.6801558069803402,0.8503987802017359,0.7415183076597559,0.5889631714754867,0.12406651398984367,1.0,0.5889631714754867,10043,0.3639606220573548,0.6360393779426452,0.3639606220573548
cal500,GSI_MLC_PA_MLP,0.35,4,Operating Point,,0.0503745992602027,1455,,0.42249589490968803,1.026675880268594,0.5929095354523227,2454,0.3303147235905856,0.8656814449917898,0.333813176460127,0.06331196791272303,0.00613026819923379,0.6543282551748115,0.8718117131910236,0.7176402230875345,0.577504105090312,0.13790162069945977,1.0,0.577504105090312,10551,0.3034071770954787,0.6965928229045213,0.3034071770954787
cal500,GSI_MLC_PA_MLP,0.35,5,Operating Point,,0.05505157929566045,1527,,0.39880317573172175,1.0873003323743706,0.653681506849315,2336,0.3620956274440099,0.8615949757080222,0.350363448534661,0.07899202444867183,-0.013271714658134814,0.6385633739780673,0.8483232610498874,0.7175553984267391,0.6011968242682783,0.15048782891495024,1.0,0.6011968242682783,10147,0.3803298172634081,0.6196701827365919,0.3803298172634081
cal500,GSI_MLC_PA_MLP,0.40,1,Operating Point,,0.05071285402436162,537,,0.6837942414931149,0.7079038316232028,0.22384326802834514,2399,0.4706839649482189,0.8634915215659497,0.35462549574920355,0.06703903779915414,-0.2076931831114145,0.47461942250658157,0.6557983384545352,0.5416584603057357,0.31620575850688515,0.09663487493251754,1.0,0.31620575850688515,5557,0.5033702255138554,0.49662977448614465,0.5033702255138554
cal500,GSI_MLC_PA_MLP,0.40,2,Operating Point,,0.057760907184447846,409,,0.7362581085694776,0.6263160646412682,0.16518578352180938,2476,0.5074541936952316,0.859110048935928,0.33864278966866906,0.06592646592044597,-0.2610674860589506,0.4310164006976602,0.5980425628769774,0.49694286661810616,0.26374189143052235,0.08824163969795037,1.0,0.26374189143052235,4635,0.5459463637066234,0.4540536362933766,0.5459463637066234
cal500,GSI_MLC_PA_MLP,0.40,3,Operating Point,,0.05004825532839831,294,,0.7453084682148722,0.5012321123255324,0.1276595744680851,2303,0.5437016185784658,0.8649425287356322,0.34389865337926817,0.06136250067941568,-0.3067675346000469,0.4364531762274649,0.5581749941355852,0.49781567690688056,0.2546915317851278,0.06769514160718397,1.0,0.2546915317851278,4343,0.5928082461247934,0.40719175387520656,0.5928082461247934
cal500,GSI_MLC_PA_MLP,0.40,4,Operating Point,,0.0503745992602027,298,,0.7216748768472906,0.4363041016653324,0.12143439282803586,2454,0.4955665024630543,0.8656814449917898,0.333813176460127,0.06331196791272303,-0.2499178981937602,0.447199454142946,0.6157635467980296,0.510511422055669,0.27832512315270935,0.058603736479842676,1.0,0.27832512315270935,5085,0.5324232081911263,0.4675767918088737,0.5324232081911263
cal500,GSI_MLC_PA_MLP,0.40,5,Operating Point,,0.05505157929566045,393,,0.7422087925109611,0.6526068247576529,0.168236301369863,2336,0.5487854011138762,0.8615949757080222,0.350363448534661,0.07899202444867183,-0.3072638938262827,0.40069250653309746,0.5543310818817395,0.4796845309817693,0.257791207489039,0.09032406343369341,1.0,0.257791207489039,4351,0.6004629999201724,0.3995370000798276,0.6004629999201724
cal500,GSI_MLC_PA_MLP,0.50,1,Operating Point,,0.05071285402436162,120,,0.8535905314669398,0.3416503216539733,0.0500208420175073,2399,0.6052406964834415,0.8634915215659497,0.35462549574920355,0.06703903779915414,-0.39552748378286096,0.3287565919255705,0.4679640377830887,0.39579562972472465,0.1464094685330602,0.046638165565487756,1.0,0.1464094685330602,2573,0.6232917805479634,0.3767082194520366,0.6232917805479634
cal500,GSI_MLC_PA_MLP,0.50,2,Operating Point,,0.057760907184447846,127,,0.8727096847615796,0.4029560851677219,0.051292407108239096,2476,0.6211164219870263,0.859110048935928,0.33864278966866906,0.06592646592044597,-0.41658131330374415,0.30424028644650997,0.44252873563218387,0.37016675236695595,0.12729031523842038,0.05677246312025033,1.0,0.12729031523842038,2237,0.6387820303840386,0.3612179696159614,0.6387820303840386
cal500,GSI_MLC_PA_MLP,0.50,3,Operating Point,,0.05004825532839831,88,,0.8670537180389397,0.287417056940938,0.03821102909248806,2303,0.6480471498944406,0.8649425287356322,0.34389865337926817,0.06136250067941568,-0.4465165376495426,0.3221847141306517,0.4184259910860896,0.38354721481006737,0.1329462819610603,0.0388178209086899,1.0,0.1329462819610603,2267,0.6707473791004397,0.3292526208995603,0.6707473791004397
cal500,GSI_MLC_PA_MLP,0.50,4,Operating Point,,0.0503745992602027,76,,0.8842364532019704,0.2675267474726456,0.030969845150774247,2454,0.6433771209633279,0.8656814449917898,0.333813176460127,0.06331196791272303,-0.4511767925561029,0.2872794093700856,0.4145046524356869,0.35059137728280865,0.11576354679802955,0.03593380614657211,1.0,0.11576354679802955,2115,0.66214794181368,0.33785205818632,0.66214794181368
cal500,GSI_MLC_PA_MLP,0.50,5,Operating Point,,0.05505157929566045,87,,0.9117193980329423,0.42187241426864025,0.03724315068493151,2336,0.6837895485247067,0.8615949757080222,0.350363448534661,0.07899202444867183,-0.5012442232492001,0.2428859188859986,0.3603507524588221,0.3218779433346704,0.08828060196705771,0.05838926174496644,1.0,0.08828060196705771,1490,0.7015856511567455,0.29841434884325446,0.7015856511567455
cal500,MLC_PA_SVM,0.20,1,Operating Point,,0.04814226339158857,1493,,0.7350631614885627,2.348043921821306,0.6220833333333333,2400,0.1045977011494253,0.8634346193240013,0.3253219313502743,0.04498803982684317,0.08495504722886082,0.24979394619737472,0.9483896665528622,0.2947819860242179,0.26493683851143734,0.32066151202749144,1.0,0.26493683851143734,4656,0.07021210713732773,0.9297878928626723,0.07021210713732773
cal500,MLC_PA_SVM,0.20,2,Operating Point,,0.04899568437359694,1582,,0.7270399453738478,2.386051801107681,0.6512968299711815,2429,0.10278820985546831,0.8617844543074997,0.3199795934573434,0.04614124728785616,0.09001934676226242,0.25948889420354493,0.9518038010697621,0.3056301414914011,0.27296005462615225,0.32978945174067126,1.0,0.27296005462615225,4797,0.06629099162557717,0.9337090083744228,0.06629099162557717
cal500,MLC_PA_SVM,0.20,3,Operating Point,,0.04835035982119657,1503,,0.7219680975838612,2.349350048276471,0.6531942633637549,2301,0.10240441003987802,0.8650598170302604,0.32735056373730076,0.04565067955829888,0.0881421534130894,0.25533110611628335,0.9532019704433498,0.3009817856745822,0.27803190241613884,0.3170217253743936,1.0,0.27803190241613884,4741,0.06482007960360647,0.9351799203963935,0.06482007960360647
cal500,MLC_PA_SVM,0.20,4,Operating Point,,0.047249556014572903,1624,,0.726984126984127,2.404354120057905,0.65642683912692,2474,0.10112753147235905,0.8645867542419267,0.3037759836952108,0.03991639762110667,0.0888888888888889,0.25857829300592944,0.9534756431308156,0.2984946906270361,0.273015873015873,0.32558139534883723,1.0,0.273015873015873,4988,0.06399638608643277,0.9360036139135672,0.06399638608643277
cal500,MLC_PA_SVM,0.20,5,Operating Point,,0.04911516461414377,1496,,0.7231899514160446,2.3204929507049292,0.6423357664233577,2329,0.10471619860173006,0.862009716791089,0.31309115844535257,0.04664271762074257,0.08863609432397213,0.25908369382498797,0.9506458111150611,0.30572641144573054,0.27681004858395547,0.3202054794520548,1.0,0.27681004858395547,4672,0.06824512534818938,0.9317548746518106,0.06824512534818938
cal500,MLC_PA_SVM,0.25,1,Operating Point,,0.04814226339158857,1304,,0.7814953909184021,2.486598958333333,0.5433333333333333,2400,0.11699100944577216,0.8634346193240013,0.3253219313502743,0.04498803982684317,0.07420052350062589,0.19644188090393078,0.9376351428246272,0.24142992073077393,0.21850460908159783,0.33958333333333335,1.0,0.21850460908159783,3840,0.07980195136158441,0.9201980486384156,0.07980195136158441
cal500,MLC_PA_SVM,0.25,2,Operating Point,,0.04899568437359694,1354,,0.7876977352907705,2.625648117057811,0.5574310415808975,2429,0.11424547627176511,0.8617844543074997,0.3199795934573434,0.04614124728785616,0.07704563559804256,0.19748537666646068,0.9388300899055423,0.24362662395431683,0.21230226470922955,0.3629053872956312,1.0,0.21230226470922955,3731,0.07765657733150333,0.9223434226684967,0.07765657733150333
cal500,MLC_PA_SVM,0.25,3,Operating Point,,0.04835035982119657,1279,,0.7868871686605676,2.608220636764614,0.555845284658844,2301,0.11321252638986629,0.8650598170302604,0.32735056373730076,0.04565067955829888,0.07500586441473145,0.19427698066592078,0.9400656814449918,0.23992766022421966,0.21311283133943232,0.3519537699504678,1.0,0.21311283133943232,3634,0.0761663437173945,0.9238336562826055,0.0761663437173945
cal500,MLC_PA_SVM,0.25,4,Operating Point,,0.047249556014572903,1414,,0.7817733990147783,2.6190393637851717,0.5715440582053355,2474,0.11257525998905309,0.8645867542419267,0.3037759836952108,0.03991639762110667,0.0773946360153257,0.20405824703862835,0.9419813902572524,0.24397464465973503,0.21822660098522167,0.3546526210183095,1.0,0.21822660098522167,3987,0.07421410067912904,0.925785899320871,0.07421410067912904
cal500,MLC_PA_SVM,0.25,5,Operating Point,,0.04911516461414377,1302,,0.7810759568669273,2.553571575899801,0.5590382138256763,2329,0.11557945254177035,0.862009716791089,0.31309115844535257,0.04664271762074257,0.07714184145040881,0.20842659535149743,0.9391515582414978,0.25506931297224,0.21892404313307265,0.3523680649526387,1.0,0.21892404313307265,3695,0.07790336038837897,0.922096639611621,0.07790336038837897
cal500,MLC_PA_SVM,0.30,1,Operating Point,,0.04814226339158857,988,,0.8463070444975532,2.6785005553498706,0.4116666666666667,2400,0.1264538522817799,0.8634346193240013,0.3253219313502743,0.04498803982684317,0.05621941504495276,0.13459505611217404,0.9196540343689541,0.1795830959390172,0.1536929555024468,0.3657904479822288,1.0,0.1536929555024468,2701,0.09493713440462581,0.9050628655953742,0.09493713440462581
cal500,MLC_PA_SVM,0.30,2,Operating Point,,0.04899568437359694,1065,,0.8463639467395015,2.8538355976396326,0.438452037875669,2429,0.12370547399567543,0.8617844543074997,0.3199795934573434,0.04614124728785616,0.0606008876749744,0.14314601544986696,0.9223853419824741,0.18928726273772312,0.15363605326049845,0.39444444444444443,1.0,0.15363605326049845,2700,0.0917036439424499,0.9082963560575501,0.0917036439424499
cal500,MLC_PA_SVM,0.30,3,Operating Point,,0.04835035982119657,984,,0.849284541402768,2.8374007579178064,0.4276401564537158,2301,0.12244897959183673,0.8650598170302604,0.32735056373730076,0.04565067955829888,0.05770584095707254,0.1371327303120403,0.9227656579873329,0.18278340987033917,0.15071545859723198,0.38287937743190664,1.0,0.15071545859723198,2570,0.09094047783455328,0.9090595221654467,0.09094047783455328
cal500,MLC_PA_SVM,0.30,4,Operating Point,,0.047249556014572903,1097,,0.8455391351943076,2.8707043686658755,0.4434114793856104,2474,0.12170771756978653,0.8645867542419267,0.3037759836952108,0.03991639762110667,0.060043787629994516,0.14614769239167646,0.9246305418719212,0.18606409001278312,0.1544608648056924,0.388731396172927,1.0,0.1544608648056924,2822,0.08913775245986533,0.9108622475401347,0.08913775245986533
cal500,MLC_PA_SVM,0.30,5,Operating Point,,0.04911516461414377,1043,,0.8393174546747245,2.7870587095376878,0.44783168741949336,2329,0.12439862542955325,0.862009716791089,0.31309115844535257,0.04664271762074257,0.061796421376940414,0.1510882325411776,0.9238061381680294,0.19773095016192016,0.1606825453252755,0.38458702064896755,1.0,0.1606825453252755,2712,0.09078074262318225,0.9092192573768177,0.09078074262318225
cal500,MLC_PA_SVM,0.35,1,Operating Point,,0.04814226339158857,691,,0.8993399339933993,2.860286885245902,0.28791666666666665,2400,0.1324769545920109,0.8634346193240013,0.3253219313502743,0.04498803982684317,0.03931944918629793,0.0842101703209666,0.9027540685102993,0.12919821014780977,0.10066006600660066,0.390616167326173,1.0,0.10066006600660066,1769,0.10813033850047449,0.8918696614995255,0.10813033850047449
cal500,MLC_PA_SVM,0.35,2,Operating Point,,0.04899568437359694,745,,0.901502219187436,3.113883155088036,0.30671058048579664,2429,0.1302975987253898,0.8617844543074997,0.3199795934573434,0.04614124728785616,0.04239217025150788,0.08850142612566486,0.9041766245590076,0.134642673413521,0.09849778081256401,0.43038705950317735,1.0,0.09849778081256401,1731,0.10629300006311937,0.8937069999368806,0.10629300006311937
cal500,MLC_PA_SVM,0.35,3,Operating Point,,0.04835035982119657,700,,0.8981937602627258,2.988181856415864,0.3042155584528466,2301,0.12952146375791698,0.8650598170302604,0.32735056373730076,0.04565067955829888,0.0410509031198687,0.08470979724062078,0.9061107201501291,0.13036047679891966,0.10180623973727422,0.4032258064516129,1.0,0.10180623973727422,1736,0.10453120919300074,0.8954687908069993,0.10453120919300074
cal500,MLC_PA_SVM,0.35,4,Operating Point,,0.047249556014572903,740,,0.906896551724138,3.2126710380550314,0.2991107518189167,2474,0.12749589490968802,0.8645867542419267,0.3037759836952108,0.03991639762110667,0.04050355774493708,0.08912918558877912,0.9050903119868637,0.1290455832098858,0.09310344827586207,0.4350382128159906,1.0,0.09310344827586207,1701,0.104653268151367,0.895346731848633,0.104653268151367
cal500,MLC_PA_SVM,0.35,5,Operating Point,,0.04911516461414377,678,,0.9043725559900462,3.044231373932364,0.2911120652640618,2329,0.131289252281076,0.862009716791089,0.31309115844535257,0.04664271762074257,0.0401706363313189,0.0865394296617786,0.9021803531224079,0.13318214728252117,0.09562744400995378,0.4200743494423792,1.0,0.09562744400995378,1614,0.10816299790356398,0.891837002096436,0.10816299790356398
cal500,MLC_PA_SVM,0.40,1,Operating Point,,0.04814226339158857,475,,0.9360987822920223,3.097228406055209,0.19791666666666666,2400,0.13509730283373164,0.8634346193240013,0.3253219313502743,0.04498803982684317,0.02702856492545813,0.049238050361014044,0.8904631842494595,0.09422609018785721,0.0639012177079777,0.42297417631344614,1.0,0.0639012177079777,1123,0.11701416327274938,0.8829858367272506,0.11701416327274938
cal500,MLC_PA_SVM,0.40,2,Operating Point,,0.04899568437359694,467,,0.9435529759872539,3.406028798523221,0.192260189378345,2429,0.13422100830772732,0.8617844543074997,0.3199795934573434,0.04614124728785616,0.02657334698987135,0.04799002202968735,0.8883578012973711,0.09413126931754351,0.0564470240127461,0.47076612903225806,1.0,0.0564470240127461,992,0.11832107104088774,0.8816789289591123,0.11832107104088774
cal500,MLC_PA_SVM,0.40,3,Operating Point,,0.04835035982119657,443,,0.942000938306357,3.3194500654527044,0.19252498913515861,2301,0.13216045038705138,0.8650598170302604,0.32735056373730076,0.04565067955829888,0.02597935726014544,0.04735667193141456,0.8910391742904058,0.09300735148971344,0.057999061693642974,0.44792719919110213,1.0,0.057999061693642974,989,0.11566955114237687,0.8843304488576231,0.11566955114237687
cal500,MLC_PA_SVM,0.40,4,Operating Point,,0.047249556014572903,459,,0.945320197044335,3.3930171076492823,0.18552950687146322,2474,0.13216201423097973,0.8645867542419267,0.3037759836952108,0.03991639762110667,0.02512315270935961,0.048577793734708774,0.8897099069512863,0.08849419135581545,0.054679802955665026,0.4594594594594595,1.0,0.054679802955665026,999,0.11666956169301135,0.8833304383069887,0.11666956169301135
cal500,MLC_PA_SVM,0.40,5,Operating Point,,0.04911516461414377,457,,0.9383813248015168,3.1844494170492452,0.19622155431515673,2329,0.1355610854366631,0.862009716791089,0.31309115844535257,0.04664271762074257,0.0270766678516412,0.051577423494074515,0.8890863846427302,0.09822014111481708,0.061618675198483235,0.4394230769230769,1.0,0.061618675198483235,1040,0.11819674201288044,0.8818032579871196,0.11819674201288044
cal500,MLC_PA_SVM,0.50,1,Operating Point,,0.04814226339158857,0,,1.0,,0.0,2400,0.13656538067599863,0.8634346193240013,0.3253219313502743,0.04498803982684317,0.0,0.0,0.8634346193240013,0.04498803982684317,0.0,,0.0,0.0,0,0.13656538067599866,0.8634346193240013,0.13656538067599866
cal500,MLC_PA_SVM,0.50,2,Operating Point,,0.04899568437359694,0,,1.0,,0.0,2429,0.13821554569250027,0.8617844543074997,0.3199795934573434,0.04614124728785616,0.0,0.0,0.8617844543074997,0.04614124728785616,0.0,,0.0,0.0,0,0.13821554569250027,0.8617844543074997,0.13821554569250027
cal500,MLC_PA_SVM,0.50,3,Operating Point,,0.04835035982119657,0,,1.0,,0.0,2301,0.1349401829697396,0.8650598170302604,0.32735056373730076,0.04565067955829888,0.0,0.0,0.8650598170302604,0.04565067955829888,0.0,,0.0,0.0,0,0.13494018296973964,0.8650598170302604,0.13494018296973964
cal500,MLC_PA_SVM,0.50,4,Operating Point,,0.047249556014572903,0,,1.0,,0.0,2474,0.13541324575807334,0.8645867542419267,0.3037759836952108,0.03991639762110667,0.0,0.0,0.8645867542419267,0.03991639762110667,0.0,,0.0,0.0,0,0.13541324575807334,0.8645867542419267,0.13541324575807334
cal500,MLC_PA_SVM,0.50,5,Operating Point,,0.04911516461414377,0,,1.0,,0.0,2329,0.13799028320891102,0.862009716791089,0.31309115844535257,0.04664271762074257,0.0,0.0,0.862009716791089,0.04664271762074257,0.0,,0.0,0.0,0,0.13799028320891105,0.862009716791089,0.13799028320891105
cal500,GSI_MLC_PA_SVM,0.20,1,Operating Point,,0.05401743956201696,1840,,0.4190850119494708,1.2991866222367612,0.7547169811320755,2438,0.17291453283259364,0.8612723341299647,0.3319247302330899,0.048144248104101575,0.08199613064754752,0.6169708988277259,0.9432684647775122,0.6651151469318275,0.5809149880505292,0.18023312763248114,1.0,0.5809149880505292,10209,0.13536999321113374,0.8646300067888663,0.13536999321113374
cal500,GSI_MLC_PA_SVM,0.20,2,Operating Point,,0.05545788449330181,1895,,0.45180380106976215,1.4266576853147097,0.7820883202641353,2423,0.15823375440992374,0.8621258677591896,0.3371551095979246,0.056223410718688575,0.08927961761693415,0.5922997086572824,0.9514054853761238,0.648523119375971,0.5481961989302379,0.19669919036744862,1.0,0.5481961989302379,9634,0.10755667506297228,0.8924433249370277,0.10755667506297228
cal500,GSI_MLC_PA_SVM,0.20,3,Operating Point,,0.053819267893973434,1844,,0.4015364766596294,1.3150762756575978,0.7870251813913786,2343,0.16701853155055127,0.8625967628430683,0.33540037655804555,0.049520735258942246,0.0900774102744546,0.6321307509144126,0.9526741731175229,0.6816514861733549,0.5984635233403707,0.18069573738363548,1.0,0.5984635233403707,10205,0.11786183730100774,0.8821381626989923,0.11786183730100774
cal500,GSI_MLC_PA_SVM,0.20,4,Operating Point,,0.050614658019333125,1920,,0.4529830322933771,1.4011760349622948,0.7664670658682635,2505,0.15324575807334426,0.8628899835796388,0.3240322744939079,0.04935068350092257,0.09326765188834152,0.57665738776088,0.9561576354679803,0.6260080712618026,0.5470169677066229,0.1921152691614969,1.0,0.5470169677066229,9994,0.09678588690188494,0.9032141130981151,0.09678588690188494
cal500,GSI_MLC_PA_SVM,0.20,5,Operating Point,,0.05549903772632599,1722,,0.4228581585495912,1.2653386841327796,0.7302798982188295,2358,0.16863372437492596,0.8602915037326697,0.3186789201744713,0.05108765849777103,0.08650314018248606,0.6175894664514208,0.9467946439151558,0.6686771249491917,0.5771418414504088,0.176778564829073,1.0,0.5771418414504088,9741,0.12582317500350282,0.8741768249964972,0.12582317500350282
cal500,GSI_MLC_PA_SVM,0.25,1,Operating Point,,0.05401743956201696,1840,,0.4190850119494708,1.2991866222367612,0.7547169811320755,2438,0.20196028223512005,0.8612723341299647,0.3319247302330899,0.048144248104101575,0.08199613064754752,0.6169708988277259,0.9432684647775122,0.6651151469318275,0.5809149880505292,0.18023312763248114,1.0,0.5809149880505292,10209,0.13536999321113374,0.8646300067888663,0.13536999321113374
cal500,GSI_MLC_PA_SVM,0.25,2,Operating Point,,0.05545788449330181,1895,,0.45180380106976215,1.4266576853147097,0.7820883202641353,2423,0.18564356435643564,0.8621258677591896,0.3371551095979246,0.056223410718688575,0.08927961761693415,0.5922997086572824,0.9514054853761238,0.648523119375971,0.5481961989302379,0.19669919036744862,1.0,0.5481961989302379,9634,0.10755667506297228,0.8924433249370277,0.10755667506297228
cal500,GSI_MLC_PA_SVM,0.25,3,Operating Point,,0.053819267893973434,1844,,0.4015364766596294,1.3150762756575978,0.7870251813913786,2343,0.19694170771756978,0.8625967628430683,0.33540037655804555,0.049520735258942246,0.0900774102744546,0.6321307509144126,0.9526741731175229,0.6816514861733549,0.5984635233403707,0.18069573738363548,1.0,0.5984635233403707,10205,0.11786183730100774,0.8821381626989923,0.11786183730100774
cal500,GSI_MLC_PA_SVM,0.25,4,Operating Point,,0.050614658019333125,1920,,0.4529830322933771,1.4011760349622948,0.7664670658682635,2505,0.18059660645867542,0.8628899835796388,0.3240322744939079,0.04935068350092257,0.09326765188834152,0.57665738776088,0.9561576354679803,0.6260080712618026,0.5470169677066229,0.1921152691614969,1.0,0.5470169677066229,9994,0.09678588690188494,0.9032141130981151,0.09678588690188494
cal500,GSI_MLC_PA_SVM,0.25,5,Operating Point,,0.05549903772632599,1722,,0.4228581585495912,1.2653386841327796,0.7302798982188295,2358,0.19749081644744637,0.8602915037326697,0.3186789201744713,0.05108765849777103,0.08650314018248606,0.6175894664514208,0.9467946439151558,0.6686771249491917,0.5771418414504088,0.176778564829073,1.0,0.5771418414504088,9741,0.12582317500350282,0.8741768249964972,0.12582317500350282
cal500,GSI_MLC_PA_SVM,0.30,1,Operating Point,,0.05401743956201696,1840,,0.4190850119494708,1.2991866222367612,0.7547169811320755,2438,0.23100603163764646,0.8612723341299647,0.3319247302330899,0.048144248104101575,0.08199613064754752,0.6169708988277259,0.9432684647775122,0.6651151469318275,0.5809149880505292,0.18023312763248114,1.0,0.5809149880505292,10209,0.13536999321113374,0.8646300067888663,0.13536999321113374
cal500,GSI_MLC_PA_SVM,0.30,2,Operating Point,,0.05545788449330181,1895,,0.45180380106976215,1.4266576853147097,0.7820883202641353,2423,0.21305337430294752,0.8621258677591896,0.3371551095979246,0.056223410718688575,0.08927961761693415,0.5922997086572824,0.9514054853761238,0.648523119375971,0.5481961989302379,0.19669919036744862,1.0,0.5481961989302379,9634,0.10755667506297228,0.8924433249370277,0.10755667506297228
cal500,GSI_MLC_PA_SVM,0.30,3,Operating Point,,0.053819267893973434,1844,,0.4015364766596294,1.3150762756575978,0.7870251813913786,2343,0.22686488388458828,0.8625967628430683,0.33540037655804555,0.049520735258942246,0.0900774102744546,0.6321307509144126,0.9526741731175229,0.6816514861733549,0.5984635233403707,0.18069573738363548,1.0,0.5984635233403707,10205,0.11786183730100774,0.8821381626989923,0.11786183730100774
cal500,GSI_MLC_PA_SVM,0.30,4,Operating Point,,0.050614658019333125,1920,,0.4529830322933771,1.4011760349622948,0.7664670658682635,2505,0.20794745484400656,0.8628899835796388,0.3240322744939079,0.04935068350092257,0.09326765188834152,0.57665738776088,0.9561576354679803,0.6260080712618026,0.5470169677066229,0.1921152691614969,1.0,0.5470169677066229,9994,0.09678588690188494,0.9032141130981151,0.09678588690188494
cal500,GSI_MLC_PA_SVM,0.30,5,Operating Point,,0.05549903772632599,1722,,0.4228581585495912,1.2653386841327796,0.7302798982188295,2358,0.2263479085199668,0.8602915037326697,0.3186789201744713,0.05108765849777103,0.08650314018248606,0.6175894664514208,0.9467946439151558,0.6686771249491917,0.5771418414504088,0.176778564829073,1.0,0.5771418414504088,9741,0.12582317500350282,0.8741768249964972,0.12582317500350282
cal500,GSI_MLC_PA_SVM,0.35,1,Operating Point,,0.05401743956201696,1718,,0.46392397860475704,1.3145075246432074,0.70467596390484,2438,0.2829947649937407,0.8612723341299647,0.3319247302330899,0.048144248104101575,0.04335950836462954,0.5832019368923707,0.9046318424945943,0.6313461849964722,0.536076021395243,0.18235856066235007,1.0,0.536076021395243,9421,0.2055685023917576,0.7944314976082424,0.2055685023917576
cal500,GSI_MLC_PA_SVM,0.35,2,Operating Point,,0.05545788449330181,1637,,0.5012518493228634,1.3546090317665442,0.6756087494841106,2423,0.25758222373961526,0.8621258677591896,0.3371551095979246,0.056223410718688575,0.054853761238192855,0.5649290401931265,0.9169796289973825,0.621152450911815,0.4987481506771367,0.1867655447803765,1.0,0.4987481506771367,8765,0.16562606425246906,0.8343739357475309,0.16562606425246906
cal500,GSI_MLC_PA_SVM,0.35,3,Operating Point,,0.053819267893973434,1690,,0.4458714520290875,1.3016789777427689,0.7212974818608622,2343,0.2749325592305888,0.8625967628430683,0.33540037655804555,0.049520735258942246,0.0564156697161623,0.6031484003420251,0.9190124325592306,0.6526691356009674,0.5541285479709125,0.1788549052809821,1.0,0.5541285479709125,9449,0.18163882677890308,0.8183611732210969,0.18163882677890308
cal500,GSI_MLC_PA_SVM,0.35,4,Operating Point,,0.050614658019333125,1739,,0.4862068965517241,1.3511500488954975,0.6942115768463074,2505,0.24698686371100162,0.8628899835796388,0.3240322744939079,0.04935068350092257,0.06995073891625614,0.5582373392070943,0.9328407224958949,0.6075880227080168,0.5137931034482759,0.18525620539043358,1.0,0.5137931034482759,9387,0.13812901046943604,0.861870989530564,0.13812901046943604
cal500,GSI_MLC_PA_SVM,0.35,5,Operating Point,,0.05549903772632599,1573,,0.4840620926650077,1.292967129170217,0.6670907548770144,2358,0.28758146699845955,0.8602915037326697,0.3186789201744713,0.05108765849777103,0.032705296836118114,0.5689976190573105,0.8929968005687878,0.6200852775550816,0.5159379073349923,0.18063849333945797,1.0,0.5159379073349923,8708,0.2210526315789474,0.7789473684210526,0.2210526315789474
cal500,GSI_MLC_PA_SVM,0.40,1,Operating Point,,0.05401743956201696,911,,0.6587572550358484,1.0950179765846828,0.37366694011484825,2438,0.3802094002503698,0.8612723341299647,0.3319247302330899,0.048144248104101575,-0.10498463639467392,0.46646312760731445,0.7562876977352908,0.514607375711416,0.3412427449641516,0.151909287977322,1.0,0.3412427449641516,5997,0.36995767469983587,0.6300423253001641,0.36995767469983587
cal500,GSI_MLC_PA_SVM,0.40,2,Operating Point,,0.05545788449330181,774,,0.7046204620462047,1.0814517300451678,0.3194387123400743,2423,0.36681461249573233,0.8621258677591896,0.3371551095979246,0.056223410718688575,-0.11078866507340379,0.4336859773996075,0.7513372026857859,0.4899093881182961,0.2953795379537954,0.1491042188403005,1.0,0.2953795379537954,5191,0.3529031737058871,0.6470968262941129,0.3529031737058871
cal500,GSI_MLC_PA_SVM,0.40,3,Operating Point,,0.053819267893973434,704,,0.6673117522871217,0.903156290111549,0.3004694835680751,2343,0.3863007271874267,0.8625967628430683,0.33540037655804555,0.049520735258942246,-0.11582219094534374,0.46827803258135464,0.7467745718977246,0.5177987678402969,0.33268824771287825,0.1240965979199718,1.0,0.33268824771287825,5673,0.37947095526847696,0.620529044731523,0.37947095526847696
cal500,GSI_MLC_PA_SVM,0.40,4,Operating Point,,0.050614658019333125,751,,0.6888341543513957,0.9634746338457648,0.2998003992015968,2505,0.34488232074438974,0.8628899835796388,0.3240322744939079,0.04935068350092257,-0.08330596606458673,0.4442815851935641,0.779584017515052,0.4936322686944867,0.3111658456486043,0.13210202286719436,1.0,0.3111658456486043,5685,0.31998410806515687,0.6800158919348431,0.31998410806515687
cal500,GSI_MLC_PA_SVM,0.40,5,Operating Point,,0.05549903772632599,963,,0.6241260812892523,1.0865264287708287,0.4083969465648855,2358,0.36838487972508593,0.8602915037326697,0.3186789201744713,0.05108765849777103,-0.07832681597345648,0.488257592134514,0.7819646877592132,0.539345250632285,0.3758739187107477,0.151796973518285,1.0,0.3758739187107477,6344,0.3493449781659388,0.6506550218340612,0.3493449781659388
cal500,GSI_MLC_PA_SVM,0.50,1,Operating Point,,0.05401743956201696,240,,0.8434050301581882,0.6286367018333747,0.09844134536505332,2438,0.5003983156936384,0.8612723341299647,0.3319247302330899,0.048144248104101575,-0.28337316490269726,0.33990300978522325,0.5778991692272675,0.3880472578893248,0.15659496984181176,0.0872093023255814,1.0,0.15659496984181176,2752,0.5004722709485899,0.4995277290514101,0.5004722709485899
cal500,GSI_MLC_PA_SVM,0.50,2,Operating Point,,0.05545788449330181,278,,0.8301468077842267,0.6754880469205292,0.11473380107304994,2423,0.451263229771253,0.8621258677591896,0.3371551095979246,0.056223410718688575,-0.22846250142255597,0.3523163361111291,0.6336633663366337,0.4085397468298177,0.1698531922157733,0.09313232830820771,1.0,0.1698531922157733,2985,0.44129138391939127,0.5587086160806087,0.44129138391939127
cal500,GSI_MLC_PA_SVM,0.50,3,Operating Point,,0.053819267893973434,172,,0.8657049026507154,0.5466331933642345,0.07341015791720017,2343,0.5304363124560169,0.8625967628430683,0.33540037655804555,0.049520735258942246,-0.3258855266244429,0.30901919145788703,0.5367112362186254,0.35853992671682927,0.13429509734928455,0.07510917030567686,1.0,0.13429509734928455,2290,0.5351578376913697,0.4648421623086303,0.5351578376913697
cal500,GSI_MLC_PA_SVM,0.50,4,Operating Point,,0.050614658019333125,196,,0.8599890530925014,0.5588385387161564,0.0782435129740519,2505,0.4714285714285714,0.8628899835796388,0.3240322744939079,0.04935068350092257,-0.26431308155446087,0.3085303738996786,0.5985769020251779,0.35788105740060117,0.14001094690749863,0.0766223612197029,1.0,0.14001094690749863,2558,0.4667769857433808,0.5332230142566192,0.4667769857433808
cal500,GSI_MLC_PA_SVM,0.50,5,Operating Point,,0.05549903772632599,340,,0.8111743097523403,0.7636142694837728,0.1441899915182358,2358,0.4929197772247897,0.8602915037326697,0.3186789201744713,0.05108765849777103,-0.2587984358336295,0.3614643759157884,0.6014930678990402,0.4125520344135594,0.1888256902476597,0.10668340131785378,1.0,0.1888256902476597,3187,0.4912716383025345,0.5087283616974655,0.4912716383025345
reuters-k500,MLC_PA_Logistic,0.20,1,Operating Point,,0.0007064323653546826,514,,0.989936457762152,35.32189151328156,0.355463347164592,1446,0.009528110182885527,0.9883398380801858,0.2902982123081791,0.15825226973422593,0.004144760184498275,0.18414496995103338,0.992484598264684,0.3423972396852593,0.01006354223784795,0.41185897435897434,0.6112956810631229,0.01006354223784795,1248,0.007591802156984184,0.9924081978430158,0.007591802156984184
reuters-k500,MLC_PA_Logistic,0.20,2,Operating Point,,0.0007706515313609158,483,,0.9901784635217339,34.63214190805209,0.3401408450704225,1420,0.009513757402409055,0.9885589977037424,0.2963077125732727,0.17094518006178025,0.003891552189501768,0.14767819438121446,0.9924505498932442,0.3186233744429947,0.009821536478266123,0.39622641509433965,0.6381742738589211,0.009821536478266123,1219,0.0076243327691706275,0.9923756672308294,0.0076243327691706275
reuters-k500,MLC_PA_Logistic,0.20,3,Operating Point,,0.0007371355112617653,465,,0.9904453690861458,34.41831683168317,0.32885431400282883,1414,0.009608162801826572,0.9885311985465282,0.29576918486692916,0.15879843757717244,0.003771564834416097,0.13121659845629507,0.9923027633809443,0.2900150360334675,0.009554630913854214,0.39473684210526316,0.6115288220551378,0.009554630913854214,1178,0.007771490340913734,0.9922285096590863,0.007771490340913734
reuters-k500,MLC_PA_Logistic,0.20,4,Operating Point,,0.0007514498184252921,473,,0.9902750943792794,35.16847733642514,0.3420101229211858,1383,0.00930131039667591,0.9888199962814159,0.3145612782998295,0.17774451360737403,0.00382367444605225,0.1285170575054046,0.9926436707274682,0.30626157111277863,0.009724905620720597,0.3931837073981712,0.6286427976686095,0.009724905620720597,1203,0.007428571428571451,0.9925714285714285,0.007428571428571451
reuters-k500,MLC_PA_Logistic,0.20,5,Operating Point,,0.0007319685605801014,466,,0.9902342955264936,33.84256146572103,0.3304964539007092,1410,0.009635495080526371,0.9885252972436299,0.3069392887079392,0.16105511992647042,0.003792348570545001,0.1680521789152894,0.9923176458141749,0.3291072988417598,0.009765704473506458,0.3883333333333333,0.6286672254819782,0.009765704473506458,1200,0.007758117670263576,0.9922418823297364,0.007758117670263576
reuters-k500,MLC_PA_Logistic,0.25,1,Operating Point,,0.0007064323653546826,402,,0.9926216817727317,37.67908759041335,0.27800829875518673,1446,0.010263119698093733,0.9883398380801858,0.2902982123081791,0.15825226973422593,0.0032416217785375956,0.1367308261810666,0.9915814598587234,0.29498309591529254,0.007378318227268329,0.43934426229508194,0.5,0.007378318227268329,915,0.008481116517867981,0.991518883482132,0.008481116517867981
reuters-k500,MLC_PA_Logistic,0.25,2,Operating Point,,0.0007706515313609158,396,,0.9925794625951738,37.58127265219984,0.27887323943661974,1420,0.010105547274704911,0.9885589977037424,0.2963077125732727,0.17094518006178025,0.0031905893727591783,0.09862124785958468,0.9917495870765016,0.2695664279213649,0.00742053740482617,0.42996742671009774,0.5311203319502075,0.00742053740482617,921,0.00831209312141823,0.9916879068785818,0.00831209312141823
reuters-k500,MLC_PA_Logistic,0.25,3,Operating Point,,0.0007371355112617653,382,,0.9926758644183273,36.885661655866585,0.27015558698727016,1414,0.010201474560186875,0.9885311985465282,0.29576918486692916,0.15879843757717244,0.0030983607887031805,0.1043348638549928,0.9916295593352313,0.26313330143216523,0.007324135581672628,0.4230343300110742,0.5054302422723476,0.007324135581672628,903,0.008432199235219096,0.9915678007647809,0.008432199235219096
reuters-k500,MLC_PA_Logistic,0.25,4,Operating Point,,0.0007514498184252921,386,,0.9925224125526463,37.32532723612984,0.27910339840925524,1383,0.009929023548337551,0.9888199962814159,0.3145612782998295,0.17774451360737403,0.003120377032085009,0.10308210502080023,0.9919403733135009,0.28082661862817426,0.0074775874473537425,0.4172972972972973,0.5287260616153205,0.0074775874473537425,925,0.008120347293489094,0.9918796527065109,0.008120347293489094
reuters-k500,MLC_PA_Logistic,0.25,5,Operating Point,,0.0007319685605801014,375,,0.9928140691249115,37.01085516011662,0.26595744680851063,1410,0.010219402827171445,0.9885252972436299,0.3069392887079392,0.16105511992647042,0.003051782647970791,0.12868980002669433,0.9915770798916007,0.28974491995316476,0.007185930875088502,0.4246885617214043,0.5222129086336965,0.007185930875088502,883,0.008483884717531698,0.9915161152824683,0.008483884717531698
reuters-k500,MLC_PA_Logistic,0.30,1,Operating Point,,0.0007064323653546826,303,,0.9946456794503757,39.135417187421886,0.2095435684647303,1446,0.01082314614714705,0.9883398380801858,0.2902982123081791,0.15825226973422593,0.0024433119375544265,0.10509460401045648,0.9907831500177402,0.2633468737446824,0.00535432054962423,0.4563253012048193,0.40365448504983387,0.00535432054962423,664,0.009266465609495067,0.9907335343905049,0.009266465609495067
reuters-k500,MLC_PA_Logistic,0.30,2,Operating Point,,0.0007706515313609158,314,,0.9944970390363775,40.18323263151383,0.2211267605633803,1420,0.010561978809974622,0.9885589977037424,0.2963077125732727,0.17094518006178025,0.002529911775369653,0.07418423199466839,0.9910889094791121,0.24512941205644864,0.005502960963622447,0.45973645680819913,0.4307053941908714,0.005502960963622447,683,0.008960399248169049,0.991039600751831,0.008960399248169049
reuters-k500,MLC_PA_Logistic,0.30,3,Operating Point,,0.0007371355112617653,281,,0.9946792547712323,37.349470236657815,0.19872701555869873,1414,0.01078586433721845,0.9885311985465282,0.29576918486692916,0.15879843757717244,0.002279160684883763,0.08124201365150621,0.9908103592314119,0.24004045122867865,0.005320745228767712,0.42835365853658536,0.39515455304928987,0.005320745228767712,656,0.009238798059281628,0.9907612019407184,0.009238798059281628
reuters-k500,MLC_PA_Logistic,0.30,4,Operating Point,,0.0007514498184252921,280,,0.9945191304980477,36.939106768450436,0.2024584237165582,1383,0.010560778639159923,0.9888199962814159,0.3145612782998295,0.17774451360737403,0.002263485930009801,0.0713141334620552,0.9910834822114257,0.24905864706942923,0.005480869501952257,0.41297935103244837,0.42714404662781014,0.005480869501952257,678,0.008965657386710069,0.9910343426132899,0.008965657386710069
reuters-k500,MLC_PA_Logistic,0.30,5,Operating Point,,0.0007319685605801014,283,,0.9947916242807966,38.53585660460993,0.20070921985815604,1410,0.010734136833795848,0.9885252972436299,0.3069392887079392,0.16105511992647042,0.002303078638335232,0.08798820548952421,0.9908283758819652,0.24904332541599464,0.005208375719203444,0.4421875,0.4090528080469405,0.005208375719203444,640,0.009219643485303353,0.9907803565146966,0.009219643485303353
reuters-k500,MLC_PA_Logistic,0.35,1,Operating Point,,0.0007064323653546826,225,,0.9962503628681095,41.49779146031321,0.15560165975103735,1446,0.011158194368286939,0.9883398380801858,0.2902982123081791,0.15825226973422593,0.0018143405476889196,0.06942648814380495,0.9901541786278747,0.22767875787803088,0.003749637131890462,0.4838709677419355,0.3181063122923588,0.003749637131890462,465,0.00988287858062109,0.9901171214193789,0.00988287858062109
reuters-k500,MLC_PA_Logistic,0.35,2,Operating Point,,0.0007706515313609158,238,,0.9960842766788865,42.803237118182345,0.1676056338028169,1420,0.0108939290174435,0.9885589977037424,0.2963077125732727,0.17094518006178025,0.0019175764412037166,0.05594902324386661,0.9904765741449462,0.22689420330564686,0.003915723321113483,0.4897119341563786,0.3360995850622407,0.003915723321113483,486,0.009560863551432153,0.9904391364485678,0.009560863551432153
reuters-k500,MLC_PA_Logistic,0.35,3,Operating Point,,0.0007371355112617653,194,,0.9963095440867541,37.17682515504298,0.1371994342291372,1414,0.011186947952405286,0.9885311985465282,0.29576918486692916,0.15879843757717244,0.0015735130707026368,0.05576470436421893,0.9901047116172308,0.21456314194139137,0.0036904559132458978,0.42637362637362636,0.29741019214703424,0.0036904559132458978,455,0.00993194177602652,0.9900680582239735,0.00993194177602652
reuters-k500,MLC_PA_Logistic,0.35,4,Operating Point,,0.0007514498184252921,212,,0.9960308157441614,38.62001345992139,0.15328994938539406,1383,0.010855436003977268,0.9888199962814159,0.3145612782998295,0.17774451360737403,0.0017137822041503048,0.05625755811204783,0.9905337784855662,0.23400207171942186,0.003969184255838581,0.4317718940936864,0.32972522897585343,0.003969184255838581,491,0.009503944420998,0.990496055579002,0.009503944420998
reuters-k500,MLC_PA_Logistic,0.35,5,Operating Point,,0.0007319685605801014,203,,0.9962564799518225,38.45889145852606,0.14397163120567377,1410,0.011132903099797361,0.9885252972436299,0.3069392887079392,0.16105511992647042,0.0016520316734348617,0.05479705543855537,0.9901773289170648,0.2158521753650258,0.003743520048177475,0.44130434782608696,0.31517183570829843,0.003743520048177475,460,0.009859580620655284,0.9901404193793447,0.009859580620655284
reuters-k500,MLC_PA_Logistic,0.40,1,Operating Point,,0.0007064323653546826,142,,0.9976453891558882,41.70622785577597,0.09820193637621023,1446,0.011456955778473051,0.9883398380801858,0.2902982123081791,0.15825226973422593,0.0011450504789859428,0.044187860301460324,0.9894848885591717,0.20244013003568626,0.0023546108441118603,0.4863013698630137,0.21760797342192692,0.0023546108441118603,292,0.010539928871645676,0.9894600711283543,0.010539928871645676
reuters-k500,MLC_PA_Logistic,0.40,2,Operating Point,,0.0007706515313609158,148,,0.9976473431897837,44.3011286899479,0.10422535211267606,1420,0.011189622527494664,0.9885589977037424,0.2963077125732727,0.17094518006178025,0.0011924424928494437,0.0370757625504749,0.9897514401965919,0.20802094261225515,0.002352656810216332,0.5068493150684932,0.22655601659751037,0.002352656810216332,292,0.010272728006913145,0.9897272719930869,0.010272728006913145
reuters-k500,MLC_PA_Logistic,0.40,3,Operating Point,,0.0007371355112617653,127,,0.997615397717595,37.6650333400687,0.08981612446958982,1414,0.011392559067571844,0.9885311985465282,0.29576918486692916,0.15879843757717244,0.0010300832988620057,0.03885648927414248,0.9895612818453902,0.19765492685131492,0.0023846022824050416,0.43197278911564624,0.20551378446115287,0.0023846022824050416,294,0.010463669845605983,0.989536330154394,0.010463669845605983
reuters-k500,MLC_PA_Logistic,0.40,4,Operating Point,,0.0007514498184252921,144,,0.9975101654769892,41.818632560498074,0.10412147505422993,1383,0.011011859049497587,0.9888199962814159,0.3145612782998295,0.17774451360737403,0.0011640784782908087,0.039550404220506125,0.9899840747597067,0.21729491782788016,0.0024898345230107595,0.4675324675324675,0.2248126561199001,0.0024898345230107595,308,0.010040925483204344,0.9899590745167957,0.010040925483204344
reuters-k500,MLC_PA_Logistic,0.40,5,Operating Point,,0.0007319685605801014,121,,0.997737611796971,37.93142252155722,0.08581560283687943,1410,0.011394949503169785,0.9885252972436299,0.3069392887079392,0.16105511992647042,0.0009847085344119044,0.03868275566083512,0.9895100057780418,0.19973787558730555,0.002262388203028996,0.4352517985611511,0.20117351215423301,0.002262388203028996,278,0.010513780474873724,0.9894862195251263,0.010513780474873724
reuters-k500,MLC_PA_Logistic,0.50,1,Operating Point,,0.0007064323653546826,0,,1.0,,0.0,1446,0.011660161919814211,0.9883398380801858,0.2902982123081791,0.15825226973422593,0.0,0.0,0.9883398380801858,0.15825226973422593,0.0,,0.0,0.0,0,0.011660161919814227,0.9883398380801858,0.011660161919814227
reuters-k500,MLC_PA_Logistic,0.50,2,Operating Point,,0.0007706515313609158,0,,1.0,,0.0,1420,0.011441002296257503,0.9885589977037424,0.2963077125732727,0.17094518006178025,0.0,0.0,0.9885589977037424,0.17094518006178025,0.0,,0.0,0.0,0,0.011441002296257552,0.9885589977037424,0.011441002296257552
reuters-k500,MLC_PA_Logistic,0.50,3,Operating Point,,0.0007371355112617653,0,,1.0,,0.0,1414,0.011468801453471867,0.9885311985465282,0.29576918486692916,0.15879843757717244,0.0,0.0,0.9885311985465282,0.15879843757717244,0.0,,0.0,0.0,0,0.011468801453471844,0.9885311985465282,0.011468801453471844
reuters-k500,MLC_PA_Logistic,0.50,4,Operating Point,,0.0007514498184252921,0,,1.0,,0.0,1383,0.011180003718584028,0.9888199962814159,0.3145612782998295,0.17774451360737403,0.0,0.0,0.9888199962814159,0.17774451360737403,0.0,,0.0,0.0,0,0.011180003718584075,0.9888199962814159,0.011180003718584075
reuters-k500,MLC_PA_Logistic,0.50,5,Operating Point,,0.0007319685605801014,0,,1.0,,0.0,1410,0.011474702756370088,0.9885252972436299,0.3069392887079392,0.16105511992647042,0.0,0.0,0.9885252972436299,0.16105511992647042,0.0,,0.0,0.0,0,0.011474702756370081,0.9885252972436299,0.011474702756370081
reuters-k500,MLC_PA_MLP,0.20,1,Operating Point,,0.0022040305665137986,229,,0.9952827145760088,29.20870540076316,0.13778580024067388,1662,0.012498790439634875,0.9865980711544045,0.0812015503875969,0.022437548666596183,0.00184659549075894,0.04660876618109555,0.9884446666451634,0.06904631484769173,0.0047172854239912266,0.39145299145299145,0.3687707641196013,0.0047172854239912266,585,0.011610101517496196,0.9883898984825038,0.011610101517496196
reuters-k500,MLC_PA_MLP,0.20,2,Operating Point,,0.002288260802825785,252,,0.9955363976956855,33.24890612442755,0.14840989399293286,1698,0.012543205897756112,0.9863191395077147,0.057731673582295986,0.015519442154878504,0.002030375055392164,0.053601864302288305,0.9883495145631068,0.06912130645716681,0.004463602304314547,0.4548736462093863,0.35352697095435687,0.004463602304314547,554,0.011702721732585575,0.9882972782674144,0.011702721732585575
reuters-k500,MLC_PA_MLP,0.20,3,Operating Point,,0.002224761184282944,255,,0.9953037934642431,32.072737789557124,0.15062020082693445,1693,0.012602704171431816,0.9862682596458785,0.065942634363687,0.017616814830714485,0.002068277489841064,0.05704552635951566,0.9883365371357196,0.07466234119023014,0.004696206535756868,0.44041450777202074,0.37009189640768586,0.004696206535756868,579,0.011718495338679191,0.9882815046613208,0.011718495338679191
reuters-k500,MLC_PA_MLP,0.20,4,Operating Point,,0.0022288139487597358,262,,0.995254763425301,32.63195275089509,0.15484633569739953,1692,0.012508993314632627,0.9863220778800837,0.06952539550374688,0.01809228160864491,0.0021179761202234637,0.05211377576497345,0.9884400540003072,0.07020605737361836,0.004745236574699077,0.4463373083475298,0.37801831806827646,0.004745236574699077,587,0.011615062217745886,0.9883849377822541,0.011615062217745886
reuters-k500,MLC_PA_MLP,0.20,5,Operating Point,,0.0022755417093346386,233,,0.9950845954150017,28.14845507385443,0.13836104513064132,1684,0.012791445242881207,0.9862954613888459,0.07792679519418831,0.021575079343697536,0.001896174285272556,0.044366781351539195,0.9881916356741185,0.06594186069523673,0.00491540458499825,0.38576158940397354,0.38139145012573344,0.00491540458499825,604,0.011866693927622185,0.9881333060723778,0.011866693927622185
reuters-k500,MLC_PA_MLP,0.25,1,Operating Point,,0.0022040305665137986,146,,0.9971535012740702,30.861060260514144,0.08784596871239471,1662,0.012936248105022094,0.9865980711544045,0.0812015503875969,0.022437548666596183,0.001177305422055852,0.028813382287463794,0.9877753765764603,0.05125093095405998,0.002846498725929749,0.41359773371104813,0.24335548172757476,0.002846498725929749,353,0.012259520131975843,0.9877404798680242,0.012259520131975843
reuters-k500,MLC_PA_MLP,0.25,2,Operating Point,,0.002288260802825785,179,,0.9970108367240059,35.2667717530375,0.10541813898704358,1698,0.012985940458445797,0.9863191395077147,0.057731673582295986,0.015519442154878504,0.0014422108528380218,0.03541459367604392,0.9877613503605527,0.05093403583092243,0.002989163275994038,0.48247978436657685,0.2572614107883817,0.002989163275994038,371,0.012275342642875664,0.9877246573571243,0.012275342642875664
reuters-k500,MLC_PA_MLP,0.25,3,Operating Point,,0.002224761184282944,174,,0.9970070808088182,34.33976344488784,0.10277613703484938,1693,0.013068674923554843,0.9862682596458785,0.065942634363687,0.017616814830714485,0.0014112952283621416,0.03802820939645681,0.9876795548742406,0.0556450242271713,0.0029929191911818383,0.4715447154471545,0.25647451963241436,0.0029929191911818383,369,0.012357429914905405,0.9876425700850946,0.012357429914905405
reuters-k500,MLC_PA_MLP,0.25,4,Operating Point,,0.0022288139487597358,176,,0.9969685456294511,34.31320409771473,0.10401891252955082,1692,0.013013023127975878,0.9863220778800837,0.06952539550374688,0.01809228160864491,0.0014227625845776304,0.03536340490746831,0.9877448404646614,0.053455686516113224,0.0030314543705488146,0.4693333333333333,0.2672772689425479,0.0030314543705488146,375,0.012292423456149448,0.9877075765438506,0.012292423456149448
reuters-k500,MLC_PA_MLP,0.25,5,Operating Point,,0.0022755417093346386,171,,0.9968017317849266,31.749664557306307,0.10154394299287411,1684,0.013112492777447733,0.9862954613888459,0.07792679519418831,0.021575079343697536,0.0013916128874746914,0.03230658732532629,0.9876870742763206,0.05388166666902383,0.0031982682150733647,0.4351145038167939,0.2757753562447611,0.0031982682150733647,393,0.012352432114690615,0.9876475678853094,0.012352432114690615
reuters-k500,MLC_PA_MLP,0.30,1,Operating Point,,0.0022040305665137986,109,,0.998008257265426,32.927763730347806,0.06558363417569193,1662,0.013120504467309614,0.9865980711544045,0.0812015503875969,0.022437548666596183,0.0008789471986581088,0.019948697591834687,0.9874770183530626,0.04238624625843087,0.0019917427345740733,0.44129554655870445,0.17857142857142858,0.0019917427345740733,247,0.012547973982951599,0.9874520260170484,0.012547973982951599
reuters-k500,MLC_PA_MLP,0.30,2,Operating Point,,0.002288260802825785,130,,0.9979937960762196,38.161952876287245,0.07656065959952886,1698,0.013235305966240984,0.9863191395077147,0.057731673582295986,0.015519442154878504,0.001047415703178456,0.025308705100323906,0.9873665552108931,0.04082814725520241,0.002006203923780365,0.5220883534136547,0.1892116182572614,0.002006203923780365,249,0.012658841005602883,0.9873411589943971,0.012658841005602883
reuters-k500,MLC_PA_MLP,0.30,3,Operating Point,,0.002224761184282944,124,,0.9979966096470951,36.55940751510745,0.07324276432368576,1693,0.013327006837482057,0.9862682596458785,0.065942634363687,0.017616814830714485,0.0010057506225109591,0.02597425390403517,0.9872740102683895,0.043591068734749654,0.002003390352904916,0.5020242914979757,0.1821219715956558,0.002003390352904916,247,0.012751536035889632,0.9872484639641104,0.012751536035889632
reuters-k500,MLC_PA_MLP,0.30,4,Operating Point,,0.0022288139487597358,113,,0.9980194498112415,33.72036232932889,0.06678486997635934,1692,0.013358608926218443,0.9863220778800837,0.06952539550374688,0.01809228160864491,0.0009134782503253946,0.020917911826280233,0.9872355561304091,0.03901019343492514,0.001980550188758559,0.46122448979591835,0.17985012489592006,0.001980550188758559,245,0.012789774660208364,0.9872102253397916,0.012789774660208364
reuters-k500,MLC_PA_MLP,0.30,5,Operating Point,,0.0022755417093346386,120,,0.9978434069287673,33.04235199211222,0.07125890736342043,1684,0.01337494608517322,0.9862954613888459,0.07792679519418831,0.021575079343697536,0.0009765704473506664,0.02224121832004489,0.9872720318361966,0.043816297663742426,0.002156593071232676,0.4528301886792453,0.1961441743503772,0.002156593071232676,265,0.012755476536121524,0.9872445234638785,0.012755476536121524
reuters-k500,MLC_PA_MLP,0.35,1,Operating Point,,0.0022040305665137986,82,,0.9985646550333839,34.37372057491313,0.049338146811071,1662,0.01324307325097571,0.9865980711544045,0.0812015503875969,0.022437548666596183,0.0006612263329355272,0.015175486303757868,0.98725929748734,0.03761303497035405,0.001435344966616134,0.4606741573033708,0.13372093023255813,0.001435344966616134,178,0.012759016102201315,0.9872409838977987,0.012759016102201315
reuters-k500,MLC_PA_MLP,0.35,2,Operating Point,,0.002288260802825785,88,,0.9986867018490916,39.46223272417207,0.05182567726737338,1698,0.013431494984490191,0.9863191395077147,0.057731673582295986,0.015519442154878504,0.0007090198606131137,0.01671917401151549,0.9870281593683278,0.032238616166393994,0.0013132981509084317,0.5398773006134969,0.12697095435684647,0.0013132981509084317,163,0.012988898928617543,0.9870111010713825,0.012988898928617543
reuters-k500,MLC_PA_MLP,0.35,3,Operating Point,,0.002224761184282944,85,,0.9986860354770422,38.21011353941064,0.05020673360897814,1693,0.01350220210720977,0.9862682596458785,0.065942634363687,0.017616814830714485,0.0006894258299470213,0.015098772451563436,0.9869576854758255,0.03271558728227792,0.00131396452295788,0.5246913580246914,0.1261487050960735,0.00131396452295788,162,0.013059474209974886,0.9869405257900251,0.013059474209974886
reuters-k500,MLC_PA_MLP,0.35,4,Operating Point,,0.0022288139487597358,86,,0.9986257406853511,36.985321930190516,0.0508274231678487,1692,0.013463699344397468,0.9863220778800837,0.06952539550374688,0.01809228160864491,0.0006952135356458333,0.015157185081697621,0.9870172914157296,0.03324946669034253,0.0013742593146487958,0.5058823529411764,0.1298917568692756,0.0013742593146487958,170,0.01300057474520977,0.9869994252547902,0.01300057474520977
reuters-k500,MLC_PA_MLP,0.35,5,Operating Point,,0.0022755417093346386,75,,0.9985351443289741,30.403553048297706,0.04453681710213777,1684,0.013606881566418998,0.9862954613888459,0.07792679519418831,0.021575079343697536,0.0006103565295941804,0.01200003873972871,0.9869058179184401,0.033575118083426246,0.0014648556710259687,0.4166666666666667,0.1374685666387259,0.0014648556710259687,180,0.013113391307182587,0.9868866086928174,0.013113391307182587
reuters-k500,MLC_PA_MLP,0.40,1,Operating Point,,0.0022040305665137986,59,,0.9989920330290617,35.218811070998804,0.035499398315282794,1662,0.013329355223688031,0.9865980711544045,0.0812015503875969,0.022437548666596183,0.000475760410282855,0.01020310995514203,0.9870738315646873,0.03264065862173821,0.0010079669709382962,0.472,0.09634551495016612,0.0010079669709382962,125,0.012939210732360928,0.9870607892676391,0.012939210732360928
reuters-k500,MLC_PA_MLP,0.40,2,Operating Point,,0.002288260802825785,56,,0.9991942956129396,40.933097762073025,0.03297997644287397,1698,0.013551947790355718,0.9863191395077147,0.057731673582295986,0.015519442154878504,0.00045119445675378955,0.009970895431626731,0.9867703339644684,0.025490337586505235,0.0008057043870603875,0.56,0.08049792531120332,0.0008057043870603875,100,0.013240333830584983,0.986759666169415,0.013240333830584983
reuters-k500,MLC_PA_MLP,0.40,3,Operating Point,,0.002224761184282944,49,,0.9992051325725316,36.411990549320734,0.028942705256940343,1693,0.013652253611374714,0.9862682596458785,0.065942634363687,0.017616814830714485,0.00039743371373412995,0.009297391986009717,0.9866656933596126,0.0269142068167242,0.0007948674274683473,0.5,0.0785296574770259,0.0007948674274683473,98,0.013344914077910275,0.9866550859220897,0.013344914077910275
reuters-k500,MLC_PA_MLP,0.40,4,Operating Point,,0.0022288139487597358,50,,0.9991350250196034,34.16379443671152,0.02955082742316785,1692,0.013619718196001716,0.9863220778800837,0.06952539550374688,0.01809228160864491,0.0004041939160731589,0.008319928478570687,0.9867262717961569,0.026412210087215598,0.0008649749803965951,0.4672897196261682,0.08409658617818484,0.0008649749803965951,107,0.013285219586394392,0.9867147804136056,0.013285219586394392
reuters-k500,MLC_PA_MLP,0.40,5,Operating Point,,0.0022755417093346386,41,,0.9991455008585682,28.492472570976137,0.024346793349168647,1684,0.013712676698215317,0.9862954613888459,0.07792679519418831,0.021575079343697536,0.0003336615695114231,0.006418431129678739,0.9866291229583574,0.027993510473376275,0.000854499141431815,0.3904761904761905,0.08130762782900251,0.000854499141431815,105,0.013382312215941439,0.9866176877840586,0.013382312215941439
reuters-k500,MLC_PA_MLP,0.50,1,Operating Point,,0.0022040305665137986,0,,1.0,,0.0,1662,0.013401928845595587,0.9865980711544045,0.0812015503875969,0.022437548666596183,0.0,0.0,0.9865980711544045,0.022437548666596183,0.0,,0.0,0.0,0,0.013401928845595545,0.9865980711544045,0.013401928845595545
reuters-k500,MLC_PA_MLP,0.50,2,Operating Point,,0.002288260802825785,0,,1.0,,0.0,1698,0.01368086049228538,0.9863191395077147,0.057731673582295986,0.015519442154878504,0.0,0.0,0.9863191395077147,0.015519442154878504,0.0,,0.0,0.0,0,0.01368086049228534,0.9863191395077147,0.01368086049228534
reuters-k500,MLC_PA_MLP,0.50,3,Operating Point,,0.002224761184282944,0,,1.0,,0.0,1693,0.013731740354121549,0.9862682596458785,0.065942634363687,0.017616814830714485,0.0,0.0,0.9862682596458785,0.017616814830714485,0.0,,0.0,0.0,0,0.013731740354121502,0.9862682596458785,0.013731740354121502
reuters-k500,MLC_PA_MLP,0.50,4,Operating Point,,0.0022288139487597358,0,,1.0,,0.0,1692,0.013677922119916251,0.9863220778800837,0.06952539550374688,0.01809228160864491,0.0,0.0,0.9863220778800837,0.01809228160864491,0.0,,0.0,0.0,0,0.013677922119916253,0.9863220778800837,0.013677922119916253
reuters-k500,MLC_PA_MLP,0.50,5,Operating Point,,0.0022755417093346386,0,,1.0,,0.0,1684,0.013704538611154062,0.9862954613888459,0.07792679519418831,0.021575079343697536,0.0,0.0,0.9862954613888459,0.021575079343697536,0.0,,0.0,0.0,0,0.01370453861115406,0.9862954613888459,0.01370453861115406
reuters-k500,GSI_MLC_PA_Logistic,0.20,1,Operating Point,,0.0006871908186208775,1236,,0.8768990097732478,6.891239956979776,0.848318462594372,1457,0.02635390123536432,0.9882511369867433,0.27930707166587565,0.1475243689258566,0.010015159823242858,0.5154161311554651,0.9982662968099861,0.6629405000813218,0.12310099022675225,0.08096423424603695,0.9966777408637874,0.12310099022675225,15266,0.001977084214591751,0.9980229157854082,0.001977084214591751
reuters-k500,GSI_MLC_PA_Logistic,0.20,2,Operating Point,,0.0007830235792031008,1205,,0.8767997421745961,6.86373592079735,0.8456140350877193,1425,0.026348144865648793,0.9885187124843895,0.29232628597773824,0.1595780766418902,0.009773194215042524,0.5070756115244891,0.998291906699432,0.6666536881663793,0.12320025782540386,0.07880452553789812,1.0,0.12320025782540386,15291,0.0019480996838933118,0.9980519003161067,0.0019480996838933118
reuters-k500,GSI_MLC_PA_Logistic,0.20,3,Operating Point,,0.0007581705135519698,1231,,0.8644264382639446,6.439674772945692,0.8730496453900709,1410,0.028582783820392404,0.9885636421149963,0.29396904960814735,0.1508416147703393,0.009968286411822458,0.5230096243330822,0.9985319285268187,0.6738512391034215,0.13557356173605534,0.07364642536643733,1.0,0.13557356173605534,16715,0.0016983185707851733,0.9983016814292148,0.0016983185707851733
reuters-k500,GSI_MLC_PA_Logistic,0.20,4,Operating Point,,0.000782676209056931,1193,,0.8771331333920762,7.01061128142812,0.8613718411552347,1385,0.026117394080984294,0.988803828524773,0.30656793941556637,0.17085775634806277,0.009652150715827479,0.5171299934069923,0.9984559792406005,0.6879877497550551,0.12286686660792381,0.0784920060530298,1.0,0.12286686660792381,15199,0.0017603037676030553,0.998239696232397,0.0017603037676030553
reuters-k500,GSI_MLC_PA_Logistic,0.20,5,Operating Point,,0.0007808941307166961,1241,,0.8549304600460615,6.024308495424471,0.8739436619718309,1420,0.030340416181772318,0.9884439163730173,0.2961062547399513,0.15310450481739796,0.010229575435998006,0.5464670687252993,0.9986734918090153,0.6995715735426973,0.14506953995393843,0.06961741276786716,1.0,0.14506953995393843,17826,0.00155159776493774,0.9984484022350623,0.00155159776493774
reuters-k500,GSI_MLC_PA_Logistic,0.25,1,Operating Point,,0.0006871908186208775,1236,,0.8768990097732478,6.891239956979776,0.848318462594372,1457,0.03250895074670193,0.9882511369867433,0.27930707166587565,0.1475243689258566,0.010015159823242858,0.5154161311554651,0.9982662968099861,0.6629405000813218,0.12310099022675225,0.08096423424603695,0.9966777408637874,0.12310099022675225,15266,0.001977084214591751,0.9980229157854082,0.001977084214591751
reuters-k500,GSI_MLC_PA_Logistic,0.25,2,Operating Point,,0.0007830235792031008,1205,,0.8767997421745961,6.86373592079735,0.8456140350877193,1425,0.03250815775691899,0.9885187124843895,0.29232628597773824,0.1595780766418902,0.009773194215042524,0.5070756115244891,0.998291906699432,0.6666536881663793,0.12320025782540386,0.07880452553789812,1.0,0.12320025782540386,15291,0.0019480996838933118,0.9980519003161067,0.0019480996838933118
reuters-k500,GSI_MLC_PA_Logistic,0.25,3,Operating Point,,0.0007581705135519698,1231,,0.8644264382639446,6.439674772945692,0.8730496453900709,1410,0.03536146190719517,0.9885636421149963,0.29396904960814735,0.1508416147703393,0.009968286411822458,0.5230096243330822,0.9985319285268187,0.6738512391034215,0.13557356173605534,0.07364642536643733,1.0,0.13557356173605534,16715,0.0016983185707851733,0.9983016814292148,0.0016983185707851733
reuters-k500,GSI_MLC_PA_Logistic,0.25,4,Operating Point,,0.000782676209056931,1193,,0.8771331333920762,7.01061128142812,0.8613718411552347,1385,0.03226073741138048,0.988803828524773,0.30656793941556637,0.17085775634806277,0.009652150715827479,0.5171299934069923,0.9984559792406005,0.6879877497550551,0.12286686660792381,0.0784920060530298,1.0,0.12286686660792381,15199,0.0017603037676030553,0.998239696232397,0.0017603037676030553
reuters-k500,GSI_MLC_PA_Logistic,0.25,5,Operating Point,,0.0007808941307166961,1241,,0.8549304600460615,6.024308495424471,0.8739436619718309,1420,0.037593893179469234,0.9884439163730173,0.2961062547399513,0.15310450481739796,0.010229575435998006,0.5464670687252993,0.9986734918090153,0.6995715735426973,0.14506953995393843,0.06961741276786716,1.0,0.14506953995393843,17826,0.00155159776493774,0.9984484022350623,0.00155159776493774
reuters-k500,GSI_MLC_PA_Logistic,0.30,1,Operating Point,,0.0006871908186208775,1236,,0.8768990097732478,6.891239956979776,0.848318462594372,1457,0.038664000258039545,0.9882511369867433,0.27930707166587565,0.1475243689258566,0.010015159823242858,0.5154161311554651,0.9982662968099861,0.6629405000813218,0.12310099022675225,0.08096423424603695,0.9966777408637874,0.12310099022675225,15266,0.001977084214591751,0.9980229157854082,0.001977084214591751
reuters-k500,GSI_MLC_PA_Logistic,0.30,2,Operating Point,,0.0007830235792031008,1205,,0.8767997421745961,6.86373592079735,0.8456140350877193,1425,0.03866817064818918,0.9885187124843895,0.29232628597773824,0.1595780766418902,0.009773194215042524,0.5070756115244891,0.998291906699432,0.6666536881663793,0.12320025782540386,0.07880452553789812,1.0,0.12320025782540386,15291,0.0019480996838933118,0.9980519003161067,0.0019480996838933118
reuters-k500,GSI_MLC_PA_Logistic,0.30,3,Operating Point,,0.0007581705135519698,1231,,0.8644264382639446,6.439674772945692,0.8730496453900709,1410,0.04214013999399794,0.9885636421149963,0.29396904960814735,0.1508416147703393,0.009968286411822458,0.5230096243330822,0.9985319285268187,0.6738512391034215,0.13557356173605534,0.07364642536643733,1.0,0.13557356173605534,16715,0.0016983185707851733,0.9983016814292148,0.0016983185707851733
reuters-k500,GSI_MLC_PA_Logistic,0.30,4,Operating Point,,0.000782676209056931,1193,,0.8771331333920762,7.01061128142812,0.8613718411552347,1385,0.03840408074177668,0.988803828524773,0.30656793941556637,0.17085775634806277,0.009652150715827479,0.5171299934069923,0.9984559792406005,0.6879877497550551,0.12286686660792381,0.0784920060530298,1.0,0.12286686660792381,15199,0.0017603037676030553,0.998239696232397,0.0017603037676030553
reuters-k500,GSI_MLC_PA_Logistic,0.30,5,Operating Point,,0.0007808941307166961,1241,,0.8549304600460615,6.024308495424471,0.8739436619718309,1420,0.044847370177166154,0.9884439163730173,0.2961062547399513,0.15310450481739796,0.010229575435998006,0.5464670687252993,0.9986734918090153,0.6995715735426973,0.14506953995393843,0.06961741276786716,1.0,0.14506953995393843,17826,0.00155159776493774,0.9984484022350623,0.00155159776493774
reuters-k500,GSI_MLC_PA_Logistic,0.35,1,Operating Point,,0.0006871908186208775,1236,,0.8768990097732478,6.891239956979776,0.848318462594372,1457,0.04481904976937716,0.9882511369867433,0.27930707166587565,0.1475243689258566,0.010015159823242858,0.5154161311554651,0.9982662968099861,0.6629405000813218,0.12310099022675225,0.08096423424603695,0.9966777408637874,0.12310099022675225,15266,0.001977084214591751,0.9980229157854082,0.001977084214591751
reuters-k500,GSI_MLC_PA_Logistic,0.35,2,Operating Point,,0.0007830235792031008,1205,,0.8767997421745961,6.86373592079735,0.8456140350877193,1425,0.044828183539459374,0.9885187124843895,0.29232628597773824,0.1595780766418902,0.009773194215042524,0.5070756115244891,0.998291906699432,0.6666536881663793,0.12320025782540386,0.07880452553789812,1.0,0.12320025782540386,15291,0.0019480996838933118,0.9980519003161067,0.0019480996838933118
reuters-k500,GSI_MLC_PA_Logistic,0.35,3,Operating Point,,0.0007581705135519698,1231,,0.8644264382639446,6.439674772945692,0.8730496453900709,1410,0.04891881808080071,0.9885636421149963,0.29396904960814735,0.1508416147703393,0.009968286411822458,0.5230096243330822,0.9985319285268187,0.6738512391034215,0.13557356173605534,0.07364642536643733,1.0,0.13557356173605534,16715,0.0016983185707851733,0.9983016814292148,0.0016983185707851733
reuters-k500,GSI_MLC_PA_Logistic,0.35,4,Operating Point,,0.000782676209056931,1193,,0.8771331333920762,7.01061128142812,0.8613718411552347,1385,0.04454742407217286,0.988803828524773,0.30656793941556637,0.17085775634806277,0.009652150715827479,0.5171299934069923,0.9984559792406005,0.6879877497550551,0.12286686660792381,0.0784920060530298,1.0,0.12286686660792381,15199,0.0017603037676030553,0.998239696232397,0.0017603037676030553
reuters-k500,GSI_MLC_PA_Logistic,0.35,5,Operating Point,,0.0007808941307166961,1241,,0.8549304600460615,6.024308495424471,0.8739436619718309,1420,0.05210084717486307,0.9884439163730173,0.2961062547399513,0.15310450481739796,0.010229575435998006,0.5464670687252993,0.9986734918090153,0.6995715735426973,0.14506953995393843,0.06961741276786716,1.0,0.14506953995393843,17826,0.00155159776493774,0.9984484022350623,0.00155159776493774
reuters-k500,GSI_MLC_PA_Logistic,0.40,1,Operating Point,,0.0006871908186208775,1236,,0.8768990097732478,6.891239956979776,0.848318462594372,1457,0.050974099280714766,0.9882511369867433,0.27930707166587565,0.1475243689258566,0.010015159823242858,0.5154161311554651,0.9982662968099861,0.6629405000813218,0.12310099022675225,0.08096423424603695,0.9966777408637874,0.12310099022675225,15266,0.001977084214591751,0.9980229157854082,0.001977084214591751
reuters-k500,GSI_MLC_PA_Logistic,0.40,2,Operating Point,,0.0007830235792031008,1205,,0.8767997421745961,6.86373592079735,0.8456140350877193,1425,0.05098819643072956,0.9885187124843895,0.29232628597773824,0.1595780766418902,0.009773194215042524,0.5070756115244891,0.998291906699432,0.6666536881663793,0.12320025782540386,0.07880452553789812,1.0,0.12320025782540386,15291,0.0019480996838933118,0.9980519003161067,0.0019480996838933118
reuters-k500,GSI_MLC_PA_Logistic,0.40,3,Operating Point,,0.0007581705135519698,1231,,0.8644264382639446,6.439674772945692,0.8730496453900709,1410,0.05569749616760347,0.9885636421149963,0.29396904960814735,0.1508416147703393,0.009968286411822458,0.5230096243330822,0.9985319285268187,0.6738512391034215,0.13557356173605534,0.07364642536643733,1.0,0.13557356173605534,16715,0.0016983185707851733,0.9983016814292148,0.0016983185707851733
reuters-k500,GSI_MLC_PA_Logistic,0.40,4,Operating Point,,0.000782676209056931,1118,,0.885588870116327,7.055434357017851,0.8072202166064982,1385,0.056330080919622,0.988803828524773,0.30656793941556637,0.17085775634806277,0.0006305425090742389,0.5087046812325672,0.9894343710338472,0.67956243758063,0.114411129883673,0.0789938528933795,1.0,0.114411129883673,14153,0.011930625285257901,0.9880693747147421,0.011930625285257901
reuters-k500,GSI_MLC_PA_Logistic,0.40,5,Operating Point,,0.0007808941307166961,1241,,0.8549304600460615,6.024308495424471,0.8739436619718309,1420,0.05935432417256001,0.9884439163730173,0.2961062547399513,0.15310450481739796,0.010229575435998006,0.5464670687252993,0.9986734918090153,0.6995715735426973,0.14506953995393843,0.06961741276786716,1.0,0.14506953995393843,17826,0.00155159776493774,0.9984484022350623,0.00155159776493774
reuters-k500,GSI_MLC_PA_Logistic,0.50,1,Operating Point,,0.0006871908186208775,1154,,0.8907041254072187,7.246736787565921,0.7920384351407,1457,0.0750653162597168,0.9882511369867433,0.27930707166587565,0.1475243689258566,-0.008668515950069455,0.49741275939432283,0.9795826210366738,0.6449371283201795,0.10929587459278134,0.08514091781024052,0.9941860465116279,0.10929587459278134,13554,0.02292273986492599,0.977077260135074,0.02292273986492599
reuters-k500,GSI_MLC_PA_Logistic,0.50,2,Operating Point,,0.0007830235792031008,1100,,0.8976272005801071,7.540380149176656,0.7719298245614035,1425,0.08114248882085164,0.9885187124843895,0.29232628597773824,0.1595780766418902,-0.018474801595294688,0.47986268281261524,0.9700439108890948,0.6394407594545054,0.10237279941989284,0.08657327246969936,0.9983402489626556,0.10237279941989284,12706,0.03337252825175707,0.9666274717482429,0.03337252825175707
reuters-k500,GSI_MLC_PA_Logistic,0.50,3,Operating Point,,0.0007581705135519698,1202,,0.8718235718746705,6.65085056567498,0.8524822695035461,1410,0.07491625503889172,0.9885636421149963,0.29396904960814735,0.1508416147703393,0.0006083169087767182,0.5140733264306729,0.989171959023773,0.6649149412010122,0.1281764281253295,0.07606150730873884,1.0,0.1281764281253295,15803,0.012419991068770453,0.9875800089312295,0.012419991068770453
reuters-k500,GSI_MLC_PA_Logistic,0.50,4,Operating Point,,0.000782676209056931,1073,,0.892670347525929,7.218221842881844,0.7747292418772563,1385,0.07354308302951423,0.988803828524773,0.30656793941556637,0.17085775634806277,-0.008682085317251786,0.49993377937397676,0.9801217432075212,0.6707915357220395,0.10732965247407096,0.08081644949913384,1.0,0.10732965247407096,13277,0.022268306377121294,0.9777316936228787,0.022268306377121294
reuters-k500,GSI_MLC_PA_Logistic,0.50,5,Operating Point,,0.0007808941307166961,1116,,0.8705148967683656,6.0695437030453725,0.7859154929577464,1420,0.08409492264748249,0.9884439163730173,0.2961062547399513,0.15310450481739796,-0.007796287404682634,0.5297325385314096,0.9806476289683347,0.6828370433488075,0.12948510323163437,0.07014015461001823,1.0,0.12948510323163437,15911,0.022230947573105952,0.977769052426894,0.022230947573105952
reuters-k500,GSI_MLC_PA_MLP,0.20,1,Operating Point,,0.0019620999174812634,1432,,0.5191836273908976,1.8182344113885194,0.8742368742368742,1638,0.09775183046801923,0.9867916008128246,0.12704872646733112,0.04198432141346747,0.011619843240976646,0.6352636008473811,0.9984114440538012,0.6772479222608485,0.48081637260910237,0.024015965921478526,1.0,0.48081637260910237,59627,0.0030597188786207763,0.9969402811213792,0.0030597188786207763
reuters-k500,GSI_MLC_PA_MLP,0.20,2,Operating Point,,0.002275200486698229,1441,,0.520960399629376,1.820885013224014,0.8722760290556901,1652,0.09737904362889256,0.9866897635257624,0.09681485872357241,0.04069453728059082,0.01173911291946983,0.601144529782488,0.9984288764452323,0.6418390670630788,0.47903960037062404,0.02423641011840689,0.9983402489626556,0.47903960037062404,59456,0.003015821463369317,0.9969841785366307,0.003015821463369317
reuters-k500,GSI_MLC_PA_MLP,0.20,3,Operating Point,,0.0022007622587342426,1441,,0.5327720595988352,1.8703139767079169,0.873862947240752,1649,0.09500287936670154,0.9866251388990275,0.11330309901738472,0.04671016001458146,0.011817569814503881,0.6020869914116315,0.9984427087135314,0.648797151426213,0.4672279404011647,0.025015189653675895,1.0,0.4672279404011647,57605,0.0029229972901378964,0.9970770027098621,0.0029229972901378964
reuters-k500,GSI_MLC_PA_MLP,0.20,4,Operating Point,,0.002285632677218552,1400,,0.5832599047719134,2.05720023050347,0.8573178199632578,1633,0.08511838839801784,0.9867990267010501,0.11584790452400777,0.04228131354958946,0.011430603946549378,0.5657447616710088,0.9982296306475995,0.6080260752205983,0.41674009522808664,0.027157045313469894,1.0,0.41674009522808664,51552,0.0030353009660295527,0.9969646990339704,0.0030353009660295527
reuters-k500,GSI_MLC_PA_MLP,0.20,5,Operating Point,,0.00213161880746167,1458,,0.5021281097665182,1.7966037953817555,0.894478527607362,1630,0.10096599093417101,0.9867349180901537,0.1112780904482497,0.04266498847224935,0.01187346902237163,0.6557910951007363,0.9986083871125253,0.6984560835729856,0.4978718902334817,0.023832096505279676,1.0,0.4978718902334817,61178,0.0027714299606165227,0.9972285700393835,0.0027714299606165227
reuters-k500,GSI_MLC_PA_MLP,0.25,1,Operating Point,,0.0019620999174812634,1432,,0.5191836273908976,1.8182344113885194,0.8742368742368742,1638,0.12179264909847434,0.9867916008128246,0.12704872646733112,0.04198432141346747,0.011619843240976646,0.6352636008473811,0.9984114440538012,0.6772479222608485,0.48081637260910237,0.024015965921478526,1.0,0.48081637260910237,59627,0.0030597188786207763,0.9969402811213792,0.0030597188786207763
reuters-k500,GSI_MLC_PA_MLP,0.25,2,Operating Point,,0.002275200486698229,1441,,0.520960399629376,1.820885013224014,0.8722760290556901,1652,0.12133102364742376,0.9866897635257624,0.09681485872357241,0.04069453728059082,0.01173911291946983,0.601144529782488,0.9984288764452323,0.6418390670630788,0.47903960037062404,0.02423641011840689,0.9983402489626556,0.47903960037062404,59456,0.003015821463369317,0.9969841785366307,0.003015821463369317
reuters-k500,GSI_MLC_PA_MLP,0.25,3,Operating Point,,0.0022007622587342426,1441,,0.5327720595988352,1.8703139767079169,0.873862947240752,1649,0.11836427638675978,0.9866251388990275,0.11330309901738472,0.04671016001458146,0.011817569814503881,0.6020869914116315,0.9984427087135314,0.648797151426213,0.4672279404011647,0.025015189653675895,1.0,0.4672279404011647,57605,0.0029229972901378964,0.9970770027098621,0.0029229972901378964
reuters-k500,GSI_MLC_PA_MLP,0.25,4,Operating Point,,0.002285632677218552,1400,,0.5832599047719134,2.05720023050347,0.8573178199632578,1633,0.10595539315942216,0.9867990267010501,0.11584790452400777,0.04228131354958946,0.011430603946549378,0.5657447616710088,0.9982296306475995,0.6080260752205983,0.41674009522808664,0.027157045313469894,1.0,0.41674009522808664,51552,0.0030353009660295527,0.9969646990339704,0.0030353009660295527
reuters-k500,GSI_MLC_PA_MLP,0.25,5,Operating Point,,0.00213161880746167,1458,,0.5021281097665182,1.7966037953817555,0.894478527607362,1630,0.1258595854458451,0.9867349180901537,0.1112780904482497,0.04266498847224935,0.01187346902237163,0.6557910951007363,0.9986083871125253,0.6984560835729856,0.4978718902334817,0.023832096505279676,1.0,0.4978718902334817,61178,0.0027714299606165227,0.9972285700393835,0.0027714299606165227
reuters-k500,GSI_MLC_PA_MLP,0.30,1,Operating Point,,0.0019620999174812634,1432,,0.5191836273908976,1.8182344113885194,0.8742368742368742,1638,0.14583346772892944,0.9867916008128246,0.12704872646733112,0.04198432141346747,0.011619843240976646,0.6352636008473811,0.9984114440538012,0.6772479222608485,0.48081637260910237,0.024015965921478526,1.0,0.48081637260910237,59627,0.0030597188786207763,0.9969402811213792,0.0030597188786207763
reuters-k500,GSI_MLC_PA_MLP,0.30,2,Operating Point,,0.002275200486698229,1441,,0.520960399629376,1.820885013224014,0.8722760290556901,1652,0.14528300366595495,0.9866897635257624,0.09681485872357241,0.04069453728059082,0.01173911291946983,0.601144529782488,0.9984288764452323,0.6418390670630788,0.47903960037062404,0.02423641011840689,0.9983402489626556,0.47903960037062404,59456,0.003015821463369317,0.9969841785366307,0.003015821463369317
reuters-k500,GSI_MLC_PA_MLP,0.30,3,Operating Point,,0.0022007622587342426,1441,,0.5327720595988352,1.8703139767079169,0.873862947240752,1649,0.14172567340681802,0.9866251388990275,0.11330309901738472,0.04671016001458146,0.011817569814503881,0.6020869914116315,0.9984427087135314,0.648797151426213,0.4672279404011647,0.025015189653675895,1.0,0.4672279404011647,57605,0.0029229972901378964,0.9970770027098621,0.0029229972901378964
reuters-k500,GSI_MLC_PA_MLP,0.30,4,Operating Point,,0.002285632677218552,1400,,0.5832599047719134,2.05720023050347,0.8573178199632578,1633,0.12679239792082647,0.9867990267010501,0.11584790452400777,0.04228131354958946,0.011430603946549378,0.5657447616710088,0.9982296306475995,0.6080260752205983,0.41674009522808664,0.027157045313469894,1.0,0.41674009522808664,51552,0.0030353009660295527,0.9969646990339704,0.0030353009660295527
reuters-k500,GSI_MLC_PA_MLP,0.30,5,Operating Point,,0.00213161880746167,1458,,0.5021281097665182,1.7966037953817555,0.894478527607362,1630,0.1507531799575192,0.9867349180901537,0.1112780904482497,0.04266498847224935,0.01187346902237163,0.6557910951007363,0.9986083871125253,0.6984560835729856,0.4978718902334817,0.023832096505279676,1.0,0.4978718902334817,61178,0.0027714299606165227,0.9972285700393835,0.0027714299606165227
reuters-k500,GSI_MLC_PA_MLP,0.35,1,Operating Point,,0.0019620999174812634,1375,,0.5660742508789472,1.934520689631074,0.8394383394383395,1638,0.20153049704867268,0.9867916008128246,0.12704872646733112,0.04198432141346747,-0.03644808566912883,0.5890133222406946,0.9503435151436957,0.630997643654162,0.4339257491210528,0.025551921504497137,1.0,0.4339257491210528,53812,0.08772079772079766,0.9122792022792023,0.08772079772079766
reuters-k500,GSI_MLC_PA_MLP,0.35,2,Operating Point,,0.002275200486698229,1389,,0.5684083309833622,1.948135452643746,0.8407990314769975,1652,0.2007529307497079,0.9866897635257624,0.09681485872357241,0.04069453728059082,-0.03638561011964714,0.5631366744866219,0.9503041534061153,0.6038312117672127,0.4315916690166378,0.025930143558534173,0.9983402489626556,0.4315916690166378,53567,0.08742983500595336,0.9125701649940466,0.08742983500595336
reuters-k500,GSI_MLC_PA_MLP,0.35,3,Operating Point,,0.0022007622587342426,1416,,0.5610466295187808,1.9562493456713335,0.8587022437841115,1649,0.18411441224420272,0.9866251388990275,0.11330309901738472,0.04671016001458146,-0.01710587147480347,0.5830689707743263,0.969519267424224,0.6297791307889078,0.43895337048121924,0.026164563277222417,1.0,0.43895337048121924,54119,0.05432834094720407,0.9456716590527959,0.05432834094720407
reuters-k500,GSI_MLC_PA_MLP,0.35,4,Operating Point,,0.002285632677218552,1325,,0.6208095195751113,2.1397954893248072,0.8113900796080833,1633,0.17248126561198998,0.9867990267010501,0.11584790452400777,0.04228131354958946,-0.026563624164329114,0.5284996023703424,0.960235402536721,0.5707809159199319,0.3791904804248886,0.028247383119790224,1.0,0.3791904804248886,46907,0.06405281525079431,0.9359471847492057,0.06405281525079431
reuters-k500,GSI_MLC_PA_MLP,0.35,5,Operating Point,,0.00213161880746167,1337,,0.5495161907242083,1.8208099422965989,0.8202453987730062,1630,0.2065629603105494,0.9867349180901537,0.1112780904482497,0.04266498847224935,-0.03562854515417602,0.6093510192838281,0.9511063729359777,0.6520160077560774,0.4504838092757916,0.024153193026826846,1.0,0.4504838092757916,55355,0.08897577157751324,0.9110242284224868,0.08897577157751324
reuters-k500,GSI_MLC_PA_MLP,0.40,1,Operating Point,,0.0019620999174812634,1244,,0.6592991000870884,2.22911873627833,0.7594627594627594,1638,0.29140244492468476,0.9867916008128246,0.12704872646733112,0.04198432141346747,-0.14191368577234464,0.49111828953908515,0.8448779150404799,0.5331026109525526,0.34070089991291164,0.029443090104376228,1.0,0.34070089991291164,42251,0.23528332579102507,0.7647166742089749,0.23528332579102507
reuters-k500,GSI_MLC_PA_MLP,0.40,2,Operating Point,,0.002275200486698229,1184,,0.647165934818515,2.031286353893068,0.7167070217917676,1652,0.27639527857229185,0.9866897635257624,0.09681485872357241,0.04069453728059082,-0.12195141602546034,0.48663462439956706,0.8647383475003021,0.5273291616801579,0.3528340651814849,0.02703690171720862,0.9975103734439834,0.3528340651814849,43792,0.2090061377189597,0.7909938622810403,0.2090061377189597
reuters-k500,GSI_MLC_PA_MLP,0.40,3,Operating Point,,0.0022007622587342426,969,,0.7247893195772603,2.135196443236684,0.5876288659793815,1649,0.3207241404482079,0.9866251388990275,0.11330309901738472,0.04671016001458146,-0.19726500717813944,0.4158922736124422,0.789360131720888,0.46260243362702363,0.2752106804227397,0.02855795585158115,0.9983291562238931,0.2752106804227397,33931,0.29062220232766345,0.7093777976723366,0.29062220232766345
reuters-k500,GSI_MLC_PA_MLP,0.40,4,Operating Point,,0.002285632677218552,1143,,0.6913413579298804,2.2676791367916764,0.6999387630128597,1633,0.23924076214804818,0.9867990267010501,0.11584790452400777,0.04228131354958946,-0.10257633202105043,0.45642498583296315,0.8842226946799997,0.4987062993825526,0.30865864207011956,0.029935571735372687,1.0,0.30865864207011956,38182,0.16746763952713373,0.8325323604728663,0.16746763952713373
reuters-k500,GSI_MLC_PA_MLP,0.40,5,Operating Point,,0.00213161880746167,1190,,0.6966772190528894,2.4068793890576585,0.7300613496932515,1630,0.33389594641883474,0.9867349180901537,0.1112780904482497,0.04266498847224935,-0.19930175213014423,0.4527710440478841,0.7874331659600095,0.49543603252013346,0.30332278094711057,0.0319274522429706,0.9966471081307627,0.30332278094711057,37272,0.305115235903606,0.694884764096394,0.305115235903606
reuters-k500,GSI_MLC_PA_MLP,0.50,1,Operating Point,,0.0019620999174812634,924,,0.7903428700448344,2.6905956607495067,0.5641025641025641,1638,0.4313776086185208,0.9867916008128246,0.12704872646733112,0.04198432141346747,-0.31334064445376253,0.34824501072870334,0.673450956359062,0.3902293321421708,0.20965712995516564,0.03553846153846154,0.973421926910299,0.20965712995516564,26000,0.4131738970738277,0.5868261029261723,0.4131738970738277
reuters-k500,GSI_MLC_PA_MLP,0.50,2,Operating Point,,0.002275200486698229,801,,0.7956733674414858,2.3729986738185627,0.4848668280871671,1652,0.4277565161342303,0.9866897635257624,0.09681485872357241,0.04069453728059082,-0.3122829633807357,0.327723517228808,0.6744068001450267,0.3684180545093988,0.20432663255851427,0.03158517350157729,0.9775933609958506,0.20432663255851427,25360,0.409204597235583,0.590795402764417,0.409204597235583
reuters-k500,GSI_MLC_PA_MLP,0.50,3,Operating Point,,0.0022007622587342426,780,,0.8254941561022296,2.710590873531335,0.4730139478471801,1649,0.431925282461818,0.9866251388990275,0.11330309901738472,0.04671016001458146,-0.3312974994119603,0.29585116365599656,0.6553276394870672,0.342561323670578,0.17450584389777032,0.03625377643504532,0.9966583124477861,0.17450584389777032,21515,0.41753458575695646,0.5824654142430435,0.41753458575695646
reuters-k500,GSI_MLC_PA_MLP,0.50,4,Operating Point,,0.002285632677218552,888,,0.7835703256994576,2.512522589902098,0.5437844458052664,1633,0.3477159001802705,0.9867990267010501,0.11584790452400777,0.04228131354958946,-0.22630008973104943,0.3562462439893884,0.7604989369700007,0.3985275575389779,0.21642967430054244,0.03316774362230605,1.0,0.21642967430054244,26773,0.3056535644279377,0.6943464355720623,0.3056535644279377
reuters-k500,GSI_MLC_PA_MLP,0.50,5,Operating Point,,0.00213161880746167,875,,0.7829409419021964,2.4731048805576306,0.5368098159509203,1630,0.43442736350393474,0.9867349180901537,0.1112780904482497,0.04266498847224935,-0.31263275254518663,0.34653788456144324,0.674102165544967,0.3892028730336926,0.21705905809780354,0.032805938812237555,0.9882648784576697,0.21705905809780354,26672,0.41624829794089835,0.5837517020591017,0.41624829794089835
reuters-k500,MLC_PA_SVM,0.20,1,Operating Point,,0.0009674656763232219,479,,0.9902428797213173,34.30632684766476,0.33473095737246683,1431,0.009628100506402608,0.9884607941166984,0.37733546907134946,0.2642136281100129,0.003862529432635542,0.13021730981443835,0.992323323549334,0.3944309379244513,0.009757120278682708,0.3958677685950413,0.5963455149501661,0.009757120278682708,1210,0.007752316737512421,0.9922476832624876,0.007752316737512421
reuters-k500,MLC_PA_SVM,0.20,2,Operating Point,,0.0010694054556904405,436,,0.9905813157152641,33.37488582419053,0.3143475126171593,1387,0.009545985577891472,0.9888248801514724,0.38902390831851413,0.2816208055055723,0.0035128711275833613,0.10300354415426882,0.9923377512790558,0.3846243496598411,0.009418684284735931,0.3729683490162532,0.6190871369294606,0.009418684284735931,1169,0.007735103216046091,0.9922648967839539,0.007735103216046091
reuters-k500,MLC_PA_SVM,0.20,3,Operating Point,,0.0011311995201307393,417,,0.9907211394181246,32.73187382537346,0.303714493809177,1373,0.00960978498024998,0.9888637451233261,0.37699009428332736,0.2668585569344978,0.0033822420127990194,0.08858439604967577,0.9922459871361251,0.35544295298417355,0.0092788605818754,0.36451048951048953,0.5881370091896407,0.0092788605818754,1144,0.007826635119978387,0.9921733648800216,0.007826635119978387
reuters-k500,MLC_PA_SVM,0.20,4,Operating Point,,0.001118901409193866,407,,0.9905418623638877,32.233503633278914,0.3048689138576779,1335,0.009393466609540593,0.9892080224408463,0.40199400932123663,0.2717309113289825,0.003290138476835569,0.10458797470000253,0.9924981609176818,0.37631888602898506,0.009458137636112302,0.34786324786324785,0.6086594504579517,0.009458137636112302,1170,0.007573470003998883,0.9924265299960011,0.007573470003998883
reuters-k500,MLC_PA_SVM,0.20,5,Operating Point,,0.0009611545849108154,428,,0.9908772044043327,34.21987115546906,0.312180889861415,1371,0.009498775217897281,0.9888426826390189,0.3899233624715603,0.28711278306456706,0.003483101262217292,0.12571269642874167,0.9923257839012362,0.4128254794933087,0.009122795595667282,0.3818019625334523,0.5934618608549874,0.009122795595667282,1121,0.007744870973570572,0.9922551290264294,0.007744870973570572
reuters-k500,MLC_PA_SVM,0.25,1,Operating Point,,0.0009674656763232219,393,,0.9926458729800341,37.344082165581675,0.2746331236897275,1431,0.010208689481663065,0.9884607941166984,0.37733546907134946,0.2642136281100129,0.0031690481566299944,0.1047915580977879,0.9916298422733284,0.3690051862078008,0.00735412701996581,0.4309210526315789,0.5016611295681063,0.00735412701996581,912,0.008432168968318443,0.9915678310316816,0.008432168968318443
reuters-k500,MLC_PA_SVM,0.25,2,Operating Point,,0.0010694054556904405,345,,0.992982314788704,35.444491534893885,0.2487382840663302,1387,0.010149861015993232,0.9888248801514724,0.38902390831851413,0.2816208055055723,0.0027796801353583422,0.08200057306561881,0.9916045602868307,0.3636213785711911,0.007017685211295976,0.3960964408725603,0.5236514522821577,0.007017685211295976,871,0.008454772646132924,0.9915452273538671,0.008454772646132924
reuters-k500,MLC_PA_SVM,0.25,3,Operating Point,,0.0011311995201307393,346,,0.9930084109951254,36.04372527515238,0.2520029133284778,1373,0.01007778345540226,0.9888637451233261,0.37699009428332736,0.2668585569344978,0.002806368672490289,0.069928538778044,0.9916701137958164,0.3367870957125418,0.006991589004874646,0.4013921113689095,0.48120300751879697,0.006991589004874646,862,0.008388535396025465,0.9916114646039745,0.008388535396025465
reuters-k500,MLC_PA_SVM,0.25,4,Operating Point,,0.001118901409193866,331,,0.9929508581036838,35.17308610796138,0.24794007490636705,1335,0.009878499308828403,0.9892080224408463,0.40199400932123663,0.2717309113289825,0.0026757637244043675,0.0837674720790465,0.9918837861652506,0.35549838340802903,0.007049141896316177,0.3795871559633027,0.5029142381348876,0.007049141896316177,872,0.008173832338741804,0.9918261676612582,0.008173832338741804
reuters-k500,MLC_PA_SVM,0.25,5,Operating Point,,0.0009611545849108154,337,,0.9931151783461779,35.70259236842877,0.24580598103574033,1371,0.010135987434793577,0.9888426826390189,0.3899233624715603,0.28711278306456706,0.002742535339643082,0.09331678891628803,0.991585217978662,0.3804295719808551,0.006884821653822052,0.3983451536643026,0.5037720033528919,0.006884821653822052,846,0.008473117927118023,0.991526882072882,0.008473117927118023
reuters-k500,MLC_PA_SVM,0.30,1,Operating Point,,0.0009674656763232219,311,,0.9946134245073057,40.34669863627044,0.21733053808525507,1431,0.010647356707415413,0.9884607941166984,0.37733546907134946,0.2642136281100129,0.002507821823694467,0.07363087506634969,0.9909686159403929,0.3378445031763626,0.005386575492694255,0.4655688622754491,0.4152823920265781,0.005386575492694255,668,0.009080295758204682,0.9909197042417953,0.009080295758204682
reuters-k500,MLC_PA_SVM,0.30,2,Operating Point,,0.0010694054556904405,278,,0.9948193207912017,38.68847698188354,0.20043258832011535,1387,0.010489465415139185,0.9888248801514724,0.38902390831851413,0.2816208055055723,0.0022398581960278996,0.06262211699810727,0.9910647383475003,0.34424292250367955,0.005180679208798292,0.432348367029549,0.4182572614107884,0.005180679208798292,643,0.008981793443047836,0.9910182065569522,0.008981793443047836
reuters-k500,MLC_PA_SVM,0.30,3,Operating Point,,0.0011311995201307393,267,,0.9947360310160515,36.94259530882292,0.19446467589220684,1373,0.010549837376613053,0.9888637451233261,0.37699009428332736,0.2668585569344978,0.002165608195245472,0.05683851787658095,0.9910293533185716,0.32369707481107873,0.005263968983948544,0.41140215716486905,0.39766081871345027,0.005263968983948544,649,0.009018117773682777,0.9909818822263172,0.009018117773682777
reuters-k500,MLC_PA_SVM,0.30,4,Operating Point,,0.001118901409193866,255,,0.9947293113344058,36.240280554215204,0.19101123595505617,1335,0.010311795186858846,0.9892080224408463,0.40199400932123663,0.2717309113289825,0.002061388971973166,0.06509767813842304,0.9912694114128194,0.33682858946740557,0.0052706886655942056,0.3911042944785276,0.4021648626144879,0.0052706886655942056,652,0.008776848623741396,0.9912231513762586,0.008776848623741396
reuters-k500,MLC_PA_SVM,0.30,5,Operating Point,,0.0009611545849108154,261,,0.9947916242807966,36.55112486323852,0.19037199124726478,1371,0.010595789353754506,0.9888426826390189,0.3899233624715603,0.28711278306456706,0.0021240407229876634,0.07079813531348805,0.9909667233620065,0.3579109183780551,0.005208375719203444,0.4078125,0.41994970662196146,0.005208375719203444,640,0.009080571666980286,0.9909194283330197,0.009080571666980286
reuters-k500,MLC_PA_SVM,0.35,1,Operating Point,,0.0009674656763232219,224,,0.9961939167177369,41.12729038600481,0.15653389238294899,1431,0.01106505822017224,0.9884607941166984,0.37733546907134946,0.2642136281100129,0.001806276811921359,0.05515213914603606,0.9902670709286198,0.319365767256049,0.003806083282263007,0.4745762711864407,0.3106312292358804,0.003806083282263007,472,0.009770114942528774,0.9902298850574712,0.009770114942528774
reuters-k500,MLC_PA_SVM,0.35,2,Operating Point,,0.0010694054556904405,201,,0.9964468436530637,40.785451888037116,0.14491708723864455,1387,0.010799258751963903,0.9888248801514724,0.38902390831851413,0.2816208055055723,0.001619465817991439,0.04401079784478662,0.9904443459694638,0.3256316033503589,0.003553156346936309,0.4557823129251701,0.3078838174273859,0.003553156346936309,441,0.009589727832850836,0.9904102721671492,0.009589727832850836
reuters-k500,MLC_PA_SVM,0.35,3,Operating Point,,0.0011311995201307393,195,,0.9961959915971158,37.3355545651205,0.14202476329206118,1373,0.010886033854863697,0.9888637451233261,0.37699009428332736,0.2668585569344978,0.0015816239628196893,0.03858532037147605,0.9904453690861458,0.30544387730597383,0.003804008402884233,0.4157782515991471,0.3116123642439432,0.003804008402884233,469,0.009591115598182709,0.9904088844018173,0.009591115598182709
reuters-k500,MLC_PA_SVM,0.35,4,Operating Point,,0.001118901409193866,178,,0.9963784225119844,36.81636904761905,0.13333333333333333,1335,0.01062059933873875,0.9892080224408463,0.40199400932123663,0.2717309113289825,0.0014389303412204457,0.04980741256799781,0.9906469527820667,0.32153832389698034,0.0036215774880156504,0.39732142857142855,0.3089092422980849,0.0036215774880156504,448,0.009387043121982908,0.9906129568780171,0.009387043121982908
reuters-k500,MLC_PA_SVM,0.35,5,Operating Point,,0.0009611545849108154,207,,0.9961018562976587,38.73245684161478,0.15098468271334792,1371,0.010837083635120728,0.9888426826390189,0.3899233624715603,0.28711278306456706,0.0016845840216799246,0.05224404801350202,0.9905272666606988,0.3393568310780691,0.0038981437023413276,0.4321503131524008,0.3352891869237217,0.0038981437023413276,479,0.009509803921568638,0.9904901960784314,0.009509803921568638
reuters-k500,MLC_PA_SVM,0.40,1,Operating Point,,0.0009674656763232219,145,,0.997564751798213,41.60879485007937,0.1013277428371768,1431,0.011344063477727963,0.9884607941166984,0.37733546907134946,0.2642136281100129,0.0011692416862884025,0.032390433065552116,0.9896300358029868,0.29660406117556504,0.0024352482017869236,0.48013245033112584,0.21179401993355482,0.0024352482017869236,302,0.010395279282192194,0.9896047207178078,0.010395279282192194
reuters-k500,MLC_PA_SVM,0.40,2,Operating Point,,0.0010694054556904405,133,,0.9977520847601015,42.65748514754259,0.0958904109589041,1387,0.011002699109696654,0.9888248801514724,0.38902390831851413,0.2816208055055723,0.0010715868347903612,0.02564903761490883,0.9898964669862628,0.3072698431204811,0.0022479152398984814,0.4767025089605735,0.2074688796680498,0.0022479152398984814,279,0.010126296068994511,0.9898737039310055,0.010126296068994511
reuters-k500,MLC_PA_SVM,0.40,3,Operating Point,,0.0011311995201307393,123,,0.9975991759333609,37.31420887384107,0.08958485069191552,1373,0.011098944772935574,0.9888637451233261,0.37699009428332736,0.2668585569344978,0.0009976397303940177,0.02429802612474763,0.9898613848537201,0.2911565830592454,0.00240082406663909,0.4155405405405405,0.21553884711779447,0.00240082406663909,296,0.010163014756697453,0.9898369852433025,0.010163014756697453
reuters-k500,MLC_PA_SVM,0.40,4,Operating Point,,0.001118901409193866,123,,0.9977526818266331,40.99768005820063,0.09213483146067415,1335,0.010696587794960511,0.9892080224408463,0.40199400932123663,0.2717309113289825,0.0009943170335399154,0.03614730429671531,0.9902023394743862,0.30787821562569784,0.0022473181733668546,0.44244604316546765,0.20815986677768525,0.0022473181733668546,278,0.009819728580109377,0.9901802714198906,0.009819728580109377
reuters-k500,MLC_PA_SVM,0.40,5,Operating Point,,0.0009611545849108154,131,,0.9976643690134197,40.91001252932192,0.09555069292487235,1371,0.011025480350588791,0.9888426826390189,0.3899233624715603,0.28711278306456706,0.0010660894050245062,0.033878682776331936,0.9899087720440434,0.320991465840899,0.0023356309865802945,0.4564459930313589,0.21709974853310982,0.0023356309865802945,287,0.010114852518924522,0.9898851474810755,0.010114852518924522
reuters-k500,MLC_PA_SVM,0.50,1,Operating Point,,0.0009674656763232219,0,,1.0,,0.0,1431,0.011539205883301616,0.9884607941166984,0.37733546907134946,0.2642136281100129,0.0,0.0,0.9884607941166984,0.2642136281100129,0.0,,0.0,0.0,0,0.011539205883301595,0.9884607941166984,0.011539205883301595
reuters-k500,MLC_PA_SVM,0.50,2,Operating Point,,0.0010694054556904405,0,,1.0,,0.0,1387,0.011175119848527575,0.9888248801514724,0.38902390831851413,0.2816208055055723,0.0,0.0,0.9888248801514724,0.2816208055055723,0.0,,0.0,0.0,0,0.011175119848527593,0.9888248801514724,0.011175119848527593
reuters-k500,MLC_PA_SVM,0.50,3,Operating Point,,0.0011311995201307393,0,,1.0,,0.0,1373,0.011136254876673886,0.9888637451233261,0.37699009428332736,0.2668585569344978,0.0,0.0,0.9888637451233261,0.2668585569344978,0.0,,0.0,0.0,0,0.011136254876673912,0.9888637451233261,0.011136254876673912
reuters-k500,MLC_PA_SVM,0.50,4,Operating Point,,0.001118901409193866,0,,1.0,,0.0,1335,0.01079197755915378,0.9892080224408463,0.40199400932123663,0.2717309113289825,0.0,0.0,0.9892080224408463,0.2717309113289825,0.0,,0.0,0.0,0,0.010791977559153731,0.9892080224408463,0.010791977559153731
reuters-k500,MLC_PA_SVM,0.50,5,Operating Point,,0.0009611545849108154,0,,1.0,,0.0,1371,0.011157317360981129,0.9888426826390189,0.3899233624715603,0.28711278306456706,0.0,0.0,0.9888426826390189,0.28711278306456706,0.0,,0.0,0.0,0,0.011157317360981134,0.9888426826390189,0.011157317360981134
reuters-k500,GSI_MLC_PA_SVM,0.20,1,Operating Point,,0.0010657298511802464,1019,,0.9021465664613102,7.459551157406588,0.7299426934097422,1396,0.03236783537077057,0.9887430248685611,0.37917853187786743,0.28618107162372874,-0.001540173531593747,0.3013411503867337,0.9872028513369674,0.5875222220104624,0.0978534335386898,0.08397198187062217,0.9991694352159468,0.0978534335386898,12135,0.014185221269787385,0.9858147787302126,0.014185221269787385
reuters-k500,GSI_MLC_PA_SVM,0.20,2,Operating Point,,0.0013150972986564562,1012,,0.8855174636425895,6.49983543984136,0.7441176470588236,1360,0.04518229061757242,0.9890424203359788,0.3917763287887769,0.2875398143345856,-0.011328203682069105,0.30323182999994963,0.9777142166539097,0.5907716443345352,0.11448253635741047,0.07122246463509044,0.9991701244813278,0.11448253635741047,14209,0.025166960857460063,0.9748330391425399,0.025166960857460063
reuters-k500,GSI_MLC_PA_SVM,0.20,3,Operating Point,,0.0012630754553710712,1014,,0.8987030683504879,7.344222211217184,0.743947175348496,1363,0.0328799344639917,0.9889448540444964,0.3722222222222222,0.259271012923423,-0.0015654021785856953,0.31559334489522417,0.9873794518659107,0.5748643578186472,0.10129693164951213,0.0811914484746577,0.9958228905597326,0.10129693164951213,12489,0.01404306781466036,0.9859569321853396,0.01404306781466036
reuters-k500,GSI_MLC_PA_SVM,0.20,4,Operating Point,,0.0012577970657233675,967,,0.8899056611399885,6.684456802951111,0.7359208523592086,1314,0.024872476819478916,0.9893777838855969,0.40684963107943956,0.27672717142502895,0.007768607066926392,0.3079979671838677,0.9971463909525233,0.5847251386088966,0.11009433886001148,0.07100374476833834,1.0,0.11009433886001148,13619,0.003206642200501486,0.9967933577994985,0.003206642200501486
reuters-k500,GSI_MLC_PA_SVM,0.20,5,Operating Point,,0.0011707141264178259,1003,,0.8909170810309329,6.658102912636885,0.7262853005068791,1381,0.03457710430586186,0.9887613017684063,0.37590375071515053,0.2742380493102616,-0.001521822280454721,0.313408957987417,0.9872394794879515,0.5876470072976786,0.10908291896906713,0.07482840943002089,0.9991617770326907,0.10908291896906713,13404,0.0143229047727792,0.9856770952272208,0.0143229047727792
reuters-k500,GSI_MLC_PA_SVM,0.25,1,Operating Point,,0.0010657298511802464,1019,,0.9021465664613102,7.459551157406588,0.7299426934097422,1396,0.03726050704770506,0.9887430248685611,0.37917853187786743,0.28618107162372874,-0.001540173531593747,0.3013411503867337,0.9872028513369674,0.5875222220104624,0.0978534335386898,0.08397198187062217,0.9991694352159468,0.0978534335386898,12135,0.014185221269787385,0.9858147787302126,0.014185221269787385
reuters-k500,GSI_MLC_PA_SVM,0.25,2,Operating Point,,0.0013150972986564562,1012,,0.8855174636425895,6.49983543984136,0.7441176470588236,1360,0.050906417435442934,0.9890424203359788,0.3917763287887769,0.2875398143345856,-0.011328203682069105,0.30323182999994963,0.9777142166539097,0.5907716443345352,0.11448253635741047,0.07122246463509044,0.9991701244813278,0.11448253635741047,14209,0.025166960857460063,0.9748330391425399,0.025166960857460063
reuters-k500,GSI_MLC_PA_SVM,0.25,3,Operating Point,,0.0012630754553710712,1014,,0.8987030683504879,7.344222211217184,0.743947175348496,1363,0.0379447810464673,0.9889448540444964,0.3722222222222222,0.259271012923423,-0.0015654021785856953,0.31559334489522417,0.9873794518659107,0.5748643578186472,0.10129693164951213,0.0811914484746577,0.9958228905597326,0.10129693164951213,12489,0.01404306781466036,0.9859569321853396,0.01404306781466036
reuters-k500,GSI_MLC_PA_SVM,0.25,4,Operating Point,,0.0012577970657233675,967,,0.8899056611399885,6.684456802951111,0.7359208523592086,1314,0.030377193762479486,0.9893777838855969,0.40684963107943956,0.27672717142502895,0.007768607066926392,0.3079979671838677,0.9971463909525233,0.5847251386088966,0.11009433886001148,0.07100374476833834,1.0,0.11009433886001148,13619,0.003206642200501486,0.9967933577994985,0.003206642200501486
reuters-k500,GSI_MLC_PA_SVM,0.25,5,Operating Point,,0.0011707141264178259,1003,,0.8909170810309329,6.658102912636885,0.7262853005068791,1381,0.04003125025431522,0.9887613017684063,0.37590375071515053,0.2742380493102616,-0.001521822280454721,0.313408957987417,0.9872394794879515,0.5876470072976786,0.10908291896906713,0.07482840943002089,0.9991617770326907,0.10908291896906713,13404,0.0143229047727792,0.9856770952272208,0.0143229047727792
reuters-k500,GSI_MLC_PA_SVM,0.30,1,Operating Point,,0.0010657298511802464,1019,,0.9021465664613102,7.459551157406588,0.7299426934097422,1396,0.04215317872463955,0.9887430248685611,0.37917853187786743,0.28618107162372874,-0.001540173531593747,0.3013411503867337,0.9872028513369674,0.5875222220104624,0.0978534335386898,0.08397198187062217,0.9991694352159468,0.0978534335386898,12135,0.014185221269787385,0.9858147787302126,0.014185221269787385
reuters-k500,GSI_MLC_PA_SVM,0.30,2,Operating Point,,0.0013150972986564562,1012,,0.8855174636425895,6.49983543984136,0.7441176470588236,1360,0.05663054425331346,0.9890424203359788,0.3917763287887769,0.2875398143345856,-0.011328203682069105,0.30323182999994963,0.9777142166539097,0.5907716443345352,0.11448253635741047,0.07122246463509044,0.9991701244813278,0.11448253635741047,14209,0.025166960857460063,0.9748330391425399,0.025166960857460063
reuters-k500,GSI_MLC_PA_SVM,0.30,3,Operating Point,,0.0012630754553710712,1014,,0.8987030683504879,7.344222211217184,0.743947175348496,1363,0.043009627628942906,0.9889448540444964,0.3722222222222222,0.259271012923423,-0.0015654021785856953,0.31559334489522417,0.9873794518659107,0.5748643578186472,0.10129693164951213,0.0811914484746577,0.9958228905597326,0.10129693164951213,12489,0.01404306781466036,0.9859569321853396,0.01404306781466036
reuters-k500,GSI_MLC_PA_SVM,0.30,4,Operating Point,,0.0012577970657233675,967,,0.8899056611399885,6.684456802951111,0.7359208523592086,1314,0.035881910705480066,0.9893777838855969,0.40684963107943956,0.27672717142502895,0.007768607066926392,0.3079979671838677,0.9971463909525233,0.5847251386088966,0.11009433886001148,0.07100374476833834,1.0,0.11009433886001148,13619,0.003206642200501486,0.9967933577994985,0.003206642200501486
reuters-k500,GSI_MLC_PA_SVM,0.30,5,Operating Point,,0.0011707141264178259,1003,,0.8909170810309329,6.658102912636885,0.7262853005068791,1381,0.045485396202768584,0.9887613017684063,0.37590375071515053,0.2742380493102616,-0.001521822280454721,0.313408957987417,0.9872394794879515,0.5876470072976786,0.10908291896906713,0.07482840943002089,0.9991617770326907,0.10908291896906713,13404,0.0143229047727792,0.9856770952272208,0.0143229047727792
reuters-k500,GSI_MLC_PA_SVM,0.35,1,Operating Point,,0.0010657298511802464,1019,,0.9021465664613102,7.459551157406588,0.7299426934097422,1396,0.04704585040157403,0.9887430248685611,0.37917853187786743,0.28618107162372874,-0.001540173531593747,0.3013411503867337,0.9872028513369674,0.5875222220104624,0.0978534335386898,0.08397198187062217,0.9991694352159468,0.0978534335386898,12135,0.014185221269787385,0.9858147787302126,0.014185221269787385
reuters-k500,GSI_MLC_PA_SVM,0.35,2,Operating Point,,0.0013150972986564562,1012,,0.8855174636425895,6.49983543984136,0.7441176470588236,1360,0.06235467107118398,0.9890424203359788,0.3917763287887769,0.2875398143345856,-0.011328203682069105,0.30323182999994963,0.9777142166539097,0.5907716443345352,0.11448253635741047,0.07122246463509044,0.9991701244813278,0.11448253635741047,14209,0.025166960857460063,0.9748330391425399,0.025166960857460063
reuters-k500,GSI_MLC_PA_SVM,0.35,3,Operating Point,,0.0012630754553710712,1014,,0.8987030683504879,7.344222211217184,0.743947175348496,1363,0.048074474211418514,0.9889448540444964,0.3722222222222222,0.259271012923423,-0.0015654021785856953,0.31559334489522417,0.9873794518659107,0.5748643578186472,0.10129693164951213,0.0811914484746577,0.9958228905597326,0.10129693164951213,12489,0.01404306781466036,0.9859569321853396,0.01404306781466036
reuters-k500,GSI_MLC_PA_SVM,0.35,4,Operating Point,,0.0012577970657233675,966,,0.8995982312474232,7.322179942499577,0.7351598173515982,1314,0.04769488209663468,0.9893777838855969,0.40684963107943956,0.27672717142502895,-0.001932046918829755,0.2983053836257203,0.9874457369667672,0.5750325550507492,0.10040176875257674,0.07777777777777778,0.9966694421315571,0.10040176875257674,12420,0.013955410979215155,0.9860445890207848,0.013955410979215155
reuters-k500,GSI_MLC_PA_SVM,0.35,5,Operating Point,,0.0011707141264178259,1003,,0.8909170810309329,6.658102912636885,0.7262853005068791,1381,0.05093954215122193,0.9887613017684063,0.37590375071515053,0.2742380493102616,-0.001521822280454721,0.313408957987417,0.9872394794879515,0.5876470072976786,0.10908291896906713,0.07482840943002089,0.9991617770326907,0.10908291896906713,13404,0.0143229047727792,0.9856770952272208,0.0143229047727792
reuters-k500,GSI_MLC_PA_SVM,0.40,1,Operating Point,,0.0010657298511802464,1019,,0.9021465664613102,7.459551157406588,0.7299426934097422,1396,0.05193852207850854,0.9887430248685611,0.37917853187786743,0.28618107162372874,-0.001540173531593747,0.3013411503867337,0.9872028513369674,0.5875222220104624,0.0978534335386898,0.08397198187062217,0.9991694352159468,0.0978534335386898,12135,0.014185221269787385,0.9858147787302126,0.014185221269787385
reuters-k500,GSI_MLC_PA_SVM,0.40,2,Operating Point,,0.0013150972986564562,997,,0.8940901583209121,6.921814098404671,0.7330882352941176,1360,0.07420537404826169,0.9890424203359788,0.3917763287887769,0.2875398143345856,-0.020883857712605258,0.2938245072002796,0.9681585626233735,0.5813643215348652,0.10590984167908794,0.07584632940281476,0.9983402489626556,0.10590984167908794,13145,0.03561322880057671,0.9643867711994233,0.03561322880057671
reuters-k500,GSI_MLC_PA_SVM,0.40,3,Operating Point,,0.0012630754553710712,1014,,0.8987030683504879,7.344222211217184,0.743947175348496,1363,0.05313932079389412,0.9889448540444964,0.3722222222222222,0.259271012923423,-0.0015654021785856953,0.31559334489522417,0.9873794518659107,0.5748643578186472,0.10129693164951213,0.0811914484746577,0.9958228905597326,0.10129693164951213,12489,0.01404306781466036,0.9859569321853396,0.01404306781466036
reuters-k500,GSI_MLC_PA_SVM,0.40,4,Operating Point,,0.0012577970657233675,966,,0.8995982312474232,7.322179942499577,0.7351598173515982,1314,0.05271497053426352,0.9893777838855969,0.40684963107943956,0.27672717142502895,-0.001932046918829755,0.2983053836257203,0.9874457369667672,0.5750325550507492,0.10040176875257674,0.07777777777777778,0.9966694421315571,0.10040176875257674,12420,0.013955410979215155,0.9860445890207848,0.013955410979215155
reuters-k500,GSI_MLC_PA_SVM,0.40,5,Operating Point,,0.0011707141264178259,989,,0.8991365489628008,7.100170692950514,0.7161477190441708,1381,0.06261932470153567,0.9887613017684063,0.37590375071515053,0.2742380493102616,-0.011035246055062231,0.3045141331271121,0.977726055713344,0.5787521824373737,0.1008634510371992,0.07979667581087622,0.9983235540653814,0.1008634510371992,12394,0.024772593564737266,0.9752274064352627,0.024772593564737266
reuters-k500,GSI_MLC_PA_SVM,0.50,1,Operating Point,,0.0010657298511802464,1018,,0.9095490758958811,8.06212173346177,0.7292263610315186,1396,0.06770715737186724,0.9887430248685611,0.37917853187786743,0.28618107162372874,-0.011224720188368842,0.2949008599296341,0.9775183046801923,0.5810819315533629,0.09045092410411895,0.09075510386021218,0.9933554817275747,0.09045092410411895,11217,0.024717407686510873,0.9752825923134891,0.024717407686510873
reuters-k500,GSI_MLC_PA_SVM,0.50,2,Operating Point,,0.0013150972986564562,991,,0.9005438504612657,7.3266105109412525,0.7286764705882353,1360,0.09110905208878863,0.9890424203359788,0.3917763287887769,0.2875398143345856,-0.030423397655400253,0.2854646465371758,0.9586190226805785,0.5730044608717614,0.09945614953873423,0.08028191834089436,0.9983402489626556,0.09945614953873423,12344,0.045951096438253236,0.9540489035617468,0.045951096438253236
reuters-k500,GSI_MLC_PA_SVM,0.50,3,Operating Point,,0.0012630754553710712,1014,,0.8987030683504879,7.344222211217184,0.743947175348496,1363,0.06326901395884534,0.9889448540444964,0.3722222222222222,0.259271012923423,-0.0015654021785856953,0.31559334489522417,0.9873794518659107,0.5748643578186472,0.10129693164951213,0.0811914484746577,0.9958228905597326,0.10129693164951213,12489,0.01404306781466036,0.9859569321853396,0.01404306781466036
reuters-k500,GSI_MLC_PA_SVM,0.50,4,Operating Point,,0.0012577970657233675,957,,0.90609766941788,7.7560428774041785,0.728310502283105,1314,0.0690201531086554,0.9893777838855969,0.40684963107943956,0.27672717142502895,-0.011446771703192304,0.28999345298369256,0.9779310121824046,0.5667206244087215,0.09390233058212008,0.08238636363636363,0.9933388842631141,0.09390233058212008,11616,0.02435608054457694,0.9756439194554231,0.02435608054457694
reuters-k500,GSI_MLC_PA_SVM,0.50,5,Operating Point,,0.0011707141264178259,989,,0.8991365489628008,7.100170692950514,0.7161477190441708,1381,0.07270566980525557,0.9887613017684063,0.37590375071515053,0.2742380493102616,-0.011035246055062231,0.3045141331271121,0.977726055713344,0.5787521824373737,0.1008634510371992,0.07979667581087622,0.9983235540653814,0.1008634510371992,12394,0.024772593564737266,0.9752274064352627,0.024772593564737266
bibtex,MLC_PA_Logistic,0.20,1,Operating Point,,0.0018034435302149306,786,,0.9911058557400648,29.755135166695858,0.26464646464646463,2970,0.011135674258392883,0.987275718472058,0.3763596587336369,0.27760911650703884,0.003367436121536227,0.17348076493655679,0.9906431545935942,0.45108988144359563,0.008894144259935222,0.3786127167630058,0.6920980926430518,0.008894144259935222,2076,0.009440813362382006,0.990559186637618,0.009440813362382006
bibtex,MLC_PA_Logistic,0.20,2,Operating Point,,0.0016878702046238356,753,,0.9915447528106144,30.49901517397329,0.25787671232876713,2920,0.010912247555339953,0.9875745738334142,0.3900530939595109,0.29309886336100155,0.0032042280491230146,0.1589029378486213,0.9907788018825372,0.45200180120962286,0.008455247189385623,0.3789632611977856,0.6745602165087957,0.008455247189385623,1987,0.00929983048301608,0.9907001695169839,0.00929983048301608
bibtex,MLC_PA_Logistic,0.20,3,Operating Point,,0.001677850591107303,804,,0.9913475371367686,31.255136187353653,0.2704339051463169,2973,0.01072291803999121,0.9876742826581759,0.3615777432850603,0.2651266786037842,0.0033332918744791717,0.17728699737984827,0.9910075745326551,0.44241367598363246,0.008652462863231385,0.38524197412553907,0.6888595912986157,0.008652462863231385,2087,0.00907091118954817,0.9909290888104518,0.00907091118954817
bibtex,MLC_PA_Logistic,0.20,4,Operating Point,,0.0017151798875022816,764,,0.991365089184452,30.383942922748894,0.2623626373626374,2912,0.01095473760181462,0.9874901192562807,0.3774538170542269,0.2909181902511882,0.0032821253050142607,0.1689063862193005,0.990772244561295,0.4598245764704887,0.008634910815547995,0.3800995024875622,0.6782786885245902,0.008634910815547995,2010,0.009308130313824381,0.9906918696861756,0.009308130313824381
bibtex,MLC_PA_Logistic,0.20,5,Operating Point,,0.0016149834016957424,795,,0.9912943636145528,30.840981978316538,0.2684903748733536,2961,0.011020855825750174,0.9873142769009305,0.3897990581609541,0.28992876233029957,0.0034059945504086864,0.1740951248258401,0.9907202714513392,0.4640238871561397,0.008705636385447192,0.391240157480315,0.6825613079019074,0.008705636385447192,2032,0.009361223960584364,0.9906387760394156,0.009361223960584364
bibtex,MLC_PA_Logistic,0.25,1,Operating Point,,0.0018034435302149306,652,,0.9931708738196836,32.14593107993358,0.21952861952861952,2970,0.011638219114698473,0.987275718472058,0.3763596587336369,0.27760911650703884,0.002793343958322647,0.14185335250453296,0.9900690624303806,0.4194624690115718,0.006829126180316351,0.4090338770388959,0.6096730245231607,0.006829126180316351,1594,0.009999223528802781,0.9900007764711972,0.009999223528802781
bibtex,MLC_PA_Logistic,0.25,2,Operating Point,,0.0016878702046238356,601,,0.9936426072969592,32.37520905539968,0.20582191780821918,2920,0.0114573492991549,0.9875745738334142,0.3900530939595109,0.29309886336100155,0.0025574250431911194,0.12428980577478466,0.9901319988766053,0.4173886691357862,0.006357392703040825,0.40227576974564927,0.5926928281461434,0.006357392703040825,1494,0.00993113726296313,0.9900688627370369,0.00993113726296313
bibtex,MLC_PA_Logistic,0.25,3,Operating Point,,0.001677850591107303,642,,0.9934370633864421,32.9034857622583,0.21594349142280525,2973,0.01130479305812946,0.9876742826581759,0.3615777432850603,0.2651266786037842,0.0026616584370841023,0.13332079001279873,0.99033594109526,0.3984474686165829,0.006562936613557875,0.40555906506632977,0.5906394199077126,0.006562936613557875,1583,0.009727902512311148,0.9902720974876889,0.009727902512311148
bibtex,MLC_PA_Logistic,0.25,4,Operating Point,,0.0017151798875022816,619,,0.9933197580506582,31.820506342532063,0.2125686813186813,2912,0.011520732377908375,0.9874901192562807,0.3774538170542269,0.2909181902511882,0.002659208853146411,0.13300040875172303,0.9901493281094271,0.42391859900291123,0.006680241949341857,0.39807073954983924,0.592896174863388,0.006680241949341857,1555,0.00991691931096228,0.9900830806890377,0.00991691931096228
bibtex,MLC_PA_Logistic,0.25,5,Operating Point,,0.0016149834016957424,652,,0.9932565592171783,32.65334224203077,0.22019587977034785,2961,0.011578239336452282,0.9873142769009305,0.3897990581609541,0.28992876233029957,0.002793343958322647,0.13652287976742938,0.9901076208592532,0.42645164209772896,0.006743440782821792,0.4142312579415502,0.6001362397820164,0.006743440782821792,1574,0.009959540713774251,0.9900404592862257,0.009959540713774251
bibtex,MLC_PA_Logistic,0.30,1,Operating Point,,0.0018034435302149306,520,,0.9948031806419549,33.690640951976484,0.1750841750841751,2970,0.012055507000496976,0.987275718472058,0.3763596587336369,0.27760911650703884,0.0022278203348585768,0.11093960925575641,0.9895035388069165,0.38854872576279526,0.005196819358045002,0.42868920032976093,0.5143051771117166,0.005196819358045002,1213,0.010551294363886132,0.9894487056361139,0.010551294363886132
bibtex,MLC_PA_Logistic,0.30,2,Operating Point,,0.0016878702046238356,468,,0.9952511042459213,33.749734865223154,0.16027397260273973,2920,0.011858622479808683,0.9875745738334142,0.3900530939595109,0.29309886336100155,0.0019914724130007944,0.09384198069268518,0.989566046246415,0.3869408440536867,0.004748895754078689,0.41935483870967744,0.5081190798376184,0.004748895754078689,1116,0.010483739941680947,0.989516260058319,0.010483739941680947
bibtex,MLC_PA_Logistic,0.30,3,Operating Point,,0.001677850591107303,500,,0.9951202928653458,34.46524240680997,0.16818028927009754,2973,0.011716686774210935,0.9876742826581759,0.3615777432850603,0.2651266786037842,0.0020729427080093954,0.09730863697569098,0.9897472253661853,0.36243531557947517,0.004879707134654213,0.42480883602378927,0.4970336189848385,0.004879707134654213,1177,0.010303050502862177,0.9896969494971378,0.010303050502862177
bibtex,MLC_PA_Logistic,0.30,4,Operating Point,,0.0017151798875022816,488,,0.9950768120424786,34.03941085092917,0.16758241758241757,2912,0.011890401072275493,0.9874901192562807,0.3774538170542269,0.2909181902511882,0.002096436058700246,0.10253008815943448,0.989586555314981,0.3934482784106227,0.004923187957521394,0.4258289703315881,0.4959016393442623,0.004923187957521394,1146,0.010464965678021021,0.989535034321979,0.010464965678021021
bibtex,MLC_PA_Logistic,0.30,5,Operating Point,,0.0016149834016957424,514,,0.9949402772779463,34.30820479956625,0.17359000337723743,2961,0.012001525200075403,0.9873142769009305,0.3897990581609541,0.28992876233029957,0.0022021147156101595,0.09997635889565881,0.9895163916165407,0.3899051212259584,0.005059722722053708,0.43522438611346315,0.5088555858310627,0.005059722722053708,1181,0.010536922288583384,0.9894630777114166,0.010536922288583384
bibtex,MLC_PA_Logistic,0.35,1,Operating Point,,0.0018034435302149306,388,,0.99622127397049,34.57242722004627,0.13063973063973064,2970,0.012384538926876082,0.987275718472058,0.3763596587336369,0.27760911650703884,0.0016622967113945064,0.07909529578420893,0.9889380151834525,0.3567044122912478,0.0037787260295100507,0.4399092970521542,0.41757493188010897,0.0037787260295100507,882,0.011103943577172815,0.9888960564228272,0.011103943577172815
bibtex,MLC_PA_Logistic,0.35,2,Operating Point,,0.0016878702046238356,339,,0.9967106662922017,35.29465257225894,0.1160958904109589,2920,0.01213415204976979,0.9875745738334142,0.3900530939595109,0.29309886336100155,0.0014425409145454315,0.060936103669347375,0.9890171147479596,0.3540349670303489,0.0032893337077982317,0.4385510996119017,0.3944519621109608,0.0032893337077982317,773,0.011019130850577818,0.9889808691494222,0.011019130850577818
bibtex,MLC_PA_Logistic,0.35,3,Operating Point,,0.001677850591107303,373,,0.9965257480213762,36.11208875102654,0.12546249579549276,2973,0.011995290274167403,0.9876742826581759,0.3615777432850603,0.2651266786037842,0.0015464152601749603,0.06553091924367271,0.9892206979183509,0.3306575978474569,0.0034742519786238146,0.4451073985680191,0.4034278180619644,0.0034742519786238146,838,0.010816882657624816,0.9891831173423752,0.010816882657624816
bibtex,MLC_PA_Logistic,0.35,4,Operating Point,,0.0017151798875022816,371,,0.9964386362855278,35.77389347684884,0.12740384615384615,2912,0.012162551122108806,0.9874901192562807,0.3774538170542269,0.2909181902511882,0.0015938069216757667,0.07090397199446075,0.9890839261779565,0.36182216224564895,0.0035613637144722822,0.44752714113389624,0.4036885245901639,0.0035613637144722822,829,0.010955088878062624,0.9890449111219374,0.010955088878062624
bibtex,MLC_PA_Logistic,0.35,5,Operating Point,,0.0016149834016957424,390,,0.9962641166692372,35.25598839965422,0.13171225937183384,2961,0.012322417013692525,0.9873142769009305,0.3897990581609541,0.28992876233029957,0.0016708652511439048,0.07272979721688572,0.9889851421520744,0.3626585595471853,0.0037358833307627715,0.44724770642201833,0.414850136239782,0.0037358833307627715,872,0.011056162380665646,0.9889438376193344,0.011056162380665646
bibtex,MLC_PA_Logistic,0.40,1,Operating Point,,0.0018034435302149306,264,,0.9975365448220315,36.08301449275363,0.08888888888888889,2970,0.012578616352201259,0.987275718472058,0.3763596587336369,0.27760911650703884,0.0011310472469282518,0.052598919753276796,0.9884067657189862,0.33020803626031564,0.0024634551779685707,0.4591304347826087,0.30994550408719346,0.0024634551779685707,575,0.01162186422261069,0.9883781357773893,0.01162186422261069
bibtex,MLC_PA_Logistic,0.40,2,Operating Point,,0.0016878702046238356,225,,0.9979446983429928,37.49074704330809,0.07705479452054795,2920,0.012290108169292175,0.9875745738334142,0.3900530939595109,0.29309886336100155,0.0009574386600965656,0.041383958859949554,0.9885320124935107,0.3344828222209511,0.0020553016570071746,0.4658385093167702,0.2699594046008119,0.0020553016570071746,483,0.011491606223802742,0.9885083937761973,0.011491606223802742
bibtex,MLC_PA_Logistic,0.40,3,Operating Point,,0.001677850591107303,243,,0.9978151183857581,37.40963357121111,0.08173562058526741,2973,0.0121922198314283,0.9876742826581759,0.3615777432850603,0.2651266786037842,0.0010074501560926041,0.04003626140121036,0.9886817328142685,0.30516294000499455,0.0021848816142419456,0.46110056925996207,0.2854317732366513,0.0021848816142419456,527,0.011343050408017419,0.9886569495919826,0.011343050408017419
bibtex,MLC_PA_Logistic,0.40,4,Operating Point,,0.0017151798875022816,251,,0.9977102450424442,37.64379007484073,0.08619505494505494,2912,0.012347492868680619,0.9874901192562807,0.3774538170542269,0.2909181902511882,0.0010782898580609102,0.04720820973311529,0.9885684091143416,0.3381263999843035,0.002289754957555762,0.4709193245778612,0.29030054644808745,0.002289754957555762,533,0.011457826500691048,0.988542173499309,0.011457826500691048
bibtex,MLC_PA_Logistic,0.40,5,Operating Point,,0.0016149834016957424,268,,0.9974851335835347,35.98996839665222,0.09050996285038838,2961,0.012543485339228489,0.9873142769009305,0.3897990581609541,0.28992876233029957,0.0011481843264270486,0.04874398204280228,0.9884624612273576,0.33867274437310185,0.002514866416465306,0.4565587734241908,0.30994550408719346,0.002514866416465306,587,0.011566627295178766,0.9884333727048212,0.011566627295178766
bibtex,MLC_PA_Logistic,0.50,1,Operating Point,,0.0018034435302149306,0,,1.0,,0.0,2970,0.012724281527942008,0.987275718472058,0.3763596587336369,0.27760911650703884,0.0,0.0,0.987275718472058,0.27760911650703884,0.0,,0.0,0.0,0,0.012724281527942027,0.987275718472058,0.012724281527942027
bibtex,MLC_PA_Logistic,0.50,2,Operating Point,,0.0016878702046238356,0,,1.0,,0.0,2920,0.012425426166585816,0.9875745738334142,0.3900530939595109,0.29309886336100155,0.0,0.0,0.9875745738334142,0.29309886336100155,0.0,,0.0,0.0,0,0.012425426166585818,0.9875745738334142,0.012425426166585818
bibtex,MLC_PA_Logistic,0.50,3,Operating Point,,0.001677850591107303,0,,1.0,,0.0,2973,0.012325717341824107,0.9876742826581759,0.3615777432850603,0.2651266786037842,0.0,0.0,0.9876742826581759,0.2651266786037842,0.0,,0.0,0.0,0,0.012325717341824083,0.9876742826581759,0.012325717341824083
bibtex,MLC_PA_Logistic,0.50,4,Operating Point,,0.0017151798875022816,0,,1.0,,0.0,2912,0.012509880743719283,0.9874901192562807,0.3774538170542269,0.2909181902511882,0.0,0.0,0.9874901192562807,0.2909181902511882,0.0,,0.0,0.0,0,0.012509880743719282,0.9874901192562807,0.012509880743719282
bibtex,MLC_PA_Logistic,0.50,5,Operating Point,,0.0016149834016957424,0,,1.0,,0.0,2961,0.012685723099069457,0.9873142769009305,0.3897990581609541,0.28992876233029957,0.0,0.0,0.9873142769009305,0.28992876233029957,0.0,,0.0,0.0,0,0.012685723099069457,0.9873142769009305,0.012685723099069457
bibtex,MLC_PA_MLP,0.20,1,Operating Point,,0.0042931920667297774,366,,0.9952101862800542,23.88626365238243,0.11441075336042514,3199,0.013095299299093446,0.9862946206707452,0.19028534665455643,0.04948639186322863,0.0015680427741504577,0.07282863491957331,0.9878626634448957,0.12231502678280194,0.004789813719945846,0.32737030411449014,0.49114441416893734,0.004789813719945846,1118,0.01219575193504785,0.9878042480649522,0.01219575193504785
bibtex,MLC_PA_MLP,0.20,2,Operating Point,,0.004134413204507554,348,,0.9954298261291393,23.96786258776858,0.10953729933899906,3177,0.012952230193785585,0.9864809661194373,0.19385269669437466,0.05518762703170259,0.001480838460949263,0.06587541810527522,0.9879618045803865,0.12106304513697781,0.004570173870860674,0.3240223463687151,0.4465493910690122,0.004570173870860674,1074,0.01209346465579153,0.9879065353442085,0.01209346465579153
bibtex,MLC_PA_MLP,0.20,3,Operating Point,,0.004132128212998748,389,,0.9951327305215938,25.22778009008312,0.12279040404040405,3168,0.012494869466797677,0.9868658350020522,0.17371901518242983,0.050670913405269156,0.001612749426831428,0.07677481014386855,0.9884785844288836,0.12744572354913772,0.004867269478406155,0.3313458262350937,0.48450889914304546,0.004867269478406155,1174,0.011577767686404505,0.9884222323135955,0.011577767686404505
bibtex,MLC_PA_MLP,0.20,4,Operating Point,,0.004315844583295031,340,,0.9950854039935388,21.727914045753245,0.10678391959798995,3184,0.013200673608963124,0.9863216139120872,0.1965660679476469,0.054627215848130475,0.0014606316802419084,0.0751952062821007,0.9877822455923291,0.12982242213023118,0.004914596006461147,0.2972027972027972,0.4883879781420765,0.004914596006461147,1144,0.012278096290668006,0.987721903709332,0.012278096290668006
bibtex,MLC_PA_MLP,0.20,5,Operating Point,,0.0043278809423650325,371,,0.9950987952633112,23.537212321260828,0.11536069651741293,3216,0.013168988740938768,0.986221788082875,0.19148339172181134,0.05681494950915438,0.0015894641235240092,0.07920667494847541,0.987811252206399,0.1360216244576298,0.0049012047366887735,0.3243006993006993,0.47956403269754766,0.0049012047366887735,1144,0.01224878157989906,0.9877512184201009,0.01224878157989906
bibtex,MLC_PA_MLP,0.25,1,Operating Point,,0.0042931920667297774,288,,0.9967225335458331,27.468819300148944,0.09002813379180995,3199,0.01329087621887478,0.9862946206707452,0.19028534665455643,0.04948639186322863,0.001233869723921699,0.051300248056147094,0.987528490394667,0.10078663991937573,0.003277466454166881,0.3764705882352941,0.3821525885558583,0.003277466454166881,765,0.01251251896650285,0.9874874810334971,0.01251251896650285
bibtex,MLC_PA_MLP,0.25,2,Operating Point,,0.004134413204507554,284,,0.9968000272338108,27.935396701022647,0.08939250865596475,3177,0.013110526718921541,0.9864809661194373,0.19385269669437466,0.05518762703170259,0.0012085003531885352,0.049397473190233465,0.9876894664726258,0.10458510022193605,0.0031999727661892238,0.3776595744680851,0.34709066305818675,0.0031999727661892238,752,0.012350053361792956,0.987649946638207,0.012350053361792956
bibtex,MLC_PA_MLP,0.25,3,Operating Point,,0.004132128212998748,297,,0.9966625622401049,28.09041149068323,0.09375,3168,0.01273719646936398,0.9868658350020522,0.17371901518242983,0.050670913405269156,0.0012313279685576273,0.05654631302780857,0.9880971629706098,0.10721722643307773,0.003337437759895192,0.368944099378882,0.3744232036914964,0.003337437759895192,805,0.011942695030740635,0.9880573049692594,0.011942695030740635
bibtex,MLC_PA_MLP,0.25,4,Operating Point,,0.004315844583295031,265,,0.9967049867683954,25.25897086475402,0.08322864321608041,3184,0.013363705880331306,0.9863216139120872,0.1965660679476469,0.054627215848130475,0.0011384335154827063,0.05454765101770756,0.9874600474275699,0.10917486686583804,0.003295013231604633,0.3455019556714472,0.36885245901639346,0.003295013231604633,767,0.012581408479843459,0.9874185915201565,0.012581408479843459
bibtex,MLC_PA_MLP,0.25,5,Operating Point,,0.0043278809423650325,281,,0.996645416688088,26.04663940832237,0.08737562189054726,3216,0.013412977910304526,0.986221788082875,0.19148339172181134,0.05681494950915438,0.001203879834798527,0.05589850279978196,0.9874256679176735,0.11271345230893634,0.003354583311911984,0.35887611749680715,0.3698910081743869,0.003354583311911984,783,0.012616655705006696,0.9873833442949933,0.012616655705006696
bibtex,MLC_PA_MLP,0.30,1,Operating Point,,0.0042931920667297774,222,,0.9977079156170205,30.27667174029267,0.06939668646452016,3199,0.01344189673195894,0.9862946206707452,0.19028534665455643,0.04948639186322863,0.0009511079121896637,0.0367984616295737,0.9872457285829349,0.08628485349280234,0.0022920843829794526,0.41495327102803736,0.28814713896457766,0.0022920843829794526,535,0.012783572443822222,0.9872164275561778,0.012783572443822222
bibtex,MLC_PA_MLP,0.30,2,Operating Point,,0.004134413204507554,212,,0.997761721176841,29.812916267229653,0.06672961913755115,3177,0.013288397545552805,0.9864809661194373,0.19385269669437466,0.05518762703170259,0.0009021199819576609,0.03562531574931842,0.9873830861013949,0.090812942781021,0.002238278823158952,0.40304182509505704,0.26860622462787553,0.002238278823158952,526,0.012645217420972688,0.9873547825790273,0.012645217420972688
bibtex,MLC_PA_MLP,0.30,3,Operating Point,,0.004132128212998748,232,,0.9976244076566212,30.826973927759266,0.07323232323232323,3168,0.012884997284445053,0.9868658350020522,0.17371901518242983,0.050670913405269156,0.0009618454165164492,0.04057648946077435,0.9878276804185686,0.0912474028660435,0.002375592343378814,0.4048865619546248,0.2926829268292683,0.002375592343378814,573,0.012201304907950017,0.98779869509205,0.012201304907950017
bibtex,MLC_PA_MLP,0.30,4,Operating Point,,0.004315844583295031,199,,0.9976715812626731,26.842250922509223,0.0625,3184,0.013522012578616354,0.9863216139120872,0.1965660679476469,0.054627215848130475,0.0008548991304945242,0.04035624977375822,0.9871765130425817,0.0949834656218887,0.0023284187373268724,0.3671586715867159,0.2739071038251366,0.0023284187373268724,542,0.012853415089952414,0.9871465849100476,0.012853415089952414
bibtex,MLC_PA_MLP,0.30,5,Operating Point,,0.0043278809423650325,213,,0.9976265144894008,27.90467562907484,0.06623134328358209,3216,0.013577708086987817,0.986221788082875,0.19148339172181134,0.05681494950915438,0.0009125494833169823,0.03913409460813443,0.987134337566192,0.09594904411728881,0.0023734855105992836,0.3844765342960289,0.2963215258855586,0.0023734855105992836,554,0.012896271547466642,0.9871037284525334,0.012896271547466642
bibtex,MLC_PA_MLP,0.35,1,Operating Point,,0.0042931920667297774,174,,0.9983762617174781,33.4980077052443,0.054391997499218504,3199,0.01352822476993471,0.9862946206707452,0.19028534665455643,0.04948639186322863,0.0007454629582026584,0.025706529140247777,0.9870400836289479,0.07519292100347641,0.0016237382825218926,0.45910290237467016,0.22002724795640327,0.0016237382825218926,379,0.012980994108130584,0.9870190058918694,0.012980994108130584
bibtex,MLC_PA_MLP,0.35,2,Operating Point,,0.004134413204507554,155,,0.998459587577978,31.672144575044733,0.048788164935473714,3177,0.013398609373537245,0.9864809661194373,0.19385269669437466,0.05518762703170259,0.0006595688547331724,0.024277982659502415,0.9871405349741704,0.079465609691205,0.0015404124220219403,0.4281767955801105,0.19891745602165087,0.0015404124220219403,362,0.012879304466416608,0.9871206955335834,0.012879304466416608
bibtex,MLC_PA_MLP,0.35,3,Operating Point,,0.004132128212998748,174,,0.9983623752606725,33.5389672036824,0.054924242424242424,3168,0.012985949594325112,0.9868658350020522,0.17371901518242983,0.050670913405269156,0.0007213840623873091,0.02760425599045275,0.9875872190644395,0.0782751693957219,0.0016376247393274544,0.44050632911392407,0.21819380355965723,0.0016376247393274544,395,0.012433141756087784,0.9875668582439122,0.012433141756087784
bibtex,MLC_PA_MLP,0.35,4,Operating Point,,0.004315844583295031,145,,0.9984491528336255,29.364725288492323,0.04554020100502513,3184,0.013598266144276044,0.9863216139120872,0.1965660679476469,0.054627215848130475,0.0006229164518678498,0.02446091401044781,0.986944530363955,0.07908812985857828,0.0015508471663745404,0.40166204986149584,0.20491803278688525,0.0015508471663745404,361,0.013075748122969744,0.9869242518770303,0.013075748122969744
bibtex,MLC_PA_MLP,0.35,5,Operating Point,,0.0043278809423650325,161,,0.9983762617174781,30.831439766864886,0.05006218905472637,3216,0.013656752866176547,0.986221788082875,0.19148339172181134,0.05681494950915438,0.0006897674498311801,0.026749478231705225,0.9869115555327062,0.0835644277408596,0.0016237382825218926,0.42480211081794195,0.2125340599455041,0.0016237382825218926,379,0.013109731239781541,0.9868902687602185,0.013109731239781541
bibtex,MLC_PA_MLP,0.40,1,Operating Point,,0.0042931920667297774,116,,0.9989589224204412,34.830575912997496,0.03626133166614567,3199,0.013624835055609822,0.9862946206707452,0.19028534665455643,0.04948639186322863,0.0004969753054684389,0.017105030370015775,0.9867915959762137,0.06659142223324441,0.0010410775795588916,0.4773662551440329,0.1478201634877384,0.0010410775795588916,243,0.013222169327826605,0.9867778306721734,0.013222169327826605
bibtex,MLC_PA_MLP,0.40,2,Operating Point,,0.004134413204507554,109,,0.9989914979446983,34.01985791866381,0.034309096632042804,3177,0.013458608862903293,0.9864809661194373,0.19385269669437466,0.05518762703170259,0.0004638258397801076,0.016650693891385446,0.9869447919592174,0.07183832092308803,0.001008502055301657,0.459915611814346,0.13667117726657646,0.001008502055301657,237,0.013068387536472659,0.9869316124635273,0.013068387536472659
bibtex,MLC_PA_MLP,0.40,3,Operating Point,,0.004132128212998748,101,,0.9990464463543156,33.43421030961791,0.03188131313131313,3168,0.013096852029203616,0.9868658350020522,0.17371901518242983,0.050670913405269156,0.0004187344270180082,0.01651772757923941,0.9872845694290702,0.06718864098450857,0.0009535536456843406,0.4391304347826087,0.13711272247857614,0.0009535536456843406,230,0.012727566988832817,0.9872724330111672,0.012727566988832817
bibtex,MLC_PA_MLP,0.40,4,Operating Point,,0.004315844583295031,91,,0.9990591813589029,30.3782267501893,0.02858040201005025,3184,0.013663779771110423,0.9863216139120872,0.1965660679476469,0.054627215848130475,0.0003909337732411755,0.015240994054822446,0.9867125476853283,0.06986820990295292,0.0009408186410970204,0.4155251141552511,0.13524590163934427,0.0009408186410970204,219,0.013299965169829342,0.9867000348301707,0.013299965169829342
bibtex,MLC_PA_MLP,0.40,5,Operating Point,,0.0043278809423650325,102,,0.9990060493890631,31.909450591868247,0.03171641791044776,3216,0.013738796634277585,0.986221788082875,0.19148339172181134,0.05681494950915438,0.0004369955272222059,0.01540942946589837,0.9866587836100972,0.07222437897505275,0.0009939506109368842,0.4396551724137931,0.14100817438692098,0.0009939506109368842,232,0.01335449009348999,0.98664550990651,0.01335449009348999
bibtex,MLC_PA_MLP,0.50,1,Operating Point,,0.0042931920667297774,0,,1.0,,0.0,3199,0.013705379329254709,0.9862946206707452,0.19028534665455643,0.04948639186322863,0.0,0.0,0.9862946206707452,0.04948639186322863,0.0,,0.0,0.0,0,0.013705379329254752,0.9862946206707452,0.013705379329254752
bibtex,MLC_PA_MLP,0.50,2,Operating Point,,0.004134413204507554,0,,1.0,,0.0,3177,0.013519033880562718,0.9864809661194373,0.19385269669437466,0.05518762703170259,0.0,0.0,0.9864809661194373,0.05518762703170259,0.0,,0.0,0.0,0,0.013519033880562747,0.9864809661194373,0.013519033880562747
bibtex,MLC_PA_MLP,0.50,3,Operating Point,,0.004132128212998748,0,,1.0,,0.0,3168,0.013134164997947787,0.9868658350020522,0.17371901518242983,0.050670913405269156,0.0,0.0,0.9868658350020522,0.050670913405269156,0.0,,0.0,0.0,0,0.01313416499794784,0.9868658350020522,0.01313416499794784
bibtex,MLC_PA_MLP,0.50,4,Operating Point,,0.004315844583295031,0,,1.0,,0.0,3184,0.013678386087912843,0.9863216139120872,0.1965660679476469,0.054627215848130475,0.0,0.0,0.9863216139120872,0.054627215848130475,0.0,,0.0,0.0,0,0.01367838608791283,0.9863216139120872,0.01367838608791283
bibtex,MLC_PA_MLP,0.50,5,Operating Point,,0.0043278809423650325,0,,1.0,,0.0,3216,0.013778211917125083,0.986221788082875,0.19148339172181134,0.05681494950915438,0.0,0.0,0.986221788082875,0.05681494950915438,0.0,,0.0,0.0,0,0.013778211917125027,0.986221788082875,0.013778211917125027
bibtex,GSI_MLC_PA_Logistic,0.20,1,Operating Point,,0.0018098195621200357,544,,0.9867273319280928,13.846785197075707,0.1837837837837838,2960,0.013150994807464912,0.9873185611708053,0.37128873246039457,0.27125805194818803,0.0021849776361112516,0.16368475711572394,0.9895035388069165,0.434942809063912,0.013272668071907186,0.17559715945771465,0.7506811989100818,0.013272668071907186,3098,0.01063765120661353,0.9893623487933865,0.01063765120661353
bibtex,GSI_MLC_PA_Logistic,0.20,2,Operating Point,,0.001685060229252163,528,,0.9878724436387776,15.012831941923777,0.1820689655172414,2900,0.01269350899141284,0.9876596794920894,0.38327518031509905,0.29131386450185837,0.0020723227887422535,0.15607659996627588,0.9897320022808317,0.44739046446813424,0.012127556361222458,0.18526315789473685,0.7050067658998647,0.012127556361222458,2850,0.010394052172714385,0.9896059478272856,0.010394052172714385
bibtex,GSI_MLC_PA_Logistic,0.20,3,Operating Point,,0.0016752964046516858,571,,0.9858998437001198,13.718158874840734,0.19342818428184283,2952,0.012720405633429103,0.9877613462519123,0.3547949560144682,0.2553696747764491,0.002338279374634711,0.16949151321246309,0.990099625626547,0.4248611879889122,0.014100156299880184,0.16789179653043224,0.7277521423862887,0.014100156299880184,3401,0.010041967687403841,0.9899580323125962,0.010041967687403841
bibtex,GSI_MLC_PA_Logistic,0.20,4,Operating Point,,0.0016983692046581682,639,,0.9841865140736158,13.905212552395602,0.21988988300068824,2906,0.013000481149259373,0.9875158951094615,0.37142014595908035,0.2821114683767287,0.002646320926556034,0.18691121855032472,0.9901622160360175,0.4690226869270534,0.015813485926384162,0.17359413202933985,0.7506830601092896,0.015813485926384162,3681,0.009995853248652264,0.9900041467513477,0.009995853248652264
bibtex,GSI_MLC_PA_Logistic,0.20,5,Operating Point,,0.0015999146590713934,563,,0.9864659914657344,14.12047175206261,0.19110658520027154,2946,0.013006186485699107,0.9873785409490514,0.38596028604902116,0.28756239983064175,0.0023220742721026255,0.16106761080893583,0.989700615221154,0.4486300106395776,0.01353400853426559,0.17822095599873378,0.702316076294278,0.01353400853426559,3159,0.010440689154972982,0.989559310845027,0.010440689154972982
bibtex,GSI_MLC_PA_Logistic,0.25,1,Operating Point,,0.0018098195621200357,544,,0.9867273319280928,13.846785197075707,0.1837837837837838,2960,0.01381462821106027,0.9873185611708053,0.37128873246039457,0.27125805194818803,0.0021849776361112516,0.16368475711572394,0.9895035388069165,0.434942809063912,0.013272668071907186,0.17559715945771465,0.7506811989100818,0.013272668071907186,3098,0.01063765120661353,0.9893623487933865,0.01063765120661353
bibtex,GSI_MLC_PA_Logistic,0.25,2,Operating Point,,0.001685060229252163,528,,0.9878724436387776,15.012831941923777,0.1820689655172414,2900,0.013299886809473962,0.9876596794920894,0.38327518031509905,0.29131386450185837,0.0020723227887422535,0.15607659996627588,0.9897320022808317,0.44739046446813424,0.012127556361222458,0.18526315789473685,0.7050067658998647,0.012127556361222458,2850,0.010394052172714385,0.9896059478272856,0.010394052172714385
bibtex,GSI_MLC_PA_Logistic,0.25,3,Operating Point,,0.0016752964046516858,571,,0.9858998437001198,13.718158874840734,0.19342818428184283,2952,0.013425413448423112,0.9877613462519123,0.3547949560144682,0.2553696747764491,0.002338279374634711,0.16949151321246309,0.990099625626547,0.4248611879889122,0.014100156299880184,0.16789179653043224,0.7277521423862887,0.014100156299880184,3401,0.010041967687403841,0.9899580323125962,0.010041967687403841
bibtex,GSI_MLC_PA_Logistic,0.25,4,Operating Point,,0.0016983692046581682,639,,0.9841865140736158,13.905212552395602,0.21988988300068824,2906,0.013791155445578582,0.9875158951094615,0.37142014595908035,0.2821114683767287,0.002646320926556034,0.18691121855032472,0.9901622160360175,0.4690226869270534,0.015813485926384162,0.17359413202933985,0.7506830601092896,0.015813485926384162,3681,0.009995853248652264,0.9900041467513477,0.009995853248652264
bibtex,GSI_MLC_PA_Logistic,0.25,5,Operating Point,,0.0015999146590713934,563,,0.9864659914657344,14.12047175206261,0.19110658520027154,2946,0.013682886912412387,0.9873785409490514,0.38596028604902116,0.28756239983064175,0.0023220742721026255,0.16106761080893583,0.989700615221154,0.4486300106395776,0.01353400853426559,0.17822095599873378,0.702316076294278,0.01353400853426559,3159,0.010440689154972982,0.989559310845027,0.010440689154972982
bibtex,GSI_MLC_PA_Logistic,0.30,1,Operating Point,,0.0018098195621200357,544,,0.9867273319280928,13.846785197075707,0.1837837837837838,2960,0.014478261614655631,0.9873185611708053,0.37128873246039457,0.27125805194818803,0.0021849776361112516,0.16368475711572394,0.9895035388069165,0.434942809063912,0.013272668071907186,0.17559715945771465,0.7506811989100818,0.013272668071907186,3098,0.01063765120661353,0.9893623487933865,0.01063765120661353
bibtex,GSI_MLC_PA_Logistic,0.30,2,Operating Point,,0.001685060229252163,528,,0.9878724436387776,15.012831941923777,0.1820689655172414,2900,0.013906264627535084,0.9876596794920894,0.38327518031509905,0.29131386450185837,0.0020723227887422535,0.15607659996627588,0.9897320022808317,0.44739046446813424,0.012127556361222458,0.18526315789473685,0.7050067658998647,0.012127556361222458,2850,0.010394052172714385,0.9896059478272856,0.010394052172714385
bibtex,GSI_MLC_PA_Logistic,0.30,3,Operating Point,,0.0016752964046516858,571,,0.9858998437001198,13.718158874840734,0.19342818428184283,2952,0.014130421263417122,0.9877613462519123,0.3547949560144682,0.2553696747764491,0.002338279374634711,0.16949151321246309,0.990099625626547,0.4248611879889122,0.014100156299880184,0.16789179653043224,0.7277521423862887,0.014100156299880184,3401,0.010041967687403841,0.9899580323125962,0.010041967687403841
bibtex,GSI_MLC_PA_Logistic,0.30,4,Operating Point,,0.0016983692046581682,639,,0.9841865140736158,13.905212552395602,0.21988988300068824,2906,0.01458182974189779,0.9875158951094615,0.37142014595908035,0.2821114683767287,0.002646320926556034,0.18691121855032472,0.9901622160360175,0.4690226869270534,0.015813485926384162,0.17359413202933985,0.7506830601092896,0.015813485926384162,3681,0.009995853248652264,0.9900041467513477,0.009995853248652264
bibtex,GSI_MLC_PA_Logistic,0.30,5,Operating Point,,0.0015999146590713934,563,,0.9864659914657344,14.12047175206261,0.19110658520027154,2946,0.014359587339125665,0.9873785409490514,0.38596028604902116,0.28756239983064175,0.0023220742721026255,0.16106761080893583,0.989700615221154,0.4486300106395776,0.01353400853426559,0.17822095599873378,0.702316076294278,0.01353400853426559,3159,0.010440689154972982,0.989559310845027,0.010440689154972982
bibtex,GSI_MLC_PA_Logistic,0.35,1,Operating Point,,0.0018098195621200357,544,,0.9867273319280928,13.846785197075707,0.1837837837837838,2960,0.01514189501825099,0.9873185611708053,0.37128873246039457,0.27125805194818803,0.0021849776361112516,0.16368475711572394,0.9895035388069165,0.434942809063912,0.013272668071907186,0.17559715945771465,0.7506811989100818,0.013272668071907186,3098,0.01063765120661353,0.9893623487933865,0.01063765120661353
bibtex,GSI_MLC_PA_Logistic,0.35,2,Operating Point,,0.001685060229252163,528,,0.9878724436387776,15.012831941923777,0.1820689655172414,2900,0.014512642445596208,0.9876596794920894,0.38327518031509905,0.29131386450185837,0.0020723227887422535,0.15607659996627588,0.9897320022808317,0.44739046446813424,0.012127556361222458,0.18526315789473685,0.7050067658998647,0.012127556361222458,2850,0.010394052172714385,0.9896059478272856,0.010394052172714385
bibtex,GSI_MLC_PA_Logistic,0.35,3,Operating Point,,0.0016752964046516858,571,,0.9858998437001198,13.718158874840734,0.19342818428184283,2952,0.01483542907841113,0.9877613462519123,0.3547949560144682,0.2553696747764491,0.002338279374634711,0.16949151321246309,0.990099625626547,0.4248611879889122,0.014100156299880184,0.16789179653043224,0.7277521423862887,0.014100156299880184,3401,0.010041967687403841,0.9899580323125962,0.010041967687403841
bibtex,GSI_MLC_PA_Logistic,0.35,4,Operating Point,,0.0016983692046581682,639,,0.9841865140736158,13.905212552395602,0.21988988300068824,2906,0.015372504038217,0.9875158951094615,0.37142014595908035,0.2821114683767287,0.002646320926556034,0.18691121855032472,0.9901622160360175,0.4690226869270534,0.015813485926384162,0.17359413202933985,0.7506830601092896,0.015813485926384162,3681,0.009995853248652264,0.9900041467513477,0.009995853248652264
bibtex,GSI_MLC_PA_Logistic,0.35,5,Operating Point,,0.0015999146590713934,563,,0.9864659914657344,14.12047175206261,0.19110658520027154,2946,0.015036287765838947,0.9873785409490514,0.38596028604902116,0.28756239983064175,0.0023220742721026255,0.16106761080893583,0.989700615221154,0.4486300106395776,0.01353400853426559,0.17822095599873378,0.702316076294278,0.01353400853426559,3159,0.010440689154972982,0.989559310845027,0.010440689154972982
bibtex,GSI_MLC_PA_Logistic,0.40,1,Operating Point,,0.0018098195621200357,544,,0.9867273319280928,13.846785197075707,0.1837837837837838,2960,0.01580552842184635,0.9873185611708053,0.37128873246039457,0.27125805194818803,0.0021849776361112516,0.16368475711572394,0.9895035388069165,0.434942809063912,0.013272668071907186,0.17559715945771465,0.7506811989100818,0.013272668071907186,3098,0.01063765120661353,0.9893623487933865,0.01063765120661353
bibtex,GSI_MLC_PA_Logistic,0.40,2,Operating Point,,0.001685060229252163,528,,0.9878724436387776,15.012831941923777,0.1820689655172414,2900,0.01511902026365733,0.9876596794920894,0.38327518031509905,0.29131386450185837,0.0020723227887422535,0.15607659996627588,0.9897320022808317,0.44739046446813424,0.012127556361222458,0.18526315789473685,0.7050067658998647,0.012127556361222458,2850,0.010394052172714385,0.9896059478272856,0.010394052172714385
bibtex,GSI_MLC_PA_Logistic,0.40,3,Operating Point,,0.0016752964046516858,571,,0.9858998437001198,13.718158874840734,0.19342818428184283,2952,0.015540436893405141,0.9877613462519123,0.3547949560144682,0.2553696747764491,0.002338279374634711,0.16949151321246309,0.990099625626547,0.4248611879889122,0.014100156299880184,0.16789179653043224,0.7277521423862887,0.014100156299880184,3401,0.010041967687403841,0.9899580323125962,0.010041967687403841
bibtex,GSI_MLC_PA_Logistic,0.40,4,Operating Point,,0.0016983692046581682,639,,0.9841865140736158,13.905212552395602,0.21988988300068824,2906,0.016163178334536208,0.9875158951094615,0.37142014595908035,0.2821114683767287,0.002646320926556034,0.18691121855032472,0.9901622160360175,0.4690226869270534,0.015813485926384162,0.17359413202933985,0.7506830601092896,0.015813485926384162,3681,0.009995853248652264,0.9900041467513477,0.009995853248652264
bibtex,GSI_MLC_PA_Logistic,0.40,5,Operating Point,,0.0015999146590713934,563,,0.9864659914657344,14.12047175206261,0.19110658520027154,2946,0.015712988192552225,0.9873785409490514,0.38596028604902116,0.28756239983064175,0.0023220742721026255,0.16106761080893583,0.989700615221154,0.4486300106395776,0.01353400853426559,0.17822095599873378,0.702316076294278,0.01353400853426559,3159,0.010440689154972982,0.989559310845027,0.010440689154972982
bibtex,GSI_MLC_PA_Logistic,0.50,1,Operating Point,,0.0018098195621200357,544,,0.9867273319280928,13.846785197075707,0.1837837837837838,2960,0.017132795229037066,0.9873185611708053,0.37128873246039457,0.27125805194818803,0.0021849776361112516,0.16368475711572394,0.9895035388069165,0.434942809063912,0.013272668071907186,0.17559715945771465,0.7506811989100818,0.013272668071907186,3098,0.01063765120661353,0.9893623487933865,0.01063765120661353
bibtex,GSI_MLC_PA_Logistic,0.50,2,Operating Point,,0.001685060229252163,528,,0.9878724436387776,15.012831941923777,0.1820689655172414,2900,0.016331775899779577,0.9876596794920894,0.38327518031509905,0.29131386450185837,0.0020723227887422535,0.15607659996627588,0.9897320022808317,0.44739046446813424,0.012127556361222458,0.18526315789473685,0.7050067658998647,0.012127556361222458,2850,0.010394052172714385,0.9896059478272856,0.010394052172714385
bibtex,GSI_MLC_PA_Logistic,0.50,3,Operating Point,,0.0016752964046516858,571,,0.9858998437001198,13.718158874840734,0.19342818428184283,2952,0.01695045252339316,0.9877613462519123,0.3547949560144682,0.2553696747764491,0.002338279374634711,0.16949151321246309,0.990099625626547,0.4248611879889122,0.014100156299880184,0.16789179653043224,0.7277521423862887,0.014100156299880184,3401,0.010041967687403841,0.9899580323125962,0.010041967687403841
bibtex,GSI_MLC_PA_Logistic,0.50,4,Operating Point,,0.0016983692046581682,639,,0.9841865140736158,13.905212552395602,0.21988988300068824,2906,0.017744526927174622,0.9875158951094615,0.37142014595908035,0.2821114683767287,0.002646320926556034,0.18691121855032472,0.9901622160360175,0.4690226869270534,0.015813485926384162,0.17359413202933985,0.7506830601092896,0.015813485926384162,3681,0.009995853248652264,0.9900041467513477,0.009995853248652264
bibtex,GSI_MLC_PA_Logistic,0.50,5,Operating Point,,0.0015999146590713934,563,,0.9864659914657344,14.12047175206261,0.19110658520027154,2946,0.017066389045978785,0.9873785409490514,0.38596028604902116,0.28756239983064175,0.0023220742721026255,0.16106761080893583,0.989700615221154,0.4486300106395776,0.01353400853426559,0.17822095599873378,0.702316076294278,0.01353400853426559,3159,0.010440689154972982,0.989559310845027,0.010440689154972982
bibtex,GSI_MLC_PA_MLP,0.20,1,Operating Point,,0.0037577914835359807,2298,,0.6773687728137371,2.238429645763074,0.7221873035826524,3182,0.06835638270525937,0.9863674532586156,0.21928146785095015,0.08805240974983902,0.009802409473377627,0.718074825549486,0.9961698627319933,0.8061272352993251,0.3226312271862629,0.030515496773165486,1.0,0.3226312271862629,75306,0.005654434366817229,0.9943455656331828,0.005654434366817229
bibtex,GSI_MLC_PA_MLP,0.20,2,Operating Point,,0.0036404875236208546,2256,,0.6884196730240594,2.3029607128045817,0.7175572519083969,3144,0.06606496965983269,0.9866213904562514,0.2346711925872954,0.1043756895289058,0.009629705279104006,0.70388683431689,0.9962510957353554,0.8082625238457959,0.3115803269759406,0.030810412171205375,1.0,0.3115803269759406,73222,0.005445666955124273,0.9945543330448757,0.005445666955124273
bibtex,GSI_MLC_PA_MLP,0.20,3,Operating Point,,0.003531958377943091,2334,,0.6450666036492083,2.100249641443938,0.7454487384222294,3131,0.07430753348838944,0.987019232762445,0.2147061317793025,0.0877744835406947,0.009659913019323896,0.7444070547421209,0.9966791457817689,0.8321815382828156,0.35493339635079163,0.027262851736342294,1.0,0.35493339635079163,85611,0.005148079592781074,0.9948519204072189,0.005148079592781074
bibtex,GSI_MLC_PA_MLP,0.20,4,Operating Point,,0.0037631493259237918,2303,,0.682591847956834,2.263144808127111,0.7183406113537117,3206,0.06732652850809362,0.9862271024504244,0.22533574121688874,0.09604957397025446,0.009927999450115133,0.7148973321421647,0.9961551019005396,0.8109469061124192,0.31740815204316597,0.031170061582188536,1.0,0.31740815204316597,73885,0.005632792291570987,0.994367207708429,0.005632792291570987
bibtex,GSI_MLC_PA_MLP,0.20,5,Operating Point,,0.0036747664591724473,2369,,0.6565686425719329,2.160360339333221,0.7419354838709677,3193,0.0722507840213871,0.9863203262899937,0.22064959336757703,0.08537303569132806,0.010115161174232723,0.7381562867486885,0.9964354874642264,0.8235293224400165,0.34343135742806713,0.02955302453811704,1.0,0.34343135742806713,80161,0.005429002094602953,0.994570997905397,0.005429002094602953
bibtex,GSI_MLC_PA_MLP,0.25,1,Operating Point,,0.0037577914835359807,2298,,0.6773687728137371,2.238429645763074,0.7221873035826524,3182,0.08448794406457251,0.9863674532586156,0.21928146785095015,0.08805240974983902,0.009802409473377627,0.718074825549486,0.9961698627319933,0.8061272352993251,0.3226312271862629,0.030515496773165486,1.0,0.3226312271862629,75306,0.005654434366817229,0.9943455656331828,0.005654434366817229
bibtex,GSI_MLC_PA_MLP,0.25,2,Operating Point,,0.0036404875236208546,2256,,0.6884196730240594,2.3029607128045817,0.7175572519083969,3144,0.08164398600862971,0.9866213904562514,0.2346711925872954,0.1043756895289058,0.009629705279104006,0.70388683431689,0.9962510957353554,0.8082625238457959,0.3115803269759406,0.030810412171205375,1.0,0.3115803269759406,73222,0.005445666955124273,0.9945543330448757,0.005445666955124273
bibtex,GSI_MLC_PA_MLP,0.25,3,Operating Point,,0.003531958377943091,2334,,0.6450666036492083,2.100249641443938,0.7454487384222294,3131,0.09205420330592903,0.987019232762445,0.2147061317793025,0.0877744835406947,0.009659913019323896,0.7444070547421209,0.9966791457817689,0.8321815382828156,0.35493339635079163,0.027262851736342294,1.0,0.35493339635079163,85611,0.005148079592781074,0.9948519204072189,0.005148079592781074
bibtex,GSI_MLC_PA_MLP,0.25,4,Operating Point,,0.0037631493259237918,2303,,0.682591847956834,2.263144808127111,0.7183406113537117,3206,0.08319693611025192,0.9862271024504244,0.22533574121688874,0.09604957397025446,0.009927999450115133,0.7148973321421647,0.9961551019005396,0.8109469061124192,0.31740815204316597,0.031170061582188536,1.0,0.31740815204316597,73885,0.005632792291570987,0.994367207708429,0.005632792291570987
bibtex,GSI_MLC_PA_MLP,0.25,5,Operating Point,,0.0036747664591724473,2369,,0.6565686425719329,2.160360339333221,0.7419354838709677,3193,0.08942235189279044,0.9863203262899937,0.22064959336757703,0.08537303569132806,0.010115161174232723,0.7381562867486885,0.9964354874642264,0.8235293224400165,0.34343135742806713,0.02955302453811704,1.0,0.34343135742806713,80161,0.005429002094602953,0.994570997905397,0.005429002094602953
bibtex,GSI_MLC_PA_MLP,0.30,1,Operating Point,,0.0037577914835359807,2298,,0.6773687728137371,2.238429645763074,0.7221873035826524,3182,0.10061950542388566,0.9863674532586156,0.21928146785095015,0.08805240974983902,0.009802409473377627,0.718074825549486,0.9961698627319933,0.8061272352993251,0.3226312271862629,0.030515496773165486,1.0,0.3226312271862629,75306,0.005654434366817229,0.9943455656331828,0.005654434366817229
bibtex,GSI_MLC_PA_MLP,0.30,2,Operating Point,,0.0036404875236208546,2256,,0.6884196730240594,2.3029607128045817,0.7175572519083969,3144,0.09722300235742674,0.9866213904562514,0.2346711925872954,0.1043756895289058,0.009629705279104006,0.70388683431689,0.9962510957353554,0.8082625238457959,0.3115803269759406,0.030810412171205375,1.0,0.3115803269759406,73222,0.005445666955124273,0.9945543330448757,0.005445666955124273
bibtex,GSI_MLC_PA_MLP,0.30,3,Operating Point,,0.003531958377943091,2334,,0.6450666036492083,2.100249641443938,0.7454487384222294,3131,0.10980087312346863,0.987019232762445,0.2147061317793025,0.0877744835406947,0.009659913019323896,0.7444070547421209,0.9966791457817689,0.8321815382828156,0.35493339635079163,0.027262851736342294,1.0,0.35493339635079163,85611,0.005148079592781074,0.9948519204072189,0.005148079592781074
bibtex,GSI_MLC_PA_MLP,0.30,4,Operating Point,,0.0037631493259237918,2303,,0.682591847956834,2.263144808127111,0.7183406113537117,3206,0.09906734371241022,0.9862271024504244,0.22533574121688874,0.09604957397025446,0.009927999450115133,0.7148973321421647,0.9961551019005396,0.8109469061124192,0.31740815204316597,0.031170061582188536,1.0,0.31740815204316597,73885,0.005632792291570987,0.994367207708429,0.005632792291570987
bibtex,GSI_MLC_PA_MLP,0.30,5,Operating Point,,0.0036747664591724473,2369,,0.6565686425719329,2.160360339333221,0.7419354838709677,3193,0.10659391976419379,0.9863203262899937,0.22064959336757703,0.08537303569132806,0.010115161174232723,0.7381562867486885,0.9964354874642264,0.8235293224400165,0.34343135742806713,0.02955302453811704,1.0,0.34343135742806713,80161,0.005429002094602953,0.994570997905397,0.005429002094602953
bibtex,GSI_MLC_PA_MLP,0.35,1,Operating Point,,0.0037577914835359807,2298,,0.6773687728137371,2.238429645763074,0.7221873035826524,3182,0.1167510667831988,0.9863674532586156,0.21928146785095015,0.08805240974983902,0.009802409473377627,0.718074825549486,0.9961698627319933,0.8061272352993251,0.3226312271862629,0.030515496773165486,1.0,0.3226312271862629,75306,0.005654434366817229,0.9943455656331828,0.005654434366817229
bibtex,GSI_MLC_PA_MLP,0.35,2,Operating Point,,0.0036404875236208546,2245,,0.6944494089412006,2.3369567759586367,0.714058524173028,3144,0.11693411119905363,0.9866213904562514,0.2346711925872954,0.1043756895289058,0.0033872052152748022,0.6976904507746875,0.9900085956715262,0.8020661403035934,0.3055505910587995,0.031265232226168095,1.0,0.3055505910587995,71805,0.014387519378419977,0.98561248062158,0.014387519378419977
bibtex,GSI_MLC_PA_MLP,0.35,3,Operating Point,,0.003531958377943091,2334,,0.6450666036492083,2.100249641443938,0.7454487384222294,3131,0.1275475429410082,0.987019232762445,0.2147061317793025,0.0877744835406947,0.009659913019323896,0.7444070547421209,0.9966791457817689,0.8321815382828156,0.35493339635079163,0.027262851736342294,1.0,0.35493339635079163,85611,0.005148079592781074,0.9948519204072189,0.005148079592781074
bibtex,GSI_MLC_PA_MLP,0.35,4,Operating Point,,0.0037631493259237918,2303,,0.682591847956834,2.263144808127111,0.7183406113537117,3206,0.11493775131456851,0.9862271024504244,0.22533574121688874,0.09604957397025446,0.009927999450115133,0.7148973321421647,0.9961551019005396,0.8109469061124192,0.31740815204316597,0.031170061582188536,1.0,0.31740815204316597,73885,0.005632792291570987,0.994367207708429,0.005632792291570987
bibtex,GSI_MLC_PA_MLP,0.35,5,Operating Point,,0.0036747664591724473,2369,,0.6565686425719329,2.160360339333221,0.7419354838709677,3193,0.12376548763559714,0.9863203262899937,0.22064959336757703,0.08537303569132806,0.010115161174232723,0.7381562867486885,0.9964354874642264,0.8235293224400165,0.34343135742806713,0.02955302453811704,1.0,0.34343135742806713,80161,0.005429002094602953,0.994570997905397,0.005429002094602953
bibtex,GSI_MLC_PA_MLP,0.40,1,Operating Point,,0.0037577914835359807,2286,,0.6828483539835142,2.265213185971514,0.7184160905091138,3182,0.13692012407245557,0.9863674532586156,0.21928146785095015,0.08805240974983902,0.0035730810755231213,0.7121475029432238,0.9899405343341388,0.8001999126930629,0.3171516460164859,0.030880624636956785,1.0,0.3171516460164859,74027,0.01473162468237288,0.9852683753176271,0.01473162468237288
bibtex,GSI_MLC_PA_MLP,0.40,2,Operating Point,,0.0036404875236208546,2181,,0.7113173504906342,2.40299266774545,0.6937022900763359,3144,0.1440430294210262,0.9866213904562514,0.2346711925872954,0.1043756895289058,-0.01519136007353128,0.6795372335314367,0.9714300303827201,0.7839129230603425,0.2886826495093659,0.0321487006382571,1.0,0.2886826495093659,67841,0.04016487099263588,0.9598351290073641,0.04016487099263588
bibtex,GSI_MLC_PA_MLP,0.40,3,Operating Point,,0.003531958377943091,2295,,0.662574677761056,2.172310747872857,0.7329926541041201,3131,0.15698892634005382,0.987019232762445,0.2147061317793025,0.0877744835406947,-0.009038030206921177,0.7261008024680514,0.9779812025555238,0.8138752860087461,0.33742532223894395,0.028198260185776772,1.0,0.33742532223894395,81388,0.03323217470199924,0.9667678252980008,0.03323217470199924
bibtex,GSI_MLC_PA_MLP,0.40,4,Operating Point,,0.0037631493259237918,2262,,0.6994320720349176,2.347396459124313,0.7055520898315658,3206,0.1427466749149397,0.9862271024504244,0.22533574121688874,0.09604957397025446,-0.008746606179331207,0.6967650981877364,0.9774804962710932,0.7928146721579908,0.3005679279650823,0.03233045093975559,1.0,0.3005679279650823,69965,0.03219684173673765,0.9678031582632624,0.03219684173673765
bibtex,GSI_MLC_PA_MLP,0.40,5,Operating Point,,0.0036747664591724473,2308,,0.6795323291004747,2.2555510551385,0.722831193235202,3193,0.1566474731376279,0.9863203262899937,0.22064959336757703,0.08537303569132806,-0.014780731067811415,0.7135161084389913,0.9715395952221823,0.7988891441303193,0.3204676708995253,0.030855202470555208,1.0,0.3204676708995253,74801,0.041882341073443796,0.9581176589265562,0.041882341073443796
bibtex,GSI_MLC_PA_MLP,0.50,1,Operating Point,,0.0037577914835359807,2103,,0.7508825595941939,2.652986037673844,0.6609050911376493,3182,0.22167026545336144,0.9863674532586156,0.21928146785095015,0.08805240974983902,-0.08347899850907403,0.6321548517947746,0.9028884547495416,0.7202072615446137,0.24911744040580605,0.036166956162828695,0.997275204359673,0.24911744040580605,58147,0.12932987190825318,0.8706701280917468,0.12932987190825318
bibtex,GSI_MLC_PA_MLP,0.50,2,Operating Point,,0.0036404875236208546,2138,,0.7298788946477052,2.5174835724358684,0.6800254452926209,3144,0.18855371443647287,0.9866213904562514,0.2346711925872954,0.1043756895289058,-0.04011455221657689,0.6564490604064368,0.9465068382396745,0.7608247499353425,0.2701211053522949,0.03368042974842074,1.0,0.2701211053522949,63479,0.07329046250357096,0.926709537496429,0.07329046250357096
bibtex,GSI_MLC_PA_MLP,0.50,3,Operating Point,,0.003531958377943091,2070,,0.7291700351985672,2.441128069697455,0.6611306291919514,3131,0.24434397582119624,0.987019232762445,0.2147061317793025,0.0877744835406947,-0.09594822618292476,0.6458853010361927,0.8910710065795202,0.7336597845768874,0.27082996480143284,0.03168771526980482,0.999340804218853,0.27082996480143284,65325,0.14938764370757007,0.8506123562924299,0.14938764370757007
bibtex,GSI_MLC_PA_MLP,0.50,4,Operating Point,,0.0037631493259237918,2120,,0.7364032374471595,2.5086049268534323,0.66126013724267,3206,0.2039449943293123,0.9862271024504244,0.22533574121688874,0.09604957397025446,-0.05837371550331649,0.6502569368867747,0.927853386947108,0.7463065108570291,0.2635967625528405,0.034550758649912805,1.0,0.2635967625528405,61359,0.09797161308388314,0.9020283869161169,0.09797161308388314
bibtex,GSI_MLC_PA_MLP,0.50,5,Operating Point,,0.0036747664591724473,2167,,0.7312948777269378,2.5257132780617084,0.6786720952082681,3193,0.23119419738488167,0.9863203262899937,0.22064959336757703,0.08537303569132806,-0.08316196253834418,0.6501554501670151,0.9031583637516495,0.7355284858583432,0.2687051222730622,0.03455093352891468,1.0,0.2687051222730622,62719,0.1324248797548816,0.8675751202451184,0.1324248797548816
bibtex,MLC_PA_SVM,0.20,1,Operating Point,,0.002290136872542118,680,,0.9919284355560125,28.704044097700713,0.23168654173764908,2935,0.011275341456309016,0.9874256679176735,0.34069392989692715,0.23666589848133404,0.002913303514815002,0.16985339936629465,0.9903389714324885,0.4065192978476287,0.008071564443987456,0.3609341825902335,0.6825613079019074,0.008071564443987456,1884,0.009739642721398711,0.9902603572786013,0.009739642721398711
bibtex,MLC_PA_SVM,0.20,2,Operating Point,,0.0020944431758728433,713,,0.991838367333044,29.453800352553127,0.2403910991233985,2966,0.011219478983157592,0.9873788308184611,0.33603126312869214,0.23851872752087094,0.003034016731772504,0.1727769990968983,0.9904128475502336,0.41129572661776925,0.008161632666956025,0.37174139728884253,0.6968876860622463,0.008161632666956025,1918,0.009666043143244485,0.9903339568567555,0.009666043143244485
bibtex,MLC_PA_SVM,0.20,3,Operating Point,,0.0021455454227454385,669,,0.9923301119803651,29.617731748726655,0.22716468590831917,2945,0.010970012810785936,0.9877903674498244,0.3204615607054631,0.22702813132258604,0.002773597343316614,0.1708611616172075,0.990563964793141,0.3978892929397935,0.007669888019634913,0.36162162162162165,0.6829268292682927,0.007669888019634913,1850,0.009508967926033951,0.990491032073966,0.009508967926033951
bibtex,MLC_PA_SVM,0.20,4,Operating Point,,0.0021695878829923352,643,,0.9922500601436575,28.249365273855172,0.21893088185223017,2937,0.011404955837371552,0.9873827198680276,0.34497945512289774,0.24739331235402906,0.0027623122658693156,0.14811168306424344,0.9901450321338969,0.3955049954182725,0.007749939856342578,0.35643015521064303,0.6639344262295082,0.007749939856342578,1804,0.009931939802227063,0.9900680601977729,0.009931939802227063
bibtex,MLC_PA_SVM,0.20,5,Operating Point,,0.0021508400234662465,673,,0.9920741007317533,28.92081081081081,0.22922343324250682,2936,0.01128048258015869,0.9874213836477987,0.3509734458259992,0.24158495466830554,0.002883313625691941,0.1560337788405376,0.9903046972734907,0.39761873350884314,0.007925899268246706,0.3637837837837838,0.6628065395095368,0.007925899268246706,1850,0.009772760642937972,0.990227239357062,0.009772760642937972
bibtex,MLC_PA_SVM,0.25,1,Operating Point,,0.002290136872542118,557,,0.9940191592548798,31.73107979478969,0.18977853492333902,2935,0.011683203948383116,0.9874256679176735,0.34069392989692715,0.23666589848133404,0.002386338320223391,0.13246675220910284,0.9898120062378969,0.3691326506904369,0.005980840745120217,0.3989971346704871,0.5844686648501363,0.005980840745120217,1396,0.01024929315219636,0.9897507068478036,0.01024929315219636
bibtex,MLC_PA_SVM,0.25,2,Operating Point,,0.0020944431758728433,561,,0.994021327478064,31.63639203979622,0.18914362778152394,2966,0.011728623586182246,0.9873788308184611,0.33603126312869214,0.23851872752087094,0.002387213725840609,0.13186364960727637,0.9897660445443017,0.3703823771281473,0.005978672521935983,0.399288256227758,0.5866035182679297,0.005978672521935983,1405,0.010295508932049668,0.9897044910679503,0.010295508932049668
bibtex,MLC_PA_SVM,0.25,3,Operating Point,,0.0021455454227454385,523,,0.9944113464592066,31.77672990987088,0.17758913412563668,2945,0.011438497862796068,0.9877903674498244,0.3204615607054631,0.22702813132258604,0.002168298072577901,0.12886455682621561,0.9899586655224023,0.35589268814880165,0.005588653540793439,0.3879821958456973,0.5649307844429796,0.005588653540793439,1348,0.010097767401138213,0.9899022325988618,0.010097767401138213
bibtex,MLC_PA_SVM,0.25,4,Operating Point,,0.0021695878829923352,510,,0.9943336082757672,30.64500066212293,0.17364657814096016,2937,0.01184293054266763,0.9873827198680276,0.34497945512289774,0.24739331235402906,0.0021909475203629736,0.11299504010727873,0.9895736673883906,0.3603883524613078,0.005666391724232739,0.3866565579984837,0.5601092896174863,0.005666391724232739,1319,0.010485748972811404,0.9895142510271886,0.010485748972811404
bibtex,MLC_PA_SVM,0.25,5,Operating Point,,0.0021508400234662465,531,,0.9942119513992426,31.24685418208734,0.180858310626703,2936,0.011750681198910082,0.9874213836477987,0.3509734458259992,0.24158495466830554,0.0022749473034805456,0.11925457197195105,0.9896963309512793,0.3608395266402566,0.005788048600757459,0.3930421909696521,0.5640326975476839,0.005788048600757459,1351,0.010363654383976573,0.9896363456160234,0.010363654383976573
bibtex,MLC_PA_SVM,0.30,1,Operating Point,,0.002290136872542118,421,,0.9956300447277775,32.824415272071356,0.1434412265758092,2935,0.012081641046732816,0.9874256679176735,0.34069392989692715,0.23666589848133404,0.001803677617260413,0.09287041005079102,0.9892293455349339,0.32953630853212507,0.004369955272222508,0.41274509803921566,0.4782016348773842,0.004369955272222508,1020,0.01081792832799755,0.9891820716720024,0.01081792832799755
bibtex,MLC_PA_SVM,0.30,2,Operating Point,,0.0020944431758728433,437,,0.9955872715976886,33.38897540821044,0.1473364801078894,2966,0.012085429060178213,0.9873788308184611,0.33603126312869214,0.23851872752087094,0.0018595586420541155,0.09981755816864846,0.9892383894605152,0.3383362856895194,0.00441272840231147,0.4214079074252652,0.4912043301759134,0.00441272840231147,1037,0.010809309084692131,0.9891906909153079,0.010809309084692131
bibtex,MLC_PA_SVM,0.30,3,Operating Point,,0.0021455454227454385,401,,0.9958748440110612,33.00796102754861,0.1361629881154499,2945,0.011784679295033644,0.9877903674498244,0.3204615607054631,0.22702813132258604,0.0016625000518235566,0.09086757935793238,0.989452867501648,0.3178957106805184,0.004125155988938777,0.4030150753768844,0.45880026367831245,0.004125155988938777,995,0.010590821288216867,0.9894091787117831,0.010590821288216867
bibtex,MLC_PA_SVM,0.30,4,Operating Point,,0.0021695878829923352,395,,0.9959145272708526,32.91931830265223,0.13449097718760641,2937,0.012146011616317834,0.9873827198680276,0.34497945512289774,0.24739331235402906,0.0016969103343987824,0.08206936680597826,0.9890796302024264,0.3294626791600073,0.004085472729147335,0.4153522607781283,0.45081967213114754,0.004085472729147335,951,0.010965167691146305,0.9890348323088537,0.010965167691146305
bibtex,MLC_PA_SVM,0.30,5,Operating Point,,0.0021508400234662465,404,,0.995779994173393,32.60710659898477,0.13760217983651227,2936,0.012113773070793275,0.9874213836477987,0.3509734458259992,0.24158495466830554,0.0017308450293901378,0.08585736932247051,0.9891522286771889,0.32744232399077605,0.00422000582660703,0.4101522842639594,0.4604904632152589,0.00422000582660703,985,0.010893742981667343,0.9891062570183327,0.010893742981667343
bibtex,MLC_PA_SVM,0.35,1,Operating Point,,0.002290136872542118,303,,0.9970181481671894,34.62170592727487,0.10323679727427598,2935,0.012319846451767692,0.9874256679176735,0.34069392989692715,0.23666589848133404,0.0012981337720425756,0.06287750476370255,0.9887238016897161,0.2995434032450366,0.0029818518328106522,0.4353448275862069,0.3685286103542234,0.0029818518328106522,696,0.011309922824386809,0.9886900771756132,0.011309922824386809
bibtex,MLC_PA_SVM,0.35,2,Operating Point,,0.0020944431758728433,328,,0.9968978987412873,35.64894871645453,0.11058664868509778,2966,0.012311171819814299,0.9873788308184611,0.33603126312869214,0.23851872752087094,0.0013957328022740079,0.07048193651802392,0.9887745636207351,0.30900066403889487,0.003102101258712692,0.4499314128943759,0.38430311231393777,0.003102101258712692,729,0.011260367178462682,0.9887396328215373,0.011260367178462682
bibtex,MLC_PA_SVM,0.35,3,Operating Point,,0.0021455454227454385,294,,0.9971890896879392,35.515263608636204,0.099830220713073,2945,0.011974560847087309,0.9877903674498244,0.3204615607054631,0.22702813132258604,0.001218890312309595,0.06349238640358534,0.989009257762134,0.2905205177261714,0.0028109103120607954,0.4336283185840708,0.34673698088332233,0.0028109103120607954,678,0.011021723313584864,0.9889782766864151,0.011021723313584864
bibtex,MLC_PA_SVM,0.35,4,Operating Point,,0.0021695878829923352,298,,0.9971045124926968,35.04214013572864,0.10146407899216887,2937,0.012350500051551706,0.9873827198680276,0.34497945512289774,0.24739331235402906,0.001280200707976742,0.05902889897021962,0.9886629205760044,0.3064222113242487,0.0028954875073031582,0.4421364985163205,0.35655737704918034,0.0028954875073031582,674,0.011370001120197148,0.9886299988798029,0.011370001120197148
bibtex,MLC_PA_SVM,0.35,5,Operating Point,,0.0021508400234662465,303,,0.9969881582780663,34.26529160739687,0.1032016348773842,2936,0.012334627182835503,0.9874213836477987,0.3509734458259992,0.24158495466830554,0.0012981337720425756,0.06405779026006614,0.9887195174198413,0.3056427449283717,0.003011841721933748,0.4310099573257468,0.36239782016348776,0.003011841721933748,703,0.011314560244769178,0.9886854397552308,0.011314560244769178
bibtex,MLC_PA_SVM,0.40,1,Operating Point,,0.002290136872542118,210,,0.9979478347300054,34.86573746412351,0.07155025553662692,2935,0.012495501516631537,0.9874256679176735,0.34069392989692715,0.23666589848133404,0.0008996966736928291,0.04027790024595343,0.9883253645913663,0.27694379872728747,0.0020521652699946875,0.4384133611691023,0.2724795640326976,0.0020521652699946875,479,0.01169864295741696,0.988301357042583,0.01169864295741696
bibtex,MLC_PA_SVM,0.40,2,Operating Point,,0.0020944431758728433,223,,0.9979319324941915,36.35540654162816,0.07518543492919758,2966,0.01249946808963328,0.9873788308184611,0.33603126312869214,0.23851872752087094,0.0009489280942289735,0.04974027563951111,0.9883277589126901,0.28825900316038205,0.0020680675058084613,0.4588477366255144,0.2713125845737483,0.0020680675058084613,486,0.011696430094321975,0.988303569905678,0.011696430094321975
bibtex,MLC_PA_SVM,0.40,3,Operating Point,,0.0021455454227454385,198,,0.9981550809898716,36.4420320100723,0.06723259762308999,2945,0.0121267148418552,0.9877903674498244,0.3204615607054631,0.22702813132258604,0.0008208853123717885,0.04195942189326396,0.9886112527621962,0.26898755321585,0.001844919010128398,0.4449438202247191,0.24588002636783124,0.001844919010128398,445,0.011409797389910215,0.9885902026100898,0.011409797389910215
bibtex,MLC_PA_SVM,0.40,4,Operating Point,,0.0021695878829923352,190,,0.9982300580815892,36.550274204904944,0.06469186244467143,2937,0.01250902154861326,0.9873827198680276,0.34497945512289774,0.24739331235402906,0.0008162353507235043,0.03272563549059748,0.9881989552187511,0.28011894784462654,0.0017699419184108328,0.46116504854368934,0.23633879781420766,0.0017699419184108328,412,0.011821968979704223,0.9881780310202958,0.011821968979704223
bibtex,MLC_PA_SVM,0.40,5,Operating Point,,0.0021508400234662465,203,,0.998093499905746,36.26629213483145,0.069141689373297,2936,0.012471509605333058,0.9874213836477987,0.3509734458259992,0.24158495466830554,0.0008697067845697681,0.03923864840132918,0.9882910904323685,0.2808236030696347,0.0019065000942539373,0.45617977528089887,0.25204359673024523,0.0019065000942539373,445,0.011731275244991735,0.9882687247550083,0.011731275244991735
bibtex,MLC_PA_SVM,0.50,1,Operating Point,,0.002290136872542118,0,,1.0,,0.0,2935,0.01257433208232653,0.9874256679176735,0.34069392989692715,0.23666589848133404,0.0,0.0,0.9874256679176735,0.23666589848133404,0.0,,0.0,0.0,0,0.0125743320823265,0.9874256679176735,0.0125743320823265
bibtex,MLC_PA_SVM,0.50,2,Operating Point,,0.0020944431758728433,0,,1.0,,0.0,2966,0.012621169181538881,0.9873788308184611,0.33603126312869214,0.23851872752087094,0.0,0.0,0.9873788308184611,0.23851872752087094,0.0,,0.0,0.0,0,0.012621169181538883,0.9873788308184611,0.012621169181538883
bibtex,MLC_PA_SVM,0.50,3,Operating Point,,0.0021455454227454385,0,,1.0,,0.0,2945,0.012209632550175578,0.9877903674498244,0.3204615607054631,0.22702813132258604,0.0,0.0,0.9877903674498244,0.22702813132258604,0.0,,0.0,0.0,0,0.012209632550175598,0.9877903674498244,0.012209632550175598
bibtex,MLC_PA_SVM,0.50,4,Operating Point,,0.0021695878829923352,0,,1.0,,0.0,2937,0.012617280131972369,0.9873827198680276,0.34497945512289774,0.24739331235402906,0.0,0.0,0.9873827198680276,0.24739331235402906,0.0,,0.0,0.0,0,0.012617280131972386,0.9873827198680276,0.012617280131972386
bibtex,MLC_PA_SVM,0.50,5,Operating Point,,0.0021508400234662465,0,,1.0,,0.0,2936,0.012578616352201259,0.9874213836477987,0.3509734458259992,0.24158495466830554,0.0,0.0,0.9874213836477987,0.24158495466830554,0.0,,0.0,0.0,0,0.012578616352201255,0.9874213836477987,0.012578616352201255
bibtex,GSI_MLC_PA_SVM,0.20,1,Operating Point,,0.0023467620377189092,521,,0.9792812708858156,8.579437060666631,0.17775503241214602,2931,0.015625589087107775,0.9874428049971724,0.3441337800383405,0.24474636793326798,0.0010753517385566624,0.2024200937849166,0.9885181567357291,0.4471664617181846,0.02071872911418436,0.10773366418527709,0.9155313351498637,0.02071872911418436,4836,0.011724765504689927,0.9882752344953101,0.011724765504689927
bibtex,GSI_MLC_PA_SVM,0.20,2,Operating Point,,0.00220044548541347,551,,0.9791576241904324,8.868341335330648,0.18483730291848374,2981,0.015427953804648472,0.9873150015744547,0.3428889859201091,0.24606856703562907,0.0014255197828103583,0.19412459345147332,0.9887405213572651,0.4401931604871024,0.02084237580956758,0.1124948958758677,0.9079837618403248,0.02084237580956758,4898,0.011499148211243648,0.9885008517887564,0.011499148211243648
bibtex,GSI_MLC_PA_SVM,0.20,3,Operating Point,,0.002211499165453379,541,,0.9772929855764646,8.117627594907495,0.18432708688245314,2935,0.015018055330986763,0.9878318263039846,0.32872233969794945,0.23701855537173797,0.0016915212497357057,0.194418256712636,0.9895233475537203,0.43143681208437396,0.02270701442353536,0.09877670257440205,0.9123269611074489,0.02270701442353536,5477,0.010720073305447886,0.9892799266945521,0.010720073305447886
bibtex,GSI_MLC_PA_SVM,0.20,4,Operating Point,,0.0022612762707023663,603,,0.9754914596006461,8.32048304399282,0.203922894825837,2957,0.015753342268962436,0.9872968003574252,0.3475231432198645,0.25208333509076997,0.001851565453483195,0.2198511554138301,0.9891483658109084,0.47193449050460007,0.024508540399353886,0.10569675723049957,0.9337431693989071,0.024508540399353886,5705,0.011124273905518511,0.9888757260944815,0.011124273905518511
bibtex,GSI_MLC_PA_SVM,0.20,5,Operating Point,,0.0021902766506070926,565,,0.9778289033982829,8.664953752297603,0.1921115266916015,2941,0.015084914228917107,0.9873999622984251,0.35483381355235005,0.24644172640326842,0.0019493427930011853,0.20688286718198026,0.9893493050914263,0.4533245935852487,0.022171096601717136,0.10917874396135266,0.9182561307901907,0.022171096601717136,5175,0.010892186630563794,0.9891078133694362,0.010892186630563794
bibtex,GSI_MLC_PA_SVM,0.25,1,Operating Point,,0.0023467620377189092,521,,0.9792812708858156,8.579437060666631,0.17775503241214602,2931,0.016661525542816993,0.9874428049971724,0.3441337800383405,0.24474636793326798,0.0010753517385566624,0.2024200937849166,0.9885181567357291,0.4471664617181846,0.02071872911418436,0.10773366418527709,0.9155313351498637,0.02071872911418436,4836,0.011724765504689927,0.9882752344953101,0.011724765504689927
bibtex,GSI_MLC_PA_SVM,0.25,2,Operating Point,,0.00220044548541347,551,,0.9791576241904324,8.868341335330648,0.18483730291848374,2981,0.01647007259512685,0.9873150015744547,0.3428889859201091,0.24606856703562907,0.0014255197828103583,0.19412459345147332,0.9887405213572651,0.4401931604871024,0.02084237580956758,0.1124948958758677,0.9079837618403248,0.02084237580956758,4898,0.011499148211243648,0.9885008517887564,0.011499148211243648
bibtex,GSI_MLC_PA_SVM,0.25,3,Operating Point,,0.002211499165453379,541,,0.9772929855764646,8.117627594907495,0.18432708688245314,2935,0.01615340605216353,0.9878318263039846,0.32872233969794945,0.23701855537173797,0.0016915212497357057,0.194418256712636,0.9895233475537203,0.43143681208437396,0.02270701442353536,0.09877670257440205,0.9123269611074489,0.02270701442353536,5477,0.010720073305447886,0.9892799266945521,0.010720073305447886
bibtex,GSI_MLC_PA_SVM,0.25,4,Operating Point,,0.0022612762707023663,603,,0.9754914596006461,8.32048304399282,0.203922894825837,2957,0.01697876928893013,0.9872968003574252,0.3475231432198645,0.25208333509076997,0.001851565453483195,0.2198511554138301,0.9891483658109084,0.47193449050460007,0.024508540399353886,0.10569675723049957,0.9337431693989071,0.024508540399353886,5705,0.011124273905518511,0.9888757260944815,0.011124273905518511
bibtex,GSI_MLC_PA_SVM,0.25,5,Operating Point,,0.0021902766506070926,565,,0.9778289033982829,8.664953752297603,0.1921115266916015,2941,0.016193469059002964,0.9873999622984251,0.35483381355235005,0.24644172640326842,0.0019493427930011853,0.20688286718198026,0.9893493050914263,0.4533245935852487,0.022171096601717136,0.10917874396135266,0.9182561307901907,0.022171096601717136,5175,0.010892186630563794,0.9891078133694362,0.010892186630563794
bibtex,GSI_MLC_PA_SVM,0.30,1,Operating Point,,0.0023467620377189092,521,,0.9792812708858156,8.579437060666631,0.17775503241214602,2931,0.01769746199852621,0.9874428049971724,0.3441337800383405,0.24474636793326798,0.0010753517385566624,0.2024200937849166,0.9885181567357291,0.4471664617181846,0.02071872911418436,0.10773366418527709,0.9155313351498637,0.02071872911418436,4836,0.011724765504689927,0.9882752344953101,0.011724765504689927
bibtex,GSI_MLC_PA_SVM,0.30,2,Operating Point,,0.00220044548541347,551,,0.9791576241904324,8.868341335330648,0.18483730291848374,2981,0.017512191385605228,0.9873150015744547,0.3428889859201091,0.24606856703562907,0.0014255197828103583,0.19412459345147332,0.9887405213572651,0.4401931604871024,0.02084237580956758,0.1124948958758677,0.9079837618403248,0.02084237580956758,4898,0.011499148211243648,0.9885008517887564,0.011499148211243648
bibtex,GSI_MLC_PA_SVM,0.30,3,Operating Point,,0.002211499165453379,541,,0.9772929855764646,8.117627594907495,0.18432708688245314,2935,0.0172887567733403,0.9878318263039846,0.32872233969794945,0.23701855537173797,0.0016915212497357057,0.194418256712636,0.9895233475537203,0.43143681208437396,0.02270701442353536,0.09877670257440205,0.9123269611074489,0.02270701442353536,5477,0.010720073305447886,0.9892799266945521,0.010720073305447886
bibtex,GSI_MLC_PA_SVM,0.30,4,Operating Point,,0.0022612762707023663,603,,0.9754914596006461,8.32048304399282,0.203922894825837,2957,0.018204196308897823,0.9872968003574252,0.3475231432198645,0.25208333509076997,0.001851565453483195,0.2198511554138301,0.9891483658109084,0.47193449050460007,0.024508540399353886,0.10569675723049957,0.9337431693989071,0.024508540399353886,5705,0.011124273905518511,0.9888757260944815,0.011124273905518511
bibtex,GSI_MLC_PA_SVM,0.30,5,Operating Point,,0.0021902766506070926,565,,0.9778289033982829,8.664953752297603,0.1921115266916015,2941,0.017302023889088823,0.9873999622984251,0.35483381355235005,0.24644172640326842,0.0019493427930011853,0.20688286718198026,0.9893493050914263,0.4533245935852487,0.022171096601717136,0.10917874396135266,0.9182561307901907,0.022171096601717136,5175,0.010892186630563794,0.9891078133694362,0.010892186630563794
bibtex,GSI_MLC_PA_SVM,0.35,1,Operating Point,,0.0023467620377189092,521,,0.9792812708858156,8.579437060666631,0.17775503241214602,2931,0.018733398454235432,0.9874428049971724,0.3441337800383405,0.24474636793326798,0.0010753517385566624,0.2024200937849166,0.9885181567357291,0.4471664617181846,0.02071872911418436,0.10773366418527709,0.9155313351498637,0.02071872911418436,4836,0.011724765504689927,0.9882752344953101,0.011724765504689927
bibtex,GSI_MLC_PA_SVM,0.35,2,Operating Point,,0.00220044548541347,551,,0.9791576241904324,8.868341335330648,0.18483730291848374,2981,0.018554310176083604,0.9873150015744547,0.3428889859201091,0.24606856703562907,0.0014255197828103583,0.19412459345147332,0.9887405213572651,0.4401931604871024,0.02084237580956758,0.1124948958758677,0.9079837618403248,0.02084237580956758,4898,0.011499148211243648,0.9885008517887564,0.011499148211243648
bibtex,GSI_MLC_PA_SVM,0.35,3,Operating Point,,0.002211499165453379,541,,0.9772929855764646,8.117627594907495,0.18432708688245314,2935,0.018424107494517068,0.9878318263039846,0.32872233969794945,0.23701855537173797,0.0016915212497357057,0.194418256712636,0.9895233475537203,0.43143681208437396,0.02270701442353536,0.09877670257440205,0.9123269611074489,0.02270701442353536,5477,0.010720073305447886,0.9892799266945521,0.010720073305447886
bibtex,GSI_MLC_PA_SVM,0.35,4,Operating Point,,0.0022612762707023663,603,,0.9754914596006461,8.32048304399282,0.203922894825837,2957,0.019429623328865518,0.9872968003574252,0.3475231432198645,0.25208333509076997,0.001851565453483195,0.2198511554138301,0.9891483658109084,0.47193449050460007,0.024508540399353886,0.10569675723049957,0.9337431693989071,0.024508540399353886,5705,0.011124273905518511,0.9888757260944815,0.011124273905518511
bibtex,GSI_MLC_PA_SVM,0.35,5,Operating Point,,0.0021902766506070926,565,,0.9778289033982829,8.664953752297603,0.1921115266916015,2941,0.01841057871917468,0.9873999622984251,0.35483381355235005,0.24644172640326842,0.0019493427930011853,0.20688286718198026,0.9893493050914263,0.4533245935852487,0.022171096601717136,0.10917874396135266,0.9182561307901907,0.022171096601717136,5175,0.010892186630563794,0.9891078133694362,0.010892186630563794
bibtex,GSI_MLC_PA_SVM,0.40,1,Operating Point,,0.0023467620377189092,521,,0.9792812708858156,8.579437060666631,0.17775503241214602,2931,0.019769334909944647,0.9874428049971724,0.3441337800383405,0.24474636793326798,0.0010753517385566624,0.2024200937849166,0.9885181567357291,0.4471664617181846,0.02071872911418436,0.10773366418527709,0.9155313351498637,0.02071872911418436,4836,0.011724765504689927,0.9882752344953101,0.011724765504689927
bibtex,GSI_MLC_PA_SVM,0.40,2,Operating Point,,0.00220044548541347,551,,0.9791576241904324,8.868341335330648,0.18483730291848374,2981,0.01959642896656199,0.9873150015744547,0.3428889859201091,0.24606856703562907,0.0014255197828103583,0.19412459345147332,0.9887405213572651,0.4401931604871024,0.02084237580956758,0.1124948958758677,0.9079837618403248,0.02084237580956758,4898,0.011499148211243648,0.9885008517887564,0.011499148211243648
bibtex,GSI_MLC_PA_SVM,0.40,3,Operating Point,,0.002211499165453379,541,,0.9772929855764646,8.117627594907495,0.18432708688245314,2935,0.019559458215693833,0.9878318263039846,0.32872233969794945,0.23701855537173797,0.0016915212497357057,0.194418256712636,0.9895233475537203,0.43143681208437396,0.02270701442353536,0.09877670257440205,0.9123269611074489,0.02270701442353536,5477,0.010720073305447886,0.9892799266945521,0.010720073305447886
bibtex,GSI_MLC_PA_SVM,0.40,4,Operating Point,,0.0022612762707023663,603,,0.9754914596006461,8.32048304399282,0.203922894825837,2957,0.020655050348833214,0.9872968003574252,0.3475231432198645,0.25208333509076997,0.001851565453483195,0.2198511554138301,0.9891483658109084,0.47193449050460007,0.024508540399353886,0.10569675723049957,0.9337431693989071,0.024508540399353886,5705,0.011124273905518511,0.9888757260944815,0.011124273905518511
bibtex,GSI_MLC_PA_SVM,0.40,5,Operating Point,,0.0021902766506070926,565,,0.9778289033982829,8.664953752297603,0.1921115266916015,2941,0.019519133549260534,0.9873999622984251,0.35483381355235005,0.24644172640326842,0.0019493427930011853,0.20688286718198026,0.9893493050914263,0.4533245935852487,0.022171096601717136,0.10917874396135266,0.9182561307901907,0.022171096601717136,5175,0.010892186630563794,0.9891078133694362,0.010892186630563794
bibtex,GSI_MLC_PA_SVM,0.50,1,Operating Point,,0.0023467620377189092,521,,0.9792812708858156,8.579437060666631,0.17775503241214602,2931,0.021841207821363083,0.9874428049971724,0.3441337800383405,0.24474636793326798,0.0010753517385566624,0.2024200937849166,0.9885181567357291,0.4471664617181846,0.02071872911418436,0.10773366418527709,0.9155313351498637,0.02071872911418436,4836,0.011724765504689927,0.9882752344953101,0.011724765504689927
bibtex,GSI_MLC_PA_SVM,0.50,2,Operating Point,,0.00220044548541347,551,,0.9791576241904324,8.868341335330648,0.18483730291848374,2981,0.021680666547518743,0.9873150015744547,0.3428889859201091,0.24606856703562907,0.0014255197828103583,0.19412459345147332,0.9887405213572651,0.4401931604871024,0.02084237580956758,0.1124948958758677,0.9079837618403248,0.02084237580956758,4898,0.011499148211243648,0.9885008517887564,0.011499148211243648
bibtex,GSI_MLC_PA_SVM,0.50,3,Operating Point,,0.002211499165453379,541,,0.9772929855764646,8.117627594907495,0.18432708688245314,2935,0.021830159658047372,0.9878318263039846,0.32872233969794945,0.23701855537173797,0.0016915212497357057,0.194418256712636,0.9895233475537203,0.43143681208437396,0.02270701442353536,0.09877670257440205,0.9123269611074489,0.02270701442353536,5477,0.010720073305447886,0.9892799266945521,0.010720073305447886
bibtex,GSI_MLC_PA_SVM,0.50,4,Operating Point,,0.0022612762707023663,603,,0.9754914596006461,8.32048304399282,0.203922894825837,2957,0.0231059043887686,0.9872968003574252,0.3475231432198645,0.25208333509076997,0.001851565453483195,0.2198511554138301,0.9891483658109084,0.47193449050460007,0.024508540399353886,0.10569675723049957,0.9337431693989071,0.024508540399353886,5705,0.011124273905518511,0.9888757260944815,0.011124273905518511
bibtex,GSI_MLC_PA_SVM,0.50,5,Operating Point,,0.0021902766506070926,565,,0.9778289033982829,8.664953752297603,0.1921115266916015,2941,0.021736243209432248,0.9873999622984251,0.35483381355235005,0.24644172640326842,0.0019493427930011853,0.20688286718198026,0.9893493050914263,0.4533245935852487,0.022171096601717136,0.10917874396135266,0.9182561307901907,0.022171096601717136,5175,0.010892186630563794,0.9891078133694362,0.010892186630563794
