dataset,base_learner,fold,model,Full_Macro_F1,Selective_Macro_F1,Coverage,Full_Micro_F1,Selective_Micro_F1,Hamming_Loss,Selective_Hamming_Loss,Subset_Accuracy,il_count,fit_time_sec
emotions,Logistic,1,BR,0.6111172188011763,0.6111172188011763,1.0,0.6479591836734694,0.6479591836734694,0.1885245901639344,0.1885245901639344,0.29508196721311475,6,0.011911900000086462
emotions,Logistic,1,CC,0.5907550407550407,0.5907550407550407,1.0,0.6327944572748267,0.6327944572748267,0.21721311475409835,0.21721311475409835,0.3114754098360656,0,0.012533199999779754
emotions,Logistic,1,ECC,0.6426963272233911,0.6426963272233911,1.0,0.671264367816092,0.671264367816092,0.1953551912568306,0.1953551912568306,0.3442622950819672,0,0.10273980000010852
emotions,Logistic,1,GSI_v6,0.5967951657203993,0.6074822179584084,0.7172131147540983,0.631578947368421,0.66,0.1912568306010929,0.1295238095238095,0.26229508196721313,2,0.11920540000028268
emotions,Logistic,1,GSI_v6_1,0.63876504319498,0.6660815283967993,0.674863387978142,0.6601941747572816,0.7115384615384616,0.1912568306010929,0.1214574898785425,0.319672131147541,3,0.18435300000010102
emotions,Logistic,2,BR,0.5903093203093203,0.5903093203093203,1.0,0.6070460704607046,0.6070460704607046,0.2030812324929972,0.2030812324929972,0.24369747899159663,6,0.010014899999987392
emotions,Logistic,2,CC,0.6039173957071541,0.6039173957071541,1.0,0.634032634032634,0.634032634032634,0.21988795518207283,0.21988795518207283,0.31092436974789917,0,0.011078900000029535
emotions,Logistic,2,ECC,0.6510396277205436,0.6510396277205436,1.0,0.6556603773584906,0.6556603773584906,0.20448179271708683,0.20448179271708683,0.2773109243697479,0,0.11226769999984754
emotions,Logistic,2,GSI_v6,0.5856038166814028,0.5326069296528623,0.6778711484593838,0.6037735849056604,0.6308724832214765,0.20588235294117646,0.11363636363636363,0.24369747899159663,2,0.12604400000009264
emotions,Logistic,2,GSI_v6_1,0.646412429378531,0.7274279448621553,0.6554621848739496,0.6372549019607843,0.7386363636363636,0.20728291316526612,0.09829059829059829,0.25210084033613445,3,0.17460149999988062
emotions,Logistic,3,BR,0.5742504226103112,0.5742504226103112,1.0,0.6184538653366584,0.6184538653366584,0.2073170731707317,0.2073170731707317,0.21138211382113822,6,0.008817899999939982
emotions,Logistic,3,CC,0.5560457900544787,0.5560457900544787,1.0,0.6,0.6,0.23848238482384823,0.23848238482384823,0.21951219512195122,0,0.011413000000175089
emotions,Logistic,3,ECC,0.6016770419103765,0.6016770419103765,1.0,0.631578947368421,0.631578947368421,0.2181571815718157,0.2181571815718157,0.23577235772357724,0,0.09879189999992377
emotions,Logistic,3,GSI_v6,0.5934256749974908,0.627995575624886,0.7140921409214093,0.6331658291457286,0.66,0.1978319783197832,0.12903225806451613,0.24390243902439024,3,0.15152390000002924
emotions,Logistic,3,GSI_v6_1,0.6110685760476025,0.6866376678876679,0.6802168021680217,0.6445497630331753,0.7383177570093458,0.2032520325203252,0.11155378486055777,0.23577235772357724,3,0.14502100000026985
emotions,Logistic,4,BR,0.6032960188532944,0.6032960188532944,1.0,0.6253229974160207,0.6253229974160207,0.2013888888888889,0.2013888888888889,0.24166666666666667,6,0.008934200000112469
emotions,Logistic,4,CC,0.6084556298111286,0.6084556298111286,1.0,0.6374133949191686,0.6374133949191686,0.21805555555555556,0.21805555555555556,0.2833333333333333,0,0.011728400000265538
emotions,Logistic,4,ECC,0.6749662641560686,0.6749662641560686,1.0,0.6866359447004609,0.6866359447004609,0.18888888888888888,0.18888888888888888,0.31666666666666665,0,0.10246060000008583
emotions,Logistic,4,GSI_v6,0.5887457543030299,0.5719806763285024,0.6888888888888889,0.6121372031662269,0.6708074534161491,0.20416666666666666,0.10685483870967742,0.20833333333333334,2,0.11721209999996063
emotions,Logistic,4,GSI_v6_1,0.660424143132054,0.715307439945121,0.6583333333333333,0.6633906633906634,0.7526881720430108,0.19027777777777777,0.0970464135021097,0.2833333333333333,3,0.18228409999983342
emotions,Logistic,5,BR,0.6069701813350067,0.6069701813350067,1.0,0.6456692913385826,0.6456692913385826,0.20642201834862386,0.20642201834862386,0.26605504587155965,6,0.008831399999962741
emotions,Logistic,5,CC,0.6067737361901421,0.6067737361901421,1.0,0.6509433962264151,0.6509433962264151,0.22629969418960244,0.22629969418960244,0.29357798165137616,0,0.012700000000222644
emotions,Logistic,5,ECC,0.6375229747216248,0.6375229747216248,1.0,0.6619047619047619,0.6619047619047619,0.21712538226299694,0.21712538226299694,0.3119266055045872,0,0.10650610000038796
emotions,Logistic,5,GSI_v6,0.5986702615274685,0.5974264705882353,0.735474006116208,0.6436170212765957,0.6502463054187192,0.20489296636085627,0.14760914760914762,0.25688073394495414,3,0.14339620000009745
emotions,Logistic,5,GSI_v6_1,0.6504944215628355,0.6773032931121167,0.6880733944954128,0.6733167082294265,0.7326732673267327,0.20030581039755352,0.12,0.3119266055045872,3,0.18172660000027463
scene,Logistic,1,BR,0.7130933796427547,0.7130933796427547,1.0,0.7085953878406709,0.7085953878406709,0.09672929714683368,0.09672929714683368,0.5511482254697286,6,0.21478979999983494
scene,Logistic,1,CC,0.7188221335068672,0.7188221335068672,1.0,0.707631318136769,0.707631318136769,0.10264439805149617,0.10264439805149617,0.6597077244258872,0,0.22707530000025145
scene,Logistic,1,ECC,0.7340318931892608,0.7340318931892608,1.0,0.7283702213279678,0.7283702213279678,0.09394572025052192,0.09394572025052192,0.6450939457202505,0,1.772638200000074
scene,Logistic,1,GSI_v6,0.7134729999904339,0.7630969086033157,0.9001391788448155,0.7078534031413612,0.7696709585121603,0.09707724425887265,0.0622342481638964,0.5970772442588727,4,1.6403793000004043
scene,Logistic,1,GSI_v6_1,0.7315300877757184,0.7803055476918509,0.8855254001391788,0.7259713701431493,0.7881481481481482,0.09324982602644398,0.05618860510805501,0.5908141962421712,4,2.282841400000052
scene,Logistic,2,BR,0.7236845139015627,0.7236845139015627,1.0,0.7170212765957447,0.7170212765957447,0.09274755927475593,0.09274755927475593,0.5732217573221757,6,0.18321229999992283
scene,Logistic,2,CC,0.7562715671957158,0.7562715671957158,1.0,0.7425742574257426,0.7425742574257426,0.09065550906555091,0.09065550906555091,0.6924686192468619,0,0.17052019999982804
scene,Logistic,2,ECC,0.7564715567163555,0.7564715567163555,1.0,0.7467204843592331,0.7467204843592331,0.08751743375174338,0.08751743375174338,0.6610878661087866,0,1.6882233000001179
scene,Logistic,2,GSI_v6,0.7273783947936755,0.7584780524636893,0.9006276150627615,0.721627408993576,0.7835051546391752,0.09065550906555091,0.056910569105691054,0.5941422594142259,4,1.6282481000002917
scene,Logistic,2,GSI_v6_1,0.7376463343357077,0.7886708694117198,0.8929567642956764,0.7280334728033473,0.8011527377521613,0.09065550906555091,0.05388520109332292,0.602510460251046,4,2.4616633999999067
scene,Logistic,3,BR,0.673753403345588,0.673753403345588,1.0,0.6680988184747583,0.6680988184747583,0.10553278688524591,0.10553278688524591,0.49385245901639346,6,0.20872000000008484
scene,Logistic,3,CC,0.7086802670074616,0.7086802670074616,1.0,0.6981317600786627,0.6981317600786627,0.10484972677595629,0.10484972677595629,0.6516393442622951,0,0.19330149999996138
scene,Logistic,3,ECC,0.7329378096158027,0.7329378096158027,1.0,0.7252525252525253,0.7252525252525253,0.09289617486338798,0.09289617486338798,0.6454918032786885,0,1.750773400000071
scene,Logistic,3,GSI_v6,0.686608635751171,0.7469932030233553,0.8934426229508197,0.6809881847475833,0.7571644042232277,0.1014344262295082,0.06154434250764526,0.5409836065573771,4,1.5519328999998834
scene,Logistic,3,GSI_v6_1,0.6876322890502871,0.75564834423895,0.8845628415300546,0.6793650793650794,0.7639097744360902,0.10348360655737705,0.06061776061776062,0.5348360655737705,4,2.021979999999985
scene,Logistic,4,BR,0.6768788846376222,0.6768788846376222,1.0,0.6702702702702703,0.6702702702702703,0.10568260568260568,0.10568260568260568,0.5072765072765073,6,0.1775327999998808
scene,Logistic,4,CC,0.703541463364357,0.703541463364357,1.0,0.6906187624750499,0.6906187624750499,0.10741510741510742,0.10741510741510742,0.6444906444906445,0,0.1607848999997259
scene,Logistic,4,ECC,0.7130144947918957,0.7130144947918957,1.0,0.7028688524590164,0.7028688524590164,0.10048510048510048,0.10048510048510048,0.6299376299376299,0,1.682586800000081
scene,Logistic,4,GSI_v6,0.6766964241950463,0.7134798384912284,0.8953568953568953,0.6688034188034188,0.7197640117994101,0.10741510741510742,0.07352941176470588,0.5467775467775468,4,1.80925040000011
scene,Logistic,4,GSI_v6_1,0.6835474200290929,0.7345311377480851,0.8918918918918919,0.6758767268862912,0.7391952309985097,0.10568260568260568,0.06798756798756798,0.5384615384615384,4,2.308018400000037
scene,Logistic,5,BR,0.7095352614612715,0.7095352614612715,1.0,0.7052518756698821,0.7052518756698821,0.09528759528759528,0.09528759528759528,0.5550935550935551,6,0.17631260000007387
scene,Logistic,5,CC,0.7299095979600888,0.7299095979600888,1.0,0.7158308751229105,0.7158308751229105,0.10013860013860014,0.10013860013860014,0.6632016632016632,0,0.1650072999996155
scene,Logistic,5,ECC,0.7555599736269714,0.7555599736269714,1.0,0.7445109780439122,0.7445109780439122,0.0887040887040887,0.0887040887040887,0.6735966735966736,0,1.6900831000002654
scene,Logistic,5,GSI_v6,0.6964400361907094,0.7442215381031833,0.893970893970894,0.692390139335477,0.7586206896551724,0.09944559944559944,0.0624031007751938,0.5738045738045738,4,1.6101294999998572
scene,Logistic,5,GSI_v6_1,0.722461271630699,0.7833320702418183,0.886001386001386,0.7141382868937048,0.7905604719764012,0.09598059598059598,0.05553382870551427,0.5987525987525988,4,2.123408300000392
chd49,Logistic,1,BR,0.5057804940157882,0.5057804940157882,1.0,0.6586206896551724,0.6586206896551724,0.2972972972972973,0.2972972972972973,0.14414414414414414,6,0.013653399999839166
chd49,Logistic,1,CC,0.5021354653258425,0.5021354653258425,1.0,0.6531302876480541,0.6531302876480541,0.3078078078078078,0.3078078078078078,0.1891891891891892,0,0.01115909999998621
chd49,Logistic,1,ECC,0.5152759020479722,0.5152759020479722,1.0,0.6666666666666666,0.6666666666666666,0.29429429429429427,0.29429429429429427,0.1981981981981982,0,0.11189130000002478
chd49,Logistic,1,GSI_v6,0.5191158124814854,0.530817289586928,0.6951951951951952,0.6701208981001727,0.7138964577656676,0.28678678678678676,0.2267818574514039,0.16216216216216217,2,0.16030010000031325
chd49,Logistic,1,GSI_v6_1,0.5096625596625597,0.5282523501064438,0.6561561561561562,0.660958904109589,0.7215909090909091,0.2972972972972973,0.2242562929061785,0.14414414414414414,2,0.17601439999998547
chd49,Logistic,2,BR,0.49038259527774297,0.49038259527774297,1.0,0.6549295774647887,0.6549295774647887,0.296969696969697,0.296969696969697,0.2,6,0.011947800000143616
chd49,Logistic,2,CC,0.5072882974904459,0.5072882974904459,1.0,0.6561954624781849,0.6561954624781849,0.29848484848484846,0.29848484848484846,0.2,0,0.012190800000098534
chd49,Logistic,2,ECC,0.5250409894652698,0.5250409894652698,1.0,0.6791808873720137,0.6791808873720137,0.28484848484848485,0.28484848484848485,0.23636363636363636,0,0.114021600000342
chd49,Logistic,2,GSI_v6,0.49135644830995867,0.5170783464901112,0.6727272727272727,0.6548672566371682,0.6744868035190615,0.29545454545454547,0.25,0.19090909090909092,1,0.13758390000020881
chd49,Logistic,2,GSI_v6_1,0.5027297159937058,0.5299217737827955,0.6545454545454545,0.6631762652705061,0.6802325581395349,0.2924242424242424,0.25462962962962965,0.20909090909090908,2,0.19808190000003378
chd49,Logistic,3,BR,0.4935292357701115,0.4935292357701115,1.0,0.6701754385964912,0.6701754385964912,0.28484848484848485,0.28484848484848485,0.15454545454545454,6,0.011127700000088225
chd49,Logistic,3,CC,0.5216563935993687,0.5216563935993687,1.0,0.6791808873720137,0.6791808873720137,0.28484848484848485,0.28484848484848485,0.19090909090909092,0,0.013312999999925523
chd49,Logistic,3,ECC,0.5267758918389391,0.5267758918389391,1.0,0.6857142857142857,0.6857142857142857,0.2833333333333333,0.2833333333333333,0.17272727272727273,0,0.12084709999999177
chd49,Logistic,3,GSI_v6,0.5022464226045932,0.5418653285798264,0.6757575757575758,0.6759098786828422,0.7191011235955056,0.2833333333333333,0.2242152466367713,0.16363636363636364,2,0.13118329999997513
chd49,Logistic,3,GSI_v6_1,0.5096233705522646,0.5322612375803865,0.6348484848484849,0.6782006920415224,0.7387387387387387,0.2818181818181818,0.20763723150357996,0.15454545454545454,2,0.1822769000000335
chd49,Logistic,4,BR,0.5699062361517692,0.5699062361517692,1.0,0.6655405405405406,0.6655405405405406,0.2894736842105263,0.2894736842105263,0.16666666666666666,6,0.010308899999927235
chd49,Logistic,4,CC,0.5091977802064439,0.5091977802064439,1.0,0.657672849915683,0.657672849915683,0.29678362573099415,0.29678362573099415,0.19298245614035087,0,0.012001900000086607
chd49,Logistic,4,ECC,0.5772008620897331,0.5772008620897331,1.0,0.6644518272425249,0.6644518272425249,0.2953216374269006,0.2953216374269006,0.17543859649122806,0,0.10874650000005204
chd49,Logistic,4,GSI_v6,0.559673517726857,0.5181095098858257,0.6418128654970761,0.6678023850085179,0.7130434782608696,0.2850877192982456,0.2255125284738041,0.16666666666666666,2,0.12228159999995114
chd49,Logistic,4,GSI_v6_1,0.5566191915097698,0.5150100444218091,0.6081871345029239,0.6644295302013423,0.7195121951219512,0.29239766081871343,0.22115384615384615,0.17543859649122806,2,0.174505500000123
chd49,Logistic,5,BR,0.492142597189168,0.492142597189168,1.0,0.6527050610820244,0.6527050610820244,0.3015151515151515,0.3015151515151515,0.12727272727272726,6,0.009791200000108802
chd49,Logistic,5,CC,0.49631516369291745,0.49631516369291745,1.0,0.6415094339622641,0.6415094339622641,0.31666666666666665,0.31666666666666665,0.16363636363636364,0,0.011318299999857118
chd49,Logistic,5,ECC,0.5100910969861082,0.5100910969861082,1.0,0.6609880749574105,0.6609880749574105,0.3015151515151515,0.3015151515151515,0.17272727272727273,0,0.10560130000021672
chd49,Logistic,5,GSI_v6,0.49016497653099855,0.49996582341354473,0.6515151515151515,0.6481802426343154,0.7015384615384616,0.30757575757575756,0.2255813953488372,0.12727272727272726,2,0.123828599999797
chd49,Logistic,5,GSI_v6_1,0.5244751802425733,0.5226840349666436,0.6257575757575757,0.6735042735042736,0.7215189873417721,0.28939393939393937,0.21307506053268765,0.16363636363636364,2,0.16870010000002367
music,Logistic,1,BR,0.5872624377030783,0.5872624377030783,1.0,0.631578947368421,0.631578947368421,0.19607843137254902,0.19607843137254902,0.24369747899159663,6,0.011771800000133226
music,Logistic,1,CC,0.6013392307688709,0.6013392307688709,1.0,0.6526806526806527,0.6526806526806527,0.20868347338935575,0.20868347338935575,0.29411764705882354,0,0.012385600000015984
music,Logistic,1,ECC,0.673829371756724,0.673829371756724,1.0,0.6899766899766899,0.6899766899766899,0.18627450980392157,0.18627450980392157,0.3445378151260504,0,0.0965105999998741
music,Logistic,1,GSI_v6,0.6083589762979509,0.6134150873281308,0.7030812324929971,0.6378378378378379,0.6666666666666666,0.1876750700280112,0.10956175298804781,0.3025210084033613,2,0.11359309999988909
music,Logistic,1,GSI_v6_1,0.6519904499356554,0.6685515873015873,0.6442577030812325,0.6666666666666666,0.7403314917127072,0.1876750700280112,0.10217391304347827,0.29411764705882354,3,0.16888870000002498
music,Logistic,2,BR,0.5929062155588762,0.5929062155588762,1.0,0.635,0.635,0.20797720797720798,0.20797720797720798,0.2905982905982906,6,0.008869400000094174
music,Logistic,2,CC,0.5795877190297042,0.5795877190297042,1.0,0.62004662004662,0.62004662004662,0.23219373219373218,0.23219373219373218,0.26495726495726496,0,0.01026720000027126
music,Logistic,2,ECC,0.5671009962181439,0.5671009962181439,1.0,0.6179245283018868,0.6179245283018868,0.23076923076923078,0.23076923076923078,0.28205128205128205,0,0.09771480000017618
music,Logistic,2,GSI_v6,0.5791287543402691,0.5955067971197003,0.717948717948718,0.6310432569974554,0.6464646464646465,0.20655270655270655,0.1388888888888889,0.29914529914529914,3,0.11366880000014135
music,Logistic,2,GSI_v6_1,0.6048836441832738,0.6548635222658992,0.6908831908831908,0.6421568627450981,0.7075471698113207,0.20797720797720798,0.12783505154639174,0.29914529914529914,3,0.15424699999994118
music,Logistic,3,BR,0.6374012930386663,0.6374012930386663,1.0,0.6734177215189874,0.6734177215189874,0.18220338983050846,0.18220338983050846,0.2796610169491525,6,0.010648399999809044
music,Logistic,3,CC,0.6128008867139302,0.6128008867139302,1.0,0.6496519721577726,0.6496519721577726,0.2132768361581921,0.2132768361581921,0.2711864406779661,0,0.009554699999625882
music,Logistic,3,ECC,0.6803795449091895,0.6803795449091895,1.0,0.7086247086247086,0.7086247086247086,0.1765536723163842,0.1765536723163842,0.3474576271186441,0,0.09709430000020802
music,Logistic,3,GSI_v6,0.6246298324217885,0.6194188462609516,0.7076271186440678,0.65625,0.6984126984126984,0.1864406779661017,0.11377245508982035,0.2711864406779661,2,0.11955469999975321
music,Logistic,3,GSI_v6_1,0.6853246137666466,0.7199739019914458,0.7005649717514124,0.7009345794392523,0.7659574468085106,0.1807909604519774,0.11088709677419355,0.3389830508474576,2,0.15360920000011902
music,Logistic,4,BR,0.6138917881455194,0.6138917881455194,1.0,0.6479591836734694,0.6479591836734694,0.19327731092436976,0.19327731092436976,0.2773109243697479,6,0.01089799999999741
music,Logistic,4,CC,0.6177281309831962,0.6177281309831962,1.0,0.6606334841628959,0.6606334841628959,0.21008403361344538,0.21008403361344538,0.3277310924369748,0,0.011270299999978306
music,Logistic,4,ECC,0.6889926437960906,0.6889926437960906,1.0,0.7004608294930875,0.7004608294930875,0.18207282913165265,0.18207282913165265,0.31932773109243695,0,0.09551719999990382
music,Logistic,4,GSI_v6,0.6247444361372474,0.6501804635239653,0.7086834733893558,0.6511627906976745,0.6781609195402298,0.18907563025210083,0.11067193675889328,0.25210084033613445,2,0.11428029999979117
music,Logistic,4,GSI_v6_1,0.6737472766884531,0.709836644263143,0.6764705882352942,0.6854460093896714,0.7446808510638298,0.1876750700280112,0.09937888198757763,0.31092436974789917,3,0.14241899999979069
music,Logistic,5,BR,0.6022418624525095,0.6022418624525095,1.0,0.6302083333333334,0.6302083333333334,0.19887955182072828,0.19887955182072828,0.21008403361344538,6,0.011602699999912147
music,Logistic,5,CC,0.6039309996458484,0.6039309996458484,1.0,0.6372093023255814,0.6372093023255814,0.2184873949579832,0.2184873949579832,0.2605042016806723,0,0.010687699999834877
music,Logistic,5,ECC,0.6296858545197729,0.6296858545197729,1.0,0.6495327102803738,0.6495327102803738,0.21008403361344538,0.21008403361344538,0.2689075630252101,0,0.10343400000010661
music,Logistic,5,GSI_v6,0.5971057556214875,0.6033439354219753,0.7240896358543417,0.6263157894736842,0.6804123711340206,0.19887955182072828,0.11992263056092843,0.2184873949579832,3,0.14541019999978744
music,Logistic,5,GSI_v6_1,0.6168327488854155,0.6951700917218159,0.6820728291316527,0.6365914786967418,0.7450980392156863,0.2030812324929972,0.10677618069815195,0.24369747899159663,3,0.13240630000018427
gpositivepseaac,Logistic,1,BR,0.5505434782608696,0.5505434782608696,1.0,0.7319587628865979,0.7319587628865979,0.125,0.125,0.6346153846153846,4,0.019544300000234216
gpositivepseaac,Logistic,1,CC,0.5626082251082252,0.5626082251082252,1.0,0.7439613526570048,0.7439613526570048,0.12740384615384615,0.12740384615384615,0.7403846153846154,0,0.020909800000026735
gpositivepseaac,Logistic,1,ECC,0.5873346686154568,0.5873346686154568,1.0,0.7707317073170732,0.7707317073170732,0.11298076923076923,0.11298076923076923,0.7403846153846154,0,0.17429740000034144
gpositivepseaac,Logistic,1,GSI_v6,0.5706317204301076,0.6207731231450397,0.8677884615384616,0.7525773195876289,0.8115942028985508,0.11538461538461539,0.07202216066481995,0.6923076923076923,1,0.17946419999998398
gpositivepseaac,Logistic,1,GSI_v6_1,0.5723076923076924,0.6175044563279857,0.8533653846153846,0.7537688442211056,0.8115942028985508,0.11778846153846154,0.07323943661971831,0.7019230769230769,1,0.2896463000001859
gpositivepseaac,Logistic,2,BR,0.6054400858704138,0.6054400858704138,1.0,0.6631016042780749,0.6631016042780749,0.15144230769230768,0.15144230769230768,0.5576923076923077,4,0.01857190000009723
gpositivepseaac,Logistic,2,CC,0.6537176024347848,0.6537176024347848,1.0,0.7142857142857143,0.7142857142857143,0.14423076923076922,0.14423076923076922,0.7019230769230769,0,0.019240000000081636
gpositivepseaac,Logistic,2,ECC,0.6567078754578755,0.6567078754578755,1.0,0.7238095238095238,0.7238095238095238,0.13942307692307693,0.13942307692307693,0.6634615384615384,0,0.16647439999997005
gpositivepseaac,Logistic,2,GSI_v6,0.6234238751307988,0.5355699088145897,0.8413461538461539,0.6770833333333334,0.7286821705426356,0.14903846153846154,0.1,0.5865384615384616,2,0.16433470000038142
gpositivepseaac,Logistic,2,GSI_v6_1,0.49079205274411974,0.5184270516717324,0.8413461538461539,0.6631578947368421,0.7142857142857143,0.15384615384615385,0.10285714285714286,0.5769230769230769,2,0.23202350000019578
gpositivepseaac,Logistic,3,BR,0.5207826611610762,0.5207826611610762,1.0,0.711340206185567,0.711340206185567,0.1346153846153846,0.1346153846153846,0.6153846153846154,4,0.01590349999969476
gpositivepseaac,Logistic,3,CC,0.5367852274939963,0.5367852274939963,1.0,0.7238095238095238,0.7238095238095238,0.13942307692307693,0.13942307692307693,0.7115384615384616,0,0.018529099999796017
gpositivepseaac,Logistic,3,ECC,0.5277606481383036,0.5277606481383036,1.0,0.7075471698113207,0.7075471698113207,0.14903846153846154,0.14903846153846154,0.6923076923076923,0,0.16899209999974119
gpositivepseaac,Logistic,3,GSI_v6,0.5207826611610762,0.5418253987760219,0.8725961538461539,0.711340206185567,0.7534246575342466,0.1346153846153846,0.09917355371900827,0.6346153846153846,2,0.16778030000023136
gpositivepseaac,Logistic,3,GSI_v6_1,0.5397885091142927,0.5780572828339928,0.8701923076923077,0.7244897959183674,0.7733333333333333,0.12980769230769232,0.09392265193370165,0.6346153846153846,2,0.22369060000028185
gpositivepseaac,Logistic,4,BR,0.4888473182155709,0.4888473182155709,1.0,0.6526315789473685,0.6526315789473685,0.15865384615384615,0.15865384615384615,0.5769230769230769,4,0.018004800000198884
gpositivepseaac,Logistic,4,CC,0.5410895986433013,0.5410895986433013,1.0,0.7115384615384616,0.7115384615384616,0.14423076923076922,0.14423076923076922,0.7115384615384616,0,0.020094999999855645
gpositivepseaac,Logistic,4,ECC,0.5276212052889581,0.5276212052889581,1.0,0.6990291262135923,0.6990291262135923,0.14903846153846154,0.14903846153846154,0.6730769230769231,0,0.1751460999998926
gpositivepseaac,Logistic,4,GSI_v6,0.5091725214676034,0.5712207463630613,0.8798076923076923,0.6701030927835051,0.7482993197278912,0.15384615384615385,0.10109289617486339,0.6153846153846154,2,0.15902330000017173
gpositivepseaac,Logistic,4,GSI_v6_1,0.4925058548009368,0.5469783221206371,0.8701923076923077,0.656084656084656,0.7338129496402878,0.15625,0.10220994475138122,0.5769230769230769,2,0.2663179000001037
gpositivepseaac,Logistic,5,BR,0.6021259506949908,0.6021259506949908,1.0,0.6732673267326733,0.6732673267326733,0.16019417475728157,0.16019417475728157,0.5922330097087378,4,0.018074000000069645
gpositivepseaac,Logistic,5,CC,0.6013888888888889,0.6013888888888889,1.0,0.6698564593301436,0.6698564593301436,0.16747572815533981,0.16747572815533981,0.6504854368932039,0,0.017678199999863864
gpositivepseaac,Logistic,5,ECC,0.48067482345832857,0.48067482345832857,1.0,0.6666666666666666,0.6666666666666666,0.16747572815533981,0.16747572815533981,0.6504854368932039,0,0.17174100000011094
gpositivepseaac,Logistic,5,GSI_v6,0.4861271121351767,0.493798799929703,0.8883495145631068,0.6732673267326733,0.7006369426751592,0.16019417475728157,0.1284153005464481,0.6019417475728155,2,0.15748450000000958
gpositivepseaac,Logistic,5,GSI_v6_1,0.4861271121351767,0.5077381938690969,0.8689320388349514,0.6732673267326733,0.7248322147651006,0.16019417475728157,0.11452513966480447,0.5922330097087378,2,0.2113827999996829
genbase,Logistic,1,BR,0.6592592592592593,0.6592592592592593,1.0,0.9784615384615385,0.9784615384615385,0.001949317738791423,0.001949317738791423,0.9473684210526315,27,0.042326799999955256
genbase,Logistic,1,CC,0.6592592592592593,0.6592592592592593,1.0,0.9784615384615385,0.9784615384615385,0.001949317738791423,0.001949317738791423,0.9473684210526315,0,0.04383849999976519
genbase,Logistic,1,ECC,0.6592592592592593,0.6592592592592593,1.0,0.9784615384615385,0.9784615384615385,0.001949317738791423,0.001949317738791423,0.9473684210526315,0,0.4110851000000366
genbase,Logistic,1,GSI_v6,0.6592592592592593,0.6666666666666666,0.998886104149262,0.9784615384615385,0.9843260188087775,0.001949317738791423,0.0013939224979091162,0.9473684210526315,18,0.4380503000002136
genbase,Logistic,1,GSI_v6_1,0.6592592592592593,0.6666666666666666,0.998886104149262,0.9784615384615385,0.9843260188087775,0.001949317738791423,0.0013939224979091162,0.9473684210526315,20,0.539130699999987
genbase,Logistic,2,BR,0.6543209876543209,0.6543209876543209,1.0,0.9817073170731707,0.9817073170731707,0.0016835016835016834,0.0016835016835016834,0.9621212121212122,27,0.04004480000003241
genbase,Logistic,2,CC,0.691358024691358,0.691358024691358,1.0,0.9848024316109423,0.9848024316109423,0.0014029180695847362,0.0014029180695847362,0.9696969696969697,0,0.041587300000173855
genbase,Logistic,2,ECC,0.6728395061728394,0.6728395061728394,1.0,0.9785932721712538,0.9785932721712538,0.001964085297418631,0.001964085297418631,0.9621212121212122,0,0.414954299999863
genbase,Logistic,2,GSI_v6,0.6543209876543209,0.5555555555555556,0.9966329966329966,0.9817073170731707,0.9902912621359223,0.0016835016835016834,0.0008445945945945946,0.9621212121212122,18,0.45343229999980394
genbase,Logistic,2,GSI_v6_1,0.691358024691358,0.5555555555555556,0.9966329966329966,0.9848024316109423,0.9902912621359223,0.0014029180695847362,0.0008445945945945946,0.9696969696969697,18,0.5444555999997647
genbase,Logistic,3,BR,0.6855031173871753,0.6855031173871753,1.0,0.9719626168224299,0.9719626168224299,0.0025252525252525255,0.0025252525252525255,0.9393939393939394,27,0.04429930000014792
genbase,Logistic,3,CC,0.6855031173871753,0.6855031173871753,1.0,0.9719626168224299,0.9719626168224299,0.0025252525252525255,0.0025252525252525255,0.9393939393939394,0,0.04687289999992572
genbase,Logistic,3,ECC,0.6743920062760643,0.6743920062760643,1.0,0.96875,0.96875,0.0028058361391694723,0.0028058361391694723,0.9393939393939394,0,0.4249171000001297
genbase,Logistic,3,GSI_v6,0.6855031173871753,0.6188364507205087,0.9977553310886644,0.9719626168224299,0.9704918032786886,0.0025252525252525255,0.002530933633295838,0.9393939393939394,19,0.531241399999999
genbase,Logistic,3,GSI_v6_1,0.6855031173871753,0.6188364507205087,0.9974747474747475,0.9719626168224299,0.9736842105263158,0.0025252525252525255,0.002250351617440225,0.9393939393939394,17,0.5575253000001794
genbase,Logistic,4,BR,0.7326185834957765,0.7326185834957765,1.0,0.9847094801223242,0.9847094801223242,0.0014029180695847362,0.0014029180695847362,0.9621212121212122,27,0.042152900000019144
genbase,Logistic,4,CC,0.7326185834957765,0.7326185834957765,1.0,0.9847094801223242,0.9847094801223242,0.0014029180695847362,0.0014029180695847362,0.9621212121212122,0,0.045337799999742856
genbase,Logistic,4,ECC,0.7326185834957765,0.7326185834957765,1.0,0.9847094801223242,0.9847094801223242,0.0014029180695847362,0.0014029180695847362,0.9621212121212122,0,0.42962050000005547
genbase,Logistic,4,GSI_v6,0.7326185834957765,0.6666666666666666,0.9974747474747475,0.9847094801223242,0.9935897435897436,0.0014029180695847362,0.0005625879043600563,0.9621212121212122,17,0.4525464000003012
genbase,Logistic,4,GSI_v6_1,0.7326185834957765,0.6666666666666666,0.9974747474747475,0.9847094801223242,0.9935897435897436,0.0014029180695847362,0.0005625879043600563,0.9621212121212122,18,0.61804630000006
genbase,Logistic,5,BR,0.65942634363687,0.65942634363687,1.0,0.9815950920245399,0.9815950920245399,0.001670843776106934,0.001670843776106934,0.9624060150375939,27,0.04214060000003883
genbase,Logistic,5,CC,0.6964633806739071,0.6964633806739071,1.0,0.9847094801223242,0.9847094801223242,0.001392369813422445,0.001392369813422445,0.9699248120300752,0,0.04335389999960171
genbase,Logistic,5,ECC,0.65942634363687,0.65942634363687,1.0,0.9815950920245399,0.9815950920245399,0.001670843776106934,0.001670843776106934,0.9624060150375939,0,0.42545990000007805
genbase,Logistic,5,GSI_v6,0.65942634363687,0.65942634363687,0.9977722082985241,0.9815950920245399,0.9840255591054313,0.001670843776106934,0.0013954786491766676,0.9624060150375939,19,0.5012587999999596
genbase,Logistic,5,GSI_v6_1,0.65942634363687,0.65942634363687,0.9977722082985241,0.9815950920245399,0.9840255591054313,0.001670843776106934,0.0013954786491766676,0.9624060150375939,20,0.4772760000000744
humanpseaac,Logistic,1,BR,0.11278123595117061,0.11278123595117061,1.0,0.28410159924741296,0.28410159924741296,0.08925639221205724,0.08925639221205724,0.14614121510673234,14,0.4757249999997839
humanpseaac,Logistic,1,CC,0.14076472669806545,0.14076472669806545,1.0,0.3742690058479532,0.3742690058479532,0.10039878020173587,0.10039878020173587,0.2824302134646962,0,0.5061945000002197
humanpseaac,Logistic,1,ECC,0.14683674755318257,0.14683674755318257,1.0,0.3711340206185567,0.3711340206185567,0.09300961764015951,0.09300961764015951,0.2348111658456486,0,4.435119100000065
humanpseaac,Logistic,1,GSI_v6,0.10963241359584987,0.08460903194900118,0.9259910860896082,0.29056603773584905,0.2138157894736842,0.08820079756040347,0.06054464851171627,0.16584564860426929,0,2.725582299999587
humanpseaac,Logistic,1,GSI_v6_1,0.14253143944955762,0.11847314830778087,0.8960825709594182,0.36937647987371747,0.3157894736842105,0.0937133474079287,0.057853403141361254,0.24630541871921183,0,6.225639299999784
humanpseaac,Logistic,2,BR,0.09397442140394943,0.09397442140394943,1.0,0.24807692307692308,0.24807692307692308,0.08866213151927438,0.08866213151927438,0.13015873015873017,14,0.4413225000002967
humanpseaac,Logistic,2,CC,0.14261219532057062,0.14261219532057062,1.0,0.38226744186046513,0.38226744186046513,0.0963718820861678,0.0963718820861678,0.30634920634920637,0,0.4250147000002471
humanpseaac,Logistic,2,ECC,0.13390549173115862,0.13390549173115862,1.0,0.35275080906148865,0.35275080906148865,0.09070294784580499,0.09070294784580499,0.24285714285714285,0,4.2703278999997565
humanpseaac,Logistic,2,GSI_v6,0.08761016211475432,0.06793586377849573,0.9277777777777778,0.25269343780607245,0.17717206132879046,0.0865079365079365,0.05902480752780154,0.1380952380952381,0,2.699012699999912
humanpseaac,Logistic,2,GSI_v6_1,0.12998851606050305,0.11033841181624433,0.8904761904761904,0.37259430331023863,0.3106796116504854,0.09240362811791383,0.054239877769289534,0.2698412698412698,0,6.061213399999815
humanpseaac,Logistic,3,BR,0.11379649056194753,0.11379649056194753,1.0,0.27956989247311825,0.27956989247311825,0.08395989974937343,0.08395989974937343,0.14992025518341306,14,0.4142105000000811
humanpseaac,Logistic,3,CC,0.13619559637304524,0.13619559637304524,1.0,0.3761939750183688,0.3761939750183688,0.09671907040328093,0.09671907040328093,0.27751196172248804,0,0.4326663000001645
humanpseaac,Logistic,3,ECC,0.14580846958666507,0.14580846958666507,1.0,0.3633440514469453,0.3633440514469453,0.09022556390977443,0.09022556390977443,0.2503987240829346,0,4.357892900000024
humanpseaac,Logistic,3,GSI_v6,0.10712778972596268,0.0672903225558367,0.9267486899065847,0.28377065111758987,0.1681260945709282,0.08395989974937343,0.05838967424708052,0.16267942583732056,0,2.622248500000296
humanpseaac,Logistic,3,GSI_v6_1,0.139419876968802,0.12397861597384227,0.8946229209387104,0.37101910828025475,0.31074380165289256,0.08999772157666895,0.053100725837259645,0.2503987240829346,0,5.880146599999989
humanpseaac,Logistic,4,BR,0.11259601261527442,0.11259601261527442,1.0,0.2804995196926033,0.2804995196926033,0.08685064935064934,0.08685064935064934,0.1590909090909091,14,0.44414789999973436
humanpseaac,Logistic,4,CC,0.1309903817187493,0.1309903817187493,1.0,0.36229749631811486,0.36229749631811486,0.10041743970315399,0.10041743970315399,0.2922077922077922,0,0.42995769999970435
humanpseaac,Logistic,4,ECC,0.1588803081213493,0.1588803081213493,1.0,0.3834281072298944,0.3834281072298944,0.08801020408163265,0.08801020408163265,0.26785714285714285,0,4.336909300000116
humanpseaac,Logistic,4,GSI_v6,0.104239864144214,0.08328407008662028,0.9301948051948052,0.2829076620825147,0.2,0.08464749536178108,0.05883819496384941,0.17694805194805194,0,2.836011499999586
humanpseaac,Logistic,4,GSI_v6_1,0.14731607575171088,0.12600437678913015,0.8958719851576994,0.38845553822152884,0.33707865168539325,0.09090909090909091,0.053455863318664254,0.2711038961038961,0,6.04190219999964
humanpseaac,Logistic,5,BR,0.12877824807822688,0.12877824807822688,1.0,0.3333333333333333,0.3333333333333333,0.0815018315018315,0.0815018315018315,0.1778846153846154,14,0.48511020000023564
humanpseaac,Logistic,5,CC,0.14777281292605998,0.14777281292605998,1.0,0.39215686274509803,0.39215686274509803,0.09581043956043957,0.09581043956043957,0.3060897435897436,0,0.47380399999974543
humanpseaac,Logistic,5,ECC,0.16388561894817635,0.16388561894817635,1.0,0.4060031595576619,0.4060031595576619,0.08608058608058608,0.08608058608058608,0.296474358974359,0,4.421712599999864
humanpseaac,Logistic,5,GSI_v6,0.12047214216723812,0.08465022501461014,0.9243360805860806,0.33146067415730335,0.19424460431654678,0.08173076923076923,0.05547987616099071,0.1987179487179487,0,2.9194604999997864
humanpseaac,Logistic,5,GSI_v6_1,0.15041553773644928,0.13895172169391393,0.8983516483516484,0.3922178988326848,0.3610223642172524,0.08940018315018315,0.0509683995922528,0.28685897435897434,0,6.310536700000284
plantpseaac,Logistic,1,BR,0.16641766372088104,0.16641766372088104,1.0,0.2967741935483871,0.2967741935483871,0.09268707482993198,0.09268707482993198,0.15816326530612246,12,0.10045990000025995
plantpseaac,Logistic,1,CC,0.2005509000354361,0.2005509000354361,1.0,0.33810888252148996,0.33810888252148996,0.09821428571428571,0.09821428571428571,0.25,0,0.09102619999976014
plantpseaac,Logistic,1,ECC,0.2094586457064734,0.2094586457064734,1.0,0.33707865168539325,0.33707865168539325,0.10034013605442177,0.10034013605442177,0.25510204081632654,0,0.9785013999999137
plantpseaac,Logistic,1,GSI_v6,0.1394738817117334,0.07154040404040403,0.9294217687074829,0.2751677852348993,0.1564245810055866,0.09183673469387756,0.06907593778591034,0.1683673469387755,0,0.6903787999999622
plantpseaac,Logistic,1,GSI_v6_1,0.17962354809369732,0.1119120462870463,0.8992346938775511,0.31978319783197834,0.27,0.10671768707482993,0.0690307328605201,0.22448979591836735,0,1.3127838000000338
plantpseaac,Logistic,2,BR,0.13743469438815367,0.13743469438815367,1.0,0.27564102564102566,0.27564102564102566,0.09511784511784512,0.09511784511784512,0.17676767676767677,12,0.09893929999998363
plantpseaac,Logistic,2,CC,0.15044985317032242,0.15044985317032242,1.0,0.32558139534883723,0.32558139534883723,0.09764309764309764,0.09764309764309764,0.25757575757575757,0,0.10175159999971584
plantpseaac,Logistic,2,ECC,0.13840811370085374,0.13840811370085374,1.0,0.327683615819209,0.327683615819209,0.10016835016835017,0.10016835016835017,0.2676767676767677,0,0.9278678999999102
plantpseaac,Logistic,2,GSI_v6,0.1284703286461266,0.10028244631185808,0.930976430976431,0.27702702702702703,0.21875,0.09006734006734007,0.06781193490054249,0.19696969696969696,0,0.6356046000000788
plantpseaac,Logistic,2,GSI_v6_1,0.13006949135896276,0.12276353276353276,0.9040404040404041,0.3314917127071823,0.33488372093023255,0.10185185185185185,0.06657355679702048,0.26262626262626265,0,1.342138900000009
plantpseaac,Logistic,3,BR,0.12039179461424404,0.12039179461424404,1.0,0.24573378839590443,0.24573378839590443,0.09493127147766323,0.09493127147766323,0.14432989690721648,12,0.09187160000010408
plantpseaac,Logistic,3,CC,0.16519890324379588,0.16519890324379588,1.0,0.3333333333333333,0.3333333333333333,0.09965635738831616,0.09965635738831616,0.2422680412371134,0,0.09182239999972808
plantpseaac,Logistic,3,ECC,0.13502478343809612,0.13502478343809612,1.0,0.32492997198879553,0.32492997198879553,0.10352233676975946,0.10352233676975946,0.23195876288659795,0,0.8917974000000868
plantpseaac,Logistic,3,GSI_v6,0.12259918020787586,0.06636128729151985,0.9338487972508591,0.2564102564102564,0.16393442622950818,0.08719931271477663,0.0703771849126035,0.15979381443298968,0,0.6391667000002599
plantpseaac,Logistic,3,GSI_v6_1,0.14679970972423803,0.10830696926358774,0.9012027491408935,0.33146067415730335,0.3177570093457944,0.10223367697594501,0.06959008579599618,0.26288659793814434,0,1.350021000000197
plantpseaac,Logistic,4,BR,0.11815263522015189,0.11815263522015189,1.0,0.2222222222222222,0.2222222222222222,0.09671848013816926,0.09671848013816926,0.13989637305699482,12,0.09223249999968175
plantpseaac,Logistic,4,CC,0.15897338440505496,0.15897338440505496,1.0,0.32448377581120946,0.32448377581120946,0.09887737478411053,0.09887737478411053,0.23316062176165803,0,0.08957669999972495
plantpseaac,Logistic,4,ECC,0.14515872896936602,0.14515872896936602,1.0,0.32653061224489793,0.32653061224489793,0.09974093264248704,0.09974093264248704,0.23834196891191708,0,0.888361199999963
plantpseaac,Logistic,4,GSI_v6,0.1213939317387593,0.06361212385046526,0.939119170984456,0.23157894736842105,0.14054054054054055,0.09455958549222798,0.07310344827586207,0.15025906735751296,0,0.6485418000002028
plantpseaac,Logistic,4,GSI_v6_1,0.15834633344051754,0.11161067193675889,0.8933506044905009,0.3258426966292135,0.24581005586592178,0.10362694300518134,0.0652489125181247,0.26424870466321243,0,1.2675261999997929
plantpseaac,Logistic,5,BR,0.1625369769119769,0.1625369769119769,1.0,0.26174496644295303,0.26174496644295303,0.09306260575296109,0.09306260575296109,0.15736040609137056,12,0.09129580000035276
plantpseaac,Logistic,5,CC,0.18237637022297526,0.18237637022297526,1.0,0.31085043988269795,0.31085043988269795,0.0994077834179357,0.0994077834179357,0.233502538071066,0,0.08808009999984279
plantpseaac,Logistic,5,ECC,0.18136713188165973,0.18136713188165973,1.0,0.3076923076923077,0.3076923076923077,0.09898477157360407,0.09898477157360407,0.22842639593908629,0,0.8969926000004307
plantpseaac,Logistic,5,GSI_v6,0.13740782637841462,0.13194444444444445,0.9361252115059222,0.2078853046594982,0.1890547263681592,0.09348561759729272,0.0736556710347944,0.1319796954314721,0,0.6302890000001753
plantpseaac,Logistic,5,GSI_v6_1,0.16702531601332202,0.1657875457875458,0.9001692047377327,0.301994301994302,0.27884615384615385,0.10363790186125212,0.07048872180451128,0.233502538071066,0,1.3276464000000487
viruspseaac,Logistic,1,BR,0.35936285936285933,0.35936285936285933,1.0,0.37037037037037035,0.37037037037037035,0.2125,0.2125,0.25,6,0.012606199999936507
viruspseaac,Logistic,1,CC,0.4070346320346321,0.4070346320346321,1.0,0.4888888888888889,0.4888888888888889,0.19166666666666668,0.19166666666666668,0.35,0,0.013084600000183855
viruspseaac,Logistic,1,ECC,0.3590556073314694,0.3590556073314694,1.0,0.41379310344827586,0.41379310344827586,0.2125,0.2125,0.3,0,0.11148129999992307
viruspseaac,Logistic,1,GSI_v6,0.3770463253221874,0.3898090637221072,0.8541666666666666,0.40476190476190477,0.45614035087719296,0.20833333333333334,0.15121951219512195,0.275,1,0.13117890000012267
viruspseaac,Logistic,1,GSI_v6_1,0.3742690058479532,0.39092389092389085,0.8625,0.449438202247191,0.45901639344262296,0.20416666666666666,0.15942028985507245,0.325,1,0.2024146000003384
viruspseaac,Logistic,2,BR,0.346696127946128,0.346696127946128,1.0,0.3764705882352941,0.3764705882352941,0.22083333333333333,0.22083333333333333,0.175,6,0.010700899999847024
viruspseaac,Logistic,2,CC,0.3414351851851852,0.3414351851851852,1.0,0.36363636363636365,0.36363636363636365,0.23333333333333334,0.23333333333333334,0.225,0,0.01222379999990153
viruspseaac,Logistic,2,ECC,0.3558441558441558,0.3558441558441558,1.0,0.4,0.4,0.225,0.225,0.25,0,0.11104049999994459
viruspseaac,Logistic,2,GSI_v6,0.34884135472370764,0.3385964912280701,0.8041666666666667,0.38636363636363635,0.425531914893617,0.225,0.13989637305699482,0.2,1,0.1325635999996848
viruspseaac,Logistic,2,GSI_v6_1,0.3568627450980392,0.33660130718954245,0.8083333333333333,0.4044943820224719,0.4230769230769231,0.22083333333333333,0.15463917525773196,0.25,1,0.2017415999998775
viruspseaac,Logistic,3,BR,0.4120471014492754,0.4120471014492754,1.0,0.41025641025641024,0.41025641025641024,0.19658119658119658,0.19658119658119658,0.3076923076923077,6,0.011471799999981158
viruspseaac,Logistic,3,CC,0.4340595497458242,0.4340595497458242,1.0,0.4523809523809524,0.4523809523809524,0.19658119658119658,0.19658119658119658,0.3333333333333333,0,0.01390529999980572
viruspseaac,Logistic,3,ECC,0.40845117845117845,0.40845117845117845,1.0,0.4,0.4,0.21794871794871795,0.21794871794871795,0.28205128205128205,0,0.12067519999982323
viruspseaac,Logistic,3,GSI_v6,0.42070707070707075,0.32407407407407407,0.8376068376068376,0.425,0.3673469387755102,0.19658119658119658,0.15816326530612246,0.3076923076923077,1,0.1336287999997694
viruspseaac,Logistic,3,GSI_v6_1,0.40845117845117845,0.3703703703703704,0.8162393162393162,0.4,0.4230769230769231,0.21794871794871795,0.15706806282722513,0.28205128205128205,1,0.20922749999999724
viruspseaac,Logistic,4,BR,0.3575757575757576,0.3575757575757576,1.0,0.4235294117647059,0.4235294117647059,0.18992248062015504,0.18992248062015504,0.23255813953488372,6,0.010411799999928917
viruspseaac,Logistic,4,CC,0.3499862145023435,0.3499862145023435,1.0,0.41304347826086957,0.41304347826086957,0.20930232558139536,0.20930232558139536,0.27906976744186046,0,0.011747600000035163
viruspseaac,Logistic,4,ECC,0.3751221896383187,0.3751221896383187,1.0,0.4222222222222222,0.4222222222222222,0.20155038759689922,0.20155038759689922,0.3023255813953488,0,0.11046239999996033
viruspseaac,Logistic,4,GSI_v6,0.35542521994134896,0.3130511463844797,0.8604651162790697,0.4186046511627907,0.42105263157894735,0.1937984496124031,0.14864864864864866,0.2558139534883721,1,0.13142160000006697
viruspseaac,Logistic,4,GSI_v6_1,0.37727272727272726,0.3421900161030596,0.8333333333333334,0.425531914893617,0.45614035087719296,0.20930232558139536,0.14418604651162792,0.3023255813953488,1,0.20224099999995815
viruspseaac,Logistic,5,BR,0.3705069124423963,0.3705069124423963,1.0,0.45454545454545453,0.45454545454545453,0.17777777777777778,0.17777777777777778,0.3333333333333333,6,0.010514600000078644
viruspseaac,Logistic,5,CC,0.3857142857142857,0.3857142857142857,1.0,0.4948453608247423,0.4948453608247423,0.1814814814814815,0.1814814814814815,0.37777777777777777,0,0.011734199999864359
viruspseaac,Logistic,5,ECC,0.4129768866610972,0.4129768866610972,1.0,0.5531914893617021,0.5531914893617021,0.15555555555555556,0.15555555555555556,0.4222222222222222,0,0.10638999999991938
viruspseaac,Logistic,5,GSI_v6,0.3875661375661375,0.41883116883116883,0.825925925925926,0.4946236559139785,0.5357142857142857,0.17407407407407408,0.11659192825112108,0.37777777777777777,1,0.12943119999999908
viruspseaac,Logistic,5,GSI_v6_1,0.4010721247563353,0.4444444444444444,0.8296296296296296,0.5263157894736842,0.5901639344262295,0.16666666666666666,0.11160714285714286,0.4,1,0.19947910000018965
yeast,Logistic,1,BR,0.3599663172280439,0.3599663172280439,1.0,0.6286636192524873,0.6286636192524873,0.20338733431516937,0.20338733431516937,0.13814432989690723,14,0.13077690000000075
yeast,Logistic,1,CC,0.4001976550631749,0.4001976550631749,1.0,0.6095490716180372,0.6095490716180372,0.21678939617083948,0.21678939617083948,0.19381443298969073,0,0.1355519000003369
yeast,Logistic,1,ECC,0.3730266665582522,0.3730266665582522,1.0,0.6378996620743437,0.6378996620743437,0.20515463917525772,0.20515463917525772,0.1979381443298969,0,1.3424626000000899
yeast,Logistic,1,GSI_v6,0.36558197131244635,0.3686801364194837,0.804860088365243,0.6353187042842215,0.6603250099088387,0.20559646539027981,0.1568161024702653,0.15670103092783505,2,1.2863177999997788
yeast,Logistic,1,GSI_v6_1,0.36804814114433926,0.37233827142931925,0.8022091310751105,0.6384297520661157,0.6666666666666666,0.20618556701030927,0.15219386818432165,0.1979381443298969,2,2.4297730000002957
yeast,Logistic,2,BR,0.37780654590999685,0.37780654590999685,1.0,0.6370605339677504,0.6370605339677504,0.20220913107511046,0.20220913107511046,0.15876288659793814,14,0.13030939999998736
yeast,Logistic,2,CC,0.402104014661902,0.402104014661902,1.0,0.6139486647653617,0.6139486647653617,0.21929307805596465,0.21929307805596465,0.22268041237113403,0,0.13298889999987296
yeast,Logistic,2,ECC,0.3893567944690072,0.3893567944690072,1.0,0.6420835482207323,0.6420835482207323,0.2044182621502209,0.2044182621502209,0.19381443298969073,0,1.316286200000377
yeast,Logistic,2,GSI_v6,0.37049594922600537,0.36691796562410145,0.8103092783505155,0.6380528657419524,0.6604578967792006,0.2036818851251841,0.15903307888040713,0.15463917525773196,2,1.3139522999999826
yeast,Logistic,2,GSI_v6_1,0.38090187360907335,0.38886711515679095,0.8085419734904271,0.6405930470347648,0.6622874806800618,0.20706921944035347,0.15919854280510018,0.18350515463917524,2,2.350890900000195
yeast,Logistic,3,BR,0.3790154046838568,0.3790154046838568,1.0,0.6433901918976546,0.6433901918976546,0.19994022713687987,0.19994022713687987,0.15481171548117154,14,0.131271199999901
yeast,Logistic,3,CC,0.4080957297530268,0.4080957297530268,1.0,0.6311389759665622,0.6311389759665622,0.2109982068141064,0.2109982068141064,0.21338912133891214,0,0.13943289999997432
yeast,Logistic,3,ECC,0.38287910873327924,0.38287910873327924,1.0,0.6472424557752341,0.6472424557752341,0.2026300059772863,0.2026300059772863,0.2112970711297071,0,1.309751299999789
yeast,Logistic,3,GSI_v6,0.382746928126941,0.3622998389693958,0.8184399282725643,0.6507603565810173,0.6684677730605944,0.1990436341900777,0.15683768486397662,0.1694560669456067,2,1.4480240999996568
yeast,Logistic,3,GSI_v6_1,0.3803128982702145,0.3786283087584924,0.8203825463239689,0.6470127837203236,0.6757369614512472,0.20218170950388523,0.15628415300546447,0.200836820083682,2,2.4528808000000026
yeast,Logistic,4,BR,0.3728635353541395,0.3728635353541395,1.0,0.6327077747989276,0.6327077747989276,0.2030231179608773,0.2030231179608773,0.14730290456431536,14,0.12581860000000233
yeast,Logistic,4,CC,0.39025167635524977,0.39025167635524977,1.0,0.6202629543696829,0.6202629543696829,0.21828689982216953,0.21828689982216953,0.1887966804979253,0,0.12949140000000625
yeast,Logistic,4,ECC,0.3742219621627951,0.3742219621627951,1.0,0.6345006485084306,0.6345006485084306,0.20880260818020155,0.20880260818020155,0.2012448132780083,0,1.3135809999998855
yeast,Logistic,4,GSI_v6,0.38089523026776145,0.36525015963744906,0.8206876111440427,0.637223974763407,0.6435114503816793,0.2045050385299348,0.16865294330083064,0.17012448132780084,2,1.3658900000000358
yeast,Logistic,4,GSI_v6_1,0.3746383182802794,0.38193908707711577,0.830616478956728,0.6374708473697849,0.657624633431085,0.20732068761114406,0.16663693131132917,0.1970954356846473,2,2.4511575999999877
yeast,Logistic,5,BR,0.38410483081531266,0.38410483081531266,1.0,0.6334938469769931,0.6334938469769931,0.2009386916984453,0.2009386916984453,0.13347022587268995,14,0.14850350000006074
yeast,Logistic,5,CC,0.40800626421397734,0.40800626421397734,1.0,0.6240581969342687,0.6240581969342687,0.21223232619536522,0.21223232619536522,0.19096509240246407,0,0.1510140999998839
yeast,Logistic,5,ECC,0.4001848509797143,0.4001848509797143,1.0,0.645010395010395,0.645010395010395,0.200352009386917,0.200352009386917,0.1868583162217659,0,1.36518389999992
yeast,Logistic,5,GSI_v6,0.37883078882053506,0.3657096097187165,0.8065415077735406,0.6330250990752972,0.6622309197651663,0.20372543267820475,0.1569376250227314,0.15195071868583163,2,1.2919290999998339
yeast,Logistic,5,GSI_v6_1,0.3847963785417622,0.38733854570698767,0.8022880610149604,0.6405194805194805,0.6756444786456329,0.20299207978879436,0.15411334552102376,0.19096509240246407,2,2.3727940999997372
emotions,SVM,1,BR,0.597602612390748,0.597602612390748,1.0,0.6424870466321243,0.6424870466321243,0.1885245901639344,0.1885245901639344,0.32786885245901637,6,0.06448900000032154
emotions,SVM,1,CC,0.576146178239184,0.576146178239184,1.0,0.6244131455399061,0.6244131455399061,0.2185792349726776,0.2185792349726776,0.319672131147541,0,0.06159720000005109
emotions,SVM,1,ECC,0.6294518593369167,0.6294518593369167,1.0,0.6634844868735084,0.6634844868735084,0.19262295081967212,0.19262295081967212,0.3114754098360656,0,0.5472429999999804
emotions,SVM,1,GSI_v6,0.5794210931565573,0.5887601264959755,0.7144808743169399,0.6210526315789474,0.6666666666666666,0.19672131147540983,0.12619502868068833,0.28688524590163933,2,0.6092625999999655
emotions,SVM,1,GSI_v6_1,0.6131217097509233,0.6206000867569884,0.662568306010929,0.6456310679611651,0.7136150234741784,0.1994535519125683,0.12577319587628866,0.28688524590163933,2,0.8986446999997497
emotions,SVM,2,BR,0.5472967449301249,0.5472967449301249,1.0,0.5888888888888889,0.5888888888888889,0.20728291316526612,0.20728291316526612,0.23529411764705882,6,0.057116299999961484
emotions,SVM,2,CC,0.5270942400579857,0.5270942400579857,1.0,0.5784313725490197,0.5784313725490197,0.24089635854341737,0.24089635854341737,0.25210084033613445,0,0.05328400000007605
emotions,SVM,2,ECC,0.6262725221539117,0.6262725221539117,1.0,0.6421568627450981,0.6421568627450981,0.20448179271708683,0.20448179271708683,0.29411764705882354,0,0.537978800000019
emotions,SVM,2,GSI_v6,0.57089186915296,0.4829618199637175,0.6680672268907563,0.5911602209944752,0.5985401459854015,0.20728291316526612,0.11530398322851153,0.2605042016806723,2,0.5955000000003565
emotions,SVM,2,GSI_v6_1,0.6374329932770788,0.5693783068783068,0.6092436974789915,0.6403940886699507,0.6762589928057554,0.20448179271708683,0.10344827586206896,0.2689075630252101,2,0.8401358000000982
emotions,SVM,3,BR,0.5754488038510298,0.5754488038510298,1.0,0.6262626262626263,0.6262626262626263,0.2005420054200542,0.2005420054200542,0.25203252032520324,6,0.056219299999611394
emotions,SVM,3,CC,0.5698511055867169,0.5698511055867169,1.0,0.62004662004662,0.62004662004662,0.22086720867208673,0.22086720867208673,0.25203252032520324,0,0.05423220000011497
emotions,SVM,3,ECC,0.6124934465264301,0.6124934465264301,1.0,0.6463700234192038,0.6463700234192038,0.2046070460704607,0.2046070460704607,0.2845528455284553,0,0.5584962000002633
emotions,SVM,3,GSI_v6,0.58561771385936,0.6190705128205128,0.6802168021680217,0.625,0.6666666666666666,0.1951219512195122,0.11354581673306773,0.24390243902439024,2,0.5915884999999435
emotions,SVM,3,GSI_v6_1,0.5847933298770902,0.6558900658165364,0.6422764227642277,0.6334164588528678,0.7303370786516854,0.1991869918699187,0.10126582278481013,0.24390243902439024,3,0.9801202000003286
emotions,SVM,4,BR,0.5779402789841044,0.5779402789841044,1.0,0.6145833333333334,0.6145833333333334,0.20555555555555555,0.20555555555555555,0.225,6,0.05648799999971743
emotions,SVM,4,CC,0.5721042935234072,0.5721042935234072,1.0,0.6208530805687204,0.6208530805687204,0.2222222222222222,0.2222222222222222,0.25,0,0.053633499999705236
emotions,SVM,4,ECC,0.6456162624148015,0.6456162624148015,1.0,0.6682577565632458,0.6682577565632458,0.19305555555555556,0.19305555555555556,0.25833333333333336,0,0.5410345999998754
emotions,SVM,4,GSI_v6,0.569729748377918,0.5322225110648963,0.6847222222222222,0.5978835978835979,0.6436781609195402,0.2111111111111111,0.1257606490872211,0.175,2,0.5885963000000629
emotions,SVM,4,GSI_v6_1,0.631038052447667,0.6133583129437322,0.6625,0.6442307692307693,0.7032967032967034,0.20555555555555555,0.11320754716981132,0.225,2,0.8423227999996925
emotions,SVM,5,BR,0.5648692244675182,0.5648692244675182,1.0,0.6162162162162163,0.6162162162162163,0.21712538226299694,0.21712538226299694,0.2018348623853211,6,0.05851669999992737
emotions,SVM,5,CC,0.5637931304885476,0.5637931304885476,1.0,0.6274509803921569,0.6274509803921569,0.2324159021406728,0.2324159021406728,0.25688073394495414,0,0.054757400000198686
emotions,SVM,5,ECC,0.6189938023405012,0.6189938023405012,1.0,0.6584158415841584,0.6584158415841584,0.21100917431192662,0.21100917431192662,0.26605504587155965,0,0.5433509999998023
emotions,SVM,5,GSI_v6,0.5587539147869184,0.5121646469472556,0.6712538226299695,0.6022099447513812,0.6163522012578616,0.22018348623853212,0.13895216400911162,0.1926605504587156,2,0.7854177999997773
emotions,SVM,5,GSI_v6_1,0.5763808928757382,0.558440556357223,0.6299694189602446,0.6279683377308707,0.6967741935483871,0.21559633027522937,0.11407766990291263,0.22018348623853212,3,0.9386753000003409
scene,SVM,1,BR,0.6046583638264269,0.6046583638264269,1.0,0.6118500604594922,0.6118500604594922,0.11169102296450939,0.11169102296450939,0.4405010438413361,6,0.5673265000000356
scene,SVM,1,CC,0.691820740417887,0.691820740417887,1.0,0.6820461384152458,0.6820461384152458,0.11029923451635351,0.11029923451635351,0.6430062630480167,0,0.4910384999998314
scene,SVM,1,ECC,0.7343455632011081,0.7343455632011081,1.0,0.728,0.728,0.09464161447459986,0.09464161447459986,0.6325678496868476,0,4.710119900000336
scene,SVM,1,GSI_v6,0.6501763426084964,0.647534023998478,0.8740431454418929,0.6464646464646465,0.689908256880734,0.10960334029227557,0.06727707006369427,0.5135699373695198,3,5.939444999999978
scene,SVM,1,GSI_v6_1,0.6755088573303509,0.682356878009052,0.8465553235908142,0.6702355460385439,0.7354596622889306,0.10716771050800278,0.05795314426633785,0.5490605427974948,3,8.66861370000015
scene,SVM,2,BR,0.6006731832511968,0.6006731832511968,1.0,0.6111111111111112,0.6111111111111112,0.11227336122733612,0.11227336122733612,0.4602510460251046,6,0.561393599999974
scene,SVM,2,CC,0.6928998869043691,0.6928998869043691,1.0,0.6852589641434262,0.6852589641434262,0.1101813110181311,0.1101813110181311,0.6359832635983264,0,0.4869955999997728
scene,SVM,2,ECC,0.7402499713443683,0.7402499713443683,1.0,0.7311178247734139,0.7311178247734139,0.09309623430962342,0.09309623430962342,0.6234309623430963,0,4.790055299999949
scene,SVM,2,GSI_v6,0.6496999088164844,0.6642617702711738,0.8863319386331938,0.6544622425629291,0.7135135135135136,0.10529986052998605,0.06254917387883556,0.5313807531380753,3,5.870609200000217
scene,SVM,2,GSI_v6_1,0.6935288446127595,0.7259615178261126,0.856694560669456,0.6897297297297297,0.7670250896057348,0.1000697350069735,0.05291005291005291,0.5774058577405857,2,8.05089390000012
scene,SVM,3,BR,0.5973662690468077,0.5973662690468077,1.0,0.603680981595092,0.603680981595092,0.11031420765027322,0.11031420765027322,0.444672131147541,6,0.6245278999999755
scene,SVM,3,CC,0.6551256005070316,0.6551256005070316,1.0,0.6435643564356436,0.6435643564356436,0.12295081967213115,0.12295081967213115,0.610655737704918,0,0.48161030000028404
scene,SVM,3,ECC,0.6961472808862513,0.6961472808862513,1.0,0.6888888888888889,0.6888888888888889,0.1051912568306011,0.1051912568306011,0.5942622950819673,0,4.715881900000113
scene,SVM,3,GSI_v6,0.6450562153725959,0.6463257126915863,0.8835382513661202,0.6428571428571429,0.686411149825784,0.10587431693989072,0.06957866254348666,0.5122950819672131,3,5.692027900000085
scene,SVM,3,GSI_v6_1,0.673093085252403,0.7006719006141049,0.8442622950819673,0.6659364731653888,0.7490636704119851,0.10416666666666667,0.054207119741100325,0.5368852459016393,2,8.033017299999756
scene,SVM,4,BR,0.5894999657131329,0.5894999657131329,1.0,0.5949820788530465,0.5949820788530465,0.11746361746361747,0.11746361746361747,0.4365904365904366,6,0.6277294999999867
scene,SVM,4,CC,0.662546943532871,0.662546943532871,1.0,0.6488625123639961,0.6488625123639961,0.12300762300762301,0.12300762300762301,0.5966735966735967,0,0.5158833000000413
scene,SVM,4,ECC,0.7041987303812641,0.7041987303812641,1.0,0.6941649899396378,0.6941649899396378,0.10533610533610534,0.10533610533610534,0.6029106029106029,0,4.99190950000002
scene,SVM,4,GSI_v6,0.6423032451021987,0.6564353356052274,0.8981288981288982,0.6414253897550112,0.7006172839506173,0.11157311157311157,0.07484567901234568,0.5176715176715176,2,4.9650784000000385
scene,SVM,4,GSI_v6_1,0.630575431720455,0.655956486658241,0.8620928620928621,0.6289978678038379,0.7033333333333334,0.12058212058212059,0.07154340836012862,0.5155925155925156,3,8.98267480000004
scene,SVM,5,BR,0.5916310138406764,0.5916310138406764,1.0,0.6002460024600246,0.6002460024600246,0.11261261261261261,0.11261261261261261,0.4407484407484408,6,0.5491849000000002
scene,SVM,5,CC,0.6858497681106789,0.6858497681106789,1.0,0.6758893280632411,0.6758893280632411,0.11365211365211365,0.11365211365211365,0.6278586278586279,0,0.4662167000001318
scene,SVM,5,ECC,0.7404270983614829,0.7404270983614829,1.0,0.7297830374753451,0.7297830374753451,0.09494109494109494,0.09494109494109494,0.6403326403326404,0,4.602230999999847
scene,SVM,5,GSI_v6,0.6593280246632123,0.698051116607442,0.8877338877338877,0.6621160409556314,0.7317073170731707,0.10291060291060292,0.06440281030444965,0.5467775467775468,2,5.262736399999994
scene,SVM,5,GSI_v6_1,0.6990822842813968,0.7527230333740579,0.8413028413028413,0.6910656620021528,0.775894538606403,0.09944559944559944,0.04901153212520593,0.577962577962578,2,8.88093200000003
chd49,SVM,1,BR,0.4373272310908893,0.4373272310908893,1.0,0.6606498194945848,0.6606498194945848,0.2822822822822823,0.2822822822822823,0.18018018018018017,6,0.07564370000000054
chd49,SVM,1,CC,0.5030421736101599,0.5030421736101599,1.0,0.6813559322033899,0.6813559322033899,0.2822822822822823,0.2822822822822823,0.1981981981981982,0,0.062293700000282115
chd49,SVM,1,ECC,0.5032965026056082,0.5032965026056082,1.0,0.6825938566552902,0.6825938566552902,0.27927927927927926,0.27927927927927926,0.1981981981981982,0,0.5964386999999078
chd49,SVM,1,GSI_v6,0.49886682250493264,0.35013096222773643,0.5,0.6791808873720137,0.7751937984496124,0.2822822822822823,0.17417417417417416,0.18018018018018017,2,0.6420164999999542
chd49,SVM,1,GSI_v6_1,0.47784561544123755,0.3677960927960928,0.44744744744744747,0.6701030927835051,0.7984189723320159,0.2882882882882883,0.17114093959731544,0.18018018018018017,3,1.0479998999999225
chd49,SVM,2,BR,0.3699709647078068,0.3699709647078068,1.0,0.6212121212121212,0.6212121212121212,0.30303030303030304,0.30303030303030304,0.15454545454545454,6,0.06230230000028314
chd49,SVM,2,CC,0.35927269248582944,0.35927269248582944,1.0,0.6159420289855072,0.6159420289855072,0.3212121212121212,0.3212121212121212,0.16363636363636364,0,0.11403230000041731
chd49,SVM,2,ECC,0.4379406221797526,0.4379406221797526,1.0,0.6438848920863309,0.6438848920863309,0.3,0.3,0.2,0,0.599961599999915
chd49,SVM,2,GSI_v6,0.4565691387972118,0.3693528693528694,0.5227272727272727,0.6493955094991365,0.7527675276752768,0.30757575757575756,0.19420289855072465,0.16363636363636364,2,0.8411737999999787
chd49,SVM,2,GSI_v6_1,0.4220115876694209,0.3571163136380528,0.4712121212121212,0.6425992779783394,0.792156862745098,0.3,0.17041800643086816,0.14545454545454545,2,0.9970284000000902
chd49,SVM,3,BR,0.3455726817609995,0.3455726817609995,1.0,0.6190476190476191,0.6190476190476191,0.2909090909090909,0.2909090909090909,0.12727272727272726,6,0.06918170000017199
chd49,SVM,3,CC,0.46480207439198157,0.46480207439198157,1.0,0.6654611211573237,0.6654611211573237,0.2803030303030303,0.2803030303030303,0.15454545454545454,0,0.0632631999997102
chd49,SVM,3,ECC,0.49819652020076194,0.49819652020076194,1.0,0.6862068965517242,0.6862068965517242,0.27575757575757576,0.27575757575757576,0.16363636363636364,0,0.6154303000002983
chd49,SVM,3,GSI_v6,0.4832889334996317,0.3015491452991453,0.5106060606060606,0.6795774647887324,0.751937984496124,0.27575757575757576,0.18991097922848665,0.13636363636363635,2,0.6648055999999087
chd49,SVM,3,GSI_v6_1,0.3913650291008781,0.2899069884364002,0.4666666666666667,0.630188679245283,0.7755102040816326,0.296969696969697,0.17857142857142858,0.10909090909090909,2,0.9657076999997116
chd49,SVM,4,BR,0.36208096839470794,0.36208096839470794,1.0,0.6214689265536724,0.6214689265536724,0.29385964912280704,0.29385964912280704,0.13157894736842105,6,0.06299970000009125
chd49,SVM,4,CC,0.47001422249718255,0.47001422249718255,1.0,0.658703071672355,0.658703071672355,0.29239766081871343,0.29239766081871343,0.16666666666666666,0,0.05662919999986116
chd49,SVM,4,ECC,0.46784450467796246,0.46784450467796246,1.0,0.6565656565656566,0.6565656565656566,0.2982456140350877,0.2982456140350877,0.15789473684210525,0,0.5801358000003347
chd49,SVM,4,GSI_v6,0.4798856847351831,0.29526029526029524,0.48830409356725146,0.6632653061224489,0.7741935483870968,0.2894736842105263,0.16766467065868262,0.14912280701754385,2,0.6461273999998411
chd49,SVM,4,GSI_v6_1,0.3699579455235564,0.29526029526029524,0.44883040935672514,0.6247689463955638,0.7868852459016393,0.29678362573099415,0.16938110749185667,0.14035087719298245,3,0.859198600000127
chd49,SVM,5,BR,0.4001047288341222,0.4001047288341222,1.0,0.6353383458646616,0.6353383458646616,0.29393939393939394,0.29393939393939394,0.11818181818181818,6,0.06317239999998492
chd49,SVM,5,CC,0.45050984163569224,0.45050984163569224,1.0,0.6484517304189436,0.6484517304189436,0.2924242424242424,0.2924242424242424,0.16363636363636364,0,0.057666900000185706
chd49,SVM,5,ECC,0.4642738263958411,0.4642738263958411,1.0,0.6631578947368421,0.6631578947368421,0.2909090909090909,0.2909090909090909,0.13636363636363635,0,0.5935747000003175
chd49,SVM,5,GSI_v6,0.4111024612604261,0.36182474065111697,0.4772727272727273,0.6372007366482505,0.8032128514056225,0.29848484848484846,0.15555555555555556,0.11818181818181818,4,0.6791199999997843
chd49,SVM,5,GSI_v6_1,0.45207326191340363,0.3784275503573749,0.43636363636363634,0.6556169429097606,0.8362068965517241,0.2833333333333333,0.13194444444444445,0.12727272727272726,2,1.0014899999996487
music,SVM,1,BR,0.5688568681361986,0.5688568681361986,1.0,0.6170798898071626,0.6170798898071626,0.19467787114845939,0.19467787114845939,0.2689075630252101,6,0.06123010000010254
music,SVM,1,CC,0.5788969188534194,0.5788969188534194,1.0,0.6354679802955665,0.6354679802955665,0.20728291316526612,0.20728291316526612,0.3025210084033613,0,0.055351799999698414
music,SVM,1,ECC,0.6299301637658775,0.6299301637658775,1.0,0.6731707317073171,0.6731707317073171,0.1876750700280112,0.1876750700280112,0.3025210084033613,0,0.5584537999998247
music,SVM,1,GSI_v6,0.5467092104498119,0.5745149911816578,0.6848739495798319,0.5875706214689266,0.6451612903225806,0.20448179271708683,0.11247443762781185,0.23529411764705882,2,0.6221307000000706
music,SVM,1,GSI_v6_1,0.654941534259745,0.6986649210787141,0.6134453781512605,0.6718346253229974,0.7757575757575758,0.17787114845938376,0.08447488584474885,0.33613445378151263,2,0.8888934000001427
music,SVM,2,BR,0.5549989850491104,0.5549989850491104,1.0,0.5953002610966057,0.5953002610966057,0.2207977207977208,0.2207977207977208,0.2222222222222222,6,0.06192779999992126
music,SVM,2,CC,0.5606554655844002,0.5606554655844002,1.0,0.6095238095238096,0.6095238095238096,0.2336182336182336,0.2336182336182336,0.28205128205128205,0,0.060675499999888416
music,SVM,2,ECC,0.5900371079691213,0.5900371079691213,1.0,0.6298076923076923,0.6298076923076923,0.21937321937321938,0.21937321937321938,0.27350427350427353,0,0.586718000000019
music,SVM,2,GSI_v6,0.5436355107312169,0.5722327091513139,0.6866096866096866,0.5768194070080862,0.6333333333333333,0.22364672364672364,0.13692946058091288,0.21367521367521367,2,0.8239619000000857
music,SVM,2,GSI_v6_1,0.5648405902546816,0.6183182057802887,0.6438746438746439,0.5979899497487438,0.6818181818181818,0.22792022792022792,0.12389380530973451,0.20512820512820512,3,0.7536073999999644
music,SVM,3,BR,0.5643269836731432,0.5643269836731432,1.0,0.6329787234042553,0.6329787234042553,0.19491525423728814,0.19491525423728814,0.2542372881355932,6,0.05772049999995943
music,SVM,3,CC,0.5639809913327033,0.5639809913327033,1.0,0.6313253012048192,0.6313253012048192,0.21610169491525424,0.21610169491525424,0.2711864406779661,0,0.053056000000196946
music,SVM,3,ECC,0.6600339361555527,0.6600339361555527,1.0,0.6932084309133489,0.6932084309133489,0.1850282485875706,0.1850282485875706,0.3305084745762712,0,0.5515313999999307
music,SVM,3,GSI_v6,0.5968040609771926,0.6103375891419369,0.6694915254237288,0.6385224274406333,0.7100591715976331,0.19350282485875706,0.10337552742616034,0.2711864406779661,2,0.6245542000001478
music,SVM,3,GSI_v6_1,0.658101513473286,0.6125201288244767,0.6257062146892656,0.6810551558752997,0.7368421052631579,0.18785310734463276,0.10158013544018059,0.288135593220339,2,0.8907904000002418
music,SVM,4,BR,0.5832296582296582,0.5832296582296582,1.0,0.6256684491978609,0.6256684491978609,0.19607843137254902,0.19607843137254902,0.25210084033613445,6,0.05900309999969977
music,SVM,4,CC,0.5908188693465991,0.5908188693465991,1.0,0.6370023419203747,0.6370023419203747,0.21708683473389356,0.21708683473389356,0.29411764705882354,0,0.056538499999987835
music,SVM,4,ECC,0.6325153356869775,0.6325153356869775,1.0,0.6507177033492823,0.6507177033492823,0.20448179271708683,0.20448179271708683,0.2605042016806723,0,0.558283300000312
music,SVM,4,GSI_v6,0.6282019336296979,0.6276455026455027,0.6680672268907563,0.643979057591623,0.6794871794871795,0.19047619047619047,0.10482180293501048,0.2605042016806723,3,0.7396662000001015
music,SVM,4,GSI_v6_1,0.5982069862504645,0.6137566137566138,0.6386554621848739,0.6361323155216285,0.7096774193548387,0.20028011204481794,0.09868421052631579,0.2689075630252101,3,0.9631543999998939
music,SVM,5,BR,0.5606102601764424,0.5606102601764424,1.0,0.6133333333333333,0.6133333333333333,0.2030812324929972,0.2030812324929972,0.19327731092436976,6,0.058697099999790225
music,SVM,5,CC,0.5396917785489438,0.5396917785489438,1.0,0.6009615384615384,0.6009615384615384,0.23249299719887956,0.23249299719887956,0.226890756302521,0,0.052137499999844295
music,SVM,5,ECC,0.5962866494766353,0.5962866494766353,1.0,0.6255924170616114,0.6255924170616114,0.22128851540616246,0.22128851540616246,0.23529411764705882,0,0.5459953999998106
music,SVM,5,GSI_v6,0.5315582683086887,0.531702537021686,0.7072829131652661,0.5776566757493188,0.6276595744680851,0.21708683473389356,0.13861386138613863,0.17647058823529413,2,0.6280446999999185
music,SVM,5,GSI_v6_1,0.6232781316986832,0.6261931315122805,0.6638655462184874,0.6440677966101694,0.7064676616915423,0.20588235294117646,0.12447257383966245,0.24369747899159663,2,0.8889253999996072
gpositivepseaac,SVM,1,BR,0.6072180926611307,0.6072180926611307,1.0,0.7058823529411765,0.7058823529411765,0.13221153846153846,0.13221153846153846,0.5961538461538461,4,0.09143629999971381
gpositivepseaac,SVM,1,CC,0.5694382852919438,0.5694382852919438,1.0,0.7536231884057971,0.7536231884057971,0.12259615384615384,0.12259615384615384,0.7403846153846154,0,0.07650409999996555
gpositivepseaac,SVM,1,ECC,0.6616308007612356,0.6616308007612356,1.0,0.75,0.75,0.12980769230769232,0.12980769230769232,0.7211538461538461,0,0.7650877999999466
gpositivepseaac,SVM,1,GSI_v6,0.5488617771619579,0.6002382412605558,0.84375,0.7272727272727273,0.7851851851851852,0.12980769230769232,0.08262108262108261,0.6538461538461539,2,0.7302983000004133
gpositivepseaac,SVM,1,GSI_v6_1,0.6413481756338899,0.69875,0.8293269230769231,0.7431192660550459,0.8051948051948052,0.1346153846153846,0.08695652173913043,0.7115384615384616,0,1.0933720000002722
gpositivepseaac,SVM,2,BR,0.4529281693915841,0.4529281693915841,1.0,0.6222222222222222,0.6222222222222222,0.16346153846153846,0.16346153846153846,0.49038461538461536,4,0.08918339999991076
gpositivepseaac,SVM,2,CC,0.5484453476932636,0.5484453476932636,1.0,0.7333333333333333,0.7333333333333333,0.1346153846153846,0.1346153846153846,0.7211538461538461,0,0.07417490000034377
gpositivepseaac,SVM,2,ECC,0.5315061475409836,0.5315061475409836,1.0,0.7053571428571429,0.7053571428571429,0.15865384615384615,0.15865384615384615,0.625,0,0.75413669999989
gpositivepseaac,SVM,2,GSI_v6,0.4362042682926829,0.48499800637958534,0.8317307692307693,0.6137566137566137,0.688,0.17548076923076922,0.11271676300578035,0.5192307692307693,1,0.7616471000001184
gpositivepseaac,SVM,2,GSI_v6_1,0.4320924261874197,0.45230263157894735,0.7884615384615384,0.6010928961748634,0.6868686868686869,0.17548076923076922,0.09451219512195122,0.47115384615384615,1,1.2568449999998847
gpositivepseaac,SVM,3,BR,0.46969153515064566,0.46969153515064566,1.0,0.648936170212766,0.648936170212766,0.15865384615384615,0.15865384615384615,0.5480769230769231,4,0.0829769000001761
gpositivepseaac,SVM,3,CC,0.5404438119333755,0.5404438119333755,1.0,0.7142857142857143,0.7142857142857143,0.14423076923076922,0.14423076923076922,0.7019230769230769,0,0.07060689999980241
gpositivepseaac,SVM,3,ECC,0.5278528421751292,0.5278528421751292,1.0,0.7009345794392523,0.7009345794392523,0.15384615384615385,0.15384615384615385,0.6826923076923077,0,0.7258130999998684
gpositivepseaac,SVM,3,GSI_v6,0.4967813184323794,0.5133333333333333,0.8389423076923077,0.6666666666666666,0.6821705426356589,0.15384615384615385,0.1174785100286533,0.5961538461538461,2,0.7045272000000296
gpositivepseaac,SVM,3,GSI_v6_1,0.5006931249757649,0.4254545454545455,0.7980769230769231,0.6701570680628273,0.6727272727272727,0.15144230769230768,0.10843373493975904,0.5673076923076923,2,0.9455255999996552
gpositivepseaac,SVM,4,BR,0.4538909950145409,0.4538909950145409,1.0,0.632768361581921,0.632768361581921,0.15625,0.15625,0.5192307692307693,4,0.08349750000024869
gpositivepseaac,SVM,4,CC,0.5179597701149425,0.5179597701149425,1.0,0.6857142857142857,0.6857142857142857,0.15865384615384615,0.15865384615384615,0.6826923076923077,0,0.07432719999997062
gpositivepseaac,SVM,4,ECC,0.5185582126553194,0.5185582126553194,1.0,0.6880733944954128,0.6880733944954128,0.16346153846153846,0.16346153846153846,0.6538461538461539,0,0.7377840999997716
gpositivepseaac,SVM,4,GSI_v6,0.5236505231452124,0.5314465408805031,0.8605769230769231,0.6878306878306878,0.706766917293233,0.14182692307692307,0.10893854748603352,0.625,1,0.7961233999999422
gpositivepseaac,SVM,4,GSI_v6_1,0.46396515021835977,0.5343632075471698,0.8269230769230769,0.6378378378378379,0.7154471544715447,0.16105769230769232,0.10174418604651163,0.5576923076923077,1,1.2670452000002115
gpositivepseaac,SVM,5,BR,0.3903913260219342,0.3903913260219342,1.0,0.5869565217391305,0.5869565217391305,0.18446601941747573,0.18446601941747573,0.46601941747572817,4,0.08846699999958219
gpositivepseaac,SVM,5,CC,0.46505147358611454,0.46505147358611454,1.0,0.6346153846153846,0.6346153846153846,0.18446601941747573,0.18446601941747573,0.6213592233009708,0,0.08079240000006394
gpositivepseaac,SVM,5,ECC,0.48891494522792667,0.48891494522792667,1.0,0.6574074074074074,0.6574074074074074,0.1796116504854369,0.1796116504854369,0.6019417475728155,0,0.7769594000001234
gpositivepseaac,SVM,5,GSI_v6,0.44784686637761134,0.4730657780353521,0.8446601941747572,0.6217616580310881,0.6461538461538462,0.17718446601941748,0.13218390804597702,0.5339805825242718,2,0.7402858999998898
gpositivepseaac,SVM,5,GSI_v6_1,0.4183743169398907,0.4677015377446412,0.7936893203883495,0.6031746031746031,0.6842105263157895,0.1820388349514563,0.11009174311926606,0.49514563106796117,1,1.286107500000071
genbase,SVM,1,BR,0.7777777777777778,0.7777777777777778,1.0,0.9969788519637462,0.9969788519637462,0.000278473962684489,0.000278473962684489,0.9924812030075187,27,0.23920659999976124
genbase,SVM,1,CC,0.7777777777777778,0.7777777777777778,1.0,0.9969788519637462,0.9969788519637462,0.000278473962684489,0.000278473962684489,0.9924812030075187,0,0.26671940000005634
genbase,SVM,1,ECC,0.7777777777777778,0.7777777777777778,1.0,0.9969788519637462,0.9969788519637462,0.000278473962684489,0.000278473962684489,0.9924812030075187,0,2.4168831000001774
genbase,SVM,1,GSI_v6,0.7777777777777778,0.7407407407407407,0.999443052074631,0.9969788519637462,0.9969418960244648,0.000278473962684489,0.00027862914460852607,0.9924812030075187,20,2.2123695999998745
genbase,SVM,1,GSI_v6_1,0.7777777777777778,0.7407407407407407,0.999443052074631,0.9969788519637462,0.9969418960244648,0.000278473962684489,0.00027862914460852607,0.9924812030075187,21,1.9939261999998052
genbase,SVM,2,BR,0.7654320987654321,0.7654320987654321,1.0,0.990990990990991,0.990990990990991,0.0008417508417508417,0.0008417508417508417,0.9848484848484849,27,0.22863480000023628
genbase,SVM,2,CC,0.7654320987654321,0.7654320987654321,1.0,0.990990990990991,0.990990990990991,0.0008417508417508417,0.0008417508417508417,0.9848484848484849,0,0.24196600000004764
genbase,SVM,2,ECC,0.7654320987654321,0.7654320987654321,1.0,0.990990990990991,0.990990990990991,0.0008417508417508417,0.0008417508417508417,0.9848484848484849,0,2.3529398000000583
genbase,SVM,2,GSI_v6,0.7654320987654321,0.7654320987654321,1.0,0.990990990990991,0.990990990990991,0.0008417508417508417,0.0008417508417508417,0.9848484848484849,19,1.9200221999999485
genbase,SVM,2,GSI_v6_1,0.7654320987654321,0.7654320987654321,1.0,0.990990990990991,0.990990990990991,0.0008417508417508417,0.0008417508417508417,0.9848484848484849,19,2.019768699999986
genbase,SVM,3,BR,0.7669845988686569,0.7669845988686569,1.0,0.9814814814814815,0.9814814814814815,0.0016835016835016834,0.0016835016835016834,0.9545454545454546,27,0.24953139999979612
genbase,SVM,3,CC,0.7669845988686569,0.7669845988686569,1.0,0.9814814814814815,0.9814814814814815,0.0016835016835016834,0.0016835016835016834,0.9545454545454546,0,0.24025339999980133
genbase,SVM,3,ECC,0.7669845988686569,0.7669845988686569,1.0,0.9814814814814815,0.9814814814814815,0.0016835016835016834,0.0016835016835016834,0.9545454545454546,0,2.400257799999963
genbase,SVM,3,GSI_v6,0.7669845988686569,0.7669845988686569,1.0,0.9814814814814815,0.9814814814814815,0.0016835016835016834,0.0016835016835016834,0.9545454545454546,19,2.0333237000004374
genbase,SVM,3,GSI_v6_1,0.7669845988686569,0.7669845988686569,0.9997194163860831,0.9814814814814815,0.9845201238390093,0.0016835016835016834,0.0014033118158854898,0.9545454545454546,19,1.7533643000001575
genbase,SVM,4,BR,0.7654320987654322,0.7654320987654322,1.0,0.9939759036144579,0.9939759036144579,0.0005611672278338945,0.0005611672278338945,0.9848484848484849,27,0.21842979999973977
genbase,SVM,4,CC,0.7654320987654322,0.7654320987654322,1.0,0.9939759036144579,0.9939759036144579,0.0005611672278338945,0.0005611672278338945,0.9848484848484849,0,0.24036489999980404
genbase,SVM,4,ECC,0.7654320987654322,0.7654320987654322,1.0,0.9939759036144579,0.9939759036144579,0.0005611672278338945,0.0005611672278338945,0.9848484848484849,0,2.4043484999997418
genbase,SVM,4,GSI_v6,0.7654320987654322,0.7283950617283951,0.9997194163860831,0.9939759036144579,0.9939393939393939,0.0005611672278338945,0.000561324726354196,0.9848484848484849,19,2.0975702999999157
genbase,SVM,4,GSI_v6_1,0.7654320987654322,0.7283950617283951,0.9997194163860831,0.9939759036144579,0.9939393939393939,0.0005611672278338945,0.000561324726354196,0.9848484848484849,21,1.6514132000002064
genbase,SVM,5,BR,0.7326007326007327,0.7326007326007327,1.0,0.9878787878787879,0.9878787878787879,0.001113895850737956,0.001113895850737956,0.9699248120300752,27,0.2392297999999755
genbase,SVM,5,CC,0.7326007326007327,0.7326007326007327,1.0,0.9878787878787879,0.9878787878787879,0.001113895850737956,0.001113895850737956,0.9699248120300752,0,0.24007290000008652
genbase,SVM,5,ECC,0.7326007326007327,0.7326007326007327,1.0,0.9878787878787879,0.9878787878787879,0.001113895850737956,0.001113895850737956,0.9699248120300752,0,2.403997900000377
genbase,SVM,5,GSI_v6,0.7326007326007327,0.7326007326007327,0.999443052074631,0.9878787878787879,0.9877300613496932,0.001113895850737956,0.0011145165784341043,0.9699248120300752,20,2.034220400000322
genbase,SVM,5,GSI_v6_1,0.7326007326007327,0.7326007326007327,0.999443052074631,0.9878787878787879,0.9877300613496932,0.001113895850737956,0.0011145165784341043,0.9699248120300752,21,1.704134999999951
humanpseaac,SVM,1,BR,0.018586983792463246,0.018586983792463246,1.0,0.056921086675291076,0.056921086675291076,0.08550316678395496,0.08550316678395496,0.03284072249589491,14,1.662299300000086
humanpseaac,SVM,1,CC,0.08246032750739112,0.08246032750739112,1.0,0.3070539419087137,0.3070539419087137,0.09793572601454374,0.09793572601454374,0.22660098522167488,0,1.5714410000000498
humanpseaac,SVM,1,ECC,0.06588133709730502,0.06588133709730502,1.0,0.208955223880597,0.208955223880597,0.08702791461412152,0.08702791461412152,0.11494252873563218,0,15.37205159999985
humanpseaac,SVM,1,GSI_v6,0.04121638354163141,0.021339879235276197,0.9431151771053249,0.1497076023391813,0.059027777777777776,0.08526859019469857,0.06740455167267753,0.08210180623973727,0,10.693688299999849
humanpseaac,SVM,1,GSI_v6_1,0.07209882465426196,0.049703214619181,0.8728594886230354,0.26280193236714977,0.08232445520581114,0.08949096880131363,0.05092717011556033,0.16912972085385877,0,22.101053299999876
humanpseaac,SVM,2,BR,0.014614876809583883,0.014614876809583883,1.0,0.04669260700389105,0.04669260700389105,0.08333333333333333,0.08333333333333333,0.023809523809523808,14,1.6082166999999572
humanpseaac,SVM,2,CC,0.07216556402771433,0.07216556402771433,1.0,0.28547990155865466,0.28547990155865466,0.09875283446712019,0.09875283446712019,0.20952380952380953,0,1.578306899999916
humanpseaac,SVM,2,ECC,0.06832282461484229,0.06832282461484229,1.0,0.20490928495197439,0.20490928495197439,0.0844671201814059,0.0844671201814059,0.1111111111111111,0,15.490468599999986
humanpseaac,SVM,2,GSI_v6,0.034324691372884145,0.013805920408579845,0.9424036281179138,0.1076555023923445,0.031578947368421054,0.08458049886621315,0.06641000962463908,0.05396825396825397,0,10.727572600000258
humanpseaac,SVM,2,GSI_v6_1,0.06423620782255847,0.03667331594291852,0.8696145124716553,0.2529182879377432,0.06467661691542288,0.08707482993197278,0.04902216427640156,0.15079365079365079,0,21.688781800000015
humanpseaac,SVM,3,BR,0.015013482998196265,0.015013482998196265,1.0,0.04736842105263158,0.04736842105263158,0.08247892458418775,0.08247892458418775,0.02711323763955343,14,1.5639436999999816
humanpseaac,SVM,3,CC,0.07359234184171771,0.07359234184171771,1.0,0.2847341337907376,0.2847341337907376,0.09501025290498975,0.09501025290498975,0.19617224880382775,0,1.5154876999999942
humanpseaac,SVM,3,ECC,0.060868051391721315,0.060868051391721315,1.0,0.20066152149944874,0.20066152149944874,0.08259284575074048,0.08259284575074048,0.10366826156299841,0,14.62062429999969
humanpseaac,SVM,3,GSI_v6,0.03695588945620174,0.016114119667150973,0.9528366370471634,0.11366384522370013,0.03424657534246575,0.08350421508316246,0.06743185078909612,0.05901116427432217,0,10.027426300000116
humanpseaac,SVM,3,GSI_v6_1,0.06895516105409913,0.05170047817106641,0.873775347459558,0.26346153846153847,0.07862407862407862,0.08726361357940306,0.04889178617992177,0.15629984051036683,0,21.2408918000001
humanpseaac,SVM,4,BR,0.014325396825396824,0.014325396825396824,1.0,0.03926701570680628,0.03926701570680628,0.0851113172541744,0.0851113172541744,0.022727272727272728,14,1.7166627999999946
humanpseaac,SVM,4,CC,0.08954736208117334,0.08954736208117334,1.0,0.30098684210526316,0.30098684210526316,0.0985621521335807,0.0985621521335807,0.22727272727272727,0,1.592540000000099
humanpseaac,SVM,4,ECC,0.0740830867143477,0.0740830867143477,1.0,0.2245762711864407,0.2245762711864407,0.08487940630797773,0.08487940630797773,0.12824675324675325,0,15.45203760000004
humanpseaac,SVM,4,GSI_v6,0.041726095034173794,0.02197802197802198,0.9486317254174397,0.1380952380952381,0.04938271604938271,0.0839517625231911,0.06588436621439922,0.07142857142857142,0,10.717526199999611
humanpseaac,SVM,4,GSI_v6_1,0.06748060460139112,0.040709290709290705,0.8703617810760668,0.2658959537572254,0.06914893617021277,0.08835807050092764,0.04662936317612577,0.16233766233766234,0,21.556575300000077
humanpseaac,SVM,5,BR,0.006625337611253105,0.006625337611253105,1.0,0.0214190093708166,0.0214190093708166,0.08367673992673992,0.08367673992673992,0.009615384615384616,14,1.6155472000000373
humanpseaac,SVM,5,CC,0.07731471665821334,0.07731471665821334,1.0,0.31655844155844154,0.31655844155844154,0.09638278388278389,0.09638278388278389,0.2387820512820513,0,1.5287774999997055
humanpseaac,SVM,5,ECC,0.06929090903049369,0.06929090903049369,1.0,0.20568927789934355,0.20568927789934355,0.0831043956043956,0.0831043956043956,0.10576923076923077,0,15.210790799999813
humanpseaac,SVM,5,GSI_v6,0.03159004778381941,0.009523809523809523,0.94253663003663,0.12274368231046931,0.022181146025878003,0.08344780219780219,0.06424581005586592,0.0641025641025641,0,11.080811499999982
humanpseaac,SVM,5,GSI_v6_1,0.0756571584038611,0.04395604395604396,0.8723672161172161,0.2878787878787879,0.042105263157894736,0.08608058608058608,0.04776276079254691,0.1891025641025641,0,22.778728599999795
plantpseaac,SVM,1,BR,0.019540229885057474,0.019540229885057474,1.0,0.018433179723502304,0.018433179723502304,0.09056122448979592,0.09056122448979592,0.01020408163265306,12,0.3889146999999866
plantpseaac,SVM,1,CC,0.11843072735395765,0.11843072735395765,1.0,0.20846905537459284,0.20846905537459284,0.10331632653061225,0.10331632653061225,0.1326530612244898,0,0.3875006999996913
plantpseaac,SVM,1,ECC,0.13128632805103393,0.13128632805103393,1.0,0.2874617737003058,0.2874617737003058,0.09906462585034014,0.09906462585034014,0.17857142857142858,0,4.112438099999963
plantpseaac,SVM,1,GSI_v6,0.06898932500847686,0.027777777777777776,0.9587585034013606,0.16535433070866143,0.10416666666666667,0.09013605442176871,0.0762749445676275,0.10204081632653061,0,2.771287599999596
plantpseaac,SVM,1,GSI_v6_1,0.08567318312102855,0.053571428571428575,0.8788265306122449,0.2704225352112676,0.21052631578947367,0.11011904761904762,0.06531204644412192,0.22448979591836735,0,5.6874628000000484
plantpseaac,SVM,2,BR,0.10054184619402011,0.10054184619402011,1.0,0.13278008298755187,0.13278008298755187,0.08796296296296297,0.08796296296296297,0.0707070707070707,12,0.4224576999999954
plantpseaac,SVM,2,CC,0.1356170280695694,0.1356170280695694,1.0,0.21359223300970873,0.21359223300970873,0.10227272727272728,0.10227272727272728,0.15151515151515152,0,0.4003404000000046
plantpseaac,SVM,2,ECC,0.1579923053137339,0.1579923053137339,1.0,0.3044776119402985,0.3044776119402985,0.09806397306397306,0.09806397306397306,0.2222222222222222,0,3.9945919000001595
plantpseaac,SVM,2,GSI_v6,0.11248952080870585,0.09591959972394755,0.9579124579124579,0.2116788321167883,0.1650485436893204,0.09090909090909091,0.07557117750439367,0.13131313131313133,0,2.810213400000066
plantpseaac,SVM,2,GSI_v6_1,0.1435179319325661,0.13090993973346918,0.8960437710437711,0.29714285714285715,0.26666666666666666,0.10353535353535354,0.06716768435885392,0.21717171717171718,0,5.701936100000239
plantpseaac,SVM,3,BR,0.03995601173020528,0.03995601173020528,1.0,0.10344827586206896,0.10344827586206896,0.08934707903780069,0.08934707903780069,0.061855670103092786,12,0.43489610000005996
plantpseaac,SVM,3,CC,0.11593012787865731,0.11593012787865731,1.0,0.1981981981981982,0.1981981981981982,0.11469072164948453,0.11469072164948453,0.13917525773195877,0,0.42567090000011376
plantpseaac,SVM,3,ECC,0.09033117103418394,0.09033117103418394,1.0,0.2536873156342183,0.2536873156342183,0.10867697594501718,0.10867697594501718,0.1958762886597938,0,4.088621599999897
plantpseaac,SVM,3,GSI_v6,0.05380200860832138,0.04162495829162496,0.9656357388316151,0.17843866171003717,0.136986301369863,0.09493127147766323,0.08407473309608542,0.12371134020618557,0,2.876069400000233
plantpseaac,SVM,3,GSI_v6_1,0.06963593737890413,0.05788288288288288,0.8908934707903781,0.29120879120879123,0.23115577889447236,0.11082474226804123,0.07377049180327869,0.25773195876288657,0,5.746639800000139
plantpseaac,SVM,4,BR,0.024041984568300357,0.024041984568300357,1.0,0.02631578947368421,0.02631578947368421,0.09585492227979274,0.09585492227979274,0.015544041450777202,12,0.4207624000000578
plantpseaac,SVM,4,CC,0.11274701990898024,0.11274701990898024,1.0,0.22641509433962265,0.22641509433962265,0.10621761658031088,0.10621761658031088,0.15544041450777202,0,0.40048639999986335
plantpseaac,SVM,4,ECC,0.10928502151906407,0.10928502151906407,1.0,0.2392638036809816,0.2392638036809816,0.1070811744386874,0.1070811744386874,0.17098445595854922,0,3.9490129000000707
plantpseaac,SVM,4,GSI_v6,0.027802916038210154,0.018518518518518517,0.9615716753022453,0.10276679841897234,0.06930693069306931,0.09801381692573402,0.08441850022451729,0.06217616580310881,0,2.888721799999985
plantpseaac,SVM,4,GSI_v6_1,0.07529650787938764,0.054945054945054944,0.8743523316062176,0.24778761061946902,0.15789473684210525,0.11010362694300518,0.06320987654320988,0.18652849740932642,0,5.595511299999998
plantpseaac,SVM,5,BR,0.09418820558526442,0.09418820558526442,1.0,0.08733624454148471,0.08733624454148471,0.08840947546531303,0.08840947546531303,0.03553299492385787,12,0.3975661000004038
plantpseaac,SVM,5,CC,0.1477743530717501,0.1477743530717501,1.0,0.19101123595505617,0.19101123595505617,0.1218274111675127,0.1218274111675127,0.1218274111675127,0,0.3791863999999805
plantpseaac,SVM,5,ECC,0.15935525826830177,0.15935525826830177,1.0,0.29295774647887324,0.29295774647887324,0.10617597292724196,0.10617597292724196,0.20304568527918782,0,3.949164799999835
plantpseaac,SVM,5,GSI_v6,0.13153731189445475,0.0950524459296389,0.9593908629441624,0.22140221402214022,0.18099547511312217,0.0892554991539763,0.07980599647266313,0.13705583756345177,0,2.7353942999998253
plantpseaac,SVM,5,GSI_v6_1,0.11860899241851623,0.1012913640032284,0.8828257191201354,0.2894736842105263,0.23333333333333334,0.11421319796954314,0.06612362242453282,0.22842639593908629,0,5.556481699999949
viruspseaac,SVM,1,BR,0.2889655172413793,0.2889655172413793,1.0,0.3013698630136986,0.3013698630136986,0.2125,0.2125,0.175,6,0.07977900000014415
viruspseaac,SVM,1,CC,0.3569078947368421,0.3569078947368421,1.0,0.47191011235955055,0.47191011235955055,0.19583333333333333,0.19583333333333333,0.3,0,0.073033299999679
viruspseaac,SVM,1,ECC,0.3601250601250601,0.3601250601250601,1.0,0.4044943820224719,0.4044943820224719,0.22083333333333333,0.22083333333333333,0.275,0,0.7407662000000528
viruspseaac,SVM,1,GSI_v6,0.3387096774193548,0.3333333333333333,0.7416666666666667,0.41975308641975306,0.35714285714285715,0.19583333333333333,0.10112359550561797,0.25,1,0.8166832000001705
viruspseaac,SVM,1,GSI_v6_1,0.35642135642135636,0.3444444444444444,0.7083333333333334,0.4044943820224719,0.35714285714285715,0.22083333333333333,0.10588235294117647,0.275,1,1.3018096000000696
viruspseaac,SVM,2,BR,0.29650915283099194,0.29650915283099194,1.0,0.3116883116883117,0.3116883116883117,0.22083333333333333,0.22083333333333333,0.175,6,0.07158399999980247
viruspseaac,SVM,2,CC,0.30134680134680136,0.30134680134680136,1.0,0.3333333333333333,0.3333333333333333,0.25,0.25,0.2,0,0.06731549999994968
viruspseaac,SVM,2,ECC,0.3210084033613445,0.3210084033613445,1.0,0.37362637362637363,0.37362637362637363,0.2375,0.2375,0.2,0,0.6690161000001353
viruspseaac,SVM,2,GSI_v6,0.29955808080808083,0.2916666666666667,0.7875,0.32558139534883723,0.2926829268292683,0.24166666666666667,0.15343915343915343,0.2,1,0.774693699999716
viruspseaac,SVM,2,GSI_v6_1,0.3137254901960784,0.2748917748917749,0.7583333333333333,0.3595505617977528,0.22857142857142856,0.2375,0.14835164835164835,0.2,1,1.209218100000271
viruspseaac,SVM,3,BR,0.2733333333333333,0.2733333333333333,1.0,0.18461538461538463,0.18461538461538463,0.2264957264957265,0.2264957264957265,0.10256410256410256,6,0.0735672999999224
viruspseaac,SVM,3,CC,0.3625,0.3625,1.0,0.35,0.35,0.2222222222222222,0.2222222222222222,0.23076923076923078,0,0.06657439999980852
viruspseaac,SVM,3,ECC,0.3523809523809524,0.3523809523809524,1.0,0.3170731707317073,0.3170731707317073,0.23931623931623933,0.23931623931623933,0.23076923076923078,0,0.692383499999778
viruspseaac,SVM,3,GSI_v6,0.3218260705527259,0.20833333333333334,0.7435897435897436,0.2972972972972973,0.2,0.2222222222222222,0.13793103448275862,0.1794871794871795,1,0.9133210999998482
viruspseaac,SVM,3,GSI_v6_1,0.373082173082173,0.2333333333333333,0.7094017094017094,0.35714285714285715,0.23076923076923078,0.23076923076923078,0.12048192771084337,0.2564102564102564,1,1.291381999999885
viruspseaac,SVM,4,BR,0.27729885057471265,0.27729885057471265,1.0,0.30985915492957744,0.30985915492957744,0.18992248062015504,0.18992248062015504,0.16279069767441862,6,0.07088000000021566
viruspseaac,SVM,4,CC,0.2812865497076023,0.2812865497076023,1.0,0.32558139534883723,0.32558139534883723,0.2248062015503876,0.2248062015503876,0.23255813953488372,0,0.0797922000001563
viruspseaac,SVM,4,ECC,0.2881087919038583,0.2881087919038583,1.0,0.3373493975903614,0.3373493975903614,0.2131782945736434,0.2131782945736434,0.18604651162790697,0,0.6671034000000873
viruspseaac,SVM,4,GSI_v6,0.2934517589690004,0.2435897435897436,0.7558139534883721,0.35,0.29411764705882354,0.20155038759689922,0.12307692307692308,0.16279069767441862,1,0.7581516000000192
viruspseaac,SVM,4,GSI_v6_1,0.2956989247311828,0.31666666666666665,0.7286821705426356,0.35,0.3888888888888889,0.20155038759689922,0.11702127659574468,0.18604651162790697,1,1.2256694000002426
viruspseaac,SVM,5,BR,0.2925438596491228,0.2925438596491228,1.0,0.28125,0.28125,0.17037037037037037,0.17037037037037037,0.2,6,0.06897969999999987
viruspseaac,SVM,5,CC,0.38714851214851215,0.38714851214851215,1.0,0.4888888888888889,0.4888888888888889,0.17037037037037037,0.17037037037037037,0.35555555555555557,0,0.06440850000035425
viruspseaac,SVM,5,ECC,0.3720797720797721,0.3720797720797721,1.0,0.4444444444444444,0.4444444444444444,0.18518518518518517,0.18518518518518517,0.3111111111111111,0,0.6795326999999816
viruspseaac,SVM,5,GSI_v6,0.34037842190016104,0.2692307692307692,0.7407407407407407,0.379746835443038,0.375,0.1814814814814815,0.1,0.24444444444444444,1,0.7378020000001015
viruspseaac,SVM,5,GSI_v6_1,0.37547789725209085,0.27777777777777773,0.6888888888888889,0.45652173913043476,0.2727272727272727,0.18518518518518517,0.08602150537634409,0.3111111111111111,1,1.1991131999998288
yeast,SVM,1,BR,0.3245912961869378,0.3245912961869378,1.0,0.6258953168044077,0.6258953168044077,0.2,0.2,0.1463917525773196,14,0.5145180999998047
yeast,SVM,1,CC,0.3783483381507624,0.3783483381507624,1.0,0.625832223701731,0.625832223701731,0.20692194403534608,0.20692194403534608,0.18969072164948453,0,0.4968648000003668
yeast,SVM,1,ECC,0.34912523775514853,0.34912523775514853,1.0,0.6408984068947506,0.6408984068947506,0.2025036818851252,0.2025036818851252,0.2,0,5.215339999999742
yeast,SVM,1,GSI_v6,0.34593082765696126,0.3278807220311113,0.8248895434462444,0.6407154129405576,0.6569288389513108,0.20117820324005892,0.1635422246027495,0.1711340206185567,2,6.07168640000009
yeast,SVM,1,GSI_v6_1,0.34909823639946796,0.35505605731398704,0.8265095729013254,0.6448767833981842,0.6701145179165128,0.201620029455081,0.1591233071988596,0.19381443298969073,2,9.264314399999876
yeast,SVM,2,BR,0.3262694215574274,0.3262694215574274,1.0,0.6271094175285792,0.6271094175285792,0.20176730486008837,0.20176730486008837,0.1463917525773196,14,0.4849113000000216
yeast,SVM,2,CC,0.3807577340546436,0.3807577340546436,1.0,0.6233359436178544,0.6233359436178544,0.21251840942562591,0.21251840942562591,0.2,0,0.45192390000011073
yeast,SVM,2,ECC,0.35032801906570005,0.35032801906570005,1.0,0.6433385173665112,0.6433385173665112,0.20265095729013255,0.20265095729013255,0.19381443298969073,0,4.759556800000155
yeast,SVM,2,GSI_v6,0.34120453350729646,0.31699765778221217,0.8195876288659794,0.6371822033898306,0.6521739130434783,0.20176730486008837,0.1610062893081761,0.14432989690721648,2,5.387108999999782
yeast,SVM,2,GSI_v6_1,0.3546954829349088,0.3597192976620976,0.822680412371134,0.6509482316760635,0.6646525679758308,0.20058910162002946,0.158968850698174,0.2,2,9.214049200000318
yeast,SVM,3,BR,0.32755703666674346,0.32755703666674346,1.0,0.6337289539056031,0.6337289539056031,0.19829647340107592,0.19829647340107592,0.1401673640167364,14,0.48728040000014516
yeast,SVM,3,CC,0.38714290678027796,0.38714290678027796,1.0,0.6433087460484721,0.6433087460484721,0.2023311416616856,0.2023311416616856,0.21548117154811716,0,0.4610104000003048
yeast,SVM,3,ECC,0.35959195588746556,0.35959195588746556,1.0,0.6534653465346535,0.6534653465346535,0.19874476987447698,0.19874476987447698,0.20502092050209206,0,4.520569399999658
yeast,SVM,3,GSI_v6,0.34625134064851576,0.3109551209342375,0.8247160789001793,0.6393180607352158,0.6597621787495205,0.2023311416616856,0.1607175212900888,0.14644351464435146,2,5.488573000000088
yeast,SVM,3,GSI_v6_1,0.3510185613165952,0.3531980645797215,0.8335325762104004,0.6485070717653222,0.6723435764531654,0.20053795576808128,0.15865901756902115,0.200836820083682,2,9.035857600000327
yeast,SVM,4,BR,0.3251970254060056,0.3251970254060056,1.0,0.6268656716417911,0.6268656716417911,0.2000592768227623,0.2000592768227623,0.12863070539419086,14,0.4941816000000472
yeast,SVM,4,CC,0.38582934808256547,0.38582934808256547,1.0,0.6326211568525274,0.6326211568525274,0.2089508002371073,0.2089508002371073,0.1950207468879668,0,0.4725293999999849
yeast,SVM,4,ECC,0.35516839845316667,0.35516839845316667,1.0,0.6435695538057743,0.6435695538057743,0.2012448132780083,0.2012448132780083,0.1991701244813278,0,5.021707200000037
yeast,SVM,4,GSI_v6,0.3502126628931757,0.30810744855145905,0.831802015411974,0.632951823263242,0.64756233717901,0.20435684647302904,0.16871548191697844,0.14937759336099585,2,5.407655900000009
yeast,SVM,4,GSI_v6_1,0.353417946153784,0.3433286643628429,0.8479549496147006,0.6452790818988002,0.6600213599145603,0.2015411973918198,0.16689968542467667,0.1887966804979253,2,9.442740299999969
yeast,SVM,5,BR,0.32637148296031065,0.32637148296031065,1.0,0.6254162042175361,0.6254162042175361,0.19800528014080376,0.19800528014080376,0.1293634496919918,14,0.5445745000001807
yeast,SVM,5,CC,0.3823191011564904,0.3823191011564904,1.0,0.6313291139240507,0.6313291139240507,0.20504546787914343,0.20504546787914343,0.188911704312115,0,0.4985207999998238
yeast,SVM,5,ECC,0.34787171721650695,0.34787171721650695,1.0,0.6421386977236633,0.6421386977236633,0.19829862129656792,0.19829862129656792,0.17659137577002054,0,4.5684306000002834
yeast,SVM,5,GSI_v6,0.34445397877768474,0.3211185007745441,0.8247286594309181,0.6288185996215193,0.6547528517110266,0.20137870343209152,0.16147963720433933,0.13347022587268995,2,5.297481099999914
yeast,SVM,5,GSI_v6_1,0.3483021166899139,0.3626951496038119,0.8264887063655031,0.6410323939952595,0.6751453488372093,0.19991199765327075,0.15865128660159716,0.1868583162217659,2,9.00087510000003
emotions,MLP,1,BR,0.46109140282347433,0.46109140282347433,1.0,0.5146198830409356,0.5146198830409356,0.226775956284153,0.226775956284153,0.20491803278688525,6,6.744197699999859
emotions,MLP,1,CC,0.48605798050445476,0.48605798050445476,1.0,0.5319693094629157,0.5319693094629157,0.25,0.25,0.16393442622950818,0,0.21883410000009462
emotions,MLP,1,ECC,0.4917763794710657,0.4917763794710657,1.0,0.5297297297297298,0.5297297297297298,0.23770491803278687,0.23770491803278687,0.1557377049180328,0,1.7658248000002459
emotions,MLP,1,GSI_v6,0.4913217631713749,0.4897332964193429,0.6147540983606558,0.5322128851540616,0.5522388059701493,0.22814207650273224,0.13333333333333333,0.18032786885245902,1,2.055019699999775
emotions,MLP,1,GSI_v6_1,0.4945501937225196,0.4913573938960936,0.5956284153005464,0.5266106442577031,0.5413533834586466,0.23087431693989072,0.13990825688073394,0.18032786885245902,1,3.03330619999997
emotions,MLP,2,BR,0.42683934468853196,0.42683934468853196,1.0,0.46496815286624205,0.46496815286624205,0.23529411764705882,0.23529411764705882,0.15966386554621848,6,0.06552830000009635
emotions,MLP,2,CC,0.4884615687810507,0.4884615687810507,1.0,0.5372340425531915,0.5372340425531915,0.24369747899159663,0.24369747899159663,0.15966386554621848,0,0.16845880000028046
emotions,MLP,2,ECC,0.49326274104799356,0.49326274104799356,1.0,0.5236768802228412,0.5236768802228412,0.23949579831932774,0.23949579831932774,0.15966386554621848,0,1.697497199999816
emotions,MLP,2,GSI_v6,0.4358003910000756,0.46740571740571735,0.6442577030812325,0.46920821114369504,0.5303030303030303,0.2535014005602241,0.13478260869565217,0.11764705882352941,1,2.054694400000244
emotions,MLP,2,GSI_v6_1,0.4792666282814066,0.49182403747621145,0.5938375350140056,0.5028571428571429,0.5619834710743802,0.24369747899159663,0.125,0.14285714285714285,1,3.6936907999997857
emotions,MLP,3,BR,0.4819383970327366,0.4819383970327366,1.0,0.5459770114942529,0.5459770114942529,0.2140921409214092,0.2140921409214092,0.2032520325203252,6,0.08131550000007337
emotions,MLP,3,CC,0.5247019457996317,0.5247019457996317,1.0,0.5594059405940595,0.5594059405940595,0.24119241192411925,0.24119241192411925,0.16260162601626016,0,0.23814919999995254
emotions,MLP,3,ECC,0.5343255447262999,0.5343255447262999,1.0,0.5647668393782384,0.5647668393782384,0.22764227642276422,0.22764227642276422,0.1951219512195122,0,1.9029903999999078
emotions,MLP,3,GSI_v6,0.5105422843871689,0.49743791410458077,0.6531165311653117,0.5464190981432361,0.5100671140939598,0.23170731707317074,0.15145228215767634,0.18699186991869918,1,2.7329901999996764
emotions,MLP,3,GSI_v6_1,0.5269987876003418,0.5058701862182338,0.6355013550135501,0.561038961038961,0.5394736842105263,0.22899728997289973,0.14925373134328357,0.1951219512195122,1,4.0799903000001905
emotions,MLP,4,BR,0.3923735780171424,0.3923735780171424,1.0,0.4605678233438486,0.4605678233438486,0.2375,0.2375,0.11666666666666667,6,0.08671200000026147
emotions,MLP,4,CC,0.4884535906470104,0.4884535906470104,1.0,0.5291005291005291,0.5291005291005291,0.24722222222222223,0.24722222222222223,0.18333333333333332,0,0.2225613999999041
emotions,MLP,4,ECC,0.4964102164689677,0.4964102164689677,1.0,0.5260273972602739,0.5260273972602739,0.24027777777777778,0.24027777777777778,0.19166666666666668,0,2.1835855000003903
emotions,MLP,4,GSI_v6,0.4583904606978979,0.4195418552036199,0.6416666666666667,0.49002849002849,0.5547445255474452,0.24861111111111112,0.13203463203463203,0.14166666666666666,1,2.7028826000000663
emotions,MLP,4,GSI_v6_1,0.47132116249763306,0.43015873015873013,0.6152777777777778,0.4985835694050991,0.5714285714285714,0.24583333333333332,0.12189616252821671,0.15833333333333333,1,4.154669799999738
emotions,MLP,5,BR,0.4432086825703847,0.4432086825703847,1.0,0.4876543209876543,0.4876543209876543,0.25382262996941896,0.25382262996941896,0.1559633027522936,6,0.08522100000027422
emotions,MLP,5,CC,0.5532606001763531,0.5532606001763531,1.0,0.6134020618556701,0.6134020618556701,0.22935779816513763,0.22935779816513763,0.25688073394495414,0,0.22682209999993574
emotions,MLP,5,ECC,0.5564703447517628,0.5564703447517628,1.0,0.6058981233243967,0.6058981233243967,0.22477064220183487,0.22477064220183487,0.23853211009174313,0,2.211682899999687
emotions,MLP,5,GSI_v6,0.4784643052623348,0.5579080276448698,0.6345565749235474,0.5309734513274337,0.5899280575539568,0.24311926605504589,0.13734939759036144,0.2018348623853211,1,2.52356699999973
emotions,MLP,5,GSI_v6_1,0.5135342719165794,0.5780679603048023,0.6192660550458715,0.5511363636363636,0.6131386861313869,0.2415902140672783,0.1308641975308642,0.2018348623853211,1,4.125659700000142
scene,MLP,1,BR,0.6540925287229632,0.6540925287229632,1.0,0.654292343387471,0.654292343387471,0.10368823938761308,0.10368823938761308,0.5031315240083507,6,0.08874419999983729
scene,MLP,1,CC,0.6156268668211858,0.6156268668211858,1.0,0.6106696935300795,0.6106696935300795,0.11934585942936674,0.11934585942936674,0.4112734864300626,0,0.20865520000006654
scene,MLP,1,ECC,0.6072949860872399,0.6072949860872399,1.0,0.6022727272727273,0.6022727272727273,0.12178148921363953,0.12178148921363953,0.40083507306889354,0,2.0368241999999555
scene,MLP,1,GSI_v6,0.5856188784987366,0.5973494741956594,0.8364648573416841,0.5781990521327014,0.6511627906976745,0.12386917188587335,0.06239600665557404,0.3778705636743215,2,2.2308069999999134
scene,MLP,1,GSI_v6_1,0.5812573562880078,0.5762572469262776,0.8319415448851775,0.5748218527315915,0.6457831325301204,0.12456506610995129,0.06148055207026349,0.3778705636743215,2,3.2038800000000265
scene,MLP,2,BR,0.6645591431765089,0.6645591431765089,1.0,0.6689576174112256,0.6689576174112256,0.1007670850767085,0.1007670850767085,0.5271966527196653,6,0.08540799999991577
scene,MLP,2,CC,0.597143420935199,0.597143420935199,1.0,0.5971143174250833,0.5971143174250833,0.12656903765690378,0.12656903765690378,0.3891213389121339,0,0.2189674000001105
scene,MLP,2,ECC,0.5999133701445118,0.5999133701445118,1.0,0.5988950276243094,0.5988950276243094,0.12656903765690378,0.12656903765690378,0.38702928870292885,0,1.9824580999998034
scene,MLP,2,GSI_v6,0.5951734816755926,0.5933700967523886,0.8298465829846583,0.5972222222222222,0.6376146788990825,0.12133891213389121,0.06638655462184874,0.3912133891213389,2,2.3367659999998978
scene,MLP,2,GSI_v6_1,0.5891810990415601,0.5842368010432782,0.8284518828451883,0.5903890160183066,0.6258823529411764,0.12482566248256625,0.06691919191919192,0.3912133891213389,2,3.13832820000016
scene,MLP,3,BR,0.6318730627230557,0.6318730627230557,1.0,0.6375442739079102,0.6375442739079102,0.10484972677595629,0.10484972677595629,0.47540983606557374,6,0.08819080000012036
scene,MLP,3,CC,0.580742523055673,0.580742523055673,1.0,0.5771812080536913,0.5771812080536913,0.1290983606557377,0.1290983606557377,0.3709016393442623,0,0.2196168000000398
scene,MLP,3,ECC,0.570287848802861,0.570287848802861,1.0,0.568561872909699,0.568561872909699,0.13217213114754098,0.13217213114754098,0.35450819672131145,0,1.9687298999997438
scene,MLP,3,GSI_v6,0.5681010286404483,0.5517644023175102,0.8275273224043715,0.5614849187935035,0.6114942528735632,0.1290983606557377,0.06974824597606273,0.35860655737704916,2,2.3218956999999136
scene,MLP,3,GSI_v6_1,0.5685993148827646,0.5836125968365541,0.8230874316939891,0.5624270711785297,0.6325581395348837,0.12807377049180327,0.06556016597510374,0.36270491803278687,2,3.287533899999744
scene,MLP,4,BR,0.612576942639233,0.612576942639233,1.0,0.616822429906542,0.616822429906542,0.11365211365211365,0.11365211365211365,0.4698544698544699,6,0.08213130000012825
scene,MLP,4,CC,0.5914175438375138,0.5914175438375138,1.0,0.5853658536585366,0.5853658536585366,0.1295911295911296,0.1295911295911296,0.37422037422037424,0,0.20356989999982034
scene,MLP,4,ECC,0.5927025392903408,0.5927025392903408,1.0,0.5866666666666667,0.5866666666666667,0.1288981288981289,0.1288981288981289,0.3700623700623701,0,2.0174394999999095
scene,MLP,4,GSI_v6,0.5669798715394823,0.5666103669904818,0.8291753291753292,0.5608342989571263,0.6258503401360545,0.1313236313236313,0.06895110739657334,0.35550935550935553,2,2.181944999999814
scene,MLP,4,GSI_v6_1,0.5968845818506311,0.5819653261570509,0.8260568260568261,0.5897142857142857,0.6298850574712643,0.12439362439362439,0.06753355704697987,0.3887733887733888,2,3.039154300000064
scene,MLP,5,BR,0.6659686920693536,0.6659686920693536,1.0,0.6643598615916955,0.6643598615916955,0.10083160083160084,0.10083160083160084,0.5239085239085239,6,0.06293830000004164
scene,MLP,5,CC,0.6008505751680534,0.6008505751680534,1.0,0.5993340732519423,0.5993340732519423,0.12508662508662508,0.12508662508662508,0.38461538461538464,0,0.20158230000015465
scene,MLP,5,ECC,0.6033663827235222,0.6033663827235222,1.0,0.6028921023359288,0.6028921023359288,0.12370062370062371,0.12370062370062371,0.38461538461538464,0,2.0739989000003334
scene,MLP,5,GSI_v6,0.5848459559199956,0.5788161885157074,0.8215523215523216,0.5787631271878646,0.6213151927437641,0.12508662508662508,0.07043441585828764,0.3783783783783784,2,2.065230100000008
scene,MLP,5,GSI_v6_1,0.5970545287385899,0.5863527516544759,0.818087318087318,0.5902777777777778,0.6330275229357798,0.12266112266112267,0.0677678949597628,0.38461538461538464,2,3.501452900000004
chd49,MLP,1,BR,0.5074020576320738,0.5074020576320738,1.0,0.6677685950413224,0.6677685950413224,0.30180180180180183,0.30180180180180183,0.15315315315315314,6,0.0831543000003876
chd49,MLP,1,CC,0.5129310562538979,0.5129310562538979,1.0,0.673469387755102,0.673469387755102,0.2882882882882883,0.2882882882882883,0.18018018018018017,0,0.1753126999997221
chd49,MLP,1,ECC,0.5083388116118547,0.5083388116118547,1.0,0.6757215619694398,0.6757215619694398,0.28678678678678676,0.28678678678678676,0.18018018018018017,0,1.7688368999997692
chd49,MLP,1,GSI_v6,0.500921739941034,0.5386663500894892,0.6021021021021021,0.6655518394648829,0.7358490566037735,0.3003003003003003,0.20947630922693267,0.12612612612612611,2,2.1292955999997503
chd49,MLP,1,GSI_v6_1,0.5168253055966973,0.5264583462708509,0.5945945945945946,0.6788685524126455,0.7417218543046358,0.2897897897897898,0.19696969696969696,0.18018018018018017,2,3.0408965999999964
chd49,MLP,2,BR,0.48293185612026196,0.48293185612026196,1.0,0.673469387755102,0.673469387755102,0.2909090909090909,0.2909090909090909,0.16363636363636364,6,0.06640940000033879
chd49,MLP,2,CC,0.4767145534035369,0.4767145534035369,1.0,0.658703071672355,0.658703071672355,0.30303030303030304,0.30303030303030304,0.2,0,0.23203300000022864
chd49,MLP,2,ECC,0.4941882644757021,0.4941882644757021,1.0,0.6678082191780822,0.6678082191780822,0.29393939393939394,0.29393939393939394,0.22727272727272727,0,1.9564282999999705
chd49,MLP,2,GSI_v6,0.46795166324355925,0.46801691170886217,0.6590909090909091,0.6360544217687075,0.686046511627907,0.3242424242424242,0.2482758620689655,0.19090909090909092,1,2.5155496999996103
chd49,MLP,2,GSI_v6_1,0.4924005203300139,0.48016915752716965,0.6106060606060606,0.6821963394342762,0.7077922077922078,0.28939393939393937,0.22332506203473945,0.20909090909090908,2,3.009860799999842
chd49,MLP,3,BR,0.4696827213427281,0.4696827213427281,1.0,0.6528497409326425,0.6528497409326425,0.30454545454545456,0.30454545454545456,0.12727272727272726,6,0.07703760000003967
chd49,MLP,3,CC,0.47181545593878776,0.47181545593878776,1.0,0.6449399656946827,0.6449399656946827,0.31363636363636366,0.31363636363636366,0.1,0,0.19210750000002008
chd49,MLP,3,ECC,0.4870085253077144,0.4870085253077144,1.0,0.6553480475382003,0.6553480475382003,0.30757575757575756,0.30757575757575756,0.11818181818181818,0,1.9846032999998897
chd49,MLP,3,GSI_v6,0.5102074541614529,0.4928005736829266,0.65,0.6778523489932886,0.7112462006079028,0.2909090909090909,0.22144522144522144,0.1,2,2.2624868000002607
chd49,MLP,3,GSI_v6_1,0.47984014197773245,0.4777134277134278,0.603030303030303,0.6598984771573604,0.7297297297297297,0.30454545454545456,0.20100502512562815,0.09090909090909091,2,2.622900699999718
chd49,MLP,4,BR,0.4816457958581246,0.4816457958581246,1.0,0.6599664991624791,0.6599664991624791,0.29678362573099415,0.29678362573099415,0.10526315789473684,6,0.0611389999999119
chd49,MLP,4,CC,0.5063055539999483,0.5063055539999483,1.0,0.6632653061224489,0.6632653061224489,0.2894736842105263,0.2894736842105263,0.13157894736842105,0,0.1687738000000536
chd49,MLP,4,ECC,0.5020104685494376,0.5020104685494376,1.0,0.6644295302013423,0.6644295302013423,0.29239766081871343,0.29239766081871343,0.13157894736842105,0,1.662373099999968
chd49,MLP,4,GSI_v6,0.5103730429740352,0.5067267300981411,0.6096491228070176,0.6787479406919276,0.7215189873417721,0.2850877192982456,0.21103117505995203,0.15789473684210525,2,2.59700679999969
chd49,MLP,4,GSI_v6_1,0.499131996995482,0.5038765822784811,0.5789473684210527,0.6710963455149501,0.740484429065744,0.2894736842105263,0.1893939393939394,0.14912280701754385,2,2.589593600000171
chd49,MLP,5,BR,0.49887830098392244,0.49887830098392244,1.0,0.6587837837837838,0.6587837837837838,0.30606060606060603,0.30606060606060603,0.13636363636363635,6,0.06437420000020211
chd49,MLP,5,CC,0.5160440866280904,0.5160440866280904,1.0,0.685025817555938,0.685025817555938,0.2772727272727273,0.2772727272727273,0.22727272727272727,0,0.1688742999999704
chd49,MLP,5,ECC,0.5030821530017623,0.5030821530017623,1.0,0.6666666666666666,0.6666666666666666,0.29393939393939394,0.29393939393939394,0.19090909090909092,0,1.6859957000001486
chd49,MLP,5,GSI_v6,0.4958743033023692,0.4899985461625011,0.5893939393939394,0.6588235294117647,0.7296416938110749,0.30757575757575756,0.2133676092544987,0.12727272727272726,2,1.930041799999799
chd49,MLP,5,GSI_v6_1,0.5018284578341755,0.46876049497532873,0.5803030303030303,0.6655405405405406,0.7278911564625851,0.3,0.20887728459530025,0.17272727272727273,2,2.585150700000213
music,MLP,1,BR,0.4455064529834167,0.4455064529834167,1.0,0.5120481927710844,0.5120481927710844,0.226890756302521,0.226890756302521,0.15126050420168066,6,0.06373270000040065
music,MLP,1,CC,0.5114499388689729,0.5114499388689729,1.0,0.5699481865284974,0.5699481865284974,0.23249299719887956,0.23249299719887956,0.24369747899159663,0,0.17313590000003387
music,MLP,1,ECC,0.5005085336119819,0.5005085336119819,1.0,0.5522788203753352,0.5522788203753352,0.2338935574229692,0.2338935574229692,0.20168067226890757,0,1.7094552000003205
music,MLP,1,GSI_v6,0.49329753579753577,0.515284097931484,0.6568627450980392,0.550561797752809,0.5352112676056338,0.22408963585434175,0.14072494669509594,0.16806722689075632,1,1.9874454000000696
music,MLP,1,GSI_v6_1,0.498470236960803,0.5182356532356532,0.5952380952380952,0.55,0.509090909090909,0.226890756302521,0.12705882352941175,0.15966386554621848,2,2.6105483000001186
music,MLP,2,BR,0.460180420499114,0.460180420499114,1.0,0.514792899408284,0.514792899408284,0.2336182336182336,0.2336182336182336,0.19658119658119658,6,0.06491239999968457
music,MLP,2,CC,0.5322479286826219,0.5322479286826219,1.0,0.5707070707070707,0.5707070707070707,0.24216524216524216,0.24216524216524216,0.20512820512820512,0,0.1660778999998911
music,MLP,2,ECC,0.5251607199956627,0.5251607199956627,1.0,0.5578947368421052,0.5578947368421052,0.23931623931623933,0.23931623931623933,0.20512820512820512,0,1.6571982999998909
music,MLP,2,GSI_v6,0.4968152218152218,0.5709811237761548,0.6737891737891738,0.5283018867924528,0.573170731707317,0.2492877492877493,0.14799154334038056,0.17094017094017094,1,2.004178999999567
music,MLP,2,GSI_v6_1,0.5069412982719056,0.5727255004565929,0.6396011396011396,0.5358090185676393,0.5949367088607594,0.2492877492877493,0.14253897550111358,0.20512820512820512,1,3.0419138999995994
music,MLP,3,BR,0.4168552609208518,0.4168552609208518,1.0,0.49557522123893805,0.49557522123893805,0.24152542372881355,0.24152542372881355,0.1440677966101695,6,0.07661860000007437
music,MLP,3,CC,0.4865448081055335,0.4865448081055335,1.0,0.5292620865139949,0.5292620865139949,0.2612994350282486,0.2612994350282486,0.211864406779661,0,0.21289969999997993
music,MLP,3,ECC,0.5402877558101249,0.5402877558101249,1.0,0.5625,0.5625,0.23728813559322035,0.23728813559322035,0.19491525423728814,0,2.265163499999744
music,MLP,3,GSI_v6,0.5252610643606347,0.5593259786808175,0.653954802259887,0.5567567567567567,0.6153846153846154,0.23163841807909605,0.12958963282937366,0.19491525423728814,1,2.7859537999997883
music,MLP,3,GSI_v6_1,0.560717085567832,0.5635717074122871,0.634180790960452,0.5774278215223098,0.6153846153846154,0.2274011299435028,0.133630289532294,0.2288135593220339,1,4.065089700000044
music,MLP,4,BR,0.4361033787248106,0.4361033787248106,1.0,0.5074626865671642,0.5074626865671642,0.23109243697478993,0.23109243697478993,0.18487394957983194,6,0.08037730000023657
music,MLP,4,CC,0.5498030676413448,0.5498030676413448,1.0,0.6057692307692307,0.6057692307692307,0.22969187675070027,0.22969187675070027,0.2773109243697479,0,0.22543099999984406
music,MLP,4,ECC,0.5484910129730753,0.5484910129730753,1.0,0.5920398009950248,0.5920398009950248,0.22969187675070027,0.22969187675070027,0.226890756302521,0,2.1734470999999758
music,MLP,4,GSI_v6,0.5464305672678526,0.48924162257495585,0.6064425770308123,0.5894736842105263,0.49019607843137253,0.2184873949579832,0.12009237875288684,0.2689075630252101,2,2.539714499999718
music,MLP,4,GSI_v6_1,0.5630836195000843,0.5051679586563307,0.6246498599439776,0.596401028277635,0.5882352941176471,0.21988795518207283,0.12556053811659193,0.25210084033613445,1,4.050840000000335
music,MLP,5,BR,0.46787227464917075,0.46787227464917075,1.0,0.5357142857142857,0.5357142857142857,0.2184873949579832,0.2184873949579832,0.14285714285714285,6,0.08098549999976967
music,MLP,5,CC,0.5325199047119566,0.5325199047119566,1.0,0.576,0.576,0.22268907563025211,0.22268907563025211,0.20168067226890757,0,0.21790929999997388
music,MLP,5,ECC,0.5444263744977392,0.5444263744977392,1.0,0.5737265415549598,0.5737265415549598,0.22268907563025211,0.22268907563025211,0.18487394957983194,0,2.2016183999999157
music,MLP,5,GSI_v6,0.5483089538717386,0.5316102198455139,0.6778711484593838,0.5768194070080862,0.5644171779141104,0.21988795518207283,0.14669421487603307,0.18487394957983194,1,2.782974700000068
music,MLP,5,GSI_v6_1,0.5554817346446888,0.5679738562091502,0.6456582633053222,0.5828877005347594,0.5986394557823129,0.2184873949579832,0.1279826464208243,0.17647058823529413,1,3.8053357000003416
gpositivepseaac,MLP,1,BR,0.5989214489214489,0.5989214489214489,1.0,0.7039106145251397,0.7039106145251397,0.12740384615384615,0.12740384615384615,0.5865384615384616,4,0.09626570000000356
gpositivepseaac,MLP,1,CC,0.5706558641975309,0.5706558641975309,1.0,0.75,0.75,0.1201923076923077,0.1201923076923077,0.6826923076923077,0,0.15654340000037337
gpositivepseaac,MLP,1,ECC,0.5879442771084338,0.5879442771084338,1.0,0.7722772277227723,0.7722772277227723,0.11057692307692307,0.11057692307692307,0.7019230769230769,0,1.4763835000003382
gpositivepseaac,MLP,1,GSI_v6,0.5611663468806326,0.5969696969696969,0.7764423076923077,0.7311827956989247,0.7692307692307693,0.1201923076923077,0.06501547987616099,0.6442307692307693,2,1.6048682999999073
gpositivepseaac,MLP,1,GSI_v6_1,0.5545762108262109,0.5875,0.78125,0.7243243243243244,0.7555555555555555,0.12259615384615384,0.06769230769230769,0.6346153846153846,2,1.977588399999604
gpositivepseaac,MLP,2,BR,0.5190143180599173,0.5190143180599173,1.0,0.5697674418604651,0.5697674418604651,0.1778846153846154,0.1778846153846154,0.4423076923076923,4,0.07774029999973209
gpositivepseaac,MLP,2,CC,0.6927710843373495,0.6927710843373495,1.0,0.6767676767676768,0.6767676767676768,0.15384615384615385,0.15384615384615385,0.5961538461538461,0,0.1443594000002122
gpositivepseaac,MLP,2,ECC,0.6193421225887156,0.6193421225887156,1.0,0.673469387755102,0.673469387755102,0.15384615384615385,0.15384615384615385,0.5961538461538461,0,1.4659214000002976
gpositivepseaac,MLP,2,GSI_v6,0.5718874799756324,0.5416666666666666,0.7355769230769231,0.6256983240223464,0.5074626865671642,0.16105769230769232,0.10784313725490197,0.5192307692307693,2,1.6046489999998812
gpositivepseaac,MLP,2,GSI_v6_1,0.5640243902439025,0.3846153846153846,0.7355769230769231,0.6179775280898876,0.5079365079365079,0.16346153846153846,0.10130718954248366,0.5096153846153846,2,1.9818953000003603
gpositivepseaac,MLP,3,BR,0.4475369458128079,0.4475369458128079,1.0,0.6666666666666666,0.6666666666666666,0.14423076923076922,0.14423076923076922,0.5673076923076923,4,0.07849509999959992
gpositivepseaac,MLP,3,CC,0.5486330698287221,0.5486330698287221,1.0,0.746268656716418,0.746268656716418,0.12259615384615384,0.12259615384615384,0.6826923076923077,0,0.14866170000004786
gpositivepseaac,MLP,3,ECC,0.5497877122877123,0.5497877122877123,1.0,0.746268656716418,0.746268656716418,0.12259615384615384,0.12259615384615384,0.6826923076923077,0,1.4906974999998965
gpositivepseaac,MLP,3,GSI_v6,0.5324175824175824,0.5528255528255528,0.7644230769230769,0.7195767195767195,0.6666666666666666,0.12740384615384615,0.07861635220125786,0.6538461538461539,2,1.6418616000000839
gpositivepseaac,MLP,3,GSI_v6_1,0.5233082706766917,0.5478848413631022,0.7668269230769231,0.7127659574468085,0.6578947368421053,0.12980769230769232,0.08150470219435736,0.6442307692307693,2,2.5704757000003156
gpositivepseaac,MLP,4,BR,0.4991161616161616,0.4991161616161616,1.0,0.6813186813186813,0.6813186813186813,0.13942307692307693,0.13942307692307693,0.5865384615384616,4,0.07725470000013956
gpositivepseaac,MLP,4,CC,0.5506776306409815,0.5506776306409815,1.0,0.7244897959183674,0.7244897959183674,0.12980769230769232,0.12980769230769232,0.6730769230769231,0,0.15006180000000313
gpositivepseaac,MLP,4,ECC,0.5588965693804404,0.5588965693804404,1.0,0.7282051282051282,0.7282051282051282,0.12740384615384615,0.12740384615384615,0.6634615384615384,0,1.582221799999843
gpositivepseaac,MLP,4,GSI_v6,0.5491161616161616,0.6089743589743589,0.7620192307692307,0.7379679144385026,0.7294117647058823,0.11778846153846154,0.07255520504731862,0.6538461538461539,2,1.6039636000000428
gpositivepseaac,MLP,4,GSI_v6_1,0.5420454545454545,0.6041666666666666,0.7668269230769231,0.7311827956989247,0.7228915662650602,0.1201923076923077,0.07210031347962383,0.6538461538461539,2,1.9689370000000963
gpositivepseaac,MLP,5,BR,0.576796145120666,0.576796145120666,1.0,0.6519337016574586,0.6519337016574586,0.1529126213592233,0.1529126213592233,0.5533980582524272,4,0.07163549999995666
gpositivepseaac,MLP,5,CC,0.6098818983742801,0.6098818983742801,1.0,0.6735751295336787,0.6735751295336787,0.1529126213592233,0.1529126213592233,0.6116504854368932,0,0.12743600000021615
gpositivepseaac,MLP,5,ECC,0.6092770224126156,0.6092770224126156,1.0,0.673469387755102,0.673469387755102,0.1553398058252427,0.1553398058252427,0.6116504854368932,0,1.3332906000000548
gpositivepseaac,MLP,5,GSI_v6,0.5996404179649388,0.6243315508021391,0.7572815533980582,0.6666666666666666,0.5974025974025974,0.15048543689320387,0.09935897435897435,0.5825242718446602,2,1.6366150999997444
gpositivepseaac,MLP,5,GSI_v6_1,0.5936880370125579,0.4784982174688057,0.75,0.6630434782608695,0.5633802816901409,0.15048543689320387,0.10032362459546926,0.5728155339805825,2,2.0087501999996675
genbase,MLP,1,BR,0.0,0.0,1.0,0.0,0.0,0.04622667780562517,0.04622667780562517,0.0,27,0.08928969999988112
genbase,MLP,1,CC,0.4596992481203007,0.4596992481203007,1.0,0.9042904290429042,0.9042904290429042,0.00807574491785018,0.00807574491785018,0.7969924812030075,0,0.9894968999997218
genbase,MLP,1,ECC,0.4306471941169797,0.4306471941169797,1.0,0.8970099667774086,0.8970099667774086,0.008632692843219159,0.008632692843219159,0.7969924812030075,0,10.03679639999973
genbase,MLP,1,GSI_v6,0.024691358024691357,0.014814814814814815,0.9855193539404066,0.03550295857988166,0.01680672268907563,0.045391255917571705,0.033060186493359706,0.0,10,13.887668500000018
genbase,MLP,1,GSI_v6_1,0.0,0.0,0.9885825675299359,0.0,0.0,0.04622667780562517,0.03633802816901408,0.0,14,14.086302399999568
genbase,MLP,2,BR,0.0,0.0,1.0,0.0,0.0,0.04685746352413019,0.04685746352413019,0.0,27,0.0649319000003743
genbase,MLP,2,CC,0.43220219625448386,0.43220219625448386,1.0,0.8903654485049833,0.8903654485049833,0.009259259259259259,0.009259259259259259,0.7878787878787878,0,0.728446100000383
genbase,MLP,2,ECC,0.42023731790967717,0.42023731790967717,1.0,0.882943143812709,0.882943143812709,0.009820426487093154,0.009820426487093154,0.7878787878787878,0,7.44965990000037
genbase,MLP,2,GSI_v6,0.0656084656084656,0.008230452674897118,0.9845679012345679,0.10227272727272728,0.017543859649122806,0.044332210998877665,0.031917925334853235,0.022727272727272728,9,11.067690000000312
genbase,MLP,2,GSI_v6_1,0.02962962962962963,0.0,0.9859708193041526,0.04678362573099415,0.0,0.0457351290684624,0.03357996585088219,0.0,11,15.988246400000207
genbase,MLP,3,BR,0.0,0.0,1.0,0.0,0.0,0.04601571268237935,0.04601571268237935,0.0,27,0.08970210000006773
genbase,MLP,3,CC,0.4185883723050623,0.4185883723050623,1.0,0.8888888888888888,0.8888888888888888,0.009259259259259259,0.009259259259259259,0.7954545454545454,0,0.9281240999998772
genbase,MLP,3,ECC,0.4138831804125473,0.4138831804125473,1.0,0.8775510204081632,0.8775510204081632,0.010101010101010102,0.010101010101010102,0.7727272727272727,0,10.438517799999772
genbase,MLP,3,GSI_v6,0.026748971193415638,0.0,0.9862514029180696,0.03592814371257485,0.0,0.04517396184062851,0.032716927453769556,0.007575757575757576,9,12.8327033999999
genbase,MLP,3,GSI_v6_1,0.0,0.0,0.9896184062850729,0.0,0.0,0.04601571268237935,0.036007938758151406,0.0,13,13.300732900000185
genbase,MLP,4,BR,0.0,0.0,1.0,0.0,0.0,0.04657687991021325,0.04657687991021325,0.0,27,0.09262780000017301
genbase,MLP,4,CC,0.442389107945639,0.442389107945639,1.0,0.8783783783783784,0.8783783783783784,0.010101010101010102,0.010101010101010102,0.7803030303030303,0,0.7957451000002038
genbase,MLP,4,ECC,0.41210948563355954,0.41210948563355954,1.0,0.863013698630137,0.863013698630137,0.01122334455667789,0.01122334455667789,0.7575757575757576,0,7.805488400000286
genbase,MLP,4,GSI_v6,0.034567901234567905,0.014814814814814815,0.9862514029180696,0.047058823529411764,0.01694915254237288,0.045454545454545456,0.033001422475106686,0.0,10,11.201493600000049
genbase,MLP,4,GSI_v6_1,0.06481481481481481,0.043209876543209874,0.9862514029180696,0.09195402298850575,0.06611570247933884,0.044332210998877665,0.032147937411095305,0.022727272727272728,10,14.487664300000233
genbase,MLP,5,BR,0.0,0.0,1.0,0.0,0.0,0.04622667780562517,0.04622667780562517,0.0,27,0.08173020000003817
genbase,MLP,5,CC,0.44560418499989646,0.44560418499989646,1.0,0.8668941979522184,0.8668941979522184,0.01086048454469507,0.01086048454469507,0.7669172932330827,0,0.7371170000001257
genbase,MLP,5,ECC,0.41191036913979534,0.41191036913979534,1.0,0.8432055749128919,0.8432055749128919,0.012531328320802004,0.012531328320802004,0.7293233082706767,0,7.623852399999578
genbase,MLP,5,GSI_v6,0.06255144032921811,0.027777777777777776,0.9849624060150376,0.09195402298850575,0.05172413793103448,0.04399888610414926,0.031099802092168505,0.015037593984962405,9,10.572316099999625
genbase,MLP,5,GSI_v6_1,0.02962962962962963,0.02962962962962963,0.986911723753829,0.047058823529411764,0.06451612903225806,0.045112781954887216,0.0327313769751693,0.0,11,13.57680339999979
humanpseaac,MLP,1,BR,0.01098901098901099,0.01098901098901099,1.0,0.010738255033557046,0.010738255033557046,0.08644147314098052,0.08644147314098052,0.0049261083743842365,14,0.08163820000027044
humanpseaac,MLP,1,CC,0.12771826805485445,0.12771826805485445,1.0,0.30945558739255014,0.30945558739255014,0.08479943701618578,0.08479943701618578,0.16912972085385877,0,0.43929789999992863
humanpseaac,MLP,1,ECC,0.12325473132697458,0.12325473132697458,1.0,0.29615384615384616,0.29615384615384616,0.08585503166783955,0.08585503166783955,0.14942528735632185,0,5.405360000000201
humanpseaac,MLP,1,GSI_v6,0.1127945254263261,0.07054830505742578,0.9278676988036594,0.2766798418972332,0.17777777777777778,0.08585503166783955,0.06080141575022121,0.13136288998357964,0,4.116658800000096
humanpseaac,MLP,1,GSI_v6_1,0.12347663454504416,0.07406205741769475,0.9161388693408398,0.2995169082125604,0.17753623188405798,0.08503401360544217,0.058123159646652156,0.15599343185550082,0,8.676372600000377
humanpseaac,MLP,2,BR,0.011204481792717087,0.011204481792717087,1.0,0.010796221322537112,0.010796221322537112,0.08310657596371882,0.08310657596371882,0.0031746031746031746,14,0.08436910000000353
humanpseaac,MLP,2,CC,0.11061749526868789,0.11061749526868789,1.0,0.2749273959341723,0.2749273959341723,0.08492063492063492,0.08492063492063492,0.15873015873015872,0,0.5706203999998252
humanpseaac,MLP,2,ECC,0.11781930061203509,0.11781930061203509,1.0,0.2791145332050048,0.2791145332050048,0.08492063492063492,0.08492063492063492,0.15396825396825398,0,5.700031000000308
humanpseaac,MLP,2,GSI_v6,0.10242368391749967,0.04865131119939137,0.9243764172335601,0.2556987115956392,0.13405797101449277,0.08514739229024944,0.058628725622470255,0.13174603174603175,0,4.2104605000004085
humanpseaac,MLP,2,GSI_v6_1,0.11146715002899883,0.05003965076861472,0.9130385487528345,0.2735208535402522,0.1317365269461078,0.08492063492063492,0.05401713647088042,0.14126984126984127,0,8.530556700000034
humanpseaac,MLP,3,BR,0.0019569471624266144,0.0019569471624266144,1.0,0.0027137042062415195,0.0027137042062415195,0.08373205741626795,0.08373205741626795,0.001594896331738437,14,0.0872479999998177
humanpseaac,MLP,3,CC,0.11563334402065087,0.11563334402065087,1.0,0.2981132075471698,0.2981132075471698,0.08475734791524266,0.08475734791524266,0.17703349282296652,0,0.5341017999999167
humanpseaac,MLP,3,ECC,0.11904480919119033,0.11904480919119033,1.0,0.2881516587677725,0.2881516587677725,0.08555479608111187,0.08555479608111187,0.15629984051036683,0,5.441686000000118
humanpseaac,MLP,3,GSI_v6,0.10492202864061877,0.0648808094666438,0.9259512417407154,0.27728613569321536,0.17406749555950266,0.08373205741626795,0.05720964566929134,0.1371610845295056,0,4.163802699999906
humanpseaac,MLP,3,GSI_v6_1,0.1164006945651292,0.06467535859859953,0.9139895192526771,0.2887189292543021,0.17904761904761904,0.08475734791524266,0.05372055340894927,0.16108452950558214,0,8.50614059999998
humanpseaac,MLP,4,BR,0.005494505494505495,0.005494505494505495,1.0,0.005376344086021506,0.005376344086021506,0.08580705009276438,0.08580705009276438,0.003246753246753247,14,0.0875863000001118
humanpseaac,MLP,4,CC,0.11372753503136095,0.11372753503136095,1.0,0.27730294396961064,0.27730294396961064,0.08824211502782932,0.08824211502782932,0.1590909090909091,0,0.5496917999998914
humanpseaac,MLP,4,ECC,0.1205541196459676,0.1205541196459676,1.0,0.27845719661335844,0.27845719661335844,0.0889378478664193,0.0889378478664193,0.16071428571428573,0,5.564282800000001
humanpseaac,MLP,4,GSI_v6,0.10549908206581635,0.060504595455203355,0.927991651205937,0.2546523016650343,0.14695340501792115,0.08824211502782932,0.05947769586405098,0.13474025974025974,0,4.044245300000057
humanpseaac,MLP,4,GSI_v6_1,0.11829279818937076,0.0643870214177129,0.9163961038961039,0.27657572906867356,0.1511627906976744,0.08916975881261596,0.05542199164874098,0.16396103896103897,0,8.727205199999844
humanpseaac,MLP,5,BR,0.002976190476190476,0.002976190476190476,1.0,0.0027100271002710027,0.0027100271002710027,0.08424908424908426,0.08424908424908426,0.0016025641025641025,14,0.08930989999998928
humanpseaac,MLP,5,CC,0.12374752264994224,0.12374752264994224,1.0,0.3123236124176858,0.3123236124176858,0.08367673992673992,0.08367673992673992,0.18108974358974358,0,0.5533700999999382
humanpseaac,MLP,5,ECC,0.11663804133490034,0.11663804133490034,1.0,0.2988505747126437,0.2988505747126437,0.08379120879120878,0.08379120879120878,0.16346153846153846,0,5.761407099999815
humanpseaac,MLP,5,GSI_v6,0.10684997798801864,0.07108331891108846,0.9194139194139194,0.2698412698412698,0.16173570019723865,0.08424908424908426,0.05291334661354582,0.14743589743589744,0,4.117894800000158
humanpseaac,MLP,5,GSI_v6_1,0.11633537496554477,0.07590076554645997,0.9092261904761905,0.30019120458891013,0.17118997912317327,0.08379120879120878,0.049981115447563895,0.16826923076923078,0,7.13217399999985
plantpseaac,MLP,1,BR,0.03376490312965723,0.03376490312965723,1.0,0.05429864253393665,0.05429864253393665,0.08886054421768708,0.08886054421768708,0.030612244897959183,12,0.06607149999990725
plantpseaac,MLP,1,CC,0.16123418780745755,0.16123418780745755,1.0,0.27586206896551724,0.27586206896551724,0.09821428571428571,0.09821428571428571,0.15816326530612246,0,0.35294629999998506
plantpseaac,MLP,1,ECC,0.14683087354175287,0.14683087354175287,1.0,0.2777777777777778,0.2777777777777778,0.09948979591836735,0.09948979591836735,0.16326530612244897,0,3.677527600000303
plantpseaac,MLP,1,GSI_v6,0.13969987868729286,0.08957768685625345,0.9298469387755102,0.2508038585209003,0.24,0.09906462585034014,0.0695016003657979,0.12244897959183673,0,2.671350299999631
plantpseaac,MLP,1,GSI_v6_1,0.16607731651824598,0.13540082522841143,0.9200680272108843,0.28307692307692306,0.28,0.09906462585034014,0.066543438077634,0.16326530612244897,0,5.528449599999931
plantpseaac,MLP,2,BR,0.013573065397496914,0.013573065397496914,1.0,0.03669724770642202,0.03669724770642202,0.08838383838383838,0.08838383838383838,0.020202020202020204,12,0.06344970000009198
plantpseaac,MLP,2,CC,0.15374999999999997,0.15374999999999997,1.0,0.3116883116883117,0.3116883116883117,0.08922558922558922,0.08922558922558922,0.19696969696969696,0,0.36097419999987324
plantpseaac,MLP,2,ECC,0.14912828385091517,0.14912828385091517,1.0,0.31746031746031744,0.31746031746031744,0.09048821548821549,0.09048821548821549,0.20707070707070707,0,3.6353641000000607
plantpseaac,MLP,2,GSI_v6,0.14401455026455026,0.09481964311779302,0.9364478114478114,0.3026315789473684,0.2153846153846154,0.08922558922558922,0.06876404494382023,0.18181818181818182,0,2.681226300000162
plantpseaac,MLP,2,GSI_v6_1,0.14657608695652172,0.11083907922143216,0.9288720538720538,0.3127035830618892,0.25252525252525254,0.0888047138047138,0.06705935659265971,0.20202020202020202,0,5.554727900000216
plantpseaac,MLP,3,BR,0.005208333333333333,0.005208333333333333,1.0,0.009478672985781991,0.009478672985781991,0.0897766323024055,0.0897766323024055,0.005154639175257732,12,0.0637483999998949
plantpseaac,MLP,3,CC,0.217507693045207,0.217507693045207,1.0,0.3510971786833856,0.3510971786833856,0.08891752577319588,0.08891752577319588,0.23711340206185566,0,0.4400258999999096
plantpseaac,MLP,3,ECC,0.18601707442484483,0.18601707442484483,1.0,0.34415584415584416,0.34415584415584416,0.08676975945017182,0.08676975945017182,0.2268041237113402,0,4.601169199999731
plantpseaac,MLP,3,GSI_v6,0.17979407505277956,0.1277830570513497,0.9450171821305842,0.3010033444816054,0.2777777777777778,0.0897766323024055,0.07090909090909091,0.18556701030927836,0,3.535416300000179
plantpseaac,MLP,3,GSI_v6_1,0.19200553882840568,0.17107615817644886,0.9317010309278351,0.33974358974358976,0.3113207547169811,0.08848797250859107,0.06731212540341171,0.2268041237113402,0,6.744253800000024
plantpseaac,MLP,4,BR,0.012348668280871672,0.012348668280871672,1.0,0.027149321266968326,0.027149321266968326,0.09283246977547496,0.09283246977547496,0.015544041450777202,12,0.08352049999984956
plantpseaac,MLP,4,CC,0.13806485237773272,0.13806485237773272,1.0,0.27741935483870966,0.27741935483870966,0.09671848013816926,0.09671848013816926,0.18134715025906736,0,0.48057150000022375
plantpseaac,MLP,4,ECC,0.12703592703592703,0.12703592703592703,1.0,0.26058631921824105,0.26058631921824105,0.09801381692573402,0.09801381692573402,0.15544041450777202,0,4.623993299999711
plantpseaac,MLP,4,GSI_v6,0.12977656387540107,0.10584395871281117,0.9369602763385146,0.24749163879598662,0.23880597014925373,0.09715025906735751,0.07050691244239632,0.13471502590673576,0,3.3827869000001556
plantpseaac,MLP,4,GSI_v6_1,0.12290394790394789,0.11139965297860034,0.9231433506044905,0.23255813953488372,0.25,0.09974093264248704,0.06735266604303088,0.13471502590673576,0,6.753072400000292
plantpseaac,MLP,5,BR,0.038809707241910636,0.038809707241910636,1.0,0.04608294930875576,0.04608294930875576,0.08756345177664974,0.08756345177664974,0.025380710659898477,12,0.06816609999987122
plantpseaac,MLP,5,CC,0.18109725774367716,0.18109725774367716,1.0,0.2939297124600639,0.2939297124600639,0.09348561759729272,0.09348561759729272,0.18274111675126903,0,0.36472950000006676
plantpseaac,MLP,5,ECC,0.20328572085399818,0.20328572085399818,1.0,0.31545741324921134,0.31545741324921134,0.09179357021996616,0.09179357021996616,0.19796954314720813,0,3.992439099999956
plantpseaac,MLP,5,GSI_v6,0.1672722987577264,0.12586856959811613,0.9365482233502538,0.28664495114006516,0.22641509433962265,0.09263959390862944,0.07407407407407407,0.18274111675126903,0,2.884727699999985
plantpseaac,MLP,5,GSI_v6_1,0.20629811951753982,0.14321940604198669,0.9272419627749577,0.3227848101265823,0.23645320197044334,0.09052453468697123,0.07071167883211679,0.20304568527918782,0,5.963424800000212
viruspseaac,MLP,1,BR,0.44727272727272727,0.44727272727272727,1.0,0.44155844155844154,0.44155844155844154,0.17916666666666667,0.17916666666666667,0.275,6,0.069629999999961
viruspseaac,MLP,1,CC,0.4131868131868131,0.4131868131868131,1.0,0.4835164835164835,0.4835164835164835,0.19583333333333333,0.19583333333333333,0.325,0,0.1786752000002707
viruspseaac,MLP,1,ECC,0.41842661520080876,0.41842661520080876,1.0,0.4946236559139785,0.4946236559139785,0.19583333333333333,0.19583333333333333,0.325,0,1.7303554000000076
viruspseaac,MLP,1,GSI_v6,0.40418470418470415,0.40279607670912015,0.8666666666666667,0.4772727272727273,0.4666666666666667,0.19166666666666668,0.15384615384615385,0.325,1,2.1326975000001767
viruspseaac,MLP,1,GSI_v6_1,0.40909912352037586,0.39839743589743587,0.8666666666666667,0.4888888888888889,0.4666666666666667,0.19166666666666668,0.15384615384615385,0.35,1,3.237388600000031
viruspseaac,MLP,2,BR,0.32362637362637364,0.32362637362637364,1.0,0.32432432432432434,0.32432432432432434,0.20833333333333334,0.20833333333333334,0.175,6,0.06981790000008914
viruspseaac,MLP,2,CC,0.4444444444444444,0.4444444444444444,1.0,0.46153846153846156,0.46153846153846156,0.20416666666666666,0.20416666666666666,0.225,0,0.1812909000000218
viruspseaac,MLP,2,ECC,0.4431644880174292,0.4431644880174292,1.0,0.449438202247191,0.449438202247191,0.20416666666666666,0.20416666666666666,0.25,0,1.7981864000003043
viruspseaac,MLP,2,GSI_v6,0.44892057833234306,0.3948412698412698,0.8833333333333333,0.47191011235955055,0.45161290322580644,0.19583333333333333,0.16037735849056603,0.25,1,2.1586100999998052
viruspseaac,MLP,2,GSI_v6_1,0.4452441077441078,0.39878787878787875,0.875,0.45454545454545453,0.4444444444444444,0.2,0.16666666666666666,0.25,1,3.3352672999999413
viruspseaac,MLP,3,BR,0.3365663322185061,0.3365663322185061,1.0,0.36619718309859156,0.36619718309859156,0.19230769230769232,0.19230769230769232,0.2564102564102564,6,0.07840240000041376
viruspseaac,MLP,3,CC,0.4017926517926518,0.4017926517926518,1.0,0.4050632911392405,0.4050632911392405,0.20085470085470086,0.20085470085470086,0.23076923076923078,0,0.17686360000016066
viruspseaac,MLP,3,ECC,0.3882458537630951,0.3882458537630951,1.0,0.375,0.375,0.21367521367521367,0.21367521367521367,0.1794871794871795,0,1.8151625000000422
viruspseaac,MLP,3,GSI_v6,0.370534055316664,0.4121113091701327,0.8931623931623932,0.3333333333333333,0.3793103448275862,0.2222222222222222,0.1722488038277512,0.1282051282051282,1,2.396048900000096
viruspseaac,MLP,3,GSI_v6_1,0.36357753357753353,0.40343137254901956,0.8675213675213675,0.325,0.36363636363636365,0.23076923076923078,0.1724137931034483,0.1282051282051282,1,3.577686999999969
viruspseaac,MLP,4,BR,0.36944444444444446,0.36944444444444446,1.0,0.39473684210526316,0.39473684210526316,0.17829457364341086,0.17829457364341086,0.27906976744186046,6,0.0844372999999905
viruspseaac,MLP,4,CC,0.39763014763014765,0.39763014763014765,1.0,0.4421052631578947,0.4421052631578947,0.2054263565891473,0.2054263565891473,0.2558139534883721,0,0.18699299999980212
viruspseaac,MLP,4,ECC,0.40404040404040403,0.40404040404040403,1.0,0.44680851063829785,0.44680851063829785,0.20155038759689922,0.20155038759689922,0.2558139534883721,0,1.7250402999998187
viruspseaac,MLP,4,GSI_v6,0.400735294117647,0.40018315018315015,0.9108527131782945,0.43956043956043955,0.4507042253521127,0.19767441860465115,0.16595744680851063,0.2558139534883721,1,2.377630400000271
viruspseaac,MLP,4,GSI_v6_1,0.4064213564213564,0.4092982456140351,0.9031007751937985,0.45161290322580644,0.47058823529411764,0.19767441860465115,0.15450643776824036,0.2558139534883721,1,3.5805052999999134
viruspseaac,MLP,5,BR,0.4931386514719847,0.4931386514719847,1.0,0.4533333333333333,0.4533333333333333,0.15185185185185185,0.15185185185185185,0.3111111111111111,6,0.07690020000018194
viruspseaac,MLP,5,CC,0.4611111111111111,0.4611111111111111,1.0,0.5227272727272727,0.5227272727272727,0.15555555555555556,0.15555555555555556,0.4,0,0.17944690000012997
viruspseaac,MLP,5,ECC,0.4862433862433862,0.4862433862433862,1.0,0.5777777777777777,0.5777777777777777,0.14074074074074075,0.14074074074074075,0.4,0,1.9024633999997604
viruspseaac,MLP,5,GSI_v6,0.47952069716775597,0.4854133118625872,0.8851851851851852,0.5617977528089888,0.5633802816901409,0.14444444444444443,0.1297071129707113,0.4,1,2.237282200000209
viruspseaac,MLP,5,GSI_v6_1,0.4862433862433862,0.47782186948853617,0.8814814814814815,0.5777777777777777,0.5507246376811594,0.14074074074074075,0.13025210084033614,0.4,1,3.77385890000005
yeast,MLP,1,BR,0.27991835720306296,0.27991835720306296,1.0,0.5809033733562036,0.5809033733562036,0.2159057437407953,0.2159057437407953,0.09072164948453608,14,0.06741069999998217
yeast,MLP,1,CC,0.34832904586502406,0.34832904586502406,1.0,0.6112869198312236,0.6112869198312236,0.2170839469808542,0.2170839469808542,0.15051546391752577,0,0.44406389999994644
yeast,MLP,1,ECC,0.3575196304622961,0.3575196304622961,1.0,0.6276843467011642,0.6276843467011642,0.21192930780559646,0.21192930780559646,0.16288659793814433,0,4.64639729999999
yeast,MLP,1,GSI_v6,0.3429732873493454,0.32958232873081794,0.7780559646539028,0.6141318623588127,0.6757188498402555,0.2163475699558174,0.1537005489305319,0.1422680412371134,2,4.939738800000214
yeast,MLP,1,GSI_v6_1,0.3511107076094807,0.35004197049221936,0.7764359351988218,0.6266804550155118,0.684354272337105,0.21266568483063328,0.15345220030349013,0.15876288659793814,2,7.568436399999882
yeast,MLP,2,BR,0.27640417044420873,0.27640417044420873,1.0,0.5805350028457599,0.5805350028457599,0.2170839469808542,0.2170839469808542,0.0865979381443299,14,0.06999919999998383
yeast,MLP,2,CC,0.3505899647878488,0.3505899647878488,1.0,0.6194225721784777,0.6194225721784777,0.21354933726067746,0.21354933726067746,0.12989690721649486,0,0.4202869999999166
yeast,MLP,2,ECC,0.3471911500763171,0.3471911500763171,1.0,0.620174987133299,0.620174987133299,0.21737849779086893,0.21737849779086893,0.14432989690721648,0,4.325436699999955
yeast,MLP,2,GSI_v6,0.3500046526624077,0.33191647963251275,0.7790868924889544,0.6153446033810143,0.6666666666666666,0.21782032400589102,0.15973534971644612,0.13195876288659794,2,4.931654299999991
yeast,MLP,2,GSI_v6_1,0.3445039543682202,0.34380584464797215,0.7754050073637703,0.6230015471892728,0.675611681136543,0.21531664212076584,0.15612535612535614,0.14845360824742268,2,7.41503320000038
yeast,MLP,3,BR,0.2878319324111546,0.2878319324111546,1.0,0.5974175035868006,0.5974175035868006,0.20965331739390317,0.20965331739390317,0.09832635983263599,14,0.09196459999975559
yeast,MLP,3,CC,0.3573864997858954,0.3573864997858954,1.0,0.6275644397685429,0.6275644397685429,0.21159593544530783,0.21159593544530783,0.1589958158995816,0,0.5386063999999351
yeast,MLP,3,ECC,0.3630645812812484,0.3630645812812484,1.0,0.6342221071705928,0.6342221071705928,0.21114763897190675,0.21114763897190675,0.1694560669456067,0,5.390501500000028
yeast,MLP,3,GSI_v6,0.3556912562077124,0.336147813512259,0.7840705319784818,0.6291425565491846,0.6730846369835539,0.21069934249850567,0.15532685344006097,0.14435146443514643,2,6.375791200000094
yeast,MLP,3,GSI_v6_1,0.3601924451128058,0.3486617202468822,0.7797369994022714,0.6377789309807992,0.6813099041533547,0.20860729228930067,0.15293215791490994,0.17782426778242677,2,9.610777400000188
yeast,MLP,4,BR,0.28933060316860393,0.28933060316860393,1.0,0.5955377574370709,0.5955377574370709,0.2095435684647303,0.2095435684647303,0.12863070539419086,14,0.08711390000007668
yeast,MLP,4,CC,0.357437481466699,0.357437481466699,1.0,0.6186596583442838,0.6186596583442838,0.21502667457024305,0.21502667457024305,0.15145228215767634,0,0.5229295000003731
yeast,MLP,4,ECC,0.3525899822075963,0.3525899822075963,1.0,0.6293814432989691,0.6293814432989691,0.21310017783046828,0.21310017783046828,0.16182572614107885,0,5.360785700000179
yeast,MLP,4,GSI_v6,0.35667374332053825,0.3306829289785099,0.802756372258447,0.6225579578015108,0.6539488744753911,0.21473029045643152,0.16743585010153222,0.14522821576763487,2,6.338048100000378
yeast,MLP,4,GSI_v6_1,0.34861299977597004,0.34328703925868975,0.7892708950800237,0.6303901437371663,0.6694752968211414,0.21339656194427978,0.1620352985354863,0.17427385892116182,2,9.336195800000041
yeast,MLP,5,BR,0.2872054601748592,0.2872054601748592,1.0,0.5832614322691976,0.5832614322691976,0.21252566735112938,0.21252566735112938,0.08418891170431211,14,0.07825510000020586
yeast,MLP,5,CC,0.37013712826556333,0.37013712826556333,1.0,0.6217481789802289,0.6217481789802289,0.21325902024053975,0.21325902024053975,0.13347022587268995,0,0.5008060999998634
yeast,MLP,5,ECC,0.38276524527307043,0.38276524527307043,1.0,0.6371771925338788,0.6371771925338788,0.20812555001466707,0.20812555001466707,0.1540041067761807,0,5.2224630999999135
yeast,MLP,5,GSI_v6,0.36657231845264493,0.35198756461926883,0.7873276620709886,0.6246418338108882,0.6764140053866872,0.21135230272807276,0.15666915052160954,0.12525667351129363,2,6.247409799999787
yeast,MLP,5,GSI_v6_1,0.3661785902851073,0.3513562613993936,0.7797007920211205,0.6319835981547924,0.6805234795996921,0.21061894983866236,0.1561324303987961,0.1457905544147844,2,9.457196100000147
