Dataset,Model,Fold,Hamming Accuracy,Hamming Loss,Instance Jaccard,Instance-F1,Macro Precision,Macro Recall,Macro-F1,Micro-F1,Subset Accuracy
viruspseaac,BR_Logistic,1,0.7875,0.2125,0.2833333333333333,0.2958333333333333,0.4166666666666667,0.32975412387177094,0.35936285936285933,0.37037037037037035,0.25
viruspseaac,BR_Logistic,2,0.7791666666666667,0.22083333333333333,0.2833333333333333,0.3208333333333333,0.3993055555555555,0.3277310924369748,0.346696127946128,0.3764705882352941,0.175
viruspseaac,BR_Logistic,3,0.8034188034188035,0.19658119658119658,0.34615384615384615,0.3589743589743589,0.611111111111111,0.34597727980080917,0.4120471014492754,0.41025641025641024,0.3076923076923077
viruspseaac,BR_Logistic,4,0.810077519379845,0.18992248062015504,0.31007751937984496,0.33720930232558133,0.3734917043740573,0.34701797385620914,0.3575757575757576,0.4235294117647059,0.23255813953488372
viruspseaac,BR_Logistic,5,0.8222222222222222,0.17777777777777778,0.37777777777777777,0.39259259259259255,0.38425925925925924,0.36111111111111116,0.3705069124423963,0.45454545454545453,0.3333333333333333
viruspseaac,CC_Logistic,1,0.8083333333333333,0.19166666666666668,0.425,0.45,0.44420289855072465,0.3972922502334266,0.4070346320346321,0.4888888888888889,0.35
viruspseaac,CC_Logistic,2,0.7666666666666666,0.23333333333333334,0.2958333333333333,0.3208333333333333,0.3891812865497076,0.32773109243697474,0.3414351851851852,0.36363636363636365,0.225
viruspseaac,CC_Logistic,3,0.8034188034188035,0.19658119658119658,0.3974358974358974,0.41880341880341876,0.5951388888888888,0.3753890445066916,0.4340595497458242,0.4523809523809524,0.3333333333333333
viruspseaac,CC_Logistic,4,0.7906976744186046,0.20930232558139536,0.3449612403100775,0.3682170542635659,0.3522256728778468,0.3574346405228758,0.3499862145023435,0.41304347826086957,0.27906976744186046
viruspseaac,CC_Logistic,5,0.8185185185185185,0.1814814814814815,0.4444444444444444,0.4666666666666667,0.3786231884057971,0.400326797385621,0.3857142857142857,0.4948453608247423,0.37777777777777777
viruspseaac,MLC_PA_Logistic,1,0.7875,0.2125,0.2833333333333333,0.2958333333333333,0.4166666666666667,0.32975412387177094,0.35936285936285933,0.37037037037037035,0.25
viruspseaac,MLC_PA_Logistic,2,0.7791666666666667,0.22083333333333333,0.2833333333333333,0.3208333333333333,0.3993055555555555,0.3277310924369748,0.346696127946128,0.3764705882352941,0.175
viruspseaac,MLC_PA_Logistic,3,0.8034188034188035,0.19658119658119658,0.34615384615384615,0.3589743589743589,0.611111111111111,0.34597727980080917,0.4120471014492754,0.41025641025641024,0.3076923076923077
viruspseaac,MLC_PA_Logistic,4,0.810077519379845,0.18992248062015504,0.31007751937984496,0.33720930232558133,0.3734917043740573,0.34701797385620914,0.3575757575757576,0.4235294117647059,0.23255813953488372
viruspseaac,MLC_PA_Logistic,5,0.8222222222222222,0.17777777777777778,0.37777777777777777,0.39259259259259255,0.38425925925925924,0.36111111111111116,0.3705069124423963,0.45454545454545453,0.3333333333333333
viruspseaac,GSI_MLC_PA_Logistic,1,0.7958333333333334,0.20416666666666666,0.3083333333333333,0.3208333333333333,0.44934640522875813,0.33955804544039836,0.3728506787330317,0.3950617283950617,0.275
viruspseaac,GSI_MLC_PA_Logistic,2,0.775,0.225,0.2958333333333333,0.3375,0.3703703703703704,0.3375350140056022,0.34732142857142856,0.38636363636363635,0.175
viruspseaac,GSI_MLC_PA_Logistic,3,0.7991452991452992,0.20085470085470086,0.358974358974359,0.37606837606837606,0.5833333333333334,0.35578120136943664,0.4165530303030303,0.41975308641975306,0.3076923076923077
viruspseaac,GSI_MLC_PA_Logistic,4,0.813953488372093,0.18604651162790697,0.33333333333333337,0.36046511627906974,0.3984917043740573,0.374795751633987,0.38484848484848483,0.4418604651162791,0.2558139534883721
viruspseaac,GSI_MLC_PA_Logistic,5,0.8333333333333334,0.16666666666666666,0.4,0.41481481481481475,0.40740740740740744,0.3709150326797386,0.38373442566990956,0.4827586206896552,0.35555555555555557
viruspseaac,GSI_MLC_PA_v3_1_Logistic,1,0.7875,0.2125,0.2833333333333333,0.2958333333333333,0.4166666666666667,0.32975412387177094,0.35936285936285933,0.37037037037037035,0.25
viruspseaac,GSI_MLC_PA_v3_1_Logistic,2,0.7833333333333333,0.21666666666666667,0.3208333333333333,0.35416666666666663,0.3845996732026144,0.3473389355742296,0.3595365418894831,0.4090909090909091,0.225
viruspseaac,GSI_MLC_PA_v3_1_Logistic,3,0.7991452991452992,0.20085470085470086,0.358974358974359,0.37606837606837606,0.5833333333333334,0.35578120136943664,0.4165530303030303,0.41975308641975306,0.3076923076923077
viruspseaac,GSI_MLC_PA_v3_1_Logistic,4,0.810077519379845,0.18992248062015504,0.32170542635658916,0.34496124031007747,0.3734917043740573,0.34701797385620914,0.3575757575757576,0.4235294117647059,0.2558139534883721
viruspseaac,GSI_MLC_PA_v3_1_Logistic,5,0.8333333333333334,0.16666666666666666,0.4,0.41481481481481475,0.40740740740740744,0.3709150326797386,0.38373442566990956,0.4827586206896552,0.35555555555555557
viruspseaac,BR_SVM,1,0.7875,0.2125,0.2125,0.225,0.3452380952380952,0.26252723311546844,0.2889655172413793,0.3013698630136986,0.175
viruspseaac,BR_SVM,2,0.7791666666666667,0.22083333333333333,0.225,0.24166666666666664,0.33055555555555555,0.2745098039215686,0.29650915283099194,0.3116883116883117,0.175
viruspseaac,BR_SVM,3,0.7735042735042735,0.2264957264957265,0.1282051282051282,0.13675213675213674,0.4047619047619047,0.23611111111111113,0.2733333333333333,0.18461538461538463,0.10256410256410256
viruspseaac,BR_SVM,4,0.810077519379845,0.18992248062015504,0.20542635658914726,0.22093023255813954,0.315018315018315,0.25857843137254904,0.27729885057471265,0.30985915492957744,0.16279069767441862
viruspseaac,BR_SVM,5,0.8296296296296296,0.17037037037037037,0.2,0.2,0.4375,0.2532679738562092,0.2925438596491228,0.28125,0.2
viruspseaac,CC_SVM,1,0.8041666666666667,0.19583333333333333,0.3875,0.41666666666666663,0.3611111111111111,0.35784313725490197,0.3569078947368421,0.47191011235955055,0.3
viruspseaac,CC_SVM,2,0.75,0.25,0.2708333333333333,0.2958333333333333,0.2993421052631579,0.303921568627451,0.30134680134680136,0.3333333333333333,0.2
viruspseaac,CC_SVM,3,0.7777777777777778,0.2222222222222222,0.2948717948717949,0.3162393162393162,0.5089285714285714,0.31290849673202614,0.3625,0.35,0.23076923076923078
viruspseaac,CC_SVM,4,0.7751937984496124,0.2248062015503876,0.2751937984496124,0.29069767441860467,0.27855477855477856,0.28921568627450983,0.2812865497076023,0.32558139534883723,0.23255813953488372
viruspseaac,CC_SVM,5,0.8296296296296296,0.17037037037037037,0.4222222222222222,0.4444444444444444,0.42291666666666666,0.38071895424836605,0.38714851214851215,0.4888888888888889,0.35555555555555557
viruspseaac,MLC_PA_SVM,1,0.7875,0.2125,0.2125,0.225,0.3452380952380952,0.26252723311546844,0.2889655172413793,0.3013698630136986,0.175
viruspseaac,MLC_PA_SVM,2,0.7791666666666667,0.22083333333333333,0.225,0.24166666666666664,0.33055555555555555,0.2745098039215686,0.29650915283099194,0.3116883116883117,0.175
viruspseaac,MLC_PA_SVM,3,0.7735042735042735,0.2264957264957265,0.1282051282051282,0.13675213675213674,0.4047619047619047,0.23611111111111113,0.2733333333333333,0.18461538461538463,0.10256410256410256
viruspseaac,MLC_PA_SVM,4,0.810077519379845,0.18992248062015504,0.20542635658914726,0.22093023255813954,0.315018315018315,0.25857843137254904,0.27729885057471265,0.30985915492957744,0.16279069767441862
viruspseaac,MLC_PA_SVM,5,0.8296296296296296,0.17037037037037037,0.2,0.2,0.4375,0.2532679738562092,0.2925438596491228,0.28125,0.2
viruspseaac,GSI_MLC_PA_SVM,1,0.7833333333333333,0.21666666666666667,0.2375,0.25,0.34259259259259256,0.2717864923747277,0.29736057896977436,0.3157894736842105,0.2
viruspseaac,GSI_MLC_PA_SVM,2,0.7791666666666667,0.22083333333333333,0.225,0.24166666666666664,0.33055555555555555,0.2745098039215686,0.29650915283099194,0.3116883116883117,0.175
viruspseaac,GSI_MLC_PA_SVM,3,0.7777777777777778,0.2222222222222222,0.1794871794871795,0.19658119658119658,0.41865079365079366,0.26552287581699346,0.3019047619047619,0.2571428571428571,0.1282051282051282
viruspseaac,GSI_MLC_PA_SVM,4,0.810077519379845,0.18992248062015504,0.24031007751937983,0.2596899224806201,0.3165266106442577,0.27941176470588236,0.28914141414141414,0.3466666666666667,0.18604651162790697
viruspseaac,GSI_MLC_PA_SVM,5,0.8407407407407408,0.15925925925925927,0.3,0.3111111111111111,0.4602272727272727,0.31209150326797386,0.35833333333333334,0.410958904109589,0.26666666666666666
viruspseaac,GSI_MLC_PA_v3_1_SVM,1,0.7875,0.2125,0.2625,0.275,0.3452380952380952,0.29193899782135074,0.3057142857142857,0.35443037974683544,0.225
viruspseaac,GSI_MLC_PA_v3_1_SVM,2,0.7791666666666667,0.22083333333333333,0.225,0.24166666666666664,0.33055555555555555,0.2745098039215686,0.29650915283099194,0.3116883116883117,0.175
viruspseaac,GSI_MLC_PA_v3_1_SVM,3,0.7692307692307692,0.23076923076923078,0.14102564102564102,0.15384615384615385,0.39999999999999997,0.24537037037037038,0.2809523809523809,0.20588235294117646,0.10256410256410256
viruspseaac,GSI_MLC_PA_v3_1_SVM,4,0.813953488372093,0.18604651162790697,0.24031007751937983,0.2596899224806201,0.32142857142857145,0.27941176470588236,0.2916666666666667,0.35135135135135137,0.18604651162790697
viruspseaac,GSI_MLC_PA_v3_1_SVM,5,0.8296296296296296,0.17037037037037037,0.2222222222222222,0.2296296296296296,0.4375,0.2728758169934641,0.3184782608695652,0.3235294117647059,0.2
viruspseaac,BR_MLP,1,0.8208333333333333,0.17916666666666667,0.325,0.3416666666666666,0.6272893772893773,0.38122471210706504,0.44727272727272727,0.44155844155844154,0.275
viruspseaac,BR_MLP,2,0.7916666666666666,0.20833333333333334,0.225,0.24166666666666664,0.39057239057239057,0.288515406162465,0.32362637362637364,0.32432432432432434,0.175
viruspseaac,BR_MLP,3,0.8076923076923077,0.19230769230769232,0.2948717948717949,0.3076923076923077,0.46527777777777773,0.285792094615624,0.3365663322185061,0.36619718309859156,0.2564102564102564
viruspseaac,BR_MLP,4,0.8217054263565892,0.17829457364341086,0.313953488372093,0.32558139534883723,0.44047619047619047,0.33374183006535946,0.36944444444444446,0.39473684210526316,0.27906976744186046
viruspseaac,BR_MLP,5,0.8481481481481481,0.15185185185185185,0.34444444444444444,0.3555555555555555,0.7962962962962963,0.3954248366013072,0.4931386514719847,0.4533333333333333,0.3111111111111111
viruspseaac,CC_MLP,1,0.8041666666666667,0.19583333333333333,0.4125,0.4416666666666666,0.5092592592592592,0.4280656707127295,0.4131868131868131,0.4835164835164835,0.325
viruspseaac,CC_MLP,2,0.7958333333333334,0.20416666666666666,0.3708333333333333,0.4208333333333333,0.5682870370370371,0.4086134453781512,0.4444444444444444,0.46153846153846156,0.225
viruspseaac,CC_MLP,3,0.7991452991452992,0.20085470085470086,0.3076923076923077,0.3333333333333333,0.5046296296296297,0.34706660441954557,0.4017926517926518,0.4050632911392405,0.23076923076923078
viruspseaac,CC_MLP,4,0.7945736434108527,0.2054263565891473,0.3682170542635659,0.4069767441860465,0.3860119047619048,0.41237745098039214,0.39763014763014765,0.4421052631578947,0.2558139534883721
viruspseaac,CC_MLP,5,0.8444444444444444,0.15555555555555556,0.4444444444444444,0.4592592592592592,0.5784722222222222,0.4223856209150327,0.4611111111111111,0.5227272727272727,0.4
viruspseaac,MLC_PA_MLP,1,0.8208333333333333,0.17916666666666667,0.325,0.3416666666666666,0.6272893772893773,0.38122471210706504,0.44727272727272727,0.44155844155844154,0.275
viruspseaac,MLC_PA_MLP,2,0.7916666666666666,0.20833333333333334,0.225,0.24166666666666664,0.39057239057239057,0.288515406162465,0.32362637362637364,0.32432432432432434,0.175
viruspseaac,MLC_PA_MLP,3,0.8076923076923077,0.19230769230769232,0.2948717948717949,0.3076923076923077,0.46527777777777773,0.285792094615624,0.3365663322185061,0.36619718309859156,0.2564102564102564
viruspseaac,MLC_PA_MLP,4,0.8217054263565892,0.17829457364341086,0.313953488372093,0.32558139534883723,0.44047619047619047,0.33374183006535946,0.36944444444444446,0.39473684210526316,0.27906976744186046
viruspseaac,MLC_PA_MLP,5,0.8481481481481481,0.15185185185185185,0.34444444444444444,0.3555555555555555,0.7962962962962963,0.3954248366013072,0.4931386514719847,0.4533333333333333,0.3111111111111111
viruspseaac,GSI_MLC_PA_MLP,1,0.8083333333333333,0.19166666666666668,0.3125,0.32499999999999996,0.3772893772893773,0.33955804544039836,0.32505050505050503,0.41025641025641024,0.275
viruspseaac,GSI_MLC_PA_MLP,2,0.8,0.2,0.325,0.3583333333333333,0.6002673796791443,0.38900560224089636,0.4377373171490819,0.4418604651162791,0.225
viruspseaac,GSI_MLC_PA_MLP,3,0.782051282051282,0.21794871794871795,0.24358974358974358,0.2735042735042735,0.47129629629629627,0.3285480859010271,0.377983127983128,0.35443037974683544,0.15384615384615385
viruspseaac,GSI_MLC_PA_MLP,4,0.8217054263565892,0.17829457364341086,0.38372093023255816,0.40310077519379844,0.4479949874686717,0.39276960784313725,0.4051587301587302,0.4523809523809524,0.32558139534883723
viruspseaac,GSI_MLC_PA_MLP,5,0.8444444444444444,0.15555555555555556,0.4666666666666667,0.4888888888888889,0.5821759259259259,0.44199346405228757,0.47301587301587306,0.5434782608695652,0.4
viruspseaac,GSI_MLC_PA_v3_1_MLP,1,0.8083333333333333,0.19166666666666668,0.3125,0.32499999999999996,0.3772893772893773,0.33955804544039836,0.32505050505050503,0.41025641025641024,0.275
viruspseaac,GSI_MLC_PA_v3_1_MLP,2,0.7958333333333334,0.20416666666666666,0.3125,0.35,0.5757575757575758,0.3792016806722689,0.4303571428571428,0.4235294117647059,0.2
viruspseaac,GSI_MLC_PA_v3_1_MLP,3,0.782051282051282,0.21794871794871795,0.23076923076923078,0.2564102564102564,0.48055555555555557,0.31874416433239966,0.3712698412698412,0.33766233766233766,0.15384615384615385
viruspseaac,GSI_MLC_PA_v3_1_MLP,4,0.813953488372093,0.18604651162790697,0.36046511627906974,0.37984496124031003,0.43121693121693117,0.38235294117647056,0.39146556058320764,0.42857142857142855,0.3023255813953488
viruspseaac,GSI_MLC_PA_v3_1_MLP,5,0.8444444444444444,0.15555555555555556,0.4666666666666667,0.4888888888888889,0.5821759259259259,0.44199346405228757,0.47301587301587306,0.5434782608695652,0.4
gpositivepseaac,BR_Logistic,1,0.875,0.125,0.6586538461538461,0.6666666666666666,0.5836996336996337,0.5215925394548063,0.5505434782608696,0.7319587628865979,0.6346153846153846
gpositivepseaac,BR_Logistic,2,0.8485576923076923,0.15144230769230768,0.5769230769230769,0.5833333333333333,0.7984043819957133,0.5135714285714286,0.6054400858704138,0.6631016042780749,0.5576923076923077
gpositivepseaac,BR_Logistic,3,0.8653846153846154,0.1346153846153846,0.6394230769230769,0.6474358974358976,0.5901084010840109,0.4863095238095238,0.5207826611610762,0.711340206185567,0.6153846153846154
gpositivepseaac,BR_Logistic,4,0.8413461538461539,0.15865384615384615,0.5865384615384616,0.5897435897435896,0.547349709114415,0.4464285714285714,0.4888473182155709,0.6526315789473685,0.5769230769230769
gpositivepseaac,BR_Logistic,5,0.8398058252427184,0.16019417475728157,0.6262135922330098,0.6375404530744337,0.7565484084880637,0.5518002322880371,0.6021259506949908,0.6732673267326733,0.5922330097087378
gpositivepseaac,CC_Logistic,1,0.8725961538461539,0.12740384615384615,0.7403846153846154,0.7403846153846154,0.5560077519379845,0.5737876614060258,0.5626082251082252,0.7439613526570048,0.7403846153846154
gpositivepseaac,CC_Logistic,2,0.8557692307692308,0.14423076923076922,0.7115384615384616,0.7147435897435896,0.7786147675853559,0.6273809523809524,0.6537176024347848,0.7142857142857143,0.7019230769230769
gpositivepseaac,CC_Logistic,3,0.8605769230769231,0.13942307692307693,0.7211538461538461,0.7243589743589745,0.5424836601307189,0.5413690476190476,0.5367852274939963,0.7238095238095238,0.7115384615384616
gpositivepseaac,CC_Logistic,4,0.8557692307692308,0.14423076923076922,0.7115384615384616,0.7115384615384616,0.5397035256410256,0.5580357142857143,0.5410895986433013,0.7115384615384616,0.7115384615384616
gpositivepseaac,CC_Logistic,5,0.8325242718446602,0.16747572815533981,0.6650485436893204,0.6699029126213593,0.732641065830721,0.5678977932636469,0.6013888888888889,0.6698564593301436,0.6504854368932039
gpositivepseaac,MLC_PA_Logistic,1,0.875,0.125,0.6586538461538461,0.6666666666666666,0.5836996336996337,0.5215925394548063,0.5505434782608696,0.7319587628865979,0.6346153846153846
gpositivepseaac,MLC_PA_Logistic,2,0.8485576923076923,0.15144230769230768,0.5769230769230769,0.5833333333333333,0.7984043819957133,0.5135714285714286,0.6054400858704138,0.6631016042780749,0.5576923076923077
gpositivepseaac,MLC_PA_Logistic,3,0.8653846153846154,0.1346153846153846,0.6394230769230769,0.6474358974358976,0.5901084010840109,0.4863095238095238,0.5207826611610762,0.711340206185567,0.6153846153846154
gpositivepseaac,MLC_PA_Logistic,4,0.8413461538461539,0.15865384615384615,0.5865384615384616,0.5897435897435896,0.547349709114415,0.4464285714285714,0.4888473182155709,0.6526315789473685,0.5769230769230769
gpositivepseaac,MLC_PA_Logistic,5,0.8398058252427184,0.16019417475728157,0.6262135922330098,0.6375404530744337,0.7565484084880637,0.5518002322880371,0.6021259506949908,0.6732673267326733,0.5922330097087378
gpositivepseaac,GSI_MLC_PA_Logistic,1,0.8894230769230769,0.11057692307692307,0.6923076923076923,0.6923076923076923,0.6273504273504273,0.5315925394548063,0.5744990892531876,0.7578947368421053,0.6923076923076923
gpositivepseaac,GSI_MLC_PA_Logistic,2,0.8461538461538461,0.15384615384615385,0.5576923076923077,0.5608974358974359,0.5558495423340961,0.41309523809523807,0.4708736333052986,0.6483516483516484,0.5480769230769231
gpositivepseaac,GSI_MLC_PA_Logistic,3,0.8653846153846154,0.1346153846153846,0.6442307692307693,0.6474358974358974,0.5914792524548622,0.4758928571428571,0.5130808950086059,0.7083333333333334,0.6346153846153846
gpositivepseaac,GSI_MLC_PA_Logistic,4,0.8485576923076923,0.15144230769230768,0.5961538461538461,0.5961538461538461,0.5785714285714285,0.4464285714285714,0.4990842490842491,0.6631016042780749,0.5961538461538461
gpositivepseaac,GSI_MLC_PA_Logistic,5,0.8422330097087378,0.15776699029126215,0.6407766990291263,0.6440129449838187,0.5193198005698005,0.46846689895470384,0.482166273275636,0.6733668341708543,0.6310679611650486
gpositivepseaac,GSI_MLC_PA_v3_1_Logistic,1,0.8894230769230769,0.11057692307692307,0.6923076923076923,0.6923076923076923,0.6273504273504273,0.5315925394548063,0.5744990892531876,0.7578947368421053,0.6923076923076923
gpositivepseaac,GSI_MLC_PA_v3_1_Logistic,2,0.8461538461538461,0.15384615384615385,0.5576923076923077,0.5608974358974359,0.5558495423340961,0.41309523809523807,0.4708736333052986,0.6483516483516484,0.5480769230769231
gpositivepseaac,GSI_MLC_PA_v3_1_Logistic,3,0.8653846153846154,0.1346153846153846,0.6394230769230769,0.6474358974358976,0.5901084010840109,0.4863095238095238,0.5207826611610762,0.711340206185567,0.6153846153846154
gpositivepseaac,GSI_MLC_PA_v3_1_Logistic,4,0.8485576923076923,0.15144230769230768,0.5961538461538461,0.5961538461538461,0.5785714285714285,0.4464285714285714,0.4990842490842491,0.6631016042780749,0.5961538461538461
gpositivepseaac,GSI_MLC_PA_v3_1_Logistic,5,0.8422330097087378,0.15776699029126215,0.6407766990291263,0.6440129449838187,0.5193198005698005,0.46846689895470384,0.482166273275636,0.6733668341708543,0.6310679611650486
gpositivepseaac,BR_SVM,1,0.8677884615384616,0.13221153846153846,0.6153846153846154,0.6217948717948717,0.8367598684210527,0.5253479196556672,0.6072180926611307,0.7058823529411765,0.5961538461538461
gpositivepseaac,BR_SVM,2,0.8365384615384616,0.16346153846153846,0.5144230769230769,0.5224358974358974,0.55625,0.3911904761904762,0.4529281693915841,0.6222222222222222,0.49038461538461536
gpositivepseaac,BR_SVM,3,0.8413461538461539,0.15865384615384615,0.5673076923076923,0.5737179487179487,0.5617424242424243,0.4261904761904762,0.46969153515064566,0.648936170212766,0.5480769230769231
gpositivepseaac,BR_SVM,4,0.84375,0.15625,0.5288461538461539,0.532051282051282,0.6081985683987274,0.38720238095238096,0.4538909950145409,0.632768361581921,0.5192307692307693
gpositivepseaac,BR_SVM,5,0.8155339805825242,0.18446601941747573,0.49514563106796117,0.5048543689320388,0.46372635933806144,0.3626480836236934,0.3903913260219342,0.5869565217391305,0.46601941747572817
gpositivepseaac,CC_SVM,1,0.8774038461538461,0.12259615384615384,0.7451923076923077,0.7467948717948718,0.560962906504065,0.5811406025824963,0.5694382852919438,0.7536231884057971,0.7403846153846154
gpositivepseaac,CC_SVM,2,0.8653846153846154,0.1346153846153846,0.7307692307692307,0.7339743589743589,0.5611804813932473,0.5728571428571428,0.5484453476932636,0.7333333333333333,0.7211538461538461
gpositivepseaac,CC_SVM,3,0.8557692307692308,0.14423076923076922,0.7115384615384616,0.7147435897435899,0.5411892029539088,0.5452380952380952,0.5404438119333755,0.7142857142857143,0.7019230769230769
gpositivepseaac,CC_SVM,4,0.8413461538461539,0.15865384615384615,0.6875,0.689102564102564,0.5247584541062802,0.5404761904761904,0.5179597701149425,0.6857142857142857,0.6826923076923077
gpositivepseaac,CC_SVM,5,0.8155339805825242,0.18446601941747573,0.6310679611650486,0.6343042071197412,0.479101966873706,0.47094076655052264,0.46505147358611454,0.6346153846153846,0.6213592233009708
gpositivepseaac,MLC_PA_SVM,1,0.8677884615384616,0.13221153846153846,0.6153846153846154,0.6217948717948717,0.8367598684210527,0.5253479196556672,0.6072180926611307,0.7058823529411765,0.5961538461538461
gpositivepseaac,MLC_PA_SVM,2,0.8365384615384616,0.16346153846153846,0.5144230769230769,0.5224358974358974,0.55625,0.3911904761904762,0.4529281693915841,0.6222222222222222,0.49038461538461536
gpositivepseaac,MLC_PA_SVM,3,0.8413461538461539,0.15865384615384615,0.5673076923076923,0.5737179487179487,0.5617424242424243,0.4261904761904762,0.46969153515064566,0.648936170212766,0.5480769230769231
gpositivepseaac,MLC_PA_SVM,4,0.84375,0.15625,0.5288461538461539,0.532051282051282,0.6081985683987274,0.38720238095238096,0.4538909950145409,0.632768361581921,0.5192307692307693
gpositivepseaac,MLC_PA_SVM,5,0.8155339805825242,0.18446601941747573,0.49514563106796117,0.5048543689320388,0.46372635933806144,0.3626480836236934,0.3903913260219342,0.5869565217391305,0.46601941747572817
gpositivepseaac,GSI_MLC_PA_SVM,1,0.8677884615384616,0.13221153846153846,0.6634615384615384,0.6698717948717948,0.8140750915750916,0.580642037302726,0.639233870967742,0.7208121827411168,0.6442307692307693
gpositivepseaac,GSI_MLC_PA_SVM,2,0.8197115384615384,0.18028846153846154,0.5192307692307693,0.5224358974358974,0.6655637254901962,0.5335714285714286,0.5841885756519902,0.5945945945945946,0.5096153846153846
gpositivepseaac,GSI_MLC_PA_SVM,3,0.8365384615384616,0.16346153846153846,0.6105769230769231,0.6185897435897435,0.5148026315789473,0.468452380952381,0.4860090210491146,0.66,0.5865384615384616
gpositivepseaac,GSI_MLC_PA_SVM,4,0.8365384615384616,0.16346153846153846,0.5625,0.5673076923076923,0.6269744483159118,0.4776785714285714,0.5372391822930821,0.6382978723404256,0.5480769230769231
gpositivepseaac,GSI_MLC_PA_SVM,5,0.8300970873786407,0.16990291262135923,0.587378640776699,0.598705501618123,0.6208084125894695,0.5216957026713124,0.5567307692307693,0.6464646464646465,0.5533980582524272
gpositivepseaac,GSI_MLC_PA_v3_1_SVM,1,0.8605769230769231,0.13942307692307693,0.6442307692307693,0.6506410256410255,0.6331140350877194,0.560642037302726,0.5939455872011252,0.7040816326530612,0.625
gpositivepseaac,GSI_MLC_PA_v3_1_SVM,2,0.8293269230769231,0.17067307692307693,0.5048076923076923,0.5096153846153846,0.5419642857142857,0.37690476190476185,0.4376684291318438,0.6033519553072626,0.49038461538461536
gpositivepseaac,GSI_MLC_PA_v3_1_SVM,3,0.8365384615384616,0.16346153846153846,0.6105769230769231,0.6185897435897435,0.5148026315789473,0.468452380952381,0.4860090210491146,0.66,0.5865384615384616
gpositivepseaac,GSI_MLC_PA_v3_1_SVM,4,0.8365384615384616,0.16346153846153846,0.5625,0.5673076923076923,0.6269744483159118,0.4776785714285714,0.5372391822930821,0.6382978723404256,0.5480769230769231
gpositivepseaac,GSI_MLC_PA_v3_1_SVM,5,0.8300970873786407,0.16990291262135923,0.587378640776699,0.598705501618123,0.6208084125894695,0.5216957026713124,0.5567307692307693,0.6464646464646465,0.5533980582524272
gpositivepseaac,BR_MLP,1,0.8725961538461539,0.12740384615384615,0.5961538461538461,0.5993589743589745,0.7360360360360361,0.5124856527977044,0.5989214489214489,0.7039106145251397,0.5865384615384616
gpositivepseaac,BR_MLP,2,0.8221153846153846,0.1778846153846154,0.4567307692307692,0.46153846153846156,0.6729166666666666,0.4797619047619048,0.5190143180599173,0.5697674418604651,0.4423076923076923
gpositivepseaac,BR_MLP,3,0.8557692307692308,0.14423076923076922,0.5721153846153846,0.5737179487179488,0.6255952380952381,0.3988095238095238,0.4475369458128079,0.6666666666666666,0.5673076923076923
gpositivepseaac,BR_MLP,4,0.8605769230769231,0.13942307692307693,0.5913461538461539,0.592948717948718,0.6594202898550725,0.43154761904761907,0.4991161616161616,0.6813186813186813,0.5865384615384616
gpositivepseaac,BR_MLP,5,0.8470873786407767,0.1529126213592233,0.5631067961165048,0.5663430420711975,0.8333333333333333,0.4838908246225319,0.576796145120666,0.6519337016574586,0.5533980582524272
gpositivepseaac,CC_MLP,1,0.8798076923076923,0.1201923076923077,0.7019230769230769,0.7083333333333333,0.5866666666666667,0.5562984218077475,0.5706558641975309,0.75,0.6826923076923077
gpositivepseaac,CC_MLP,2,0.8461538461538461,0.15384615384615385,0.6201923076923077,0.6282051282051282,0.7751219512195122,0.6357142857142857,0.6927710843373495,0.6767676767676768,0.5961538461538461
gpositivepseaac,CC_MLP,3,0.8774038461538461,0.12259615384615384,0.7019230769230769,0.7083333333333333,0.5797634271099744,0.530952380952381,0.5486330698287221,0.746268656716418,0.6826923076923077
gpositivepseaac,CC_MLP,4,0.8701923076923077,0.12980769230769232,0.6778846153846154,0.6794871794871794,0.5910326086956521,0.5235119047619048,0.5506776306409815,0.7244897959183674,0.6730769230769231
gpositivepseaac,CC_MLP,5,0.8470873786407767,0.1529126213592233,0.6213592233009708,0.6245954692556636,0.7901505807379998,0.5363646922183507,0.6098818983742801,0.6735751295336787,0.6116504854368932
gpositivepseaac,MLC_PA_MLP,1,0.8725961538461539,0.12740384615384615,0.5961538461538461,0.5993589743589745,0.7360360360360361,0.5124856527977044,0.5989214489214489,0.7039106145251397,0.5865384615384616
gpositivepseaac,MLC_PA_MLP,2,0.8221153846153846,0.1778846153846154,0.4567307692307692,0.46153846153846156,0.6729166666666666,0.4797619047619048,0.5190143180599173,0.5697674418604651,0.4423076923076923
gpositivepseaac,MLC_PA_MLP,3,0.8557692307692308,0.14423076923076922,0.5721153846153846,0.5737179487179488,0.6255952380952381,0.3988095238095238,0.4475369458128079,0.6666666666666666,0.5673076923076923
gpositivepseaac,MLC_PA_MLP,4,0.8605769230769231,0.13942307692307693,0.5913461538461539,0.592948717948718,0.6594202898550725,0.43154761904761907,0.4991161616161616,0.6813186813186813,0.5865384615384616
gpositivepseaac,MLC_PA_MLP,5,0.8470873786407767,0.1529126213592233,0.5631067961165048,0.5663430420711975,0.8333333333333333,0.4838908246225319,0.576796145120666,0.6519337016574586,0.5533980582524272
gpositivepseaac,GSI_MLC_PA_MLP,1,0.8822115384615384,0.11778846153846154,0.6730769230769231,0.6794871794871795,0.6030003217503218,0.5367503586800574,0.5673899832886008,0.7461139896373057,0.6538461538461539
gpositivepseaac,GSI_MLC_PA_MLP,2,0.8413461538461539,0.15865384615384615,0.5913461538461539,0.5961538461538461,0.7829633867276888,0.5316666666666667,0.6104166666666667,0.65625,0.5769230769230769
gpositivepseaac,GSI_MLC_PA_MLP,3,0.8725961538461539,0.12740384615384615,0.6875,0.6955128205128205,0.5857142857142857,0.525,0.5464569912845775,0.736318407960199,0.6634615384615384
gpositivepseaac,GSI_MLC_PA_MLP,4,0.8677884615384616,0.13221153846153846,0.6442307692307693,0.6506410256410257,0.586085697498741,0.5139880952380953,0.5469350501669381,0.7150259067357513,0.625
gpositivepseaac,GSI_MLC_PA_MLP,5,0.8495145631067962,0.15048543689320387,0.616504854368932,0.6213592233009708,0.8012228260869565,0.5374099883855982,0.6154681805438744,0.6770833333333334,0.6019417475728155
gpositivepseaac,GSI_MLC_PA_v3_1_MLP,1,0.8846153846153846,0.11538461538461539,0.6826923076923077,0.6923076923076923,0.6068693693693694,0.554103299856528,0.5791061616954474,0.7551020408163265,0.6538461538461539
gpositivepseaac,GSI_MLC_PA_v3_1_MLP,2,0.8413461538461539,0.15865384615384615,0.5913461538461539,0.5961538461538461,0.7829633867276888,0.5316666666666667,0.6104166666666667,0.65625,0.5769230769230769
gpositivepseaac,GSI_MLC_PA_v3_1_MLP,3,0.8774038461538461,0.12259615384615384,0.6971153846153846,0.7051282051282051,0.5922634271099745,0.530952380952381,0.5524792236748759,0.746268656716418,0.6730769230769231
gpositivepseaac,GSI_MLC_PA_v3_1_MLP,4,0.8581730769230769,0.14182692307692307,0.6282051282051282,0.6394230769230769,0.586085697498741,0.5139880952380953,0.5469350501669381,0.700507614213198,0.5961538461538461
gpositivepseaac,GSI_MLC_PA_v3_1_MLP,5,0.8446601941747574,0.1553398058252427,0.6067961165048543,0.6116504854368932,0.7875177304964539,0.5263646922183507,0.6015151515151516,0.6666666666666666,0.5922330097087378
chd49,BR_Logistic,1,0.7027027027027026,0.2972972972972973,0.5154654654654655,0.6272844272844273,0.5158363858363858,0.5095238095238096,0.5057804940157882,0.6586206896551724,0.14414414414414414
chd49,BR_Logistic,2,0.703030303030303,0.296969696969697,0.5207575757575758,0.6273160173160174,0.5002731071087972,0.4889072177763327,0.49038259527774297,0.6549295774647887,0.2
chd49,BR_Logistic,3,0.7151515151515151,0.28484848484848485,0.5280303030303031,0.6376479076479077,0.5100687422115994,0.4929863827935737,0.4935292357701115,0.6701754385964912,0.15454545454545454
chd49,BR_Logistic,4,0.7105263157894737,0.2894736842105263,0.5296783625730994,0.6469924812030076,0.6641200176669284,0.5628064169990313,0.5699062361517692,0.6655405405405406,0.16666666666666666
chd49,BR_Logistic,5,0.6984848484848485,0.3015151515151515,0.5136363636363637,0.6352164502164502,0.5014667245493806,0.493487455274961,0.492142597189168,0.6527050610820244,0.12727272727272726
chd49,CC_Logistic,1,0.6921921921921922,0.3078078078078078,0.517117117117117,0.61973401973402,0.49123266123266124,0.5179894179894181,0.5021354653258425,0.6531302876480541,0.1891891891891892
chd49,CC_Logistic,2,0.7015151515151515,0.29848484848484846,0.5172727272727274,0.6220779220779221,0.5072560541310541,0.5097788222320685,0.5072882974904459,0.6561954624781849,0.2
chd49,CC_Logistic,3,0.7151515151515151,0.28484848484848485,0.5515151515151515,0.6554184704184707,0.5175646273777115,0.5319562489322188,0.5216563935993687,0.6791808873720137,0.19090909090909092
chd49,CC_Logistic,4,0.7032163742690059,0.29678362573099415,0.5318713450292397,0.6425229741019215,0.49570579076393034,0.5286223730110656,0.5091977802064439,0.657672849915683,0.19298245614035087
chd49,CC_Logistic,5,0.6833333333333333,0.31666666666666665,0.5086363636363637,0.6269047619047619,0.4898772943407402,0.5049348938541826,0.49631516369291745,0.6415094339622641,0.16363636363636364
chd49,MLC_PA_Logistic,1,0.7027027027027026,0.2972972972972973,0.5154654654654655,0.6272844272844273,0.5158363858363858,0.5095238095238096,0.5057804940157882,0.6586206896551724,0.14414414414414414
chd49,MLC_PA_Logistic,2,0.703030303030303,0.296969696969697,0.5207575757575758,0.6273160173160174,0.5002731071087972,0.4889072177763327,0.49038259527774297,0.6549295774647887,0.2
chd49,MLC_PA_Logistic,3,0.7151515151515151,0.28484848484848485,0.5280303030303031,0.6376479076479077,0.5100687422115994,0.4929863827935737,0.4935292357701115,0.6701754385964912,0.15454545454545454
chd49,MLC_PA_Logistic,4,0.7105263157894737,0.2894736842105263,0.5296783625730994,0.6469924812030076,0.6641200176669284,0.5628064169990313,0.5699062361517692,0.6655405405405406,0.16666666666666666
chd49,MLC_PA_Logistic,5,0.6984848484848485,0.3015151515151515,0.5136363636363637,0.6352164502164502,0.5014667245493806,0.493487455274961,0.492142597189168,0.6527050610820244,0.12727272727272726
chd49,GSI_MLC_PA_Logistic,1,0.7057057057057057,0.29429429429429427,0.5156156156156156,0.6232089232089233,0.5200454717696097,0.5021708683473389,0.504203583607356,0.6573426573426573,0.15315315315315314
chd49,GSI_MLC_PA_Logistic,2,0.6924242424242424,0.30757575757575756,0.5010606060606061,0.6091341991341992,0.49367704616491026,0.4683496283648993,0.47681064516930777,0.6368515205724508,0.18181818181818182
chd49,GSI_MLC_PA_Logistic,3,0.7136363636363636,0.2863636363636364,0.5204545454545455,0.6326262626262628,0.5185791879623619,0.48711063626854867,0.4952697945099441,0.6642984014209592,0.13636363636363635
chd49,GSI_MLC_PA_Logistic,4,0.7090643274853801,0.2909356725146199,0.521345029239766,0.6364243943191312,0.6648923888464496,0.5516584531147489,0.5650987461146285,0.6598290598290598,0.16666666666666666
chd49,GSI_MLC_PA_Logistic,5,0.703030303030303,0.296969696969697,0.5154545454545454,0.6369480519480519,0.5078688226629797,0.4919946100748655,0.4948503529616408,0.6549295774647887,0.14545454545454545
chd49,GSI_MLC_PA_v3_1_Logistic,1,0.7042042042042043,0.2957957957957958,0.5174174174174174,0.6237237237237239,0.5162883674676128,0.5066059757236228,0.5045685480670001,0.658578856152513,0.16216216216216217
chd49,GSI_MLC_PA_v3_1_Logistic,2,0.703030303030303,0.296969696969697,0.5172727272727272,0.6256277056277056,0.49518162192726,0.4829614432401031,0.48460704060033527,0.6537102473498233,0.19090909090909092
chd49,GSI_MLC_PA_v3_1_Logistic,3,0.7181818181818183,0.2818181818181818,0.5333333333333333,0.644011544011544,0.5175473746902318,0.5025101923173833,0.5026058311206718,0.6748251748251748,0.15454545454545454
chd49,GSI_MLC_PA_v3_1_Logistic,4,0.7076023391812866,0.29239766081871343,0.5283625730994151,0.6449039264828739,0.6607570577981207,0.5622075594349996,0.5675786734793787,0.6632996632996633,0.16666666666666666
chd49,GSI_MLC_PA_v3_1_Logistic,5,0.7136363636363636,0.2863636363636364,0.5313636363636364,0.6508874458874457,0.5179959308347685,0.5053518048046092,0.5055527281101304,0.6690017513134852,0.15454545454545454
chd49,BR_SVM,1,0.7177177177177176,0.2822822822822823,0.516966966966967,0.6240454740454741,0.5968442230900703,0.44769166926029674,0.4373272310908893,0.6606498194945848,0.18018018018018017
chd49,BR_SVM,2,0.696969696969697,0.30303030303030304,0.496969696969697,0.6103463203463204,0.5772439706263235,0.39190938057159824,0.3699709647078068,0.6212121212121212,0.15454545454545454
chd49,BR_SVM,3,0.7090909090909091,0.2909090909090909,0.48121212121212126,0.6002597402597403,0.5839160839160839,0.3562483176684452,0.3455726817609995,0.6190476190476191,0.12727272727272726
chd49,BR_SVM,4,0.706140350877193,0.29385964912280704,0.48596491228070166,0.6085630743525481,0.49078087375301,0.3867996618216109,0.36208096839470794,0.6214689265536724,0.13157894736842105
chd49,BR_SVM,5,0.706060606060606,0.29393939393939394,0.49545454545454537,0.6136796536796538,0.43674824161639575,0.40787166718539264,0.4001047288341222,0.6353383458646616,0.11818181818181818
chd49,CC_SVM,1,0.7177177177177176,0.2822822822822823,0.5498498498498499,0.6533033033033036,0.5317950603664889,0.5215011930698206,0.5030421736101599,0.6813559322033899,0.1981981981981982
chd49,CC_SVM,2,0.6787878787878787,0.3212121212121212,0.49606060606060615,0.603030303030303,0.35776874092091476,0.4104262739458852,0.35927269248582944,0.6159420289855072,0.16363636363636364
chd49,CC_SVM,3,0.7196969696969697,0.2803030303030303,0.5280303030303031,0.6389393939393939,0.5532257094757095,0.46554855377868565,0.46480207439198157,0.6654611211573237,0.15454545454545454
chd49,CC_SVM,4,0.7076023391812866,0.29239766081871343,0.5285087719298245,0.6423141186299081,0.5023356103077466,0.49343103099287977,0.47001422249718255,0.658703071672355,0.16666666666666666
chd49,CC_SVM,5,0.7075757575757575,0.2924242424242424,0.5125757575757576,0.6249134199134199,0.5142459073493556,0.4453168088941002,0.45050984163569224,0.6484517304189436,0.16363636363636364
chd49,MLC_PA_SVM,1,0.7177177177177176,0.2822822822822823,0.516966966966967,0.6240454740454741,0.5968442230900703,0.44769166926029674,0.4373272310908893,0.6606498194945848,0.18018018018018017
chd49,MLC_PA_SVM,2,0.696969696969697,0.30303030303030304,0.496969696969697,0.6103463203463204,0.5772439706263235,0.39190938057159824,0.3699709647078068,0.6212121212121212,0.15454545454545454
chd49,MLC_PA_SVM,3,0.7090909090909091,0.2909090909090909,0.48121212121212126,0.6002597402597403,0.5839160839160839,0.3562483176684452,0.3455726817609995,0.6190476190476191,0.12727272727272726
chd49,MLC_PA_SVM,4,0.706140350877193,0.29385964912280704,0.48596491228070166,0.6085630743525481,0.49078087375301,0.3867996618216109,0.36208096839470794,0.6214689265536724,0.13157894736842105
chd49,MLC_PA_SVM,5,0.706060606060606,0.29393939393939394,0.49545454545454537,0.6136796536796538,0.43674824161639575,0.40787166718539264,0.4001047288341222,0.6353383458646616,0.11818181818181818
chd49,GSI_MLC_PA_SVM,1,0.7117117117117118,0.2882882882882883,0.49804804804804803,0.6075718575718577,0.6000470754992718,0.4420894283639382,0.4498913314949058,0.6470588235294118,0.15315315315315314
chd49,GSI_MLC_PA_SVM,2,0.7,0.3,0.5040909090909091,0.6131601731601732,0.406529345745032,0.4066775755772632,0.3901616076775312,0.6264150943396226,0.17272727272727273
chd49,GSI_MLC_PA_SVM,3,0.7257575757575758,0.27424242424242423,0.5289393939393939,0.640822510822511,0.5424470266575531,0.46280305013624584,0.45890169816550186,0.6750448833034112,0.13636363636363635
chd49,GSI_MLC_PA_SVM,4,0.7192982456140351,0.2807017543859649,0.5140350877192982,0.628404344193818,0.613765565625442,0.4522379741360079,0.445052948576976,0.6559139784946236,0.16666666666666666
chd49,GSI_MLC_PA_SVM,5,0.7045454545454546,0.29545454545454547,0.4821212121212121,0.5982251082251082,0.4433932394045206,0.39302572881004255,0.3988055040423981,0.6242774566473989,0.12727272727272726
chd49,GSI_MLC_PA_v3_1_SVM,1,0.7057057057057057,0.29429429429429427,0.49729729729729727,0.6063706563706565,0.5223637124950277,0.4439568419960576,0.44550642741610447,0.6462093862815884,0.15315315315315314
chd49,GSI_MLC_PA_v3_1_SVM,2,0.693939393939394,0.30606060606060603,0.4934848484848485,0.6094372294372296,0.40964359714359716,0.3951438819193071,0.36563363537047744,0.6188679245283019,0.14545454545454545
chd49,GSI_MLC_PA_v3_1_SVM,3,0.7196969696969697,0.2803030303030303,0.5107575757575757,0.6277056277056278,0.5507466217992533,0.4240433602137652,0.4089070068664627,0.6580406654343808,0.10909090909090909
chd49,GSI_MLC_PA_v3_1_SVM,4,0.7105263157894737,0.2894736842105263,0.516812865497076,0.6354010025062656,0.5322111338002913,0.47500540062014496,0.46015338916679566,0.65625,0.14912280701754385
chd49,GSI_MLC_PA_v3_1_SVM,5,0.7196969696969697,0.2803030303030303,0.5249999999999999,0.642770562770563,0.44506026207675387,0.45637254901960783,0.4411203121834493,0.663023679417122,0.13636363636363635
chd49,BR_MLP,1,0.6981981981981982,0.30180180180180183,0.5217717717717717,0.6286786786786788,0.5135904211729367,0.5314166407303662,0.5074020576320738,0.6677685950413224,0.15315315315315314
chd49,BR_MLP,2,0.7090909090909091,0.2909090909090909,0.5453030303030303,0.6546103896103898,0.4980695966093706,0.5052100495454153,0.48293185612026196,0.673469387755102,0.16363636363636364
chd49,BR_MLP,3,0.6954545454545454,0.30454545454545456,0.5054545454545455,0.6210606060606063,0.49177677826760396,0.4798131582602326,0.4696827213427281,0.6528497409326425,0.12727272727272726
chd49,BR_MLP,4,0.7032163742690059,0.29678362573099415,0.5166666666666667,0.6416109718741297,0.5023610613836179,0.5068942035528393,0.4816457958581246,0.6599664991624791,0.10526315789473684
chd49,BR_MLP,5,0.693939393939394,0.30606060606060603,0.5175757575757576,0.6357792207792209,0.5003061026116359,0.5141355853280157,0.49887830098392244,0.6587837837837838,0.13636363636363635
chd49,CC_MLP,1,0.7117117117117118,0.2882882882882883,0.5256756756756756,0.6340697840697842,0.5088263679812975,0.5267999792509597,0.5129310562538979,0.673469387755102,0.18018018018018017
chd49,CC_MLP,2,0.696969696969697,0.30303030303030304,0.5260606060606061,0.6316955266955268,0.47231155137972164,0.49494291845480176,0.4767145534035369,0.658703071672355,0.2
chd49,CC_MLP,3,0.6863636363636363,0.31363636363636366,0.49196969696969706,0.6114574314574315,0.4706986062596788,0.4858368270520143,0.47181545593878776,0.6449399656946827,0.1
chd49,CC_MLP,4,0.7105263157894737,0.2894736842105263,0.5228070175438596,0.6465329991645782,0.5113844586213008,0.5187093992468624,0.5063055539999483,0.6632653061224489,0.13157894736842105
chd49,CC_MLP,5,0.7227272727272727,0.2772727272727273,0.5493939393939393,0.6556565656565655,0.5233250295750296,0.5228797979139976,0.5160440866280904,0.685025817555938,0.22727272727272727
chd49,MLC_PA_MLP,1,0.6981981981981982,0.30180180180180183,0.5217717717717717,0.6286786786786788,0.5135904211729367,0.5314166407303662,0.5074020576320738,0.6677685950413224,0.15315315315315314
chd49,MLC_PA_MLP,2,0.7090909090909091,0.2909090909090909,0.5453030303030303,0.6546103896103898,0.4980695966093706,0.5052100495454153,0.48293185612026196,0.673469387755102,0.16363636363636364
chd49,MLC_PA_MLP,3,0.6954545454545454,0.30454545454545456,0.5054545454545455,0.6210606060606063,0.49177677826760396,0.4798131582602326,0.4696827213427281,0.6528497409326425,0.12727272727272726
chd49,MLC_PA_MLP,4,0.7032163742690059,0.29678362573099415,0.5166666666666667,0.6416109718741297,0.5023610613836179,0.5068942035528393,0.4816457958581246,0.6599664991624791,0.10526315789473684
chd49,MLC_PA_MLP,5,0.693939393939394,0.30606060606060603,0.5175757575757576,0.6357792207792209,0.5003061026116359,0.5141355853280157,0.49887830098392244,0.6587837837837838,0.13636363636363635
chd49,GSI_MLC_PA_MLP,1,0.7072072072072072,0.2927927927927928,0.5340840840840841,0.6419347919347921,0.5273308876198001,0.5384713144517067,0.5169881354058107,0.6766169154228856,0.18018018018018017
chd49,GSI_MLC_PA_MLP,2,0.7015151515151515,0.29848484848484846,0.5407575757575758,0.6473665223665225,0.46799316683805126,0.5168128828683013,0.47934251433595293,0.6733001658374793,0.2
chd49,GSI_MLC_PA_MLP,3,0.6909090909090909,0.3090909090909091,0.4922727272727273,0.6097402597402597,0.49109364319890636,0.46265629551513454,0.4621673749098559,0.6408450704225352,0.10909090909090909
chd49,GSI_MLC_PA_MLP,4,0.695906432748538,0.30409356725146197,0.49853801169590645,0.6233500417710943,0.5003202450570872,0.47704345728418246,0.4692772120609694,0.6401384083044983,0.11403508771929824
chd49,GSI_MLC_PA_MLP,5,0.693939393939394,0.30606060606060603,0.5106060606060606,0.6253463203463202,0.5004263868847202,0.489669450898361,0.4890618130490823,0.6480836236933798,0.16363636363636364
chd49,GSI_MLC_PA_v3_1_MLP,1,0.6861861861861862,0.3138138138138138,0.5057057057057057,0.6186186186186187,0.47668729335396004,0.5229510322647578,0.4917590990392626,0.6556836902800659,0.13513513513513514
chd49,GSI_MLC_PA_v3_1_MLP,2,0.6909090909090909,0.3090909090909091,0.53,0.6415440115440115,0.455341115276686,0.5119862045005962,0.47317250145119,0.6633663366336634,0.17272727272727273
chd49,GSI_MLC_PA_v3_1_MLP,3,0.7106060606060607,0.28939393939393937,0.5263636363636364,0.6396103896103897,0.506364468864469,0.49868108278853446,0.4863170206614434,0.6712564543889845,0.12727272727272726
chd49,GSI_MLC_PA_v3_1_MLP,4,0.7046783625730995,0.2953216374269006,0.5222222222222223,0.6413185742133111,0.5031018021243586,0.5007213640466665,0.47879679300912176,0.6587837837837838,0.14035087719298245
chd49,GSI_MLC_PA_v3_1_MLP,5,0.7,0.3,0.5243939393939394,0.6315007215007215,0.502534925175144,0.504347225539656,0.493065059845696,0.6621160409556314,0.18181818181818182
music,BR_Logistic,1,0.803921568627451,0.19607843137254902,0.47366946778711483,0.5473389355742296,0.8128484277853865,0.525142557108451,0.5872624377030783,0.631578947368421,0.24369747899159663
music,BR_Logistic,2,0.792022792022792,0.20797720797720798,0.4992877492877493,0.5672364672364673,0.6559259259259259,0.5614408587304202,0.5929062155588762,0.635,0.2905982905982906
music,BR_Logistic,3,0.8177966101694916,0.18220338983050846,0.5261299435028247,0.6045197740112994,0.744079860021889,0.5809856258714253,0.6374012930386663,0.6734177215189874,0.2796610169491525
music,BR_Logistic,4,0.8067226890756303,0.19327731092436976,0.5056022408963585,0.5789915966386555,0.7438421917588584,0.5619870864063141,0.6138917881455194,0.6479591836734694,0.2773109243697479
music,BR_Logistic,5,0.8011204481792717,0.19887955182072828,0.4677871148459384,0.5492997198879551,0.7189362690449647,0.5349334875650665,0.6022418624525095,0.6302083333333334,0.21008403361344538
music,CC_Logistic,1,0.7913165266106442,0.20868347338935575,0.542296918767507,0.6215686274509804,0.6841978411870886,0.6155920677348775,0.6013392307688709,0.6526806526806527,0.29411764705882354
music,CC_Logistic,2,0.7678062678062678,0.23219373219373218,0.5035612535612536,0.5871794871794871,0.6055263867894525,0.5904148087570017,0.5795877190297042,0.62004662004662,0.26495726495726496
music,CC_Logistic,3,0.786723163841808,0.2132768361581921,0.5233050847457628,0.6090395480225989,0.6598153308679625,0.615586851634518,0.6128008867139302,0.6496519721577726,0.2711864406779661
music,CC_Logistic,4,0.7899159663865546,0.21008403361344538,0.5570028011204482,0.6341736694677871,0.6579901142401142,0.6526056528467642,0.6177281309831962,0.6606334841628959,0.3277310924369748
music,CC_Logistic,5,0.7815126050420168,0.2184873949579832,0.5163865546218487,0.6000000000000001,0.6480866355866356,0.6111163690111059,0.6039309996458484,0.6372093023255814,0.2605042016806723
music,MLC_PA_Logistic,1,0.803921568627451,0.19607843137254902,0.47366946778711483,0.5473389355742296,0.8128484277853865,0.525142557108451,0.5872624377030783,0.631578947368421,0.24369747899159663
music,MLC_PA_Logistic,2,0.792022792022792,0.20797720797720798,0.4992877492877493,0.5672364672364673,0.6559259259259259,0.5614408587304202,0.5929062155588762,0.635,0.2905982905982906
music,MLC_PA_Logistic,3,0.8177966101694916,0.18220338983050846,0.5261299435028247,0.6045197740112994,0.744079860021889,0.5809856258714253,0.6374012930386663,0.6734177215189874,0.2796610169491525
music,MLC_PA_Logistic,4,0.8067226890756303,0.19327731092436976,0.5056022408963585,0.5789915966386555,0.7438421917588584,0.5619870864063141,0.6138917881455194,0.6479591836734694,0.2773109243697479
music,MLC_PA_Logistic,5,0.8011204481792717,0.19887955182072828,0.4677871148459384,0.5492997198879551,0.7189362690449647,0.5349334875650665,0.6022418624525095,0.6302083333333334,0.21008403361344538
music,GSI_MLC_PA_Logistic,1,0.8067226890756303,0.19327731092436976,0.48627450980392156,0.5557422969187675,0.8234476511744128,0.5266197517598964,0.5855992899928544,0.6349206349206349,0.2689075630252101
music,GSI_MLC_PA_Logistic,2,0.7891737891737891,0.21082621082621084,0.49643874643874647,0.5621082621082623,0.6579779440417738,0.5396435291639451,0.5736019151202689,0.6224489795918368,0.29914529914529914
music,GSI_MLC_PA_Logistic,3,0.8220338983050848,0.17796610169491525,0.5296610169491525,0.6042372881355931,0.7838063171396504,0.5811341701376166,0.6472658112365178,0.6785714285714286,0.2966101694915254
music,GSI_MLC_PA_Logistic,4,0.8053221288515406,0.19467787114845939,0.5014005602240896,0.5775910364145659,0.7597137339784399,0.5590664402195651,0.6220201874319251,0.6445012787723785,0.2689075630252101
music,GSI_MLC_PA_Logistic,5,0.8025210084033614,0.19747899159663865,0.46498599439775906,0.5431372549019607,0.7307073486351933,0.5332851359167149,0.6039505701270408,0.6299212598425197,0.226890756302521
music,GSI_MLC_PA_v3_1_Logistic,1,0.8067226890756303,0.19327731092436976,0.4764705882352941,0.5473389355742296,0.8240390882601027,0.5219979030204006,0.5892035969859152,0.6329787234042553,0.25210084033613445
music,GSI_MLC_PA_v3_1_Logistic,2,0.792022792022792,0.20797720797720798,0.4992877492877493,0.5672364672364673,0.6559259259259259,0.5614408587304202,0.5929062155588762,0.635,0.2905982905982906
music,GSI_MLC_PA_v3_1_Logistic,3,0.8192090395480226,0.1807909604519774,0.5268361581920903,0.6129943502824858,0.7731096023171551,0.5743263583908481,0.6364939112176474,0.673469387755102,0.2627118644067797
music,GSI_MLC_PA_v3_1_Logistic,4,0.8053221288515406,0.19467787114845939,0.5098039215686275,0.5871148459383754,0.7473016952183619,0.5645836633742791,0.6196532752211165,0.6481012658227848,0.2689075630252101
music,GSI_MLC_PA_v3_1_Logistic,5,0.7983193277310925,0.20168067226890757,0.46078431372549017,0.5439775910364145,0.7148464578899362,0.5251210777526567,0.5939299084801232,0.6230366492146597,0.20168067226890757
music,BR_SVM,1,0.8053221288515406,0.19467787114845939,0.47507002801120446,0.5369747899159664,0.8379461912356648,0.4894126318129896,0.5688568681361986,0.6170798898071626,0.2689075630252101
music,BR_SVM,2,0.7792022792022792,0.2207977207977208,0.44871794871794873,0.5236467236467236,0.6351679578128854,0.5043976773400222,0.5549989850491104,0.5953002610966057,0.2222222222222222
music,BR_SVM,3,0.8050847457627118,0.19491525423728814,0.4774011299435027,0.5499999999999998,0.8068354437291485,0.5124989010379513,0.5643269836731432,0.6329787234042553,0.2542372881355932
music,BR_SVM,4,0.803921568627451,0.19607843137254902,0.4824929971988796,0.557422969187675,0.7289236199846666,0.5177747127917437,0.5832296582296582,0.6256684491978609,0.25210084033613445
music,BR_SVM,5,0.7969187675070029,0.2030812324929972,0.4362745098039216,0.5173669467787113,0.6817202050381774,0.5031458307774098,0.5606102601764424,0.6133333333333333,0.19327731092436976
music,CC_SVM,1,0.7927170868347339,0.20728291316526612,0.5247899159663866,0.5955182072829133,0.7756827497306061,0.5633989533902113,0.5788969188534194,0.6354679802955665,0.3025210084033613
music,CC_SVM,2,0.7663817663817664,0.2336182336182336,0.5021367521367521,0.5789173789173789,0.5857383218767974,0.5665695449736573,0.5606554655844002,0.6095238095238096,0.28205128205128205
music,CC_SVM,3,0.7838983050847458,0.21610169491525424,0.49999999999999994,0.5754237288135593,0.7376996097584333,0.5794975870038666,0.5639809913327033,0.6313253012048192,0.2711864406779661
music,CC_SVM,4,0.7829131652661064,0.21708683473389356,0.5289915966386555,0.6061624649859945,0.6412041522794212,0.6093054202759893,0.5908188693465991,0.6370023419203747,0.29411764705882354
music,CC_SVM,5,0.7675070028011204,0.23249299719887956,0.47507002801120446,0.5543417366946779,0.5482434640522876,0.5547100560258456,0.5396917785489438,0.6009615384615384,0.226890756302521
music,MLC_PA_SVM,1,0.8053221288515406,0.19467787114845939,0.47507002801120446,0.5369747899159664,0.8379461912356648,0.4894126318129896,0.5688568681361986,0.6170798898071626,0.2689075630252101
music,MLC_PA_SVM,2,0.7792022792022792,0.2207977207977208,0.44871794871794873,0.5236467236467236,0.6351679578128854,0.5043976773400222,0.5549989850491104,0.5953002610966057,0.2222222222222222
music,MLC_PA_SVM,3,0.8050847457627118,0.19491525423728814,0.4774011299435027,0.5499999999999998,0.8068354437291485,0.5124989010379513,0.5643269836731432,0.6329787234042553,0.2542372881355932
music,MLC_PA_SVM,4,0.803921568627451,0.19607843137254902,0.4824929971988796,0.557422969187675,0.7289236199846666,0.5177747127917437,0.5832296582296582,0.6256684491978609,0.25210084033613445
music,MLC_PA_SVM,5,0.7969187675070029,0.2030812324929972,0.4362745098039216,0.5173669467787113,0.6817202050381774,0.5031458307774098,0.5606102601764424,0.6133333333333333,0.19327731092436976
music,GSI_MLC_PA_SVM,1,0.8025210084033614,0.19747899159663865,0.4715686274509803,0.534453781512605,0.7865392648287385,0.48969274385780753,0.575519357693425,0.6136986301369863,0.2605042016806723
music,GSI_MLC_PA_SVM,2,0.7777777777777778,0.2222222222222222,0.4515669515669516,0.5282051282051282,0.6325329116995784,0.4994957165557084,0.5506130201368297,0.5916230366492147,0.2222222222222222
music,GSI_MLC_PA_SVM,3,0.8135593220338984,0.1864406779661017,0.5204802259887006,0.5943502824858757,0.7693577253690772,0.5583208980983384,0.6283928447593617,0.6597938144329897,0.2966101694915254
music,GSI_MLC_PA_SVM,4,0.7997198879551821,0.20028011204481794,0.4852941176470589,0.5719887955182074,0.7282776251526251,0.5401711842448188,0.6119859245459794,0.6285714285714286,0.2184873949579832
music,GSI_MLC_PA_SVM,5,0.788515406162465,0.211484593837535,0.44047619047619047,0.5257703081232492,0.6768649295946667,0.5090621366937156,0.5724763294893203,0.6057441253263708,0.18487394957983194
music,GSI_MLC_PA_v3_1_SVM,1,0.8109243697478992,0.18907563025210083,0.48627450980392156,0.5467787114845939,0.845089048378522,0.5041185141659307,0.5968697575024713,0.6301369863013698,0.2857142857142857
music,GSI_MLC_PA_v3_1_SVM,2,0.7891737891737891,0.21082621082621084,0.48860398860398857,0.5638176638176638,0.6815599050045713,0.5251739605294136,0.5814351230223332,0.616580310880829,0.26495726495726496
music,GSI_MLC_PA_v3_1_SVM,3,0.8135593220338984,0.1864406779661017,0.5155367231638417,0.5858757062146892,0.765828235692955,0.5564977126838216,0.6315865476242835,0.6597938144329897,0.3050847457627119
music,GSI_MLC_PA_v3_1_SVM,4,0.8081232492997199,0.19187675070028012,0.5021008403361346,0.5798319327731093,0.7512793892154357,0.5484751993745832,0.6245245763361705,0.6422976501305483,0.2605042016806723
music,GSI_MLC_PA_v3_1_SVM,5,0.7969187675070029,0.2030812324929972,0.4628851540616246,0.5428571428571429,0.700215102997361,0.528398356029935,0.595125314518756,0.6233766233766234,0.226890756302521
music,BR_MLP,1,0.773109243697479,0.226890756302521,0.3445378151260504,0.4095238095238095,0.8364280722771289,0.3591532986854982,0.4455064529834167,0.5120481927710844,0.15126050420168066
music,BR_MLP,2,0.7663817663817664,0.2336182336182336,0.34472934472934474,0.394017094017094,0.6253484757124176,0.3773827414869532,0.460180420499114,0.514792899408284,0.19658119658119658
music,BR_MLP,3,0.7584745762711864,0.24152542372881355,0.3255649717514124,0.3847457627118644,0.7717171717171718,0.35160472060991954,0.4168552609208518,0.49557522123893805,0.1440677966101695
music,BR_MLP,4,0.76890756302521,0.23109243697478993,0.3515406162464986,0.41008403361344536,0.7384920634920635,0.35642789294670346,0.4361033787248106,0.5074626865671642,0.18487394957983194
music,BR_MLP,5,0.7815126050420168,0.2184873949579832,0.34593837535014005,0.4114845938375349,0.8647630147630148,0.3862894415525995,0.46787227464917075,0.5357142857142857,0.14285714285714285
music,CC_MLP,1,0.7675070028011204,0.23249299719887956,0.4218487394957983,0.4789915966386555,0.5684933567553404,0.47562868862231733,0.5114499388689729,0.5699481865284974,0.24369747899159663
music,CC_MLP,2,0.7578347578347578,0.24216524216524216,0.40384615384615385,0.46459096459096455,0.5930012473878704,0.5060748261869823,0.5322479286826219,0.5707070707070707,0.20512820512820512
music,CC_MLP,3,0.7387005649717514,0.2612994350282486,0.3757062146892655,0.42788539144471344,0.5682299973418394,0.45359730844280177,0.4865448081055335,0.5292620865139949,0.211864406779661
music,CC_MLP,4,0.7703081232492998,0.22969187675070027,0.45784313725490206,0.5193277310924369,0.6166225749559083,0.5577419429824803,0.5498030676413448,0.6057692307692307,0.2773109243697479
music,CC_MLP,5,0.7773109243697479,0.22268907563025211,0.40196078431372545,0.46610644257703077,0.756363145019059,0.4769205940258572,0.5325199047119566,0.576,0.20168067226890757
music,MLC_PA_MLP,1,0.773109243697479,0.226890756302521,0.3445378151260504,0.4095238095238095,0.8364280722771289,0.3591532986854982,0.4455064529834167,0.5120481927710844,0.15126050420168066
music,MLC_PA_MLP,2,0.7663817663817664,0.2336182336182336,0.34472934472934474,0.394017094017094,0.6253484757124176,0.3773827414869532,0.460180420499114,0.514792899408284,0.19658119658119658
music,MLC_PA_MLP,3,0.7584745762711864,0.24152542372881355,0.3255649717514124,0.3847457627118644,0.7717171717171718,0.35160472060991954,0.4168552609208518,0.49557522123893805,0.1440677966101695
music,MLC_PA_MLP,4,0.76890756302521,0.23109243697478993,0.3515406162464986,0.41008403361344536,0.7384920634920635,0.35642789294670346,0.4361033787248106,0.5074626865671642,0.18487394957983194
music,MLC_PA_MLP,5,0.7815126050420168,0.2184873949579832,0.34593837535014005,0.4114845938375349,0.8647630147630148,0.3862894415525995,0.46787227464917075,0.5357142857142857,0.14285714285714285
music,GSI_MLC_PA_MLP,1,0.7647058823529411,0.23529411764705882,0.3522408963585434,0.42577030812324923,0.700746855345912,0.3845972330650577,0.47283202674559943,0.5227272727272727,0.12605042016806722
music,GSI_MLC_PA_MLP,2,0.7621082621082621,0.2378917378917379,0.3725071225071225,0.4279202279202279,0.5804043133121147,0.4279894275425557,0.490925970581143,0.5399449035812672,0.20512820512820512
music,GSI_MLC_PA_MLP,3,0.768361581920904,0.23163841807909605,0.41454802259887,0.48757062146892655,0.6613123993558777,0.4873272711931513,0.5484044307053156,0.5773195876288659,0.19491525423728814
music,GSI_MLC_PA_MLP,4,0.7857142857142857,0.21428571428571427,0.4495798319327731,0.5173669467787114,0.7101190476190476,0.4833592551721833,0.556335268572586,0.5941644562334217,0.25210084033613445
music,GSI_MLC_PA_MLP,5,0.7815126050420168,0.2184873949579832,0.36344537815126043,0.42661064425770295,0.7950645213999251,0.43819513819513817,0.5079997297622832,0.5617977528089888,0.15966386554621848
music,GSI_MLC_PA_v3_1_MLP,1,0.757703081232493,0.242296918767507,0.3480392156862745,0.4215686274509804,0.6167620901111467,0.38713273002246135,0.45991200624537193,0.5154061624649859,0.13445378151260504
music,GSI_MLC_PA_v3_1_MLP,2,0.7621082621082621,0.2378917378917379,0.36894586894586895,0.43589743589743585,0.6212880825866886,0.4423278582896551,0.5105000803508267,0.5474254742547425,0.1623931623931624
music,GSI_MLC_PA_v3_1_MLP,3,0.768361581920904,0.23163841807909605,0.4159604519774011,0.48260694108151736,0.659001670843776,0.47114376429757,0.5303505709847893,0.5706806282722513,0.2033898305084746
music,GSI_MLC_PA_v3_1_MLP,4,0.7815126050420168,0.2184873949579832,0.4502801120448179,0.5210084033613446,0.6913103740906945,0.4956301467534197,0.5513594144717565,0.5958549222797928,0.25210084033613445
music,GSI_MLC_PA_v3_1_MLP,5,0.76890756302521,0.23109243697478993,0.3662464985994397,0.4279311724689875,0.682112530326816,0.44642010036746876,0.5227053989436975,0.5504087193460491,0.16806722689075632
emotions,BR_Logistic,1,0.8114754098360656,0.1885245901639344,0.5047814207650273,0.5685792349726776,0.7269035249427406,0.5557807468929614,0.6111172188011763,0.6479591836734694,0.29508196721311475
emotions,BR_Logistic,2,0.7969187675070029,0.2030812324929972,0.4481792717086835,0.5142857142857142,0.7445689666084404,0.5056979670863518,0.5903093203093203,0.6070460704607046,0.24369747899159663
emotions,BR_Logistic,3,0.7926829268292683,0.2073170731707317,0.45799457994579945,0.5363143631436316,0.6337012987012988,0.5451540377580409,0.5742504226103112,0.6184538653366584,0.21138211382113822
emotions,BR_Logistic,4,0.7986111111111112,0.2013888888888889,0.46944444444444444,0.5438888888888889,0.7363181553045598,0.5343888595129905,0.6032960188532944,0.6253229974160207,0.24166666666666667
emotions,BR_Logistic,5,0.7935779816513762,0.20642201834862386,0.49006116207951067,0.5642201834862385,0.7499873043276342,0.5282374452594675,0.6069701813350067,0.6456692913385826,0.26605504587155965
emotions,CC_Logistic,1,0.7827868852459017,0.21721311475409835,0.5273224043715846,0.594808743169399,0.6449762280391084,0.60235213281244,0.5907550407550407,0.6327944572748267,0.3114754098360656
emotions,CC_Logistic,2,0.7801120448179272,0.21988795518207283,0.5289915966386555,0.6008403361344539,0.635802893747809,0.617851013676785,0.6039173957071541,0.634032634032634,0.31092436974789917
emotions,CC_Logistic,3,0.7615176151761518,0.23848238482384823,0.475609756097561,0.5588075880758806,0.5551111259156478,0.583139619009725,0.5560457900544787,0.6,0.21951219512195122
emotions,CC_Logistic,4,0.7819444444444444,0.21805555555555556,0.5252777777777778,0.6080555555555556,0.6696673353020103,0.6097012155047087,0.6084556298111286,0.6374133949191686,0.2833333333333333
emotions,CC_Logistic,5,0.7737003058103975,0.22629969418960244,0.531651376146789,0.6162079510703365,0.6656288421165567,0.5995996743616347,0.6067737361901421,0.6509433962264151,0.29357798165137616
emotions,MLC_PA_Logistic,1,0.8114754098360656,0.1885245901639344,0.5047814207650273,0.5685792349726776,0.7269035249427406,0.5557807468929614,0.6111172188011763,0.6479591836734694,0.29508196721311475
emotions,MLC_PA_Logistic,2,0.7969187675070029,0.2030812324929972,0.4481792717086835,0.5142857142857142,0.7445689666084404,0.5056979670863518,0.5903093203093203,0.6070460704607046,0.24369747899159663
emotions,MLC_PA_Logistic,3,0.7926829268292683,0.2073170731707317,0.45799457994579945,0.5363143631436316,0.6337012987012988,0.5451540377580409,0.5742504226103112,0.6184538653366584,0.21138211382113822
emotions,MLC_PA_Logistic,4,0.7986111111111112,0.2013888888888889,0.46944444444444444,0.5438888888888889,0.7363181553045598,0.5343888595129905,0.6032960188532944,0.6253229974160207,0.24166666666666667
emotions,MLC_PA_Logistic,5,0.7935779816513762,0.20642201834862386,0.49006116207951067,0.5642201834862385,0.7499873043276342,0.5282374452594675,0.6069701813350067,0.6456692913385826,0.26605504587155965
emotions,GSI_MLC_PA_Logistic,1,0.8128415300546448,0.1871584699453552,0.5047814207650273,0.5726775956284152,0.764945054945055,0.5545419437673658,0.6159443663680951,0.6478149100257069,0.28688524590163933
emotions,GSI_MLC_PA_Logistic,2,0.7983193277310925,0.20168067226890757,0.45938375350140054,0.5198879551820728,0.7789953102453103,0.5113256727140575,0.5993733517310752,0.6108108108108108,0.2689075630252101
emotions,GSI_MLC_PA_Logistic,3,0.7994579945799458,0.2005420054200542,0.456639566395664,0.5262872628726287,0.688038178038178,0.5272845640062144,0.5751188053074846,0.6185567010309279,0.24390243902439024
emotions,GSI_MLC_PA_Logistic,4,0.7958333333333334,0.20416666666666666,0.4527777777777778,0.5330555555555556,0.7409053043844933,0.519814544938676,0.5880736987611576,0.6161879895561357,0.20833333333333334
emotions,GSI_MLC_PA_Logistic,5,0.7859327217125383,0.21406727828746178,0.4694189602446483,0.5391437308868502,0.7515423864470087,0.5091396174490981,0.5865376050446162,0.6276595744680851,0.25688073394495414
emotions,GSI_MLC_PA_v3_1_Logistic,1,0.8114754098360656,0.1885245901639344,0.508879781420765,0.5781420765027322,0.7600610500610502,0.5589279086796465,0.6154032408269696,0.6479591836734694,0.28688524590163933
emotions,GSI_MLC_PA_v3_1_Logistic,2,0.8067226890756303,0.19327731092436976,0.46918767507002807,0.5352941176470588,0.8001245221639959,0.5265966086746486,0.6176263429093617,0.6270270270270271,0.2605042016806723
emotions,GSI_MLC_PA_v3_1_Logistic,3,0.7994579945799458,0.2005420054200542,0.4830623306233062,0.5588075880758807,0.6686834733893557,0.5514433459341416,0.586737556309093,0.63,0.24390243902439024
emotions,GSI_MLC_PA_v3_1_Logistic,4,0.8,0.2,0.4708333333333333,0.5455555555555556,0.7427340633222986,0.5339602032019813,0.6023055375996553,0.6269430051813472,0.24166666666666667
emotions,GSI_MLC_PA_v3_1_Logistic,5,0.7966360856269113,0.20336391437308868,0.48929663608562685,0.5648318042813456,0.7691645843744794,0.5288910400307094,0.6054141682388444,0.6490765171503958,0.25688073394495414
emotions,BR_SVM,1,0.8114754098360656,0.1885245901639344,0.5259562841530055,0.5890710382513661,0.721218487394958,0.5426068028848565,0.597602612390748,0.6424870466321243,0.32786885245901637
emotions,BR_SVM,2,0.7927170868347339,0.20728291316526612,0.44537815126050423,0.5131652661064425,0.6543827160493827,0.4757918125431737,0.5472967449301249,0.5888888888888889,0.23529411764705882
emotions,BR_SVM,3,0.7994579945799458,0.2005420054200542,0.486449864498645,0.5628726287262873,0.6285058895353013,0.5462460388500421,0.5754488038510298,0.6262626262626263,0.25203252032520324
emotions,BR_SVM,4,0.7944444444444445,0.20555555555555555,0.4631944444444444,0.5433333333333333,0.7085987088969089,0.5119856362393894,0.5779402789841044,0.6145833333333334,0.225
emotions,BR_SVM,5,0.7828746177370031,0.21712538226299694,0.44954128440366975,0.5324159021406728,0.7308080808080808,0.4950813493222513,0.5648692244675182,0.6162162162162163,0.2018348623853211
emotions,CC_SVM,1,0.7814207650273224,0.2185792349726776,0.5286885245901639,0.5967213114754099,0.6360783424077435,0.5871372466413065,0.576146178239184,0.6244131455399061,0.319672131147541
emotions,CC_SVM,2,0.7591036414565826,0.24089635854341737,0.47647058823529415,0.5501400560224089,0.5351338880824138,0.5322944699986443,0.5270942400579857,0.5784313725490197,0.25210084033613445
emotions,CC_SVM,3,0.7791327913279132,0.22086720867208673,0.497289972899729,0.5772357723577236,0.5762716977629259,0.5907925964089613,0.5698511055867169,0.62004662004662,0.25203252032520324
emotions,CC_SVM,4,0.7777777777777778,0.2222222222222222,0.5023611111111111,0.5875,0.6430627548552077,0.5723634077626718,0.5721042935234072,0.6208530805687204,0.25
emotions,CC_SVM,5,0.7675840978593272,0.2324159021406728,0.49954128440366974,0.5859327217125382,0.6590533794162826,0.5547531889286665,0.5637931304885476,0.6274509803921569,0.25688073394495414
emotions,MLC_PA_SVM,1,0.8114754098360656,0.1885245901639344,0.5259562841530055,0.5890710382513661,0.721218487394958,0.5426068028848565,0.597602612390748,0.6424870466321243,0.32786885245901637
emotions,MLC_PA_SVM,2,0.7927170868347339,0.20728291316526612,0.44537815126050423,0.5131652661064425,0.6543827160493827,0.4757918125431737,0.5472967449301249,0.5888888888888889,0.23529411764705882
emotions,MLC_PA_SVM,3,0.7994579945799458,0.2005420054200542,0.486449864498645,0.5628726287262873,0.6285058895353013,0.5462460388500421,0.5754488038510298,0.6262626262626263,0.25203252032520324
emotions,MLC_PA_SVM,4,0.7944444444444445,0.20555555555555555,0.4631944444444444,0.5433333333333333,0.7085987088969089,0.5119856362393894,0.5779402789841044,0.6145833333333334,0.225
emotions,MLC_PA_SVM,5,0.7828746177370031,0.21712538226299694,0.44954128440366975,0.5324159021406728,0.7308080808080808,0.4950813493222513,0.5648692244675182,0.6162162162162163,0.2018348623853211
emotions,GSI_MLC_PA_SVM,1,0.7978142076502732,0.20218579234972678,0.47404371584699456,0.542896174863388,0.7047291235334714,0.5179619077627139,0.5755224297673475,0.6145833333333334,0.2459016393442623
emotions,GSI_MLC_PA_SVM,2,0.8011204481792717,0.19887955182072828,0.49299719887955185,0.5669467787114846,0.778262924814649,0.523608031412024,0.6132266689058673,0.6182795698924731,0.2605042016806723
emotions,GSI_MLC_PA_SVM,3,0.8035230352303523,0.19647696476964768,0.47696476964769646,0.550948509485095,0.68467832820774,0.5361408756008627,0.5916959688146128,0.6272493573264781,0.25203252032520324
emotions,GSI_MLC_PA_SVM,4,0.7958333333333334,0.20416666666666666,0.4715277777777777,0.5544444444444444,0.7110496892890658,0.5167475410012942,0.5828422397684181,0.6181818181818182,0.225
emotions,GSI_MLC_PA_SVM,5,0.7752293577981652,0.22477064220183487,0.46024464831804274,0.5437308868501529,0.7105354233580039,0.49573740121669324,0.5677191523174459,0.608,0.22018348623853212
emotions,GSI_MLC_PA_v3_1_SVM,1,0.8101092896174864,0.18989071038251365,0.5225409836065574,0.5901639344262295,0.7436527978194646,0.5447413559628058,0.6050743447883978,0.6426735218508998,0.30327868852459017
emotions,GSI_MLC_PA_v3_1_SVM,2,0.803921568627451,0.19607843137254902,0.48459383753501406,0.5551820728291316,0.8012026394210302,0.5199172777212704,0.6123036175546038,0.6216216216216216,0.2689075630252101
emotions,GSI_MLC_PA_v3_1_SVM,3,0.8062330623306233,0.1937669376693767,0.49661246612466126,0.573170731707317,0.6823062558356675,0.5563470489510521,0.5956682736467708,0.6379746835443038,0.2601626016260163
emotions,GSI_MLC_PA_v3_1_SVM,4,0.7958333333333334,0.20416666666666666,0.4625,0.538611111111111,0.7160795911328733,0.504752105771441,0.5813430841411901,0.6121372031662269,0.23333333333333334
emotions,GSI_MLC_PA_v3_1_SVM,5,0.7859327217125383,0.21406727828746178,0.47247706422018343,0.5535168195718654,0.7407407407407408,0.5178338465475565,0.5965086550606084,0.6296296296296297,0.22935779816513763
emotions,BR_MLP,1,0.773224043715847,0.226775956284153,0.3613387978142077,0.41338797814207645,0.6455644936037092,0.37413238052586145,0.46109140282347433,0.5146198830409356,0.20491803278688525
emotions,BR_MLP,2,0.7647058823529411,0.23529411764705882,0.29831932773109243,0.34425770308123244,0.8375973619876058,0.31851143411941957,0.42683934468853196,0.46496815286624205,0.15966386554621848
emotions,BR_MLP,3,0.7859078590785908,0.2140921409214092,0.3861788617886179,0.45013550135501357,0.643605377437304,0.40301569700896117,0.4819383970327366,0.5459770114942529,0.2032520325203252
emotions,BR_MLP,4,0.7625,0.2375,0.2916666666666667,0.3530555555555555,0.6762896825396826,0.2984579002074183,0.3923735780171424,0.4605678233438486,0.11666666666666667
emotions,BR_MLP,5,0.746177370030581,0.25382262996941896,0.33333333333333337,0.3917431192660551,0.76009117217869,0.3333066758646524,0.4432086825703847,0.4876543209876543,0.1559633027522936
emotions,CC_MLP,1,0.75,0.25,0.333879781420765,0.3896174863387978,0.6133274815302465,0.4612207122926207,0.48605798050445476,0.5319693094629157,0.16393442622950818
emotions,CC_MLP,2,0.7563025210084033,0.24369747899159663,0.35294117647058826,0.4128851540616246,0.6136945812807882,0.4506667410024942,0.4884615687810507,0.5372340425531915,0.15966386554621848
emotions,CC_MLP,3,0.7588075880758808,0.24119241192411925,0.3875338753387534,0.45683313975996903,0.5618863049095607,0.5077761665652515,0.5247019457996317,0.5594059405940595,0.16260162601626016
emotions,CC_MLP,4,0.7527777777777778,0.24722222222222223,0.35305555555555557,0.4058333333333334,0.5668250058644148,0.4416126794974858,0.4884535906470104,0.5291005291005291,0.18333333333333332
emotions,CC_MLP,5,0.7706422018348624,0.22935779816513763,0.4307339449541285,0.4873743993010048,0.6888668430335096,0.5215485532180432,0.5532606001763531,0.6134020618556701,0.25688073394495414
emotions,MLC_PA_MLP,1,0.773224043715847,0.226775956284153,0.3613387978142077,0.41338797814207645,0.6455644936037092,0.37413238052586145,0.46109140282347433,0.5146198830409356,0.20491803278688525
emotions,MLC_PA_MLP,2,0.7647058823529411,0.23529411764705882,0.29831932773109243,0.34425770308123244,0.8375973619876058,0.31851143411941957,0.42683934468853196,0.46496815286624205,0.15966386554621848
emotions,MLC_PA_MLP,3,0.7859078590785908,0.2140921409214092,0.3861788617886179,0.45013550135501357,0.643605377437304,0.40301569700896117,0.4819383970327366,0.5459770114942529,0.2032520325203252
emotions,MLC_PA_MLP,4,0.7625,0.2375,0.2916666666666667,0.3530555555555555,0.6762896825396826,0.2984579002074183,0.3923735780171424,0.4605678233438486,0.11666666666666667
emotions,MLC_PA_MLP,5,0.746177370030581,0.25382262996941896,0.33333333333333337,0.3917431192660551,0.76009117217869,0.3333066758646524,0.4432086825703847,0.4876543209876543,0.1559633027522936
emotions,GSI_MLC_PA_MLP,1,0.7581967213114754,0.24180327868852458,0.2903005464480874,0.34125683060109296,0.6497741874527588,0.3960785788842334,0.4644721497747945,0.5042016806722689,0.13114754098360656
emotions,GSI_MLC_PA_MLP,2,0.7675070028011204,0.23249299719887956,0.2955182072829132,0.3434173669467787,0.8241385426168034,0.3479101962768025,0.444137075119903,0.4876543209876543,0.14285714285714285
emotions,GSI_MLC_PA_MLP,3,0.7750677506775068,0.22493224932249323,0.3719512195121951,0.4452574525745257,0.6362034941057868,0.44045909652132625,0.5061300384488071,0.5513513513513514,0.13821138211382114
emotions,GSI_MLC_PA_MLP,4,0.7638888888888888,0.2361111111111111,0.32222222222222224,0.3794444444444444,0.6850995860864283,0.37533346702106557,0.46497600703466574,0.5086705202312138,0.14166666666666666
emotions,GSI_MLC_PA_MLP,5,0.7553516819571866,0.24464831804281345,0.3677370030581039,0.4244648318042813,0.7054515745692217,0.4132497818723649,0.500017337332846,0.5454545454545454,0.1834862385321101
emotions,GSI_MLC_PA_v3_1_MLP,1,0.7759562841530054,0.22404371584699453,0.37021857923497264,0.42540983606557375,0.7169727150119307,0.4258336032797157,0.5051452769908017,0.5444444444444444,0.19672131147540983
emotions,GSI_MLC_PA_v3_1_MLP,2,0.7633053221288515,0.23669467787114845,0.3249299719887955,0.3761904761904762,0.7428342991546998,0.36922748052512117,0.4781301629127716,0.49851632047477745,0.16806722689075632
emotions,GSI_MLC_PA_v3_1_MLP,3,0.7723577235772358,0.22764227642276422,0.39227642276422764,0.46476964769647694,0.6132081065795068,0.45818002600696156,0.505608208397947,0.5578947368421052,0.17073170731707318
emotions,GSI_MLC_PA_v3_1_MLP,4,0.7736111111111111,0.2263888888888889,0.3613888888888888,0.42194444444444446,0.7078442390942391,0.41965594880484763,0.5053014445681973,0.5434173669467787,0.16666666666666666
emotions,GSI_MLC_PA_v3_1_MLP,5,0.753822629969419,0.24617737003058104,0.36544342507645255,0.4335517693315858,0.709735286990926,0.41009789549715947,0.5014579614223242,0.5464788732394367,0.1651376146788991
genbase,BR_Logistic,1,0.9980506822612085,0.001949317738791423,0.9699248120300752,0.9752953813104189,0.6666666666666666,0.6543209876543209,0.6592592592592593,0.9784615384615385,0.9473684210526315
genbase,BR_Logistic,2,0.9983164983164983,0.0016835016835016834,0.9842171717171718,0.9895743145743147,0.6666666666666666,0.6481481481481481,0.6543209876543209,0.9817073170731707,0.9621212121212122
genbase,BR_Logistic,3,0.9974747474747475,0.0025252525252525255,0.960858585858586,0.9666666666666667,0.6984126984126985,0.6779541446208113,0.6855031173871753,0.9719626168224299,0.9393939393939394
genbase,BR_Logistic,4,0.9985970819304153,0.0014029180695847362,0.9696969696969697,0.9722222222222221,0.7407407407407407,0.7264550264550265,0.7326185834957765,0.9847094801223242,0.9621212121212122
genbase,BR_Logistic,5,0.9983291562238931,0.001670843776106934,0.9786967418546365,0.9834586466165413,0.6666666666666666,0.6537037037037037,0.65942634363687,0.9815950920245399,0.9624060150375939
genbase,CC_Logistic,1,0.9980506822612085,0.001949317738791423,0.9699248120300752,0.9752953813104189,0.6666666666666666,0.6543209876543209,0.6592592592592593,0.9784615384615385,0.9473684210526315
genbase,CC_Logistic,2,0.9985970819304153,0.0014029180695847362,0.9861111111111113,0.9906565656565656,0.7037037037037037,0.6851851851851852,0.691358024691358,0.9848024316109423,0.9696969696969697
genbase,CC_Logistic,3,0.9974747474747475,0.0025252525252525255,0.960858585858586,0.9666666666666667,0.6984126984126985,0.6779541446208113,0.6855031173871753,0.9719626168224299,0.9393939393939394
genbase,CC_Logistic,4,0.9985970819304153,0.0014029180695847362,0.9696969696969697,0.9722222222222221,0.7407407407407407,0.7264550264550265,0.7326185834957765,0.9847094801223242,0.9621212121212122
genbase,CC_Logistic,5,0.9986076301865776,0.001392369813422445,0.981203007518797,0.9849624060150376,0.7037037037037037,0.6907407407407407,0.6964633806739071,0.9847094801223242,0.9699248120300752
genbase,MLC_PA_Logistic,1,0.9980506822612085,0.001949317738791423,0.9699248120300752,0.9752953813104189,0.6666666666666666,0.6543209876543209,0.6592592592592593,0.9784615384615385,0.9473684210526315
genbase,MLC_PA_Logistic,2,0.9983164983164983,0.0016835016835016834,0.9842171717171718,0.9895743145743147,0.6666666666666666,0.6481481481481481,0.6543209876543209,0.9817073170731707,0.9621212121212122
genbase,MLC_PA_Logistic,3,0.9974747474747475,0.0025252525252525255,0.960858585858586,0.9666666666666667,0.6984126984126985,0.6779541446208113,0.6855031173871753,0.9719626168224299,0.9393939393939394
genbase,MLC_PA_Logistic,4,0.9985970819304153,0.0014029180695847362,0.9696969696969697,0.9722222222222221,0.7407407407407407,0.7264550264550265,0.7326185834957765,0.9847094801223242,0.9621212121212122
genbase,MLC_PA_Logistic,5,0.9983291562238931,0.001670843776106934,0.9786967418546365,0.9834586466165413,0.6666666666666666,0.6537037037037037,0.65942634363687,0.9815950920245399,0.9624060150375939
genbase,GSI_MLC_PA_Logistic,1,0.9980506822612085,0.001949317738791423,0.9699248120300752,0.9752953813104189,0.6666666666666666,0.6543209876543209,0.6592592592592593,0.9784615384615385,0.9473684210526315
genbase,GSI_MLC_PA_Logistic,2,0.9983164983164983,0.0016835016835016834,0.9842171717171718,0.9895743145743147,0.6666666666666666,0.6481481481481481,0.6543209876543209,0.9817073170731707,0.9621212121212122
genbase,GSI_MLC_PA_Logistic,3,0.9974747474747475,0.0025252525252525255,0.960858585858586,0.9666666666666667,0.6984126984126985,0.6779541446208113,0.6855031173871753,0.9719626168224299,0.9393939393939394
genbase,GSI_MLC_PA_Logistic,4,0.9985970819304153,0.0014029180695847362,0.9696969696969697,0.9722222222222221,0.7407407407407407,0.7264550264550265,0.7326185834957765,0.9847094801223242,0.9621212121212122
genbase,GSI_MLC_PA_Logistic,5,0.9983291562238931,0.001670843776106934,0.9786967418546365,0.9834586466165413,0.6666666666666666,0.6537037037037037,0.65942634363687,0.9815950920245399,0.9624060150375939
genbase,GSI_MLC_PA_v3_1_Logistic,1,0.9980506822612085,0.001949317738791423,0.9699248120300752,0.9752953813104189,0.6666666666666666,0.6543209876543209,0.6592592592592593,0.9784615384615385,0.9473684210526315
genbase,GSI_MLC_PA_v3_1_Logistic,2,0.9983164983164983,0.0016835016835016834,0.9842171717171718,0.9895743145743147,0.6666666666666666,0.6481481481481481,0.6543209876543209,0.9817073170731707,0.9621212121212122
genbase,GSI_MLC_PA_v3_1_Logistic,3,0.9974747474747475,0.0025252525252525255,0.960858585858586,0.9666666666666667,0.6984126984126985,0.6779541446208113,0.6855031173871753,0.9719626168224299,0.9393939393939394
genbase,GSI_MLC_PA_v3_1_Logistic,4,0.9985970819304153,0.0014029180695847362,0.9696969696969697,0.9722222222222221,0.7407407407407407,0.7264550264550265,0.7326185834957765,0.9847094801223242,0.9621212121212122
genbase,GSI_MLC_PA_v3_1_Logistic,5,0.9983291562238931,0.001670843776106934,0.9786967418546365,0.9834586466165413,0.6666666666666666,0.6537037037037037,0.65942634363687,0.9815950920245399,0.9624060150375939
genbase,BR_SVM,1,0.9997215260373156,0.000278473962684489,0.9962406015037594,0.9974937343358398,0.7777777777777778,0.7777777777777778,0.7777777777777778,0.9969788519637462,0.9924812030075187
genbase,BR_SVM,2,0.9991582491582491,0.0008417508417508417,0.9924242424242424,0.9946969696969697,0.7592592592592593,0.7777777777777778,0.7654320987654321,0.990990990990991,0.9848484848484849
genbase,BR_SVM,3,0.9983164983164983,0.0016835016835016834,0.9722222222222223,0.9767676767676768,0.7724867724867726,0.7643738977072311,0.7669845988686569,0.9814814814814815,0.9545454545454546
genbase,BR_SVM,4,0.999438832772166,0.0005611672278338945,0.9924242424242424,0.9949494949494948,0.7592592592592593,0.7777777777777778,0.7654320987654322,0.9939759036144579,0.9848484848484849
genbase,BR_SVM,5,0.998886104149262,0.001113895850737956,0.9862155388471178,0.9909774436090226,0.7354497354497355,0.7314814814814815,0.7326007326007327,0.9878787878787879,0.9699248120300752
genbase,CC_SVM,1,0.9997215260373156,0.000278473962684489,0.9962406015037594,0.9974937343358398,0.7777777777777778,0.7777777777777778,0.7777777777777778,0.9969788519637462,0.9924812030075187
genbase,CC_SVM,2,0.9991582491582491,0.0008417508417508417,0.9924242424242424,0.9946969696969697,0.7592592592592593,0.7777777777777778,0.7654320987654321,0.990990990990991,0.9848484848484849
genbase,CC_SVM,3,0.9983164983164983,0.0016835016835016834,0.9722222222222223,0.9767676767676768,0.7724867724867726,0.7643738977072311,0.7669845988686569,0.9814814814814815,0.9545454545454546
genbase,CC_SVM,4,0.999438832772166,0.0005611672278338945,0.9924242424242424,0.9949494949494948,0.7592592592592593,0.7777777777777778,0.7654320987654322,0.9939759036144579,0.9848484848484849
genbase,CC_SVM,5,0.998886104149262,0.001113895850737956,0.9862155388471178,0.9909774436090226,0.7354497354497355,0.7314814814814815,0.7326007326007327,0.9878787878787879,0.9699248120300752
genbase,MLC_PA_SVM,1,0.9997215260373156,0.000278473962684489,0.9962406015037594,0.9974937343358398,0.7777777777777778,0.7777777777777778,0.7777777777777778,0.9969788519637462,0.9924812030075187
genbase,MLC_PA_SVM,2,0.9991582491582491,0.0008417508417508417,0.9924242424242424,0.9946969696969697,0.7592592592592593,0.7777777777777778,0.7654320987654321,0.990990990990991,0.9848484848484849
genbase,MLC_PA_SVM,3,0.9983164983164983,0.0016835016835016834,0.9722222222222223,0.9767676767676768,0.7724867724867726,0.7643738977072311,0.7669845988686569,0.9814814814814815,0.9545454545454546
genbase,MLC_PA_SVM,4,0.999438832772166,0.0005611672278338945,0.9924242424242424,0.9949494949494948,0.7592592592592593,0.7777777777777778,0.7654320987654322,0.9939759036144579,0.9848484848484849
genbase,MLC_PA_SVM,5,0.998886104149262,0.001113895850737956,0.9862155388471178,0.9909774436090226,0.7354497354497355,0.7314814814814815,0.7326007326007327,0.9878787878787879,0.9699248120300752
genbase,GSI_MLC_PA_SVM,1,0.9997215260373156,0.000278473962684489,0.9962406015037594,0.9974937343358398,0.7777777777777778,0.7777777777777778,0.7777777777777778,0.9969788519637462,0.9924812030075187
genbase,GSI_MLC_PA_SVM,2,0.9991582491582491,0.0008417508417508417,0.9924242424242424,0.9946969696969697,0.7592592592592593,0.7777777777777778,0.7654320987654321,0.990990990990991,0.9848484848484849
genbase,GSI_MLC_PA_SVM,3,0.9983164983164983,0.0016835016835016834,0.9722222222222223,0.9767676767676768,0.7724867724867726,0.7643738977072311,0.7669845988686569,0.9814814814814815,0.9545454545454546
genbase,GSI_MLC_PA_SVM,4,0.999438832772166,0.0005611672278338945,0.9924242424242424,0.9949494949494948,0.7592592592592593,0.7777777777777778,0.7654320987654322,0.9939759036144579,0.9848484848484849
genbase,GSI_MLC_PA_SVM,5,0.998886104149262,0.001113895850737956,0.9862155388471178,0.9909774436090226,0.7354497354497355,0.7314814814814815,0.7326007326007327,0.9878787878787879,0.9699248120300752
genbase,GSI_MLC_PA_v3_1_SVM,1,0.9997215260373156,0.000278473962684489,0.9962406015037594,0.9974937343358398,0.7777777777777778,0.7777777777777778,0.7777777777777778,0.9969788519637462,0.9924812030075187
genbase,GSI_MLC_PA_v3_1_SVM,2,0.9991582491582491,0.0008417508417508417,0.9924242424242424,0.9946969696969697,0.7592592592592593,0.7777777777777778,0.7654320987654321,0.990990990990991,0.9848484848484849
genbase,GSI_MLC_PA_v3_1_SVM,3,0.9983164983164983,0.0016835016835016834,0.9722222222222223,0.9767676767676768,0.7724867724867726,0.7643738977072311,0.7669845988686569,0.9814814814814815,0.9545454545454546
genbase,GSI_MLC_PA_v3_1_SVM,4,0.999438832772166,0.0005611672278338945,0.9924242424242424,0.9949494949494948,0.7592592592592593,0.7777777777777778,0.7654320987654322,0.9939759036144579,0.9848484848484849
genbase,GSI_MLC_PA_v3_1_SVM,5,0.998886104149262,0.001113895850737956,0.9862155388471178,0.9909774436090226,0.7354497354497355,0.7314814814814815,0.7326007326007327,0.9878787878787879,0.9699248120300752
genbase,BR_MLP,1,0.9537733221943748,0.04622667780562517,0.0,0.0,0.0,0.0,0.0,0.0,0.0
genbase,BR_MLP,2,0.9531425364758698,0.04685746352413019,0.0,0.0,0.0,0.0,0.0,0.0,0.0
genbase,BR_MLP,3,0.9539842873176206,0.04601571268237935,0.0,0.0,0.0,0.0,0.0,0.0,0.0
genbase,BR_MLP,4,0.9534231200897868,0.04657687991021325,0.0,0.0,0.0,0.0,0.0,0.0,0.0
genbase,BR_MLP,5,0.9537733221943748,0.04622667780562517,0.0,0.0,0.0,0.0,0.0,0.0,0.0
genbase,CC_MLP,1,0.9919242550821499,0.00807574491785018,0.8546365914786966,0.8710347296813462,0.5185185185185185,0.42977886311219643,0.4596992481203007,0.9042904290429042,0.7969924812030075
genbase,CC_MLP,2,0.9907407407407407,0.009259259259259259,0.8511363636363636,0.8700036075036075,0.48148148148148145,0.40742210464432693,0.43220219625448386,0.8903654485049833,0.7878787878787878
genbase,CC_MLP,3,0.9907407407407407,0.009259259259259259,0.8549242424242424,0.8727813852813853,0.47530864197530864,0.3920855379188713,0.4185883723050623,0.8888888888888888,0.7954545454545454
genbase,CC_MLP,4,0.98989898989899,0.010101010101010102,0.8301767676767676,0.8458874458874458,0.5185185185185185,0.4011161859201075,0.442389107945639,0.8783783783783784,0.7803030303030303
genbase,CC_MLP,5,0.9891395154553049,0.01086048454469507,0.8070175438596491,0.8205513784461154,0.5185185185185185,0.40208298419082733,0.44560418499989646,0.8668941979522184,0.7669172932330827
genbase,MLC_PA_MLP,1,0.9537733221943748,0.04622667780562517,0.0,0.0,0.0,0.0,0.0,0.0,0.0
genbase,MLC_PA_MLP,2,0.9531425364758698,0.04685746352413019,0.0,0.0,0.0,0.0,0.0,0.0,0.0
genbase,MLC_PA_MLP,3,0.9539842873176206,0.04601571268237935,0.0,0.0,0.0,0.0,0.0,0.0,0.0
genbase,MLC_PA_MLP,4,0.9534231200897868,0.04657687991021325,0.0,0.0,0.0,0.0,0.0,0.0,0.0
genbase,MLC_PA_MLP,5,0.9537733221943748,0.04622667780562517,0.0,0.0,0.0,0.0,0.0,0.0,0.0
genbase,GSI_MLC_PA_MLP,1,0.9810637705374547,0.01893622946254525,0.5889724310776943,0.6086287146437522,0.5185185185185185,0.29900384655286616,0.3557417052300093,0.7424242424242424,0.518796992481203
genbase,GSI_MLC_PA_MLP,2,0.9820426487093153,0.017957351290684626,0.6251262626262626,0.6462662337662337,0.4444444444444444,0.3066566512644944,0.34810564163505336,0.762962962962963,0.553030303030303
genbase,GSI_MLC_PA_MLP,3,0.9834455667789002,0.01655443322109989,0.6630050505050505,0.6811147186147185,0.47530864197530864,0.3080857414190748,0.3471083434368459,0.7822878228782287,0.6060606060606061
genbase,GSI_MLC_PA_MLP,4,0.978675645342312,0.02132435465768799,0.5599747474747474,0.5792207792207792,0.5185185185185185,0.2664067776812875,0.32187394638962974,0.703125,0.5
genbase,GSI_MLC_PA_MLP,5,0.9818991924255083,0.018100807574491784,0.6152882205513784,0.6275689223057644,0.5185185185185185,0.31966370593821575,0.37622646961573986,0.7565543071161048,0.5789473684210527
genbase,GSI_MLC_PA_v3_1_MLP,1,0.9830130882762462,0.016986911723753828,0.6378446115288221,0.6587540279269601,0.5185185185185185,0.31571979219038043,0.3667411302772508,0.7749077490774908,0.5639097744360902
genbase,GSI_MLC_PA_v3_1_MLP,2,0.9803591470258137,0.01964085297418631,0.5847222222222223,0.6045995670995671,0.4074074074074074,0.2927677623756055,0.32588341941283117,0.7348484848484849,0.5151515151515151
genbase,GSI_MLC_PA_v3_1_MLP,3,0.9834455667789002,0.01655443322109989,0.6630050505050505,0.6811147186147185,0.47530864197530864,0.3080857414190748,0.3471083434368459,0.7822878228782287,0.6060606060606061
genbase,GSI_MLC_PA_v3_1_MLP,4,0.9800785634118967,0.019921436588103254,0.5890151515151515,0.6069985569985569,0.4444444444444444,0.2725506156878706,0.31963931385190897,0.7279693486590039,0.5303030303030303
genbase,GSI_MLC_PA_v3_1_MLP,5,0.9818991924255083,0.018100807574491784,0.6152882205513784,0.6275689223057644,0.5185185185185185,0.31966370593821575,0.37622646961573986,0.7565543071161048,0.5789473684210527
plantpseaac,BR_Logistic,1,0.907312925170068,0.09268707482993198,0.19642857142857142,0.20918367346938777,0.2994204869204869,0.12770584579795105,0.16641766372088104,0.2967741935483871,0.15816326530612246
plantpseaac,BR_Logistic,2,0.9048821548821548,0.09511784511784512,0.19696969696969696,0.2037037037037037,0.18340874811463048,0.1119517543859649,0.13743469438815367,0.27564102564102566,0.17676767676767677
plantpseaac,BR_Logistic,3,0.9050687285223368,0.09493127147766323,0.16494845360824742,0.17182130584192437,0.2426470588235294,0.08834867185885863,0.12039179461424404,0.24573378839590443,0.14432989690721648
plantpseaac,BR_Logistic,4,0.9032815198618307,0.09671848013816926,0.15284974093264247,0.15716753022452504,0.20431034482758623,0.08588325533542442,0.11815263522015189,0.2222222222222222,0.13989637305699482
plantpseaac,BR_Logistic,5,0.9069373942470389,0.09306260575296109,0.1751269035532995,0.18189509306260573,0.2938797313797314,0.11992133110554164,0.1625369769119769,0.26174496644295303,0.15736040609137056
plantpseaac,CC_Logistic,1,0.9017857142857143,0.09821428571428571,0.2755102040816326,0.28401360544217685,0.3733060820017342,0.1677732157995316,0.2005509000354361,0.33810888252148996,0.25
plantpseaac,CC_Logistic,2,0.9023569023569024,0.09764309764309764,0.2702020202020202,0.27441077441077444,0.18532135076252723,0.1340255626439837,0.15044985317032242,0.32558139534883723,0.25757575757575757
plantpseaac,CC_Logistic,3,0.9003436426116839,0.09965635738831616,0.2697594501718213,0.27920962199312716,0.20535005668934245,0.14643777903540212,0.16519890324379588,0.3333333333333333,0.2422680412371134
plantpseaac,CC_Logistic,4,0.9011226252158895,0.09887737478411053,0.25906735751295334,0.26770293609671847,0.20763888888888893,0.14308083806832417,0.15897338440505496,0.32448377581120946,0.23316062176165803
plantpseaac,CC_Logistic,5,0.9005922165820643,0.0994077834179357,0.2512690355329949,0.2571912013536379,0.26856421356421356,0.15610554163185741,0.18237637022297526,0.31085043988269795,0.233502538071066
plantpseaac,MLC_PA_Logistic,1,0.907312925170068,0.09268707482993198,0.19642857142857142,0.20918367346938777,0.2994204869204869,0.12770584579795105,0.16641766372088104,0.2967741935483871,0.15816326530612246
plantpseaac,MLC_PA_Logistic,2,0.9048821548821548,0.09511784511784512,0.19696969696969696,0.2037037037037037,0.18340874811463048,0.1119517543859649,0.13743469438815367,0.27564102564102566,0.17676767676767677
plantpseaac,MLC_PA_Logistic,3,0.9050687285223368,0.09493127147766323,0.16494845360824742,0.17182130584192437,0.2426470588235294,0.08834867185885863,0.12039179461424404,0.24573378839590443,0.14432989690721648
plantpseaac,MLC_PA_Logistic,4,0.9032815198618307,0.09671848013816926,0.15284974093264247,0.15716753022452504,0.20431034482758623,0.08588325533542442,0.11815263522015189,0.2222222222222222,0.13989637305699482
plantpseaac,MLC_PA_Logistic,5,0.9069373942470389,0.09306260575296109,0.1751269035532995,0.18189509306260573,0.2938797313797314,0.11992133110554164,0.1625369769119769,0.26174496644295303,0.15736040609137056
plantpseaac,GSI_MLC_PA_Logistic,1,0.9098639455782312,0.09013605442176871,0.19642857142857142,0.20578231292517005,0.30587003992176404,0.11866809991809991,0.16114707524042757,0.29333333333333333,0.1683673469387755
plantpseaac,GSI_MLC_PA_Logistic,2,0.9090909090909091,0.09090909090909091,0.18181818181818182,0.18855218855218853,0.20213675213675217,0.10361842105263158,0.1306098901858136,0.2702702702702703,0.16161616161616163
plantpseaac,GSI_MLC_PA_Logistic,3,0.9059278350515464,0.09407216494845361,0.15721649484536082,0.16151202749140892,0.1176470588235294,0.060240206250393,0.07576070107010702,0.23157894736842105,0.14432989690721648
plantpseaac,GSI_MLC_PA_Logistic,4,0.9028497409326425,0.09715025906735751,0.14507772020725387,0.1485319516407599,0.16264367816091954,0.06504992200209107,0.08891798098549765,0.21052631578947367,0.13471502590673576
plantpseaac,GSI_MLC_PA_Logistic,5,0.9090524534686971,0.09094754653130288,0.17681895093062608,0.1835871404399323,0.30915750915750917,0.11228244221665273,0.15759469696969697,0.26621160409556316,0.15736040609137056
plantpseaac,GSI_MLC_PA_v3_1_Logistic,1,0.9068877551020408,0.09311224489795919,0.19642857142857142,0.20918367346938777,0.2994204869204869,0.12770584579795105,0.16641766372088104,0.2958199356913183,0.15816326530612246
plantpseaac,GSI_MLC_PA_v3_1_Logistic,2,0.9036195286195287,0.09638047138047139,0.18686868686868688,0.1919191919191919,0.16802884615384617,0.09597953216374268,0.12096303776848594,0.2588996763754045,0.1717171717171717
plantpseaac,GSI_MLC_PA_v3_1_Logistic,3,0.9050687285223368,0.09493127147766323,0.16237113402061856,0.1683848797250859,0.20098039215686272,0.07445978296996973,0.09955846128091071,0.24054982817869416,0.14432989690721648
plantpseaac,GSI_MLC_PA_v3_1_Logistic,4,0.9045768566493955,0.09542314335060449,0.14766839378238342,0.15198618307426598,0.19979645593869733,0.07546658866875774,0.10701940049492716,0.21908127208480566,0.13471502590673576
plantpseaac,GSI_MLC_PA_v3_1_Logistic,5,0.9073604060913706,0.09263959390862944,0.15820642978003382,0.1641285956006768,0.27820512820512816,0.10881021999443052,0.14625389812889814,0.2422145328719723,0.14213197969543148
plantpseaac,BR_SVM,1,0.909438775510204,0.09056122448979592,0.01020408163265306,0.01020408163265306,0.125,0.011878654970760233,0.019540229885057474,0.018433179723502304,0.01020408163265306
plantpseaac,BR_SVM,2,0.912037037037037,0.08796296296296297,0.07575757575757576,0.07744107744107745,0.18551587301587302,0.0762061403508772,0.10054184619402011,0.13278008298755187,0.0707070707070707
plantpseaac,BR_SVM,3,0.9106529209621993,0.08934707903780069,0.061855670103092786,0.061855670103092786,0.1282051282051282,0.026127145821543102,0.03995601173020528,0.10344827586206896,0.061855670103092786
plantpseaac,BR_SVM,4,0.9041450777202072,0.09585492227979274,0.015544041450777202,0.015544041450777202,0.125,0.015357090961929672,0.024041984568300357,0.02631578947368421,0.015544041450777202
plantpseaac,BR_SVM,5,0.9115905245346869,0.08840947546531303,0.04314720812182741,0.04568527918781726,0.34027777777777773,0.05850563909774436,0.09418820558526442,0.08733624454148471,0.03553299492385787
plantpseaac,CC_SVM,1,0.8966836734693877,0.10331632653061225,0.14795918367346939,0.15306122448979592,0.2070391414141414,0.1258406432748538,0.11843072735395765,0.20846905537459284,0.1326530612244898
plantpseaac,CC_SVM,2,0.8977272727272727,0.10227272727272728,0.1590909090909091,0.1616161616161616,0.23016989785282468,0.12730041644515327,0.1356170280695694,0.21359223300970873,0.15151515151515152
plantpseaac,CC_SVM,3,0.8853092783505154,0.11469072164948453,0.15463917525773196,0.15979381443298968,0.14289117591004383,0.13343910852399818,0.11593012787865731,0.1981981981981982,0.13917525773195877
plantpseaac,CC_SVM,4,0.8937823834196891,0.10621761658031088,0.17098445595854922,0.17616580310880828,0.17354797979797978,0.128168665049922,0.11274701990898024,0.22641509433962265,0.15544041450777202
plantpseaac,CC_SVM,5,0.8781725888324873,0.1218274111675127,0.14720812182741116,0.15566835871404397,0.25211247086247085,0.14886426925900612,0.1477743530717501,0.19101123595505617,0.1218274111675127
plantpseaac,MLC_PA_SVM,1,0.909438775510204,0.09056122448979592,0.01020408163265306,0.01020408163265306,0.125,0.011878654970760233,0.019540229885057474,0.018433179723502304,0.01020408163265306
plantpseaac,MLC_PA_SVM,2,0.912037037037037,0.08796296296296297,0.07575757575757576,0.07744107744107745,0.18551587301587302,0.0762061403508772,0.10054184619402011,0.13278008298755187,0.0707070707070707
plantpseaac,MLC_PA_SVM,3,0.9106529209621993,0.08934707903780069,0.061855670103092786,0.061855670103092786,0.1282051282051282,0.026127145821543102,0.03995601173020528,0.10344827586206896,0.061855670103092786
plantpseaac,MLC_PA_SVM,4,0.9041450777202072,0.09585492227979274,0.015544041450777202,0.015544041450777202,0.125,0.015357090961929672,0.024041984568300357,0.02631578947368421,0.015544041450777202
plantpseaac,MLC_PA_SVM,5,0.9115905245346869,0.08840947546531303,0.04314720812182741,0.04568527918781726,0.34027777777777773,0.05850563909774436,0.09418820558526442,0.08733624454148471,0.03553299492385787
plantpseaac,GSI_MLC_PA_SVM,1,0.9077380952380952,0.09226190476190477,0.017857142857142856,0.01870748299319728,0.1875,0.022232190324295586,0.03726270348988402,0.035555555555555556,0.015306122448979591
plantpseaac,GSI_MLC_PA_SVM,2,0.9111952861952862,0.0888047138047138,0.08754208754208753,0.09006734006734006,0.310515873015873,0.09009502923976609,0.12446529117009668,0.15261044176706828,0.08080808080808081
plantpseaac,GSI_MLC_PA_SVM,3,0.9063573883161512,0.0936426116838488,0.08505154639175258,0.08762886597938144,0.1420940170940171,0.04534184924677285,0.06818181818181819,0.14173228346456693,0.07731958762886598
plantpseaac,GSI_MLC_PA_SVM,4,0.9006908462867012,0.09930915371329879,0.031088082901554404,0.031088082901554404,0.1013888888888889,0.02864732084698714,0.03950157608694194,0.049586776859504134,0.031088082901554404
plantpseaac,GSI_MLC_PA_SVM,5,0.9090524534686971,0.09094754653130288,0.05245346869712352,0.05668358714043993,0.18492063492063493,0.07252680311890837,0.08994020152556738,0.1078838174273859,0.04060913705583756
plantpseaac,GSI_MLC_PA_v3_1_SVM,1,0.9081632653061225,0.09183673469387756,0.017857142857142856,0.01870748299319728,0.22916666666666666,0.022232190324295586,0.03911455534173587,0.03571428571428571,0.015306122448979591
plantpseaac,GSI_MLC_PA_v3_1_SVM,2,0.9103535353535354,0.08964646464646464,0.06734006734006734,0.06818181818181818,0.13402777777777777,0.044956140350877194,0.06447906276281562,0.11618257261410789,0.06565656565656566
plantpseaac,GSI_MLC_PA_v3_1_SVM,3,0.9042096219931272,0.09579037800687286,0.03865979381443299,0.041237113402061855,0.15,0.027279219554262,0.04415450068479179,0.07468879668049792,0.030927835051546393
plantpseaac,GSI_MLC_PA_v3_1_SVM,4,0.9019861830742659,0.09801381692573402,0.02072538860103627,0.02072538860103627,0.08134920634920635,0.02577375762859634,0.036330409356725143,0.03404255319148936,0.02072538860103627
plantpseaac,GSI_MLC_PA_v3_1_SVM,5,0.9098984771573604,0.0901015228426396,0.048223350253807105,0.050761421319796954,0.30902777777777773,0.06892230576441102,0.10274122807017542,0.09361702127659574,0.04060913705583756
plantpseaac,BR_MLP,1,0.9111394557823129,0.08886054421768708,0.030612244897959183,0.030612244897959183,0.22916666666666666,0.018274853801169593,0.03376490312965723,0.05429864253393665,0.030612244897959183
plantpseaac,BR_MLP,2,0.9116161616161617,0.08838383838383838,0.020202020202020204,0.020202020202020204,0.14583333333333334,0.007163742690058479,0.013573065397496914,0.03669724770642202,0.020202020202020204
plantpseaac,BR_MLP,3,0.9102233676975945,0.0897766323024055,0.005154639175257732,0.005154639175257732,0.08333333333333333,0.0026881720430107525,0.005208333333333333,0.009478672985781991,0.005154639175257732
plantpseaac,BR_MLP,4,0.907167530224525,0.09283246977547496,0.015544041450777202,0.015544041450777202,0.125,0.006813125695216908,0.012348668280871672,0.027149321266968326,0.015544041450777202
plantpseaac,BR_MLP,5,0.9124365482233503,0.08756345177664974,0.025380710659898477,0.025380710659898477,0.20833333333333334,0.021700083542188803,0.038809707241910636,0.04608294930875576,0.025380710659898477
plantpseaac,CC_MLP,1,0.9017857142857143,0.09821428571428571,0.1913265306122449,0.20238095238095236,0.21563674812030073,0.12946409327988276,0.16123418780745755,0.27586206896551724,0.15816326530612246
plantpseaac,CC_MLP,2,0.9107744107744108,0.08922558922558922,0.21885521885521883,0.2264309764309764,0.21691618566618565,0.12122319688109162,0.15374999999999997,0.3116883116883117,0.19696969696969696
plantpseaac,CC_MLP,3,0.9110824742268041,0.08891752577319588,0.26202749140893467,0.2706185567010309,0.3453533891033891,0.16645556543688975,0.217507693045207,0.3510971786833856,0.23711340206185566
plantpseaac,CC_MLP,4,0.9032815198618307,0.09671848013816926,0.20207253886010362,0.2089810017271157,0.21000881834215168,0.10864183844578729,0.13806485237773272,0.27741935483870966,0.18134715025906736
plantpseaac,CC_MLP,5,0.9065143824027073,0.09348561759729272,0.20642978003384094,0.21489001692047374,0.3048611111111111,0.1399339573681679,0.18109725774367716,0.2939297124600639,0.18274111675126903
plantpseaac,MLC_PA_MLP,1,0.9111394557823129,0.08886054421768708,0.030612244897959183,0.030612244897959183,0.22916666666666666,0.018274853801169593,0.03376490312965723,0.05429864253393665,0.030612244897959183
plantpseaac,MLC_PA_MLP,2,0.9116161616161617,0.08838383838383838,0.020202020202020204,0.020202020202020204,0.14583333333333334,0.007163742690058479,0.013573065397496914,0.03669724770642202,0.020202020202020204
plantpseaac,MLC_PA_MLP,3,0.9102233676975945,0.0897766323024055,0.005154639175257732,0.005154639175257732,0.08333333333333333,0.0026881720430107525,0.005208333333333333,0.009478672985781991,0.005154639175257732
plantpseaac,MLC_PA_MLP,4,0.907167530224525,0.09283246977547496,0.015544041450777202,0.015544041450777202,0.125,0.006813125695216908,0.012348668280871672,0.027149321266968326,0.015544041450777202
plantpseaac,MLC_PA_MLP,5,0.9124365482233503,0.08756345177664974,0.025380710659898477,0.025380710659898477,0.20833333333333334,0.021700083542188803,0.038809707241910636,0.04608294930875576,0.025380710659898477
plantpseaac,GSI_MLC_PA_MLP,1,0.9039115646258503,0.09608843537414966,0.1802721088435374,0.18962585034013604,0.24585406531033469,0.11425941491730966,0.1529508906615648,0.2662337662337662,0.15306122448979592
plantpseaac,GSI_MLC_PA_MLP,2,0.9090909090909091,0.09090909090909091,0.16077441077441076,0.1675084175084175,0.1989181879648411,0.0919103313840156,0.12441920224120168,0.25,0.1414141414141414
plantpseaac,GSI_MLC_PA_MLP,3,0.9128006872852233,0.08719931271477663,0.211340206185567,0.21649484536082475,0.31168091168091167,0.12922438264119077,0.1779754636897494,0.3024054982817869,0.1958762886597938
plantpseaac,GSI_MLC_PA_MLP,4,0.9045768566493955,0.09542314335060449,0.15025906735751296,0.15889464594127806,0.20632716049382716,0.09100289110022147,0.1255293252052594,0.23529411764705882,0.12435233160621761
plantpseaac,GSI_MLC_PA_MLP,5,0.9107445008460237,0.0892554991539763,0.17258883248730963,0.17766497461928935,0.3224492521367522,0.11323051948051947,0.15986286001785668,0.2596491228070175,0.15736040609137056
plantpseaac,GSI_MLC_PA_v3_1_MLP,1,0.9077380952380952,0.09226190476190477,0.17346938775510204,0.18197278911564624,0.26089015151515155,0.11028043593833069,0.1440768694162621,0.26440677966101694,0.14795918367346939
plantpseaac,GSI_MLC_PA_v3_1_MLP,2,0.9116161616161617,0.08838383838383838,0.186026936026936,0.1961279461279461,0.2138536866359447,0.11582602339181286,0.14863589309241484,0.2905405405405405,0.15656565656565657
plantpseaac,GSI_MLC_PA_v3_1_MLP,3,0.9115120274914089,0.08848797250859107,0.2079037800687285,0.21735395189003434,0.32384259259259257,0.12443204786158946,0.17076171501004125,0.3087248322147651,0.18041237113402062
plantpseaac,GSI_MLC_PA_v3_1_MLP,4,0.9045768566493955,0.09542314335060449,0.15025906735751296,0.15889464594127806,0.20632716049382716,0.09100289110022147,0.1255293252052594,0.23529411764705882,0.12435233160621761
plantpseaac,GSI_MLC_PA_v3_1_MLP,5,0.9111675126903553,0.08883248730964467,0.19543147208121828,0.2030456852791878,0.30530303030303035,0.1318121693121693,0.1752156423336481,0.2905405405405405,0.17258883248730963
scene,BR_Logistic,1,0.9032707028531664,0.09672929714683368,0.6155184411969381,0.6370911621433543,0.7834443066914832,0.6629973288283304,0.7130933796427547,0.7085953878406709,0.5511482254697286
scene,BR_Logistic,2,0.907252440725244,0.09274755927475593,0.6258716875871687,0.6436541143654114,0.7988288121405899,0.6666357215124367,0.7236845139015627,0.7170212765957447,0.5732217573221757
scene,BR_Logistic,3,0.8944672131147541,0.10553278688524591,0.5563524590163934,0.5775273224043715,0.7532994309349732,0.6110760655010651,0.673753403345588,0.6680988184747583,0.49385245901639346
scene,BR_Logistic,4,0.8943173943173943,0.10568260568260568,0.5738045738045738,0.5959805959805959,0.7644018028102212,0.6119326472972489,0.6768788846376222,0.6702702702702703,0.5072765072765073
scene,BR_Logistic,5,0.9047124047124047,0.09528759528759528,0.6098406098406098,0.6288981288981289,0.7903441888125871,0.6482103809263343,0.7095352614612715,0.7052518756698821,0.5550935550935551
scene,CC_Logistic,1,0.8973556019485038,0.10264439805149617,0.697286012526096,0.7098121085594989,0.7446217041968469,0.6992822006827749,0.7188221335068672,0.707631318136769,0.6597077244258872
scene,CC_Logistic,2,0.9093444909344491,0.09065550906555091,0.7297768479776848,0.742329149232915,0.7786123856414267,0.7371355281964994,0.7562715671957158,0.7425742574257426,0.6924686192468619
scene,CC_Logistic,3,0.8951502732240437,0.10484972677595629,0.6810109289617486,0.690915300546448,0.7354835084001751,0.6931222846030104,0.7086802670074616,0.6981317600786627,0.6516393442622951
scene,CC_Logistic,4,0.8925848925848926,0.10741510741510742,0.6787941787941788,0.6902286902286903,0.7467285844817524,0.6792703293458221,0.703541463364357,0.6906187624750499,0.6444906444906445
scene,CC_Logistic,5,0.8998613998613999,0.10013860013860014,0.704088704088704,0.717948717948718,0.7491325936224774,0.7156681636906307,0.7299095979600888,0.7158308751229105,0.6632016632016632
scene,MLC_PA_Logistic,1,0.9032707028531664,0.09672929714683368,0.6155184411969381,0.6370911621433543,0.7834443066914832,0.6629973288283304,0.7130933796427547,0.7085953878406709,0.5511482254697286
scene,MLC_PA_Logistic,2,0.907252440725244,0.09274755927475593,0.6258716875871687,0.6436541143654114,0.7988288121405899,0.6666357215124367,0.7236845139015627,0.7170212765957447,0.5732217573221757
scene,MLC_PA_Logistic,3,0.8944672131147541,0.10553278688524591,0.5563524590163934,0.5775273224043715,0.7532994309349732,0.6110760655010651,0.673753403345588,0.6680988184747583,0.49385245901639346
scene,MLC_PA_Logistic,4,0.8943173943173943,0.10568260568260568,0.5738045738045738,0.5959805959805959,0.7644018028102212,0.6119326472972489,0.6768788846376222,0.6702702702702703,0.5072765072765073
scene,MLC_PA_Logistic,5,0.9047124047124047,0.09528759528759528,0.6098406098406098,0.6288981288981289,0.7903441888125871,0.6482103809263343,0.7095352614612715,0.7052518756698821,0.5550935550935551
scene,GSI_MLC_PA_Logistic,1,0.9091858037578289,0.09081419624217119,0.651356993736952,0.6673625608907445,0.8039101253585635,0.679182982676433,0.7301207703647283,0.7261280167890871,0.6033402922755741
scene,GSI_MLC_PA_Logistic,2,0.9100418410041841,0.0899581589958159,0.654463040446304,0.6698047419804742,0.8102970916537612,0.6708994065456375,0.729256700468563,0.7243589743589743,0.608786610878661
scene,GSI_MLC_PA_Logistic,3,0.9030054644808743,0.09699453551912568,0.6109972677595628,0.6229508196721312,0.7877207302068987,0.6383355508498398,0.7028588072299295,0.69593147751606,0.5758196721311475
scene,GSI_MLC_PA_Logistic,4,0.9015939015939016,0.0984060984060984,0.6205821205821206,0.6334026334026335,0.7966924976264219,0.6295760353172234,0.6994792877271511,0.6919739696312365,0.5821205821205822
scene,GSI_MLC_PA_Logistic,5,0.9161469161469161,0.08385308385308385,0.6632016632016632,0.678101178101178,0.8280324894270018,0.6856699040349595,0.7446835067733675,0.7414529914529915,0.6195426195426196
scene,GSI_MLC_PA_v3_1_Logistic,1,0.907098121085595,0.09290187891440502,0.6343075852470426,0.651704940848991,0.7963603062388716,0.6672501281392691,0.7235196167888351,0.7180570221752904,0.5824634655532359
scene,GSI_MLC_PA_v3_1_Logistic,2,0.9103905160390516,0.0896094839609484,0.6460948396094839,0.6642259414225942,0.8031424493381015,0.6847275507515397,0.7365884322088866,0.7291886195995785,0.5920502092050209
scene,GSI_MLC_PA_v3_1_Logistic,3,0.8992486338797814,0.10075136612021858,0.5969945355191256,0.6096311475409836,0.7806298552895649,0.6220339994840134,0.6899872933429981,0.6817691477885652,0.5594262295081968
scene,GSI_MLC_PA_v3_1_Logistic,4,0.8995148995148995,0.10048510048510048,0.5997920997920998,0.6181566181566183,0.7842179713775049,0.6280864920402282,0.694535513114383,0.6868250539956804,0.5446985446985447
scene,GSI_MLC_PA_v3_1_Logistic,5,0.9067914067914068,0.0932085932085932,0.6295911295911296,0.647955647955648,0.7913697576094846,0.6637353815207904,0.7197702910788233,0.71413390010627,0.5758835758835759
scene,BR_SVM,1,0.8883089770354906,0.11169102296450939,0.4801670146137787,0.49338900487125953,0.8131723246327708,0.5074753967173978,0.6046583638264269,0.6118500604594922,0.4405010438413361
scene,BR_SVM,2,0.8877266387726639,0.11227336122733612,0.49198047419804747,0.50278940027894,0.7927367089875541,0.5106875462685244,0.6006731832511968,0.6111111111111112,0.4602510460251046
scene,BR_SVM,3,0.8896857923497268,0.11031420765027322,0.4702868852459016,0.4788251366120219,0.8091751815436027,0.4923105655733715,0.5973662690468077,0.603680981595092,0.444672131147541
scene,BR_SVM,4,0.8825363825363826,0.11746361746361747,0.4757449757449757,0.48891198891198895,0.7669576136892472,0.4997826509563028,0.5894999657131329,0.5949820788530465,0.4365904365904366
scene,BR_SVM,5,0.8873873873873874,0.11261261261261261,0.4705474705474706,0.4809424809424809,0.8083694083694084,0.4889154778569184,0.5916310138406764,0.6002460024600246,0.4407484407484408
scene,CC_SVM,1,0.8897007654836465,0.11029923451635351,0.675365344467641,0.686151704940849,0.7569787427479621,0.6692331792584246,0.691820740417887,0.6820461384152458,0.6430062630480167
scene,CC_SVM,2,0.8898186889818689,0.1101813110181311,0.6743375174337517,0.6872384937238494,0.7452967631506326,0.683218252842202,0.6928998869043691,0.6852589641434262,0.6359832635983264
scene,CC_SVM,3,0.8770491803278688,0.12295081967213115,0.6352459016393442,0.6434426229508197,0.7324607356641458,0.6434034555896208,0.6551256005070316,0.6435643564356436,0.610655737704918
scene,CC_SVM,4,0.876992376992377,0.12300762300762301,0.6361746361746362,0.6493416493416494,0.7120595151640902,0.6473275475285593,0.662546943532871,0.6488625123639961,0.5966735966735967
scene,CC_SVM,5,0.8863478863478863,0.11365211365211365,0.667013167013167,0.6801801801801801,0.726935005058813,0.6764823594405748,0.6858497681106789,0.6758893280632411,0.6278586278586279
scene,MLC_PA_SVM,1,0.8883089770354906,0.11169102296450939,0.4801670146137787,0.49338900487125953,0.8131723246327708,0.5074753967173978,0.6046583638264269,0.6118500604594922,0.4405010438413361
scene,MLC_PA_SVM,2,0.8877266387726639,0.11227336122733612,0.49198047419804747,0.50278940027894,0.7927367089875541,0.5106875462685244,0.6006731832511968,0.6111111111111112,0.4602510460251046
scene,MLC_PA_SVM,3,0.8896857923497268,0.11031420765027322,0.4702868852459016,0.4788251366120219,0.8091751815436027,0.4923105655733715,0.5973662690468077,0.603680981595092,0.444672131147541
scene,MLC_PA_SVM,4,0.8825363825363826,0.11746361746361747,0.4757449757449757,0.48891198891198895,0.7669576136892472,0.4997826509563028,0.5894999657131329,0.5949820788530465,0.4365904365904366
scene,MLC_PA_SVM,5,0.8873873873873874,0.11261261261261261,0.4705474705474706,0.4809424809424809,0.8083694083694084,0.4889154778569184,0.5916310138406764,0.6002460024600246,0.4407484407484408
scene,GSI_MLC_PA_SVM,1,0.8903966597077244,0.10960334029227557,0.5664578983994433,0.5793319415448852,0.7617282121932699,0.5879465652103767,0.6467815230110312,0.6519337016574586,0.5281837160751566
scene,GSI_MLC_PA_SVM,2,0.8947001394700139,0.10529986052998605,0.556834030683403,0.5690376569037657,0.7993067152074506,0.5747416328706123,0.6509490372601489,0.6568181818181819,0.5209205020920502
scene,GSI_MLC_PA_SVM,3,0.8903688524590164,0.1096311475409836,0.5290300546448087,0.5382513661202186,0.7669178380722625,0.5489718182409619,0.6244211198769855,0.6314580941446614,0.5020491803278688
scene,GSI_MLC_PA_SVM,4,0.8967428967428968,0.10325710325710326,0.5758835758835759,0.586971586971587,0.7937347313966813,0.5852754478667982,0.6625515926609246,0.6636568848758465,0.5426195426195426
scene,GSI_MLC_PA_SVM,5,0.9022869022869022,0.09771309771309772,0.5949410949410948,0.604989604989605,0.8094191919191919,0.6088659335864467,0.6809306117272813,0.6838565022421524,0.5654885654885655
scene,GSI_MLC_PA_v3_1_SVM,1,0.8921363952679193,0.10786360473208072,0.5386221294363257,0.5497564370215727,0.7871254509774435,0.5573835641187251,0.639055166712124,0.6420323325635104,0.5052192066805845
scene,GSI_MLC_PA_v3_1_SVM,2,0.8957461645746164,0.10425383542538354,0.5404463040446303,0.551952580195258,0.8030354592776857,0.562564547072612,0.6457046609167032,0.6511085180863477,0.5062761506276151
scene,GSI_MLC_PA_v3_1_SVM,3,0.8903688524590164,0.1096311475409836,0.5290300546448087,0.5382513661202186,0.7669178380722625,0.5489718182409619,0.6244211198769855,0.6314580941446614,0.5020491803278688
scene,GSI_MLC_PA_v3_1_SVM,4,0.8901593901593902,0.10984060984060984,0.5478170478170478,0.5599445599445599,0.772182135997598,0.5665838590817515,0.6374999174427428,0.6401816118047673,0.5114345114345115
scene,GSI_MLC_PA_v3_1_SVM,5,0.9029799029799029,0.09702009702009702,0.5959805959805959,0.60984060984061,0.8026296044086306,0.6184666938619627,0.6787353140656768,0.6895787139689579,0.5550935550935551
scene,BR_MLP,1,0.8963117606123869,0.10368823938761308,0.5424495476687544,0.5556715379262351,0.8253840061651784,0.56339573272027,0.6540925287229632,0.654292343387471,0.5031315240083507
scene,BR_MLP,2,0.8992329149232915,0.1007670850767085,0.5645048814504882,0.5770571827057183,0.8251638648663819,0.5837886963465139,0.6645591431765089,0.6689576174112256,0.5271966527196653
scene,BR_MLP,3,0.8951502732240437,0.10484972677595629,0.5122950819672131,0.5245901639344263,0.8250565084107012,0.5397237681881434,0.6318730627230557,0.6375442739079102,0.47540983606557374
scene,BR_MLP,4,0.8863478863478863,0.11365211365211365,0.5055440055440056,0.5176715176715176,0.794961736579705,0.53055521519148,0.612576942639233,0.616822429906542,0.4698544698544699
scene,BR_MLP,5,0.8991683991683992,0.10083160083160084,0.5578655578655578,0.5693000693000693,0.827180407265153,0.5739571993278193,0.6659686920693536,0.6643598615916955,0.5239085239085239
scene,CC_MLP,1,0.8806541405706333,0.11934585942936674,0.4787752261656228,0.501322199025748,0.7392655367231639,0.5295274237548284,0.6156268668211858,0.6106696935300795,0.4112734864300626
scene,CC_MLP,2,0.8734309623430963,0.12656903765690378,0.4686192468619247,0.49539748953974894,0.6891748292070309,0.5373175731615732,0.597143420935199,0.5971143174250833,0.3891213389121339
scene,CC_MLP,3,0.8709016393442623,0.1290983606557377,0.4433060109289617,0.4685792349726776,0.6758585991622451,0.5138097004296077,0.580742523055673,0.5771812080536913,0.3709016393442623
scene,CC_MLP,4,0.8704088704088704,0.1295911295911296,0.4577269577269577,0.48613998613998616,0.6902457914169252,0.5233648401703076,0.5914175438375138,0.5853658536585366,0.37422037422037424
scene,CC_MLP,5,0.874913374913375,0.12508662508662508,0.465003465003465,0.49237699237699234,0.6929666544231495,0.5368705828467334,0.6008505751680534,0.5993340732519423,0.38461538461538464
scene,MLC_PA_MLP,1,0.8963117606123869,0.10368823938761308,0.5424495476687544,0.5556715379262351,0.8253840061651784,0.56339573272027,0.6540925287229632,0.654292343387471,0.5031315240083507
scene,MLC_PA_MLP,2,0.8992329149232915,0.1007670850767085,0.5645048814504882,0.5770571827057183,0.8251638648663819,0.5837886963465139,0.6645591431765089,0.6689576174112256,0.5271966527196653
scene,MLC_PA_MLP,3,0.8951502732240437,0.10484972677595629,0.5122950819672131,0.5245901639344263,0.8250565084107012,0.5397237681881434,0.6318730627230557,0.6375442739079102,0.47540983606557374
scene,MLC_PA_MLP,4,0.8863478863478863,0.11365211365211365,0.5055440055440056,0.5176715176715176,0.794961736579705,0.53055521519148,0.612576942639233,0.616822429906542,0.4698544698544699
scene,MLC_PA_MLP,5,0.8991683991683992,0.10083160083160084,0.5578655578655578,0.5693000693000693,0.827180407265153,0.5739571993278193,0.6659686920693536,0.6643598615916955,0.5239085239085239
scene,GSI_MLC_PA_MLP,1,0.8956158663883089,0.10438413361169102,0.5431454418928323,0.5588030619345858,0.8087412858586651,0.5726549919795293,0.6543062039366384,0.6559633027522935,0.4968684759916493
scene,GSI_MLC_PA_MLP,2,0.8905160390516039,0.10948396094839609,0.5306834030683403,0.5488145048814506,0.7586294733319905,0.5775581667514983,0.6494356863863854,0.647191011235955,0.4769874476987448
scene,GSI_MLC_PA_MLP,3,0.8794398907103825,0.12056010928961748,0.46653005464480873,0.48907103825136616,0.7085124990284072,0.5354324818671029,0.6048268578731864,0.6020293122886133,0.4016393442622951
scene,GSI_MLC_PA_MLP,4,0.8821898821898821,0.11781011781011781,0.5072765072765073,0.5297990297990297,0.7309949550948613,0.5630521212641125,0.6324508788517519,0.6247240618101545,0.4407484407484408
scene,GSI_MLC_PA_MLP,5,0.8967428967428968,0.10325710325710326,0.5578655578655578,0.572072072072072,0.8071483559831018,0.5816200345768615,0.6623312301510849,0.6621315192743764,0.5155925155925156
scene,GSI_MLC_PA_v3_1_MLP,1,0.894919972164231,0.10508002783576896,0.5410577592205985,0.55741127348643,0.8038562283874007,0.5726549919795293,0.6523248519552864,0.6544622425629291,0.49269311064718163
scene,GSI_MLC_PA_v3_1_MLP,2,0.8992329149232915,0.1007670850767085,0.5645048814504882,0.5770571827057183,0.8251638648663819,0.5837886963465139,0.6645591431765089,0.6689576174112256,0.5271966527196653
scene,GSI_MLC_PA_v3_1_MLP,3,0.8808060109289617,0.11919398907103824,0.4702868852459016,0.492827868852459,0.7096678877392474,0.5379595962069211,0.6061124522691236,0.6056497175141243,0.4036885245901639
scene,GSI_MLC_PA_v3_1_MLP,4,0.8808038808038808,0.1191961191961192,0.492030492030492,0.5145530145530145,0.7281966858803428,0.5528751595355227,0.6239988691400753,0.6169265033407573,0.4261954261954262
scene,GSI_MLC_PA_v3_1_MLP,5,0.8991683991683992,0.10083160083160084,0.5578655578655578,0.5693000693000693,0.827180407265153,0.5739571993278193,0.6659686920693536,0.6643598615916955,0.5239085239085239
yeast,BR_Logistic,1,0.7966126656848307,0.20338733431516937,0.4920577646866307,0.6015752517814373,0.4811652487100995,0.34002876704615176,0.3599663172280439,0.6286636192524873,0.13814432989690723
yeast,BR_Logistic,2,0.7977908689248896,0.20220913107511046,0.5060006545573555,0.6151855589999919,0.5170031394579077,0.3584552882323734,0.37780654590999685,0.6370605339677504,0.15876288659793814
yeast,BR_Logistic,3,0.8000597728631201,0.19994022713687987,0.5092440393172611,0.6171126409620132,0.527147979542926,0.35781993029497255,0.3790154046838568,0.6433901918976546,0.15481171548117154
yeast,BR_Logistic,4,0.7969768820391228,0.2030231179608773,0.49954344871357326,0.607994616034035,0.5643431757366029,0.3500881726948924,0.3728635353541395,0.6327077747989276,0.14730290456431536
yeast,BR_Logistic,5,0.7990613083015548,0.2009386916984453,0.4927479547602751,0.6042742906192597,0.5764687912596943,0.3548430941029081,0.38410483081531266,0.6334938469769931,0.13347022587268995
yeast,CC_Logistic,1,0.7832106038291605,0.21678939617083948,0.4739544933874831,0.5654951920931302,0.48337067636226416,0.36926264497121897,0.4001976550631749,0.6095490716180372,0.19381443298969073
yeast,CC_Logistic,2,0.7807069219440353,0.21929307805596465,0.49139755433569865,0.5832539282023818,0.4606211386385292,0.38193903682008706,0.402104014661902,0.6139486647653617,0.22268041237113403
yeast,CC_Logistic,3,0.7890017931858936,0.2109982068141064,0.5034053928405393,0.6011683342227275,0.49436629880560196,0.3837892210950873,0.4080957297530268,0.6311389759665622,0.21338912133891214
yeast,CC_Logistic,4,0.7817131001778305,0.21828689982216953,0.48748218701538204,0.588616639239046,0.4298920664893067,0.3776610577196596,0.39025167635524977,0.6202629543696829,0.1887966804979253
yeast,CC_Logistic,5,0.7877676738046347,0.21223232619536522,0.48917652618884644,0.589332000420296,0.47889194227980475,0.3851991916260996,0.40800626421397734,0.6240581969342687,0.19096509240246407
yeast,MLC_PA_Logistic,1,0.7966126656848307,0.20338733431516937,0.4920577646866307,0.6015752517814373,0.4811652487100995,0.34002876704615176,0.3599663172280439,0.6286636192524873,0.13814432989690723
yeast,MLC_PA_Logistic,2,0.7977908689248896,0.20220913107511046,0.5060006545573555,0.6151855589999919,0.5170031394579077,0.3584552882323734,0.37780654590999685,0.6370605339677504,0.15876288659793814
yeast,MLC_PA_Logistic,3,0.8000597728631201,0.19994022713687987,0.5092440393172611,0.6171126409620132,0.527147979542926,0.35781993029497255,0.3790154046838568,0.6433901918976546,0.15481171548117154
yeast,MLC_PA_Logistic,4,0.7969768820391228,0.2030231179608773,0.49954344871357326,0.607994616034035,0.5643431757366029,0.3500881726948924,0.3728635353541395,0.6327077747989276,0.14730290456431536
yeast,MLC_PA_Logistic,5,0.7990613083015548,0.2009386916984453,0.4927479547602751,0.6042742906192597,0.5764687912596943,0.3548430941029081,0.38410483081531266,0.6334938469769931,0.13347022587268995
yeast,GSI_MLC_PA_Logistic,1,0.7899852724594992,0.21001472754050074,0.5033439698903617,0.6118055941767282,0.4610549088955274,0.37545753305267954,0.383795844013077,0.6352941176470588,0.15257731958762888
yeast,GSI_MLC_PA_Logistic,2,0.7916053019145802,0.20839469808541974,0.5039248895434462,0.6132632316137471,0.4385899542964529,0.37592541810779034,0.38636520285200243,0.6363402724235415,0.16082474226804125
yeast,GSI_MLC_PA_Logistic,3,0.7948296473401075,0.20517035265989242,0.5134356113435612,0.6203661633577952,0.5265339298870019,0.3718247162401004,0.3840467950343466,0.6429128738621587,0.1589958158995816
yeast,GSI_MLC_PA_Logistic,4,0.7897154712507409,0.21028452874925904,0.5096691574907343,0.6170515155931314,0.5546224546637435,0.3799418788550697,0.3833839371269133,0.6379178361826997,0.16390041493775934
yeast,GSI_MLC_PA_Logistic,5,0.7946611909650925,0.2053388090349076,0.5024648805449627,0.6134041865048024,0.4975031440506014,0.36480842909531713,0.3753881668750911,0.6359854394175767,0.15811088295687886
yeast,GSI_MLC_PA_v3_1_Logistic,1,0.7955817378497791,0.2044182621502209,0.4984039213936121,0.6081859721034979,0.504882625883037,0.360608443287393,0.38565868650708646,0.6341591987348445,0.14432989690721648
yeast,GSI_MLC_PA_v3_1_Logistic,2,0.7936671575846834,0.20633284241531663,0.5021624938635247,0.6128579438888718,0.5096524179136852,0.36692139565410103,0.38804341521549807,0.634108122225124,0.1402061855670103
yeast,GSI_MLC_PA_v3_1_Logistic,3,0.7984160191273162,0.2015839808726838,0.5171763963604968,0.6259843828881487,0.5156320867576983,0.3722064957501309,0.39411501846798125,0.6475045727724066,0.16527196652719664
yeast,GSI_MLC_PA_v3_1_Logistic,4,0.7943094250148193,0.20569057498518079,0.4995525048948285,0.611439983483552,0.5517862796240645,0.35482656746344193,0.3790196184111226,0.6308510638297873,0.13900414937759337
yeast,GSI_MLC_PA_v3_1_Logistic,5,0.7986212965679085,0.20137870343209152,0.4942211792314461,0.606940994209988,0.549218125848912,0.35624784936677206,0.3875265364527741,0.6341593391953104,0.13552361396303902
yeast,BR_SVM,1,0.8,0.2,0.4934519718540337,0.6003921279179011,0.3995451006590667,0.31027394786088014,0.3245912961869378,0.6258953168044077,0.1463917525773196
yeast,BR_SVM,2,0.7982326951399117,0.20176730486008837,0.4935607920144003,0.6017391772030948,0.39500122510476726,0.31679294643925565,0.3262694215574274,0.6271094175285792,0.1463917525773196
yeast,BR_SVM,3,0.8017035265989241,0.19829647340107592,0.4984600185960018,0.6066725812541712,0.39828274697207433,0.3151104491210437,0.32755703666674346,0.6337289539056031,0.1401673640167364
yeast,BR_SVM,4,0.7999407231772377,0.2000592768227623,0.4921214216857371,0.6037527018854819,0.39624451505865765,0.3115885034906713,0.3251970254060056,0.6268656716417911,0.12863070539419086
yeast,BR_SVM,5,0.8019947198591962,0.19800528014080376,0.4834482252860076,0.597150009470338,0.40249413976805354,0.30850670552787623,0.32637148296031065,0.6254162042175361,0.1293634496919918
yeast,CC_SVM,1,0.793078055964654,0.20692194403534608,0.4939175257731959,0.5942364165044577,0.48922442837479085,0.35263882667719054,0.3783483381507624,0.625832223701731,0.18969072164948453
yeast,CC_SVM,2,0.7874815905743741,0.21251840942562591,0.4948748159057437,0.5937127362900559,0.45022159165859826,0.36347312911013624,0.3807577340546436,0.6233359436178544,0.2
yeast,CC_SVM,3,0.7976688583383145,0.2023311416616856,0.5172320183303447,0.6154947214570644,0.5340478258667929,0.36660243809685344,0.38714290678027796,0.6433087460484721,0.21548117154811716
yeast,CC_SVM,4,0.7910491997628927,0.2089508002371073,0.500421000161664,0.6028619375092406,0.5723374235214841,0.3688761030834824,0.38582934808256547,0.6326211568525274,0.1950207468879668
yeast,CC_SVM,5,0.7949545321208565,0.20504546787914343,0.49588996447312667,0.6005076032796772,0.5429617056051755,0.3601000481764901,0.3823191011564904,0.6313291139240507,0.188911704312115
yeast,MLC_PA_SVM,1,0.8,0.2,0.4934519718540337,0.6003921279179011,0.3995451006590667,0.31027394786088014,0.3245912961869378,0.6258953168044077,0.1463917525773196
yeast,MLC_PA_SVM,2,0.7982326951399117,0.20176730486008837,0.4935607920144003,0.6017391772030948,0.39500122510476726,0.31679294643925565,0.3262694215574274,0.6271094175285792,0.1463917525773196
yeast,MLC_PA_SVM,3,0.8017035265989241,0.19829647340107592,0.4984600185960018,0.6066725812541712,0.39828274697207433,0.3151104491210437,0.32755703666674346,0.6337289539056031,0.1401673640167364
yeast,MLC_PA_SVM,4,0.7999407231772377,0.2000592768227623,0.4921214216857371,0.6037527018854819,0.39624451505865765,0.3115885034906713,0.3251970254060056,0.6268656716417911,0.12863070539419086
yeast,MLC_PA_SVM,5,0.8019947198591962,0.19800528014080376,0.4834482252860076,0.597150009470338,0.40249413976805354,0.30850670552787623,0.32637148296031065,0.6254162042175361,0.1293634496919918
yeast,GSI_MLC_PA_SVM,1,0.796759941089838,0.203240058910162,0.4976159979768227,0.6060602398746728,0.5136707109015086,0.3353521493339549,0.3572979011934926,0.6300268096514745,0.1463917525773196
yeast,GSI_MLC_PA_SVM,2,0.7964653902798233,0.20353460972017673,0.5107731958762887,0.6219771522864307,0.43032015871900936,0.35526413970382803,0.3596836698482819,0.640665626625065,0.15463917525773196
yeast,GSI_MLC_PA_SVM,3,0.7988643156007172,0.20113568439928273,0.5207904659264492,0.6277714614534698,0.415839574011622,0.35393321533474076,0.3491903512843018,0.6481965499215891,0.18200836820083682
yeast,GSI_MLC_PA_SVM,4,0.7941612329579135,0.20583876704208653,0.49687509355559145,0.6083362810541233,0.5111254118491748,0.33871225859252524,0.3588444363764612,0.629105473965287,0.14315352697095435
yeast,GSI_MLC_PA_SVM,5,0.7987679671457906,0.20123203285420946,0.5066898080245102,0.6205658475679009,0.4996845639254269,0.35887830836527085,0.36896008479152037,0.6419624217118998,0.1437371663244353
yeast,GSI_MLC_PA_v3_1_SVM,1,0.7961708394698086,0.20382916053019146,0.4988737894407998,0.6067620581022642,0.4420009204743569,0.3360426250294162,0.3534146566137756,0.6307363927427961,0.1463917525773196
yeast,GSI_MLC_PA_v3_1_SVM,2,0.792341678939617,0.20765832106038293,0.4976476845033546,0.6097747155479115,0.4445945931721946,0.35056470122015904,0.36565750034694405,0.6297268907563025,0.13814432989690723
yeast,GSI_MLC_PA_v3_1_SVM,3,0.7996114763897191,0.20038852361028092,0.5097321843660755,0.6189325551250238,0.474865234691209,0.3433791436690523,0.3595582795224314,0.6419225634178906,0.15690376569037656
yeast,GSI_MLC_PA_v3_1_SVM,4,0.7943094250148193,0.20569057498518079,0.49285908881344564,0.6035373800933966,0.5158621994305624,0.33320709293108114,0.3577832058380398,0.6248648648648648,0.13485477178423236
yeast,GSI_MLC_PA_v3_1_SVM,5,0.7990613083015548,0.2009386916984453,0.49210178938105015,0.6055327515286448,0.490826396010429,0.3375719605037747,0.3638401477277813,0.630926724137931,0.13141683778234087
yeast,BR_MLP,1,0.7840942562592047,0.2159057437407953,0.4428972344951726,0.5577955950120899,0.47470216917784797,0.2608259592657513,0.27991835720306296,0.5809033733562036,0.09072164948453608
yeast,BR_MLP,2,0.7829160530191458,0.2170839469808542,0.43857797414498445,0.5567743024444056,0.38911620188611495,0.26083874950886743,0.27640417044420873,0.5805350028457599,0.0865979381443299
yeast,BR_MLP,3,0.7903466826060969,0.20965331739390317,0.45597728631201434,0.5695126932574631,0.4013172858733246,0.2688850459305513,0.2878319324111546,0.5974175035868006,0.09832635983263599
yeast,BR_MLP,4,0.7904564315352697,0.2095435684647303,0.456062177794543,0.5657373976876051,0.4622996135028915,0.27094014942206546,0.28933060316860393,0.5955377574370709,0.12863070539419086
yeast,BR_MLP,5,0.7874743326488707,0.21252566735112938,0.4388098497441413,0.5589101635302867,0.4773143542322578,0.2632970956864774,0.2872054601748592,0.5832614322691976,0.08418891170431211
yeast,CC_MLP,1,0.7829160530191458,0.2170839469808542,0.47804860088365236,0.5858531388428296,0.4170708169405094,0.3318579639784768,0.34832904586502406,0.6112869198312236,0.15051546391752577
yeast,CC_MLP,2,0.7864506627393225,0.21354933726067746,0.4863590247095401,0.6000734317229163,0.45080694853772574,0.33730226659294266,0.3505899647878488,0.6194225721784777,0.12989690721649486
yeast,CC_MLP,3,0.7884040645546921,0.21159593544530783,0.49539914989705786,0.6037043964868233,0.4524507528658667,0.34257875020525835,0.3573864997858954,0.6275644397685429,0.1589958158995816
yeast,CC_MLP,4,0.784973325429757,0.21502667457024305,0.48403260524629815,0.5952214221923765,0.48476841161341616,0.3416907612264511,0.357437481466699,0.6186596583442838,0.15145228215767634
yeast,CC_MLP,5,0.7867409797594602,0.21325902024053975,0.4831516247840683,0.5987876257896793,0.45986538489035783,0.3526070338147127,0.37013712826556333,0.6217481789802289,0.13347022587268995
yeast,MLC_PA_MLP,1,0.7840942562592047,0.2159057437407953,0.4428972344951726,0.5577955950120899,0.47470216917784797,0.2608259592657513,0.27991835720306296,0.5809033733562036,0.09072164948453608
yeast,MLC_PA_MLP,2,0.7829160530191458,0.2170839469808542,0.43857797414498445,0.5567743024444056,0.38911620188611495,0.26083874950886743,0.27640417044420873,0.5805350028457599,0.0865979381443299
yeast,MLC_PA_MLP,3,0.7903466826060969,0.20965331739390317,0.45597728631201434,0.5695126932574631,0.4013172858733246,0.2688850459305513,0.2878319324111546,0.5974175035868006,0.09832635983263599
yeast,MLC_PA_MLP,4,0.7904564315352697,0.2095435684647303,0.456062177794543,0.5657373976876051,0.4622996135028915,0.27094014942206546,0.28933060316860393,0.5955377574370709,0.12863070539419086
yeast,MLC_PA_MLP,5,0.7874743326488707,0.21252566735112938,0.4388098497441413,0.5589101635302867,0.4773143542322578,0.2632970956864774,0.2872054601748592,0.5832614322691976,0.08418891170431211
yeast,GSI_MLC_PA_MLP,1,0.7874815905743741,0.21251840942562591,0.4807339224349534,0.5906047560686736,0.40669542766483796,0.32624528861487784,0.34249843032983895,0.6153025859770728,0.1402061855670103
yeast,GSI_MLC_PA_MLP,2,0.7863033873343152,0.21369661266568482,0.4782326951399116,0.5937426147735426,0.42025553103087715,0.3258334519101299,0.3382893309160602,0.615221426677274,0.1134020618556701
yeast,GSI_MLC_PA_MLP,3,0.7887029288702929,0.2112970711297071,0.48850730859099056,0.6005173232160679,0.44007248714590624,0.3307238599142347,0.346412130842057,0.6233351092168353,0.13807531380753138
yeast,GSI_MLC_PA_MLP,4,0.7870480142264374,0.21295198577356253,0.4861956105213367,0.5948562387359068,0.4394085729137908,0.3370854589826598,0.3486444104952961,0.6209443418623055,0.14937759336099585
yeast,GSI_MLC_PA_MLP,5,0.7873276620709886,0.21267233792901144,0.4741656073791597,0.5906159776796327,0.4375495666578462,0.32908974687366843,0.3477219234185355,0.6131270010672358,0.11088295687885011
yeast,GSI_MLC_PA_v3_1_MLP,1,0.7874815905743741,0.21251840942562591,0.4807339224349534,0.5906047560686736,0.40669542766483796,0.32624528861487784,0.34249843032983895,0.6153025859770728,0.1402061855670103
yeast,GSI_MLC_PA_v3_1_MLP,2,0.7849779086892489,0.21502209131075112,0.4798682703321879,0.5931217579671187,0.47356622844076074,0.3296219972052186,0.3419041999675031,0.6151818661043753,0.12164948453608247
yeast,GSI_MLC_PA_v3_1_MLP,3,0.7887029288702929,0.2112970711297071,0.48850730859099056,0.6005173232160679,0.44007248714590624,0.3307238599142347,0.346412130842057,0.6233351092168353,0.13807531380753138
yeast,GSI_MLC_PA_v3_1_MLP,4,0.7870480142264374,0.21295198577356253,0.486899522791639,0.5957944084500102,0.427577289570578,0.3387105319243471,0.3509210718073393,0.6215433236765868,0.14937759336099585
yeast,GSI_MLC_PA_v3_1_MLP,5,0.7865943091815781,0.2134056908184218,0.4806875590756494,0.598164167568685,0.4506651645909513,0.34311733439637754,0.3599083604364003,0.6186107470511141,0.11909650924024641
humanpseaac,BR_Logistic,1,0.9107436077879427,0.08925639221205724,0.19129720853858784,0.20684181718664477,0.19813903243015757,0.08340870252174655,0.11278123595117061,0.28410159924741296,0.14614121510673234
humanpseaac,BR_Logistic,2,0.9113378684807256,0.08866213151927438,0.16256613756613755,0.17386243386243386,0.18305325332214237,0.069084192685232,0.09397442140394943,0.24807692307692308,0.13015873015873017
humanpseaac,BR_Logistic,3,0.9160401002506265,0.08395989974937343,0.1855396065922382,0.19776714513556615,0.21481833967808722,0.081679644694111,0.11379649056194753,0.27956989247311825,0.14992025518341306
humanpseaac,BR_Logistic,4,0.9131493506493507,0.08685064935064934,0.1956168831168831,0.20795454545454545,0.1973501223149358,0.0823811811335917,0.11259601261527442,0.2804995196926033,0.1590909090909091
humanpseaac,BR_Logistic,5,0.9184981684981685,0.0815018315018315,0.2254273504273504,0.2419871794871795,0.2892639217849302,0.0970731190187777,0.12877824807822688,0.3333333333333333,0.1778846153846154
humanpseaac,CC_Logistic,1,0.8996012197982641,0.10039878020173587,0.345511767925561,0.3670498084291187,0.16290516883899614,0.14381903880013777,0.14076472669806545,0.3742690058479532,0.2824302134646962
humanpseaac,CC_Logistic,2,0.9036281179138322,0.0963718820861678,0.3558201058201058,0.37296296296296294,0.17576831663415082,0.14814041415901333,0.14261219532057062,0.38226744186046513,0.30634920634920637
humanpseaac,CC_Logistic,3,0.903280929596719,0.09671907040328093,0.33838383838383834,0.3590643274853801,0.16587284980574074,0.13938930153627488,0.13619559637304524,0.3761939750183688,0.27751196172248804
humanpseaac,CC_Logistic,4,0.899582560296846,0.10041743970315399,0.34388528138528135,0.36141774891774886,0.16267969420316036,0.1379871360849684,0.1309903817187493,0.36229749631811486,0.2922077922077922
humanpseaac,CC_Logistic,5,0.9041895604395604,0.09581043956043957,0.3625801282051282,0.38231837606837604,0.21408864290220223,0.1524066845745143,0.14777281292605998,0.39215686274509803,0.3060897435897436
humanpseaac,MLC_PA_Logistic,1,0.9107436077879427,0.08925639221205724,0.19129720853858784,0.20684181718664477,0.19813903243015757,0.08340870252174655,0.11278123595117061,0.28410159924741296,0.14614121510673234
humanpseaac,MLC_PA_Logistic,2,0.9113378684807256,0.08866213151927438,0.16256613756613755,0.17386243386243386,0.18305325332214237,0.069084192685232,0.09397442140394943,0.24807692307692308,0.13015873015873017
humanpseaac,MLC_PA_Logistic,3,0.9160401002506265,0.08395989974937343,0.1855396065922382,0.19776714513556615,0.21481833967808722,0.081679644694111,0.11379649056194753,0.27956989247311825,0.14992025518341306
humanpseaac,MLC_PA_Logistic,4,0.9131493506493507,0.08685064935064934,0.1956168831168831,0.20795454545454545,0.1973501223149358,0.0823811811335917,0.11259601261527442,0.2804995196926033,0.1590909090909091
humanpseaac,MLC_PA_Logistic,5,0.9184981684981685,0.0815018315018315,0.2254273504273504,0.2419871794871795,0.2892639217849302,0.0970731190187777,0.12877824807822688,0.3333333333333333,0.1778846153846154
humanpseaac,GSI_MLC_PA_Logistic,1,0.9110954726718273,0.08890452732817265,0.19184455391351943,0.20684181718664477,0.21599617528730047,0.08185590749069063,0.11077065394058859,0.2835538752362949,0.1477832512315271
humanpseaac,GSI_MLC_PA_Logistic,2,0.9126984126984127,0.0873015873015873,0.15158730158730158,0.16105820105820104,0.17398492611375801,0.06364535048168392,0.08935589112275885,0.23306772908366533,0.12380952380952381
humanpseaac,GSI_MLC_PA_Logistic,3,0.9166097060833903,0.08339029391660971,0.16852737905369483,0.17862838915470491,0.21709074987268187,0.07244778293532297,0.10488903023987572,0.25609756097560976,0.13875598086124402
humanpseaac,GSI_MLC_PA_Logistic,4,0.9160482374768089,0.0839517625231911,0.1937229437229437,0.20259740259740258,0.20402130288928758,0.07731353211550163,0.1086445392393076,0.2745490981963928,0.1672077922077922
humanpseaac,GSI_MLC_PA_Logistic,5,0.9190705128205128,0.08092948717948718,0.22008547008547005,0.23450854700854698,0.30518388006404357,0.08880164633646546,0.1199983102473512,0.3260247855100095,0.1778846153846154
humanpseaac,GSI_MLC_PA_v3_1_Logistic,1,0.9110954726718273,0.08890452732817265,0.1921182266009852,0.20738916256157633,0.21109938898657327,0.08340870252174655,0.11336139653133116,0.2849056603773585,0.1477832512315271
humanpseaac,GSI_MLC_PA_v3_1_Logistic,2,0.9109977324263039,0.08900226757369614,0.15965608465608463,0.1704232804232804,0.16229112071790452,0.06548481866332276,0.08834519582739007,0.24300867888138863,0.12857142857142856
humanpseaac,GSI_MLC_PA_v3_1_Logistic,3,0.9159261790840738,0.08407382091592618,0.18181818181818182,0.1937799043062201,0.21303262539237294,0.07867550876743987,0.11005332493834123,0.275049115913556,0.1467304625199362
humanpseaac,GSI_MLC_PA_v3_1_Logistic,4,0.9132653061224489,0.08673469387755102,0.19318181818181818,0.20524891774891774,0.19628279883381922,0.08039667133507457,0.11040461700512517,0.277992277992278,0.15746753246753248
humanpseaac,GSI_MLC_PA_v3_1_Logistic,5,0.9194139194139194,0.08058608058608059,0.21955128205128205,0.23557692307692307,0.32620043777063484,0.09218075111271117,0.12499110424292893,0.3295238095238095,0.17307692307692307
humanpseaac,BR_SVM,1,0.914496833216045,0.08550316678395496,0.034482758620689655,0.03503010399562124,0.2229064039408867,0.0101624041680014,0.018586983792463246,0.056921086675291076,0.03284072249589491
humanpseaac,BR_SVM,2,0.9166666666666666,0.08333333333333333,0.02619047619047619,0.026984126984126985,0.12980030721966204,0.008085861991122725,0.014614876809583883,0.04669260700389105,0.023809523809523808
humanpseaac,BR_SVM,3,0.9175210754158123,0.08247892458418775,0.027910685805422646,0.02817650186071239,0.1894409937888199,0.00809945190197291,0.015013482998196265,0.04736842105263158,0.02711323763955343
humanpseaac,BR_SVM,4,0.9148886827458256,0.0851113172541744,0.02353896103896104,0.02380952380952381,0.18027210884353742,0.007640508187910247,0.014325396825396824,0.03926701570680628,0.022727272727272728
humanpseaac,BR_SVM,5,0.91632326007326,0.08367673992673992,0.011217948717948718,0.011752136752136754,0.12698412698412698,0.0034294539733701703,0.006625337611253105,0.0214190093708166,0.009615384615384616
humanpseaac,CC_SVM,1,0.9020642739854563,0.09793572601454374,0.2640941434044882,0.27695675971538036,0.11468399014710275,0.09483325508786662,0.08246032750739112,0.3070539419087137,0.22660098522167488
humanpseaac,CC_SVM,2,0.9012471655328798,0.09875283446712019,0.24179894179894176,0.2529100529100529,0.11734575573392422,0.08870408440856917,0.07216556402771433,0.28547990155865466,0.20952380952380953
humanpseaac,CC_SVM,3,0.9049897470950102,0.09501025290498975,0.22966507177033493,0.24109516214779372,0.15492879394748554,0.08128765804230355,0.07359234184171771,0.2847341337907376,0.19617224880382775
humanpseaac,CC_SVM,4,0.9014378478664193,0.0985621521335807,0.2602813852813852,0.2719155844155844,0.15271942465685634,0.1064663065513859,0.08954736208117334,0.30098684210526316,0.22727272727272727
humanpseaac,CC_SVM,5,0.9036172161172161,0.09638278388278389,0.27417200854700857,0.2864316239316239,0.1584492361638212,0.10215854710501884,0.07731471665821334,0.31655844155844154,0.2387820512820513
humanpseaac,MLC_PA_SVM,1,0.914496833216045,0.08550316678395496,0.034482758620689655,0.03503010399562124,0.2229064039408867,0.0101624041680014,0.018586983792463246,0.056921086675291076,0.03284072249589491
humanpseaac,MLC_PA_SVM,2,0.9166666666666666,0.08333333333333333,0.02619047619047619,0.026984126984126985,0.12980030721966204,0.008085861991122725,0.014614876809583883,0.04669260700389105,0.023809523809523808
humanpseaac,MLC_PA_SVM,3,0.9175210754158123,0.08247892458418775,0.027910685805422646,0.02817650186071239,0.1894409937888199,0.00809945190197291,0.015013482998196265,0.04736842105263158,0.02711323763955343
humanpseaac,MLC_PA_SVM,4,0.9148886827458256,0.0851113172541744,0.02353896103896104,0.02380952380952381,0.18027210884353742,0.007640508187910247,0.014325396825396824,0.03926701570680628,0.022727272727272728
humanpseaac,MLC_PA_SVM,5,0.91632326007326,0.08367673992673992,0.011217948717948718,0.011752136752136754,0.12698412698412698,0.0034294539733701703,0.006625337611253105,0.0214190093708166,0.009615384615384616
humanpseaac,GSI_MLC_PA_SVM,1,0.9143795449214168,0.08562045507858315,0.04980842911877394,0.05227148330596606,0.1743764172335601,0.016387644013354845,0.02936240029630845,0.0875,0.042692939244663386
humanpseaac,GSI_MLC_PA_SVM,2,0.9166666666666666,0.08333333333333333,0.04788359788359788,0.05026455026455026,0.1875,0.016528309883931124,0.02795075295075295,0.08695652173913043,0.04126984126984127
humanpseaac,GSI_MLC_PA_SVM,3,0.9175210754158123,0.08247892458418775,0.0342902711323764,0.03455608718766613,0.29658385093167705,0.012088558737049938,0.022723105683466218,0.057291666666666664,0.03349282296650718
humanpseaac,GSI_MLC_PA_SVM,4,0.9151205936920223,0.08487940630797773,0.045454545454545456,0.046536796536796536,0.2441798941798942,0.019096890801104407,0.03480087277685029,0.07575757575757576,0.04220779220779221
humanpseaac,GSI_MLC_PA_SVM,5,0.9150641025641025,0.08493589743589744,0.017628205128205128,0.0186965811965812,0.1984126984126984,0.007814599760554543,0.014947965395357438,0.033854166666666664,0.014423076923076924
humanpseaac,GSI_MLC_PA_v3_1_SVM,1,0.9130893736805067,0.08691062631949331,0.03776683087027915,0.03886152162014231,0.15266830870279144,0.012011957888587528,0.02184293862128223,0.0632111251580278,0.034482758620689655
humanpseaac,GSI_MLC_PA_v3_1_SVM,2,0.9163265306122449,0.0836734693877551,0.03544973544973545,0.03677248677248677,0.21160302830809744,0.013240295643174579,0.024119654396575756,0.06345177664974619,0.031746031746031744
humanpseaac,GSI_MLC_PA_v3_1_SVM,3,0.9175210754158123,0.08247892458418775,0.0342902711323764,0.03455608718766614,0.17515527950310564,0.01195283918091351,0.022148566162749038,0.057291666666666664,0.03349282296650718
humanpseaac,GSI_MLC_PA_v3_1_SVM,4,0.9145408163265306,0.08545918367346939,0.02922077922077922,0.02976190476190476,0.1326530612244898,0.011374350487392965,0.020927785887371063,0.04903225806451613,0.027597402597402596
humanpseaac,GSI_MLC_PA_v3_1_SVM,5,0.9151785714285714,0.08482142857142858,0.014423076923076924,0.014957264957264956,0.16984126984126985,0.004795309852810624,0.00925941970681175,0.026281208935611037,0.01282051282051282
humanpseaac,BR_MLP,1,0.9135585268590195,0.08644147314098052,0.005747126436781609,0.0060207991242474,0.047619047619047616,0.006211180124223602,0.01098901098901099,0.010738255033557046,0.0049261083743842365
humanpseaac,BR_MLP,2,0.9168934240362812,0.08310657596371882,0.004761904761904762,0.005291005291005291,0.047619047619047616,0.006349206349206349,0.011204481792717087,0.010796221322537112,0.0031746031746031746
humanpseaac,BR_MLP,3,0.916267942583732,0.08373205741626795,0.001594896331738437,0.001594896331738437,0.07142857142857142,0.000992063492063492,0.0019569471624266144,0.0027137042062415195,0.001594896331738437
humanpseaac,BR_MLP,4,0.9141929499072357,0.08580705009276438,0.003246753246753247,0.003246753246753247,0.023809523809523808,0.003105590062111801,0.005494505494505495,0.005376344086021506,0.003246753246753247
humanpseaac,BR_MLP,5,0.9157509157509157,0.08424908424908426,0.0016025641025641025,0.0016025641025641025,0.03571428571428571,0.0015527950310559005,0.002976190476190476,0.0027100271002710027,0.0016025641025641025
humanpseaac,CC_MLP,1,0.9152005629838142,0.08479943701618578,0.2129173508483853,0.2279146141215107,0.2912899753390551,0.09546183408967192,0.12771826805485445,0.30945558739255014,0.16912972085385877
humanpseaac,CC_MLP,2,0.915079365079365,0.08492063492063492,0.18835978835978837,0.1992063492063492,0.20949883898670962,0.08127833827852247,0.11061749526868789,0.2749273959341723,0.15873015873015872
humanpseaac,CC_MLP,3,0.9152426520847573,0.08475734791524266,0.20972886762360446,0.2208399787347156,0.19412336425737214,0.08857926626383862,0.11563334402065087,0.2981132075471698,0.17703349282296652
humanpseaac,CC_MLP,4,0.9117578849721707,0.08824211502782932,0.19304653679653677,0.20514069264069262,0.18378887194676669,0.0864559701902925,0.11372753503136095,0.27730294396961064,0.1590909090909091
humanpseaac,CC_MLP,5,0.91632326007326,0.08367673992673992,0.21875,0.23183760683760687,0.2628346799399431,0.09669887507871876,0.12374752264994224,0.3123236124176858,0.18108974358974358
humanpseaac,MLC_PA_MLP,1,0.9135585268590195,0.08644147314098052,0.005747126436781609,0.0060207991242474,0.047619047619047616,0.006211180124223602,0.01098901098901099,0.010738255033557046,0.0049261083743842365
humanpseaac,MLC_PA_MLP,2,0.9168934240362812,0.08310657596371882,0.004761904761904762,0.005291005291005291,0.047619047619047616,0.006349206349206349,0.011204481792717087,0.010796221322537112,0.0031746031746031746
humanpseaac,MLC_PA_MLP,3,0.916267942583732,0.08373205741626795,0.001594896331738437,0.001594896331738437,0.07142857142857142,0.000992063492063492,0.0019569471624266144,0.0027137042062415195,0.001594896331738437
humanpseaac,MLC_PA_MLP,4,0.9141929499072357,0.08580705009276438,0.003246753246753247,0.003246753246753247,0.023809523809523808,0.003105590062111801,0.005494505494505495,0.005376344086021506,0.003246753246753247
humanpseaac,MLC_PA_MLP,5,0.9157509157509157,0.08424908424908426,0.0016025641025641025,0.0016025641025641025,0.03571428571428571,0.0015527950310559005,0.002976190476190476,0.0027100271002710027,0.0016025641025641025
humanpseaac,GSI_MLC_PA_MLP,1,0.9142622566267886,0.08573774337321136,0.16721401204159828,0.18007662835249041,0.21747558853877896,0.07570702122626387,0.10806783003652101,0.26532663316582916,0.13136288998357964
humanpseaac,GSI_MLC_PA_MLP,2,0.915079365079365,0.08492063492063492,0.16243386243386243,0.1735449735449735,0.20639430802920922,0.07157276699311939,0.10263889795121132,0.25324027916251246,0.13174603174603175
humanpseaac,GSI_MLC_PA_MLP,3,0.9160401002506265,0.08395989974937343,0.1682615629984051,0.18043593833067517,0.21165565802592226,0.07298554176512614,0.10364973076599013,0.26520438683948155,0.13237639553429026
humanpseaac,GSI_MLC_PA_MLP,4,0.9109461966604824,0.08905380333951762,0.159767316017316,0.170508658008658,0.19241853319722171,0.0729113256507385,0.1031793501656327,0.24260355029585798,0.12987012987012986
humanpseaac,GSI_MLC_PA_MLP,5,0.9162087912087912,0.08379120879120878,0.1577190170940171,0.16864316239316238,0.2693725735908398,0.07089348703793795,0.10292081286366596,0.2530612244897959,0.1266025641025641
humanpseaac,GSI_MLC_PA_v3_1_MLP,1,0.9142622566267886,0.08573774337321136,0.16721401204159828,0.18007662835249041,0.21747558853877896,0.07570702122626387,0.10806783003652101,0.26532663316582916,0.13136288998357964
humanpseaac,GSI_MLC_PA_v3_1_MLP,2,0.915079365079365,0.08492063492063492,0.16243386243386243,0.1735449735449735,0.20639430802920922,0.07157276699311939,0.10263889795121132,0.25324027916251246,0.13174603174603175
humanpseaac,GSI_MLC_PA_v3_1_MLP,3,0.9158122579175211,0.08418774208247892,0.1783625730994152,0.1900053163211058,0.20336839941881957,0.07610354708240614,0.1062648185865698,0.2704837117472853,0.14354066985645933
humanpseaac,GSI_MLC_PA_v3_1_MLP,4,0.9109461966604824,0.08905380333951762,0.159767316017316,0.170508658008658,0.19241853319722171,0.0729113256507385,0.1031793501656327,0.24260355029585798,0.12987012987012986
humanpseaac,GSI_MLC_PA_v3_1_MLP,5,0.9162087912087912,0.08379120879120878,0.17481303418803418,0.18653846153846151,0.26525557244764164,0.07611772397197536,0.10724782347735652,0.27091633466135456,0.14102564102564102
