Dataset,Model,Cost,Fold,Scope,Reviewer Accuracy,AURC,Captured Error Count,Cost-Sensitive Utility,Coverage,Error Capture Lift,Error Capture Rate,Full Error Count,Generalized Loss,Immediate Hamming Accuracy,Immediate Instance-F1,Immediate Macro-F1,Optimistic Gain Hamming Accuracy,Optimistic Gain Macro-F1,Optimistic Hamming Accuracy,Optimistic Macro-F1,Random-Rejection Expected Capture,Rejected Error Rate,Review Load Case,Review Load Position,Reviewed Position Count,Risk at Coverage,Selective Hamming Accuracy,Selective Risk
viruspseaac,MLC_PA_Logistic,0.20,1,Operating Point,,0.06308700186146449,3,,0.9375,0.9411764705882353,0.058823529411764705,51,0.25833333333333336,0.7875,0.2958333333333333,0.35936285936285933,-0.033333333333333326,0.24134622930405397,0.7541666666666667,0.6007090886669133,0.0625,0.2,0.35,0.0625,15,0.26222222222222225,0.7377777777777778,0.26222222222222225
viruspseaac,MLC_PA_Logistic,0.20,2,Operating Point,,0.07495096256691162,1,,0.975,0.7547169811320754,0.018867924528301886,53,0.25499999999999995,0.7791666666666667,0.3208333333333333,0.346696127946128,-0.029166666666666674,0.154874136414834,0.75,0.501570264360962,0.025,0.16666666666666666,0.15,0.025,6,0.2564102564102564,0.7435897435897436,0.2564102564102564
viruspseaac,MLC_PA_Logistic,0.20,3,Operating Point,,0.07942464760804036,7,,0.9102564102564102,1.6956521739130437,0.15217391304347827,46,0.28290598290598296,0.8034188034188035,0.3589743589743589,0.4120471014492754,-0.06837606837606836,0.10666038154392182,0.7350427350427351,0.5187074829931972,0.08974358974358974,0.3333333333333333,0.5128205128205128,0.08974358974358974,21,0.29107981220657275,0.7089201877934272,0.29107981220657275
viruspseaac,MLC_PA_Logistic,0.20,4,Operating Point,,0.06699753707733676,3,,0.9689922480620154,1.9744897959183674,0.061224489795918366,49,0.25426356589147286,0.810077519379845,0.33720930232558133,0.3575757575757576,-0.05813953488372092,0.19891774891774888,0.751937984496124,0.5564935064935065,0.031007751937984496,0.375,0.16279069767441862,0.031007751937984496,8,0.256,0.744,0.256
viruspseaac,MLC_PA_Logistic,0.20,5,Operating Point,,0.06269350237471676,1,,0.9259259259259259,0.28125,0.020833333333333332,48,0.27407407407407414,0.8222222222222222,0.39259259259259255,0.3705069124423963,-0.08148148148148149,0.015836454335753147,0.7407407407407407,0.38634336677814946,0.07407407407407407,0.05,0.4,0.07407407407407407,20,0.28,0.72,0.28
viruspseaac,MLC_PA_Logistic,0.25,1,Operating Point,,0.06308700186146449,3,,0.9375,0.9411764705882353,0.058823529411764705,51,0.26145833333333335,0.7875,0.2958333333333333,0.35936285936285933,-0.033333333333333326,0.24134622930405397,0.7541666666666667,0.6007090886669133,0.0625,0.2,0.35,0.0625,15,0.26222222222222225,0.7377777777777778,0.26222222222222225
viruspseaac,MLC_PA_Logistic,0.25,2,Operating Point,,0.07495096256691162,1,,0.975,0.7547169811320754,0.018867924528301886,53,0.25625,0.7791666666666667,0.3208333333333333,0.346696127946128,-0.029166666666666674,0.154874136414834,0.75,0.501570264360962,0.025,0.16666666666666666,0.15,0.025,6,0.2564102564102564,0.7435897435897436,0.2564102564102564
viruspseaac,MLC_PA_Logistic,0.25,3,Operating Point,,0.07942464760804036,6,,0.9230769230769231,1.6956521739130432,0.13043478260869565,46,0.28846153846153844,0.8034188034188035,0.3589743589743589,0.4120471014492754,-0.07264957264957261,0.09174810084216739,0.7307692307692308,0.5037952022914428,0.07692307692307693,0.3333333333333333,0.46153846153846156,0.07692307692307693,18,0.29166666666666674,0.7083333333333333,0.29166666666666674
viruspseaac,MLC_PA_Logistic,0.25,4,Operating Point,,0.06699753707733676,1,,0.9844961240310077,1.316326530612245,0.02040816326530612,49,0.2596899224806202,0.810077519379845,0.33720930232558133,0.3575757575757576,-0.06589147286821706,0.11558441558441557,0.7441860465116279,0.47316017316017317,0.015503875968992248,0.25,0.09302325581395349,0.015503875968992248,4,0.25984251968503935,0.7401574803149606,0.25984251968503935
viruspseaac,MLC_PA_Logistic,0.25,5,Operating Point,,0.06269350237471676,1,,0.9259259259259259,0.28125,0.020833333333333332,48,0.2777777777777778,0.8222222222222222,0.39259259259259255,0.3705069124423963,-0.08148148148148149,0.015836454335753147,0.7407407407407407,0.38634336677814946,0.07407407407407407,0.05,0.4,0.07407407407407407,20,0.28,0.72,0.28
viruspseaac,MLC_PA_Logistic,0.30,1,Operating Point,,0.06308700186146449,3,,0.9375,0.9411764705882353,0.058823529411764705,51,0.26458333333333334,0.7875,0.2958333333333333,0.35936285936285933,-0.033333333333333326,0.24134622930405397,0.7541666666666667,0.6007090886669133,0.0625,0.2,0.35,0.0625,15,0.26222222222222225,0.7377777777777778,0.26222222222222225
viruspseaac,MLC_PA_Logistic,0.30,2,Operating Point,,0.07495096256691162,1,,0.975,0.7547169811320754,0.018867924528301886,53,0.25750000000000006,0.7791666666666667,0.3208333333333333,0.346696127946128,-0.029166666666666674,0.154874136414834,0.75,0.501570264360962,0.025,0.16666666666666666,0.15,0.025,6,0.2564102564102564,0.7435897435897436,0.2564102564102564
viruspseaac,MLC_PA_Logistic,0.30,3,Operating Point,,0.07942464760804036,6,,0.9230769230769231,1.6956521739130432,0.13043478260869565,46,0.2923076923076922,0.8034188034188035,0.3589743589743589,0.4120471014492754,-0.07264957264957261,0.09174810084216739,0.7307692307692308,0.5037952022914428,0.07692307692307693,0.3333333333333333,0.46153846153846156,0.07692307692307693,18,0.29166666666666674,0.7083333333333333,0.29166666666666674
viruspseaac,MLC_PA_Logistic,0.30,4,Operating Point,,0.06699753707733676,1,,0.9844961240310077,1.316326530612245,0.02040816326530612,49,0.26046511627906976,0.810077519379845,0.33720930232558133,0.3575757575757576,-0.06589147286821706,0.11558441558441557,0.7441860465116279,0.47316017316017317,0.015503875968992248,0.25,0.09302325581395349,0.015503875968992248,4,0.25984251968503935,0.7401574803149606,0.25984251968503935
viruspseaac,MLC_PA_Logistic,0.30,5,Operating Point,,0.06269350237471676,1,,0.9259259259259259,0.28125,0.020833333333333332,48,0.28148148148148144,0.8222222222222222,0.39259259259259255,0.3705069124423963,-0.08148148148148149,0.015836454335753147,0.7407407407407407,0.38634336677814946,0.07407407407407407,0.05,0.4,0.07407407407407407,20,0.28,0.72,0.28
viruspseaac,MLC_PA_Logistic,0.35,1,Operating Point,,0.06308700186146449,3,,0.9375,0.9411764705882353,0.058823529411764705,51,0.2677083333333333,0.7875,0.2958333333333333,0.35936285936285933,-0.033333333333333326,0.24134622930405397,0.7541666666666667,0.6007090886669133,0.0625,0.2,0.35,0.0625,15,0.26222222222222225,0.7377777777777778,0.26222222222222225
viruspseaac,MLC_PA_Logistic,0.35,2,Operating Point,,0.07495096256691162,1,,0.975,0.7547169811320754,0.018867924528301886,53,0.25875,0.7791666666666667,0.3208333333333333,0.346696127946128,-0.029166666666666674,0.154874136414834,0.75,0.501570264360962,0.025,0.16666666666666666,0.15,0.025,6,0.2564102564102564,0.7435897435897436,0.2564102564102564
viruspseaac,MLC_PA_Logistic,0.35,3,Operating Point,,0.07942464760804036,6,,0.9230769230769231,1.6956521739130432,0.13043478260869565,46,0.2961538461538461,0.8034188034188035,0.3589743589743589,0.4120471014492754,-0.07264957264957261,0.09174810084216739,0.7307692307692308,0.5037952022914428,0.07692307692307693,0.3333333333333333,0.46153846153846156,0.07692307692307693,18,0.29166666666666674,0.7083333333333333,0.29166666666666674
viruspseaac,MLC_PA_Logistic,0.35,4,Operating Point,,0.06699753707733676,1,,0.9844961240310077,1.316326530612245,0.02040816326530612,49,0.2612403100775194,0.810077519379845,0.33720930232558133,0.3575757575757576,-0.06589147286821706,0.11558441558441557,0.7441860465116279,0.47316017316017317,0.015503875968992248,0.25,0.09302325581395349,0.015503875968992248,4,0.25984251968503935,0.7401574803149606,0.25984251968503935
viruspseaac,MLC_PA_Logistic,0.35,5,Operating Point,,0.06269350237471676,1,,0.9259259259259259,0.28125,0.020833333333333332,48,0.2851851851851852,0.8222222222222222,0.39259259259259255,0.3705069124423963,-0.08148148148148149,0.015836454335753147,0.7407407407407407,0.38634336677814946,0.07407407407407407,0.05,0.4,0.07407407407407407,20,0.28,0.72,0.28
viruspseaac,MLC_PA_Logistic,0.40,1,Operating Point,,0.06308700186146449,3,,0.9375,0.9411764705882353,0.058823529411764705,51,0.2708333333333333,0.7875,0.2958333333333333,0.35936285936285933,-0.033333333333333326,0.24134622930405397,0.7541666666666667,0.6007090886669133,0.0625,0.2,0.35,0.0625,15,0.26222222222222225,0.7377777777777778,0.26222222222222225
viruspseaac,MLC_PA_Logistic,0.40,2,Operating Point,,0.07495096256691162,1,,0.975,0.7547169811320754,0.018867924528301886,53,0.26,0.7791666666666667,0.3208333333333333,0.346696127946128,-0.029166666666666674,0.154874136414834,0.75,0.501570264360962,0.025,0.16666666666666666,0.15,0.025,6,0.2564102564102564,0.7435897435897436,0.2564102564102564
viruspseaac,MLC_PA_Logistic,0.40,3,Operating Point,,0.07942464760804036,6,,0.9230769230769231,1.6956521739130432,0.13043478260869565,46,0.3000000000000001,0.8034188034188035,0.3589743589743589,0.4120471014492754,-0.07264957264957261,0.09174810084216739,0.7307692307692308,0.5037952022914428,0.07692307692307693,0.3333333333333333,0.46153846153846156,0.07692307692307693,18,0.29166666666666674,0.7083333333333333,0.29166666666666674
viruspseaac,MLC_PA_Logistic,0.40,4,Operating Point,,0.06699753707733676,1,,0.9844961240310077,1.316326530612245,0.02040816326530612,49,0.26201550387596895,0.810077519379845,0.33720930232558133,0.3575757575757576,-0.06589147286821706,0.11558441558441557,0.7441860465116279,0.47316017316017317,0.015503875968992248,0.25,0.09302325581395349,0.015503875968992248,4,0.25984251968503935,0.7401574803149606,0.25984251968503935
viruspseaac,MLC_PA_Logistic,0.40,5,Operating Point,,0.06269350237471676,1,,0.9296296296296296,0.29605263157894735,0.020833333333333332,48,0.29111111111111115,0.8222222222222222,0.39259259259259255,0.3705069124423963,-0.08518518518518514,0.013420995398555069,0.737037037037037,0.3839279078409514,0.07037037037037037,0.05263157894736842,0.37777777777777777,0.07037037037037037,19,0.2828685258964143,0.7171314741035857,0.2828685258964143
viruspseaac,MLC_PA_Logistic,0.50,1,Operating Point,,0.06308700186146449,0,,1.0,,0.0,51,0.2625,0.7875,0.2958333333333333,0.35936285936285933,-0.04999999999999993,0.22465975673522848,0.7375,0.5840226160980878,0.0,,0.0,0.0,0,0.26249999999999996,0.7375,0.26249999999999996
viruspseaac,MLC_PA_Logistic,0.50,2,Operating Point,,0.07495096256691162,0,,1.0,,0.0,53,0.25416666666666665,0.7791666666666667,0.3208333333333333,0.346696127946128,-0.033333333333333326,0.15042969197038963,0.7458333333333333,0.4971258199165176,0.0,,0.0,0.0,0,0.25416666666666665,0.7458333333333333,0.25416666666666665
viruspseaac,MLC_PA_Logistic,0.50,3,Operating Point,,0.07942464760804036,0,,1.0,,0.0,46,0.2948717948717949,0.8034188034188035,0.3589743589743589,0.4120471014492754,-0.09829059829059839,0.01582217491624155,0.7051282051282051,0.42786927636551697,0.0,,0.0,0.0,0,0.29487179487179493,0.7051282051282051,0.29487179487179493
viruspseaac,MLC_PA_Logistic,0.50,4,Operating Point,,0.06699753707733676,0,,1.0,,0.0,49,0.2596899224806202,0.810077519379845,0.33720930232558133,0.3575757575757576,-0.06976744186046513,0.08831168831168834,0.7403100775193798,0.44588744588744594,0.0,,0.0,0.0,0,0.2596899224806202,0.7403100775193798,0.2596899224806202
viruspseaac,MLC_PA_Logistic,0.50,5,Operating Point,,0.06269350237471676,0,,1.0,,0.0,48,0.26666666666666666,0.8222222222222222,0.39259259259259255,0.3705069124423963,-0.0888888888888888,-0.007946525968966334,0.7333333333333334,0.36256038647343,0.0,,0.0,0.0,0,0.2666666666666666,0.7333333333333334,0.2666666666666666
viruspseaac,GSI_MLC_PA_Logistic,0.20,1,Operating Point,,0.0653988859889076,2,,0.9583333333333334,1.0,0.041666666666666664,48,0.23333333333333334,0.8,0.3458333333333333,0.37985347985347984,-0.025000000000000022,0.19019748367574452,0.775,0.5700509635292244,0.041666666666666664,0.2,0.225,0.041666666666666664,10,0.23478260869565215,0.7652173913043478,0.23478260869565215
viruspseaac,GSI_MLC_PA_Logistic,0.20,2,Operating Point,,0.07530744481000344,1,,0.9875,1.4814814814814814,0.018518518518518517,54,0.26083333333333336,0.775,0.3375,0.34732142857142856,-0.033333333333333326,0.12796975173047942,0.7416666666666667,0.475291180301908,0.0125,0.3333333333333333,0.05,0.0125,3,0.2616033755274262,0.7383966244725738,0.2616033755274262
viruspseaac,GSI_MLC_PA_Logistic,0.20,3,Operating Point,,0.078595763044972,4,,0.9316239316239316,1.2446808510638296,0.0851063829787234,47,0.2700854700854701,0.7991452991452992,0.37606837606837606,0.4165530303030303,-0.05555555555555558,0.17659889713461135,0.7435897435897436,0.5931519274376417,0.06837606837606838,0.25,0.28205128205128205,0.06837606837606838,16,0.27522935779816515,0.7247706422018348,0.27522935779816515
viruspseaac,GSI_MLC_PA_Logistic,0.20,4,Operating Point,,0.06735272055916063,4,,0.9496124031007752,1.5876923076923077,0.08,50,0.22713178294573647,0.8062015503875969,0.34496124031007747,0.3737373737373737,-0.023255813953488302,0.14579383181533723,0.7829457364341086,0.5195312055527109,0.050387596899224806,0.3076923076923077,0.27906976744186046,0.050387596899224806,13,0.22857142857142854,0.7714285714285715,0.22857142857142854
viruspseaac,GSI_MLC_PA_Logistic,0.20,5,Operating Point,,0.0618390922103802,4,,0.9592592592592593,2.134387351778656,0.08695652173913043,46,0.18592592592592594,0.8296296296296296,0.41481481481481475,0.38082437275985664,-0.007407407407407418,0.22013881953460507,0.8222222222222222,0.6009631922944617,0.040740740740740744,0.36363636363636365,0.2222222222222222,0.040740740740740744,11,0.1853281853281853,0.8146718146718147,0.1853281853281853
viruspseaac,GSI_MLC_PA_Logistic,0.25,1,Operating Point,,0.0653988859889076,2,,0.9583333333333334,1.0,0.041666666666666664,48,0.23541666666666666,0.8,0.3458333333333333,0.37985347985347984,-0.025000000000000022,0.19019748367574452,0.775,0.5700509635292244,0.041666666666666664,0.2,0.225,0.041666666666666664,10,0.23478260869565215,0.7652173913043478,0.23478260869565215
viruspseaac,GSI_MLC_PA_Logistic,0.25,2,Operating Point,,0.07530744481000344,1,,0.9875,1.4814814814814814,0.018518518518518517,54,0.26145833333333335,0.775,0.3375,0.34732142857142856,-0.033333333333333326,0.12796975173047942,0.7416666666666667,0.475291180301908,0.0125,0.3333333333333333,0.05,0.0125,3,0.2616033755274262,0.7383966244725738,0.2616033755274262
viruspseaac,GSI_MLC_PA_Logistic,0.25,3,Operating Point,,0.078595763044972,4,,0.9316239316239316,1.2446808510638296,0.0851063829787234,47,0.27350427350427353,0.7991452991452992,0.37606837606837606,0.4165530303030303,-0.05555555555555558,0.17659889713461135,0.7435897435897436,0.5931519274376417,0.06837606837606838,0.25,0.28205128205128205,0.06837606837606838,16,0.27522935779816515,0.7247706422018348,0.27522935779816515
viruspseaac,GSI_MLC_PA_Logistic,0.25,4,Operating Point,,0.06735272055916063,4,,0.9496124031007752,1.5876923076923077,0.08,50,0.22965116279069767,0.8062015503875969,0.34496124031007747,0.3737373737373737,-0.023255813953488302,0.14579383181533723,0.7829457364341086,0.5195312055527109,0.050387596899224806,0.3076923076923077,0.27906976744186046,0.050387596899224806,13,0.22857142857142854,0.7714285714285715,0.22857142857142854
viruspseaac,GSI_MLC_PA_Logistic,0.25,5,Operating Point,,0.0618390922103802,4,,0.9592592592592593,2.134387351778656,0.08695652173913043,46,0.18796296296296297,0.8296296296296296,0.41481481481481475,0.38082437275985664,-0.007407407407407418,0.22013881953460507,0.8222222222222222,0.6009631922944617,0.040740740740740744,0.36363636363636365,0.2222222222222222,0.040740740740740744,11,0.1853281853281853,0.8146718146718147,0.1853281853281853
viruspseaac,GSI_MLC_PA_Logistic,0.30,1,Operating Point,,0.0653988859889076,2,,0.9583333333333334,1.0,0.041666666666666664,48,0.2375,0.8,0.3458333333333333,0.37985347985347984,-0.025000000000000022,0.19019748367574452,0.775,0.5700509635292244,0.041666666666666664,0.2,0.225,0.041666666666666664,10,0.23478260869565215,0.7652173913043478,0.23478260869565215
viruspseaac,GSI_MLC_PA_Logistic,0.30,2,Operating Point,,0.07530744481000344,1,,0.9875,1.4814814814814814,0.018518518518518517,54,0.26208333333333333,0.775,0.3375,0.34732142857142856,-0.033333333333333326,0.12796975173047942,0.7416666666666667,0.475291180301908,0.0125,0.3333333333333333,0.05,0.0125,3,0.2616033755274262,0.7383966244725738,0.2616033755274262
viruspseaac,GSI_MLC_PA_Logistic,0.30,3,Operating Point,,0.078595763044972,4,,0.9316239316239316,1.2446808510638296,0.0851063829787234,47,0.27692307692307694,0.7991452991452992,0.37606837606837606,0.4165530303030303,-0.05555555555555558,0.17659889713461135,0.7435897435897436,0.5931519274376417,0.06837606837606838,0.25,0.28205128205128205,0.06837606837606838,16,0.27522935779816515,0.7247706422018348,0.27522935779816515
viruspseaac,GSI_MLC_PA_Logistic,0.30,4,Operating Point,,0.06735272055916063,4,,0.9496124031007752,1.5876923076923077,0.08,50,0.2321705426356589,0.8062015503875969,0.34496124031007747,0.3737373737373737,-0.023255813953488302,0.14579383181533723,0.7829457364341086,0.5195312055527109,0.050387596899224806,0.3076923076923077,0.27906976744186046,0.050387596899224806,13,0.22857142857142854,0.7714285714285715,0.22857142857142854
viruspseaac,GSI_MLC_PA_Logistic,0.30,5,Operating Point,,0.0618390922103802,4,,0.9592592592592593,2.134387351778656,0.08695652173913043,46,0.19,0.8296296296296296,0.41481481481481475,0.38082437275985664,-0.007407407407407418,0.22013881953460507,0.8222222222222222,0.6009631922944617,0.040740740740740744,0.36363636363636365,0.2222222222222222,0.040740740740740744,11,0.1853281853281853,0.8146718146718147,0.1853281853281853
viruspseaac,GSI_MLC_PA_Logistic,0.35,1,Operating Point,,0.0653988859889076,2,,0.9583333333333334,1.0,0.041666666666666664,48,0.23958333333333334,0.8,0.3458333333333333,0.37985347985347984,-0.025000000000000022,0.19019748367574452,0.775,0.5700509635292244,0.041666666666666664,0.2,0.225,0.041666666666666664,10,0.23478260869565215,0.7652173913043478,0.23478260869565215
viruspseaac,GSI_MLC_PA_Logistic,0.35,2,Operating Point,,0.07530744481000344,1,,0.9875,1.4814814814814814,0.018518518518518517,54,0.2627083333333333,0.775,0.3375,0.34732142857142856,-0.033333333333333326,0.12796975173047942,0.7416666666666667,0.475291180301908,0.0125,0.3333333333333333,0.05,0.0125,3,0.2616033755274262,0.7383966244725738,0.2616033755274262
viruspseaac,GSI_MLC_PA_Logistic,0.35,3,Operating Point,,0.078595763044972,4,,0.9316239316239316,1.2446808510638296,0.0851063829787234,47,0.28034188034188035,0.7991452991452992,0.37606837606837606,0.4165530303030303,-0.05555555555555558,0.17659889713461135,0.7435897435897436,0.5931519274376417,0.06837606837606838,0.25,0.28205128205128205,0.06837606837606838,16,0.27522935779816515,0.7247706422018348,0.27522935779816515
viruspseaac,GSI_MLC_PA_Logistic,0.35,4,Operating Point,,0.06735272055916063,4,,0.9496124031007752,1.5876923076923077,0.08,50,0.23468992248062015,0.8062015503875969,0.34496124031007747,0.3737373737373737,-0.023255813953488302,0.14579383181533723,0.7829457364341086,0.5195312055527109,0.050387596899224806,0.3076923076923077,0.27906976744186046,0.050387596899224806,13,0.22857142857142854,0.7714285714285715,0.22857142857142854
viruspseaac,GSI_MLC_PA_Logistic,0.35,5,Operating Point,,0.0618390922103802,4,,0.9592592592592593,2.134387351778656,0.08695652173913043,46,0.192037037037037,0.8296296296296296,0.41481481481481475,0.38082437275985664,-0.007407407407407418,0.22013881953460507,0.8222222222222222,0.6009631922944617,0.040740740740740744,0.36363636363636365,0.2222222222222222,0.040740740740740744,11,0.1853281853281853,0.8146718146718147,0.1853281853281853
viruspseaac,GSI_MLC_PA_Logistic,0.40,1,Operating Point,,0.0653988859889076,2,,0.9583333333333334,1.0,0.041666666666666664,48,0.24166666666666667,0.8,0.3458333333333333,0.37985347985347984,-0.025000000000000022,0.19019748367574452,0.775,0.5700509635292244,0.041666666666666664,0.2,0.225,0.041666666666666664,10,0.23478260869565215,0.7652173913043478,0.23478260869565215
viruspseaac,GSI_MLC_PA_Logistic,0.40,2,Operating Point,,0.07530744481000344,1,,0.9875,1.4814814814814814,0.018518518518518517,54,0.26333333333333336,0.775,0.3375,0.34732142857142856,-0.033333333333333326,0.12796975173047942,0.7416666666666667,0.475291180301908,0.0125,0.3333333333333333,0.05,0.0125,3,0.2616033755274262,0.7383966244725738,0.2616033755274262
viruspseaac,GSI_MLC_PA_Logistic,0.40,3,Operating Point,,0.078595763044972,4,,0.9316239316239316,1.2446808510638296,0.0851063829787234,47,0.2837606837606838,0.7991452991452992,0.37606837606837606,0.4165530303030303,-0.05555555555555558,0.17659889713461135,0.7435897435897436,0.5931519274376417,0.06837606837606838,0.25,0.28205128205128205,0.06837606837606838,16,0.27522935779816515,0.7247706422018348,0.27522935779816515
viruspseaac,GSI_MLC_PA_Logistic,0.40,4,Operating Point,,0.06735272055916063,4,,0.9496124031007752,1.5876923076923077,0.08,50,0.2372093023255814,0.8062015503875969,0.34496124031007747,0.3737373737373737,-0.023255813953488302,0.14579383181533723,0.7829457364341086,0.5195312055527109,0.050387596899224806,0.3076923076923077,0.27906976744186046,0.050387596899224806,13,0.22857142857142854,0.7714285714285715,0.22857142857142854
viruspseaac,GSI_MLC_PA_Logistic,0.40,5,Operating Point,,0.0618390922103802,4,,0.9592592592592593,2.134387351778656,0.08695652173913043,46,0.1940740740740741,0.8296296296296296,0.41481481481481475,0.38082437275985664,-0.007407407407407418,0.22013881953460507,0.8222222222222222,0.6009631922944617,0.040740740740740744,0.36363636363636365,0.2222222222222222,0.040740740740740744,11,0.1853281853281853,0.8146718146718147,0.1853281853281853
viruspseaac,GSI_MLC_PA_Logistic,0.50,1,Operating Point,,0.0653988859889076,0,,1.0,,0.0,48,0.23333333333333334,0.8,0.3458333333333333,0.37985347985347984,-0.03333333333333344,0.1302427325445229,0.7666666666666666,0.5100962123980027,0.0,,0.0,0.0,0,0.2333333333333334,0.7666666666666666,0.2333333333333334
viruspseaac,GSI_MLC_PA_Logistic,0.50,2,Operating Point,,0.07530744481000344,0,,1.0,,0.0,54,0.2625,0.775,0.3375,0.34732142857142856,-0.03749999999999998,0.12288187013936008,0.7375,0.47020329871078864,0.0,,0.0,0.0,0,0.26249999999999996,0.7375,0.26249999999999996
viruspseaac,GSI_MLC_PA_Logistic,0.50,3,Operating Point,,0.078595763044972,0,,1.0,,0.0,47,0.2948717948717949,0.7991452991452992,0.37606837606837606,0.4165530303030303,-0.09401709401709413,0.06492845117845114,0.7051282051282051,0.48148148148148145,0.0,,0.0,0.0,0,0.29487179487179493,0.7051282051282051,0.29487179487179493
viruspseaac,GSI_MLC_PA_Logistic,0.50,4,Operating Point,,0.06735272055916063,0,,1.0,,0.0,50,0.2441860465116279,0.8062015503875969,0.34496124031007747,0.3737373737373737,-0.050387596899224785,0.08776686362617109,0.7558139534883721,0.4615042373635448,0.0,,0.0,0.0,0,0.2441860465116279,0.7558139534883721,0.2441860465116279
viruspseaac,GSI_MLC_PA_Logistic,0.50,5,Operating Point,,0.0618390922103802,0,,1.0,,0.0,46,0.1925925925925926,0.8296296296296296,0.41481481481481475,0.38082437275985664,-0.022222222222222254,0.08124993064571612,0.8074074074074074,0.46207430340557276,0.0,,0.0,0.0,0,0.19259259259259265,0.8074074074074074,0.19259259259259265
viruspseaac,MLC_PA_SVM,0.20,1,Operating Point,,0.0677398920437658,2,,0.975,1.5686274509803921,0.0392156862745098,51,0.2883333333333333,0.7875,0.225,0.2889655172413793,-0.0708333333333333,0.2627013344254724,0.7166666666666667,0.5516668516668517,0.025,0.3333333333333333,0.15,0.025,6,0.2905982905982907,0.7094017094017093,0.2905982905982907
viruspseaac,MLC_PA_SVM,0.20,2,Operating Point,,0.0861535763184113,1,,0.9833333333333333,1.1320754716981132,0.018867924528301886,53,0.33249999999999996,0.7791666666666667,0.24166666666666664,0.29650915283099194,-0.10833333333333328,0.1190351793800069,0.6708333333333334,0.41554433221099885,0.016666666666666666,0.25,0.075,0.016666666666666666,4,0.3347457627118644,0.6652542372881356,0.3347457627118644
viruspseaac,MLC_PA_SVM,0.20,3,Operating Point,,0.0773080629720611,4,,0.9273504273504274,1.038845726970033,0.07547169811320754,53,0.2794871794871795,0.7735042735042735,0.13675213675213674,0.2733333333333333,-0.038461538461538436,0.2358673853686094,0.7350427350427351,0.5092007187019427,0.07264957264957266,0.23529411764705882,0.41025641025641024,0.07264957264957266,17,0.2857142857142857,0.7142857142857143,0.2857142857142857
viruspseaac,MLC_PA_SVM,0.20,4,Operating Point,,0.06836697233313634,8,,0.8992248062015504,1.620094191522763,0.16326530612244897,49,0.2178294573643411,0.810077519379845,0.22093023255813954,0.27729885057471265,-0.007751937984496138,0.29776056713176385,0.8023255813953488,0.5750594177064765,0.10077519379844961,0.3076923076923077,0.5348837209302325,0.10077519379844961,26,0.21982758620689657,0.7801724137931034,0.21982758620689657
viruspseaac,MLC_PA_SVM,0.20,5,Operating Point,,0.06469405232956454,0,,0.9592592592592593,0.0,0.0,46,0.31555555555555553,0.8296296296296296,0.2,0.2925438596491228,-0.13703703703703696,0.002854518913555981,0.6925925925925926,0.29539837856267875,0.040740740740740744,0.0,0.2222222222222222,0.040740740740740744,11,0.3204633204633205,0.6795366795366795,0.3204633204633205
viruspseaac,MLC_PA_SVM,0.25,1,Operating Point,,0.0677398920437658,2,,0.975,1.5686274509803921,0.0392156862745098,51,0.28958333333333336,0.7875,0.225,0.2889655172413793,-0.0708333333333333,0.2627013344254724,0.7166666666666667,0.5516668516668517,0.025,0.3333333333333333,0.15,0.025,6,0.2905982905982907,0.7094017094017093,0.2905982905982907
viruspseaac,MLC_PA_SVM,0.25,2,Operating Point,,0.0861535763184113,1,,0.9833333333333333,1.1320754716981132,0.018867924528301886,53,0.3333333333333333,0.7791666666666667,0.24166666666666664,0.29650915283099194,-0.10833333333333328,0.1190351793800069,0.6708333333333334,0.41554433221099885,0.016666666666666666,0.25,0.075,0.016666666666666666,4,0.3347457627118644,0.6652542372881356,0.3347457627118644
viruspseaac,MLC_PA_SVM,0.25,3,Operating Point,,0.0773080629720611,4,,0.9273504273504274,1.038845726970033,0.07547169811320754,53,0.2831196581196581,0.7735042735042735,0.13675213675213674,0.2733333333333333,-0.038461538461538436,0.2358673853686094,0.7350427350427351,0.5092007187019427,0.07264957264957266,0.23529411764705882,0.41025641025641024,0.07264957264957266,17,0.2857142857142857,0.7142857142857143,0.2857142857142857
viruspseaac,MLC_PA_SVM,0.25,4,Operating Point,,0.06836697233313634,8,,0.9069767441860465,1.7551020408163265,0.16326530612244897,49,0.22093023255813954,0.810077519379845,0.22093023255813954,0.27729885057471265,-0.007751937984496138,0.29776056713176385,0.8023255813953488,0.5750594177064765,0.09302325581395349,0.3333333333333333,0.5116279069767442,0.09302325581395349,24,0.21794871794871795,0.782051282051282,0.21794871794871795
viruspseaac,MLC_PA_SVM,0.25,5,Operating Point,,0.06469405232956454,0,,0.9592592592592593,0.0,0.0,46,0.3175925925925926,0.8296296296296296,0.2,0.2925438596491228,-0.13703703703703696,0.002854518913555981,0.6925925925925926,0.29539837856267875,0.040740740740740744,0.0,0.2222222222222222,0.040740740740740744,11,0.3204633204633205,0.6795366795366795,0.3204633204633205
viruspseaac,MLC_PA_SVM,0.30,1,Operating Point,,0.0677398920437658,2,,0.975,1.5686274509803921,0.0392156862745098,51,0.2908333333333334,0.7875,0.225,0.2889655172413793,-0.0708333333333333,0.2627013344254724,0.7166666666666667,0.5516668516668517,0.025,0.3333333333333333,0.15,0.025,6,0.2905982905982907,0.7094017094017093,0.2905982905982907
viruspseaac,MLC_PA_SVM,0.30,2,Operating Point,,0.0861535763184113,1,,0.9833333333333333,1.1320754716981132,0.018867924528301886,53,0.33416666666666667,0.7791666666666667,0.24166666666666664,0.29650915283099194,-0.10833333333333328,0.1190351793800069,0.6708333333333334,0.41554433221099885,0.016666666666666666,0.25,0.075,0.016666666666666666,4,0.3347457627118644,0.6652542372881356,0.3347457627118644
viruspseaac,MLC_PA_SVM,0.30,3,Operating Point,,0.0773080629720611,4,,0.9273504273504274,1.038845726970033,0.07547169811320754,53,0.28675213675213673,0.7735042735042735,0.13675213675213674,0.2733333333333333,-0.038461538461538436,0.2358673853686094,0.7350427350427351,0.5092007187019427,0.07264957264957266,0.23529411764705882,0.41025641025641024,0.07264957264957266,17,0.2857142857142857,0.7142857142857143,0.2857142857142857
viruspseaac,MLC_PA_SVM,0.30,4,Operating Point,,0.06836697233313634,8,,0.9069767441860465,1.7551020408163265,0.16326530612244897,49,0.2255813953488372,0.810077519379845,0.22093023255813954,0.27729885057471265,-0.007751937984496138,0.29776056713176385,0.8023255813953488,0.5750594177064765,0.09302325581395349,0.3333333333333333,0.5116279069767442,0.09302325581395349,24,0.21794871794871795,0.782051282051282,0.21794871794871795
viruspseaac,MLC_PA_SVM,0.30,5,Operating Point,,0.06469405232956454,0,,0.9592592592592593,0.0,0.0,46,0.31962962962962965,0.8296296296296296,0.2,0.2925438596491228,-0.13703703703703696,0.002854518913555981,0.6925925925925926,0.29539837856267875,0.040740740740740744,0.0,0.2222222222222222,0.040740740740740744,11,0.3204633204633205,0.6795366795366795,0.3204633204633205
viruspseaac,MLC_PA_SVM,0.35,1,Operating Point,,0.0677398920437658,1,,0.9791666666666666,0.9411764705882353,0.0196078431372549,51,0.290625,0.7875,0.225,0.2889655172413793,-0.0708333333333333,0.2627013344254724,0.7166666666666667,0.5516668516668517,0.020833333333333332,0.2,0.125,0.020833333333333332,5,0.28936170212765955,0.7106382978723405,0.28936170212765955
viruspseaac,MLC_PA_SVM,0.35,2,Operating Point,,0.0861535763184113,1,,0.9833333333333333,1.1320754716981132,0.018867924528301886,53,0.335,0.7791666666666667,0.24166666666666664,0.29650915283099194,-0.10833333333333328,0.1190351793800069,0.6708333333333334,0.41554433221099885,0.016666666666666666,0.25,0.075,0.016666666666666666,4,0.3347457627118644,0.6652542372881356,0.3347457627118644
viruspseaac,MLC_PA_SVM,0.35,3,Operating Point,,0.0773080629720611,1,,0.9829059829059829,1.1037735849056602,0.018867924528301886,53,0.2837606837606838,0.7735042735042735,0.13675213675213674,0.2733333333333333,-0.05128205128205132,0.18298276998399404,0.7222222222222222,0.45631610331732736,0.017094017094017096,0.25,0.10256410256410256,0.017094017094017096,4,0.28260869565217384,0.7173913043478262,0.28260869565217384
viruspseaac,MLC_PA_SVM,0.35,4,Operating Point,,0.06836697233313634,8,,0.9069767441860465,1.7551020408163265,0.16326530612244897,49,0.23023255813953492,0.810077519379845,0.22093023255813954,0.27729885057471265,-0.007751937984496138,0.29776056713176385,0.8023255813953488,0.5750594177064765,0.09302325581395349,0.3333333333333333,0.5116279069767442,0.09302325581395349,24,0.21794871794871795,0.782051282051282,0.21794871794871795
viruspseaac,MLC_PA_SVM,0.35,5,Operating Point,,0.06469405232956454,0,,0.9592592592592593,0.0,0.0,46,0.32166666666666666,0.8296296296296296,0.2,0.2925438596491228,-0.13703703703703696,0.002854518913555981,0.6925925925925926,0.29539837856267875,0.040740740740740744,0.0,0.2222222222222222,0.040740740740740744,11,0.3204633204633205,0.6795366795366795,0.3204633204633205
viruspseaac,MLC_PA_SVM,0.40,1,Operating Point,,0.0677398920437658,1,,0.9791666666666666,0.9411764705882353,0.0196078431372549,51,0.2916666666666667,0.7875,0.225,0.2889655172413793,-0.0708333333333333,0.2627013344254724,0.7166666666666667,0.5516668516668517,0.020833333333333332,0.2,0.125,0.020833333333333332,5,0.28936170212765955,0.7106382978723405,0.28936170212765955
viruspseaac,MLC_PA_SVM,0.40,2,Operating Point,,0.0861535763184113,1,,0.9833333333333333,1.1320754716981132,0.018867924528301886,53,0.3358333333333333,0.7791666666666667,0.24166666666666664,0.29650915283099194,-0.10833333333333328,0.1190351793800069,0.6708333333333334,0.41554433221099885,0.016666666666666666,0.25,0.075,0.016666666666666666,4,0.3347457627118644,0.6652542372881356,0.3347457627118644
viruspseaac,MLC_PA_SVM,0.40,3,Operating Point,,0.0773080629720611,1,,0.9829059829059829,1.1037735849056602,0.018867924528301886,53,0.2846153846153846,0.7735042735042735,0.13675213675213674,0.2733333333333333,-0.05128205128205132,0.18298276998399404,0.7222222222222222,0.45631610331732736,0.017094017094017096,0.25,0.10256410256410256,0.017094017094017096,4,0.28260869565217384,0.7173913043478262,0.28260869565217384
viruspseaac,MLC_PA_SVM,0.40,4,Operating Point,,0.06836697233313634,8,,0.9069767441860465,1.7551020408163265,0.16326530612244897,49,0.23488372093023255,0.810077519379845,0.22093023255813954,0.27729885057471265,-0.007751937984496138,0.29776056713176385,0.8023255813953488,0.5750594177064765,0.09302325581395349,0.3333333333333333,0.5116279069767442,0.09302325581395349,24,0.21794871794871795,0.782051282051282,0.21794871794871795
viruspseaac,MLC_PA_SVM,0.40,5,Operating Point,,0.06469405232956454,0,,0.9703703703703703,0.0,0.0,46,0.33037037037037037,0.8296296296296296,0.2,0.2925438596491228,-0.14814814814814814,-0.0014558259140302066,0.6814814814814815,0.29108803373509257,0.02962962962962963,0.0,0.15555555555555556,0.02962962962962963,8,0.3282442748091603,0.6717557251908397,0.3282442748091603
viruspseaac,MLC_PA_SVM,0.50,1,Operating Point,,0.0677398920437658,0,,1.0,,0.0,51,0.2875,0.7875,0.225,0.2889655172413793,-0.07499999999999996,0.25582302754716557,0.7125,0.5447885447885449,0.0,,0.0,0.0,0,0.2875,0.7125,0.2875
viruspseaac,MLC_PA_SVM,0.50,2,Operating Point,,0.0861535763184113,0,,1.0,,0.0,53,0.32916666666666666,0.7791666666666667,0.24166666666666664,0.29650915283099194,-0.10833333333333328,0.1190351793800069,0.6708333333333334,0.41554433221099885,0.0,,0.0,0.0,0,0.3291666666666666,0.6708333333333334,0.3291666666666666
viruspseaac,MLC_PA_SVM,0.50,3,Operating Point,,0.0773080629720611,0,,1.0,,0.0,53,0.28205128205128205,0.7735042735042735,0.13675213675213674,0.2733333333333333,-0.05555555555555558,0.15947849647972057,0.717948717948718,0.4328118298130539,0.0,,0.0,0.0,0,0.28205128205128205,0.717948717948718,0.28205128205128205
viruspseaac,MLC_PA_SVM,0.50,4,Operating Point,,0.06836697233313634,0,,1.0,,0.0,49,0.22868217054263565,0.810077519379845,0.22093023255813954,0.27729885057471265,-0.03875968992248058,0.22169470820145487,0.7713178294573644,0.4989935587761675,0.0,,0.0,0.0,0,0.22868217054263562,0.7713178294573644,0.22868217054263562
viruspseaac,MLC_PA_SVM,0.50,5,Operating Point,,0.06469405232956454,0,,1.0,,0.0,46,0.31851851851851853,0.8296296296296296,0.2,0.2925438596491228,-0.14814814814814814,-0.0014558259140302066,0.6814814814814815,0.29108803373509257,0.0,,0.0,0.0,0,0.31851851851851853,0.6814814814814815,0.31851851851851853
viruspseaac,GSI_MLC_PA_SVM,0.20,1,Operating Point,,0.07106767932683107,2,,0.9666666666666667,1.1764705882352942,0.0392156862745098,51,0.2525,0.7875,0.26666666666666666,0.3070607553366174,-0.033333333333333326,0.2625774875574394,0.7541666666666667,0.5696382428940568,0.03333333333333333,0.25,0.175,0.03333333333333333,8,0.2543103448275862,0.7456896551724138,0.2543103448275862
viruspseaac,GSI_MLC_PA_SVM,0.20,2,Operating Point,,0.0881993342740414,1,,0.9958333333333333,4.528301886792453,0.018867924528301886,53,0.25916666666666666,0.7791666666666667,0.24166666666666664,0.29650915283099194,-0.03749999999999998,0.17489181335258297,0.7416666666666667,0.4714009661835749,0.004166666666666667,1.0,0.025,0.004166666666666667,1,0.2594142259414226,0.7405857740585774,0.2594142259414226
viruspseaac,GSI_MLC_PA_SVM,0.20,3,Operating Point,,0.07730878382880377,3,,0.9529914529914529,1.2041166380789023,0.05660377358490566,53,0.3128205128205128,0.7735042735042735,0.19658119658119658,0.3019047619047619,-0.07692307692307698,0.18085500104368024,0.6965811965811965,0.48275976294844214,0.04700854700854701,0.2727272727272727,0.23076923076923078,0.04700854700854701,11,0.3183856502242153,0.6816143497757847,0.3183856502242153
viruspseaac,GSI_MLC_PA_SVM,0.20,4,Operating Point,,0.06833291780030686,3,,0.9651162790697675,1.7551020408163265,0.061224489795918366,49,0.2589147286821705,0.810077519379845,0.2596899224806201,0.28914141414141414,-0.06201550387596899,0.24425133689839573,0.748062015503876,0.5333927510398099,0.03488372093023256,0.3333333333333333,0.16279069767441862,0.03488372093023256,9,0.26104417670682734,0.7389558232931727,0.26104417670682734
viruspseaac,GSI_MLC_PA_SVM,0.20,5,Operating Point,,0.06260521837649885,2,,0.9851851851851852,3.214285714285714,0.047619047619047616,42,0.2585185185185185,0.8444444444444444,0.3333333333333333,0.3669540229885057,-0.09999999999999998,0.18337313523338933,0.7444444444444445,0.550327158221895,0.014814814814814815,0.5,0.06666666666666667,0.014814814814814815,4,0.2593984962406015,0.7406015037593985,0.2593984962406015
viruspseaac,GSI_MLC_PA_SVM,0.25,1,Operating Point,,0.07106767932683107,2,,0.9666666666666667,1.1764705882352942,0.0392156862745098,51,0.25416666666666665,0.7875,0.26666666666666666,0.3070607553366174,-0.033333333333333326,0.2625774875574394,0.7541666666666667,0.5696382428940568,0.03333333333333333,0.25,0.175,0.03333333333333333,8,0.2543103448275862,0.7456896551724138,0.2543103448275862
viruspseaac,GSI_MLC_PA_SVM,0.25,2,Operating Point,,0.0881993342740414,1,,0.9958333333333333,4.528301886792453,0.018867924528301886,53,0.259375,0.7791666666666667,0.24166666666666664,0.29650915283099194,-0.03749999999999998,0.17489181335258297,0.7416666666666667,0.4714009661835749,0.004166666666666667,1.0,0.025,0.004166666666666667,1,0.2594142259414226,0.7405857740585774,0.2594142259414226
viruspseaac,GSI_MLC_PA_SVM,0.25,3,Operating Point,,0.07730878382880377,3,,0.9529914529914529,1.2041166380789023,0.05660377358490566,53,0.31517094017094016,0.7735042735042735,0.19658119658119658,0.3019047619047619,-0.07692307692307698,0.18085500104368024,0.6965811965811965,0.48275976294844214,0.04700854700854701,0.2727272727272727,0.23076923076923078,0.04700854700854701,11,0.3183856502242153,0.6816143497757847,0.3183856502242153
viruspseaac,GSI_MLC_PA_SVM,0.25,4,Operating Point,,0.06833291780030686,3,,0.9651162790697675,1.7551020408163265,0.061224489795918366,49,0.2606589147286822,0.810077519379845,0.2596899224806201,0.28914141414141414,-0.06201550387596899,0.24425133689839573,0.748062015503876,0.5333927510398099,0.03488372093023256,0.3333333333333333,0.16279069767441862,0.03488372093023256,9,0.26104417670682734,0.7389558232931727,0.26104417670682734
viruspseaac,GSI_MLC_PA_SVM,0.25,5,Operating Point,,0.06260521837649885,2,,0.9851851851851852,3.214285714285714,0.047619047619047616,42,0.25925925925925924,0.8444444444444444,0.3333333333333333,0.3669540229885057,-0.09999999999999998,0.18337313523338933,0.7444444444444445,0.550327158221895,0.014814814814814815,0.5,0.06666666666666667,0.014814814814814815,4,0.2593984962406015,0.7406015037593985,0.2593984962406015
viruspseaac,GSI_MLC_PA_SVM,0.30,1,Operating Point,,0.07106767932683107,2,,0.9666666666666667,1.1764705882352942,0.0392156862745098,51,0.2558333333333333,0.7875,0.26666666666666666,0.3070607553366174,-0.033333333333333326,0.2625774875574394,0.7541666666666667,0.5696382428940568,0.03333333333333333,0.25,0.175,0.03333333333333333,8,0.2543103448275862,0.7456896551724138,0.2543103448275862
viruspseaac,GSI_MLC_PA_SVM,0.30,2,Operating Point,,0.0881993342740414,1,,0.9958333333333333,4.528301886792453,0.018867924528301886,53,0.25958333333333333,0.7791666666666667,0.24166666666666664,0.29650915283099194,-0.03749999999999998,0.17489181335258297,0.7416666666666667,0.4714009661835749,0.004166666666666667,1.0,0.025,0.004166666666666667,1,0.2594142259414226,0.7405857740585774,0.2594142259414226
viruspseaac,GSI_MLC_PA_SVM,0.30,3,Operating Point,,0.07730878382880377,3,,0.9529914529914529,1.2041166380789023,0.05660377358490566,53,0.3175213675213675,0.7735042735042735,0.19658119658119658,0.3019047619047619,-0.07692307692307698,0.18085500104368024,0.6965811965811965,0.48275976294844214,0.04700854700854701,0.2727272727272727,0.23076923076923078,0.04700854700854701,11,0.3183856502242153,0.6816143497757847,0.3183856502242153
viruspseaac,GSI_MLC_PA_SVM,0.30,4,Operating Point,,0.06833291780030686,2,,0.9883720930232558,3.510204081632653,0.04081632653061224,49,0.2593023255813954,0.810077519379845,0.2596899224806201,0.28914141414141414,-0.06589147286821706,0.22000891265597156,0.7441860465116279,0.5091503267973857,0.011627906976744186,0.6666666666666666,0.06976744186046512,0.011627906976744186,3,0.2588235294117647,0.7411764705882353,0.2588235294117647
viruspseaac,GSI_MLC_PA_SVM,0.30,5,Operating Point,,0.06260521837649885,2,,0.9851851851851852,3.214285714285714,0.047619047619047616,42,0.26,0.8444444444444444,0.3333333333333333,0.3669540229885057,-0.09999999999999998,0.18337313523338933,0.7444444444444445,0.550327158221895,0.014814814814814815,0.5,0.06666666666666667,0.014814814814814815,4,0.2593984962406015,0.7406015037593985,0.2593984962406015
viruspseaac,GSI_MLC_PA_SVM,0.35,1,Operating Point,,0.07106767932683107,2,,0.9666666666666667,1.1764705882352942,0.0392156862745098,51,0.2575,0.7875,0.26666666666666666,0.3070607553366174,-0.033333333333333326,0.2625774875574394,0.7541666666666667,0.5696382428940568,0.03333333333333333,0.25,0.175,0.03333333333333333,8,0.2543103448275862,0.7456896551724138,0.2543103448275862
viruspseaac,GSI_MLC_PA_SVM,0.35,2,Operating Point,,0.0881993342740414,1,,0.9958333333333333,4.528301886792453,0.018867924528301886,53,0.2597916666666667,0.7791666666666667,0.24166666666666664,0.29650915283099194,-0.03749999999999998,0.17489181335258297,0.7416666666666667,0.4714009661835749,0.004166666666666667,1.0,0.025,0.004166666666666667,1,0.2594142259414226,0.7405857740585774,0.2594142259414226
viruspseaac,GSI_MLC_PA_SVM,0.35,3,Operating Point,,0.07730878382880377,3,,0.9529914529914529,1.2041166380789023,0.05660377358490566,53,0.31987179487179485,0.7735042735042735,0.19658119658119658,0.3019047619047619,-0.07692307692307698,0.18085500104368024,0.6965811965811965,0.48275976294844214,0.04700854700854701,0.2727272727272727,0.23076923076923078,0.04700854700854701,11,0.3183856502242153,0.6816143497757847,0.3183856502242153
viruspseaac,GSI_MLC_PA_SVM,0.35,4,Operating Point,,0.06833291780030686,1,,0.9961240310077519,5.26530612244898,0.02040816326530612,49,0.26104651162790693,0.810077519379845,0.2596899224806201,0.28914141414141414,-0.06976744186046513,0.2145622895622895,0.7403100775193798,0.5037037037037037,0.003875968992248062,1.0,0.023255813953488372,0.003875968992248062,1,0.2607003891050583,0.7392996108949417,0.2607003891050583
viruspseaac,GSI_MLC_PA_SVM,0.35,5,Operating Point,,0.06260521837649885,2,,0.9851851851851852,3.214285714285714,0.047619047619047616,42,0.2607407407407408,0.8444444444444444,0.3333333333333333,0.3669540229885057,-0.09999999999999998,0.18337313523338933,0.7444444444444445,0.550327158221895,0.014814814814814815,0.5,0.06666666666666667,0.014814814814814815,4,0.2593984962406015,0.7406015037593985,0.2593984962406015
viruspseaac,GSI_MLC_PA_SVM,0.40,1,Operating Point,,0.07106767932683107,2,,0.9666666666666667,1.1764705882352942,0.0392156862745098,51,0.25916666666666666,0.7875,0.26666666666666666,0.3070607553366174,-0.033333333333333326,0.2625774875574394,0.7541666666666667,0.5696382428940568,0.03333333333333333,0.25,0.175,0.03333333333333333,8,0.2543103448275862,0.7456896551724138,0.2543103448275862
viruspseaac,GSI_MLC_PA_SVM,0.40,2,Operating Point,,0.0881993342740414,1,,0.9958333333333333,4.528301886792453,0.018867924528301886,53,0.26,0.7791666666666667,0.24166666666666664,0.29650915283099194,-0.03749999999999998,0.17489181335258297,0.7416666666666667,0.4714009661835749,0.004166666666666667,1.0,0.025,0.004166666666666667,1,0.2594142259414226,0.7405857740585774,0.2594142259414226
viruspseaac,GSI_MLC_PA_SVM,0.40,3,Operating Point,,0.07730878382880377,3,,0.9529914529914529,1.2041166380789023,0.05660377358490566,53,0.32222222222222224,0.7735042735042735,0.19658119658119658,0.3019047619047619,-0.07692307692307698,0.18085500104368024,0.6965811965811965,0.48275976294844214,0.04700854700854701,0.2727272727272727,0.23076923076923078,0.04700854700854701,11,0.3183856502242153,0.6816143497757847,0.3183856502242153
viruspseaac,GSI_MLC_PA_SVM,0.40,4,Operating Point,,0.06833291780030686,1,,0.9961240310077519,5.26530612244898,0.02040816326530612,49,0.2612403100775194,0.810077519379845,0.2596899224806201,0.28914141414141414,-0.06976744186046513,0.2145622895622895,0.7403100775193798,0.5037037037037037,0.003875968992248062,1.0,0.023255813953488372,0.003875968992248062,1,0.2607003891050583,0.7392996108949417,0.2607003891050583
viruspseaac,GSI_MLC_PA_SVM,0.40,5,Operating Point,,0.06260521837649885,2,,0.9851851851851852,3.214285714285714,0.047619047619047616,42,0.2614814814814815,0.8444444444444444,0.3333333333333333,0.3669540229885057,-0.09999999999999998,0.18337313523338933,0.7444444444444445,0.550327158221895,0.014814814814814815,0.5,0.06666666666666667,0.014814814814814815,4,0.2593984962406015,0.7406015037593985,0.2593984962406015
viruspseaac,GSI_MLC_PA_SVM,0.50,1,Operating Point,,0.07106767932683107,0,,1.0,,0.0,51,0.25416666666666665,0.7875,0.26666666666666666,0.3070607553366174,-0.04166666666666663,0.21257748755743938,0.7458333333333333,0.5196382428940568,0.0,,0.0,0.0,0,0.25416666666666665,0.7458333333333333,0.25416666666666665
viruspseaac,GSI_MLC_PA_SVM,0.50,2,Operating Point,,0.0881993342740414,0,,1.0,,0.0,53,0.2625,0.7791666666666667,0.24166666666666664,0.29650915283099194,-0.04166666666666663,0.11933625779702739,0.7375,0.41584541062801933,0.0,,0.0,0.0,0,0.26249999999999996,0.7375,0.26249999999999996
viruspseaac,GSI_MLC_PA_SVM,0.50,3,Operating Point,,0.07730878382880377,0,,1.0,,0.0,53,0.3162393162393162,0.7735042735042735,0.19658119658119658,0.3019047619047619,-0.08974358974358976,0.12449599782933118,0.6837606837606838,0.4264007597340931,0.0,,0.0,0.0,0,0.3162393162393162,0.6837606837606838,0.3162393162393162
viruspseaac,GSI_MLC_PA_SVM,0.50,4,Operating Point,,0.06833291780030686,0,,1.0,,0.0,49,0.2596899224806202,0.810077519379845,0.2596899224806201,0.28914141414141414,-0.06976744186046513,0.2145622895622895,0.7403100775193798,0.5037037037037037,0.0,,0.0,0.0,0,0.2596899224806202,0.7403100775193798,0.2596899224806202
viruspseaac,GSI_MLC_PA_SVM,0.50,5,Operating Point,,0.06260521837649885,0,,1.0,,0.0,42,0.26296296296296295,0.8444444444444444,0.3333333333333333,0.3669540229885057,-0.1074074074074074,0.14946196842748566,0.737037037037037,0.5164159914159914,0.0,,0.0,0.0,0,0.26296296296296295,0.737037037037037,0.26296296296296295
viruspseaac,MLC_PA_MLP,0.20,1,Operating Point,,0.06655336003523735,1,,0.9708333333333333,0.7973421926910299,0.023255813953488372,43,0.20583333333333334,0.8208333333333333,0.3416666666666666,0.44727272727272727,-0.02083333333333326,0.15858828588879514,0.8,0.6058610131615224,0.029166666666666667,0.14285714285714285,0.15,0.029166666666666667,7,0.20600858369098707,0.7939914163090129,0.20600858369098707
viruspseaac,MLC_PA_MLP,0.20,2,Operating Point,,0.07696463213794476,5,,0.9583333333333334,2.4000000000000004,0.1,50,0.23333333333333334,0.7916666666666666,0.24166666666666664,0.32362637362637364,-0.016666666666666607,0.19513505322234465,0.775,0.5187614268487183,0.041666666666666664,0.5,0.25,0.041666666666666664,10,0.23478260869565215,0.7652173913043478,0.23478260869565215
viruspseaac,MLC_PA_MLP,0.20,3,Operating Point,,0.0701242329544756,4,,0.9358974358974359,1.386666666666667,0.08888888888888889,45,0.2307692307692308,0.8076923076923077,0.3076923076923077,0.3365663322185061,-0.02564102564102566,0.16422731857514467,0.782051282051282,0.5007936507936508,0.0641025641025641,0.26666666666666666,0.358974358974359,0.0641025641025641,15,0.23287671232876717,0.7671232876712328,0.23287671232876717
viruspseaac,MLC_PA_MLP,0.20,4,Operating Point,,0.06943052397092787,3,,0.9341085271317829,0.9897698209718669,0.06521739130434782,46,0.2418604651162791,0.8217054263565892,0.32558139534883723,0.36944444444444446,-0.050387596899224785,0.15219298245614032,0.7713178294573644,0.5216374269005848,0.06589147286821706,0.17647058823529413,0.32558139534883723,0.06589147286821706,17,0.24481327800829877,0.7551867219917012,0.24481327800829877
viruspseaac,MLC_PA_MLP,0.20,5,Operating Point,,0.05740690753487453,4,,0.9666666666666667,2.926829268292683,0.0975609756097561,41,0.23259259259259257,0.8481481481481481,0.3555555555555555,0.4931386514719847,-0.07407407407407396,-0.12693135890810303,0.7740740740740741,0.3662072925638817,0.03333333333333333,0.4444444444444444,0.2,0.03333333333333333,9,0.23371647509578541,0.7662835249042146,0.23371647509578541
viruspseaac,MLC_PA_MLP,0.25,1,Operating Point,,0.06655336003523735,1,,0.9708333333333333,0.7973421926910299,0.023255813953488372,43,0.20729166666666668,0.8208333333333333,0.3416666666666666,0.44727272727272727,-0.02083333333333326,0.15858828588879514,0.8,0.6058610131615224,0.029166666666666667,0.14285714285714285,0.15,0.029166666666666667,7,0.20600858369098707,0.7939914163090129,0.20600858369098707
viruspseaac,MLC_PA_MLP,0.25,2,Operating Point,,0.07696463213794476,3,,0.9791666666666666,2.88,0.06,50,0.23854166666666668,0.7916666666666666,0.24166666666666664,0.32362637362637364,-0.025000000000000022,0.16623928438849522,0.7666666666666666,0.48986565801486887,0.020833333333333332,0.6,0.125,0.020833333333333332,5,0.23829787234042554,0.7617021276595745,0.23829787234042554
viruspseaac,MLC_PA_MLP,0.25,3,Operating Point,,0.0701242329544756,4,,0.9444444444444444,1.6,0.08888888888888889,45,0.2403846153846154,0.8076923076923077,0.3076923076923077,0.3365663322185061,-0.03418803418803418,0.15496805931588542,0.7735042735042735,0.49153439153439155,0.05555555555555555,0.3076923076923077,0.3076923076923077,0.05555555555555555,13,0.23981900452488691,0.7601809954751131,0.23981900452488691
viruspseaac,MLC_PA_MLP,0.25,4,Operating Point,,0.06943052397092787,3,,0.9341085271317829,0.9897698209718669,0.06521739130434782,46,0.2451550387596899,0.8217054263565892,0.32558139534883723,0.36944444444444446,-0.050387596899224785,0.15219298245614032,0.7713178294573644,0.5216374269005848,0.06589147286821706,0.17647058823529413,0.32558139534883723,0.06589147286821706,17,0.24481327800829877,0.7551867219917012,0.24481327800829877
viruspseaac,MLC_PA_MLP,0.25,5,Operating Point,,0.05740690753487453,4,,0.9666666666666667,2.926829268292683,0.0975609756097561,41,0.23425925925925925,0.8481481481481481,0.3555555555555555,0.4931386514719847,-0.07407407407407396,-0.12693135890810303,0.7740740740740741,0.3662072925638817,0.03333333333333333,0.4444444444444444,0.2,0.03333333333333333,9,0.23371647509578541,0.7662835249042146,0.23371647509578541
viruspseaac,MLC_PA_MLP,0.30,1,Operating Point,,0.06655336003523735,1,,0.9708333333333333,0.7973421926910299,0.023255813953488372,43,0.20875000000000002,0.8208333333333333,0.3416666666666666,0.44727272727272727,-0.02083333333333326,0.15858828588879514,0.8,0.6058610131615224,0.029166666666666667,0.14285714285714285,0.15,0.029166666666666667,7,0.20600858369098707,0.7939914163090129,0.20600858369098707
viruspseaac,MLC_PA_MLP,0.30,2,Operating Point,,0.07696463213794476,3,,0.9791666666666666,2.88,0.06,50,0.23958333333333334,0.7916666666666666,0.24166666666666664,0.32362637362637364,-0.025000000000000022,0.16623928438849522,0.7666666666666666,0.48986565801486887,0.020833333333333332,0.6,0.125,0.020833333333333332,5,0.23829787234042554,0.7617021276595745,0.23829787234042554
viruspseaac,MLC_PA_MLP,0.30,3,Operating Point,,0.0701242329544756,4,,0.9444444444444444,1.6,0.08888888888888889,45,0.24316239316239313,0.8076923076923077,0.3076923076923077,0.3365663322185061,-0.03418803418803418,0.15496805931588542,0.7735042735042735,0.49153439153439155,0.05555555555555555,0.3076923076923077,0.3076923076923077,0.05555555555555555,13,0.23981900452488691,0.7601809954751131,0.23981900452488691
viruspseaac,MLC_PA_MLP,0.30,4,Operating Point,,0.06943052397092787,2,,0.9612403100775194,1.1217391304347826,0.043478260869565216,46,0.2441860465116279,0.8217054263565892,0.32558139534883723,0.36944444444444446,-0.054263565891472854,0.13473266499582293,0.7674418604651163,0.5041771094402674,0.03875968992248062,0.2,0.23255813953488372,0.03875968992248062,10,0.24193548387096775,0.7580645161290323,0.24193548387096775
viruspseaac,MLC_PA_MLP,0.30,5,Operating Point,,0.05740690753487453,4,,0.9666666666666667,2.926829268292683,0.0975609756097561,41,0.23592592592592593,0.8481481481481481,0.3555555555555555,0.4931386514719847,-0.07407407407407396,-0.12693135890810303,0.7740740740740741,0.3662072925638817,0.03333333333333333,0.4444444444444444,0.2,0.03333333333333333,9,0.23371647509578541,0.7662835249042146,0.23371647509578541
viruspseaac,MLC_PA_MLP,0.35,1,Operating Point,,0.06655336003523735,1,,0.9708333333333333,0.7973421926910299,0.023255813953488372,43,0.21020833333333336,0.8208333333333333,0.3416666666666666,0.44727272727272727,-0.02083333333333326,0.15858828588879514,0.8,0.6058610131615224,0.029166666666666667,0.14285714285714285,0.15,0.029166666666666667,7,0.20600858369098707,0.7939914163090129,0.20600858369098707
viruspseaac,MLC_PA_MLP,0.35,2,Operating Point,,0.07696463213794476,3,,0.9791666666666666,2.88,0.06,50,0.240625,0.7916666666666666,0.24166666666666664,0.32362637362637364,-0.025000000000000022,0.16623928438849522,0.7666666666666666,0.48986565801486887,0.020833333333333332,0.6,0.125,0.020833333333333332,5,0.23829787234042554,0.7617021276595745,0.23829787234042554
viruspseaac,MLC_PA_MLP,0.35,3,Operating Point,,0.0701242329544756,4,,0.9444444444444444,1.6,0.08888888888888889,45,0.24594017094017093,0.8076923076923077,0.3076923076923077,0.3365663322185061,-0.03418803418803418,0.15496805931588542,0.7735042735042735,0.49153439153439155,0.05555555555555555,0.3076923076923077,0.3076923076923077,0.05555555555555555,13,0.23981900452488691,0.7601809954751131,0.23981900452488691
viruspseaac,MLC_PA_MLP,0.35,4,Operating Point,,0.06943052397092787,2,,0.9612403100775194,1.1217391304347826,0.043478260869565216,46,0.24612403100775193,0.8217054263565892,0.32558139534883723,0.36944444444444446,-0.054263565891472854,0.13473266499582293,0.7674418604651163,0.5041771094402674,0.03875968992248062,0.2,0.23255813953488372,0.03875968992248062,10,0.24193548387096775,0.7580645161290323,0.24193548387096775
viruspseaac,MLC_PA_MLP,0.35,5,Operating Point,,0.05740690753487453,4,,0.9666666666666667,2.926829268292683,0.0975609756097561,41,0.2375925925925926,0.8481481481481481,0.3555555555555555,0.4931386514719847,-0.07407407407407396,-0.12693135890810303,0.7740740740740741,0.3662072925638817,0.03333333333333333,0.4444444444444444,0.2,0.03333333333333333,9,0.23371647509578541,0.7662835249042146,0.23371647509578541
viruspseaac,MLC_PA_MLP,0.40,1,Operating Point,,0.06655336003523735,1,,0.9708333333333333,0.7973421926910299,0.023255813953488372,43,0.21166666666666664,0.8208333333333333,0.3416666666666666,0.44727272727272727,-0.02083333333333326,0.15858828588879514,0.8,0.6058610131615224,0.029166666666666667,0.14285714285714285,0.15,0.029166666666666667,7,0.20600858369098707,0.7939914163090129,0.20600858369098707
viruspseaac,MLC_PA_MLP,0.40,2,Operating Point,,0.07696463213794476,3,,0.9791666666666666,2.88,0.06,50,0.24166666666666667,0.7916666666666666,0.24166666666666664,0.32362637362637364,-0.025000000000000022,0.16623928438849522,0.7666666666666666,0.48986565801486887,0.020833333333333332,0.6,0.125,0.020833333333333332,5,0.23829787234042554,0.7617021276595745,0.23829787234042554
viruspseaac,MLC_PA_MLP,0.40,3,Operating Point,,0.0701242329544756,4,,0.9444444444444444,1.6,0.08888888888888889,45,0.24871794871794872,0.8076923076923077,0.3076923076923077,0.3365663322185061,-0.03418803418803418,0.15496805931588542,0.7735042735042735,0.49153439153439155,0.05555555555555555,0.3076923076923077,0.3076923076923077,0.05555555555555555,13,0.23981900452488691,0.7601809954751131,0.23981900452488691
viruspseaac,MLC_PA_MLP,0.40,4,Operating Point,,0.06943052397092787,2,,0.9612403100775194,1.1217391304347826,0.043478260869565216,46,0.24806201550387597,0.8217054263565892,0.32558139534883723,0.36944444444444446,-0.054263565891472854,0.13473266499582293,0.7674418604651163,0.5041771094402674,0.03875968992248062,0.2,0.23255813953488372,0.03875968992248062,10,0.24193548387096775,0.7580645161290323,0.24193548387096775
viruspseaac,MLC_PA_MLP,0.40,5,Operating Point,,0.05740690753487453,4,,0.9666666666666667,2.926829268292683,0.0975609756097561,41,0.23925925925925923,0.8481481481481481,0.3555555555555555,0.4931386514719847,-0.07407407407407396,-0.12693135890810303,0.7740740740740741,0.3662072925638817,0.03333333333333333,0.4444444444444444,0.2,0.03333333333333333,9,0.23371647509578541,0.7662835249042146,0.23371647509578541
viruspseaac,MLC_PA_MLP,0.50,1,Operating Point,,0.06655336003523735,0,,1.0,,0.0,43,0.20416666666666666,0.8208333333333333,0.3416666666666666,0.44727272727272727,-0.02499999999999991,0.15386015350108828,0.7958333333333334,0.6011328807738155,0.0,,0.0,0.0,0,0.2041666666666666,0.7958333333333334,0.2041666666666666
viruspseaac,MLC_PA_MLP,0.50,2,Operating Point,,0.07696463213794476,0,,1.0,,0.0,50,0.24583333333333332,0.7916666666666666,0.24166666666666664,0.32362637362637364,-0.03749999999999998,0.1486892192774546,0.7541666666666667,0.47231559290382824,0.0,,0.0,0.0,0,0.24583333333333335,0.7541666666666667,0.24583333333333335
viruspseaac,MLC_PA_MLP,0.50,3,Operating Point,,0.0701242329544756,0,,1.0,,0.0,45,0.24358974358974358,0.8076923076923077,0.3076923076923077,0.3365663322185061,-0.05128205128205132,0.07899958334740942,0.7564102564102564,0.41556591556591554,0.0,,0.0,0.0,0,0.2435897435897436,0.7564102564102564,0.2435897435897436
viruspseaac,MLC_PA_MLP,0.50,4,Operating Point,,0.06943052397092787,0,,1.0,,0.0,46,0.24031007751937986,0.8217054263565892,0.32558139534883723,0.36944444444444446,-0.06201550387596899,0.0606585909217488,0.7596899224806202,0.43010303536619326,0.0,,0.0,0.0,0,0.24031007751937983,0.7596899224806202,0.24031007751937983
viruspseaac,MLC_PA_MLP,0.50,5,Operating Point,,0.05740690753487453,0,,1.0,,0.0,41,0.24074074074074073,0.8481481481481481,0.3555555555555555,0.4931386514719847,-0.0888888888888888,-0.17313687815283796,0.7592592592592593,0.32000177331914675,0.0,,0.0,0.0,0,0.2407407407407407,0.7592592592592593,0.2407407407407407
viruspseaac,GSI_MLC_PA_MLP,0.20,1,Operating Point,,0.05787955455159951,5,,0.9583333333333334,2.608695652173913,0.10869565217391304,46,0.21666666666666667,0.8083333333333333,0.32499999999999996,0.32505050505050503,-0.01666666666666672,0.208030303030303,0.7916666666666666,0.533080808080808,0.041666666666666664,0.5,0.25,0.041666666666666664,10,0.21739130434782605,0.782608695652174,0.21739130434782605
viruspseaac,GSI_MLC_PA_MLP,0.20,2,Operating Point,,0.06328967235444898,4,,0.9458333333333333,1.5384615384615383,0.08333333333333333,48,0.24833333333333332,0.8,0.3583333333333333,0.4377373171490819,-0.03750000000000009,0.1089130096483037,0.7625,0.5466503267973856,0.05416666666666667,0.3076923076923077,0.3,0.05416666666666667,13,0.25110132158590304,0.748898678414097,0.25110132158590304
viruspseaac,GSI_MLC_PA_MLP,0.20,3,Operating Point,,0.08013311520953059,4,,0.9444444444444444,1.411764705882353,0.0784313725490196,51,0.2675213675213675,0.782051282051282,0.2735042735042735,0.377983127983128,-0.038461538461538436,0.22373374233988047,0.7435897435897436,0.6017168703230085,0.05555555555555555,0.3076923076923077,0.3333333333333333,0.05555555555555555,13,0.2714932126696832,0.7285067873303168,0.2714932126696832
viruspseaac,GSI_MLC_PA_MLP,0.20,4,Operating Point,,0.06759415342816556,7,,0.8914728682170543,1.4021739130434783,0.15217391304347827,46,0.21937984496124036,0.8217054263565892,0.40310077519379844,0.4051587301587302,-0.019379844961240345,0.12199722791828055,0.8023255813953488,0.5271559580770108,0.10852713178294573,0.25,0.5116279069767442,0.10852713178294573,28,0.22173913043478266,0.7782608695652173,0.22173913043478266
viruspseaac,GSI_MLC_PA_MLP,0.20,5,Operating Point,,0.05461263638633011,6,,0.9148148148148149,1.6770186335403725,0.14285714285714285,42,0.20592592592592593,0.8444444444444444,0.4888888888888889,0.47301587301587306,-0.033333333333333326,0.17602978251245255,0.8111111111111111,0.6490456555283256,0.08518518518518518,0.2608695652173913,0.3111111111111111,0.08518518518518518,23,0.20647773279352233,0.7935222672064777,0.20647773279352233
viruspseaac,GSI_MLC_PA_MLP,0.25,1,Operating Point,,0.05787955455159951,5,,0.9583333333333334,2.608695652173913,0.10869565217391304,46,0.21875,0.8083333333333333,0.32499999999999996,0.32505050505050503,-0.01666666666666672,0.208030303030303,0.7916666666666666,0.533080808080808,0.041666666666666664,0.5,0.25,0.041666666666666664,10,0.21739130434782605,0.782608695652174,0.21739130434782605
viruspseaac,GSI_MLC_PA_MLP,0.25,2,Operating Point,,0.06328967235444898,3,,0.9791666666666666,3.0,0.0625,48,0.246875,0.8,0.3583333333333333,0.4377373171490819,-0.04166666666666674,0.09363523187052597,0.7583333333333333,0.5313725490196078,0.020833333333333332,0.6,0.125,0.020833333333333332,5,0.2468085106382979,0.7531914893617021,0.2468085106382979
viruspseaac,GSI_MLC_PA_MLP,0.25,3,Operating Point,,0.08013311520953059,4,,0.9444444444444444,1.411764705882353,0.0784313725490196,51,0.2702991452991453,0.782051282051282,0.2735042735042735,0.377983127983128,-0.038461538461538436,0.22373374233988047,0.7435897435897436,0.6017168703230085,0.05555555555555555,0.3076923076923077,0.3333333333333333,0.05555555555555555,13,0.2714932126696832,0.7285067873303168,0.2714932126696832
viruspseaac,GSI_MLC_PA_MLP,0.25,4,Operating Point,,0.06759415342816556,6,,0.9186046511627907,1.6024844720496894,0.13043478260869565,46,0.2180232558139535,0.8217054263565892,0.40310077519379844,0.4051587301587302,-0.019379844961240345,0.11064531873355404,0.8023255813953488,0.5158040488922843,0.08139534883720931,0.2857142857142857,0.4418604651162791,0.08139534883720931,21,0.21518987341772156,0.7848101265822784,0.21518987341772156
viruspseaac,GSI_MLC_PA_MLP,0.25,5,Operating Point,,0.05461263638633011,6,,0.9148148148148149,1.6770186335403725,0.14285714285714285,42,0.2101851851851852,0.8444444444444444,0.4888888888888889,0.47301587301587306,-0.033333333333333326,0.17602978251245255,0.8111111111111111,0.6490456555283256,0.08518518518518518,0.2608695652173913,0.3111111111111111,0.08518518518518518,23,0.20647773279352233,0.7935222672064777,0.20647773279352233
viruspseaac,GSI_MLC_PA_MLP,0.30,1,Operating Point,,0.05787955455159951,5,,0.9583333333333334,2.608695652173913,0.10869565217391304,46,0.22083333333333333,0.8083333333333333,0.32499999999999996,0.32505050505050503,-0.01666666666666672,0.208030303030303,0.7916666666666666,0.533080808080808,0.041666666666666664,0.5,0.25,0.041666666666666664,10,0.21739130434782605,0.782608695652174,0.21739130434782605
viruspseaac,GSI_MLC_PA_MLP,0.30,2,Operating Point,,0.06328967235444898,3,,0.9791666666666666,3.0,0.0625,48,0.24791666666666667,0.8,0.3583333333333333,0.4377373171490819,-0.04166666666666674,0.09363523187052597,0.7583333333333333,0.5313725490196078,0.020833333333333332,0.6,0.125,0.020833333333333332,5,0.2468085106382979,0.7531914893617021,0.2468085106382979
viruspseaac,GSI_MLC_PA_MLP,0.30,3,Operating Point,,0.08013311520953059,3,,0.9487179487179487,1.1470588235294117,0.058823529411764705,51,0.27606837606837603,0.782051282051282,0.2735042735042735,0.377983127983128,-0.042735042735042694,0.21253479635832578,0.7393162393162394,0.5905179243414538,0.05128205128205128,0.25,0.3076923076923077,0.05128205128205128,12,0.27477477477477485,0.7252252252252251,0.27477477477477485
viruspseaac,GSI_MLC_PA_MLP,0.30,4,Operating Point,,0.06759415342816556,6,,0.9186046511627907,1.6024844720496894,0.13043478260869565,46,0.22209302325581395,0.8217054263565892,0.40310077519379844,0.4051587301587302,-0.019379844961240345,0.11064531873355404,0.8023255813953488,0.5158040488922843,0.08139534883720931,0.2857142857142857,0.4418604651162791,0.08139534883720931,21,0.21518987341772156,0.7848101265822784,0.21518987341772156
viruspseaac,GSI_MLC_PA_MLP,0.30,5,Operating Point,,0.05461263638633011,6,,0.9148148148148149,1.6770186335403725,0.14285714285714285,42,0.21444444444444444,0.8444444444444444,0.4888888888888889,0.47301587301587306,-0.033333333333333326,0.17602978251245255,0.8111111111111111,0.6490456555283256,0.08518518518518518,0.2608695652173913,0.3111111111111111,0.08518518518518518,23,0.20647773279352233,0.7935222672064777,0.20647773279352233
viruspseaac,GSI_MLC_PA_MLP,0.35,1,Operating Point,,0.05787955455159951,4,,0.9666666666666667,2.608695652173913,0.08695652173913043,46,0.22416666666666668,0.8083333333333333,0.32499999999999996,0.32505050505050503,-0.02083333333333337,0.1987710437710437,0.7875,0.5238215488215487,0.03333333333333333,0.5,0.2,0.03333333333333333,8,0.21982758620689657,0.7801724137931034,0.21982758620689657
viruspseaac,GSI_MLC_PA_MLP,0.35,2,Operating Point,,0.06328967235444898,3,,0.9791666666666666,3.0,0.0625,48,0.24895833333333334,0.8,0.3583333333333333,0.4377373171490819,-0.04166666666666674,0.09363523187052597,0.7583333333333333,0.5313725490196078,0.020833333333333332,0.6,0.125,0.020833333333333332,5,0.2468085106382979,0.7531914893617021,0.2468085106382979
viruspseaac,GSI_MLC_PA_MLP,0.35,3,Operating Point,,0.08013311520953059,3,,0.9487179487179487,1.1470588235294117,0.058823529411764705,51,0.27863247863247864,0.782051282051282,0.2735042735042735,0.377983127983128,-0.042735042735042694,0.21253479635832578,0.7393162393162394,0.5905179243414538,0.05128205128205128,0.25,0.3076923076923077,0.05128205128205128,12,0.27477477477477485,0.7252252252252251,0.27477477477477485
viruspseaac,GSI_MLC_PA_MLP,0.35,4,Operating Point,,0.06759415342816556,6,,0.9224806201550387,1.682608695652174,0.13043478260869565,46,0.22868217054263565,0.8217054263565892,0.40310077519379844,0.4051587301587302,-0.023255813953488413,0.1073773448773448,0.7984496124031008,0.512536075036075,0.07751937984496124,0.3,0.4186046511627907,0.07751937984496124,20,0.2184873949579832,0.7815126050420168,0.2184873949579832
viruspseaac,GSI_MLC_PA_MLP,0.35,5,Operating Point,,0.05461263638633011,6,,0.9148148148148149,1.6770186335403725,0.14285714285714285,42,0.2187037037037037,0.8444444444444444,0.4888888888888889,0.47301587301587306,-0.033333333333333326,0.17602978251245255,0.8111111111111111,0.6490456555283256,0.08518518518518518,0.2608695652173913,0.3111111111111111,0.08518518518518518,23,0.20647773279352233,0.7935222672064777,0.20647773279352233
viruspseaac,GSI_MLC_PA_MLP,0.40,1,Operating Point,,0.05787955455159951,4,,0.9666666666666667,2.608695652173913,0.08695652173913043,46,0.2258333333333333,0.8083333333333333,0.32499999999999996,0.32505050505050503,-0.02083333333333337,0.1987710437710437,0.7875,0.5238215488215487,0.03333333333333333,0.5,0.2,0.03333333333333333,8,0.21982758620689657,0.7801724137931034,0.21982758620689657
viruspseaac,GSI_MLC_PA_MLP,0.40,2,Operating Point,,0.06328967235444898,3,,0.9791666666666666,3.0,0.0625,48,0.25,0.8,0.3583333333333333,0.4377373171490819,-0.04166666666666674,0.09363523187052597,0.7583333333333333,0.5313725490196078,0.020833333333333332,0.6,0.125,0.020833333333333332,5,0.2468085106382979,0.7531914893617021,0.2468085106382979
viruspseaac,GSI_MLC_PA_MLP,0.40,3,Operating Point,,0.08013311520953059,3,,0.9487179487179487,1.1470588235294117,0.058823529411764705,51,0.2811965811965812,0.782051282051282,0.2735042735042735,0.377983127983128,-0.042735042735042694,0.21253479635832578,0.7393162393162394,0.5905179243414538,0.05128205128205128,0.25,0.3076923076923077,0.05128205128205128,12,0.27477477477477485,0.7252252252252251,0.27477477477477485
viruspseaac,GSI_MLC_PA_MLP,0.40,4,Operating Point,,0.06759415342816556,6,,0.9224806201550387,1.682608695652174,0.13043478260869565,46,0.23255813953488372,0.8217054263565892,0.40310077519379844,0.4051587301587302,-0.023255813953488413,0.1073773448773448,0.7984496124031008,0.512536075036075,0.07751937984496124,0.3,0.4186046511627907,0.07751937984496124,20,0.2184873949579832,0.7815126050420168,0.2184873949579832
viruspseaac,GSI_MLC_PA_MLP,0.40,5,Operating Point,,0.05461263638633011,6,,0.9148148148148149,1.6770186335403725,0.14285714285714285,42,0.22296296296296297,0.8444444444444444,0.4888888888888889,0.47301587301587306,-0.033333333333333326,0.17602978251245255,0.8111111111111111,0.6490456555283256,0.08518518518518518,0.2608695652173913,0.3111111111111111,0.08518518518518518,23,0.20647773279352233,0.7935222672064777,0.20647773279352233
viruspseaac,GSI_MLC_PA_MLP,0.50,1,Operating Point,,0.05787955455159951,0,,1.0,,0.0,46,0.22916666666666666,0.8083333333333333,0.32499999999999996,0.32505050505050503,-0.03749999999999998,0.06379953379953379,0.7708333333333334,0.3888500388500388,0.0,,0.0,0.0,0,0.22916666666666663,0.7708333333333334,0.22916666666666663
viruspseaac,GSI_MLC_PA_MLP,0.50,2,Operating Point,,0.06328967235444898,0,,1.0,,0.0,48,0.25833333333333336,0.8,0.3583333333333333,0.4377373171490819,-0.05833333333333335,0.07892934951758473,0.7416666666666667,0.5166666666666666,0.0,,0.0,0.0,0,0.2583333333333333,0.7416666666666667,0.2583333333333333
viruspseaac,GSI_MLC_PA_MLP,0.50,3,Operating Point,,0.08013311520953059,0,,1.0,,0.0,51,0.2948717948717949,0.782051282051282,0.2735042735042735,0.377983127983128,-0.07692307692307698,0.13336812969165907,0.7051282051282051,0.5113512576747871,0.0,,0.0,0.0,0,0.29487179487179493,0.7051282051282051,0.29487179487179493
viruspseaac,GSI_MLC_PA_MLP,0.50,4,Operating Point,,0.06759415342816556,0,,1.0,,0.0,46,0.2248062015503876,0.8217054263565892,0.40310077519379844,0.4051587301587302,-0.046511627906976716,-0.008694083694083754,0.7751937984496124,0.39646464646464646,0.0,,0.0,0.0,0,0.22480620155038755,0.7751937984496124,0.22480620155038755
viruspseaac,GSI_MLC_PA_MLP,0.50,5,Operating Point,,0.05461263638633011,0,,1.0,,0.0,42,0.2111111111111111,0.8444444444444444,0.4888888888888889,0.47301587301587306,-0.05555555555555558,-0.020290563807893736,0.7888888888888889,0.4527253092079793,0.0,,0.0,0.0,0,0.21111111111111114,0.7888888888888889,0.21111111111111114
gpositivepseaac,MLC_PA_Logistic,0.20,1,Operating Point,,0.03346280414816349,8,,0.9206730769230769,1.9393939393939397,0.15384615384615385,52,0.12403846153846154,0.875,0.6666666666666666,0.5505434782608696,0.016826923076923128,0.1784672169262962,0.8918269230769231,0.7290106951871658,0.07932692307692307,0.24242424242424243,0.23076923076923078,0.07932692307692307,33,0.11749347258485643,0.8825065274151436,0.11749347258485643
gpositivepseaac,MLC_PA_Logistic,0.20,2,Operating Point,,0.046048741620216896,21,,0.8389423076923077,2.0696517412935322,0.3333333333333333,63,0.1355769230769231,0.8485576923076923,0.5833333333333333,0.6054400858704138,0.04807692307692313,0.1774038618173056,0.8966346153846154,0.7828439476877194,0.16105769230769232,0.31343283582089554,0.5,0.16105769230769232,67,0.12320916905444124,0.8767908309455588,0.12320916905444124
gpositivepseaac,MLC_PA_Logistic,0.20,3,Operating Point,,0.060500907939678154,21,,0.8533653846153846,2.5573770491803276,0.375,56,0.12548076923076923,0.8653846153846154,0.6474358974358976,0.5207826611610762,0.038461538461538436,0.18384355839051647,0.9038461538461539,0.7046262195515927,0.1466346153846154,0.3442622950819672,0.4326923076923077,0.1466346153846154,61,0.11267605633802813,0.8873239436619719,0.11267605633802813
gpositivepseaac,MLC_PA_Logistic,0.20,4,Operating Point,,0.048132160304140054,29,,0.8076923076923077,2.2848484848484847,0.4393939393939394,66,0.125,0.8413461538461539,0.5897435897435896,0.4888473182155709,0.07211538461538458,0.2957794371428918,0.9134615384615384,0.7846267553584627,0.19230769230769232,0.3625,0.49038461538461536,0.19230769230769232,80,0.1071428571428571,0.8928571428571429,0.1071428571428571
gpositivepseaac,MLC_PA_Logistic,0.20,5,Operating Point,,0.06262891499533856,16,,0.8859223300970874,2.1250805931656993,0.24242424242424243,66,0.15873786407766996,0.8398058252427184,0.6375404530744337,0.6021259506949908,0.024271844660194275,0.02473707625183097,0.8640776699029127,0.6268630269468217,0.11407766990291263,0.3404255319148936,0.42718446601941745,0.11407766990291263,47,0.1534246575342466,0.8465753424657534,0.1534246575342466
gpositivepseaac,MLC_PA_Logistic,0.25,1,Operating Point,,0.03346280414816349,8,,0.9206730769230769,1.9393939393939397,0.15384615384615385,52,0.12800480769230768,0.875,0.6666666666666666,0.5505434782608696,0.016826923076923128,0.1784672169262962,0.8918269230769231,0.7290106951871658,0.07932692307692307,0.24242424242424243,0.23076923076923078,0.07932692307692307,33,0.11749347258485643,0.8825065274151436,0.11749347258485643
gpositivepseaac,MLC_PA_Logistic,0.25,2,Operating Point,,0.046048741620216896,21,,0.8389423076923077,2.0696517412935322,0.3333333333333333,63,0.14362980769230768,0.8485576923076923,0.5833333333333333,0.6054400858704138,0.04807692307692313,0.1774038618173056,0.8966346153846154,0.7828439476877194,0.16105769230769232,0.31343283582089554,0.5,0.16105769230769232,67,0.12320916905444124,0.8767908309455588,0.12320916905444124
gpositivepseaac,MLC_PA_Logistic,0.25,3,Operating Point,,0.060500907939678154,17,,0.8918269230769231,2.806349206349206,0.30357142857142855,56,0.1328125,0.8653846153846154,0.6474358974358976,0.5207826611610762,0.028846153846153855,0.16891818525618818,0.8942307692307693,0.6897008464172644,0.10817307692307693,0.37777777777777777,0.3269230769230769,0.10817307692307693,45,0.1185983827493261,0.8814016172506739,0.1185983827493261
gpositivepseaac,MLC_PA_Logistic,0.25,4,Operating Point,,0.048132160304140054,29,,0.8076923076923077,2.2848484848484847,0.4393939393939394,66,0.1346153846153846,0.8413461538461539,0.5897435897435896,0.4888473182155709,0.07211538461538458,0.2957794371428918,0.9134615384615384,0.7846267553584627,0.19230769230769232,0.3625,0.49038461538461536,0.19230769230769232,80,0.1071428571428571,0.8928571428571429,0.1071428571428571
gpositivepseaac,MLC_PA_Logistic,0.25,5,Operating Point,,0.06262891499533856,9,,0.941747572815534,2.340909090909091,0.13636363636363635,66,0.18932038834951456,0.8398058252427184,0.6375404530744337,0.6021259506949908,-0.014563106796116498,-0.009740374879460334,0.8252427184466019,0.5923855758155304,0.05825242718446602,0.375,0.23300970873786409,0.05825242718446602,24,0.18556701030927836,0.8144329896907216,0.18556701030927836
gpositivepseaac,MLC_PA_Logistic,0.30,1,Operating Point,,0.03346280414816349,8,,0.9206730769230769,1.9393939393939397,0.15384615384615385,52,0.13197115384615382,0.875,0.6666666666666666,0.5505434782608696,0.016826923076923128,0.1784672169262962,0.8918269230769231,0.7290106951871658,0.07932692307692307,0.24242424242424243,0.23076923076923078,0.07932692307692307,33,0.11749347258485643,0.8825065274151436,0.11749347258485643
gpositivepseaac,MLC_PA_Logistic,0.30,2,Operating Point,,0.046048741620216896,21,,0.8389423076923077,2.0696517412935322,0.3333333333333333,63,0.1516826923076923,0.8485576923076923,0.5833333333333333,0.6054400858704138,0.04807692307692313,0.1774038618173056,0.8966346153846154,0.7828439476877194,0.16105769230769232,0.31343283582089554,0.5,0.16105769230769232,67,0.12320916905444124,0.8767908309455588,0.12320916905444124
gpositivepseaac,MLC_PA_Logistic,0.30,3,Operating Point,,0.060500907939678154,17,,0.8918269230769231,2.806349206349206,0.30357142857142855,56,0.13822115384615385,0.8653846153846154,0.6474358974358976,0.5207826611610762,0.028846153846153855,0.16891818525618818,0.8942307692307693,0.6897008464172644,0.10817307692307693,0.37777777777777777,0.3269230769230769,0.10817307692307693,45,0.1185983827493261,0.8814016172506739,0.1185983827493261
gpositivepseaac,MLC_PA_Logistic,0.30,4,Operating Point,,0.048132160304140054,29,,0.8076923076923077,2.2848484848484847,0.4393939393939394,66,0.14423076923076922,0.8413461538461539,0.5897435897435896,0.4888473182155709,0.07211538461538458,0.2957794371428918,0.9134615384615384,0.7846267553584627,0.19230769230769232,0.3625,0.49038461538461536,0.19230769230769232,80,0.1071428571428571,0.8928571428571429,0.1071428571428571
gpositivepseaac,MLC_PA_Logistic,0.30,5,Operating Point,,0.06262891499533856,9,,0.941747572815534,2.340909090909091,0.13636363636363635,66,0.19223300970873783,0.8398058252427184,0.6375404530744337,0.6021259506949908,-0.014563106796116498,-0.009740374879460334,0.8252427184466019,0.5923855758155304,0.05825242718446602,0.375,0.23300970873786409,0.05825242718446602,24,0.18556701030927836,0.8144329896907216,0.18556701030927836
gpositivepseaac,MLC_PA_Logistic,0.35,1,Operating Point,,0.03346280414816349,8,,0.9206730769230769,1.9393939393939397,0.15384615384615385,52,0.1359375,0.875,0.6666666666666666,0.5505434782608696,0.016826923076923128,0.1784672169262962,0.8918269230769231,0.7290106951871658,0.07932692307692307,0.24242424242424243,0.23076923076923078,0.07932692307692307,33,0.11749347258485643,0.8825065274151436,0.11749347258485643
gpositivepseaac,MLC_PA_Logistic,0.35,2,Operating Point,,0.046048741620216896,8,,0.9350961538461539,1.9564961787184008,0.12698412698412698,63,0.16213942307692308,0.8485576923076923,0.5833333333333333,0.6054400858704138,0.012019230769230838,0.12902386099865637,0.8605769230769231,0.7344639468690701,0.06490384615384616,0.2962962962962963,0.23076923076923078,0.06490384615384616,27,0.14910025706940877,0.8508997429305912,0.14910025706940877
gpositivepseaac,MLC_PA_Logistic,0.35,3,Operating Point,,0.060500907939678154,17,,0.8918269230769231,2.806349206349206,0.30357142857142855,56,0.14362980769230768,0.8653846153846154,0.6474358974358976,0.5207826611610762,0.028846153846153855,0.16891818525618818,0.8942307692307693,0.6897008464172644,0.10817307692307693,0.37777777777777777,0.3269230769230769,0.10817307692307693,45,0.1185983827493261,0.8814016172506739,0.1185983827493261
gpositivepseaac,MLC_PA_Logistic,0.35,4,Operating Point,,0.048132160304140054,27,,0.8413461538461539,2.578512396694215,0.4090909090909091,66,0.14687499999999998,0.8413461538461539,0.5897435897435896,0.4888473182155709,0.06730769230769229,0.286955907731127,0.9086538461538461,0.7758032259466979,0.15865384615384615,0.4090909090909091,0.4423076923076923,0.15865384615384615,66,0.10857142857142854,0.8914285714285715,0.10857142857142854
gpositivepseaac,MLC_PA_Logistic,0.35,5,Operating Point,,0.06262891499533856,9,,0.941747572815534,2.340909090909091,0.13636363636363635,66,0.19514563106796112,0.8398058252427184,0.6375404530744337,0.6021259506949908,-0.014563106796116498,-0.009740374879460334,0.8252427184466019,0.5923855758155304,0.05825242718446602,0.375,0.23300970873786409,0.05825242718446602,24,0.18556701030927836,0.8144329896907216,0.18556701030927836
gpositivepseaac,MLC_PA_Logistic,0.40,1,Operating Point,,0.03346280414816349,2,,0.9639423076923077,1.0666666666666669,0.038461538461538464,52,0.13942307692307693,0.875,0.6666666666666666,0.5505434782608696,0.0,0.15799798028058887,0.875,0.7085414585414584,0.036057692307692304,0.13333333333333333,0.125,0.036057692307692304,15,0.1296758104738155,0.8703241895261845,0.1296758104738155
gpositivepseaac,MLC_PA_Logistic,0.40,2,Operating Point,,0.046048741620216896,8,,0.9350961538461539,1.9564961787184008,0.12698412698412698,63,0.16538461538461538,0.8485576923076923,0.5833333333333333,0.6054400858704138,0.012019230769230838,0.12902386099865637,0.8605769230769231,0.7344639468690701,0.06490384615384616,0.2962962962962963,0.23076923076923078,0.06490384615384616,27,0.14910025706940877,0.8508997429305912,0.14910025706940877
gpositivepseaac,MLC_PA_Logistic,0.40,3,Operating Point,,0.060500907939678154,15,,0.90625,2.857142857142857,0.26785714285714285,56,0.14326923076923076,0.8653846153846154,0.6474358974358976,0.5207826611610762,0.028846153846153855,0.16891818525618818,0.8942307692307693,0.6897008464172644,0.09375,0.38461538461538464,0.3076923076923077,0.09375,39,0.11671087533156499,0.883289124668435,0.11671087533156499
gpositivepseaac,MLC_PA_Logistic,0.40,4,Operating Point,,0.048132160304140054,24,,0.8605769230769231,2.6081504702194356,0.36363636363636365,66,0.15432692307692308,0.8413461538461539,0.5897435897435896,0.4888473182155709,0.060096153846153855,0.2727025140659687,0.9014423076923077,0.7615498322815396,0.13942307692307693,0.41379310344827586,0.40384615384615385,0.13942307692307693,58,0.11452513966480449,0.8854748603351955,0.11452513966480449
gpositivepseaac,MLC_PA_Logistic,0.40,5,Operating Point,,0.06262891499533856,9,,0.941747572815534,2.340909090909091,0.13636363636363635,66,0.19805825242718453,0.8398058252427184,0.6375404530744337,0.6021259506949908,-0.014563106796116498,-0.009740374879460334,0.8252427184466019,0.5923855758155304,0.05825242718446602,0.375,0.23300970873786409,0.05825242718446602,24,0.18556701030927836,0.8144329896907216,0.18556701030927836
gpositivepseaac,MLC_PA_Logistic,0.50,1,Operating Point,,0.03346280414816349,0,,1.0,,0.0,52,0.12980769230769232,0.875,0.6666666666666666,0.5505434782608696,-0.004807692307692291,0.1168266516092602,0.8701923076923077,0.6673701298701298,0.0,,0.0,0.0,0,0.1298076923076923,0.8701923076923077,0.1298076923076923
gpositivepseaac,MLC_PA_Logistic,0.50,2,Operating Point,,0.046048741620216896,0,,1.0,,0.0,63,0.17548076923076922,0.8485576923076923,0.5833333333333333,0.6054400858704138,-0.024038461538461453,-0.008627049602478176,0.8245192307692308,0.5968130362679356,0.0,,0.0,0.0,0,0.17548076923076916,0.8245192307692308,0.17548076923076916
gpositivepseaac,MLC_PA_Logistic,0.50,3,Operating Point,,0.060500907939678154,0,,1.0,,0.0,56,0.13942307692307693,0.8653846153846154,0.6474358974358976,0.5207826611610762,-0.004807692307692291,0.035068848681534814,0.8605769230769231,0.555851509842611,0.0,,0.0,0.0,0,0.13942307692307687,0.8605769230769231,0.13942307692307687
gpositivepseaac,MLC_PA_Logistic,0.50,4,Operating Point,,0.048132160304140054,0,,1.0,,0.0,66,0.15144230769230768,0.8413461538461539,0.5897435897435896,0.4888473182155709,0.007211538461538436,0.01819251694926416,0.8485576923076923,0.5070398351648351,0.0,,0.0,0.0,0,0.1514423076923077,0.8485576923076923,0.1514423076923077
gpositivepseaac,MLC_PA_Logistic,0.50,5,Operating Point,,0.06262891499533856,0,,1.0,,0.0,66,0.1941747572815534,0.8398058252427184,0.6375404530744337,0.6021259506949908,-0.03398058252427183,-0.051407041546126964,0.8058252427184466,0.5507189091488638,0.0,,0.0,0.0,0,0.19417475728155342,0.8058252427184466,0.19417475728155342
gpositivepseaac,GSI_MLC_PA_Logistic,0.20,1,Operating Point,,0.030859817895376975,10,,0.9158653846153846,2.4761904761904763,0.20833333333333334,48,0.12980769230769232,0.8846153846153846,0.6987179487179488,0.5722826086956522,0.0024038461538461453,0.20467685076380715,0.8870192307692307,0.7769594594594593,0.08413461538461539,0.2857142857142857,0.2980769230769231,0.08413461538461539,35,0.12335958005249348,0.8766404199475065,0.12335958005249348
gpositivepseaac,GSI_MLC_PA_Logistic,0.20,2,Operating Point,,0.04498506972657572,29,,0.7932692307692307,2.158139534883721,0.4461538461538462,65,0.13990384615384616,0.84375,0.5608974358974359,0.46824359239355107,0.05769230769230771,0.265088790568187,0.9014423076923077,0.7333323829617381,0.20673076923076922,0.3372093023255814,0.5384615384615384,0.20673076923076922,86,0.12424242424242427,0.8757575757575757,0.12424242424242427
gpositivepseaac,GSI_MLC_PA_Logistic,0.20,3,Operating Point,,0.05532331299209174,5,,0.9447115384615384,1.6442687747035574,0.09090909090909091,55,0.12884615384615386,0.8677884615384616,0.657051282051282,0.5233983553260662,0.014423076923076872,0.0465456499440261,0.8822115384615384,0.5699440052700923,0.055288461538461536,0.21739130434782608,0.21153846153846154,0.055288461538461536,23,0.12468193384223913,0.8753180661577609,0.12468193384223913
gpositivepseaac,GSI_MLC_PA_Logistic,0.20,4,Operating Point,,0.04604195908360191,23,,0.8509615384615384,2.411290322580645,0.359375,64,0.13076923076923078,0.8461538461538461,0.5961538461538461,0.49523809523809526,0.05288461538461542,0.24789223467834887,0.8990384615384616,0.7431303299164441,0.14903846153846154,0.3709677419354839,0.38461538461538464,0.14903846153846154,62,0.11864406779661019,0.8813559322033898,0.11864406779661019
gpositivepseaac,GSI_MLC_PA_Logistic,0.20,5,Operating Point,,0.06486866107727023,16,,0.8883495145631068,2.2391304347826084,0.25,64,0.1388349514563107,0.8446601941747574,0.6537216828478964,0.4911674347158218,0.03883495145631066,0.15645161290322585,0.883495145631068,0.6476190476190476,0.11165048543689321,0.34782608695652173,0.3300970873786408,0.11165048543689321,46,0.1311475409836066,0.8688524590163934,0.1311475409836066
gpositivepseaac,GSI_MLC_PA_Logistic,0.25,1,Operating Point,,0.030859817895376975,9,,0.9326923076923077,2.785714285714286,0.1875,48,0.13221153846153846,0.8846153846153846,0.6987179487179488,0.5722826086956522,0.0,0.2006968433591424,0.8846153846153846,0.7729794520547946,0.0673076923076923,0.32142857142857145,0.2403846153846154,0.0673076923076923,28,0.12371134020618557,0.8762886597938144,0.12371134020618557
gpositivepseaac,GSI_MLC_PA_Logistic,0.25,2,Operating Point,,0.04498506972657572,25,,0.8149038461538461,2.0779220779220777,0.38461538461538464,65,0.1544471153846154,0.84375,0.5608974358974359,0.46824359239355107,0.04807692307692313,0.25476984122484736,0.8918269230769231,0.7230134336183984,0.18509615384615385,0.3246753246753247,0.5192307692307693,0.18509615384615385,77,0.1327433628318584,0.8672566371681416,0.1327433628318584
gpositivepseaac,GSI_MLC_PA_Logistic,0.25,3,Operating Point,,0.05532331299209174,9,,0.9495192307692307,3.2415584415584413,0.16363636363636364,55,0.12079326923076923,0.8677884615384616,0.657051282051282,0.5233983553260662,0.024038461538461564,0.05793281350510271,0.8918269230769231,0.5813311688311689,0.05048076923076923,0.42857142857142855,0.19230769230769232,0.05048076923076923,21,0.11392405063291133,0.8860759493670887,0.11392405063291133
gpositivepseaac,GSI_MLC_PA_Logistic,0.25,4,Operating Point,,0.04604195908360191,23,,0.8509615384615384,2.411290322580645,0.359375,64,0.13822115384615385,0.8461538461538461,0.5961538461538461,0.49523809523809526,0.05288461538461542,0.24789223467834887,0.8990384615384616,0.7431303299164441,0.14903846153846154,0.3709677419354839,0.38461538461538464,0.14903846153846154,62,0.11864406779661019,0.8813559322033898,0.11864406779661019
gpositivepseaac,GSI_MLC_PA_Logistic,0.25,5,Operating Point,,0.06486866107727023,16,,0.8883495145631068,2.2391304347826084,0.25,64,0.14441747572815533,0.8446601941747574,0.6537216828478964,0.4911674347158218,0.03883495145631066,0.15645161290322585,0.883495145631068,0.6476190476190476,0.11165048543689321,0.34782608695652173,0.3300970873786408,0.11165048543689321,46,0.1311475409836066,0.8688524590163934,0.1311475409836066
gpositivepseaac,GSI_MLC_PA_Logistic,0.30,1,Operating Point,,0.030859817895376975,9,,0.9326923076923077,2.785714285714286,0.1875,48,0.13557692307692307,0.8846153846153846,0.6987179487179488,0.5722826086956522,0.0,0.2006968433591424,0.8846153846153846,0.7729794520547946,0.0673076923076923,0.32142857142857145,0.2403846153846154,0.0673076923076923,28,0.12371134020618557,0.8762886597938144,0.12371134020618557
gpositivepseaac,GSI_MLC_PA_Logistic,0.30,2,Operating Point,,0.04498506972657572,10,,0.9230769230769231,2.0,0.15384615384615385,65,0.17932692307692305,0.84375,0.5608974358974359,0.46824359239355107,0.0,0.18372218845828736,0.84375,0.6519657808518384,0.07692307692307693,0.3125,0.25,0.07692307692307693,32,0.16927083333333337,0.8307291666666666,0.16927083333333337
gpositivepseaac,GSI_MLC_PA_Logistic,0.30,3,Operating Point,,0.05532331299209174,1,,0.9783653846153846,0.8404040404040404,0.01818181818181818,55,0.13389423076923077,0.8677884615384616,0.657051282051282,0.5233983553260662,0.004807692307692291,0.03378794428981091,0.8725961538461539,0.5571862996158771,0.021634615384615384,0.1111111111111111,0.07692307692307693,0.021634615384615384,9,0.13022113022113024,0.8697788697788698,0.13022113022113024
gpositivepseaac,GSI_MLC_PA_Logistic,0.30,4,Operating Point,,0.04604195908360191,23,,0.8509615384615384,2.411290322580645,0.359375,64,0.14567307692307693,0.8461538461538461,0.5961538461538461,0.49523809523809526,0.05288461538461542,0.24789223467834887,0.8990384615384616,0.7431303299164441,0.14903846153846154,0.3709677419354839,0.38461538461538464,0.14903846153846154,62,0.11864406779661019,0.8813559322033898,0.11864406779661019
gpositivepseaac,GSI_MLC_PA_Logistic,0.30,5,Operating Point,,0.06486866107727023,16,,0.8883495145631068,2.2391304347826084,0.25,64,0.14999999999999997,0.8446601941747574,0.6537216828478964,0.4911674347158218,0.03883495145631066,0.15645161290322585,0.883495145631068,0.6476190476190476,0.11165048543689321,0.34782608695652173,0.3300970873786408,0.11165048543689321,46,0.1311475409836066,0.8688524590163934,0.1311475409836066
gpositivepseaac,GSI_MLC_PA_Logistic,0.35,1,Operating Point,,0.030859817895376975,4,,0.9615384615384616,2.1666666666666665,0.08333333333333333,48,0.14086538461538461,0.8846153846153846,0.6987179487179488,0.5722826086956522,-0.012019230769230727,0.17904092071611244,0.8725961538461539,0.7513235294117646,0.038461538461538464,0.25,0.1346153846153846,0.038461538461538464,16,0.13250000000000006,0.8674999999999999,0.13250000000000006
gpositivepseaac,GSI_MLC_PA_Logistic,0.35,2,Operating Point,,0.04498506972657572,10,,0.9230769230769231,2.0,0.15384615384615385,65,0.18317307692307694,0.84375,0.5608974358974359,0.46824359239355107,0.0,0.18372218845828736,0.84375,0.6519657808518384,0.07692307692307693,0.3125,0.25,0.07692307692307693,32,0.16927083333333337,0.8307291666666666,0.16927083333333337
gpositivepseaac,GSI_MLC_PA_Logistic,0.35,3,Operating Point,,0.05532331299209174,1,,0.9807692307692307,0.9454545454545453,0.01818181818181818,55,0.13653846153846153,0.8677884615384616,0.657051282051282,0.5233983553260662,0.0024038461538461453,0.03148968075559233,0.8701923076923077,0.5548880360816585,0.019230769230769232,0.125,0.0673076923076923,0.019230769230769232,8,0.13235294117647056,0.8676470588235294,0.13235294117647056
gpositivepseaac,GSI_MLC_PA_Logistic,0.35,4,Operating Point,,0.04604195908360191,13,,0.8942307692307693,1.9204545454545454,0.203125,64,0.15721153846153849,0.8461538461538461,0.5961538461538461,0.49523809523809526,0.033653846153846145,0.21546521896959936,0.8798076923076923,0.7107033142076946,0.10576923076923077,0.29545454545454547,0.3269230769230769,0.10576923076923077,44,0.13440860215053763,0.8655913978494624,0.13440860215053763
gpositivepseaac,GSI_MLC_PA_Logistic,0.35,5,Operating Point,,0.06486866107727023,16,,0.8883495145631068,2.2391304347826084,0.25,64,0.15558252427184469,0.8446601941747574,0.6537216828478964,0.4911674347158218,0.03883495145631066,0.15645161290322585,0.883495145631068,0.6476190476190476,0.11165048543689321,0.34782608695652173,0.3300970873786408,0.11165048543689321,46,0.1311475409836066,0.8688524590163934,0.1311475409836066
gpositivepseaac,GSI_MLC_PA_Logistic,0.40,1,Operating Point,,0.030859817895376975,4,,0.9615384615384616,2.1666666666666665,0.08333333333333333,48,0.14278846153846153,0.8846153846153846,0.6987179487179488,0.5722826086956522,-0.012019230769230727,0.17904092071611244,0.8725961538461539,0.7513235294117646,0.038461538461538464,0.25,0.1346153846153846,0.038461538461538464,16,0.13250000000000006,0.8674999999999999,0.13250000000000006
gpositivepseaac,GSI_MLC_PA_Logistic,0.40,2,Operating Point,,0.04498506972657572,4,,0.9663461538461539,1.8285714285714287,0.06153846153846154,65,0.19374999999999998,0.84375,0.5608974358974359,0.46824359239355107,-0.024038461538461564,0.13975993632875228,0.8197115384615384,0.6080035287223033,0.03365384615384615,0.2857142857142857,0.1346153846153846,0.03365384615384615,14,0.18656716417910446,0.8134328358208955,0.18656716417910446
gpositivepseaac,GSI_MLC_PA_Logistic,0.40,3,Operating Point,,0.05532331299209174,1,,0.9807692307692307,0.9454545454545453,0.01818181818181818,55,0.1375,0.8677884615384616,0.657051282051282,0.5233983553260662,0.0024038461538461453,0.03148968075559233,0.8701923076923077,0.5548880360816585,0.019230769230769232,0.125,0.0673076923076923,0.019230769230769232,8,0.13235294117647056,0.8676470588235294,0.13235294117647056
gpositivepseaac,GSI_MLC_PA_Logistic,0.40,4,Operating Point,,0.04604195908360191,13,,0.8942307692307693,1.9204545454545454,0.203125,64,0.16249999999999998,0.8461538461538461,0.5961538461538461,0.49523809523809526,0.033653846153846145,0.21546521896959936,0.8798076923076923,0.7107033142076946,0.10576923076923077,0.29545454545454547,0.3269230769230769,0.10576923076923077,44,0.13440860215053763,0.8655913978494624,0.13440860215053763
gpositivepseaac,GSI_MLC_PA_Logistic,0.40,5,Operating Point,,0.06486866107727023,5,,0.9587378640776699,1.8933823529411764,0.078125,64,0.17669902912621357,0.8446601941747574,0.6537216828478964,0.4911674347158218,-0.004854368932038944,0.1150313556986825,0.8398058252427184,0.6061987904145043,0.0412621359223301,0.29411764705882354,0.1553398058252427,0.0412621359223301,17,0.1670886075949367,0.8329113924050633,0.1670886075949367
gpositivepseaac,GSI_MLC_PA_Logistic,0.50,1,Operating Point,,0.030859817895376975,0,,1.0,,0.0,48,0.14182692307692307,0.8846153846153846,0.6987179487179488,0.5722826086956522,-0.02644230769230771,0.10373404673902586,0.8581730769230769,0.676016655434678,0.0,,0.0,0.0,0,0.14182692307692313,0.8581730769230769,0.14182692307692313
gpositivepseaac,GSI_MLC_PA_Logistic,0.50,2,Operating Point,,0.04498506972657572,0,,1.0,,0.0,65,0.19230769230769232,0.84375,0.5608974358974359,0.46824359239355107,-0.03605769230769229,0.11461355046359178,0.8076923076923077,0.5828571428571429,0.0,,0.0,0.0,0,0.1923076923076923,0.8076923076923077,0.1923076923076923
gpositivepseaac,GSI_MLC_PA_Logistic,0.50,3,Operating Point,,0.05532331299209174,0,,1.0,,0.0,55,0.13221153846153846,0.8677884615384616,0.657051282051282,0.5233983553260662,0.0,0.027063121399455548,0.8677884615384616,0.5504614767255217,0.0,,0.0,0.0,0,0.13221153846153844,0.8677884615384616,0.13221153846153844
gpositivepseaac,GSI_MLC_PA_Logistic,0.50,4,Operating Point,,0.04604195908360191,0,,1.0,,0.0,64,0.14903846153846154,0.8461538461538461,0.5961538461538461,0.49523809523809526,0.004807692307692291,0.0060606060606061,0.8509615384615384,0.5012987012987014,0.0,,0.0,0.0,0,0.14903846153846156,0.8509615384615384,0.14903846153846156
gpositivepseaac,GSI_MLC_PA_Logistic,0.50,5,Operating Point,,0.06486866107727023,0,,1.0,,0.0,64,0.1796116504854369,0.8446601941747574,0.6537216828478964,0.4911674347158218,-0.024271844660194275,0.09513085818624467,0.8203883495145631,0.5862982929020665,0.0,,0.0,0.0,0,0.17961165048543692,0.8203883495145631,0.17961165048543692
gpositivepseaac,MLC_PA_SVM,0.20,1,Operating Point,,0.0433601409976216,12,,0.8894230769230769,1.9731225296442687,0.21818181818181817,55,0.15192307692307694,0.8677884615384616,0.6217948717948717,0.6072180926611307,0.0024038461538461453,0.09804718932056922,0.8701923076923077,0.7052652819816999,0.11057692307692307,0.2608695652173913,0.3557692307692308,0.11057692307692307,46,0.145945945945946,0.854054054054054,0.145945945945946
gpositivepseaac,MLC_PA_SVM,0.20,2,Operating Point,,0.06271105763641532,21,,0.8653846153846154,2.294117647058824,0.3088235294117647,68,0.13990384615384616,0.8365384615384616,0.5224358974358974,0.4529281693915841,0.05048076923076916,0.32430247033905557,0.8870192307692307,0.7772306397306397,0.1346153846153846,0.375,0.4423076923076923,0.1346153846153846,56,0.13055555555555554,0.8694444444444445,0.13055555555555554
gpositivepseaac,MLC_PA_SVM,0.20,3,Operating Point,,0.07062073202179124,4,,0.9086538461538461,0.6634768740031899,0.06060606060606061,66,0.19615384615384615,0.8413461538461539,0.5737179487179487,0.46969153515064566,-0.019230769230769273,0.03777452819777061,0.8221153846153846,0.5074660633484163,0.09134615384615384,0.10526315789473684,0.33653846153846156,0.09134615384615384,38,0.1957671957671958,0.8042328042328042,0.1957671957671958
gpositivepseaac,MLC_PA_SVM,0.20,4,Operating Point,,0.06314940102167267,21,,0.8653846153846154,2.4000000000000004,0.3230769230769231,65,0.1326923076923077,0.84375,0.532051282051282,0.4538909950145409,0.050480769230769273,0.22289797906358988,0.8942307692307693,0.6767889740781308,0.1346153846153846,0.375,0.41346153846153844,0.1346153846153846,56,0.12222222222222223,0.8777777777777778,0.12222222222222223
gpositivepseaac,MLC_PA_SVM,0.20,5,Operating Point,,0.06705025441722497,16,,0.9271844660194175,2.8912280701754387,0.21052631578947367,76,0.2597087378640777,0.8155339805825242,0.5048543689320388,0.3903913260219342,-0.06067961165048541,0.16734564281942915,0.7548543689320388,0.5577369688413634,0.07281553398058252,0.5333333333333333,0.2524271844660194,0.07281553398058252,30,0.26439790575916233,0.7356020942408377,0.26439790575916233
gpositivepseaac,MLC_PA_SVM,0.25,1,Operating Point,,0.0433601409976216,8,,0.9350961538461539,2.241077441077441,0.14545454545454545,55,0.15564903846153846,0.8677884615384616,0.6217948717948717,0.6072180926611307,-0.007211538461538436,0.077034106752359,0.8605769230769231,0.6842521994134897,0.06490384615384616,0.2962962962962963,0.25,0.06490384615384616,27,0.14910025706940877,0.8508997429305912,0.14910025706940877
gpositivepseaac,MLC_PA_SVM,0.25,2,Operating Point,,0.06271105763641532,18,,0.8894230769230769,2.3938618925831205,0.2647058823529412,68,0.14543269230769232,0.8365384615384616,0.5224358974358974,0.4529281693915841,0.04567307692307687,0.31704388934451955,0.8822115384615384,0.7699720587361036,0.11057692307692307,0.391304347826087,0.36538461538461536,0.11057692307692307,46,0.1324324324324324,0.8675675675675676,0.1324324324324324
gpositivepseaac,MLC_PA_SVM,0.25,3,Operating Point,,0.07062073202179124,4,,0.9086538461538461,0.6634768740031899,0.06060606060606061,66,0.20072115384615385,0.8413461538461539,0.5737179487179487,0.46969153515064566,-0.019230769230769273,0.03777452819777061,0.8221153846153846,0.5074660633484163,0.09134615384615384,0.10526315789473684,0.33653846153846156,0.09134615384615384,38,0.1957671957671958,0.8042328042328042,0.1957671957671958
gpositivepseaac,MLC_PA_SVM,0.25,4,Operating Point,,0.06314940102167267,21,,0.8653846153846154,2.4000000000000004,0.3230769230769231,65,0.13942307692307693,0.84375,0.532051282051282,0.4538909950145409,0.050480769230769273,0.22289797906358988,0.8942307692307693,0.6767889740781308,0.1346153846153846,0.375,0.41346153846153844,0.1346153846153846,56,0.12222222222222223,0.8777777777777778,0.12222222222222223
gpositivepseaac,MLC_PA_SVM,0.25,5,Operating Point,,0.06705025441722497,16,,0.9271844660194175,2.8912280701754387,0.21052631578947367,76,0.2633495145631068,0.8155339805825242,0.5048543689320388,0.3903913260219342,-0.06067961165048541,0.16734564281942915,0.7548543689320388,0.5577369688413634,0.07281553398058252,0.5333333333333333,0.2524271844660194,0.07281553398058252,30,0.26439790575916233,0.7356020942408377,0.26439790575916233
gpositivepseaac,MLC_PA_SVM,0.30,1,Operating Point,,0.0433601409976216,8,,0.9350961538461539,2.241077441077441,0.14545454545454545,55,0.15889423076923076,0.8677884615384616,0.6217948717948717,0.6072180926611307,-0.007211538461538436,0.077034106752359,0.8605769230769231,0.6842521994134897,0.06490384615384616,0.2962962962962963,0.25,0.06490384615384616,27,0.14910025706940877,0.8508997429305912,0.14910025706940877
gpositivepseaac,MLC_PA_SVM,0.30,2,Operating Point,,0.06271105763641532,8,,0.9519230769230769,2.4470588235294115,0.11764705882352941,68,0.15865384615384615,0.8365384615384616,0.5224358974358974,0.4529281693915841,0.019230769230769273,0.267482222174681,0.8557692307692308,0.7204103915662651,0.04807692307692308,0.4,0.17307692307692307,0.04807692307692308,20,0.1515151515151515,0.8484848484848485,0.1515151515151515
gpositivepseaac,MLC_PA_SVM,0.30,3,Operating Point,,0.07062073202179124,4,,0.9086538461538461,0.6634768740031899,0.06060606060606061,66,0.20528846153846156,0.8413461538461539,0.5737179487179487,0.46969153515064566,-0.019230769230769273,0.03777452819777061,0.8221153846153846,0.5074660633484163,0.09134615384615384,0.10526315789473684,0.33653846153846156,0.09134615384615384,38,0.1957671957671958,0.8042328042328042,0.1957671957671958
gpositivepseaac,MLC_PA_SVM,0.30,4,Operating Point,,0.06314940102167267,19,,0.8966346153846154,2.8279069767441865,0.2923076923076923,65,0.14158653846153849,0.84375,0.532051282051282,0.4538909950145409,0.04567307692307687,0.21342828209389286,0.8894230769230769,0.6673192771084338,0.10336538461538461,0.4418604651162791,0.33653846153846156,0.10336538461538461,43,0.1233243967828418,0.8766756032171582,0.1233243967828418
gpositivepseaac,MLC_PA_SVM,0.30,5,Operating Point,,0.06705025441722497,16,,0.9296116504854369,2.9909255898366607,0.21052631578947367,76,0.26626213592233006,0.8155339805825242,0.5048543689320388,0.3903913260219342,-0.06067961165048541,0.16734564281942915,0.7548543689320388,0.5577369688413634,0.0703883495145631,0.5517241379310345,0.2524271844660194,0.0703883495145631,29,0.26370757180156656,0.7362924281984334,0.26370757180156656
gpositivepseaac,MLC_PA_SVM,0.35,1,Operating Point,,0.0433601409976216,8,,0.9350961538461539,2.241077441077441,0.14545454545454545,55,0.16213942307692306,0.8677884615384616,0.6217948717948717,0.6072180926611307,-0.007211538461538436,0.077034106752359,0.8605769230769231,0.6842521994134897,0.06490384615384616,0.2962962962962963,0.25,0.06490384615384616,27,0.14910025706940877,0.8508997429305912,0.14910025706940877
gpositivepseaac,MLC_PA_SVM,0.35,2,Operating Point,,0.06271105763641532,1,,0.9975961538461539,6.117647058823529,0.014705882352941176,68,0.16189903846153844,0.8365384615384616,0.5224358974358974,0.4529281693915841,0.0024038461538461453,0.2221639310128849,0.8389423076923077,0.675092100404469,0.002403846153846154,1.0,0.009615384615384616,0.002403846153846154,1,0.1614457831325301,0.8385542168674699,0.1614457831325301
gpositivepseaac,MLC_PA_SVM,0.35,3,Operating Point,,0.07062073202179124,1,,0.9807692307692307,0.7878787878787878,0.015151515151515152,66,0.24951923076923077,0.8413461538461539,0.5737179487179487,0.46969153515064566,-0.08413461538461542,-0.010027669604427136,0.7572115384615384,0.4596638655462185,0.019230769230769232,0.125,0.07692307692307693,0.019230769230769232,8,0.24754901960784315,0.7524509803921569,0.24754901960784315
gpositivepseaac,MLC_PA_SVM,0.35,4,Operating Point,,0.06314940102167267,18,,0.9134615384615384,3.2,0.27692307692307694,65,0.14326923076923076,0.84375,0.532051282051282,0.4538909950145409,0.043269230769230727,0.20846796463357542,0.8870192307692307,0.6623589596481163,0.08653846153846154,0.5,0.27884615384615385,0.08653846153846154,36,0.12368421052631584,0.8763157894736842,0.12368421052631584
gpositivepseaac,MLC_PA_SVM,0.35,5,Operating Point,,0.06705025441722497,1,,0.9854368932038835,0.9035087719298245,0.013157894736842105,76,0.27936893203883495,0.8155339805825242,0.5048543689320388,0.3903913260219342,-0.0898058252427184,0.03614295148217089,0.7257281553398058,0.4265342775041051,0.014563106796116505,0.16666666666666666,0.05825242718446602,0.014563106796116505,6,0.2783251231527093,0.7216748768472907,0.2783251231527093
gpositivepseaac,MLC_PA_SVM,0.40,1,Operating Point,,0.0433601409976216,2,,0.9759615384615384,1.5127272727272725,0.03636363636363636,55,0.16105769230769232,0.8677884615384616,0.6217948717948717,0.6072180926611307,-0.019230769230769273,0.06370077341902569,0.8485576923076923,0.6709188660801564,0.02403846153846154,0.2,0.09615384615384616,0.02403846153846154,10,0.15517241379310343,0.8448275862068966,0.15517241379310343
gpositivepseaac,MLC_PA_SVM,0.40,2,Operating Point,,0.06271105763641532,1,,0.9975961538461539,6.117647058823529,0.014705882352941176,68,0.16201923076923078,0.8365384615384616,0.5224358974358974,0.4529281693915841,0.0024038461538461453,0.2221639310128849,0.8389423076923077,0.675092100404469,0.002403846153846154,1.0,0.009615384615384616,0.002403846153846154,1,0.1614457831325301,0.8385542168674699,0.1614457831325301
gpositivepseaac,MLC_PA_SVM,0.40,3,Operating Point,,0.07062073202179124,1,,0.9807692307692307,0.7878787878787878,0.015151515151515152,66,0.25048076923076923,0.8413461538461539,0.5737179487179487,0.46969153515064566,-0.08413461538461542,-0.010027669604427136,0.7572115384615384,0.4596638655462185,0.019230769230769232,0.125,0.07692307692307693,0.019230769230769232,8,0.24754901960784315,0.7524509803921569,0.24754901960784315
gpositivepseaac,MLC_PA_SVM,0.40,4,Operating Point,,0.06314940102167267,11,,0.9350961538461539,2.607407407407407,0.16923076923076924,65,0.1557692307692308,0.84375,0.532051282051282,0.4538909950145409,0.02644230769230771,0.13952857069418145,0.8701923076923077,0.5934195657087223,0.06490384615384616,0.4074074074074074,0.21153846153846154,0.06490384615384616,27,0.13881748071979438,0.8611825192802056,0.13881748071979438
gpositivepseaac,MLC_PA_SVM,0.40,5,Operating Point,,0.06705025441722497,1,,0.9854368932038835,0.9035087719298245,0.013157894736842105,76,0.2800970873786408,0.8155339805825242,0.5048543689320388,0.3903913260219342,-0.0898058252427184,0.03614295148217089,0.7257281553398058,0.4265342775041051,0.014563106796116505,0.16666666666666666,0.05825242718446602,0.014563106796116505,6,0.2783251231527093,0.7216748768472907,0.2783251231527093
gpositivepseaac,MLC_PA_SVM,0.50,1,Operating Point,,0.0433601409976216,0,,1.0,,0.0,55,0.15625,0.8677884615384616,0.6217948717948717,0.6072180926611307,-0.024038461538461564,-0.017107307389055082,0.84375,0.5901107852720756,0.0,,0.0,0.0,0,0.15625,0.84375,0.15625
gpositivepseaac,MLC_PA_SVM,0.50,2,Operating Point,,0.06271105763641532,0,,1.0,,0.0,68,0.16346153846153846,0.8365384615384616,0.5224358974358974,0.4529281693915841,0.0,0.14716393101288483,0.8365384615384616,0.6000921004044689,0.0,,0.0,0.0,0,0.16346153846153844,0.8365384615384616,0.16346153846153844
gpositivepseaac,MLC_PA_SVM,0.50,3,Operating Point,,0.07062073202179124,0,,1.0,,0.0,66,0.25240384615384615,0.8413461538461539,0.5737179487179487,0.46969153515064566,-0.09375,-0.013739154198264658,0.7475961538461539,0.455952380952381,0.0,,0.0,0.0,0,0.25240384615384615,0.7475961538461539,0.25240384615384615
gpositivepseaac,MLC_PA_SVM,0.50,4,Operating Point,,0.06314940102167267,0,,1.0,,0.0,65,0.16346153846153846,0.84375,0.532051282051282,0.4538909950145409,-0.007211538461538436,0.0004371222234124117,0.8365384615384616,0.4543281172379533,0.0,,0.0,0.0,0,0.16346153846153844,0.8365384615384616,0.16346153846153844
gpositivepseaac,MLC_PA_SVM,0.50,5,Operating Point,,0.06705025441722497,0,,1.0,,0.0,76,0.2766990291262136,0.8155339805825242,0.5048543689320388,0.3903913260219342,-0.09223300970873782,0.03275467309389252,0.7233009708737864,0.42314599911582673,0.0,,0.0,0.0,0,0.2766990291262136,0.7233009708737864,0.2766990291262136
gpositivepseaac,GSI_MLC_PA_SVM,0.20,1,Operating Point,,0.047256428287098314,9,,0.90625,1.7142857142857144,0.16071428571428573,56,0.19182692307692306,0.8653846153846154,0.6602564102564101,0.6017580872011252,-0.03846153846153855,0.05611944068182051,0.8269230769230769,0.6578775278829457,0.09375,0.23076923076923078,0.3269230769230769,0.09375,39,0.19098143236074272,0.8090185676392573,0.19098143236074272
gpositivepseaac,GSI_MLC_PA_SVM,0.20,2,Operating Point,,0.0621164347566283,8,,0.9230769230769231,1.3684210526315788,0.10526315789473684,76,0.2293269230769231,0.8173076923076923,0.532051282051282,0.5886258050892197,-0.03125,-0.0015566263148194537,0.7860576923076923,0.5870691787744002,0.07692307692307693,0.25,0.28846153846153844,0.07692307692307693,32,0.23177083333333337,0.7682291666666666,0.23177083333333337
gpositivepseaac,GSI_MLC_PA_SVM,0.20,3,Operating Point,,0.07767811605212588,16,,0.8870192307692307,2.0826032540675845,0.23529411764705882,68,0.1860576923076923,0.8365384615384616,0.6185897435897435,0.4860090210491146,0.0,0.10282852838383638,0.8365384615384616,0.588837549432951,0.11298076923076923,0.3404255319148936,0.36538461538461536,0.11298076923076923,47,0.1842818428184282,0.8157181571815718,0.1842818428184282
gpositivepseaac,GSI_MLC_PA_SVM,0.20,4,Operating Point,,0.06542705486755114,16,,0.8317307692307693,1.3780538302277432,0.2318840579710145,69,0.19230769230769232,0.8341346153846154,0.5673076923076923,0.5342027450461185,0.007211538461538436,0.09400584966150272,0.8413461538461539,0.6282085947076212,0.16826923076923078,0.22857142857142856,0.5673076923076923,0.16826923076923078,70,0.19075144508670516,0.8092485549132948,0.19075144508670516
gpositivepseaac,GSI_MLC_PA_SVM,0.20,5,Operating Point,,0.09294062729912583,17,,0.866504854368932,1.7935979513444302,0.23943661971830985,71,0.162621359223301,0.8276699029126213,0.5922330097087378,0.45673076923076916,0.03640776699029136,0.14571985985029468,0.8640776699029127,0.6024506290810638,0.13349514563106796,0.3090909090909091,0.42718446601941745,0.13349514563106796,55,0.1568627450980392,0.8431372549019608,0.1568627450980392
gpositivepseaac,GSI_MLC_PA_SVM,0.25,1,Operating Point,,0.047256428287098314,9,,0.90625,1.7142857142857144,0.16071428571428573,56,0.19651442307692307,0.8653846153846154,0.6602564102564101,0.6017580872011252,-0.03846153846153855,0.05611944068182051,0.8269230769230769,0.6578775278829457,0.09375,0.23076923076923078,0.3269230769230769,0.09375,39,0.19098143236074272,0.8090185676392573,0.19098143236074272
gpositivepseaac,GSI_MLC_PA_SVM,0.25,2,Operating Point,,0.0621164347566283,8,,0.9230769230769231,1.3684210526315788,0.10526315789473684,76,0.23317307692307693,0.8173076923076923,0.532051282051282,0.5886258050892197,-0.03125,-0.0015566263148194537,0.7860576923076923,0.5870691787744002,0.07692307692307693,0.25,0.28846153846153844,0.07692307692307693,32,0.23177083333333337,0.7682291666666666,0.23177083333333337
gpositivepseaac,GSI_MLC_PA_SVM,0.25,3,Operating Point,,0.07767811605212588,16,,0.8870192307692307,2.0826032540675845,0.23529411764705882,68,0.19170673076923078,0.8365384615384616,0.6185897435897435,0.4860090210491146,0.0,0.10282852838383638,0.8365384615384616,0.588837549432951,0.11298076923076923,0.3404255319148936,0.36538461538461536,0.11298076923076923,47,0.1842818428184282,0.8157181571815718,0.1842818428184282
gpositivepseaac,GSI_MLC_PA_SVM,0.25,4,Operating Point,,0.06542705486755114,10,,0.9302884615384616,2.07896051974013,0.14492753623188406,69,0.20012019230769232,0.8341346153846154,0.5673076923076923,0.5342027450461185,-0.016826923076923128,0.05974136259661922,0.8173076923076923,0.5939441076427378,0.06971153846153846,0.3448275862068966,0.2692307692307692,0.06971153846153846,29,0.19638242894056845,0.8036175710594315,0.19638242894056845
gpositivepseaac,GSI_MLC_PA_SVM,0.25,5,Operating Point,,0.09294062729912583,17,,0.866504854368932,1.7935979513444302,0.23943661971830985,71,0.16929611650485438,0.8276699029126213,0.5922330097087378,0.45673076923076916,0.03640776699029136,0.14571985985029468,0.8640776699029127,0.6024506290810638,0.13349514563106796,0.3090909090909091,0.42718446601941745,0.13349514563106796,55,0.1568627450980392,0.8431372549019608,0.1568627450980392
gpositivepseaac,GSI_MLC_PA_SVM,0.30,1,Operating Point,,0.047256428287098314,8,,0.9302884615384616,2.049261083743842,0.14285714285714285,56,0.19639423076923082,0.8653846153846154,0.6602564102564101,0.6017580872011252,-0.04086538461538458,0.05312173304648282,0.8245192307692308,0.654879820247608,0.06971153846153846,0.27586206896551724,0.25,0.06971153846153846,29,0.18863049095607232,0.8113695090439277,0.18863049095607232
gpositivepseaac,GSI_MLC_PA_SVM,0.30,2,Operating Point,,0.0621164347566283,8,,0.9230769230769231,1.3684210526315788,0.10526315789473684,76,0.23701923076923076,0.8173076923076923,0.532051282051282,0.5886258050892197,-0.03125,-0.0015566263148194537,0.7860576923076923,0.5870691787744002,0.07692307692307693,0.25,0.28846153846153844,0.07692307692307693,32,0.23177083333333337,0.7682291666666666,0.23177083333333337
gpositivepseaac,GSI_MLC_PA_SVM,0.30,3,Operating Point,,0.07767811605212588,9,,0.9519230769230769,2.7529411764705882,0.1323529411764706,68,0.20432692307692307,0.8365384615384616,0.6185897435897435,0.4860090210491146,-0.02644230769230771,0.07559880182108447,0.8100961538461539,0.5616078228701991,0.04807692307692308,0.45,0.17307692307692307,0.04807692307692308,20,0.1994949494949495,0.8005050505050505,0.1994949494949495
gpositivepseaac,GSI_MLC_PA_SVM,0.30,4,Operating Point,,0.06542705486755114,4,,0.96875,1.855072463768116,0.057971014492753624,69,0.2016826923076923,0.8341346153846154,0.5673076923076923,0.5342027450461185,-0.02644230769230771,0.0463524526559852,0.8076923076923077,0.5805551977021037,0.03125,0.3076923076923077,0.125,0.03125,13,0.19851116625310172,0.8014888337468983,0.19851116625310172
gpositivepseaac,GSI_MLC_PA_SVM,0.30,5,Operating Point,,0.09294062729912583,3,,0.9466019417475728,0.7912932138284251,0.04225352112676056,71,0.20048543689320392,0.8276699029126213,0.5922330097087378,0.45673076923076916,-0.012135922330097082,0.09831581462016248,0.8155339805825242,0.5550465838509316,0.05339805825242718,0.13636363636363635,0.21359223300970873,0.05339805825242718,22,0.19487179487179485,0.8051282051282052,0.19487179487179485
gpositivepseaac,GSI_MLC_PA_SVM,0.35,1,Operating Point,,0.047256428287098314,8,,0.9302884615384616,2.049261083743842,0.14285714285714285,56,0.1998798076923077,0.8653846153846154,0.6602564102564101,0.6017580872011252,-0.04086538461538458,0.05312173304648282,0.8245192307692308,0.654879820247608,0.06971153846153846,0.27586206896551724,0.25,0.06971153846153846,29,0.18863049095607232,0.8113695090439277,0.18863049095607232
gpositivepseaac,GSI_MLC_PA_SVM,0.35,2,Operating Point,,0.0621164347566283,7,,0.9399038461538461,1.5326315789473683,0.09210526315789473,76,0.23737980769230768,0.8173076923076923,0.532051282051282,0.5886258050892197,-0.033653846153846145,-0.004940180962419105,0.7836538461538461,0.5836856241268006,0.06009615384615385,0.28,0.2403846153846154,0.06009615384615385,25,0.2301790281329923,0.7698209718670077,0.2301790281329923
gpositivepseaac,GSI_MLC_PA_SVM,0.35,3,Operating Point,,0.07767811605212588,9,,0.9519230769230769,2.7529411764705882,0.1323529411764706,68,0.20673076923076922,0.8365384615384616,0.6185897435897435,0.4860090210491146,-0.02644230769230771,0.07559880182108447,0.8100961538461539,0.5616078228701991,0.04807692307692308,0.45,0.17307692307692307,0.04807692307692308,20,0.1994949494949495,0.8005050505050505,0.1994949494949495
gpositivepseaac,GSI_MLC_PA_SVM,0.35,4,Operating Point,,0.06542705486755114,0,,0.9903846153846154,0.0,0.0,69,0.20528846153846156,0.8341346153846154,0.5673076923076923,0.5342027450461185,-0.03605769230769229,0.03167304537167548,0.7980769230769231,0.565875790417794,0.009615384615384616,0.0,0.038461538461538464,0.009615384615384616,4,0.2038834951456311,0.7961165048543689,0.2038834951456311
gpositivepseaac,GSI_MLC_PA_SVM,0.35,5,Operating Point,,0.09294062729912583,0,,0.9781553398058253,0.0,0.0,71,0.20182038834951455,0.8276699029126213,0.5922330097087378,0.45673076923076916,-0.021844660194174748,0.07869485586876901,0.8058252427184466,0.5354256250995382,0.021844660194174758,0.0,0.08737864077669903,0.021844660194174758,9,0.19851116625310172,0.8014888337468983,0.19851116625310172
gpositivepseaac,GSI_MLC_PA_SVM,0.40,1,Operating Point,,0.047256428287098314,1,,0.9831730769230769,1.0612244897959184,0.017857142857142856,56,0.2110576923076923,0.8653846153846154,0.6602564102564101,0.6017580872011252,-0.06971153846153855,-0.000914608833648245,0.7956730769230769,0.600843478367477,0.016826923076923076,0.14285714285714285,0.0673076923076923,0.016826923076923076,7,0.2078239608801956,0.7921760391198044,0.2078239608801956
gpositivepseaac,GSI_MLC_PA_SVM,0.40,2,Operating Point,,0.0621164347566283,7,,0.9399038461538461,1.5326315789473683,0.09210526315789473,76,0.2403846153846154,0.8173076923076923,0.532051282051282,0.5886258050892197,-0.033653846153846145,-0.004940180962419105,0.7836538461538461,0.5836856241268006,0.06009615384615385,0.28,0.2403846153846154,0.06009615384615385,25,0.2301790281329923,0.7698209718670077,0.2301790281329923
gpositivepseaac,GSI_MLC_PA_SVM,0.40,3,Operating Point,,0.07767811605212588,9,,0.9519230769230769,2.7529411764705882,0.1323529411764706,68,0.2091346153846154,0.8365384615384616,0.6185897435897435,0.4860090210491146,-0.02644230769230771,0.07559880182108447,0.8100961538461539,0.5616078228701991,0.04807692307692308,0.45,0.17307692307692307,0.04807692307692308,20,0.1994949494949495,0.8005050505050505,0.1994949494949495
gpositivepseaac,GSI_MLC_PA_SVM,0.40,4,Operating Point,,0.06542705486755114,0,,0.9903846153846154,0.0,0.0,69,0.20576923076923076,0.8341346153846154,0.5673076923076923,0.5342027450461185,-0.03605769230769229,0.03167304537167548,0.7980769230769231,0.565875790417794,0.009615384615384616,0.0,0.038461538461538464,0.009615384615384616,4,0.2038834951456311,0.7961165048543689,0.2038834951456311
gpositivepseaac,GSI_MLC_PA_SVM,0.40,5,Operating Point,,0.09294062729912583,0,,0.9781553398058253,0.0,0.0,71,0.20291262135922333,0.8276699029126213,0.5922330097087378,0.45673076923076916,-0.021844660194174748,0.07869485586876901,0.8058252427184466,0.5354256250995382,0.021844660194174758,0.0,0.08737864077669903,0.021844660194174758,9,0.19851116625310172,0.8014888337468983,0.19851116625310172
gpositivepseaac,GSI_MLC_PA_SVM,0.50,1,Operating Point,,0.047256428287098314,0,,1.0,,0.0,56,0.20673076923076922,0.8653846153846154,0.6602564102564101,0.6017580872011252,-0.07211538461538458,-0.0072643911268267525,0.7932692307692308,0.5944936960742985,0.0,,0.0,0.0,0,0.20673076923076916,0.7932692307692308,0.20673076923076916
gpositivepseaac,GSI_MLC_PA_SVM,0.50,2,Operating Point,,0.0621164347566283,0,,1.0,,0.0,76,0.2668269230769231,0.8173076923076923,0.532051282051282,0.5886258050892197,-0.08413461538461542,-0.052583799354119276,0.7331730769230769,0.5360420057351004,0.0,,0.0,0.0,0,0.26682692307692313,0.7331730769230769,0.26682692307692313
gpositivepseaac,GSI_MLC_PA_SVM,0.50,3,Operating Point,,0.07767811605212588,0,,1.0,,0.0,68,0.21153846153846154,0.8365384615384616,0.6185897435897435,0.4860090210491146,-0.04807692307692313,-0.0228902091679265,0.7884615384615384,0.4631188118811881,0.0,,0.0,0.0,0,0.21153846153846156,0.7884615384615384,0.21153846153846156
gpositivepseaac,GSI_MLC_PA_SVM,0.50,4,Operating Point,,0.06542705486755114,0,,1.0,,0.0,69,0.20192307692307693,0.8341346153846154,0.5673076923076923,0.5342027450461185,-0.03605769230769229,0.03167304537167548,0.7980769230769231,0.565875790417794,0.0,,0.0,0.0,0,0.20192307692307687,0.7980769230769231,0.20192307692307687
gpositivepseaac,GSI_MLC_PA_SVM,0.50,5,Operating Point,,0.09294062729912583,0,,1.0,,0.0,71,0.2087378640776699,0.8276699029126213,0.5922330097087378,0.45673076923076916,-0.036407766990291246,0.05190914158305471,0.7912621359223301,0.5086399108138239,0.0,,0.0,0.0,0,0.20873786407766992,0.7912621359223301,0.20873786407766992
gpositivepseaac,MLC_PA_MLP,0.20,1,Operating Point,,0.03953608489792429,23,,0.8317307692307693,2.578975741239892,0.4339622641509434,53,0.11057692307692307,0.8725961538461539,0.5993589743589745,0.5989214489214489,0.050480769230769273,0.12211479357028221,0.9230769230769231,0.7210362424917311,0.16826923076923078,0.32857142857142857,0.47115384615384615,0.16826923076923078,70,0.09248554913294793,0.9075144508670521,0.09248554913294793
gpositivepseaac,MLC_PA_MLP,0.20,2,Operating Point,,0.07501026730552943,27,,0.8125,1.9459459459459458,0.36486486486486486,74,0.15528846153846151,0.8221153846153846,0.46153846153846156,0.5190143180599173,0.060096153846153855,0.25644328963453256,0.8822115384615384,0.7754576076944498,0.1875,0.34615384615384615,0.5384615384615384,0.1875,78,0.1449704142011834,0.8550295857988166,0.1449704142011834
gpositivepseaac,MLC_PA_MLP,0.20,3,Operating Point,,0.05635226910988993,14,,0.8798076923076923,1.9413333333333334,0.23333333333333334,60,0.12980769230769232,0.8557692307692308,0.5737179487179488,0.4475369458128079,0.038461538461538436,0.23738267420911396,0.8942307692307693,0.6849196200219219,0.1201923076923077,0.28,0.375,0.1201923076923077,50,0.1202185792349727,0.8797814207650273,0.1202185792349727
gpositivepseaac,MLC_PA_MLP,0.20,4,Operating Point,,0.051359299692211244,15,,0.8629807692307693,1.8874773139745915,0.25862068965517243,58,0.12355769230769233,0.8605769230769231,0.592948717948718,0.4991161616161616,0.043269230769230727,0.13196041995986502,0.9038461538461539,0.6310765815760266,0.13701923076923078,0.2631578947368421,0.4423076923076923,0.13701923076923078,57,0.11142061281337046,0.8885793871866295,0.11142061281337046
gpositivepseaac,MLC_PA_MLP,0.20,5,Operating Point,,0.08836803179102228,12,,0.866504854368932,1.4268398268398268,0.19047619047619047,63,0.1456310679611651,0.8470873786407767,0.5663430420711975,0.576796145120666,0.03398058252427183,0.18565596215902747,0.8810679611650485,0.7624521072796935,0.13349514563106796,0.21818181818181817,0.44660194174757284,0.13349514563106796,55,0.13725490196078427,0.8627450980392157,0.13725490196078427
gpositivepseaac,MLC_PA_MLP,0.25,1,Operating Point,,0.03953608489792429,23,,0.8317307692307693,2.578975741239892,0.4339622641509434,53,0.11899038461538461,0.8725961538461539,0.5993589743589745,0.5989214489214489,0.050480769230769273,0.12211479357028221,0.9230769230769231,0.7210362424917311,0.16826923076923078,0.32857142857142857,0.47115384615384615,0.16826923076923078,70,0.09248554913294793,0.9075144508670521,0.09248554913294793
gpositivepseaac,MLC_PA_MLP,0.25,2,Operating Point,,0.07501026730552943,22,,0.8822115384615384,2.5239933811362385,0.2972972972972973,74,0.2049278846153846,0.8221153846153846,0.46153846153846156,0.5190143180599173,0.0024038461538462563,0.21696960542400623,0.8245192307692308,0.7359839234839235,0.11778846153846154,0.4489795918367347,0.36538461538461536,0.11778846153846154,49,0.19891008174386915,0.8010899182561309,0.19891008174386915
gpositivepseaac,MLC_PA_MLP,0.25,3,Operating Point,,0.05635226910988993,14,,0.8798076923076923,1.9413333333333334,0.23333333333333334,60,0.13581730769230768,0.8557692307692308,0.5737179487179488,0.4475369458128079,0.038461538461538436,0.23738267420911396,0.8942307692307693,0.6849196200219219,0.1201923076923077,0.28,0.375,0.1201923076923077,50,0.1202185792349727,0.8797814207650273,0.1202185792349727
gpositivepseaac,MLC_PA_MLP,0.25,4,Operating Point,,0.051359299692211244,15,,0.8629807692307693,1.8874773139745915,0.25862068965517243,58,0.13040865384615385,0.8605769230769231,0.592948717948718,0.4991161616161616,0.043269230769230727,0.13196041995986502,0.9038461538461539,0.6310765815760266,0.13701923076923078,0.2631578947368421,0.4423076923076923,0.13701923076923078,57,0.11142061281337046,0.8885793871866295,0.11142061281337046
gpositivepseaac,MLC_PA_MLP,0.25,5,Operating Point,,0.08836803179102228,12,,0.866504854368932,1.4268398268398268,0.19047619047619047,63,0.15230582524271843,0.8470873786407767,0.5663430420711975,0.576796145120666,0.03398058252427183,0.18565596215902747,0.8810679611650485,0.7624521072796935,0.13349514563106796,0.21818181818181817,0.44660194174757284,0.13349514563106796,55,0.13725490196078427,0.8627450980392157,0.13725490196078427
gpositivepseaac,MLC_PA_MLP,0.30,1,Operating Point,,0.03953608489792429,23,,0.8389423076923077,2.6944522669670516,0.4339622641509434,53,0.12524038461538461,0.8725961538461539,0.5993589743589745,0.5989214489214489,0.050480769230769273,0.12211479357028221,0.9230769230769231,0.7210362424917311,0.16105769230769232,0.34328358208955223,0.4519230769230769,0.16105769230769232,67,0.09169054441260749,0.9083094555873925,0.09169054441260749
gpositivepseaac,MLC_PA_MLP,0.30,2,Operating Point,,0.07501026730552943,22,,0.8822115384615384,2.5239933811362385,0.2972972972972973,74,0.2108173076923077,0.8221153846153846,0.46153846153846156,0.5190143180599173,0.0024038461538462563,0.21696960542400623,0.8245192307692308,0.7359839234839235,0.11778846153846154,0.4489795918367347,0.36538461538461536,0.11778846153846154,49,0.19891008174386915,0.8010899182561309,0.19891008174386915
gpositivepseaac,MLC_PA_MLP,0.30,3,Operating Point,,0.05635226910988993,14,,0.8798076923076923,1.9413333333333334,0.23333333333333334,60,0.14182692307692307,0.8557692307692308,0.5737179487179488,0.4475369458128079,0.038461538461538436,0.23738267420911396,0.8942307692307693,0.6849196200219219,0.1201923076923077,0.28,0.375,0.1201923076923077,50,0.1202185792349727,0.8797814207650273,0.1202185792349727
gpositivepseaac,MLC_PA_MLP,0.30,4,Operating Point,,0.051359299692211244,12,,0.8798076923076923,1.7213793103448276,0.20689655172413793,58,0.13942307692307693,0.8605769230769231,0.592948717948718,0.4991161616161616,0.03605769230769229,0.12434009910425009,0.8966346153846154,0.6234562607204117,0.1201923076923077,0.24,0.38461538461538464,0.1201923076923077,50,0.11748633879781423,0.8825136612021858,0.11748633879781423
gpositivepseaac,MLC_PA_MLP,0.30,5,Operating Point,,0.08836803179102228,8,,0.9490291262135923,2.491307634164777,0.12698412698412698,63,0.14393203883495143,0.8470873786407767,0.5663430420711975,0.576796145120666,0.024271844660194164,0.12523718471897338,0.8713592233009708,0.7020333298396394,0.050970873786407765,0.38095238095238093,0.18446601941747573,0.050970873786407765,21,0.13554987212276215,0.8644501278772379,0.13554987212276215
gpositivepseaac,MLC_PA_MLP,0.35,1,Operating Point,,0.03953608489792429,9,,0.9326923076923077,2.522911051212938,0.16981132075471697,53,0.12932692307692306,0.8725961538461539,0.5993589743589745,0.5989214489214489,0.02163461538461542,0.0815337091280488,0.8942307692307693,0.6804551580494977,0.0673076923076923,0.32142857142857145,0.2403846153846154,0.0673076923076923,28,0.11340206185567014,0.8865979381443299,0.11340206185567014
gpositivepseaac,MLC_PA_MLP,0.35,2,Operating Point,,0.07501026730552943,22,,0.8822115384615384,2.5239933811362385,0.2972972972972973,74,0.21670673076923075,0.8221153846153846,0.46153846153846156,0.5190143180599173,0.0024038461538462563,0.21696960542400623,0.8245192307692308,0.7359839234839235,0.11778846153846154,0.4489795918367347,0.36538461538461536,0.11778846153846154,49,0.19891008174386915,0.8010899182561309,0.19891008174386915
gpositivepseaac,MLC_PA_MLP,0.35,3,Operating Point,,0.05635226910988993,10,,0.9326923076923077,2.4761904761904763,0.16666666666666666,60,0.1389423076923077,0.8557692307692308,0.5737179487179488,0.4475369458128079,0.028846153846153744,0.225956245309059,0.8846153846153846,0.6734931911218669,0.0673076923076923,0.35714285714285715,0.22115384615384615,0.0673076923076923,28,0.12371134020618557,0.8762886597938144,0.12371134020618557
gpositivepseaac,MLC_PA_MLP,0.35,4,Operating Point,,0.051359299692211244,12,,0.8822115384615384,1.756509500351865,0.20689655172413793,58,0.1469951923076923,0.8605769230769231,0.592948717948718,0.4991161616161616,0.033653846153846145,0.12152319769579939,0.8942307692307693,0.620639359311961,0.11778846153846154,0.24489795918367346,0.375,0.11778846153846154,49,0.11989100817438691,0.8801089918256131,0.11989100817438691
gpositivepseaac,MLC_PA_MLP,0.35,5,Operating Point,,0.08836803179102228,8,,0.9490291262135923,2.491307634164777,0.12698412698412698,63,0.14648058252427185,0.8470873786407767,0.5663430420711975,0.576796145120666,0.024271844660194164,0.12523718471897338,0.8713592233009708,0.7020333298396394,0.050970873786407765,0.38095238095238093,0.18446601941747573,0.050970873786407765,21,0.13554987212276215,0.8644501278772379,0.13554987212276215
gpositivepseaac,MLC_PA_MLP,0.40,1,Operating Point,,0.03953608489792429,8,,0.9399038461538461,2.511698113207547,0.1509433962264151,53,0.13461538461538464,0.8725961538461539,0.5993589743589745,0.5989214489214489,0.016826923076923017,0.07364348614348615,0.8894230769230769,0.6725649350649351,0.06009615384615385,0.32,0.23076923076923078,0.06009615384615385,25,0.11764705882352944,0.8823529411764706,0.11764705882352944
gpositivepseaac,MLC_PA_MLP,0.40,2,Operating Point,,0.07501026730552943,15,,0.9158653846153846,2.4092664092664093,0.20270270270270271,74,0.2283653846153846,0.8221153846153846,0.46153846153846156,0.5190143180599173,-0.016826923076923017,0.19130703270260996,0.8052884615384616,0.7103213507625272,0.08413461538461539,0.42857142857142855,0.27884615384615385,0.08413461538461539,35,0.21259842519685046,0.7874015748031495,0.21259842519685046
gpositivepseaac,MLC_PA_MLP,0.40,3,Operating Point,,0.05635226910988993,3,,0.9831730769230769,2.9714285714285715,0.05,60,0.16298076923076926,0.8557692307692308,0.5737179487179488,0.4475369458128079,-0.012019230769230838,0.17956031026078279,0.84375,0.6270972560735907,0.016826923076923076,0.42857142857142855,0.0673076923076923,0.016826923076923076,7,0.15892420537897312,0.8410757946210269,0.15892420537897312
gpositivepseaac,MLC_PA_MLP,0.40,4,Operating Point,,0.051359299692211244,6,,0.9350961538461539,1.5938697318007662,0.10344827586206896,58,0.14615384615384613,0.8605769230769231,0.592948717948718,0.4991161616161616,0.019230769230769162,0.09357086833501921,0.8798076923076923,0.5926870299511808,0.06490384615384616,0.2222222222222222,0.22115384615384615,0.06490384615384616,27,0.1285347043701799,0.8714652956298201,0.1285347043701799
gpositivepseaac,MLC_PA_MLP,0.40,5,Operating Point,,0.08836803179102228,5,,0.9635922330097088,2.17989417989418,0.07936507936507936,63,0.15048543689320387,0.8470873786407767,0.5663430420711975,0.576796145120666,0.016990291262136026,0.11834063299483544,0.8640776699029127,0.6951367781155015,0.03640776699029126,0.3333333333333333,0.14563106796116504,0.03640776699029126,15,0.1410579345088161,0.8589420654911839,0.1410579345088161
gpositivepseaac,MLC_PA_MLP,0.50,1,Operating Point,,0.03953608489792429,0,,1.0,,0.0,53,0.14423076923076922,0.8725961538461539,0.5993589743589745,0.5989214489214489,-0.016826923076923017,0.02625892625892623,0.8557692307692308,0.6251803751803752,0.0,,0.0,0.0,0,0.14423076923076916,0.8557692307692308,0.14423076923076916
gpositivepseaac,MLC_PA_MLP,0.50,2,Operating Point,,0.07501026730552943,0,,1.0,,0.0,74,0.23076923076923078,0.8221153846153846,0.46153846153846156,0.5190143180599173,-0.05288461538461542,0.0490751128343917,0.7692307692307692,0.568089430894309,0.0,,0.0,0.0,0,0.23076923076923084,0.7692307692307692,0.23076923076923084
gpositivepseaac,MLC_PA_MLP,0.50,3,Operating Point,,0.05635226910988993,0,,1.0,,0.0,60,0.16346153846153846,0.8557692307692308,0.5737179487179488,0.4475369458128079,-0.019230769230769273,0.1682470893202327,0.8365384615384616,0.6157840351330406,0.0,,0.0,0.0,0,0.16346153846153844,0.8365384615384616,0.16346153846153844
gpositivepseaac,MLC_PA_MLP,0.50,4,Operating Point,,0.051359299692211244,0,,1.0,,0.0,58,0.14182692307692307,0.8605769230769231,0.592948717948718,0.4991161616161616,-0.0024038461538462563,0.06489918811347378,0.8581730769230769,0.5640153497296354,0.0,,0.0,0.0,0,0.14182692307692313,0.8581730769230769,0.14182692307692313
gpositivepseaac,MLC_PA_MLP,0.50,5,Operating Point,,0.08836803179102228,0,,1.0,,0.0,63,0.1529126213592233,0.8470873786407767,0.5663430420711975,0.576796145120666,0.0,0.09449614113876037,0.8470873786407767,0.6712922862594264,0.0,,0.0,0.0,0,0.15291262135922334,0.8470873786407767,0.15291262135922334
gpositivepseaac,GSI_MLC_PA_MLP,0.20,1,Operating Point,,0.0336328427036833,21,,0.8149038461538461,2.269090909090909,0.42,50,0.1091346153846154,0.8798076923076923,0.6762820512820513,0.5673899832886008,0.04807692307692313,0.2482265326138472,0.9278846153846154,0.815616515902448,0.18509615384615385,0.2727272727272727,0.5,0.18509615384615385,77,0.08849557522123896,0.911504424778761,0.08849557522123896
gpositivepseaac,GSI_MLC_PA_MLP,0.20,2,Operating Point,,0.05565314956290597,15,,0.8533653846153846,1.5499254843517138,0.22727272727272727,66,0.15673076923076923,0.8413461538461539,0.5961538461538461,0.6104166666666667,0.03125,0.13822709463532246,0.8725961538461539,0.7486437613019892,0.1466346153846154,0.2459016393442623,0.47115384615384615,0.1466346153846154,61,0.14929577464788735,0.8507042253521127,0.14929577464788735
gpositivepseaac,GSI_MLC_PA_MLP,0.20,3,Operating Point,,0.058116483946442296,20,,0.8509615384615384,2.5319537431527697,0.37735849056603776,53,0.1091346153846154,0.8725961538461539,0.6955128205128205,0.5464569912845775,0.04807692307692302,0.23485239980742234,0.9206730769230769,0.7813093910919998,0.14903846153846154,0.3225806451612903,0.375,0.14903846153846154,62,0.09322033898305082,0.9067796610169492,0.09322033898305082
gpositivepseaac,GSI_MLC_PA_MLP,0.20,4,Operating Point,,0.043540143716277506,21,,0.8293269230769231,2.2371318822023047,0.38181818181818183,55,0.11826923076923078,0.8677884615384616,0.6506410256410257,0.5469350501669381,0.04807692307692302,0.24056494983306187,0.9158653846153846,0.7875,0.17067307692307693,0.29577464788732394,0.5288461538461539,0.17067307692307693,71,0.10144927536231885,0.8985507246376812,0.10144927536231885
gpositivepseaac,GSI_MLC_PA_MLP,0.20,5,Operating Point,,0.08914693794598506,20,,0.8495145631067961,2.143600416233091,0.3225806451612903,62,0.14417475728155343,0.8495145631067962,0.6213592233009708,0.6154681805438744,0.036407766990291135,0.210748410978436,0.8859223300970873,0.8262165915223104,0.15048543689320387,0.3225806451612903,0.46601941747572817,0.15048543689320387,62,0.13428571428571434,0.8657142857142857,0.13428571428571434
gpositivepseaac,GSI_MLC_PA_MLP,0.25,1,Operating Point,,0.0336328427036833,21,,0.8149038461538461,2.269090909090909,0.42,50,0.11838942307692307,0.8798076923076923,0.6762820512820513,0.5673899832886008,0.04807692307692313,0.2482265326138472,0.9278846153846154,0.815616515902448,0.18509615384615385,0.2727272727272727,0.5,0.18509615384615385,77,0.08849557522123896,0.911504424778761,0.08849557522123896
gpositivepseaac,GSI_MLC_PA_MLP,0.25,2,Operating Point,,0.05565314956290597,15,,0.8557692307692307,1.575757575757576,0.22727272727272727,66,0.16346153846153846,0.8413461538461539,0.5961538461538461,0.6104166666666667,0.03125,0.1340604279686558,0.8725961538461539,0.7444770946353225,0.14423076923076922,0.25,0.4807692307692308,0.14423076923076922,60,0.148876404494382,0.851123595505618,0.148876404494382
gpositivepseaac,GSI_MLC_PA_MLP,0.25,3,Operating Point,,0.058116483946442296,20,,0.8509615384615384,2.5319537431527697,0.37735849056603776,53,0.11658653846153846,0.8725961538461539,0.6955128205128205,0.5464569912845775,0.04807692307692302,0.23485239980742234,0.9206730769230769,0.7813093910919998,0.14903846153846154,0.3225806451612903,0.375,0.14903846153846154,62,0.09322033898305082,0.9067796610169492,0.09322033898305082
gpositivepseaac,GSI_MLC_PA_MLP,0.25,4,Operating Point,,0.043540143716277506,21,,0.8293269230769231,2.2371318822023047,0.38181818181818183,55,0.1268028846153846,0.8677884615384616,0.6506410256410257,0.5469350501669381,0.04807692307692302,0.24056494983306187,0.9158653846153846,0.7875,0.17067307692307693,0.29577464788732394,0.5288461538461539,0.17067307692307693,71,0.10144927536231885,0.8985507246376812,0.10144927536231885
gpositivepseaac,GSI_MLC_PA_MLP,0.25,5,Operating Point,,0.08914693794598506,20,,0.8567961165048543,2.2525970475669768,0.3225806451612903,62,0.14987864077669902,0.8495145631067962,0.6213592233009708,0.6154681805438744,0.036407766990291135,0.210748410978436,0.8859223300970873,0.8262165915223104,0.14320388349514562,0.3389830508474576,0.4368932038834951,0.14320388349514562,59,0.1331444759206799,0.8668555240793201,0.1331444759206799
gpositivepseaac,GSI_MLC_PA_MLP,0.30,1,Operating Point,,0.0336328427036833,20,,0.8245192307692307,2.279452054794521,0.4,50,0.12716346153846156,0.8798076923076923,0.6762820512820513,0.5673899832886008,0.04567307692307698,0.24501175833204147,0.9254807692307693,0.8124017416206423,0.17548076923076922,0.273972602739726,0.49038461538461536,0.17548076923076922,73,0.09037900874635563,0.9096209912536444,0.09037900874635563
gpositivepseaac,GSI_MLC_PA_MLP,0.30,2,Operating Point,,0.05565314956290597,15,,0.8557692307692307,1.575757575757576,0.22727272727272727,66,0.17067307692307693,0.8413461538461539,0.5961538461538461,0.6104166666666667,0.03125,0.1340604279686558,0.8725961538461539,0.7444770946353225,0.14423076923076922,0.25,0.4807692307692308,0.14423076923076922,60,0.148876404494382,0.851123595505618,0.148876404494382
gpositivepseaac,GSI_MLC_PA_MLP,0.30,3,Operating Point,,0.058116483946442296,19,,0.8629807692307693,2.616352201257861,0.3584905660377358,53,0.12283653846153848,0.8725961538461539,0.6955128205128205,0.5464569912845775,0.04567307692307687,0.23168708685950068,0.9182692307692307,0.7781440781440782,0.13701923076923078,0.3333333333333333,0.36538461538461536,0.13701923076923078,57,0.09470752089136492,0.9052924791086351,0.09470752089136492
gpositivepseaac,GSI_MLC_PA_MLP,0.30,4,Operating Point,,0.043540143716277506,20,,0.8461538461538461,2.3636363636363638,0.36363636363636365,55,0.14471153846153845,0.8677884615384616,0.6506410256410257,0.5469350501669381,0.033653846153846145,0.22178700646495453,0.9014423076923077,0.7687220566318926,0.15384615384615385,0.3125,0.5192307692307693,0.15384615384615385,64,0.11647727272727271,0.8835227272727273,0.11647727272727271
gpositivepseaac,GSI_MLC_PA_MLP,0.30,5,Operating Point,,0.08914693794598506,15,,0.8883495145631068,2.166900420757363,0.24193548387096775,62,0.15970873786407763,0.8495145631067962,0.6213592233009708,0.6154681805438744,0.024271844660194164,0.18640511387698677,0.8737864077669903,0.8018732944208612,0.11165048543689321,0.32608695652173914,0.36893203883495146,0.11165048543689321,46,0.14207650273224037,0.8579234972677596,0.14207650273224037
gpositivepseaac,GSI_MLC_PA_MLP,0.35,1,Operating Point,,0.0336328427036833,8,,0.9302884615384616,2.2951724137931033,0.16,50,0.1253605769230769,0.8798076923076923,0.6762820512820513,0.5673899832886008,0.019230769230769273,0.10517643026141932,0.8990384615384616,0.6725664135500201,0.06971153846153846,0.27586206896551724,0.2692307692307692,0.06971153846153846,29,0.10852713178294571,0.8914728682170543,0.10852713178294571
gpositivepseaac,GSI_MLC_PA_MLP,0.35,2,Operating Point,,0.05565314956290597,13,,0.8725961538461539,1.546026300743282,0.19696969696969696,66,0.1768028846153846,0.8413461538461539,0.5961538461538461,0.6104166666666667,0.02644230769230771,0.12314088773877063,0.8677884615384616,0.7335575544054374,0.12740384615384615,0.24528301886792453,0.4423076923076923,0.12740384615384615,53,0.1515151515151515,0.8484848484848485,0.1515151515151515
gpositivepseaac,GSI_MLC_PA_MLP,0.35,3,Operating Point,,0.058116483946442296,19,,0.8629807692307693,2.616352201257861,0.3584905660377358,53,0.1296875,0.8725961538461539,0.6955128205128205,0.5464569912845775,0.04567307692307687,0.23168708685950068,0.9182692307692307,0.7781440781440782,0.13701923076923078,0.3333333333333333,0.36538461538461536,0.13701923076923078,57,0.09470752089136492,0.9052924791086351,0.09470752089136492
gpositivepseaac,GSI_MLC_PA_MLP,0.35,4,Operating Point,,0.043540143716277506,7,,0.9278846153846154,1.7648484848484849,0.12727272727272726,55,0.14783653846153846,0.8677884615384616,0.6506410256410257,0.5469350501669381,0.009615384615384581,0.1909762392180171,0.8774038461538461,0.7379112893849552,0.07211538461538461,0.23333333333333334,0.2692307692307692,0.07211538461538461,30,0.13212435233160624,0.8678756476683938,0.13212435233160624
gpositivepseaac,GSI_MLC_PA_MLP,0.35,5,Operating Point,,0.08914693794598506,15,,0.8883495145631068,2.166900420757363,0.24193548387096775,62,0.16529126213592232,0.8495145631067962,0.6213592233009708,0.6154681805438744,0.024271844660194164,0.18640511387698677,0.8737864077669903,0.8018732944208612,0.11165048543689321,0.32608695652173914,0.36893203883495146,0.11165048543689321,46,0.14207650273224037,0.8579234972677596,0.14207650273224037
gpositivepseaac,GSI_MLC_PA_MLP,0.40,1,Operating Point,,0.0336328427036833,8,,0.9302884615384616,2.2951724137931033,0.16,50,0.12884615384615386,0.8798076923076923,0.6762820512820513,0.5673899832886008,0.019230769230769273,0.10517643026141932,0.8990384615384616,0.6725664135500201,0.06971153846153846,0.27586206896551724,0.2692307692307692,0.06971153846153846,29,0.10852713178294571,0.8914728682170543,0.10852713178294571
gpositivepseaac,GSI_MLC_PA_MLP,0.40,2,Operating Point,,0.05565314956290597,5,,0.9110576923076923,0.8517608517608517,0.07575757575757576,66,0.18461538461538465,0.8413461538461539,0.5961538461538461,0.6104166666666667,0.009615384615384581,0.10129305872587657,0.8509615384615384,0.7117097253925433,0.0889423076923077,0.13513513513513514,0.3173076923076923,0.0889423076923077,37,0.16358839050131924,0.8364116094986808,0.16358839050131924
gpositivepseaac,GSI_MLC_PA_MLP,0.40,3,Operating Point,,0.058116483946442296,13,,0.8990384615384616,2.4294699011680145,0.24528301886792453,53,0.12692307692307694,0.8725961538461539,0.6955128205128205,0.5464569912845775,0.04086538461538458,0.22265167782409168,0.9134615384615384,0.7691086691086692,0.10096153846153846,0.30952380952380953,0.3076923076923077,0.10096153846153846,42,0.09625668449197855,0.9037433155080214,0.09625668449197855
gpositivepseaac,GSI_MLC_PA_MLP,0.40,4,Operating Point,,0.043540143716277506,7,,0.9278846153846154,1.7648484848484849,0.12727272727272726,55,0.15144230769230768,0.8677884615384616,0.6506410256410257,0.5469350501669381,0.009615384615384581,0.1909762392180171,0.8774038461538461,0.7379112893849552,0.07211538461538461,0.23333333333333334,0.2692307692307692,0.07211538461538461,30,0.13212435233160624,0.8678756476683938,0.13212435233160624
gpositivepseaac,GSI_MLC_PA_MLP,0.40,5,Operating Point,,0.08914693794598506,15,,0.8883495145631068,2.166900420757363,0.24193548387096775,62,0.17087378640776701,0.8495145631067962,0.6213592233009708,0.6154681805438744,0.024271844660194164,0.18640511387698677,0.8737864077669903,0.8018732944208612,0.11165048543689321,0.32608695652173914,0.36893203883495146,0.11165048543689321,46,0.14207650273224037,0.8579234972677596,0.14207650273224037
gpositivepseaac,GSI_MLC_PA_MLP,0.50,1,Operating Point,,0.0336328427036833,0,,1.0,,0.0,50,0.125,0.8798076923076923,0.6762820512820513,0.5673899832886008,-0.004807692307692291,0.05047076707214948,0.875,0.6178607503607503,0.0,,0.0,0.0,0,0.125,0.875,0.125
gpositivepseaac,GSI_MLC_PA_MLP,0.50,2,Operating Point,,0.05565314956290597,0,,1.0,,0.0,66,0.19471153846153846,0.8413461538461539,0.5961538461538461,0.6104166666666667,-0.03605769230769229,-0.017848218166014784,0.8052884615384616,0.5925684485006519,0.0,,0.0,0.0,0,0.19471153846153844,0.8052884615384616,0.19471153846153844
gpositivepseaac,GSI_MLC_PA_MLP,0.50,3,Operating Point,,0.058116483946442296,0,,1.0,,0.0,53,0.11298076923076923,0.8725961538461539,0.6955128205128205,0.5464569912845775,0.014423076923076872,0.029510074436586597,0.8870192307692307,0.5759670657211641,0.0,,0.0,0.0,0,0.11298076923076927,0.8870192307692307,0.11298076923076927
gpositivepseaac,GSI_MLC_PA_MLP,0.50,4,Operating Point,,0.043540143716277506,0,,1.0,,0.0,55,0.14423076923076922,0.8677884615384616,0.6506410256410257,0.5469350501669381,-0.012019230769230727,0.007317536654405266,0.8557692307692308,0.5542525868213434,0.0,,0.0,0.0,0,0.14423076923076916,0.8557692307692308,0.14423076923076916
gpositivepseaac,GSI_MLC_PA_MLP,0.50,5,Operating Point,,0.08914693794598506,0,,1.0,,0.0,62,0.1650485436893204,0.8495145631067962,0.6213592233009708,0.6154681805438744,-0.01456310679611661,-0.0021001249883189077,0.8349514563106796,0.6133680555555555,0.0,,0.0,0.0,0,0.16504854368932043,0.8349514563106796,0.16504854368932043
chd49,MLC_PA_Logistic,0.20,1,Operating Point,,0.1749793602752931,0,,0.9984984984984985,0.0,0.0,198,0.35915915915915914,0.7027027027027026,0.6272844272844273,0.5057804940157882,-0.06156156156156145,0.044025697232742744,0.6411411411411412,0.5498061912485309,0.0015015015015015015,0.0,0.009009009009009009,0.0015015015015015015,1,0.3593984962406015,0.6406015037593985,0.3593984962406015
chd49,MLC_PA_Logistic,0.20,2,Operating Point,,0.1891975576338831,10,,0.956060606060606,1.1611541168191415,0.05102040816326531,196,0.31333333333333324,0.703030303030303,0.6273160173160174,0.49038259527774297,-0.007575757575757569,0.0644363743803621,0.6954545454545454,0.5548189696581051,0.04393939393939394,0.3448275862068966,0.23636363636363636,0.04393939393939394,29,0.31854199683042794,0.6814580031695721,0.31854199683042794
chd49,MLC_PA_Logistic,0.20,3,Operating Point,,0.1657382865661107,2,,0.9924242424242424,1.4042553191489362,0.010638297872340425,188,0.3333333333333333,0.7151515151515151,0.6376479076479077,0.4935292357701115,-0.046969696969696884,0.06794768025867454,0.6681818181818182,0.561476916028786,0.007575757575757576,0.4,0.045454545454545456,0.007575757575757576,5,0.334351145038168,0.665648854961832,0.334351145038168
chd49,MLC_PA_Logistic,0.20,4,Operating Point,,0.17320888228844605,11,,0.9254385964912281,0.7450980392156863,0.05555555555555555,198,0.3891812865497076,0.7105263157894737,0.6469924812030076,0.5699062361517692,-0.08479532163742687,0.018483782044651176,0.6257309941520468,0.5883900181964203,0.07456140350877193,0.21568627450980393,0.41228070175438597,0.07456140350877193,51,0.40442338072669826,0.5955766192733017,0.40442338072669826
chd49,MLC_PA_Logistic,0.20,5,Operating Point,,0.16088921661835737,3,,0.9863636363636363,1.1055276381909547,0.01507537688442211,199,0.35878787878787877,0.6984848484848485,0.6352164502164502,0.492142597189168,-0.054545454545454564,0.08314969817270701,0.6439393939393939,0.575292295361875,0.013636363636363636,0.3333333333333333,0.08181818181818182,0.013636363636363636,9,0.3609831029185868,0.6390168970814132,0.3609831029185868
chd49,MLC_PA_Logistic,0.25,1,Operating Point,,0.1749793602752931,0,,0.9984984984984985,0.0,0.0,198,0.35923423423423423,0.7027027027027026,0.6272844272844273,0.5057804940157882,-0.06156156156156145,0.044025697232742744,0.6411411411411412,0.5498061912485309,0.0015015015015015015,0.0,0.009009009009009009,0.0015015015015015015,1,0.3593984962406015,0.6406015037593985,0.3593984962406015
chd49,MLC_PA_Logistic,0.25,2,Operating Point,,0.1891975576338831,10,,0.956060606060606,1.1611541168191415,0.05102040816326531,196,0.31553030303030305,0.703030303030303,0.6273160173160174,0.49038259527774297,-0.007575757575757569,0.0644363743803621,0.6954545454545454,0.5548189696581051,0.04393939393939394,0.3448275862068966,0.23636363636363636,0.04393939393939394,29,0.31854199683042794,0.6814580031695721,0.31854199683042794
chd49,MLC_PA_Logistic,0.25,3,Operating Point,,0.1657382865661107,2,,0.9924242424242424,1.4042553191489362,0.010638297872340425,188,0.33371212121212124,0.7151515151515151,0.6376479076479077,0.4935292357701115,-0.046969696969696884,0.06794768025867454,0.6681818181818182,0.561476916028786,0.007575757575757576,0.4,0.045454545454545456,0.007575757575757576,5,0.334351145038168,0.665648854961832,0.334351145038168
chd49,MLC_PA_Logistic,0.25,4,Operating Point,,0.17320888228844605,4,,0.9853801169590644,1.381818181818182,0.020202020202020204,198,0.38669590643274854,0.7105263157894737,0.6469924812030076,0.5699062361517692,-0.0935672514619883,0.007018309825772562,0.6169590643274854,0.5769245459775417,0.014619883040935672,0.4,0.07894736842105263,0.014619883040935672,10,0.3887240356083086,0.6112759643916914,0.3887240356083086
chd49,MLC_PA_Logistic,0.25,5,Operating Point,,0.16088921661835737,0,,0.9954545454545455,0.0,0.0,199,0.36174242424242425,0.6984848484848485,0.6352164502164502,0.492142597189168,-0.05909090909090908,0.07895506730022384,0.6393939393939394,0.5710976644893918,0.004545454545454545,0.0,0.02727272727272727,0.004545454545454545,3,0.3622526636225266,0.6377473363774734,0.3622526636225266
chd49,MLC_PA_Logistic,0.30,1,Operating Point,,0.1749793602752931,0,,0.9984984984984985,0.0,0.0,198,0.3593093093093093,0.7027027027027026,0.6272844272844273,0.5057804940157882,-0.06156156156156145,0.044025697232742744,0.6411411411411412,0.5498061912485309,0.0015015015015015015,0.0,0.009009009009009009,0.0015015015015015015,1,0.3593984962406015,0.6406015037593985,0.3593984962406015
chd49,MLC_PA_Logistic,0.30,2,Operating Point,,0.1891975576338831,10,,0.956060606060606,1.1611541168191415,0.05102040816326531,196,0.3177272727272728,0.703030303030303,0.6273160173160174,0.49038259527774297,-0.007575757575757569,0.0644363743803621,0.6954545454545454,0.5548189696581051,0.04393939393939394,0.3448275862068966,0.23636363636363636,0.04393939393939394,29,0.31854199683042794,0.6814580031695721,0.31854199683042794
chd49,MLC_PA_Logistic,0.30,3,Operating Point,,0.1657382865661107,2,,0.9924242424242424,1.4042553191489362,0.010638297872340425,188,0.3340909090909091,0.7151515151515151,0.6376479076479077,0.4935292357701115,-0.046969696969696884,0.06794768025867454,0.6681818181818182,0.561476916028786,0.007575757575757576,0.4,0.045454545454545456,0.007575757575757576,5,0.334351145038168,0.665648854961832,0.334351145038168
chd49,MLC_PA_Logistic,0.30,4,Operating Point,,0.17320888228844605,4,,0.9853801169590644,1.381818181818182,0.020202020202020204,198,0.3874269005847954,0.7105263157894737,0.6469924812030076,0.5699062361517692,-0.0935672514619883,0.007018309825772562,0.6169590643274854,0.5769245459775417,0.014619883040935672,0.4,0.07894736842105263,0.014619883040935672,10,0.3887240356083086,0.6112759643916914,0.3887240356083086
chd49,MLC_PA_Logistic,0.30,5,Operating Point,,0.16088921661835737,0,,0.9954545454545455,0.0,0.0,199,0.361969696969697,0.6984848484848485,0.6352164502164502,0.492142597189168,-0.05909090909090908,0.07895506730022384,0.6393939393939394,0.5710976644893918,0.004545454545454545,0.0,0.02727272727272727,0.004545454545454545,3,0.3622526636225266,0.6377473363774734,0.3622526636225266
chd49,MLC_PA_Logistic,0.35,1,Operating Point,,0.1749793602752931,0,,0.9984984984984985,0.0,0.0,198,0.35938438438438436,0.7027027027027026,0.6272844272844273,0.5057804940157882,-0.06156156156156145,0.044025697232742744,0.6411411411411412,0.5498061912485309,0.0015015015015015015,0.0,0.009009009009009009,0.0015015015015015015,1,0.3593984962406015,0.6406015037593985,0.3593984962406015
chd49,MLC_PA_Logistic,0.35,2,Operating Point,,0.1891975576338831,4,,0.9818181818181818,1.1224489795918366,0.02040816326530612,196,0.32,0.703030303030303,0.6273160173160174,0.49038259527774297,-0.01666666666666672,0.04317282909309972,0.6863636363636363,0.5335554243708427,0.01818181818181818,0.3333333333333333,0.1,0.01818181818181818,12,0.3194444444444444,0.6805555555555556,0.3194444444444444
chd49,MLC_PA_Logistic,0.35,3,Operating Point,,0.1657382865661107,2,,0.9924242424242424,1.4042553191489362,0.010638297872340425,188,0.334469696969697,0.7151515151515151,0.6376479076479077,0.4935292357701115,-0.046969696969696884,0.06794768025867454,0.6681818181818182,0.561476916028786,0.007575757575757576,0.4,0.045454545454545456,0.007575757575757576,5,0.334351145038168,0.665648854961832,0.334351145038168
chd49,MLC_PA_Logistic,0.35,4,Operating Point,,0.17320888228844605,4,,0.9853801169590644,1.381818181818182,0.020202020202020204,198,0.3881578947368422,0.7105263157894737,0.6469924812030076,0.5699062361517692,-0.0935672514619883,0.007018309825772562,0.6169590643274854,0.5769245459775417,0.014619883040935672,0.4,0.07894736842105263,0.014619883040935672,10,0.3887240356083086,0.6112759643916914,0.3887240356083086
chd49,MLC_PA_Logistic,0.35,5,Operating Point,,0.16088921661835737,0,,0.9954545454545455,0.0,0.0,199,0.3621969696969697,0.6984848484848485,0.6352164502164502,0.492142597189168,-0.05909090909090908,0.07895506730022384,0.6393939393939394,0.5710976644893918,0.004545454545454545,0.0,0.02727272727272727,0.004545454545454545,3,0.3622526636225266,0.6377473363774734,0.3622526636225266
chd49,MLC_PA_Logistic,0.40,1,Operating Point,,0.1749793602752931,0,,0.9984984984984985,0.0,0.0,198,0.35945945945945945,0.7027027027027026,0.6272844272844273,0.5057804940157882,-0.06156156156156145,0.044025697232742744,0.6411411411411412,0.5498061912485309,0.0015015015015015015,0.0,0.009009009009009009,0.0015015015015015015,1,0.3593984962406015,0.6406015037593985,0.3593984962406015
chd49,MLC_PA_Logistic,0.40,2,Operating Point,,0.1891975576338831,4,,0.9818181818181818,1.1224489795918366,0.02040816326530612,196,0.3209090909090909,0.703030303030303,0.6273160173160174,0.49038259527774297,-0.01666666666666672,0.04317282909309972,0.6863636363636363,0.5335554243708427,0.01818181818181818,0.3333333333333333,0.1,0.01818181818181818,12,0.3194444444444444,0.6805555555555556,0.3194444444444444
chd49,MLC_PA_Logistic,0.40,3,Operating Point,,0.1657382865661107,2,,0.9924242424242424,1.4042553191489362,0.010638297872340425,188,0.33484848484848484,0.7151515151515151,0.6376479076479077,0.4935292357701115,-0.046969696969696884,0.06794768025867454,0.6681818181818182,0.561476916028786,0.007575757575757576,0.4,0.045454545454545456,0.007575757575757576,5,0.334351145038168,0.665648854961832,0.334351145038168
chd49,MLC_PA_Logistic,0.40,4,Operating Point,,0.17320888228844605,4,,0.9853801169590644,1.381818181818182,0.020202020202020204,198,0.3888888888888888,0.7105263157894737,0.6469924812030076,0.5699062361517692,-0.0935672514619883,0.007018309825772562,0.6169590643274854,0.5769245459775417,0.014619883040935672,0.4,0.07894736842105263,0.014619883040935672,10,0.3887240356083086,0.6112759643916914,0.3887240356083086
chd49,MLC_PA_Logistic,0.40,5,Operating Point,,0.16088921661835737,0,,0.9954545454545455,0.0,0.0,199,0.3624242424242424,0.6984848484848485,0.6352164502164502,0.492142597189168,-0.05909090909090908,0.07895506730022384,0.6393939393939394,0.5710976644893918,0.004545454545454545,0.0,0.02727272727272727,0.004545454545454545,3,0.3622526636225266,0.6377473363774734,0.3622526636225266
chd49,MLC_PA_Logistic,0.50,1,Operating Point,,0.1749793602752931,0,,1.0,,0.0,198,0.3588588588588589,0.7027027027027026,0.6272844272844273,0.5057804940157882,-0.06156156156156145,0.044025697232742744,0.6411411411411412,0.5498061912485309,0.0,,0.0,0.0,0,0.3588588588588588,0.6411411411411412,0.3588588588588588
chd49,MLC_PA_Logistic,0.50,2,Operating Point,,0.1891975576338831,0,,1.0,,0.0,196,0.3196969696969697,0.703030303030303,0.6273160173160174,0.49038259527774297,-0.022727272727272707,0.03437683968279781,0.6803030303030303,0.5247594349605408,0.0,,0.0,0.0,0,0.3196969696969697,0.6803030303030303,0.3196969696969697
chd49,MLC_PA_Logistic,0.50,3,Operating Point,,0.1657382865661107,0,,1.0,,0.0,188,0.33484848484848484,0.7151515151515151,0.6376479076479077,0.4935292357701115,-0.04999999999999993,0.06450395644532442,0.6651515151515152,0.5580331922154359,0.0,,0.0,0.0,0,0.33484848484848484,0.6651515151515152,0.33484848484848484
chd49,MLC_PA_Logistic,0.50,4,Operating Point,,0.17320888228844605,0,,1.0,,0.0,198,0.3888888888888889,0.7105263157894737,0.6469924812030076,0.5699062361517692,-0.09941520467836251,0.002297237940016239,0.6111111111111112,0.5722034740917854,0.0,,0.0,0.0,0,0.38888888888888884,0.6111111111111112,0.38888888888888884
chd49,MLC_PA_Logistic,0.50,5,Operating Point,,0.16088921661835737,0,,1.0,,0.0,199,0.3606060606060606,0.6984848484848485,0.6352164502164502,0.492142597189168,-0.05909090909090908,0.07895506730022384,0.6393939393939394,0.5710976644893918,0.0,,0.0,0.0,0,0.3606060606060606,0.6393939393939394,0.3606060606060606
chd49,GSI_MLC_PA_Logistic,0.20,1,Operating Point,,0.18039117091723075,2,,0.987987987987988,0.8409090909090909,0.010101010101010102,198,0.3492492492492492,0.7027027027027026,0.6207636207636208,0.502007288803734,-0.04954954954954949,0.02280136920191389,0.6531531531531531,0.5248086580056479,0.012012012012012012,0.25,0.07207207207207207,0.012012012012012012,8,0.35106382978723405,0.648936170212766,0.35106382978723405
chd49,GSI_MLC_PA_Logistic,0.20,2,Operating Point,,0.19164884972129204,19,,0.9151515151515152,1.1196428571428572,0.095,200,0.2987878787878787,0.696969696969697,0.6201298701298701,0.48151612584602277,0.021212121212121238,0.06068124198417857,0.7181818181818183,0.5421973678302013,0.08484848484848485,0.3392857142857143,0.4818181818181818,0.08484848484848485,56,0.3079470198675497,0.6920529801324503,0.3079470198675497
chd49,GSI_MLC_PA_Logistic,0.20,3,Operating Point,,0.16549989846405863,9,,0.9575757575757575,1.128419452887538,0.047872340425531915,188,0.34181818181818174,0.7151515151515151,0.6343578643578643,0.4976460321337064,-0.04848484848484835,0.09575202663176419,0.6666666666666667,0.5933980587654706,0.04242424242424243,0.32142857142857145,0.2545454545454545,0.04242424242424243,28,0.3481012658227849,0.6518987341772151,0.3481012658227849
chd49,GSI_MLC_PA_Logistic,0.20,4,Operating Point,,0.1769101491332481,6,,0.9780701754385965,1.3748743718592964,0.03015075376884422,199,0.35526315789473684,0.7090643274853801,0.6399331662489558,0.5677897236904291,-0.059941520467836185,0.016116082857272174,0.6491228070175439,0.5839058065477013,0.021929824561403508,0.4,0.11403508771929824,0.021929824561403508,15,0.358744394618834,0.641255605381166,0.358744394618834
chd49,GSI_MLC_PA_Logistic,0.20,5,Operating Point,,0.15799016535288987,16,,0.9484848484848485,1.6346749226006192,0.08421052631578947,190,0.32090909090909087,0.7121212121212122,0.6502813852813852,0.5046808300551338,-0.022727272727272707,0.12601557808470065,0.6893939393939394,0.6306964081398344,0.051515151515151514,0.47058823529411764,0.2909090909090909,0.051515151515151514,34,0.3274760383386581,0.6725239616613419,0.3274760383386581
chd49,GSI_MLC_PA_Logistic,0.25,1,Operating Point,,0.18039117091723075,2,,0.987987987987988,0.8409090909090909,0.010101010101010102,198,0.34984984984984985,0.7027027027027026,0.6207636207636208,0.502007288803734,-0.04954954954954949,0.02280136920191389,0.6531531531531531,0.5248086580056479,0.012012012012012012,0.25,0.07207207207207207,0.012012012012012012,8,0.35106382978723405,0.648936170212766,0.35106382978723405
chd49,GSI_MLC_PA_Logistic,0.25,2,Operating Point,,0.19164884972129204,3,,0.9863636363636363,1.1,0.015,200,0.3306818181818182,0.696969696969697,0.6201298701298701,0.48151612584602277,-0.024242424242424288,0.02516136849331696,0.6727272727272727,0.5066774943393397,0.013636363636363636,0.3333333333333333,0.08181818181818182,0.013636363636363636,9,0.3317972350230415,0.6682027649769585,0.3317972350230415
chd49,GSI_MLC_PA_Logistic,0.25,3,Operating Point,,0.16549989846405863,3,,0.9939393939393939,2.632978723404255,0.015957446808510637,188,0.3621212121212121,0.7151515151515151,0.6343578643578643,0.4976460321337064,-0.07575757575757569,0.07642720258309421,0.6393939393939394,0.5740732347168006,0.006060606060606061,0.75,0.03636363636363636,0.006060606060606061,4,0.3628048780487805,0.6371951219512195,0.3628048780487805
chd49,GSI_MLC_PA_Logistic,0.25,4,Operating Point,,0.1769101491332481,2,,0.9897660818713451,0.9820531227566404,0.010050251256281407,199,0.35928362573099415,0.7090643274853801,0.6399331662489558,0.5677897236904291,-0.0657894736842104,-2.5152956094842693e-05,0.6432748538011697,0.5677645707343343,0.01023391812865497,0.2857142857142857,0.05263157894736842,0.01023391812865497,7,0.3604135893648449,0.6395864106351551,0.3604135893648449
chd49,GSI_MLC_PA_Logistic,0.25,5,Operating Point,,0.15799016535288987,2,,0.9878787878787879,0.868421052631579,0.010526315789473684,190,0.33636363636363636,0.7121212121212122,0.6502813852813852,0.5046808300551338,-0.045454545454545414,0.10378277522600499,0.6666666666666667,0.6084636052811387,0.012121212121212121,0.25,0.07272727272727272,0.012121212121212121,8,0.33742331288343563,0.6625766871165644,0.33742331288343563
chd49,GSI_MLC_PA_Logistic,0.30,1,Operating Point,,0.18039117091723075,2,,0.987987987987988,0.8409090909090909,0.010101010101010102,198,0.3504504504504505,0.7027027027027026,0.6207636207636208,0.502007288803734,-0.04954954954954949,0.02280136920191389,0.6531531531531531,0.5248086580056479,0.012012012012012012,0.25,0.07207207207207207,0.012012012012012012,8,0.35106382978723405,0.648936170212766,0.35106382978723405
chd49,GSI_MLC_PA_Logistic,0.30,2,Operating Point,,0.19164884972129204,3,,0.9863636363636363,1.1,0.015,200,0.3313636363636364,0.696969696969697,0.6201298701298701,0.48151612584602277,-0.024242424242424288,0.02516136849331696,0.6727272727272727,0.5066774943393397,0.013636363636363636,0.3333333333333333,0.08181818181818182,0.013636363636363636,9,0.3317972350230415,0.6682027649769585,0.3317972350230415
chd49,GSI_MLC_PA_Logistic,0.30,3,Operating Point,,0.16549989846405863,3,,0.9939393939393939,2.632978723404255,0.015957446808510637,188,0.3624242424242424,0.7151515151515151,0.6343578643578643,0.4976460321337064,-0.07575757575757569,0.07642720258309421,0.6393939393939394,0.5740732347168006,0.006060606060606061,0.75,0.03636363636363636,0.006060606060606061,4,0.3628048780487805,0.6371951219512195,0.3628048780487805
chd49,GSI_MLC_PA_Logistic,0.30,4,Operating Point,,0.1769101491332481,2,,0.9912280701754386,1.1457286432160805,0.010050251256281407,199,0.3593567251461989,0.7090643274853801,0.6399331662489558,0.5677897236904291,-0.0657894736842104,-2.5152956094842693e-05,0.6432748538011697,0.5677645707343343,0.008771929824561403,0.3333333333333333,0.043859649122807015,0.008771929824561403,6,0.359882005899705,0.640117994100295,0.359882005899705
chd49,GSI_MLC_PA_Logistic,0.30,5,Operating Point,,0.15799016535288987,2,,0.9878787878787879,0.868421052631579,0.010526315789473684,190,0.336969696969697,0.7121212121212122,0.6502813852813852,0.5046808300551338,-0.045454545454545414,0.10378277522600499,0.6666666666666667,0.6084636052811387,0.012121212121212121,0.25,0.07272727272727272,0.012121212121212121,8,0.33742331288343563,0.6625766871165644,0.33742331288343563
chd49,GSI_MLC_PA_Logistic,0.35,1,Operating Point,,0.18039117091723075,2,,0.987987987987988,0.8409090909090909,0.010101010101010102,198,0.351051051051051,0.7027027027027026,0.6207636207636208,0.502007288803734,-0.04954954954954949,0.02280136920191389,0.6531531531531531,0.5248086580056479,0.012012012012012012,0.25,0.07207207207207207,0.012012012012012012,8,0.35106382978723405,0.648936170212766,0.35106382978723405
chd49,GSI_MLC_PA_Logistic,0.35,2,Operating Point,,0.19164884972129204,3,,0.9863636363636363,1.1,0.015,200,0.33204545454545453,0.696969696969697,0.6201298701298701,0.48151612584602277,-0.024242424242424288,0.02516136849331696,0.6727272727272727,0.5066774943393397,0.013636363636363636,0.3333333333333333,0.08181818181818182,0.013636363636363636,9,0.3317972350230415,0.6682027649769585,0.3317972350230415
chd49,GSI_MLC_PA_Logistic,0.35,3,Operating Point,,0.16549989846405863,3,,0.9939393939393939,2.632978723404255,0.015957446808510637,188,0.36272727272727273,0.7151515151515151,0.6343578643578643,0.4976460321337064,-0.07575757575757569,0.07642720258309421,0.6393939393939394,0.5740732347168006,0.006060606060606061,0.75,0.03636363636363636,0.006060606060606061,4,0.3628048780487805,0.6371951219512195,0.3628048780487805
chd49,GSI_MLC_PA_Logistic,0.35,4,Operating Point,,0.1769101491332481,2,,0.9912280701754386,1.1457286432160805,0.010050251256281407,199,0.35979532163742695,0.7090643274853801,0.6399331662489558,0.5677897236904291,-0.0657894736842104,-2.5152956094842693e-05,0.6432748538011697,0.5677645707343343,0.008771929824561403,0.3333333333333333,0.043859649122807015,0.008771929824561403,6,0.359882005899705,0.640117994100295,0.359882005899705
chd49,GSI_MLC_PA_Logistic,0.35,5,Operating Point,,0.15799016535288987,2,,0.9878787878787879,0.868421052631579,0.010526315789473684,190,0.3375757575757576,0.7121212121212122,0.6502813852813852,0.5046808300551338,-0.045454545454545414,0.10378277522600499,0.6666666666666667,0.6084636052811387,0.012121212121212121,0.25,0.07272727272727272,0.012121212121212121,8,0.33742331288343563,0.6625766871165644,0.33742331288343563
chd49,GSI_MLC_PA_Logistic,0.40,1,Operating Point,,0.18039117091723075,2,,0.987987987987988,0.8409090909090909,0.010101010101010102,198,0.3516516516516517,0.7027027027027026,0.6207636207636208,0.502007288803734,-0.04954954954954949,0.02280136920191389,0.6531531531531531,0.5248086580056479,0.012012012012012012,0.25,0.07207207207207207,0.012012012012012012,8,0.35106382978723405,0.648936170212766,0.35106382978723405
chd49,GSI_MLC_PA_Logistic,0.40,2,Operating Point,,0.19164884972129204,3,,0.9863636363636363,1.1,0.015,200,0.3327272727272727,0.696969696969697,0.6201298701298701,0.48151612584602277,-0.024242424242424288,0.02516136849331696,0.6727272727272727,0.5066774943393397,0.013636363636363636,0.3333333333333333,0.08181818181818182,0.013636363636363636,9,0.3317972350230415,0.6682027649769585,0.3317972350230415
chd49,GSI_MLC_PA_Logistic,0.40,3,Operating Point,,0.16549989846405863,3,,0.9939393939393939,2.632978723404255,0.015957446808510637,188,0.36303030303030304,0.7151515151515151,0.6343578643578643,0.4976460321337064,-0.07575757575757569,0.07642720258309421,0.6393939393939394,0.5740732347168006,0.006060606060606061,0.75,0.03636363636363636,0.006060606060606061,4,0.3628048780487805,0.6371951219512195,0.3628048780487805
chd49,GSI_MLC_PA_Logistic,0.40,4,Operating Point,,0.1769101491332481,2,,0.9912280701754386,1.1457286432160805,0.010050251256281407,199,0.36023391812865496,0.7090643274853801,0.6399331662489558,0.5677897236904291,-0.0657894736842104,-2.5152956094842693e-05,0.6432748538011697,0.5677645707343343,0.008771929824561403,0.3333333333333333,0.043859649122807015,0.008771929824561403,6,0.359882005899705,0.640117994100295,0.359882005899705
chd49,GSI_MLC_PA_Logistic,0.40,5,Operating Point,,0.15799016535288987,2,,0.9878787878787879,0.868421052631579,0.010526315789473684,190,0.33818181818181814,0.7121212121212122,0.6502813852813852,0.5046808300551338,-0.045454545454545414,0.10378277522600499,0.6666666666666667,0.6084636052811387,0.012121212121212121,0.25,0.07272727272727272,0.012121212121212121,8,0.33742331288343563,0.6625766871165644,0.33742331288343563
chd49,GSI_MLC_PA_Logistic,0.50,1,Operating Point,,0.18039117091723075,0,,1.0,,0.0,198,0.35285285285285284,0.7027027027027026,0.6207636207636208,0.502007288803734,-0.05555555555555547,0.015311215572317183,0.6471471471471472,0.5173185043760512,0.0,,0.0,0.0,0,0.35285285285285284,0.6471471471471472,0.35285285285285284
chd49,GSI_MLC_PA_Logistic,0.50,2,Operating Point,,0.19164884972129204,0,,1.0,,0.0,200,0.3333333333333333,0.696969696969697,0.6201298701298701,0.48151612584602277,-0.030303030303030276,0.012098497583661993,0.6666666666666667,0.49361462342968476,0.0,,0.0,0.0,0,0.33333333333333326,0.6666666666666667,0.33333333333333326
chd49,GSI_MLC_PA_Logistic,0.50,3,Operating Point,,0.16549989846405863,0,,1.0,,0.0,188,0.36515151515151517,0.7151515151515151,0.6343578643578643,0.4976460321337064,-0.08030303030303032,0.07208101966548275,0.6348484848484848,0.5697270517991891,0.0,,0.0,0.0,0,0.3651515151515152,0.6348484848484848,0.3651515151515152
chd49,GSI_MLC_PA_Logistic,0.50,4,Operating Point,,0.1769101491332481,0,,1.0,,0.0,199,0.35964912280701755,0.7090643274853801,0.6399331662489558,0.5677897236904291,-0.06871345029239762,-0.005740498573605812,0.6403508771929824,0.5620492251168233,0.0,,0.0,0.0,0,0.35964912280701755,0.6403508771929824,0.35964912280701755
chd49,GSI_MLC_PA_Logistic,0.50,5,Operating Point,,0.15799016535288987,0,,1.0,,0.0,190,0.33636363636363636,0.7121212121212122,0.6502813852813852,0.5046808300551338,-0.048484848484848575,0.10097862508379452,0.6636363636363636,0.6056594551389283,0.0,,0.0,0.0,0,0.3363636363636364,0.6636363636363636,0.3363636363636364
chd49,MLC_PA_SVM,0.20,1,Operating Point,,0.15601668452538017,0,,0.996996996996997,0.0,0.0,188,0.360960960960961,0.7177177177177176,0.6240454740454741,0.4373272310908893,-0.07807807807807798,0.11299395507588511,0.6396396396396397,0.5503211861667744,0.003003003003003003,0.0,0.018018018018018018,0.003003003003003003,2,0.3614457831325302,0.6385542168674698,0.3614457831325302
chd49,MLC_PA_SVM,0.20,2,Operating Point,,0.16059296586901695,19,,0.9378787878787879,1.5292682926829269,0.095,200,0.48818181818181816,0.696969696969697,0.6103463203463204,0.3699709647078068,-0.17272727272727284,0.2074266648144078,0.5242424242424242,0.5773976295222146,0.06212121212121212,0.4634146341463415,0.32727272727272727,0.06212121212121212,41,0.5072697899838449,0.49273021001615513,0.5072697899838449
chd49,MLC_PA_SVM,0.20,3,Operating Point,,0.15740805004758943,1,,0.9893939393939394,0.4910714285714285,0.005208333333333333,192,0.31878787878787873,0.7090909090909091,0.6002597402597403,0.3455726817609995,-0.025757575757575757,0.15647826136263238,0.6833333333333333,0.5020509431236319,0.010606060606060607,0.14285714285714285,0.06363636363636363,0.010606060606060607,7,0.3200612557427258,0.6799387442572742,0.3200612557427258
chd49,MLC_PA_SVM,0.20,4,Operating Point,,0.16725921609236874,5,,0.9269005847953217,0.3402985074626866,0.024875621890547265,201,0.4166666666666667,0.706140350877193,0.6085630743525481,0.36208096839470794,-0.10818713450292394,0.22665180159005827,0.597953216374269,0.5887327699847662,0.07309941520467836,0.1,0.41228070175438597,0.07309941520467836,50,0.4337539432176656,0.5662460567823344,0.4337539432176656
chd49,MLC_PA_SVM,0.20,5,Operating Point,,0.15100105746415324,1,,0.9893939393939394,0.4860088365243004,0.005154639175257732,194,0.5006060606060606,0.706060606060606,0.6136796536796538,0.4001047288341222,-0.20454545454545459,0.1349704874093547,0.5015151515151515,0.5350752162434769,0.010606060606060607,0.14285714285714285,0.06363636363636363,0.010606060606060607,7,0.5038284839203675,0.4961715160796325,0.5038284839203675
chd49,MLC_PA_SVM,0.25,1,Operating Point,,0.15601668452538017,0,,0.996996996996997,0.0,0.0,188,0.3611111111111111,0.7177177177177176,0.6240454740454741,0.4373272310908893,-0.07807807807807798,0.11299395507588511,0.6396396396396397,0.5503211861667744,0.003003003003003003,0.0,0.018018018018018018,0.003003003003003003,2,0.3614457831325302,0.6385542168674698,0.3614457831325302
chd49,MLC_PA_SVM,0.25,2,Operating Point,,0.16059296586901695,9,,0.9651515151515152,1.2913043478260868,0.045,200,0.49962121212121213,0.696969696969697,0.6103463203463204,0.3699709647078068,-0.18787878787878798,0.19961154814588028,0.509090909090909,0.5695825128536871,0.03484848484848485,0.391304347826087,0.2,0.03484848484848485,23,0.5086342229199372,0.4913657770800628,0.5086342229199372
chd49,MLC_PA_SVM,0.25,3,Operating Point,,0.15740805004758943,1,,0.9893939393939394,0.4910714285714285,0.005208333333333333,192,0.31931818181818183,0.7090909090909091,0.6002597402597403,0.3455726817609995,-0.025757575757575757,0.15647826136263238,0.6833333333333333,0.5020509431236319,0.010606060606060607,0.14285714285714285,0.06363636363636363,0.010606060606060607,7,0.3200612557427258,0.6799387442572742,0.3200612557427258
chd49,MLC_PA_SVM,0.25,4,Operating Point,,0.16725921609236874,0,,0.9883040935672515,0.0,0.0,201,0.41228070175438597,0.706140350877193,0.6085630743525481,0.36208096839470794,-0.11549707602339176,0.2147912405339526,0.5906432748538012,0.5768722089286605,0.011695906432748537,0.0,0.06140350877192982,0.011695906432748537,8,0.41420118343195267,0.5857988165680473,0.41420118343195267
chd49,MLC_PA_SVM,0.25,5,Operating Point,,0.15100105746415324,1,,0.9893939393939394,0.4860088365243004,0.005154639175257732,194,0.5011363636363636,0.706060606060606,0.6136796536796538,0.4001047288341222,-0.20454545454545459,0.1349704874093547,0.5015151515151515,0.5350752162434769,0.010606060606060607,0.14285714285714285,0.06363636363636363,0.010606060606060607,7,0.5038284839203675,0.4961715160796325,0.5038284839203675
chd49,MLC_PA_SVM,0.30,1,Operating Point,,0.15601668452538017,0,,0.996996996996997,0.0,0.0,188,0.36126126126126124,0.7177177177177176,0.6240454740454741,0.4373272310908893,-0.07807807807807798,0.11299395507588511,0.6396396396396397,0.5503211861667744,0.003003003003003003,0.0,0.018018018018018018,0.003003003003003003,2,0.3614457831325302,0.6385542168674698,0.3614457831325302
chd49,MLC_PA_SVM,0.30,2,Operating Point,,0.16059296586901695,4,,0.9803030303030303,1.0153846153846156,0.02,200,0.5043939393939394,0.696969696969697,0.6103463203463204,0.3699709647078068,-0.19545454545454555,0.18129652983086203,0.5015151515151515,0.5512674945386689,0.019696969696969695,0.3076923076923077,0.10909090909090909,0.019696969696969695,13,0.508500772797527,0.49149922720247297,0.508500772797527
chd49,MLC_PA_SVM,0.30,3,Operating Point,,0.15740805004758943,1,,0.9893939393939394,0.4910714285714285,0.005208333333333333,192,0.3198484848484849,0.7090909090909091,0.6002597402597403,0.3455726817609995,-0.025757575757575757,0.15647826136263238,0.6833333333333333,0.5020509431236319,0.010606060606060607,0.14285714285714285,0.06363636363636363,0.010606060606060607,7,0.3200612557427258,0.6799387442572742,0.3200612557427258
chd49,MLC_PA_SVM,0.30,4,Operating Point,,0.16725921609236874,0,,0.9883040935672515,0.0,0.0,201,0.4128654970760234,0.706140350877193,0.6085630743525481,0.36208096839470794,-0.11549707602339176,0.2147912405339526,0.5906432748538012,0.5768722089286605,0.011695906432748537,0.0,0.06140350877192982,0.011695906432748537,8,0.41420118343195267,0.5857988165680473,0.41420118343195267
chd49,MLC_PA_SVM,0.30,5,Operating Point,,0.15100105746415324,1,,0.9893939393939394,0.4860088365243004,0.005154639175257732,194,0.5016666666666666,0.706060606060606,0.6136796536796538,0.4001047288341222,-0.20454545454545459,0.1349704874093547,0.5015151515151515,0.5350752162434769,0.010606060606060607,0.14285714285714285,0.06363636363636363,0.010606060606060607,7,0.5038284839203675,0.4961715160796325,0.5038284839203675
chd49,MLC_PA_SVM,0.35,1,Operating Point,,0.15601668452538017,0,,0.996996996996997,0.0,0.0,188,0.3614114114114114,0.7177177177177176,0.6240454740454741,0.4373272310908893,-0.07807807807807798,0.11299395507588511,0.6396396396396397,0.5503211861667744,0.003003003003003003,0.0,0.018018018018018018,0.003003003003003003,2,0.3614457831325302,0.6385542168674698,0.3614457831325302
chd49,MLC_PA_SVM,0.35,2,Operating Point,,0.16059296586901695,3,,0.9863636363636363,1.1,0.015,200,0.5078030303030303,0.696969696969697,0.6103463203463204,0.3699709647078068,-0.20000000000000007,0.177902864672491,0.49696969696969695,0.5478738293802978,0.013636363636363636,0.3333333333333333,0.08181818181818182,0.013636363636363636,9,0.5099846390168971,0.49001536098310294,0.5099846390168971
chd49,MLC_PA_SVM,0.35,3,Operating Point,,0.15740805004758943,1,,0.9893939393939394,0.4910714285714285,0.005208333333333333,192,0.3203787878787879,0.7090909090909091,0.6002597402597403,0.3455726817609995,-0.025757575757575757,0.15647826136263238,0.6833333333333333,0.5020509431236319,0.010606060606060607,0.14285714285714285,0.06363636363636363,0.010606060606060607,7,0.3200612557427258,0.6799387442572742,0.3200612557427258
chd49,MLC_PA_SVM,0.35,4,Operating Point,,0.16725921609236874,0,,0.9883040935672515,0.0,0.0,201,0.41345029239766073,0.706140350877193,0.6085630743525481,0.36208096839470794,-0.11549707602339176,0.2147912405339526,0.5906432748538012,0.5768722089286605,0.011695906432748537,0.0,0.06140350877192982,0.011695906432748537,8,0.41420118343195267,0.5857988165680473,0.41420118343195267
chd49,MLC_PA_SVM,0.35,5,Operating Point,,0.15100105746415324,1,,0.9893939393939394,0.4860088365243004,0.005154639175257732,194,0.5021969696969698,0.706060606060606,0.6136796536796538,0.4001047288341222,-0.20454545454545459,0.1349704874093547,0.5015151515151515,0.5350752162434769,0.010606060606060607,0.14285714285714285,0.06363636363636363,0.010606060606060607,7,0.5038284839203675,0.4961715160796325,0.5038284839203675
chd49,MLC_PA_SVM,0.40,1,Operating Point,,0.15601668452538017,0,,0.996996996996997,0.0,0.0,188,0.3615615615615616,0.7177177177177176,0.6240454740454741,0.4373272310908893,-0.07807807807807798,0.11299395507588511,0.6396396396396397,0.5503211861667744,0.003003003003003003,0.0,0.018018018018018018,0.003003003003003003,2,0.3614457831325302,0.6385542168674698,0.3614457831325302
chd49,MLC_PA_SVM,0.40,2,Operating Point,,0.16059296586901695,3,,0.9863636363636363,1.1,0.015,200,0.5084848484848484,0.696969696969697,0.6103463203463204,0.3699709647078068,-0.20000000000000007,0.177902864672491,0.49696969696969695,0.5478738293802978,0.013636363636363636,0.3333333333333333,0.08181818181818182,0.013636363636363636,9,0.5099846390168971,0.49001536098310294,0.5099846390168971
chd49,MLC_PA_SVM,0.40,3,Operating Point,,0.15740805004758943,1,,0.9893939393939394,0.4910714285714285,0.005208333333333333,192,0.3209090909090909,0.7090909090909091,0.6002597402597403,0.3455726817609995,-0.025757575757575757,0.15647826136263238,0.6833333333333333,0.5020509431236319,0.010606060606060607,0.14285714285714285,0.06363636363636363,0.010606060606060607,7,0.3200612557427258,0.6799387442572742,0.3200612557427258
chd49,MLC_PA_SVM,0.40,4,Operating Point,,0.16725921609236874,0,,0.9883040935672515,0.0,0.0,201,0.4140350877192983,0.706140350877193,0.6085630743525481,0.36208096839470794,-0.11549707602339176,0.2147912405339526,0.5906432748538012,0.5768722089286605,0.011695906432748537,0.0,0.06140350877192982,0.011695906432748537,8,0.41420118343195267,0.5857988165680473,0.41420118343195267
chd49,MLC_PA_SVM,0.40,5,Operating Point,,0.15100105746415324,1,,0.9893939393939394,0.4860088365243004,0.005154639175257732,194,0.5027272727272727,0.706060606060606,0.6136796536796538,0.4001047288341222,-0.20454545454545459,0.1349704874093547,0.5015151515151515,0.5350752162434769,0.010606060606060607,0.14285714285714285,0.06363636363636363,0.010606060606060607,7,0.5038284839203675,0.4961715160796325,0.5038284839203675
chd49,MLC_PA_SVM,0.50,1,Operating Point,,0.15601668452538017,0,,1.0,,0.0,188,0.36036036036036034,0.7177177177177176,0.6240454740454741,0.4373272310908893,-0.07807807807807798,0.11299395507588511,0.6396396396396397,0.5503211861667744,0.0,,0.0,0.0,0,0.36036036036036034,0.6396396396396397,0.36036036036036034
chd49,MLC_PA_SVM,0.50,2,Operating Point,,0.16059296586901695,0,,1.0,,0.0,200,0.5075757575757576,0.696969696969697,0.6103463203463204,0.3699709647078068,-0.20454545454545459,0.17309558084421311,0.49242424242424243,0.5430665455520199,0.0,,0.0,0.0,0,0.5075757575757576,0.49242424242424243,0.5075757575757576
chd49,MLC_PA_SVM,0.50,3,Operating Point,,0.15740805004758943,0,,1.0,,0.0,192,0.3181818181818182,0.7090909090909091,0.6002597402597403,0.3455726817609995,-0.027272727272727226,0.15423778339399907,0.6818181818181819,0.49981046515499855,0.0,,0.0,0.0,0,0.3181818181818181,0.6818181818181819,0.3181818181818181
chd49,MLC_PA_SVM,0.50,4,Operating Point,,0.16725921609236874,0,,1.0,,0.0,201,0.4093567251461988,0.706140350877193,0.6085630743525481,0.36208096839470794,-0.11549707602339176,0.2147912405339526,0.5906432748538012,0.5768722089286605,0.0,,0.0,0.0,0,0.4093567251461988,0.5906432748538012,0.4093567251461988
chd49,MLC_PA_SVM,0.50,5,Operating Point,,0.15100105746415324,0,,1.0,,0.0,194,0.503030303030303,0.706060606060606,0.6136796536796538,0.4001047288341222,-0.2090909090909091,0.12884840272470466,0.49696969696969695,0.5289531315588268,0.0,,0.0,0.0,0,0.503030303030303,0.49696969696969695,0.503030303030303
chd49,GSI_MLC_PA_SVM,0.20,1,Operating Point,,0.17004349045207193,0,,0.9954954954954955,0.0,0.0,191,0.37477477477477483,0.7132132132132132,0.6092878592878594,0.45133801307581556,-0.08708708708708701,0.06954623102584845,0.6261261261261262,0.520884244101664,0.0045045045045045045,0.0,0.02702702702702703,0.0045045045045045045,3,0.3755656108597285,0.6244343891402715,0.3755656108597285
chd49,GSI_MLC_PA_SVM,0.20,2,Operating Point,,0.16645873838227818,0,,0.9984848484848485,0.0,0.0,197,0.47757575757575754,0.7015151515151515,0.6195238095238096,0.3919795482295482,-0.17878787878787883,0.12937640461254646,0.5227272727272727,0.5213559528420947,0.0015151515151515152,0.0,0.00909090909090909,0.0015151515151515152,1,0.4779969650986343,0.5220030349013657,0.4779969650986343
chd49,GSI_MLC_PA_SVM,0.20,3,Operating Point,,0.16332319888071567,2,,0.996969696969697,3.492063492063492,0.010582010582010581,189,0.39454545454545453,0.7136363636363636,0.6227489177489178,0.418060824730715,-0.10757575757575755,0.1271492210396244,0.6060606060606061,0.5452100457703394,0.0030303030303030303,1.0,0.01818181818181818,0.0030303030303030303,2,0.3951367781155015,0.6048632218844985,0.3951367781155015
chd49,GSI_MLC_PA_SVM,0.20,4,Operating Point,,0.16805631483835354,14,,0.9517543859649122,1.4957825679475163,0.07216494845360824,194,0.4058479532163743,0.7163742690058479,0.6274436090225564,0.44522807900080025,-0.11257309941520455,0.1482846737105898,0.6038011695906433,0.59351275271139,0.04824561403508772,0.42424242424242425,0.2894736842105263,0.04824561403508772,33,0.4162826420890937,0.5837173579109063,0.4162826420890937
chd49,GSI_MLC_PA_SVM,0.20,5,Operating Point,,0.16080550083476158,8,,0.9681818181818181,1.2960235640648012,0.041237113402061855,194,0.3821212121212121,0.706060606060606,0.6006493506493507,0.4003371525623594,-0.08181818181818179,0.18532498704948047,0.6242424242424243,0.5856621396118399,0.031818181818181815,0.38095238095238093,0.18181818181818182,0.031818181818181815,21,0.3881064162754304,0.6118935837245696,0.3881064162754304
chd49,GSI_MLC_PA_SVM,0.25,1,Operating Point,,0.17004349045207193,0,,0.9954954954954955,0.0,0.0,191,0.375,0.7132132132132132,0.6092878592878594,0.45133801307581556,-0.08708708708708701,0.06954623102584845,0.6261261261261262,0.520884244101664,0.0045045045045045045,0.0,0.02702702702702703,0.0045045045045045045,3,0.3755656108597285,0.6244343891402715,0.3755656108597285
chd49,GSI_MLC_PA_SVM,0.25,2,Operating Point,,0.16645873838227818,0,,0.9984848484848485,0.0,0.0,197,0.47765151515151516,0.7015151515151515,0.6195238095238096,0.3919795482295482,-0.17878787878787883,0.12937640461254646,0.5227272727272727,0.5213559528420947,0.0015151515151515152,0.0,0.00909090909090909,0.0015151515151515152,1,0.4779969650986343,0.5220030349013657,0.4779969650986343
chd49,GSI_MLC_PA_SVM,0.25,3,Operating Point,,0.16332319888071567,2,,0.996969696969697,3.492063492063492,0.010582010582010581,189,0.3946969696969697,0.7136363636363636,0.6227489177489178,0.418060824730715,-0.10757575757575755,0.1271492210396244,0.6060606060606061,0.5452100457703394,0.0030303030303030303,1.0,0.01818181818181818,0.0030303030303030303,2,0.3951367781155015,0.6048632218844985,0.3951367781155015
chd49,GSI_MLC_PA_SVM,0.25,4,Operating Point,,0.16805631483835354,2,,0.9941520467836257,1.7628865979381443,0.010309278350515464,194,0.4152046783625731,0.7163742690058479,0.6274436090225564,0.44522807900080025,-0.1301169590643274,0.10476615519207128,0.5862573099415205,0.5499942341928715,0.005847953216374269,0.5,0.03508771929824561,0.005847953216374269,4,0.41617647058823537,0.5838235294117646,0.41617647058823537
chd49,GSI_MLC_PA_SVM,0.25,5,Operating Point,,0.16080550083476158,6,,0.9772727272727273,1.3608247422680413,0.030927835051546393,194,0.38446969696969696,0.706060606060606,0.6006493506493507,0.4003371525623594,-0.08484848484848484,0.1803312292467339,0.6212121212121212,0.5806683818090933,0.022727272727272728,0.4,0.12727272727272726,0.022727272727272728,15,0.3875968992248062,0.6124031007751938,0.3875968992248062
chd49,GSI_MLC_PA_SVM,0.30,1,Operating Point,,0.17004349045207193,0,,0.9954954954954955,0.0,0.0,191,0.37522522522522517,0.7132132132132132,0.6092878592878594,0.45133801307581556,-0.08708708708708701,0.06954623102584845,0.6261261261261262,0.520884244101664,0.0045045045045045045,0.0,0.02702702702702703,0.0045045045045045045,3,0.3755656108597285,0.6244343891402715,0.3755656108597285
chd49,GSI_MLC_PA_SVM,0.30,2,Operating Point,,0.16645873838227818,0,,0.9984848484848485,0.0,0.0,197,0.4777272727272727,0.7015151515151515,0.6195238095238096,0.3919795482295482,-0.17878787878787883,0.12937640461254646,0.5227272727272727,0.5213559528420947,0.0015151515151515152,0.0,0.00909090909090909,0.0015151515151515152,1,0.4779969650986343,0.5220030349013657,0.4779969650986343
chd49,GSI_MLC_PA_SVM,0.30,3,Operating Point,,0.16332319888071567,2,,0.996969696969697,3.492063492063492,0.010582010582010581,189,0.3948484848484849,0.7136363636363636,0.6227489177489178,0.418060824730715,-0.10757575757575755,0.1271492210396244,0.6060606060606061,0.5452100457703394,0.0030303030303030303,1.0,0.01818181818181818,0.0030303030303030303,2,0.3951367781155015,0.6048632218844985,0.3951367781155015
chd49,GSI_MLC_PA_SVM,0.30,4,Operating Point,,0.16805631483835354,2,,0.9941520467836257,1.7628865979381443,0.010309278350515464,194,0.4154970760233918,0.7163742690058479,0.6274436090225564,0.44522807900080025,-0.1301169590643274,0.10476615519207128,0.5862573099415205,0.5499942341928715,0.005847953216374269,0.5,0.03508771929824561,0.005847953216374269,4,0.41617647058823537,0.5838235294117646,0.41617647058823537
chd49,GSI_MLC_PA_SVM,0.30,5,Operating Point,,0.16080550083476158,0,,0.9924242424242424,0.0,0.0,194,0.39015151515151514,0.706060606060606,0.6006493506493507,0.4003371525623594,-0.09393939393939399,0.16387032389693973,0.6121212121212121,0.5642074764592991,0.007575757575757576,0.0,0.03636363636363636,0.007575757575757576,5,0.3908396946564885,0.6091603053435115,0.3908396946564885
chd49,GSI_MLC_PA_SVM,0.35,1,Operating Point,,0.17004349045207193,0,,0.9954954954954955,0.0,0.0,191,0.37545045045045045,0.7132132132132132,0.6092878592878594,0.45133801307581556,-0.08708708708708701,0.06954623102584845,0.6261261261261262,0.520884244101664,0.0045045045045045045,0.0,0.02702702702702703,0.0045045045045045045,3,0.3755656108597285,0.6244343891402715,0.3755656108597285
chd49,GSI_MLC_PA_SVM,0.35,2,Operating Point,,0.16645873838227818,0,,0.9984848484848485,0.0,0.0,197,0.47780303030303034,0.7015151515151515,0.6195238095238096,0.3919795482295482,-0.17878787878787883,0.12937640461254646,0.5227272727272727,0.5213559528420947,0.0015151515151515152,0.0,0.00909090909090909,0.0015151515151515152,1,0.4779969650986343,0.5220030349013657,0.4779969650986343
chd49,GSI_MLC_PA_SVM,0.35,3,Operating Point,,0.16332319888071567,2,,0.996969696969697,3.492063492063492,0.010582010582010581,189,0.39499999999999996,0.7136363636363636,0.6227489177489178,0.418060824730715,-0.10757575757575755,0.1271492210396244,0.6060606060606061,0.5452100457703394,0.0030303030303030303,1.0,0.01818181818181818,0.0030303030303030303,2,0.3951367781155015,0.6048632218844985,0.3951367781155015
chd49,GSI_MLC_PA_SVM,0.35,4,Operating Point,,0.16805631483835354,2,,0.9941520467836257,1.7628865979381443,0.010309278350515464,194,0.4157894736842105,0.7163742690058479,0.6274436090225564,0.44522807900080025,-0.1301169590643274,0.10476615519207128,0.5862573099415205,0.5499942341928715,0.005847953216374269,0.5,0.03508771929824561,0.005847953216374269,4,0.41617647058823537,0.5838235294117646,0.41617647058823537
chd49,GSI_MLC_PA_SVM,0.35,5,Operating Point,,0.16080550083476158,0,,0.9924242424242424,0.0,0.0,194,0.390530303030303,0.706060606060606,0.6006493506493507,0.4003371525623594,-0.09393939393939399,0.16387032389693973,0.6121212121212121,0.5642074764592991,0.007575757575757576,0.0,0.03636363636363636,0.007575757575757576,5,0.3908396946564885,0.6091603053435115,0.3908396946564885
chd49,GSI_MLC_PA_SVM,0.40,1,Operating Point,,0.17004349045207193,0,,0.9954954954954955,0.0,0.0,191,0.3756756756756757,0.7132132132132132,0.6092878592878594,0.45133801307581556,-0.08708708708708701,0.06954623102584845,0.6261261261261262,0.520884244101664,0.0045045045045045045,0.0,0.02702702702702703,0.0045045045045045045,3,0.3755656108597285,0.6244343891402715,0.3755656108597285
chd49,GSI_MLC_PA_SVM,0.40,2,Operating Point,,0.16645873838227818,0,,0.9984848484848485,0.0,0.0,197,0.47787878787878785,0.7015151515151515,0.6195238095238096,0.3919795482295482,-0.17878787878787883,0.12937640461254646,0.5227272727272727,0.5213559528420947,0.0015151515151515152,0.0,0.00909090909090909,0.0015151515151515152,1,0.4779969650986343,0.5220030349013657,0.4779969650986343
chd49,GSI_MLC_PA_SVM,0.40,3,Operating Point,,0.16332319888071567,2,,0.996969696969697,3.492063492063492,0.010582010582010581,189,0.39515151515151514,0.7136363636363636,0.6227489177489178,0.418060824730715,-0.10757575757575755,0.1271492210396244,0.6060606060606061,0.5452100457703394,0.0030303030303030303,1.0,0.01818181818181818,0.0030303030303030303,2,0.3951367781155015,0.6048632218844985,0.3951367781155015
chd49,GSI_MLC_PA_SVM,0.40,4,Operating Point,,0.16805631483835354,2,,0.9941520467836257,1.7628865979381443,0.010309278350515464,194,0.4160818713450293,0.7163742690058479,0.6274436090225564,0.44522807900080025,-0.1301169590643274,0.10476615519207128,0.5862573099415205,0.5499942341928715,0.005847953216374269,0.5,0.03508771929824561,0.005847953216374269,4,0.41617647058823537,0.5838235294117646,0.41617647058823537
chd49,GSI_MLC_PA_SVM,0.40,5,Operating Point,,0.16080550083476158,0,,0.9924242424242424,0.0,0.0,194,0.39090909090909093,0.706060606060606,0.6006493506493507,0.4003371525623594,-0.09393939393939399,0.16387032389693973,0.6121212121212121,0.5642074764592991,0.007575757575757576,0.0,0.03636363636363636,0.007575757575757576,5,0.3908396946564885,0.6091603053435115,0.3908396946564885
chd49,GSI_MLC_PA_SVM,0.50,1,Operating Point,,0.17004349045207193,0,,1.0,,0.0,191,0.37537537537537535,0.7132132132132132,0.6092878592878594,0.45133801307581556,-0.08858858858858853,0.06804079202040947,0.6246246246246246,0.519378805096225,0.0,,0.0,0.0,0,0.37537537537537535,0.6246246246246246,0.37537537537537535
chd49,GSI_MLC_PA_SVM,0.50,2,Operating Point,,0.16645873838227818,0,,1.0,,0.0,197,0.4772727272727273,0.7015151515151515,0.6195238095238096,0.3919795482295482,-0.17878787878787883,0.12937640461254646,0.5227272727272727,0.5213559528420947,0.0,,0.0,0.0,0,0.4772727272727273,0.5227272727272727,0.4772727272727273
chd49,GSI_MLC_PA_SVM,0.50,3,Operating Point,,0.16332319888071567,0,,1.0,,0.0,189,0.39545454545454545,0.7136363636363636,0.6227489177489178,0.418060824730715,-0.10909090909090913,0.12521666073041487,0.6045454545454545,0.5432774854611299,0.0,,0.0,0.0,0,0.3954545454545455,0.6045454545454545,0.3954545454545455
chd49,GSI_MLC_PA_SVM,0.50,4,Operating Point,,0.16805631483835354,0,,1.0,,0.0,194,0.4166666666666667,0.7163742690058479,0.6274436090225564,0.44522807900080025,-0.13304093567251463,0.09898610915017597,0.5833333333333333,0.5442141881509762,0.0,,0.0,0.0,0,0.41666666666666674,0.5833333333333333,0.41666666666666674
chd49,GSI_MLC_PA_SVM,0.50,5,Operating Point,,0.16080550083476158,0,,1.0,,0.0,194,0.3878787878787879,0.706060606060606,0.6006493506493507,0.4003371525623594,-0.09393939393939399,0.16387032389693973,0.6121212121212121,0.5642074764592991,0.0,,0.0,0.0,0,0.38787878787878793,0.6121212121212121,0.38787878787878793
chd49,MLC_PA_MLP,0.20,1,Operating Point,,0.18647287573185925,2,,0.987987987987988,0.8283582089552238,0.009950248756218905,201,0.3882882882882883,0.6981981981981982,0.6286786786786788,0.5074020576320738,-0.08408408408408408,0.05926176407376471,0.6141141141141141,0.5666638217058385,0.012012012012012012,0.25,0.07207207207207207,0.012012012012012012,8,0.3905775075987842,0.6094224924012158,0.3905775075987842
chd49,MLC_PA_MLP,0.20,2,Operating Point,,0.20696700178823074,0,,0.9833333333333333,0.0,0.0,192,0.38969696969696965,0.7090909090909091,0.6546103896103898,0.48293185612026196,-0.09545454545454546,0.05778459690147136,0.6136363636363636,0.5407164530217333,0.016666666666666666,0.0,0.1,0.016666666666666666,11,0.39291217257318944,0.6070878274268106,0.39291217257318944
chd49,MLC_PA_MLP,0.20,3,Operating Point,,0.19032545023068936,2,,0.990909090909091,1.0945273631840797,0.009950248756218905,201,0.3427272727272727,0.6954545454545454,0.6210606060606063,0.4696827213427281,-0.036363636363636265,0.0921648182554376,0.6590909090909092,0.5618475395981657,0.00909090909090909,0.3333333333333333,0.045454545454545456,0.00909090909090909,6,0.34403669724770647,0.6559633027522935,0.34403669724770647
chd49,MLC_PA_MLP,0.20,4,Operating Point,,0.19037364863539025,0,,0.9941520467836257,0.0,0.0,203,0.3725146198830409,0.7032163742690059,0.6416109718741297,0.4816457958581246,-0.07456140350877194,0.07494718709921411,0.6286549707602339,0.5565929829573387,0.005847953216374269,0.0,0.03508771929824561,0.005847953216374269,4,0.3735294117647059,0.6264705882352941,0.3735294117647059
chd49,MLC_PA_MLP,0.20,5,Operating Point,,0.17752446467669303,1,,0.9939393939393939,0.8168316831683169,0.0049504950495049506,202,0.3709090909090909,0.693939393939394,0.6357792207792209,0.49887830098392244,-0.0636363636363636,0.08794811968118826,0.6303030303030304,0.5868264206651107,0.006060606060606061,0.25,0.03636363636363636,0.006060606060606061,4,0.3719512195121951,0.6280487804878049,0.3719512195121951
chd49,MLC_PA_MLP,0.25,1,Operating Point,,0.18647287573185925,2,,0.987987987987988,0.8283582089552238,0.009950248756218905,201,0.3888888888888889,0.6981981981981982,0.6286786786786788,0.5074020576320738,-0.08408408408408408,0.05926176407376471,0.6141141141141141,0.5666638217058385,0.012012012012012012,0.25,0.07207207207207207,0.012012012012012012,8,0.3905775075987842,0.6094224924012158,0.3905775075987842
chd49,MLC_PA_MLP,0.25,2,Operating Point,,0.20696700178823074,0,,0.9833333333333333,0.0,0.0,192,0.390530303030303,0.7090909090909091,0.6546103896103898,0.48293185612026196,-0.09545454545454546,0.05778459690147136,0.6136363636363636,0.5407164530217333,0.016666666666666666,0.0,0.1,0.016666666666666666,11,0.39291217257318944,0.6070878274268106,0.39291217257318944
chd49,MLC_PA_MLP,0.25,3,Operating Point,,0.19032545023068936,2,,0.990909090909091,1.0945273631840797,0.009950248756218905,201,0.3431818181818182,0.6954545454545454,0.6210606060606063,0.4696827213427281,-0.036363636363636265,0.0921648182554376,0.6590909090909092,0.5618475395981657,0.00909090909090909,0.3333333333333333,0.045454545454545456,0.00909090909090909,6,0.34403669724770647,0.6559633027522935,0.34403669724770647
chd49,MLC_PA_MLP,0.25,4,Operating Point,,0.19037364863539025,0,,0.9941520467836257,0.0,0.0,203,0.37280701754385964,0.7032163742690059,0.6416109718741297,0.4816457958581246,-0.07456140350877194,0.07494718709921411,0.6286549707602339,0.5565929829573387,0.005847953216374269,0.0,0.03508771929824561,0.005847953216374269,4,0.3735294117647059,0.6264705882352941,0.3735294117647059
chd49,MLC_PA_MLP,0.25,5,Operating Point,,0.17752446467669303,1,,0.9939393939393939,0.8168316831683169,0.0049504950495049506,202,0.3712121212121212,0.693939393939394,0.6357792207792209,0.49887830098392244,-0.0636363636363636,0.08794811968118826,0.6303030303030304,0.5868264206651107,0.006060606060606061,0.25,0.03636363636363636,0.006060606060606061,4,0.3719512195121951,0.6280487804878049,0.3719512195121951
chd49,MLC_PA_MLP,0.30,1,Operating Point,,0.18647287573185925,2,,0.987987987987988,0.8283582089552238,0.009950248756218905,201,0.38948948948948947,0.6981981981981982,0.6286786786786788,0.5074020576320738,-0.08408408408408408,0.05926176407376471,0.6141141141141141,0.5666638217058385,0.012012012012012012,0.25,0.07207207207207207,0.012012012012012012,8,0.3905775075987842,0.6094224924012158,0.3905775075987842
chd49,MLC_PA_MLP,0.30,2,Operating Point,,0.20696700178823074,0,,0.9833333333333333,0.0,0.0,192,0.39136363636363636,0.7090909090909091,0.6546103896103898,0.48293185612026196,-0.09545454545454546,0.05778459690147136,0.6136363636363636,0.5407164530217333,0.016666666666666666,0.0,0.1,0.016666666666666666,11,0.39291217257318944,0.6070878274268106,0.39291217257318944
chd49,MLC_PA_MLP,0.30,3,Operating Point,,0.19032545023068936,2,,0.990909090909091,1.0945273631840797,0.009950248756218905,201,0.34363636363636363,0.6954545454545454,0.6210606060606063,0.4696827213427281,-0.036363636363636265,0.0921648182554376,0.6590909090909092,0.5618475395981657,0.00909090909090909,0.3333333333333333,0.045454545454545456,0.00909090909090909,6,0.34403669724770647,0.6559633027522935,0.34403669724770647
chd49,MLC_PA_MLP,0.30,4,Operating Point,,0.19037364863539025,0,,0.9941520467836257,0.0,0.0,203,0.3730994152046784,0.7032163742690059,0.6416109718741297,0.4816457958581246,-0.07456140350877194,0.07494718709921411,0.6286549707602339,0.5565929829573387,0.005847953216374269,0.0,0.03508771929824561,0.005847953216374269,4,0.3735294117647059,0.6264705882352941,0.3735294117647059
chd49,MLC_PA_MLP,0.30,5,Operating Point,,0.17752446467669303,1,,0.9939393939393939,0.8168316831683169,0.0049504950495049506,202,0.3715151515151515,0.693939393939394,0.6357792207792209,0.49887830098392244,-0.0636363636363636,0.08794811968118826,0.6303030303030304,0.5868264206651107,0.006060606060606061,0.25,0.03636363636363636,0.006060606060606061,4,0.3719512195121951,0.6280487804878049,0.3719512195121951
chd49,MLC_PA_MLP,0.35,1,Operating Point,,0.18647287573185925,2,,0.987987987987988,0.8283582089552238,0.009950248756218905,201,0.3900900900900901,0.6981981981981982,0.6286786786786788,0.5074020576320738,-0.08408408408408408,0.05926176407376471,0.6141141141141141,0.5666638217058385,0.012012012012012012,0.25,0.07207207207207207,0.012012012012012012,8,0.3905775075987842,0.6094224924012158,0.3905775075987842
chd49,MLC_PA_MLP,0.35,2,Operating Point,,0.20696700178823074,0,,0.9833333333333333,0.0,0.0,192,0.3921969696969697,0.7090909090909091,0.6546103896103898,0.48293185612026196,-0.09545454545454546,0.05778459690147136,0.6136363636363636,0.5407164530217333,0.016666666666666666,0.0,0.1,0.016666666666666666,11,0.39291217257318944,0.6070878274268106,0.39291217257318944
chd49,MLC_PA_MLP,0.35,3,Operating Point,,0.19032545023068936,2,,0.990909090909091,1.0945273631840797,0.009950248756218905,201,0.34409090909090906,0.6954545454545454,0.6210606060606063,0.4696827213427281,-0.036363636363636265,0.0921648182554376,0.6590909090909092,0.5618475395981657,0.00909090909090909,0.3333333333333333,0.045454545454545456,0.00909090909090909,6,0.34403669724770647,0.6559633027522935,0.34403669724770647
chd49,MLC_PA_MLP,0.35,4,Operating Point,,0.19037364863539025,0,,0.9941520467836257,0.0,0.0,203,0.3733918128654971,0.7032163742690059,0.6416109718741297,0.4816457958581246,-0.07456140350877194,0.07494718709921411,0.6286549707602339,0.5565929829573387,0.005847953216374269,0.0,0.03508771929824561,0.005847953216374269,4,0.3735294117647059,0.6264705882352941,0.3735294117647059
chd49,MLC_PA_MLP,0.35,5,Operating Point,,0.17752446467669303,1,,0.9939393939393939,0.8168316831683169,0.0049504950495049506,202,0.3718181818181818,0.693939393939394,0.6357792207792209,0.49887830098392244,-0.0636363636363636,0.08794811968118826,0.6303030303030304,0.5868264206651107,0.006060606060606061,0.25,0.03636363636363636,0.006060606060606061,4,0.3719512195121951,0.6280487804878049,0.3719512195121951
chd49,MLC_PA_MLP,0.40,1,Operating Point,,0.18647287573185925,2,,0.987987987987988,0.8283582089552238,0.009950248756218905,201,0.3906906906906907,0.6981981981981982,0.6286786786786788,0.5074020576320738,-0.08408408408408408,0.05926176407376471,0.6141141141141141,0.5666638217058385,0.012012012012012012,0.25,0.07207207207207207,0.012012012012012012,8,0.3905775075987842,0.6094224924012158,0.3905775075987842
chd49,MLC_PA_MLP,0.40,2,Operating Point,,0.20696700178823074,0,,0.9833333333333333,0.0,0.0,192,0.393030303030303,0.7090909090909091,0.6546103896103898,0.48293185612026196,-0.09545454545454546,0.05778459690147136,0.6136363636363636,0.5407164530217333,0.016666666666666666,0.0,0.1,0.016666666666666666,11,0.39291217257318944,0.6070878274268106,0.39291217257318944
chd49,MLC_PA_MLP,0.40,3,Operating Point,,0.19032545023068936,2,,0.990909090909091,1.0945273631840797,0.009950248756218905,201,0.34454545454545454,0.6954545454545454,0.6210606060606063,0.4696827213427281,-0.036363636363636265,0.0921648182554376,0.6590909090909092,0.5618475395981657,0.00909090909090909,0.3333333333333333,0.045454545454545456,0.00909090909090909,6,0.34403669724770647,0.6559633027522935,0.34403669724770647
chd49,MLC_PA_MLP,0.40,4,Operating Point,,0.19037364863539025,0,,0.9941520467836257,0.0,0.0,203,0.3736842105263158,0.7032163742690059,0.6416109718741297,0.4816457958581246,-0.07456140350877194,0.07494718709921411,0.6286549707602339,0.5565929829573387,0.005847953216374269,0.0,0.03508771929824561,0.005847953216374269,4,0.3735294117647059,0.6264705882352941,0.3735294117647059
chd49,MLC_PA_MLP,0.40,5,Operating Point,,0.17752446467669303,1,,0.9939393939393939,0.8168316831683169,0.0049504950495049506,202,0.37212121212121213,0.693939393939394,0.6357792207792209,0.49887830098392244,-0.0636363636363636,0.08794811968118826,0.6303030303030304,0.5868264206651107,0.006060606060606061,0.25,0.03636363636363636,0.006060606060606061,4,0.3719512195121951,0.6280487804878049,0.3719512195121951
chd49,MLC_PA_MLP,0.50,1,Operating Point,,0.18647287573185925,0,,1.0,,0.0,201,0.3888888888888889,0.6981981981981982,0.6286786786786788,0.5074020576320738,-0.08708708708708701,0.055474502128324055,0.6111111111111112,0.5628765597603979,0.0,,0.0,0.0,0,0.38888888888888884,0.6111111111111112,0.38888888888888884
chd49,MLC_PA_MLP,0.50,2,Operating Point,,0.20696700178823074,0,,1.0,,0.0,192,0.3893939393939394,0.7090909090909091,0.6546103896103898,0.48293185612026196,-0.09848484848484851,0.05568410068332813,0.6106060606060606,0.5386159568035901,0.0,,0.0,0.0,0,0.3893939393939394,0.6106060606060606,0.3893939393939394
chd49,MLC_PA_MLP,0.50,3,Operating Point,,0.19032545023068936,0,,1.0,,0.0,201,0.34393939393939393,0.6954545454545454,0.6210606060606063,0.4696827213427281,-0.039393939393939426,0.08799436366941532,0.656060606060606,0.5576770850121434,0.0,,0.0,0.0,0,0.343939393939394,0.656060606060606,0.343939393939394
chd49,MLC_PA_MLP,0.50,4,Operating Point,,0.19037364863539025,0,,1.0,,0.0,203,0.3713450292397661,0.7032163742690059,0.6416109718741297,0.4816457958581246,-0.07456140350877194,0.07494718709921411,0.6286549707602339,0.5565929829573387,0.0,,0.0,0.0,0,0.3713450292397661,0.6286549707602339,0.3713450292397661
chd49,MLC_PA_MLP,0.50,5,Operating Point,,0.17752446467669303,0,,1.0,,0.0,202,0.3712121212121212,0.693939393939394,0.6357792207792209,0.49887830098392244,-0.06515151515151518,0.06942960116266977,0.6287878787878788,0.5683079021465922,0.0,,0.0,0.0,0,0.3712121212121212,0.6287878787878788,0.3712121212121212
chd49,GSI_MLC_PA_MLP,0.20,1,Operating Point,,0.16954927485572363,6,,0.987987987987988,2.5615384615384618,0.03076923076923077,195,0.37177177177177173,0.7072072072072072,0.6370870870870871,0.5123912463380765,-0.07657657657657657,0.02800479470825812,0.6306306306306306,0.5403960410463347,0.012012012012012012,0.75,0.07207207207207207,0.012012012012012012,8,0.37386018237082075,0.6261398176291793,0.37386018237082075
chd49,GSI_MLC_PA_MLP,0.20,2,Operating Point,,0.18266677395654113,9,,0.9681818181818181,1.4358230601885424,0.04568527918781726,197,0.3745454545454545,0.7015151515151515,0.6473665223665225,0.47934251433595293,-0.0696969696969697,0.07015972787002517,0.6318181818181818,0.5495022422059781,0.031818181818181815,0.42857142857142855,0.19090909090909092,0.031818181818181815,21,0.380281690140845,0.619718309859155,0.380281690140845
chd49,GSI_MLC_PA_MLP,0.20,3,Operating Point,,0.1753473389274431,3,,0.9893939393939394,1.4072494669509594,0.014925373134328358,201,0.40060606060606063,0.6954545454545454,0.6201515151515153,0.46893375667623766,-0.09393939393939388,0.10165639777934637,0.6015151515151516,0.570590154455584,0.010606060606060607,0.42857142857142855,0.06363636363636363,0.010606060606060607,7,0.40275650842266464,0.5972434915773354,0.40275650842266464
chd49,GSI_MLC_PA_MLP,0.20,4,Operating Point,,0.17121334440937866,3,,0.9868421052631579,1.1014492753623188,0.014492753623188406,207,0.3871345029239766,0.6973684210526316,0.6262740183792815,0.4707940350063638,-0.08187134502923987,0.06297240086091244,0.6154970760233918,0.5337664358672762,0.013157894736842105,0.3333333333333333,0.07894736842105263,0.013157894736842105,9,0.38962962962962955,0.6103703703703705,0.38962962962962955
chd49,GSI_MLC_PA_MLP,0.20,5,Operating Point,,0.17578076300813664,9,,0.9651515151515152,1.2659846547314577,0.04411764705882353,204,0.35242424242424236,0.6909090909090909,0.6232251082251081,0.48748663240200263,-0.036363636363636376,0.09920239894147631,0.6545454545454545,0.5866890313434789,0.03484848484848485,0.391304347826087,0.2,0.03484848484848485,23,0.3579277864992151,0.6420722135007849,0.3579277864992151
chd49,GSI_MLC_PA_MLP,0.25,1,Operating Point,,0.16954927485572363,5,,0.990990990990991,2.8461538461538463,0.02564102564102564,195,0.3731231231231231,0.7072072072072072,0.6370870870870871,0.5123912463380765,-0.0780780780780781,0.025882970974883346,0.6291291291291291,0.5382742173129599,0.009009009009009009,0.8333333333333334,0.05405405405405406,0.009009009009009009,6,0.37424242424242427,0.6257575757575757,0.37424242424242427
chd49,GSI_MLC_PA_MLP,0.25,2,Operating Point,,0.18266677395654113,2,,0.9939393939393939,1.6751269035532994,0.01015228426395939,197,0.38484848484848483,0.7015151515151515,0.6473665223665225,0.47934251433595293,-0.08484848484848484,0.06255978866953876,0.6166666666666667,0.5419023030054917,0.006060606060606061,0.5,0.03636363636363636,0.006060606060606061,4,0.38567073170731714,0.6143292682926829,0.38567073170731714
chd49,GSI_MLC_PA_MLP,0.25,3,Operating Point,,0.1753473389274431,3,,0.9893939393939394,1.4072494669509594,0.014925373134328358,201,0.4011363636363636,0.6954545454545454,0.6201515151515153,0.46893375667623766,-0.09393939393939388,0.10165639777934637,0.6015151515151516,0.570590154455584,0.010606060606060607,0.42857142857142855,0.06363636363636363,0.010606060606060607,7,0.40275650842266464,0.5972434915773354,0.40275650842266464
chd49,GSI_MLC_PA_MLP,0.25,4,Operating Point,,0.17121334440937866,3,,0.9926900584795322,1.982608695652174,0.014492753623188406,207,0.38633040935672514,0.6973684210526316,0.6262740183792815,0.4707940350063638,-0.08187134502923987,0.06297240086091244,0.6154970760233918,0.5337664358672762,0.007309941520467836,0.6,0.043859649122807015,0.007309941520467836,5,0.38733431516936667,0.6126656848306333,0.38733431516936667
chd49,GSI_MLC_PA_MLP,0.25,5,Operating Point,,0.17578076300813664,3,,0.9848484848484849,0.9705882352941176,0.014705882352941176,204,0.35833333333333334,0.6909090909090909,0.6232251082251081,0.48748663240200263,-0.045454545454545414,0.09017027879824513,0.6454545454545455,0.5776569112002478,0.015151515151515152,0.3,0.09090909090909091,0.015151515151515152,10,0.36,0.64,0.36
chd49,GSI_MLC_PA_MLP,0.30,1,Operating Point,,0.16954927485572363,5,,0.990990990990991,2.8461538461538463,0.02564102564102564,195,0.37357357357357357,0.7072072072072072,0.6370870870870871,0.5123912463380765,-0.0780780780780781,0.025882970974883346,0.6291291291291291,0.5382742173129599,0.009009009009009009,0.8333333333333334,0.05405405405405406,0.009009009009009009,6,0.37424242424242427,0.6257575757575757,0.37424242424242427
chd49,GSI_MLC_PA_MLP,0.30,2,Operating Point,,0.18266677395654113,2,,0.9939393939393939,1.6751269035532994,0.01015228426395939,197,0.38515151515151513,0.7015151515151515,0.6473665223665225,0.47934251433595293,-0.08484848484848484,0.06255978866953876,0.6166666666666667,0.5419023030054917,0.006060606060606061,0.5,0.03636363636363636,0.006060606060606061,4,0.38567073170731714,0.6143292682926829,0.38567073170731714
chd49,GSI_MLC_PA_MLP,0.30,3,Operating Point,,0.1753473389274431,3,,0.9893939393939394,1.4072494669509594,0.014925373134328358,201,0.4016666666666666,0.6954545454545454,0.6201515151515153,0.46893375667623766,-0.09393939393939388,0.10165639777934637,0.6015151515151516,0.570590154455584,0.010606060606060607,0.42857142857142855,0.06363636363636363,0.010606060606060607,7,0.40275650842266464,0.5972434915773354,0.40275650842266464
chd49,GSI_MLC_PA_MLP,0.30,4,Operating Point,,0.17121334440937866,3,,0.9926900584795322,1.982608695652174,0.014492753623188406,207,0.38669590643274854,0.6973684210526316,0.6262740183792815,0.4707940350063638,-0.08187134502923987,0.06297240086091244,0.6154970760233918,0.5337664358672762,0.007309941520467836,0.6,0.043859649122807015,0.007309941520467836,5,0.38733431516936667,0.6126656848306333,0.38733431516936667
chd49,GSI_MLC_PA_MLP,0.30,5,Operating Point,,0.17578076300813664,3,,0.9848484848484849,0.9705882352941176,0.014705882352941176,204,0.3590909090909091,0.6909090909090909,0.6232251082251081,0.48748663240200263,-0.045454545454545414,0.09017027879824513,0.6454545454545455,0.5776569112002478,0.015151515151515152,0.3,0.09090909090909091,0.015151515151515152,10,0.36,0.64,0.36
chd49,GSI_MLC_PA_MLP,0.35,1,Operating Point,,0.16954927485572363,5,,0.990990990990991,2.8461538461538463,0.02564102564102564,195,0.37402402402402407,0.7072072072072072,0.6370870870870871,0.5123912463380765,-0.0780780780780781,0.025882970974883346,0.6291291291291291,0.5382742173129599,0.009009009009009009,0.8333333333333334,0.05405405405405406,0.009009009009009009,6,0.37424242424242427,0.6257575757575757,0.37424242424242427
chd49,GSI_MLC_PA_MLP,0.35,2,Operating Point,,0.18266677395654113,2,,0.9939393939393939,1.6751269035532994,0.01015228426395939,197,0.38545454545454544,0.7015151515151515,0.6473665223665225,0.47934251433595293,-0.08484848484848484,0.06255978866953876,0.6166666666666667,0.5419023030054917,0.006060606060606061,0.5,0.03636363636363636,0.006060606060606061,4,0.38567073170731714,0.6143292682926829,0.38567073170731714
chd49,GSI_MLC_PA_MLP,0.35,3,Operating Point,,0.1753473389274431,3,,0.9893939393939394,1.4072494669509594,0.014925373134328358,201,0.4021969696969698,0.6954545454545454,0.6201515151515153,0.46893375667623766,-0.09393939393939388,0.10165639777934637,0.6015151515151516,0.570590154455584,0.010606060606060607,0.42857142857142855,0.06363636363636363,0.010606060606060607,7,0.40275650842266464,0.5972434915773354,0.40275650842266464
chd49,GSI_MLC_PA_MLP,0.35,4,Operating Point,,0.17121334440937866,3,,0.9926900584795322,1.982608695652174,0.014492753623188406,207,0.38706140350877194,0.6973684210526316,0.6262740183792815,0.4707940350063638,-0.08187134502923987,0.06297240086091244,0.6154970760233918,0.5337664358672762,0.007309941520467836,0.6,0.043859649122807015,0.007309941520467836,5,0.38733431516936667,0.6126656848306333,0.38733431516936667
chd49,GSI_MLC_PA_MLP,0.35,5,Operating Point,,0.17578076300813664,3,,0.9848484848484849,0.9705882352941176,0.014705882352941176,204,0.3598484848484848,0.6909090909090909,0.6232251082251081,0.48748663240200263,-0.045454545454545414,0.09017027879824513,0.6454545454545455,0.5776569112002478,0.015151515151515152,0.3,0.09090909090909091,0.015151515151515152,10,0.36,0.64,0.36
chd49,GSI_MLC_PA_MLP,0.40,1,Operating Point,,0.16954927485572363,5,,0.990990990990991,2.8461538461538463,0.02564102564102564,195,0.37447447447447446,0.7072072072072072,0.6370870870870871,0.5123912463380765,-0.0780780780780781,0.025882970974883346,0.6291291291291291,0.5382742173129599,0.009009009009009009,0.8333333333333334,0.05405405405405406,0.009009009009009009,6,0.37424242424242427,0.6257575757575757,0.37424242424242427
chd49,GSI_MLC_PA_MLP,0.40,2,Operating Point,,0.18266677395654113,2,,0.9939393939393939,1.6751269035532994,0.01015228426395939,197,0.38575757575757574,0.7015151515151515,0.6473665223665225,0.47934251433595293,-0.08484848484848484,0.06255978866953876,0.6166666666666667,0.5419023030054917,0.006060606060606061,0.5,0.03636363636363636,0.006060606060606061,4,0.38567073170731714,0.6143292682926829,0.38567073170731714
chd49,GSI_MLC_PA_MLP,0.40,3,Operating Point,,0.1753473389274431,3,,0.9893939393939394,1.4072494669509594,0.014925373134328358,201,0.40272727272727266,0.6954545454545454,0.6201515151515153,0.46893375667623766,-0.09393939393939388,0.10165639777934637,0.6015151515151516,0.570590154455584,0.010606060606060607,0.42857142857142855,0.06363636363636363,0.010606060606060607,7,0.40275650842266464,0.5972434915773354,0.40275650842266464
chd49,GSI_MLC_PA_MLP,0.40,4,Operating Point,,0.17121334440937866,3,,0.9926900584795322,1.982608695652174,0.014492753623188406,207,0.38742690058479534,0.6973684210526316,0.6262740183792815,0.4707940350063638,-0.08187134502923987,0.06297240086091244,0.6154970760233918,0.5337664358672762,0.007309941520467836,0.6,0.043859649122807015,0.007309941520467836,5,0.38733431516936667,0.6126656848306333,0.38733431516936667
chd49,GSI_MLC_PA_MLP,0.40,5,Operating Point,,0.17578076300813664,3,,0.9848484848484849,0.9705882352941176,0.014705882352941176,204,0.36060606060606065,0.6909090909090909,0.6232251082251081,0.48748663240200263,-0.045454545454545414,0.09017027879824513,0.6454545454545455,0.5776569112002478,0.015151515151515152,0.3,0.09090909090909091,0.015151515151515152,10,0.36,0.64,0.36
chd49,GSI_MLC_PA_MLP,0.50,1,Operating Point,,0.16954927485572363,0,,1.0,,0.0,195,0.3768768768768769,0.7072072072072072,0.6370870870870871,0.5123912463380765,-0.08408408408408408,0.019913712285986263,0.6231231231231231,0.5323049586240628,0.0,,0.0,0.0,0,0.3768768768768769,0.6231231231231231,0.3768768768768769
chd49,GSI_MLC_PA_MLP,0.50,2,Operating Point,,0.18266677395654113,0,,1.0,,0.0,197,0.38636363636363635,0.7015151515151515,0.6473665223665225,0.47934251433595293,-0.08787878787878789,0.05745888950254968,0.6136363636363636,0.5368014038385026,0.0,,0.0,0.0,0,0.38636363636363635,0.6136363636363636,0.38636363636363635
chd49,GSI_MLC_PA_MLP,0.50,3,Operating Point,,0.1753473389274431,0,,1.0,,0.0,201,0.403030303030303,0.6954545454545454,0.6201515151515153,0.46893375667623766,-0.09848484848484851,0.09691062351096308,0.5969696969696969,0.5658443801872007,0.0,,0.0,0.0,0,0.40303030303030307,0.5969696969696969,0.40303030303030307
chd49,GSI_MLC_PA_MLP,0.50,4,Operating Point,,0.17121334440937866,0,,1.0,,0.0,207,0.3888888888888889,0.6973684210526316,0.6262740183792815,0.4707940350063638,-0.08625730994152048,0.059006819117552844,0.6111111111111112,0.5298008541239166,0.0,,0.0,0.0,0,0.38888888888888884,0.6111111111111112,0.38888888888888884
chd49,GSI_MLC_PA_MLP,0.50,5,Operating Point,,0.17578076300813664,0,,1.0,,0.0,204,0.35909090909090907,0.6909090909090909,0.6232251082251081,0.48748663240200263,-0.050000000000000044,0.08266628650114727,0.6409090909090909,0.5701529189031499,0.0,,0.0,0.0,0,0.3590909090909091,0.6409090909090909,0.3590909090909091
music,MLC_PA_Logistic,0.20,1,Operating Point,,0.08025642006140722,27,,0.865546218487395,1.4343750000000002,0.19285714285714287,140,0.22156862745098038,0.803921568627451,0.5473389355742296,0.5872624377030783,0.0014005602240896309,0.1650280037303291,0.8053221288515406,0.7522904414334074,0.13445378151260504,0.28125,0.4957983193277311,0.13445378151260504,96,0.22491909385113273,0.7750809061488673,0.22491909385113273
music,MLC_PA_Logistic,0.20,2,Operating Point,,0.09332544192625317,30,,0.8475783475783476,1.3480988349763154,0.2054794520547945,146,0.21709401709401702,0.792022792022792,0.5672364672364673,0.5929062155588762,0.021367521367521403,0.12373340316191372,0.8133903133903134,0.71663961872079,0.15242165242165243,0.2803738317757009,0.5982905982905983,0.15242165242165243,107,0.22016806722689075,0.7798319327731092,0.22016806722689075
music,MLC_PA_Logistic,0.20,3,Operating Point,,0.08068723086453489,39,,0.8177966101694916,1.6592752839372633,0.3023255813953488,129,0.1692090395480226,0.8177966101694916,0.6045197740112994,0.6374012930386663,0.04943502824858759,0.1496603512155068,0.8672316384180792,0.7870616442541731,0.18220338983050846,0.3023255813953488,0.6864406779661016,0.18220338983050846,129,0.1623488773747841,0.8376511226252159,0.1623488773747841
music,MLC_PA_Logistic,0.20,4,Operating Point,,0.08610172993231471,25,,0.8851540616246498,1.5774125132555674,0.18115942028985507,138,0.2078431372549019,0.8067226890756303,0.5789915966386555,0.6138917881455194,0.008403361344537785,0.1566032690234509,0.8151260504201681,0.7704950571689703,0.11484593837535013,0.3048780487804878,0.5210084033613446,0.11484593837535013,82,0.2088607594936709,0.7911392405063291,0.2088607594936709
music,MLC_PA_Logistic,0.20,5,Operating Point,,0.09089608165224691,42,,0.8585434173669467,2.0909217682331613,0.29577464788732394,142,0.18095238095238095,0.8011204481792717,0.5492997198879551,0.6022418624525095,0.04621848739495793,0.17565012143094472,0.8473389355742297,0.7778919838834543,0.14145658263305322,0.4158415841584158,0.5630252100840336,0.14145658263305322,101,0.17781402936378465,0.8221859706362153,0.17781402936378465
music,MLC_PA_Logistic,0.25,1,Operating Point,,0.08025642006140722,23,,0.9033613445378151,1.7,0.16428571428571428,140,0.23564425770308123,0.803921568627451,0.5473389355742296,0.5872624377030783,-0.01540616246498605,0.14581667916005603,0.788515406162465,0.7330791168631343,0.09663865546218488,0.3333333333333333,0.42016806722689076,0.09663865546218488,69,0.23410852713178298,0.765891472868217,0.23410852713178298
music,MLC_PA_Logistic,0.25,2,Operating Point,,0.09332544192625317,26,,0.8703703703703703,1.3737769080234834,0.1780821917808219,146,0.2361111111111111,0.792022792022792,0.5672364672364673,0.5929062155588762,0.004273504273504258,0.10508538451389515,0.7962962962962963,0.6979916000727714,0.12962962962962962,0.2857142857142857,0.5811965811965812,0.12962962962962962,91,0.23404255319148937,0.7659574468085106,0.23404255319148937
music,MLC_PA_Logistic,0.25,3,Operating Point,,0.08068723086453489,39,,0.8234463276836158,1.7123720930232555,0.3023255813953488,129,0.17690677966101695,0.8177966101694916,0.6045197740112994,0.6374012930386663,0.04943502824858759,0.1496603512155068,0.8672316384180792,0.7870616442541731,0.1765536723163842,0.312,0.6694915254237288,0.1765536723163842,125,0.1612349914236707,0.8387650085763293,0.1612349914236707
music,MLC_PA_Logistic,0.25,4,Operating Point,,0.08610172993231471,24,,0.8991596638655462,1.7246376811594202,0.17391304347826086,138,0.211484593837535,0.8067226890756303,0.5789915966386555,0.6138917881455194,0.007002801120448154,0.15394993075367425,0.8137254901960784,0.7678417188991936,0.10084033613445378,0.3333333333333333,0.48739495798319327,0.10084033613445378,72,0.20716510903426788,0.7928348909657321,0.20716510903426788
music,MLC_PA_Logistic,0.25,5,Operating Point,,0.09089608165224691,36,,0.8837535014005602,2.1808925844221956,0.2535211267605634,142,0.19852941176470587,0.8011204481792717,0.5492997198879551,0.6022418624525095,0.02941176470588225,0.1646319217260751,0.830532212885154,0.7668737841785846,0.11624649859943978,0.43373493975903615,0.5126050420168067,0.11624649859943978,83,0.19175911251980982,0.8082408874801902,0.19175911251980982
music,MLC_PA_Logistic,0.30,1,Operating Point,,0.08025642006140722,23,,0.9033613445378151,1.7,0.16428571428571428,140,0.24047619047619054,0.803921568627451,0.5473389355742296,0.5872624377030783,-0.01540616246498605,0.14581667916005603,0.788515406162465,0.7330791168631343,0.09663865546218488,0.3333333333333333,0.42016806722689076,0.09663865546218488,69,0.23410852713178298,0.765891472868217,0.23410852713178298
music,MLC_PA_Logistic,0.30,2,Operating Point,,0.09332544192625317,23,,0.886039886039886,1.38236301369863,0.15753424657534246,146,0.24928774928774933,0.792022792022792,0.5672364672364673,0.5929062155588762,-0.007122507122507171,0.09554453776374594,0.7849002849002849,0.6884507533226222,0.11396011396011396,0.2875,0.5384615384615384,0.11396011396011396,80,0.24276527331189712,0.7572347266881029,0.24276527331189712
music,MLC_PA_Logistic,0.30,3,Operating Point,,0.08068723086453489,34,,0.8573446327683616,1.8475708035919873,0.26356589147286824,129,0.1911016949152543,0.8177966101694916,0.6045197740112994,0.6374012930386663,0.03389830508474567,0.13694407020654287,0.8516949152542372,0.7743453632452092,0.1426553672316384,0.33663366336633666,0.5847457627118644,0.1426553672316384,101,0.17298187808896215,0.8270181219110379,0.17298187808896215
music,MLC_PA_Logistic,0.30,4,Operating Point,,0.08610172993231471,19,,0.9131652661064426,1.585553997194951,0.13768115942028986,138,0.2179271708683474,0.8067226890756303,0.5789915966386555,0.6138917881455194,0.0014005602240896309,0.14680281937785533,0.8081232492997199,0.7606946075233747,0.08683473389355742,0.3064516129032258,0.42016806722689076,0.08683473389355742,62,0.21012269938650308,0.7898773006134969,0.21012269938650308
music,MLC_PA_Logistic,0.30,5,Operating Point,,0.09089608165224691,32,,0.896358543417367,2.174343357441949,0.22535211267605634,142,0.2075630252100841,0.8011204481792717,0.5492997198879551,0.6022418624525095,0.022408963585434094,0.1575808348119746,0.8235294117647058,0.7598226972644841,0.10364145658263306,0.43243243243243246,0.47058823529411764,0.10364145658263306,74,0.19687500000000002,0.803125,0.19687500000000002
music,MLC_PA_Logistic,0.35,1,Operating Point,,0.08025642006140722,21,,0.9131652661064426,1.7274193548387098,0.15,140,0.24467787114845932,0.803921568627451,0.5473389355742296,0.5872624377030783,-0.018207282913165312,0.14263380878968568,0.7857142857142857,0.729896246492764,0.08683473389355742,0.3387096774193548,0.36134453781512604,0.08683473389355742,62,0.23466257668711654,0.7653374233128835,0.23466257668711654
music,MLC_PA_Logistic,0.35,2,Operating Point,,0.09332544192625317,18,,0.9102564102564102,1.3737769080234832,0.1232876712328767,146,0.2636039886039886,0.792022792022792,0.5672364672364673,0.5929062155588762,-0.024216524216524205,0.07767708229346104,0.7678062678062678,0.6705832978523373,0.08974358974358974,0.2857142857142857,0.4700854700854701,0.08974358974358974,63,0.25508607198748046,0.7449139280125195,0.25508607198748046
music,MLC_PA_Logistic,0.35,3,Operating Point,,0.08068723086453489,30,,0.8686440677966102,1.770442610652663,0.23255813953488372,129,0.19992937853107343,0.8177966101694916,0.6045197740112994,0.6374012930386663,0.02824858757062143,0.1268174879280619,0.846045197740113,0.7642187809667282,0.13135593220338984,0.3225806451612903,0.5677966101694916,0.13135593220338984,93,0.1772357723577236,0.8227642276422764,0.1772357723577236
music,MLC_PA_Logistic,0.35,4,Operating Point,,0.08610172993231471,19,,0.9131652661064426,1.585553997194951,0.13768115942028986,138,0.22226890756302514,0.8067226890756303,0.5789915966386555,0.6138917881455194,0.0014005602240896309,0.14680281937785533,0.8081232492997199,0.7606946075233747,0.08683473389355742,0.3064516129032258,0.42016806722689076,0.08683473389355742,62,0.21012269938650308,0.7898773006134969,0.21012269938650308
music,MLC_PA_Logistic,0.35,5,Operating Point,,0.09089608165224691,32,,0.896358543417367,2.174343357441949,0.22535211267605634,142,0.21274509803921565,0.8011204481792717,0.5492997198879551,0.6022418624525095,0.022408963585434094,0.1575808348119746,0.8235294117647058,0.7598226972644841,0.10364145658263306,0.43243243243243246,0.47058823529411764,0.10364145658263306,74,0.19687500000000002,0.803125,0.19687500000000002
music,MLC_PA_Logistic,0.40,1,Operating Point,,0.08025642006140722,21,,0.9131652661064426,1.7274193548387098,0.15,140,0.24901960784313731,0.803921568627451,0.5473389355742296,0.5872624377030783,-0.018207282913165312,0.14263380878968568,0.7857142857142857,0.729896246492764,0.08683473389355742,0.3387096774193548,0.36134453781512604,0.08683473389355742,62,0.23466257668711654,0.7653374233128835,0.23466257668711654
music,MLC_PA_Logistic,0.40,2,Operating Point,,0.09332544192625317,18,,0.9102564102564102,1.3737769080234832,0.1232876712328767,146,0.2680911680911681,0.792022792022792,0.5672364672364673,0.5929062155588762,-0.024216524216524205,0.07767708229346104,0.7678062678062678,0.6705832978523373,0.08974358974358974,0.2857142857142857,0.4700854700854701,0.08974358974358974,63,0.25508607198748046,0.7449139280125195,0.25508607198748046
music,MLC_PA_Logistic,0.40,3,Operating Point,,0.08068723086453489,30,,0.8686440677966102,1.770442610652663,0.23255813953488372,129,0.20649717514124297,0.8177966101694916,0.6045197740112994,0.6374012930386663,0.02824858757062143,0.1268174879280619,0.846045197740113,0.7642187809667282,0.13135593220338984,0.3225806451612903,0.5677966101694916,0.13135593220338984,93,0.1772357723577236,0.8227642276422764,0.1772357723577236
music,MLC_PA_Logistic,0.40,4,Operating Point,,0.08610172993231471,19,,0.9131652661064426,1.585553997194951,0.13768115942028986,138,0.22661064425770314,0.8067226890756303,0.5789915966386555,0.6138917881455194,0.0014005602240896309,0.14680281937785533,0.8081232492997199,0.7606946075233747,0.08683473389355742,0.3064516129032258,0.42016806722689076,0.08683473389355742,62,0.21012269938650308,0.7898773006134969,0.21012269938650308
music,MLC_PA_Logistic,0.40,5,Operating Point,,0.09089608165224691,32,,0.896358543417367,2.174343357441949,0.22535211267605634,142,0.21792717086834737,0.8011204481792717,0.5492997198879551,0.6022418624525095,0.022408963585434094,0.1575808348119746,0.8235294117647058,0.7598226972644841,0.10364145658263306,0.43243243243243246,0.47058823529411764,0.10364145658263306,74,0.19687500000000002,0.803125,0.19687500000000002
music,MLC_PA_Logistic,0.50,1,Operating Point,,0.08025642006140722,0,,1.0,,0.0,140,0.25210084033613445,0.803921568627451,0.5473389355742296,0.5872624377030783,-0.05602240896358546,0.07409349450392066,0.7478991596638656,0.661355932206999,0.0,,0.0,0.0,0,0.25210084033613445,0.7478991596638656,0.25210084033613445
music,MLC_PA_Logistic,0.50,2,Operating Point,,0.09332544192625317,0,,1.0,,0.0,146,0.26495726495726496,0.792022792022792,0.5672364672364673,0.5929062155588762,-0.056980056980056926,0.024731125924830732,0.7350427350427351,0.617637341483707,0.0,,0.0,0.0,0,0.2649572649572649,0.7350427350427351,0.2649572649572649
music,MLC_PA_Logistic,0.50,3,Operating Point,,0.08068723086453489,0,,1.0,,0.0,129,0.20056497175141244,0.8177966101694916,0.6045197740112994,0.6374012930386663,-0.01836158192090398,0.018901561505964448,0.7994350282485876,0.6563028545446308,0.0,,0.0,0.0,0,0.2005649717514124,0.7994350282485876,0.2005649717514124
music,MLC_PA_Logistic,0.50,4,Operating Point,,0.08610172993231471,0,,1.0,,0.0,138,0.22408963585434175,0.8067226890756303,0.5789915966386555,0.6138917881455194,-0.03081232492997199,0.08762573760768066,0.7759103641456583,0.7015175257532,0.0,,0.0,0.0,0,0.22408963585434172,0.7759103641456583,0.22408963585434172
music,MLC_PA_Logistic,0.50,5,Operating Point,,0.09089608165224691,0,,1.0,,0.0,142,0.22829131652661064,0.8011204481792717,0.5492997198879551,0.6022418624525095,-0.02941176470588236,0.02028944551493539,0.7717086834733894,0.6225313079674449,0.0,,0.0,0.0,0,0.2282913165266106,0.7717086834733894,0.2282913165266106
music,GSI_MLC_PA_Logistic,0.20,1,Operating Point,,0.07562115370378956,36,,0.8613445378151261,1.9232323232323232,0.26666666666666666,135,0.18319327731092439,0.8109243697478992,0.5658263305322129,0.5988235481560724,0.03361344537815125,0.17700165301503723,0.8445378151260504,0.7758252011711096,0.13865546218487396,0.36363636363636365,0.5714285714285714,0.13865546218487396,99,0.18048780487804872,0.8195121951219513,0.18048780487804872
music,GSI_MLC_PA_Logistic,0.20,2,Operating Point,,0.09039680605261673,18,,0.9017094017094017,1.2457852706299912,0.12244897959183673,147,0.19629629629629627,0.7905982905982906,0.5663817663817664,0.575747129641721,0.03276353276353283,0.12996589591275765,0.8233618233618234,0.7057130255544787,0.09829059829059829,0.2608695652173913,0.5042735042735043,0.09829059829059829,69,0.19589257503949442,0.8041074249605056,0.19589257503949442
music,GSI_MLC_PA_Logistic,0.20,3,Operating Point,,0.08505085701275869,24,,0.9081920903954802,2.042307692307692,0.1875,128,0.19632768361581918,0.8192090395480226,0.6070621468926553,0.6464004323009634,0.0028248587570621764,0.10820025178880943,0.8220338983050848,0.7546006840897729,0.09180790960451977,0.36923076923076925,0.4661016949152542,0.09180790960451977,65,0.19595645412130636,0.8040435458786936,0.19595645412130636
music,GSI_MLC_PA_Logistic,0.20,4,Operating Point,,0.08530354646212426,22,,0.9033613445378151,1.6496534341524887,0.15942028985507245,138,0.18039215686274507,0.8067226890756303,0.5817927170868348,0.6350273357315611,0.03221288515406162,0.1307543478305242,0.8389355742296919,0.7657816835620853,0.09663865546218488,0.3188405797101449,0.4789915966386555,0.09663865546218488,69,0.17829457364341084,0.8217054263565892,0.17829457364341084
music,GSI_MLC_PA_Logistic,0.20,5,Operating Point,,0.08033136066119297,32,,0.8571428571428571,1.635036496350365,0.23357664233576642,137,0.16442577030812325,0.8081232492997199,0.5641456582633054,0.6180142568337901,0.05602240896358546,0.1550874832939214,0.8641456582633054,0.7731017401277115,0.14285714285714285,0.3137254901960784,0.6218487394957983,0.14285714285714285,102,0.15849673202614378,0.8415032679738562,0.15849673202614378
music,GSI_MLC_PA_Logistic,0.25,1,Operating Point,,0.07562115370378956,36,,0.8613445378151261,1.9232323232323232,0.26666666666666666,135,0.19012605042016806,0.8109243697478992,0.5658263305322129,0.5988235481560724,0.03361344537815125,0.17700165301503723,0.8445378151260504,0.7758252011711096,0.13865546218487396,0.36363636363636365,0.5714285714285714,0.13865546218487396,99,0.18048780487804872,0.8195121951219513,0.18048780487804872
music,GSI_MLC_PA_Logistic,0.25,2,Operating Point,,0.09039680605261673,18,,0.9017094017094017,1.2457852706299912,0.12244897959183673,147,0.2012108262108262,0.7905982905982906,0.5663817663817664,0.575747129641721,0.03276353276353283,0.12996589591275765,0.8233618233618234,0.7057130255544787,0.09829059829059829,0.2608695652173913,0.5042735042735043,0.09829059829059829,69,0.19589257503949442,0.8041074249605056,0.19589257503949442
music,GSI_MLC_PA_Logistic,0.25,3,Operating Point,,0.08505085701275869,24,,0.9081920903954802,2.042307692307692,0.1875,128,0.2009180790960452,0.8192090395480226,0.6070621468926553,0.6464004323009634,0.0028248587570621764,0.10820025178880943,0.8220338983050848,0.7546006840897729,0.09180790960451977,0.36923076923076925,0.4661016949152542,0.09180790960451977,65,0.19595645412130636,0.8040435458786936,0.19595645412130636
music,GSI_MLC_PA_Logistic,0.25,4,Operating Point,,0.08530354646212426,17,,0.9159663865546218,1.4659420289855072,0.12318840579710146,138,0.18907563025210083,0.8067226890756303,0.5817927170868348,0.6350273357315611,0.025210084033613356,0.1224210144971909,0.8319327731092436,0.757448350228752,0.08403361344537816,0.2833333333333333,0.4369747899159664,0.08403361344537816,60,0.1834862385321101,0.8165137614678899,0.1834862385321101
music,GSI_MLC_PA_Logistic,0.25,5,Operating Point,,0.08033136066119297,23,,0.896358543417367,1.6198461234957584,0.1678832116788321,137,0.18837535014005602,0.8081232492997199,0.5641456582633054,0.6180142568337901,0.02941176470588236,0.1293280499099997,0.8375350140056023,0.7473423067437898,0.10364145658263306,0.3108108108108108,0.5210084033613446,0.10364145658263306,74,0.18125000000000002,0.81875,0.18125000000000002
music,GSI_MLC_PA_Logistic,0.30,1,Operating Point,,0.07562115370378956,31,,0.8711484593837535,1.7821256038647344,0.22962962962962963,135,0.19691876750700282,0.8109243697478992,0.5658263305322129,0.5988235481560724,0.03081232492997199,0.17489351809440234,0.8417366946778712,0.7737170662504748,0.12885154061624648,0.33695652173913043,0.5546218487394958,0.12885154061624648,92,0.18167202572347263,0.8183279742765274,0.18167202572347263
music,GSI_MLC_PA_Logistic,0.30,2,Operating Point,,0.09039680605261673,18,,0.9017094017094017,1.2457852706299912,0.12244897959183673,147,0.20612535612535615,0.7905982905982906,0.5663817663817664,0.575747129641721,0.03276353276353283,0.12996589591275765,0.8233618233618234,0.7057130255544787,0.09829059829059829,0.2608695652173913,0.5042735042735043,0.09829059829059829,69,0.19589257503949442,0.8041074249605056,0.19589257503949442
music,GSI_MLC_PA_Logistic,0.30,3,Operating Point,,0.08505085701275869,22,,0.9138418079096046,1.994877049180328,0.171875,128,0.2066384180790961,0.8192090395480226,0.6070621468926553,0.6464004323009634,0.0,0.10508336867192636,0.8192090395480226,0.7514838009728898,0.08615819209039548,0.36065573770491804,0.4491525423728814,0.08615819209039548,61,0.19783616692426587,0.8021638330757341,0.19783616692426587
music,GSI_MLC_PA_Logistic,0.30,4,Operating Point,,0.08530354646212426,11,,0.9369747899159664,1.2647342995169082,0.07971014492753623,138,0.19537815126050428,0.8067226890756303,0.5817927170868348,0.6350273357315611,0.01680672268907557,0.11059214015151231,0.8235294117647058,0.7456194758830734,0.06302521008403361,0.24444444444444444,0.35294117647058826,0.06302521008403361,45,0.18834080717488788,0.8116591928251121,0.18834080717488788
music,GSI_MLC_PA_Logistic,0.30,5,Operating Point,,0.08033136066119297,16,,0.927170868347339,1.6035934868051656,0.11678832116788321,137,0.19831932773109248,0.8081232492997199,0.5641456582633054,0.6180142568337901,0.01540616246498594,0.10946687660055054,0.8235294117647058,0.7274811334343406,0.07282913165266107,0.3076923076923077,0.37815126050420167,0.07282913165266107,52,0.19033232628398788,0.8096676737160121,0.19033232628398788
music,GSI_MLC_PA_Logistic,0.35,1,Operating Point,,0.07562115370378956,18,,0.9327731092436975,1.9833333333333334,0.13333333333333333,135,0.19999999999999998,0.8109243697478992,0.5658263305322129,0.5988235481560724,0.012605042016806678,0.1319241763848854,0.8235294117647058,0.7307477245409578,0.06722689075630252,0.375,0.37815126050420167,0.06722689075630252,48,0.18918918918918926,0.8108108108108107,0.18918918918918926
music,GSI_MLC_PA_Logistic,0.35,2,Operating Point,,0.09039680605261673,16,,0.9259259259259259,1.469387755102041,0.10884353741496598,147,0.2054131054131054,0.7905982905982906,0.5663817663817664,0.575747129641721,0.02991452991452992,0.12384219719873424,0.8205128205128205,0.6995893268404553,0.07407407407407407,0.3076923076923077,0.4188034188034188,0.07407407407407407,52,0.19384615384615378,0.8061538461538462,0.19384615384615378
music,GSI_MLC_PA_Logistic,0.35,3,Operating Point,,0.08505085701275869,14,,0.9392655367231638,1.8008720930232558,0.109375,128,0.2161723163841808,0.8192090395480226,0.6070621468926553,0.6464004323009634,-0.01412429378531077,0.08798935157790932,0.8050847457627118,0.7343897838788728,0.06073446327683616,0.32558139534883723,0.3220338983050847,0.06073446327683616,43,0.2075187969924812,0.7924812030075188,0.2075187969924812
music,GSI_MLC_PA_Logistic,0.35,4,Operating Point,,0.08530354646212426,11,,0.9425770308123249,1.3881230116648993,0.07971014492753623,138,0.20217086834733894,0.8067226890756303,0.5817927170868348,0.6350273357315611,0.011204481792717047,0.10379389453747712,0.8179271708683473,0.7388212302690382,0.05742296918767507,0.2682926829268293,0.3445378151260504,0.05742296918767507,41,0.19316493313521543,0.8068350668647846,0.19316493313521543
music,GSI_MLC_PA_Logistic,0.35,5,Operating Point,,0.08033136066119297,12,,0.9565826330532213,2.0174240640452084,0.08759124087591241,137,0.1972689075630252,0.8081232492997199,0.5641456582633054,0.6180142568337901,0.009803921568627416,0.10004989834269151,0.8179271708683473,0.7180641551764816,0.04341736694677871,0.3870967741935484,0.25210084033613445,0.04341736694677871,31,0.19033674963396785,0.8096632503660322,0.19033674963396785
music,GSI_MLC_PA_Logistic,0.40,1,Operating Point,,0.07562115370378956,18,,0.9355742296918768,2.0695652173913044,0.13333333333333333,135,0.20224089635854342,0.8109243697478992,0.5658263305322129,0.5988235481560724,0.012605042016806678,0.1319241763848854,0.8235294117647058,0.7307477245409578,0.06442577030812324,0.391304347826087,0.36134453781512604,0.06442577030812324,46,0.18862275449101795,0.811377245508982,0.18862275449101795
music,GSI_MLC_PA_Logistic,0.40,2,Operating Point,,0.09039680605261673,16,,0.9259259259259259,1.469387755102041,0.10884353741496598,147,0.2091168091168091,0.7905982905982906,0.5663817663817664,0.575747129641721,0.02991452991452992,0.12384219719873424,0.8205128205128205,0.6995893268404553,0.07407407407407407,0.3076923076923077,0.4188034188034188,0.07407407407407407,52,0.19384615384615378,0.8061538461538462,0.19384615384615378
music,GSI_MLC_PA_Logistic,0.40,3,Operating Point,,0.08505085701275869,10,,0.96045197740113,1.9754464285714284,0.078125,128,0.22344632768361583,0.8192090395480226,0.6070621468926553,0.6464004323009634,-0.026836158192090398,0.07361880598837,0.7923728813559322,0.7200192382893335,0.03954802259887006,0.35714285714285715,0.23728813559322035,0.03954802259887006,28,0.2161764705882353,0.7838235294117647,0.2161764705882353
music,GSI_MLC_PA_Logistic,0.40,4,Operating Point,,0.08530354646212426,10,,0.9453781512605042,1.3266443701226311,0.07246376811594203,138,0.2053221288515407,0.8067226890756303,0.5817927170868348,0.6350273357315611,0.009803921568627416,0.10062291533910073,0.8165266106442577,0.7356502510706618,0.0546218487394958,0.2564102564102564,0.3277310924369748,0.0546218487394958,39,0.19407407407407407,0.8059259259259259,0.19407407407407407
music,GSI_MLC_PA_Logistic,0.40,5,Operating Point,,0.08033136066119297,9,,0.9677871148459384,2.039352586480483,0.06569343065693431,137,0.19915966386554623,0.8081232492997199,0.5641456582633054,0.6180142568337901,0.0056022408963585235,0.09162588991868315,0.8137254901960784,0.7096401467524732,0.03221288515406162,0.391304347826087,0.18487394957983194,0.03221288515406162,23,0.19247467438494936,0.8075253256150506,0.19247467438494936
music,GSI_MLC_PA_Logistic,0.50,1,Operating Point,,0.07562115370378956,0,,1.0,,0.0,135,0.21708683473389356,0.8109243697478992,0.5658263305322129,0.5988235481560724,-0.02801120448179273,0.07683466867861499,0.7829131652661064,0.6756582168346874,0.0,,0.0,0.0,0,0.21708683473389356,0.7829131652661064,0.21708683473389356
music,GSI_MLC_PA_Logistic,0.50,2,Operating Point,,0.09039680605261673,0,,1.0,,0.0,147,0.20797720797720798,0.7905982905982906,0.5663817663817664,0.575747129641721,0.0014245014245014564,0.07811326690082931,0.792022792022792,0.6538603965425503,0.0,,0.0,0.0,0,0.20797720797720798,0.792022792022792,0.20797720797720798
music,GSI_MLC_PA_Logistic,0.50,3,Operating Point,,0.08505085701275869,0,,1.0,,0.0,128,0.2274011299435028,0.8192090395480226,0.6070621468926553,0.6464004323009634,-0.04661016949152541,0.042999851296362634,0.7725988700564972,0.6894002835973261,0.0,,0.0,0.0,0,0.2274011299435028,0.7725988700564972,0.2274011299435028
music,GSI_MLC_PA_Logistic,0.50,4,Operating Point,,0.08530354646212426,0,,1.0,,0.0,138,0.20168067226890757,0.8067226890756303,0.5817927170868348,0.6350273357315611,-0.008403361344537785,0.07237583263996328,0.7983193277310925,0.7074031683715244,0.0,,0.0,0.0,0,0.2016806722689075,0.7983193277310925,0.2016806722689075
music,GSI_MLC_PA_Logistic,0.50,5,Operating Point,,0.08033136066119297,0,,1.0,,0.0,137,0.20028011204481794,0.8081232492997199,0.5641456582633054,0.6180142568337901,-0.008403361344537785,0.06795221320841993,0.7997198879551821,0.68596647004221,0.0,,0.0,0.0,0,0.20028011204481788,0.7997198879551821,0.20028011204481788
music,MLC_PA_SVM,0.20,1,Operating Point,,0.08408797923938977,32,,0.8431372549019608,1.4676258992805757,0.2302158273381295,139,0.21064425770308123,0.8053221288515406,0.5369747899159664,0.5688568681361986,0.01540616246498594,0.1770878964258369,0.8207282913165266,0.7459447645620355,0.1568627450980392,0.2857142857142857,0.5714285714285714,0.1568627450980392,112,0.21262458471760803,0.787375415282392,0.21262458471760803
music,MLC_PA_SVM,0.20,2,Operating Point,,0.09544236218341173,23,,0.8945868945868946,1.4076721883173495,0.14838709677419354,155,0.22336182336182334,0.7792022792022792,0.5236467236467236,0.5549989850491104,0.01851851851851849,0.11885753220186224,0.7977207977207977,0.6738565172509726,0.10541310541310542,0.3108108108108108,0.46153846153846156,0.10541310541310542,74,0.22611464968152872,0.7738853503184713,0.22611464968152872
music,MLC_PA_SVM,0.20,3,Operating Point,,0.08199287443296219,34,,0.8686440677966102,1.8756428237494156,0.2463768115942029,138,0.20988700564971746,0.8050847457627118,0.5499999999999998,0.5643269836731432,0.011299435028248594,0.18626891366506504,0.8163841807909604,0.7505958973382082,0.13135593220338984,0.3655913978494624,0.5423728813559322,0.13135593220338984,93,0.21138211382113825,0.7886178861788617,0.21138211382113825
music,MLC_PA_SVM,0.20,4,Operating Point,,0.08791983193583343,39,,0.8305322128851541,1.6438016528925619,0.2785714285714286,140,0.23557422969187675,0.803921568627451,0.557422969187675,0.5832296582296582,-0.0056022408963585235,0.17884782386353892,0.7983193277310925,0.7620774820931971,0.16946778711484595,0.32231404958677684,0.6134453781512605,0.16946778711484595,121,0.24283305227655982,0.7571669477234402,0.24283305227655982
music,MLC_PA_SVM,0.20,5,Operating Point,,0.0993988837584703,19,,0.9229691876750701,1.7010658307210031,0.1310344827586207,145,0.2170868347338935,0.7969187675070029,0.5173669467787113,0.5606102601764424,0.0014005602240896309,0.15158099063646502,0.7983193277310925,0.7121912508129075,0.07703081232492998,0.34545454545454546,0.3865546218487395,0.07703081232492998,55,0.21851289833080423,0.7814871016691958,0.21851289833080423
music,MLC_PA_SVM,0.25,1,Operating Point,,0.08408797923938977,30,,0.8711484593837535,1.6750078198310918,0.2158273381294964,139,0.21428571428571427,0.8053221288515406,0.5369747899159664,0.5688568681361986,0.012605042016806678,0.17273375999622875,0.8179271708683473,0.7415906281324274,0.12885154061624648,0.32608695652173914,0.5378151260504201,0.12885154061624648,92,0.20900321543408362,0.7909967845659164,0.20900321543408362
music,MLC_PA_SVM,0.25,2,Operating Point,,0.09544236218341173,21,,0.9131054131054132,1.5591750396615547,0.13548387096774195,155,0.23112535612535612,0.7792022792022792,0.5236467236467236,0.5549989850491104,0.011396011396011319,0.11063040659972512,0.7905982905982906,0.6656293916488355,0.0868945868945869,0.3442622950819672,0.41025641025641024,0.0868945868945869,61,0.2293291731669267,0.7706708268330733,0.2293291731669267
music,MLC_PA_SVM,0.25,3,Operating Point,,0.08199287443296219,19,,0.9378531073446328,2.2154150197628457,0.13768115942028986,138,0.23163841807909605,0.8050847457627118,0.5499999999999998,0.5643269836731432,-0.021186440677966045,0.1517719252736246,0.7838983050847458,0.7160989089467678,0.062146892655367235,0.4318181818181818,0.3050847457627119,0.062146892655367235,44,0.23042168674698793,0.7695783132530121,0.23042168674698793
music,MLC_PA_SVM,0.25,4,Operating Point,,0.08791983193583343,13,,0.9523809523809523,1.9500000000000002,0.09285714285714286,140,0.26820728291316526,0.803921568627451,0.557422969187675,0.5832296582296582,-0.06022408963585435,0.1193574165371597,0.7436974789915967,0.7025870747668179,0.047619047619047616,0.38235294117647056,0.2773109243697479,0.047619047619047616,34,0.26911764705882346,0.7308823529411765,0.26911764705882346
music,MLC_PA_SVM,0.25,5,Operating Point,,0.0993988837584703,19,,0.9229691876750701,1.7010658307210031,0.1310344827586207,145,0.22093837535014005,0.7969187675070029,0.5173669467787113,0.5606102601764424,0.0014005602240896309,0.15158099063646502,0.7983193277310925,0.7121912508129075,0.07703081232492998,0.34545454545454546,0.3865546218487395,0.07703081232492998,55,0.21851289833080423,0.7814871016691958,0.21851289833080423
music,MLC_PA_SVM,0.30,1,Operating Point,,0.08408797923938977,22,,0.8977591036414566,1.5480437567754015,0.15827338129496402,139,0.22815126050420173,0.8053221288515406,0.5369747899159664,0.5688568681361986,-0.0028011204481792618,0.16053808617959364,0.8025210084033614,0.7293949543157923,0.10224089635854341,0.3013698630136986,0.4789915966386555,0.10224089635854341,73,0.21996879875195008,0.7800312012480499,0.21996879875195008
music,MLC_PA_SVM,0.30,2,Operating Point,,0.09544236218341173,21,,0.9131054131054132,1.5591750396615547,0.13548387096774195,155,0.2354700854700855,0.7792022792022792,0.5236467236467236,0.5549989850491104,0.011396011396011319,0.11063040659972512,0.7905982905982906,0.6656293916488355,0.0868945868945869,0.3442622950819672,0.41025641025641024,0.0868945868945869,61,0.2293291731669267,0.7706708268330733,0.2293291731669267
music,MLC_PA_SVM,0.30,3,Operating Point,,0.08199287443296219,19,,0.9378531073446328,2.2154150197628457,0.13768115942028986,138,0.23474576271186448,0.8050847457627118,0.5499999999999998,0.5643269836731432,-0.021186440677966045,0.1517719252736246,0.7838983050847458,0.7160989089467678,0.062146892655367235,0.4318181818181818,0.3050847457627119,0.062146892655367235,44,0.23042168674698793,0.7695783132530121,0.23042168674698793
music,MLC_PA_SVM,0.30,4,Operating Point,,0.08791983193583343,13,,0.9523809523809523,1.9500000000000002,0.09285714285714286,140,0.2705882352941177,0.803921568627451,0.557422969187675,0.5832296582296582,-0.06022408963585435,0.1193574165371597,0.7436974789915967,0.7025870747668179,0.047619047619047616,0.38235294117647056,0.2773109243697479,0.047619047619047616,34,0.26911764705882346,0.7308823529411765,0.26911764705882346
music,MLC_PA_SVM,0.30,5,Operating Point,,0.0993988837584703,19,,0.9257703081232493,1.7652569941444374,0.1310344827586207,145,0.2239495798319328,0.7969187675070029,0.5173669467787113,0.5606102601764424,0.0014005602240896309,0.15158099063646502,0.7983193277310925,0.7121912508129075,0.0742296918767507,0.3584905660377358,0.3697478991596639,0.0742296918767507,53,0.21785173978819972,0.7821482602118003,0.21785173978819972
music,MLC_PA_SVM,0.35,1,Operating Point,,0.08408797923938977,19,,0.9285714285714286,1.9136690647482018,0.1366906474820144,139,0.23928571428571427,0.8053221288515406,0.5369747899159664,0.5688568681361986,-0.019607843137254943,0.14451850669355504,0.7857142857142857,0.7133753748297537,0.07142857142857142,0.37254901960784315,0.35294117647058826,0.07142857142857142,51,0.23076923076923084,0.7692307692307692,0.23076923076923084
music,MLC_PA_SVM,0.35,2,Operating Point,,0.09544236218341173,21,,0.9131054131054132,1.5591750396615547,0.13548387096774195,155,0.23981481481481476,0.7792022792022792,0.5236467236467236,0.5549989850491104,0.011396011396011319,0.11063040659972512,0.7905982905982906,0.6656293916488355,0.0868945868945869,0.3442622950819672,0.41025641025641024,0.0868945868945869,61,0.2293291731669267,0.7706708268330733,0.2293291731669267
music,MLC_PA_SVM,0.35,3,Operating Point,,0.08199287443296219,19,,0.9378531073446328,2.2154150197628457,0.13768115942028986,138,0.23785310734463277,0.8050847457627118,0.5499999999999998,0.5643269836731432,-0.021186440677966045,0.1517719252736246,0.7838983050847458,0.7160989089467678,0.062146892655367235,0.4318181818181818,0.3050847457627119,0.062146892655367235,44,0.23042168674698793,0.7695783132530121,0.23042168674698793
music,MLC_PA_SVM,0.35,4,Operating Point,,0.08791983193583343,13,,0.9523809523809523,1.9500000000000002,0.09285714285714286,140,0.27296918767507006,0.803921568627451,0.557422969187675,0.5832296582296582,-0.06022408963585435,0.1193574165371597,0.7436974789915967,0.7025870747668179,0.047619047619047616,0.38235294117647056,0.2773109243697479,0.047619047619047616,34,0.26911764705882346,0.7308823529411765,0.26911764705882346
music,MLC_PA_SVM,0.35,5,Operating Point,,0.0993988837584703,11,,0.9425770308123249,1.3211101766190076,0.07586206896551724,145,0.22738095238095238,0.7969187675070029,0.5173669467787113,0.5606102601764424,-0.004201680672269004,0.14463161055275653,0.7927170868347339,0.705241870729199,0.05742296918767507,0.2682926829268293,0.29411764705882354,0.05742296918767507,41,0.2199108469539376,0.7800891530460624,0.2199108469539376
music,MLC_PA_SVM,0.40,1,Operating Point,,0.08408797923938977,19,,0.9285714285714286,1.9136690647482018,0.1366906474820144,139,0.24285714285714285,0.8053221288515406,0.5369747899159664,0.5688568681361986,-0.019607843137254943,0.14451850669355504,0.7857142857142857,0.7133753748297537,0.07142857142857142,0.37254901960784315,0.35294117647058826,0.07142857142857142,51,0.23076923076923084,0.7692307692307692,0.23076923076923084
music,MLC_PA_SVM,0.40,2,Operating Point,,0.09544236218341173,12,,0.9615384615384616,2.0129032258064514,0.07741935483870968,155,0.23760683760683762,0.7792022792022792,0.5236467236467236,0.5549989850491104,-0.0014245014245014564,0.08357387638530012,0.7777777777777778,0.6385728614344105,0.038461538461538464,0.4444444444444444,0.23076923076923078,0.038461538461538464,27,0.23111111111111104,0.768888888888889,0.23111111111111104
music,MLC_PA_SVM,0.40,3,Operating Point,,0.08199287443296219,16,,0.9449152542372882,2.1047937569676702,0.11594202898550725,138,0.24237288135593218,0.8050847457627118,0.5499999999999998,0.5643269836731432,-0.025423728813559254,0.1425126660143654,0.7796610169491526,0.7068396496875086,0.05508474576271186,0.41025641025641024,0.288135593220339,0.05508474576271186,39,0.23318385650224216,0.7668161434977578,0.23318385650224216
music,MLC_PA_SVM,0.40,4,Operating Point,,0.08791983193583343,4,,0.9901960784313726,2.914285714285714,0.02857142857142857,140,0.27563025210084036,0.803921568627451,0.557422969187675,0.5832296582296582,-0.07563025210084029,0.09706909506814254,0.7282913165266107,0.6802987532978008,0.00980392156862745,0.5714285714285714,0.058823529411764705,0.00980392156862745,7,0.2743988684582743,0.7256011315417257,0.2743988684582743
music,MLC_PA_SVM,0.40,5,Operating Point,,0.0993988837584703,11,,0.9425770308123249,1.3211101766190076,0.07586206896551724,145,0.23025210084033615,0.7969187675070029,0.5173669467787113,0.5606102601764424,-0.004201680672269004,0.14463161055275653,0.7927170868347339,0.705241870729199,0.05742296918767507,0.2682926829268293,0.29411764705882354,0.05742296918767507,41,0.2199108469539376,0.7800891530460624,0.2199108469539376
music,MLC_PA_SVM,0.50,1,Operating Point,,0.08408797923938977,0,,1.0,,0.0,139,0.23249299719887956,0.8053221288515406,0.5369747899159664,0.5688568681361986,-0.037815126050420256,0.1111975792358676,0.7675070028011204,0.6800544473720662,0.0,,0.0,0.0,0,0.23249299719887961,0.7675070028011204,0.23249299719887961
music,MLC_PA_SVM,0.50,2,Operating Point,,0.09544236218341173,0,,1.0,,0.0,155,0.245014245014245,0.7792022792022792,0.5236467236467236,0.5549989850491104,-0.024216524216524205,0.04305543181956517,0.754985754985755,0.5980544168686756,0.0,,0.0,0.0,0,0.24501424501424496,0.754985754985755,0.24501424501424496
music,MLC_PA_SVM,0.50,3,Operating Point,,0.08199287443296219,0,,1.0,,0.0,138,0.2457627118644068,0.8050847457627118,0.5499999999999998,0.5643269836731432,-0.05084745762711862,0.08383759263062274,0.7542372881355932,0.6481645763037659,0.0,,0.0,0.0,0,0.2457627118644068,0.7542372881355932,0.2457627118644068
music,MLC_PA_SVM,0.50,4,Operating Point,,0.08791983193583343,0,,1.0,,0.0,140,0.2773109243697479,0.803921568627451,0.557422969187675,0.5832296582296582,-0.08123249299719892,0.08350977303424423,0.7226890756302521,0.6667394312639024,0.0,,0.0,0.0,0,0.2773109243697479,0.7226890756302521,0.2773109243697479
music,MLC_PA_SVM,0.50,5,Operating Point,,0.0993988837584703,0,,1.0,,0.0,145,0.23669467787114845,0.7969187675070029,0.5173669467787113,0.5606102601764424,-0.03361344537815136,0.10351295504013325,0.7633053221288515,0.6641232152165757,0.0,,0.0,0.0,0,0.2366946778711485,0.7633053221288515,0.2366946778711485
music,GSI_MLC_PA_SVM,0.20,1,Operating Point,,0.08708951255527608,25,,0.8795518207282913,1.4616770389780542,0.176056338028169,142,0.20896358543417357,0.8011204481792717,0.5243697478991597,0.548698575882127,0.014005602240896309,0.21438087122832783,0.8151260504201681,0.7630794471104548,0.12044817927170869,0.29069767441860467,0.5378151260504201,0.12044817927170869,86,0.21019108280254772,0.7898089171974523,0.21019108280254772
music,GSI_MLC_PA_SVM,0.20,2,Operating Point,,0.09649900342075568,32,,0.8433048433048433,1.3435406698564594,0.21052631578947367,152,0.1937321937321937,0.7834757834757835,0.5358974358974359,0.5745863367930731,0.054131054131054124,0.17571159210655063,0.8376068376068376,0.7502979288996238,0.15669515669515668,0.2909090909090909,0.6581196581196581,0.15669515669515668,110,0.19256756756756754,0.8074324324324325,0.19256756756756754
music,GSI_MLC_PA_SVM,0.20,3,Operating Point,,0.08475691233271768,30,,0.8898305084745762,2.0474262579525737,0.22556390977443608,133,0.19435028248587566,0.8121468926553672,0.5971751412429378,0.6365558752297659,0.015536723163841804,0.12074646378540677,0.827683615819209,0.7573023390151726,0.11016949152542373,0.38461538461538464,0.4661016949152542,0.11016949152542373,78,0.19365079365079363,0.8063492063492064,0.19365079365079363
music,GSI_MLC_PA_SVM,0.20,4,Operating Point,,0.0861550347229713,32,,0.8823529411764706,1.929078014184397,0.22695035460992907,141,0.17899159663865544,0.8025210084033614,0.5831932773109243,0.6333095662507428,0.04201680672268904,0.13741431695792294,0.8445378151260504,0.7707238832086657,0.11764705882352941,0.38095238095238093,0.4957983193277311,0.11764705882352941,84,0.17619047619047623,0.8238095238095238,0.17619047619047623
music,GSI_MLC_PA_SVM,0.20,5,Operating Point,,0.09987787540801803,29,,0.8725490196078431,1.527103768714507,0.19463087248322147,149,0.20196078431372544,0.7913165266106442,0.5338935574229691,0.5860515878905677,0.03221288515406162,0.14241470133630818,0.8235294117647058,0.7284662892268758,0.12745098039215685,0.31868131868131866,0.5630252100840336,0.12745098039215685,91,0.202247191011236,0.797752808988764,0.202247191011236
music,GSI_MLC_PA_SVM,0.25,1,Operating Point,,0.08708951255527608,17,,0.9439775910364145,2.136971830985915,0.11971830985915492,142,0.21988795518207283,0.8011204481792717,0.5243697478991597,0.548698575882127,-0.007002801120448154,0.18955093252063804,0.7941176470588236,0.738249508402765,0.056022408963585436,0.425,0.2857142857142857,0.056022408963585436,40,0.21810089020771517,0.7818991097922848,0.21810089020771517
music,GSI_MLC_PA_SVM,0.25,2,Operating Point,,0.09649900342075568,26,,0.886039886039886,1.5009868421052632,0.17105263157894737,152,0.20085470085470086,0.7834757834757835,0.5358974358974359,0.5745863367930731,0.04415954415954415,0.1569134479949268,0.8276353276353277,0.7314997847879999,0.11396011396011396,0.325,0.5641025641025641,0.11396011396011396,80,0.19453376205787776,0.8054662379421222,0.19453376205787776
music,GSI_MLC_PA_SVM,0.25,3,Operating Point,,0.08475691233271768,26,,0.9011299435028248,1.9772287862513425,0.19548872180451127,133,0.20268361581920905,0.8121468926553672,0.5971751412429378,0.6365558752297659,0.009887005649717562,0.1061714515227763,0.8220338983050848,0.7427273267525422,0.09887005649717515,0.37142857142857144,0.4322033898305085,0.09887005649717515,70,0.19749216300940442,0.8025078369905956,0.19749216300940442
music,GSI_MLC_PA_SVM,0.25,4,Operating Point,,0.0861550347229713,29,,0.8935574229691877,1.9322508398656215,0.20567375886524822,141,0.18907563025210083,0.8025210084033614,0.5831932773109243,0.6333095662507428,0.03501400560224088,0.1320086459175771,0.8375350140056023,0.7653182121683199,0.10644257703081232,0.3815789473684211,0.4789915966386555,0.10644257703081232,76,0.18181818181818188,0.8181818181818181,0.18181818181818188
music,GSI_MLC_PA_SVM,0.25,5,Operating Point,,0.09987787540801803,29,,0.8725490196078431,1.527103768714507,0.19463087248322147,149,0.20833333333333334,0.7913165266106442,0.5338935574229691,0.5860515878905677,0.03221288515406162,0.14241470133630818,0.8235294117647058,0.7284662892268758,0.12745098039215685,0.31868131868131866,0.5630252100840336,0.12745098039215685,91,0.202247191011236,0.797752808988764,0.202247191011236
music,GSI_MLC_PA_SVM,0.30,1,Operating Point,,0.08708951255527608,17,,0.9439775910364145,2.136971830985915,0.11971830985915492,142,0.22268907563025214,0.8011204481792717,0.5243697478991597,0.548698575882127,-0.007002801120448154,0.18955093252063804,0.7941176470588236,0.738249508402765,0.056022408963585436,0.425,0.2857142857142857,0.056022408963585436,40,0.21810089020771517,0.7818991097922848,0.21810089020771517
music,GSI_MLC_PA_SVM,0.30,2,Operating Point,,0.09649900342075568,13,,0.9487179487179487,1.667763157894737,0.08552631578947369,152,0.2290598290598291,0.7834757834757835,0.5358974358974359,0.5745863367930731,0.002849002849002802,0.11698896222244004,0.7863247863247863,0.6915752990155132,0.05128205128205128,0.3611111111111111,0.2905982905982906,0.05128205128205128,36,0.22522522522522526,0.7747747747747747,0.22522522522522526
music,GSI_MLC_PA_SVM,0.30,3,Operating Point,,0.08475691233271768,11,,0.96045197740113,2.091299677765843,0.08270676691729323,133,0.21384180790960458,0.8121468926553672,0.5971751412429378,0.6365558752297659,-0.01412429378531077,0.06708103757942108,0.7980225988700564,0.7036369128091869,0.03954802259887006,0.39285714285714285,0.1864406779661017,0.03954802259887006,28,0.21029411764705885,0.7897058823529411,0.21029411764705885
music,GSI_MLC_PA_SVM,0.30,4,Operating Point,,0.0861550347229713,24,,0.9173669467787114,2.0598629642985937,0.1702127659574468,141,0.1914565826330533,0.8025210084033614,0.5831932773109243,0.6333095662507428,0.03081232492997199,0.1227493866583178,0.8333333333333334,0.7560589529090606,0.08263305322128851,0.4067796610169492,0.4117647058823529,0.08263305322128851,59,0.1816793893129771,0.8183206106870229,0.1816793893129771
music,GSI_MLC_PA_SVM,0.30,5,Operating Point,,0.09987787540801803,20,,0.9131652661064426,1.54578913184672,0.1342281879194631,149,0.2277310924369748,0.7913165266106442,0.5338935574229691,0.5860515878905677,0.007002801120448265,0.12098759621658273,0.7983193277310925,0.7070391841071504,0.08683473389355742,0.3225806451612903,0.42016806722689076,0.08683473389355742,62,0.22085889570552153,0.7791411042944785,0.22085889570552153
music,GSI_MLC_PA_SVM,0.35,1,Operating Point,,0.08708951255527608,14,,0.9523809523809523,2.0704225352112675,0.09859154929577464,142,0.22675070028011202,0.8011204481792717,0.5243697478991597,0.548698575882127,-0.011204481792717158,0.18116220190968524,0.7899159663865546,0.7298607777918122,0.047619047619047616,0.4117647058823529,0.2689075630252101,0.047619047619047616,34,0.22058823529411764,0.7794117647058824,0.22058823529411764
music,GSI_MLC_PA_SVM,0.35,2,Operating Point,,0.09649900342075568,8,,0.9572649572649573,1.2315789473684209,0.05263157894736842,152,0.23575498575498577,0.7834757834757835,0.5358974358974359,0.5745863367930731,-0.004273504273504258,0.1052930557896915,0.7792022792022792,0.6798793925827646,0.042735042735042736,0.26666666666666666,0.23931623931623933,0.042735042735042736,30,0.23065476190476186,0.7693452380952381,0.23065476190476186
music,GSI_MLC_PA_SVM,0.35,3,Operating Point,,0.08475691233271768,11,,0.96045197740113,2.091299677765843,0.08270676691729323,133,0.21581920903954804,0.8121468926553672,0.5971751412429378,0.6365558752297659,-0.01412429378531077,0.06708103757942108,0.7980225988700564,0.7036369128091869,0.03954802259887006,0.39285714285714285,0.1864406779661017,0.03954802259887006,28,0.21029411764705885,0.7897058823529411,0.21029411764705885
music,GSI_MLC_PA_SVM,0.35,4,Operating Point,,0.0861550347229713,24,,0.9173669467787114,2.0598629642985937,0.1702127659574468,141,0.19558823529411762,0.8025210084033614,0.5831932773109243,0.6333095662507428,0.03081232492997199,0.1227493866583178,0.8333333333333334,0.7560589529090606,0.08263305322128851,0.4067796610169492,0.4117647058823529,0.08263305322128851,59,0.1816793893129771,0.8183206106870229,0.1816793893129771
music,GSI_MLC_PA_SVM,0.35,5,Operating Point,,0.09987787540801803,15,,0.9299719887955182,1.4375838926174496,0.10067114093959731,149,0.2359943977591036,0.7913165266106442,0.5338935574229691,0.5860515878905677,-0.0028011204481792618,0.1104849705601686,0.788515406162465,0.6965365584507363,0.0700280112044818,0.3,0.33613445378151263,0.0700280112044818,50,0.2274096385542168,0.7725903614457832,0.2274096385542168
music,GSI_MLC_PA_SVM,0.40,1,Operating Point,,0.08708951255527608,14,,0.9523809523809523,2.0704225352112675,0.09859154929577464,142,0.22913165266106444,0.8011204481792717,0.5243697478991597,0.548698575882127,-0.011204481792717158,0.18116220190968524,0.7899159663865546,0.7298607777918122,0.047619047619047616,0.4117647058823529,0.2689075630252101,0.047619047619047616,34,0.22058823529411764,0.7794117647058824,0.22058823529411764
music,GSI_MLC_PA_SVM,0.40,2,Operating Point,,0.09649900342075568,8,,0.9572649572649573,1.2315789473684209,0.05263157894736842,152,0.2378917378917379,0.7834757834757835,0.5358974358974359,0.5745863367930731,-0.004273504273504258,0.1052930557896915,0.7792022792022792,0.6798793925827646,0.042735042735042736,0.26666666666666666,0.23931623931623933,0.042735042735042736,30,0.23065476190476186,0.7693452380952381,0.23065476190476186
music,GSI_MLC_PA_SVM,0.40,3,Operating Point,,0.08475691233271768,11,,0.96045197740113,2.091299677765843,0.08270676691729323,133,0.2177966101694915,0.8121468926553672,0.5971751412429378,0.6365558752297659,-0.01412429378531077,0.06708103757942108,0.7980225988700564,0.7036369128091869,0.03954802259887006,0.39285714285714285,0.1864406779661017,0.03954802259887006,28,0.21029411764705885,0.7897058823529411,0.21029411764705885
music,GSI_MLC_PA_SVM,0.40,4,Operating Point,,0.0861550347229713,24,,0.9173669467787114,2.0598629642985937,0.1702127659574468,141,0.1997198879551821,0.8025210084033614,0.5831932773109243,0.6333095662507428,0.03081232492997199,0.1227493866583178,0.8333333333333334,0.7560589529090606,0.08263305322128851,0.4067796610169492,0.4117647058823529,0.08263305322128851,59,0.1816793893129771,0.8183206106870229,0.1816793893129771
music,GSI_MLC_PA_SVM,0.40,5,Operating Point,,0.09987787540801803,9,,0.9663865546218487,1.7969798657718123,0.06040268456375839,149,0.23753501400560223,0.7913165266106442,0.5338935574229691,0.5860515878905677,-0.01540616246498594,0.09339844829751742,0.7759103641456583,0.6794500361880851,0.03361344537815126,0.375,0.18487394957983194,0.03361344537815126,24,0.23188405797101452,0.7681159420289855,0.23188405797101452
music,GSI_MLC_PA_SVM,0.50,1,Operating Point,,0.08708951255527608,0,,1.0,,0.0,142,0.22969187675070027,0.8011204481792717,0.5243697478991597,0.548698575882127,-0.03081232492997199,0.13683089417419736,0.7703081232492998,0.6855294700563244,0.0,,0.0,0.0,0,0.22969187675070024,0.7703081232492998,0.22969187675070024
music,GSI_MLC_PA_SVM,0.50,2,Operating Point,,0.09649900342075568,0,,1.0,,0.0,152,0.2336182336182336,0.7834757834757835,0.5358974358974359,0.5745863367930731,-0.017094017094017144,0.08186933350840453,0.7663817663817664,0.6564556703014777,0.0,,0.0,0.0,0,0.23361823361823364,0.7663817663817664,0.23361823361823364
music,GSI_MLC_PA_SVM,0.50,3,Operating Point,,0.08475691233271768,0,,1.0,,0.0,133,0.22175141242937854,0.8121468926553672,0.5971751412429378,0.6365558752297659,-0.03389830508474578,0.03484910902341165,0.7782485875706214,0.6714049842531775,0.0,,0.0,0.0,0,0.22175141242937857,0.7782485875706214,0.22175141242937857
music,GSI_MLC_PA_SVM,0.50,4,Operating Point,,0.0861550347229713,0,,1.0,,0.0,141,0.20028011204481794,0.8025210084033614,0.5831932773109243,0.6333095662507428,-0.0028011204481792618,0.06486237418125962,0.7997198879551821,0.6981719404320024,0.0,,0.0,0.0,0,0.20028011204481788,0.7997198879551821,0.20028011204481788
music,GSI_MLC_PA_SVM,0.50,5,Operating Point,,0.09987787540801803,0,,1.0,,0.0,149,0.23669467787114845,0.7913165266106442,0.5338935574229691,0.5860515878905677,-0.02801120448179273,0.06519007715328606,0.7633053221288515,0.6512416650438537,0.0,,0.0,0.0,0,0.2366946778711485,0.7633053221288515,0.2366946778711485
music,MLC_PA_MLP,0.20,1,Operating Point,,0.10006616171771042,40,,0.8487394957983193,1.6323731138545954,0.24691358024691357,162,0.20952380952380947,0.773109243697479,0.4095238095238095,0.4455064529834167,0.04761904761904756,0.3169912300447439,0.8207282913165266,0.7624976830281606,0.15126050420168066,0.37037037037037035,0.5126050420168067,0.15126050420168066,108,0.21122112211221122,0.7887788778877888,0.21122112211221122
music,MLC_PA_MLP,0.20,2,Operating Point,,0.11424546409647302,33,,0.8789173789173789,1.661836441893831,0.20121951219512196,164,0.21794871794871795,0.7663817663817664,0.394017094017094,0.460180420499114,0.03988603988603989,0.23339217997269002,0.8062678062678063,0.693572600471804,0.12108262108262108,0.38823529411764707,0.5042735042735043,0.12108262108262108,85,0.220421393841167,0.779578606158833,0.220421393841167
music,MLC_PA_MLP,0.20,3,Operating Point,,0.1040277935755965,71,,0.78954802259887,1.9729188743671258,0.4152046783625731,171,0.1649717514124294,0.7584745762711864,0.3847457627118644,0.4168552609208518,0.11864406779661019,0.39474991286684513,0.8771186440677966,0.8116051737876969,0.21045197740112995,0.47651006711409394,0.7203389830508474,0.21045197740112995,149,0.15563506261180682,0.8443649373881932,0.15563506261180682
music,MLC_PA_MLP,0.20,4,Operating Point,,0.10005206501799355,31,,0.8809523809523809,1.5781818181818181,0.18787878787878787,165,0.18067226890756302,0.76890756302521,0.41008403361344536,0.4361033787248106,0.07422969187675077,0.33024757390973,0.8431372549019608,0.7663509526345406,0.11904761904761904,0.36470588235294116,0.46218487394957986,0.11904761904761904,85,0.17806041335453093,0.8219395866454691,0.17806041335453093
music,MLC_PA_MLP,0.20,5,Operating Point,,0.09923225796514408,41,,0.8515406162464986,1.7703193033381712,0.26282051282051283,156,0.20056022408963584,0.7815126050420168,0.4114845938375349,0.46787227464917075,0.04761904761904756,0.29408993120267296,0.8291316526610644,0.7619622058518437,0.1484593837535014,0.3867924528301887,0.5546218487394958,0.1484593837535014,106,0.20065789473684215,0.7993421052631579,0.20065789473684215
music,MLC_PA_MLP,0.25,1,Operating Point,,0.10006616171771042,40,,0.8599439775910365,1.7629629629629628,0.24691358024691357,162,0.21428571428571427,0.773109243697479,0.4095238095238095,0.4455064529834167,0.04761904761904756,0.3169912300447439,0.8207282913165266,0.7624976830281606,0.1400560224089636,0.4,0.48739495798319327,0.1400560224089636,100,0.20846905537459282,0.7915309446254072,0.20846905537459282
music,MLC_PA_MLP,0.25,2,Operating Point,,0.11424546409647302,33,,0.8846153846153846,1.7439024390243902,0.20121951219512196,164,0.22257834757834757,0.7663817663817664,0.394017094017094,0.460180420499114,0.03988603988603989,0.23339217997269002,0.8062678062678063,0.693572600471804,0.11538461538461539,0.4074074074074074,0.4700854700854701,0.11538461538461539,81,0.2190016103059581,0.7809983896940419,0.2190016103059581
music,MLC_PA_MLP,0.25,3,Operating Point,,0.1040277935755965,71,,0.78954802259887,1.9729188743671258,0.4152046783625731,171,0.1754943502824859,0.7584745762711864,0.3847457627118644,0.4168552609208518,0.11864406779661019,0.39474991286684513,0.8771186440677966,0.8116051737876969,0.21045197740112995,0.47651006711409394,0.7203389830508474,0.21045197740112995,149,0.15563506261180682,0.8443649373881932,0.15563506261180682
music,MLC_PA_MLP,0.25,4,Operating Point,,0.10005206501799355,29,,0.896358543417367,1.6958230958230958,0.17575757575757575,165,0.1953781512605042,0.76890756302521,0.41008403361344536,0.4361033787248106,0.06162464985994398,0.3217805014138804,0.830532212885154,0.757883880138691,0.10364145658263306,0.3918918918918919,0.42857142857142855,0.10364145658263306,74,0.18906250000000002,0.8109375,0.18906250000000002
music,MLC_PA_MLP,0.25,5,Operating Point,,0.09923225796514408,36,,0.8823529411764706,1.9615384615384617,0.23076923076923078,156,0.22408963585434175,0.7815126050420168,0.4114845938375349,0.46787227464917075,0.023809523809523836,0.27712183123062045,0.8053221288515406,0.7449941058797912,0.11764705882352941,0.42857142857142855,0.5126050420168067,0.11764705882352941,84,0.22063492063492063,0.7793650793650794,0.22063492063492063
music,MLC_PA_MLP,0.30,1,Operating Point,,0.10006616171771042,38,,0.8711484593837535,1.820450885668277,0.2345679012345679,162,0.2207282913165267,0.773109243697479,0.4095238095238095,0.4455064529834167,0.0448179271708683,0.31180830321547565,0.8179271708683473,0.7573147561988923,0.12885154061624648,0.41304347826086957,0.47058823529411764,0.12885154061624648,92,0.20900321543408362,0.7909967845659164,0.20900321543408362
music,MLC_PA_MLP,0.30,2,Operating Point,,0.11424546409647302,27,,0.9088319088319088,1.805830792682927,0.16463414634146342,164,0.23105413105413108,0.7663817663817664,0.394017094017094,0.460180420499114,0.02991452991452992,0.21549793665621964,0.7962962962962963,0.6756783571553336,0.09116809116809117,0.421875,0.42735042735042733,0.09116809116809117,64,0.22413793103448276,0.7758620689655172,0.22413793103448276
music,MLC_PA_MLP,0.30,3,Operating Point,,0.1040277935755965,69,,0.7951977401129944,1.9702359346642466,0.40350877192982454,171,0.18573446327683615,0.7584745762711864,0.3847457627118644,0.4168552609208518,0.11723163841807915,0.39226154328986795,0.8757062146892656,0.8091168042107197,0.20480225988700565,0.47586206896551725,0.711864406779661,0.20480225988700565,145,0.15630550621669625,0.8436944937833037,0.15630550621669625
music,MLC_PA_MLP,0.30,4,Operating Point,,0.10005206501799355,29,,0.896358543417367,1.6958230958230958,0.17575757575757575,165,0.20056022408963595,0.76890756302521,0.41008403361344536,0.4361033787248106,0.06162464985994398,0.3217805014138804,0.830532212885154,0.757883880138691,0.10364145658263306,0.3918918918918919,0.42857142857142855,0.10364145658263306,74,0.18906250000000002,0.8109375,0.18906250000000002
music,MLC_PA_MLP,0.30,5,Operating Point,,0.09923225796514408,33,,0.8893557422969187,1.9118792599805259,0.21153846153846154,156,0.23207282913165272,0.7815126050420168,0.4114845938375349,0.46787227464917075,0.019607843137254943,0.26776510608442167,0.8011204481792717,0.7356373807335924,0.11064425770308123,0.4177215189873418,0.5126050420168067,0.11064425770308123,79,0.2236220472440945,0.7763779527559055,0.2236220472440945
music,MLC_PA_MLP,0.35,1,Operating Point,,0.10006616171771042,37,,0.8851540616246498,1.9887082204155375,0.22839506172839505,162,0.22366946778711475,0.773109243697479,0.4095238095238095,0.4455064529834167,0.04341736694677867,0.30959675742122567,0.8165266106442577,0.7551032104046423,0.11484593837535013,0.45121951219512196,0.453781512605042,0.11484593837535013,82,0.20727848101265822,0.7927215189873418,0.20727848101265822
music,MLC_PA_MLP,0.35,2,Operating Point,,0.11424546409647302,27,,0.9088319088319088,1.805830792682927,0.16463414634146342,164,0.23561253561253562,0.7663817663817664,0.394017094017094,0.460180420499114,0.02991452991452992,0.21549793665621964,0.7962962962962963,0.6756783571553336,0.09116809116809117,0.421875,0.42735042735042733,0.09116809116809117,64,0.22413793103448276,0.7758620689655172,0.22413793103448276
music,MLC_PA_MLP,0.35,3,Operating Point,,0.1040277935755965,47,,0.8516949152542372,1.8532999164578112,0.27485380116959063,171,0.19314971751412424,0.7584745762711864,0.3847457627118644,0.4168552609208518,0.1002824858757062,0.3684101045130561,0.8587570621468926,0.7852653654339079,0.1483050847457627,0.44761904761904764,0.559322033898305,0.1483050847457627,105,0.1658374792703151,0.8341625207296849,0.1658374792703151
music,MLC_PA_MLP,0.35,4,Operating Point,,0.10005206501799355,29,,0.896358543417367,1.6958230958230958,0.17575757575757575,165,0.20574229691876744,0.76890756302521,0.41008403361344536,0.4361033787248106,0.06162464985994398,0.3217805014138804,0.830532212885154,0.757883880138691,0.10364145658263306,0.3918918918918919,0.42857142857142855,0.10364145658263306,74,0.18906250000000002,0.8109375,0.18906250000000002
music,MLC_PA_MLP,0.35,5,Operating Point,,0.09923225796514408,23,,0.9369747899159664,2.3393162393162394,0.14743589743589744,156,0.23494397759103638,0.7815126050420168,0.4114845938375349,0.46787227464917075,0.0056022408963585235,0.24321336348599948,0.7871148459383753,0.7110856381351702,0.06302521008403361,0.5111111111111111,0.36134453781512604,0.06302521008403361,45,0.22720478325859494,0.772795216741405,0.22720478325859494
music,MLC_PA_MLP,0.40,1,Operating Point,,0.10006616171771042,21,,0.9159663865546218,1.5425925925925923,0.12962962962962962,162,0.2282913165266107,0.773109243697479,0.4095238095238095,0.4455064529834167,0.03221288515406162,0.29764586804947896,0.8053221288515406,0.7431523210328956,0.08403361344537816,0.35,0.37815126050420167,0.08403361344537816,60,0.2125382262996942,0.7874617737003058,0.2125382262996942
music,MLC_PA_MLP,0.40,2,Operating Point,,0.11424546409647302,18,,0.9430199430199431,1.926219512195122,0.10975609756097561,164,0.24074074074074073,0.7663817663817664,0.394017094017094,0.460180420499114,0.015669515669515688,0.2020049594091694,0.782051282051282,0.6621853799082834,0.05698005698005698,0.45,0.3076923076923077,0.05698005698005698,40,0.23111782477341392,0.7688821752265861,0.23111782477341392
music,MLC_PA_MLP,0.40,3,Operating Point,,0.1040277935755965,47,,0.8516949152542372,1.8532999164578112,0.27485380116959063,171,0.20056497175141247,0.7584745762711864,0.3847457627118644,0.4168552609208518,0.1002824858757062,0.3684101045130561,0.8587570621468926,0.7852653654339079,0.1483050847457627,0.44761904761904764,0.559322033898305,0.1483050847457627,105,0.1658374792703151,0.8341625207296849,0.1658374792703151
music,MLC_PA_MLP,0.40,4,Operating Point,,0.10005206501799355,20,,0.9285714285714286,1.696969696969697,0.12121212121212122,165,0.21204481792717092,0.76890756302521,0.41008403361344536,0.4361033787248106,0.04761904761904767,0.30269548751179326,0.8165266106442577,0.7387988662366038,0.07142857142857142,0.39215686274509803,0.2857142857142857,0.07142857142857142,51,0.19758672699849167,0.8024132730015083,0.19758672699849167
music,MLC_PA_MLP,0.40,5,Operating Point,,0.09923225796514408,6,,0.9761904761904762,1.6153846153846156,0.038461538461538464,156,0.23781512605042016,0.7815126050420168,0.4114845938375349,0.46787227464917075,-0.009803921568627416,0.22258836348599947,0.7717086834733894,0.6904606381351702,0.023809523809523808,0.35294117647058826,0.14285714285714285,0.023809523809523808,17,0.2338593974175036,0.7661406025824964,0.2338593974175036
music,MLC_PA_MLP,0.50,1,Operating Point,,0.10006616171771042,0,,1.0,,0.0,162,0.22268907563025211,0.773109243697479,0.4095238095238095,0.4455064529834167,0.004201680672268893,0.22758587144962078,0.7773109243697479,0.6730923244330375,0.0,,0.0,0.0,0,0.2226890756302521,0.7773109243697479,0.2226890756302521
music,MLC_PA_MLP,0.50,2,Operating Point,,0.11424546409647302,0,,1.0,,0.0,164,0.24216524216524216,0.7663817663817664,0.394017094017094,0.460180420499114,-0.008547008547008517,0.1611248206134538,0.7578347578347578,0.6213052411125678,0.0,,0.0,0.0,0,0.24216524216524216,0.7578347578347578,0.24216524216524216
music,MLC_PA_MLP,0.50,3,Operating Point,,0.1040277935755965,0,,1.0,,0.0,171,0.2132768361581921,0.7584745762711864,0.3847457627118644,0.4168552609208518,0.02824858757062154,0.2513336209525626,0.786723163841808,0.6681888818734144,0.0,,0.0,0.0,0,0.21327683615819204,0.786723163841808,0.21327683615819204
music,MLC_PA_MLP,0.50,4,Operating Point,,0.10005206501799355,0,,1.0,,0.0,165,0.20868347338935575,0.76890756302521,0.41008403361344536,0.4361033787248106,0.022408963585434205,0.2521767463403733,0.7913165266106442,0.6882801250651839,0.0,,0.0,0.0,0,0.20868347338935578,0.7913165266106442,0.20868347338935578
music,MLC_PA_MLP,0.50,5,Operating Point,,0.09923225796514408,0,,1.0,,0.0,156,0.23949579831932774,0.7815126050420168,0.4114845938375349,0.46787227464917075,-0.021008403361344574,0.1948379974089534,0.7605042016806722,0.6627102720581242,0.0,,0.0,0.0,0,0.23949579831932777,0.7605042016806722,0.23949579831932777
music,GSI_MLC_PA_MLP,0.20,1,Operating Point,,0.10796654884119798,53,,0.8095238095238095,1.6762048192771084,0.3192771084337349,166,0.20476190476190478,0.7675070028011204,0.4352941176470588,0.4861925931944013,0.06582633053221298,0.28501550759171285,0.8333333333333334,0.7712081007861141,0.19047619047619047,0.3897058823529412,0.5882352941176471,0.19047619047619047,136,0.2058823529411764,0.7941176470588236,0.2058823529411764
music,GSI_MLC_PA_MLP,0.20,2,Operating Point,,0.11508460466514607,40,,0.8603988603988604,1.695447409733124,0.23668639053254437,169,0.22592592592592592,0.7592592592592593,0.41111111111111115,0.4932027984916434,0.042735042735042694,0.18883893959606401,0.801994301994302,0.6820417380877074,0.1396011396011396,0.40816326530612246,0.5042735042735043,0.1396011396011396,98,0.23013245033112584,0.7698675496688742,0.23013245033112584
music,GSI_MLC_PA_MLP,0.20,3,Operating Point,,0.11610129938337833,15,,0.9350282485875706,1.399209486166008,0.09090909090909091,165,0.25593220338983047,0.7669491525423728,0.489184826472962,0.5492746618387048,-0.00988700564971745,0.12771928042498892,0.7570621468926554,0.6769939422636937,0.06497175141242938,0.32608695652173914,0.3728813559322034,0.06497175141242938,46,0.25981873111782483,0.7401812688821752,0.25981873111782483
music,GSI_MLC_PA_MLP,0.20,4,Operating Point,,0.12272338177166725,40,,0.8585434173669467,1.8726640876008132,0.26490066225165565,151,0.20896358543417357,0.788515406162465,0.5238095238095237,0.571993009413337,0.03081232492997199,0.1805669162170479,0.819327731092437,0.7525599256303849,0.14145658263305322,0.39603960396039606,0.5714285714285714,0.14145658263305322,101,0.21044045676998369,0.7895595432300163,0.21044045676998369
music,GSI_MLC_PA_MLP,0.20,5,Operating Point,,0.09919263370239637,13,,0.9355742296918768,1.2533081285444236,0.08074534161490683,161,0.2215686274509804,0.7745098039215687,0.42156862745098034,0.5005051838407172,0.01680672268907557,0.20029390979882378,0.7913165266106442,0.700799093639541,0.06442577030812324,0.2826086956521739,0.29411764705882354,0.06442577030812324,46,0.22305389221556893,0.7769461077844311,0.22305389221556893
music,GSI_MLC_PA_MLP,0.25,1,Operating Point,,0.10796654884119798,53,,0.8095238095238095,1.6762048192771084,0.3192771084337349,166,0.21428571428571427,0.7675070028011204,0.4352941176470588,0.4861925931944013,0.06582633053221298,0.28501550759171285,0.8333333333333334,0.7712081007861141,0.19047619047619047,0.3897058823529412,0.5882352941176471,0.19047619047619047,136,0.2058823529411764,0.7941176470588236,0.2058823529411764
music,GSI_MLC_PA_MLP,0.25,2,Operating Point,,0.11508460466514607,37,,0.8945868945868946,2.076923076923077,0.21893491124260356,169,0.25427350427350426,0.7592592592592593,0.41111111111111115,0.4932027984916434,0.012820512820512775,0.16446113961569775,0.7720797720797721,0.6576639381073411,0.10541310541310542,0.5,0.4358974358974359,0.10541310541310542,74,0.2547770700636942,0.7452229299363058,0.2547770700636942
music,GSI_MLC_PA_MLP,0.25,3,Operating Point,,0.11610129938337833,15,,0.9350282485875706,1.399209486166008,0.09090909090909091,165,0.259180790960452,0.7669491525423728,0.489184826472962,0.5492746618387048,-0.00988700564971745,0.12771928042498892,0.7570621468926554,0.6769939422636937,0.06497175141242938,0.32608695652173914,0.3728813559322034,0.06497175141242938,46,0.25981873111782483,0.7401812688821752,0.25981873111782483
music,GSI_MLC_PA_MLP,0.25,4,Operating Point,,0.12272338177166725,40,,0.8599439775910365,1.8913907284768212,0.26490066225165565,151,0.21568627450980393,0.788515406162465,0.5238095238095237,0.571993009413337,0.03081232492997199,0.1805669162170479,0.819327731092437,0.7525599256303849,0.1400560224089636,0.4,0.5714285714285714,0.1400560224089636,100,0.21009771986970682,0.7899022801302932,0.21009771986970682
music,GSI_MLC_PA_MLP,0.25,5,Operating Point,,0.09919263370239637,10,,0.9481792717086834,1.198589894242068,0.062111801242236024,161,0.22724089635854341,0.7745098039215687,0.42156862745098034,0.5005051838407172,0.011204481792717047,0.18987724313215715,0.7857142857142857,0.6903824269728743,0.05182072829131653,0.2702702702702703,0.2857142857142857,0.05182072829131653,37,0.22599704579025115,0.7740029542097489,0.22599704579025115
music,GSI_MLC_PA_MLP,0.30,1,Operating Point,,0.10796654884119798,32,,0.8837535014005602,1.6582958339381624,0.1927710843373494,166,0.23795518207282923,0.7675070028011204,0.4352941176470588,0.4861925931944013,0.02941176470588247,0.24540193117937154,0.7969187675070029,0.7315945243737728,0.11624649859943978,0.3855421686746988,0.5294117647058824,0.11624649859943978,83,0.22979397781299526,0.7702060221870047,0.22979397781299526
music,GSI_MLC_PA_MLP,0.30,2,Operating Point,,0.11508460466514607,37,,0.8945868945868946,2.076923076923077,0.21893491124260356,169,0.25954415954415955,0.7592592592592593,0.41111111111111115,0.4932027984916434,0.012820512820512775,0.16446113961569775,0.7720797720797721,0.6576639381073411,0.10541310541310542,0.5,0.4358974358974359,0.10541310541310542,74,0.2547770700636942,0.7452229299363058,0.2547770700636942
music,GSI_MLC_PA_MLP,0.30,3,Operating Point,,0.11610129938337833,15,,0.9350282485875706,1.399209486166008,0.09090909090909091,165,0.2624293785310735,0.7669491525423728,0.489184826472962,0.5492746618387048,-0.00988700564971745,0.12771928042498892,0.7570621468926554,0.6769939422636937,0.06497175141242938,0.32608695652173914,0.3728813559322034,0.06497175141242938,46,0.25981873111782483,0.7401812688821752,0.25981873111782483
music,GSI_MLC_PA_MLP,0.30,4,Operating Point,,0.12272338177166725,19,,0.9481792717086834,2.4281367460175405,0.12582781456953643,151,0.23683473389355744,0.788515406162465,0.5238095238095237,0.571993009413337,-0.009803921568627416,0.13513171290598736,0.7787114845938375,0.7071247223193243,0.05182072829131653,0.5135135135135135,0.31092436974789917,0.05182072829131653,37,0.23338257016248154,0.7666174298375185,0.23338257016248154
music,GSI_MLC_PA_MLP,0.30,5,Operating Point,,0.09919263370239637,10,,0.9481792717086834,1.198589894242068,0.062111801242236024,161,0.22983193277310923,0.7745098039215687,0.42156862745098034,0.5005051838407172,0.011204481792717047,0.18987724313215715,0.7857142857142857,0.6903824269728743,0.05182072829131653,0.2702702702702703,0.2857142857142857,0.05182072829131653,37,0.22599704579025115,0.7740029542097489,0.22599704579025115
music,GSI_MLC_PA_MLP,0.35,1,Operating Point,,0.10796654884119798,19,,0.9285714285714286,1.6024096385542168,0.1144578313253012,166,0.24908963585434174,0.7675070028011204,0.4352941176470588,0.4861925931944013,0.008403361344537896,0.2156095665339201,0.7759103641456583,0.7018021597283214,0.07142857142857142,0.37254901960784315,0.4117647058823529,0.07142857142857142,51,0.2413273001508296,0.7586726998491704,0.2413273001508296
music,GSI_MLC_PA_MLP,0.35,2,Operating Point,,0.11508460466514607,19,,0.9344729344729344,1.7157190635451507,0.11242603550295859,169,0.2608262108262108,0.7592592592592593,0.41111111111111115,0.4932027984916434,0.002849002849002802,0.1563026314571896,0.7621082621082621,0.649505429948833,0.06552706552706553,0.41304347826086957,0.36752136752136755,0.06552706552706553,46,0.2545731707317074,0.7454268292682926,0.2545731707317074
music,GSI_MLC_PA_MLP,0.35,3,Operating Point,,0.11610129938337833,15,,0.9350282485875706,1.399209486166008,0.09090909090909091,165,0.2656779661016949,0.7669491525423728,0.489184826472962,0.5492746618387048,-0.00988700564971745,0.12771928042498892,0.7570621468926554,0.6769939422636937,0.06497175141242938,0.32608695652173914,0.3728813559322034,0.06497175141242938,46,0.25981873111782483,0.7401812688821752,0.25981873111782483
music,GSI_MLC_PA_MLP,0.35,4,Operating Point,,0.12272338177166725,19,,0.9481792717086834,2.4281367460175405,0.12582781456953643,151,0.23942577030812323,0.788515406162465,0.5238095238095237,0.571993009413337,-0.009803921568627416,0.13513171290598736,0.7787114845938375,0.7071247223193243,0.05182072829131653,0.5135135135135135,0.31092436974789917,0.05182072829131653,37,0.23338257016248154,0.7666174298375185,0.23338257016248154
music,GSI_MLC_PA_MLP,0.35,5,Operating Point,,0.09919263370239637,5,,0.9803921568627451,1.5838509316770186,0.031055900621118012,161,0.22955182072829133,0.7745098039215687,0.42156862745098034,0.5005051838407172,0.0028011204481792618,0.17923894525981665,0.7773109243697479,0.6797441291005338,0.0196078431372549,0.35714285714285715,0.11764705882352941,0.0196078431372549,14,0.2271428571428571,0.7728571428571429,0.2271428571428571
music,GSI_MLC_PA_MLP,0.40,1,Operating Point,,0.10796654884119798,19,,0.9327731092436975,1.7025602409638554,0.1144578313253012,166,0.25098039215686274,0.7675070028011204,0.4352941176470588,0.4861925931944013,0.008403361344537896,0.2156095665339201,0.7759103641456583,0.7018021597283214,0.06722689075630252,0.3958333333333333,0.40336134453781514,0.06722689075630252,48,0.24024024024024027,0.7597597597597597,0.24024024024024027
music,GSI_MLC_PA_MLP,0.40,2,Operating Point,,0.11508460466514607,9,,0.9786324786324786,2.4923076923076923,0.05325443786982249,169,0.2720797720797721,0.7592592592592593,0.41111111111111115,0.4932027984916434,-0.02279202279202286,0.13315448330904145,0.7364672364672364,0.6263572818006848,0.021367521367521368,0.6,0.11965811965811966,0.021367521367521368,15,0.26928675400291113,0.7307132459970889,0.26928675400291113
music,GSI_MLC_PA_MLP,0.40,3,Operating Point,,0.11610129938337833,12,,0.9533898305084746,1.5603305785123966,0.07272727272727272,165,0.26581920903954803,0.7669491525423728,0.489184826472962,0.5492746618387048,-0.01412429378531066,0.11834653348915614,0.7528248587570622,0.6676211953278609,0.046610169491525424,0.36363636363636365,0.2796610169491525,0.046610169491525424,33,0.2592592592592593,0.7407407407407407,0.2592592592592593
music,GSI_MLC_PA_MLP,0.40,4,Operating Point,,0.12272338177166725,19,,0.9481792717086834,2.4281367460175405,0.12582781456953643,151,0.2420168067226891,0.788515406162465,0.5238095238095237,0.571993009413337,-0.009803921568627416,0.13513171290598736,0.7787114845938375,0.7071247223193243,0.05182072829131653,0.5135135135135135,0.31092436974789917,0.05182072829131653,37,0.23338257016248154,0.7666174298375185,0.23338257016248154
music,GSI_MLC_PA_MLP,0.40,5,Operating Point,,0.09919263370239637,5,,0.9803921568627451,1.5838509316770186,0.031055900621118012,161,0.23053221288515405,0.7745098039215687,0.42156862745098034,0.5005051838407172,0.0028011204481792618,0.17923894525981665,0.7773109243697479,0.6797441291005338,0.0196078431372549,0.35714285714285715,0.11764705882352941,0.0196078431372549,14,0.2271428571428571,0.7728571428571429,0.2271428571428571
music,GSI_MLC_PA_MLP,0.50,1,Operating Point,,0.10796654884119798,0,,1.0,,0.0,166,0.2535014005602241,0.7675070028011204,0.4352941176470588,0.4861925931944013,-0.021008403361344463,0.13695144353780336,0.7464985994397759,0.6231440367322046,0.0,,0.0,0.0,0,0.2535014005602241,0.7464985994397759,0.2535014005602241
music,GSI_MLC_PA_MLP,0.50,2,Operating Point,,0.11508460466514607,0,,1.0,,0.0,169,0.27635327635327633,0.7592592592592593,0.41111111111111115,0.4932027984916434,-0.035612535612535634,0.09806676401079584,0.7236467236467237,0.5912695625024392,0.0,,0.0,0.0,0,0.27635327635327633,0.7236467236467237,0.27635327635327633
music,GSI_MLC_PA_MLP,0.50,3,Operating Point,,0.11610129938337833,0,,1.0,,0.0,165,0.268361581920904,0.7669491525423728,0.489184826472962,0.5492746618387048,-0.035310734463276816,0.08136656430579714,0.731638418079096,0.6306412261445019,0.0,,0.0,0.0,0,0.268361581920904,0.731638418079096,0.268361581920904
music,GSI_MLC_PA_MLP,0.50,4,Operating Point,,0.12272338177166725,0,,1.0,,0.0,151,0.24649859943977592,0.788515406162465,0.5238095238095237,0.571993009413337,-0.03501400560224088,0.08922217129182786,0.7535014005602241,0.6612151807051648,0.0,,0.0,0.0,0,0.24649859943977592,0.7535014005602241,0.24649859943977592
music,GSI_MLC_PA_MLP,0.50,5,Operating Point,,0.09919263370239637,0,,1.0,,0.0,161,0.22969187675070027,0.7745098039215687,0.42156862745098034,0.5005051838407172,-0.004201680672268893,0.16753482032542832,0.7703081232492998,0.6680400041661455,0.0,,0.0,0.0,0,0.22969187675070024,0.7703081232492998,0.22969187675070024
emotions,MLC_PA_Logistic,0.20,1,Operating Point,,0.09918327797138865,28,,0.8510928961748634,1.3625847626645393,0.2028985507246377,138,0.23469945355191255,0.8114754098360656,0.5685792349726776,0.6111172188011763,-0.016393442622950838,0.12170359722079782,0.7950819672131147,0.7328208160219741,0.1489071038251366,0.25688073394495414,0.5819672131147541,0.1489071038251366,109,0.2407704654895666,0.7592295345104334,0.2407704654895666
emotions,MLC_PA_Logistic,0.20,2,Operating Point,,0.08176419246389666,43,,0.8179271708683473,1.6287533156498673,0.296551724137931,145,0.20308123249299712,0.7969187675070029,0.5142857142857142,0.5903093203093203,0.036414565826330514,0.1888289773096079,0.8333333333333334,0.7791382976189282,0.18207282913165265,0.33076923076923076,0.6722689075630253,0.18207282913165265,130,0.20376712328767121,0.7962328767123288,0.20376712328767121
emotions,MLC_PA_Logistic,0.20,3,Operating Point,,0.09321133655128853,30,,0.8468834688346883,1.2805830296720457,0.19607843137254902,153,0.2311653116531165,0.7926829268292683,0.5363143631436316,0.5742504226103112,0.006775067750677488,0.17208180084386315,0.7994579945799458,0.7463322234541744,0.15311653116531165,0.26548672566371684,0.5691056910569106,0.15311653116531165,113,0.2368,0.7632,0.2368
emotions,MLC_PA_Logistic,0.20,4,Operating Point,,0.08396164582477526,33,,0.8736111111111111,1.8006820765441456,0.22758620689655173,145,0.19749999999999998,0.7986111111111112,0.5438888888888889,0.6032960188532944,0.029166666666666563,0.17227768326157777,0.8277777777777777,0.7755737021148722,0.12638888888888888,0.3626373626373626,0.525,0.12638888888888888,91,0.19713831478537358,0.8028616852146264,0.19713831478537358
emotions,MLC_PA_Logistic,0.20,5,Operating Point,,0.08933963791229649,26,,0.8853211009174312,1.6794074074074072,0.1925925925925926,135,0.18654434250764526,0.7935779816513762,0.5642201834862385,0.6069701813350067,0.042813455657492394,0.160971697610929,0.8363914373088686,0.7679418789459357,0.11467889908256881,0.3466666666666667,0.5045871559633027,0.11467889908256881,75,0.18480138169257343,0.8151986183074266,0.18480138169257343
emotions,MLC_PA_Logistic,0.25,1,Operating Point,,0.09918327797138865,27,,0.8715846994535519,1.5235892691951896,0.1956521739130435,138,0.2383879781420765,0.8114754098360656,0.5685792349726776,0.6111172188011763,-0.01775956284153002,0.11948293335918025,0.7937158469945356,0.7306001521603566,0.1284153005464481,0.2872340425531915,0.5327868852459017,0.1284153005464481,94,0.23667711598746077,0.7633228840125392,0.23667711598746077
emotions,MLC_PA_Logistic,0.25,2,Operating Point,,0.08176419246389666,43,,0.8179271708683473,1.6287533156498673,0.296551724137931,145,0.21218487394957983,0.7969187675070029,0.5142857142857142,0.5903093203093203,0.036414565826330514,0.1888289773096079,0.8333333333333334,0.7791382976189282,0.18207282913165265,0.33076923076923076,0.6722689075630253,0.18207282913165265,130,0.20376712328767121,0.7962328767123288,0.20376712328767121
emotions,MLC_PA_Logistic,0.25,3,Operating Point,,0.09321133655128853,30,,0.8468834688346883,1.2805830296720457,0.19607843137254902,153,0.23882113821138212,0.7926829268292683,0.5363143631436316,0.5742504226103112,0.006775067750677488,0.17208180084386315,0.7994579945799458,0.7463322234541744,0.15311653116531165,0.26548672566371684,0.5691056910569106,0.15311653116531165,113,0.2368,0.7632,0.2368
emotions,MLC_PA_Logistic,0.25,4,Operating Point,,0.08396164582477526,29,,0.8972222222222223,1.945945945945946,0.2,145,0.20347222222222222,0.7986111111111112,0.5438888888888889,0.6032960188532944,0.023611111111111027,0.16592847691237145,0.8222222222222222,0.7692244957656659,0.10277777777777777,0.3918918918918919,0.475,0.10277777777777777,74,0.19814241486068118,0.8018575851393188,0.19814241486068118
emotions,MLC_PA_Logistic,0.25,5,Operating Point,,0.08933963791229649,18,,0.9128440366972477,1.5298245614035086,0.13333333333333333,135,0.19762996941896024,0.7935779816513762,0.5642201834862385,0.6069701813350067,0.030581039755351647,0.1483849467424715,0.8241590214067278,0.7553551280774782,0.0871559633027523,0.3157894736842105,0.42201834862385323,0.0871559633027523,57,0.19262981574539362,0.8073701842546064,0.19262981574539362
emotions,MLC_PA_Logistic,0.30,1,Operating Point,,0.09918327797138865,9,,0.9617486338797814,1.7049689440993787,0.06521739130434782,138,0.269672131147541,0.8114754098360656,0.5685792349726776,0.6111172188011763,-0.069672131147541,0.07108078130697282,0.7418032786885246,0.6821980001081491,0.03825136612021858,0.32142857142857145,0.21311475409836064,0.03825136612021858,28,0.26846590909090917,0.7315340909090908,0.26846590909090917
emotions,MLC_PA_Logistic,0.30,2,Operating Point,,0.08176419246389666,40,,0.8361344537815126,1.6834659593280283,0.27586206896551724,145,0.22002801120448182,0.7969187675070029,0.5142857142857142,0.5903093203093203,0.03221288515406151,0.18142156990220049,0.8291316526610644,0.7717308902115207,0.1638655462184874,0.3418803418803419,0.6218487394957983,0.1638655462184874,117,0.2043551088777219,0.7956448911222781,0.2043551088777219
emotions,MLC_PA_Logistic,0.30,3,Operating Point,,0.09321133655128853,21,,0.8956639566395664,1.3155080213903745,0.13725490196078433,153,0.2562330623306233,0.7926829268292683,0.5363143631436316,0.5742504226103112,-0.017615176151761558,0.1458818145582046,0.7750677506775068,0.7201322371685158,0.1043360433604336,0.2727272727272727,0.43089430894308944,0.1043360433604336,77,0.25113464447806355,0.7488653555219364,0.25113464447806355
emotions,MLC_PA_Logistic,0.30,4,Operating Point,,0.08396164582477526,9,,0.9680555555555556,1.9430284857571216,0.06206896551724138,145,0.22486111111111112,0.7986111111111112,0.5438888888888889,0.6032960188532944,-0.01388888888888895,0.11520514465244514,0.7847222222222222,0.7185011635057396,0.03194444444444444,0.391304347826087,0.18333333333333332,0.03194444444444444,23,0.22238163558106172,0.7776183644189383,0.22238163558106172
emotions,MLC_PA_Logistic,0.30,5,Operating Point,,0.08933963791229649,17,,0.9235474006116208,1.647111111111111,0.1259259259259259,135,0.20030581039755355,0.7935779816513762,0.5642201834862385,0.6069701813350067,0.02905198776758411,0.14565083874520557,0.8226299694189603,0.7526210200802123,0.0764525993883792,0.34,0.3944954128440367,0.0764525993883792,50,0.1920529801324503,0.8079470198675497,0.1920529801324503
emotions,MLC_PA_Logistic,0.35,1,Operating Point,,0.09918327797138865,3,,0.9890710382513661,1.9891304347826086,0.021739130434782608,138,0.2743169398907104,0.8114754098360656,0.5685792349726776,0.6111172188011763,-0.08196721311475408,0.04874674175895022,0.7295081967213115,0.6598639605601265,0.01092896174863388,0.375,0.05737704918032787,0.01092896174863388,8,0.27348066298342544,0.7265193370165746,0.27348066298342544
emotions,MLC_PA_Logistic,0.35,2,Operating Point,,0.08176419246389666,35,,0.8501400560224089,1.6106993232355786,0.2413793103448276,145,0.23032212885154055,0.7969187675070029,0.5142857142857142,0.5903093203093203,0.025210084033613356,0.17294953511437616,0.8221288515406162,0.7632588554236964,0.14985994397759103,0.32710280373831774,0.6050420168067226,0.14985994397759103,107,0.20922570016474462,0.7907742998352554,0.20922570016474462
emotions,MLC_PA_Logistic,0.35,3,Operating Point,,0.09321133655128853,19,,0.9200542005420054,1.5533399800598204,0.12418300653594772,153,0.25562330623306234,0.7926829268292683,0.5363143631436316,0.5742504226103112,-0.020325203252032575,0.14072538637634113,0.7723577235772358,0.7149758089866524,0.07994579945799458,0.3220338983050847,0.3333333333333333,0.07994579945799458,59,0.24742268041237114,0.7525773195876289,0.24742268041237114
emotions,MLC_PA_Logistic,0.35,4,Operating Point,,0.08396164582477526,9,,0.9680555555555556,1.9430284857571216,0.06206896551724138,145,0.22645833333333332,0.7986111111111112,0.5438888888888889,0.6032960188532944,-0.01388888888888895,0.11520514465244514,0.7847222222222222,0.7185011635057396,0.03194444444444444,0.391304347826087,0.18333333333333332,0.03194444444444444,23,0.22238163558106172,0.7776183644189383,0.22238163558106172
emotions,MLC_PA_Logistic,0.35,5,Operating Point,,0.08933963791229649,15,,0.9311926605504587,1.6148148148148147,0.1111111111111111,135,0.20451070336391433,0.7935779816513762,0.5642201834862385,0.6069701813350067,0.025993883792048922,0.13996093831846312,0.8195718654434251,0.7469311196534698,0.06880733944954129,0.3333333333333333,0.3944954128440367,0.06880733944954129,45,0.19376026272577995,0.80623973727422,0.19376026272577995
emotions,MLC_PA_Logistic,0.40,1,Operating Point,,0.09918327797138865,3,,0.9890710382513661,1.9891304347826086,0.021739130434782608,138,0.2748633879781421,0.8114754098360656,0.5685792349726776,0.6111172188011763,-0.08196721311475408,0.04874674175895022,0.7295081967213115,0.6598639605601265,0.01092896174863388,0.375,0.05737704918032787,0.01092896174863388,8,0.27348066298342544,0.7265193370165746,0.27348066298342544
emotions,MLC_PA_Logistic,0.40,2,Operating Point,,0.08176419246389666,14,,0.9201680672268907,1.209437386569873,0.09655172413793103,145,0.24761904761904763,0.7969187675070029,0.5142857142857142,0.5903093203093203,-0.012605042016806789,0.13198711634296867,0.7843137254901961,0.7222964366522889,0.07983193277310924,0.24561403508771928,0.35294117647058826,0.07983193277310924,57,0.2343987823439878,0.7656012176560122,0.2343987823439878
emotions,MLC_PA_Logistic,0.40,3,Operating Point,,0.09321133655128853,10,,0.964769647696477,1.8552036199095026,0.06535947712418301,153,0.27560975609756094,0.7926829268292683,0.5363143631436316,0.5742504226103112,-0.05420054200542013,0.10091095624201085,0.7384823848238482,0.6751613788523221,0.03523035230352303,0.38461538461538464,0.2032520325203252,0.03523035230352303,26,0.2710674157303371,0.7289325842696629,0.2710674157303371
emotions,MLC_PA_Logistic,0.40,4,Operating Point,,0.08396164582477526,6,,0.9805555555555555,2.12807881773399,0.041379310344827586,145,0.23000000000000004,0.7986111111111112,0.5438888888888889,0.6032960188532944,-0.02083333333333337,0.1036138215857123,0.7777777777777778,0.7069098404390067,0.019444444444444445,0.42857142857142855,0.10833333333333334,0.019444444444444445,14,0.22662889518413598,0.773371104815864,0.22662889518413598
emotions,MLC_PA_Logistic,0.40,5,Operating Point,,0.08933963791229649,11,,0.9495412844036697,1.614814814814815,0.08148148148148149,135,0.2067278287461774,0.7935779816513762,0.5642201834862385,0.6069701813350067,0.019877675840978548,0.12770603635767885,0.8134556574923547,0.7346762176926855,0.05045871559633028,0.3333333333333333,0.30275229357798167,0.05045871559633028,33,0.19645732689210949,0.8035426731078905,0.19645732689210949
emotions,MLC_PA_Logistic,0.50,1,Operating Point,,0.09918327797138865,0,,1.0,,0.0,138,0.27459016393442626,0.8114754098360656,0.5685792349726776,0.6111172188011763,-0.08606557377049184,0.040333814943245505,0.7254098360655737,0.6514510337444218,0.0,,0.0,0.0,0,0.27459016393442626,0.7254098360655737,0.27459016393442626
emotions,MLC_PA_Logistic,0.50,2,Operating Point,,0.08176419246389666,0,,1.0,,0.0,145,0.23249299719887956,0.7969187675070029,0.5142857142857142,0.5903093203093203,-0.02941176470588247,0.09468306789345049,0.7675070028011204,0.6849923882027708,0.0,,0.0,0.0,0,0.23249299719887961,0.7675070028011204,0.23249299719887961
emotions,MLC_PA_Logistic,0.50,3,Operating Point,,0.09321133655128853,0,,1.0,,0.0,153,0.2791327913279133,0.7926829268292683,0.5363143631436316,0.5742504226103112,-0.07181571815718168,0.04512468824644056,0.7208672086720866,0.6193751108567518,0.0,,0.0,0.0,0,0.27913279132791335,0.7208672086720866,0.27913279132791335
emotions,MLC_PA_Logistic,0.50,4,Operating Point,,0.08396164582477526,0,,1.0,,0.0,145,0.22916666666666666,0.7986111111111112,0.5438888888888889,0.6032960188532944,-0.02777777777777779,0.09038584394394134,0.7708333333333334,0.6936818627972358,0.0,,0.0,0.0,0,0.22916666666666663,0.7708333333333334,0.22916666666666663
emotions,MLC_PA_Logistic,0.50,5,Operating Point,,0.08933963791229649,0,,1.0,,0.0,135,0.21253822629969418,0.7935779816513762,0.5642201834862385,0.6069701813350067,-0.006116207951070374,0.08739394953013835,0.7874617737003058,0.694364130865145,0.0,,0.0,0.0,0,0.2125382262996942,0.7874617737003058,0.2125382262996942
emotions,GSI_MLC_PA_Logistic,0.20,1,Operating Point,,0.09608266430200602,37,,0.8756830601092896,2.1567128523650263,0.26811594202898553,138,0.19289617486338798,0.8114754098360656,0.5792349726775957,0.6153536499861503,0.020491803278688492,0.10408237861852732,0.8319672131147541,0.7194360286046776,0.12431693989071038,0.4065934065934066,0.5737704918032787,0.12431693989071038,91,0.19188767550702024,0.8081123244929798,0.19188767550702024
emotions,GSI_MLC_PA_Logistic,0.20,2,Operating Point,,0.07663624198944315,39,,0.8529411764705882,1.8808510638297873,0.2765957446808511,141,0.17366946778711484,0.8025210084033614,0.5408963585434173,0.6224993720049496,0.053221288515406195,0.16183562709979415,0.8557422969187676,0.7843349991047438,0.14705882352941177,0.37142857142857144,0.5630252100840336,0.14705882352941177,105,0.1691297208538588,0.8308702791461412,0.1691297208538588
emotions,GSI_MLC_PA_Logistic,0.20,3,Operating Point,,0.08991536651079719,13,,0.9376693766937669,1.4188110026619343,0.08843537414965986,147,0.2333333333333333,0.8008130081300813,0.5501355013550135,0.5917863307351957,-0.02168021680216803,0.06963943134867434,0.7791327913279132,0.66142576208387,0.06233062330623306,0.2826086956521739,0.3333333333333333,0.06233062330623306,46,0.23554913294797686,0.7644508670520231,0.23554913294797686
emotions,GSI_MLC_PA_Logistic,0.20,4,Operating Point,,0.07783548146445565,26,,0.8819444444444444,1.5619524405506884,0.18439716312056736,141,0.1736111111111111,0.8041666666666667,0.5619444444444445,0.6242204177172072,0.04583333333333328,0.15861400744177945,0.85,0.7828344251589866,0.11805555555555555,0.3058823529411765,0.48333333333333334,0.11805555555555555,85,0.17007874015748037,0.8299212598425196,0.17007874015748037
emotions,GSI_MLC_PA_Logistic,0.20,5,Operating Point,,0.09104820467887574,23,,0.8868501529051988,1.451930501930502,0.16428571428571428,140,0.21529051987767578,0.7859327217125383,0.5415902140672783,0.59469664215069,0.021406727828746197,0.14499831336839042,0.8073394495412844,0.7396949555190804,0.11314984709480122,0.3108108108108108,0.5229357798165137,0.11314984709480122,74,0.21724137931034482,0.7827586206896552,0.21724137931034482
emotions,GSI_MLC_PA_Logistic,0.25,1,Operating Point,,0.09608266430200602,37,,0.8756830601092896,2.1567128523650263,0.26811594202898553,138,0.1991120218579235,0.8114754098360656,0.5792349726775957,0.6153536499861503,0.020491803278688492,0.10408237861852732,0.8319672131147541,0.7194360286046776,0.12431693989071038,0.4065934065934066,0.5737704918032787,0.12431693989071038,91,0.19188767550702024,0.8081123244929798,0.19188767550702024
emotions,GSI_MLC_PA_Logistic,0.25,2,Operating Point,,0.07663624198944315,33,,0.8669467787114846,1.7590145576707727,0.23404255319148937,141,0.18872549019607843,0.8025210084033614,0.5408963585434173,0.6224993720049496,0.04201680672268904,0.14816847664019084,0.8445378151260504,0.7706678486451405,0.1330532212885154,0.3473684210526316,0.5630252100840336,0.1330532212885154,95,0.17932148626817446,0.8206785137318255,0.17932148626817446
emotions,GSI_MLC_PA_Logistic,0.25,3,Operating Point,,0.08991536651079719,13,,0.94579945799458,1.6316326530612244,0.08843537414965986,147,0.24254742547425473,0.8008130081300813,0.5501355013550135,0.5917863307351957,-0.02981029810298097,0.06463492729502618,0.7710027100271003,0.6564212580302219,0.05420054200542006,0.325,0.3008130081300813,0.05420054200542006,40,0.2421203438395415,0.7578796561604585,0.2421203438395415
emotions,GSI_MLC_PA_Logistic,0.25,4,Operating Point,,0.07783548146445565,25,,0.8902777777777777,1.6159439806086724,0.1773049645390071,141,0.184375,0.8041666666666667,0.5619444444444445,0.6242204177172072,0.03888888888888886,0.1514362870857645,0.8430555555555556,0.7756567048029717,0.10972222222222222,0.31645569620253167,0.4666666666666667,0.10972222222222222,79,0.17628705148205925,0.8237129485179407,0.17628705148205925
emotions,GSI_MLC_PA_Logistic,0.25,5,Operating Point,,0.09104820467887574,14,,0.9373088685015291,1.5951219512195125,0.1,140,0.2312691131498471,0.7859327217125383,0.5415902140672783,0.59469664215069,-0.001529051987767649,0.11821239316288112,0.7844036697247706,0.7129090353135711,0.06269113149847094,0.34146341463414637,0.3119266055045872,0.06269113149847094,41,0.23001631321370308,0.7699836867862969,0.23001631321370308
emotions,GSI_MLC_PA_Logistic,0.30,1,Operating Point,,0.09608266430200602,20,,0.9344262295081968,2.210144927536232,0.14492753623188406,138,0.21639344262295088,0.8114754098360656,0.5792349726775957,0.6153536499861503,-0.008196721311475419,0.06921820819681901,0.8032786885245902,0.6845718581829693,0.06557377049180328,0.4166666666666667,0.38524590163934425,0.06557377049180328,48,0.21052631578947367,0.7894736842105263,0.21052631578947367
emotions,GSI_MLC_PA_Logistic,0.30,2,Operating Point,,0.07663624198944315,33,,0.8669467787114846,1.7590145576707727,0.23404255319148937,141,0.19537815126050423,0.8025210084033614,0.5408963585434173,0.6224993720049496,0.04201680672268904,0.14816847664019084,0.8445378151260504,0.7706678486451405,0.1330532212885154,0.3473684210526316,0.5630252100840336,0.1330532212885154,95,0.17932148626817446,0.8206785137318255,0.17932148626817446
emotions,GSI_MLC_PA_Logistic,0.30,3,Operating Point,,0.08991536651079719,8,,0.9728997289972899,2.008163265306122,0.05442176870748299,147,0.24390243902439024,0.8008130081300813,0.5501355013550135,0.5917863307351957,-0.03658536585365857,0.049231970322042407,0.7642276422764227,0.6410183010572381,0.02710027100271003,0.4,0.15447154471544716,0.02710027100271003,20,0.24233983286908078,0.7576601671309192,0.24233983286908078
emotions,GSI_MLC_PA_Logistic,0.30,4,Operating Point,,0.07783548146445565,10,,0.9458333333333333,1.309328968903437,0.07092198581560284,141,0.20236111111111113,0.8041666666666667,0.5619444444444445,0.6242204177172072,0.009722222222222188,0.11236177461587338,0.8138888888888889,0.7365821923330805,0.05416666666666667,0.2564102564102564,0.2916666666666667,0.05416666666666667,39,0.19676945668135093,0.8032305433186491,0.19676945668135093
emotions,GSI_MLC_PA_Logistic,0.30,5,Operating Point,,0.09104820467887574,8,,0.9556574923547401,1.288669950738916,0.05714285714285714,140,0.24113149847094803,0.7859327217125383,0.5415902140672783,0.59469664215069,-0.013761467889908285,0.10255329933667134,0.77217125382263,0.6972499414873613,0.04434250764525994,0.27586206896551724,0.22018348623853212,0.04434250764525994,29,0.23839999999999995,0.7616,0.23839999999999995
emotions,GSI_MLC_PA_Logistic,0.35,1,Operating Point,,0.09608266430200602,20,,0.9344262295081968,2.210144927536232,0.14492753623188406,138,0.21967213114754097,0.8114754098360656,0.5792349726775957,0.6153536499861503,-0.008196721311475419,0.06921820819681901,0.8032786885245902,0.6845718581829693,0.06557377049180328,0.4166666666666667,0.38524590163934425,0.06557377049180328,48,0.21052631578947367,0.7894736842105263,0.21052631578947367
emotions,GSI_MLC_PA_Logistic,0.35,2,Operating Point,,0.07663624198944315,31,,0.8711484593837535,1.7062904717853842,0.2198581560283688,141,0.20196078431372544,0.8025210084033614,0.5408963585434173,0.6224993720049496,0.040616246498599407,0.1471306256023398,0.8431372549019608,0.7696299976072895,0.12885154061624648,0.33695652173913043,0.5630252100840336,0.12885154061624648,92,0.180064308681672,0.819935691318328,0.180064308681672
emotions,GSI_MLC_PA_Logistic,0.35,3,Operating Point,,0.08991536651079719,8,,0.9728997289972899,2.008163265306122,0.05442176870748299,147,0.24525745257452575,0.8008130081300813,0.5501355013550135,0.5917863307351957,-0.03658536585365857,0.049231970322042407,0.7642276422764227,0.6410183010572381,0.02710027100271003,0.4,0.15447154471544716,0.02710027100271003,20,0.24233983286908078,0.7576601671309192,0.24233983286908078
emotions,GSI_MLC_PA_Logistic,0.35,4,Operating Point,,0.07783548146445565,10,,0.9458333333333333,1.309328968903437,0.07092198581560284,141,0.20506944444444442,0.8041666666666667,0.5619444444444445,0.6242204177172072,0.009722222222222188,0.11236177461587338,0.8138888888888889,0.7365821923330805,0.05416666666666667,0.2564102564102564,0.2916666666666667,0.05416666666666667,39,0.19676945668135093,0.8032305433186491,0.19676945668135093
emotions,GSI_MLC_PA_Logistic,0.35,5,Operating Point,,0.09104820467887574,8,,0.9571865443425076,1.3346938775510204,0.05714285714285714,140,0.24434250764525994,0.7859327217125383,0.5415902140672783,0.59469664215069,-0.015290519877675823,0.10061428999417188,0.7706422018348624,0.6953109321448618,0.04281345565749235,0.2857142857142857,0.21100917431192662,0.04281345565749235,28,0.23961661341853036,0.7603833865814696,0.23961661341853036
emotions,GSI_MLC_PA_Logistic,0.40,1,Operating Point,,0.09608266430200602,20,,0.9344262295081968,2.210144927536232,0.14492753623188406,138,0.22295081967213112,0.8114754098360656,0.5792349726775957,0.6153536499861503,-0.008196721311475419,0.06921820819681901,0.8032786885245902,0.6845718581829693,0.06557377049180328,0.4166666666666667,0.38524590163934425,0.06557377049180328,48,0.21052631578947367,0.7894736842105263,0.21052631578947367
emotions,GSI_MLC_PA_Logistic,0.40,2,Operating Point,,0.07663624198944315,25,,0.8921568627450981,1.644100580270793,0.1773049645390071,141,0.2140056022408964,0.8025210084033614,0.5408963585434173,0.6224993720049496,0.026610644257702987,0.12853698124804647,0.8291316526610644,0.7510363532529961,0.10784313725490197,0.3246753246753247,0.5294117647058824,0.10784313725490197,77,0.1915227629513344,0.8084772370486656,0.1915227629513344
emotions,GSI_MLC_PA_Logistic,0.40,3,Operating Point,,0.08991536651079719,8,,0.9728997289972899,2.008163265306122,0.05442176870748299,147,0.24661246612466126,0.8008130081300813,0.5501355013550135,0.5917863307351957,-0.03658536585365857,0.049231970322042407,0.7642276422764227,0.6410183010572381,0.02710027100271003,0.4,0.15447154471544716,0.02710027100271003,20,0.24233983286908078,0.7576601671309192,0.24233983286908078
emotions,GSI_MLC_PA_Logistic,0.40,4,Operating Point,,0.07783548146445565,10,,0.9458333333333333,1.309328968903437,0.07092198581560284,141,0.20777777777777778,0.8041666666666667,0.5619444444444445,0.6242204177172072,0.009722222222222188,0.11236177461587338,0.8138888888888889,0.7365821923330805,0.05416666666666667,0.2564102564102564,0.2916666666666667,0.05416666666666667,39,0.19676945668135093,0.8032305433186491,0.19676945668135093
emotions,GSI_MLC_PA_Logistic,0.40,5,Operating Point,,0.09104820467887574,1,,0.9892966360856269,0.6673469387755102,0.007142857142857143,140,0.2504587155963303,0.7859327217125383,0.5415902140672783,0.59469664215069,-0.032110091743119296,0.07386601569235696,0.753822629969419,0.6685626578430469,0.010703363914373088,0.14285714285714285,0.06422018348623854,0.010703363914373088,7,0.24884080370942807,0.7511591962905719,0.24884080370942807
emotions,GSI_MLC_PA_Logistic,0.50,1,Operating Point,,0.09608266430200602,0,,1.0,,0.0,138,0.22814207650273224,0.8114754098360656,0.5792349726775957,0.6153536499861503,-0.0396174863387978,0.022725332152709776,0.7718579234972678,0.63807898213886,0.0,,0.0,0.0,0,0.22814207650273222,0.7718579234972678,0.22814207650273222
emotions,GSI_MLC_PA_Logistic,0.50,2,Operating Point,,0.07663624198944315,0,,1.0,,0.0,141,0.22268907563025211,0.8025210084033614,0.5408963585434173,0.6224993720049496,-0.025210084033613467,0.06171834202582127,0.7773109243697479,0.6842177140307709,0.0,,0.0,0.0,0,0.2226890756302521,0.7773109243697479,0.2226890756302521
emotions,GSI_MLC_PA_Logistic,0.50,3,Operating Point,,0.08991536651079719,0,,1.0,,0.0,147,0.24796747967479674,0.8008130081300813,0.5501355013550135,0.5917863307351957,-0.04878048780487798,0.028372423246678213,0.7520325203252033,0.6201587539818739,0.0,,0.0,0.0,0,0.2479674796747967,0.7520325203252033,0.2479674796747967
emotions,GSI_MLC_PA_Logistic,0.50,4,Operating Point,,0.07783548146445565,0,,1.0,,0.0,141,0.20277777777777778,0.8041666666666667,0.5619444444444445,0.6242204177172072,-0.00694444444444442,0.0849652919562327,0.7972222222222223,0.7091857096734399,0.0,,0.0,0.0,0,0.20277777777777772,0.7972222222222223,0.20277777777777772
emotions,GSI_MLC_PA_Logistic,0.50,5,Operating Point,,0.09104820467887574,0,,1.0,,0.0,140,0.24770642201834864,0.7859327217125383,0.5415902140672783,0.59469664215069,-0.033639143730886945,0.07060495452542592,0.7522935779816513,0.6653015966761159,0.0,,0.0,0.0,0,0.2477064220183487,0.7522935779816513,0.2477064220183487
emotions,MLC_PA_SVM,0.20,1,Operating Point,,0.09869910183307241,34,,0.8210382513661202,1.3767009624958513,0.2463768115942029,138,0.20109289617486342,0.8114754098360656,0.5890710382513661,0.597602612390748,0.023224043715846965,0.16105945739804162,0.8346994535519126,0.7586620697887896,0.17896174863387979,0.2595419847328244,0.6311475409836066,0.17896174863387979,131,0.2013311148086523,0.7986688851913477,0.2013311148086523
emotions,MLC_PA_SVM,0.20,2,Operating Point,,0.08167872796655715,39,,0.8557422969187675,1.826685909210181,0.2635135135135135,148,0.18851540616246493,0.7927170868347339,0.5131652661064425,0.5472967449301249,0.04761904761904767,0.2352429376095575,0.8403361344537815,0.7825396825396824,0.14425770308123248,0.3786407766990291,0.5966386554621849,0.14425770308123248,103,0.1865793780687398,0.8134206219312602,0.1865793780687398
emotions,MLC_PA_SVM,0.20,3,Operating Point,,0.09667829602159318,22,,0.8902439024390244,1.3543543543543544,0.14864864864864866,148,0.2563685636856368,0.7994579945799458,0.5628726287262873,0.5754488038510298,-0.03387533875338755,0.1031636170983814,0.7655826558265583,0.6786124209494112,0.10975609756097561,0.2716049382716049,0.5609756097560976,0.10975609756097561,81,0.26331811263318117,0.7366818873668188,0.26331811263318117
emotions,MLC_PA_SVM,0.20,4,Operating Point,,0.08864818952113279,23,,0.9097222222222222,1.7214137214137213,0.1554054054054054,148,0.23749999999999996,0.7944444444444445,0.5433333333333333,0.5779402789841044,-0.01388888888888895,0.15724013038525508,0.7805555555555556,0.7351804093693595,0.09027777777777778,0.35384615384615387,0.4,0.09027777777777778,65,0.24122137404580157,0.7587786259541984,0.24122137404580157
emotions,MLC_PA_SVM,0.20,5,Operating Point,,0.0954592700204653,28,,0.8837920489296636,1.6968124536693845,0.19718309859154928,142,0.18990825688073396,0.7828746177370031,0.5324159021406728,0.5648692244675182,0.050458715596330306,0.2109947897381499,0.8333333333333334,0.7758640142056681,0.1162079510703364,0.3684210526315789,0.5412844036697247,0.1162079510703364,76,0.18858131487889274,0.8114186851211073,0.18858131487889274
emotions,MLC_PA_SVM,0.25,1,Operating Point,,0.09869910183307241,25,,0.8688524590163934,1.3813405797101448,0.18115942028985507,138,0.21994535519125682,0.8114754098360656,0.5890710382513661,0.597602612390748,0.001366120218579181,0.14158507660772213,0.8128415300546448,0.7391876889984701,0.13114754098360656,0.2604166666666667,0.5327868852459017,0.13114754098360656,96,0.21540880503144655,0.7845911949685535,0.21540880503144655
emotions,MLC_PA_SVM,0.25,2,Operating Point,,0.08167872796655715,39,,0.8557422969187675,1.826685909210181,0.2635135135135135,148,0.1957282913165266,0.7927170868347339,0.5131652661064425,0.5472967449301249,0.04761904761904767,0.2352429376095575,0.8403361344537815,0.7825396825396824,0.14425770308123248,0.3786407766990291,0.5966386554621849,0.14425770308123248,103,0.1865793780687398,0.8134206219312602,0.1865793780687398
emotions,MLC_PA_SVM,0.25,3,Operating Point,,0.09667829602159318,22,,0.8902439024390244,1.3543543543543544,0.14864864864864866,148,0.26185636856368566,0.7994579945799458,0.5628726287262873,0.5754488038510298,-0.03387533875338755,0.1031636170983814,0.7655826558265583,0.6786124209494112,0.10975609756097561,0.2716049382716049,0.5609756097560976,0.10975609756097561,81,0.26331811263318117,0.7366818873668188,0.26331811263318117
emotions,MLC_PA_SVM,0.25,4,Operating Point,,0.08864818952113279,12,,0.9583333333333334,1.945945945945946,0.08108108108108109,148,0.25069444444444444,0.7944444444444445,0.5433333333333333,0.5779402789841044,-0.03472222222222232,0.1338891721511678,0.7597222222222222,0.7118294511352722,0.041666666666666664,0.4,0.225,0.041666666666666664,30,0.2507246376811594,0.7492753623188406,0.2507246376811594
emotions,MLC_PA_SVM,0.25,5,Operating Point,,0.0954592700204653,25,,0.8975535168195719,1.7185200756779482,0.176056338028169,142,0.19686544342507645,0.7828746177370031,0.5324159021406728,0.5648692244675182,0.04587155963302758,0.20315028300267823,0.8287461773700306,0.7680195074701964,0.10244648318042814,0.373134328358209,0.45871559633027525,0.10244648318042814,67,0.19080068143100515,0.8091993185689949,0.19080068143100515
emotions,MLC_PA_SVM,0.30,1,Operating Point,,0.09869910183307241,25,,0.8688524590163934,1.3813405797101448,0.18115942028985507,138,0.22650273224043713,0.8114754098360656,0.5890710382513661,0.597602612390748,0.001366120218579181,0.14158507660772213,0.8128415300546448,0.7391876889984701,0.13114754098360656,0.2604166666666667,0.5327868852459017,0.13114754098360656,96,0.21540880503144655,0.7845911949685535,0.21540880503144655
emotions,MLC_PA_SVM,0.30,2,Operating Point,,0.08167872796655715,28,,0.8949579831932774,1.8010810810810811,0.1891891891891892,148,0.20658263305322128,0.7927170868347339,0.5131652661064425,0.5472967449301249,0.03221288515406162,0.22213061133933654,0.8249299719887955,0.7694273562694615,0.10504201680672269,0.37333333333333335,0.48739495798319327,0.10504201680672269,75,0.19561815336463217,0.8043818466353678,0.19561815336463217
emotions,MLC_PA_SVM,0.30,3,Operating Point,,0.09667829602159318,13,,0.9295392953929539,1.2466216216216217,0.08783783783783784,148,0.2704607046070461,0.7994579945799458,0.5628726287262873,0.5754488038510298,-0.04878048780487809,0.08169166446455367,0.7506775067750677,0.6571404683155835,0.07046070460704607,0.25,0.3902439024390244,0.07046070460704607,52,0.2682215743440233,0.7317784256559767,0.2682215743440233
emotions,MLC_PA_SVM,0.30,4,Operating Point,,0.08864818952113279,12,,0.9597222222222223,2.0130475302889095,0.08108108108108109,148,0.25236111111111115,0.7944444444444445,0.5433333333333333,0.5779402789841044,-0.03472222222222232,0.1338891721511678,0.7597222222222222,0.7118294511352722,0.04027777777777778,0.41379310344827586,0.21666666666666667,0.04027777777777778,29,0.2503617945007236,0.7496382054992764,0.2503617945007236
emotions,MLC_PA_SVM,0.30,5,Operating Point,,0.0954592700204653,25,,0.8975535168195719,1.7185200756779482,0.176056338028169,142,0.2019877675840979,0.7828746177370031,0.5324159021406728,0.5648692244675182,0.04587155963302758,0.20315028300267823,0.8287461773700306,0.7680195074701964,0.10244648318042814,0.373134328358209,0.45871559633027525,0.10244648318042814,67,0.19080068143100515,0.8091993185689949,0.19080068143100515
emotions,MLC_PA_SVM,0.35,1,Operating Point,,0.09869910183307241,21,,0.8934426229508197,1.42809364548495,0.15217391304347827,138,0.2435792349726776,0.8114754098360656,0.5890710382513661,0.597602612390748,-0.01775956284153002,0.12217529249205561,0.7937158469945356,0.7197779048828036,0.10655737704918032,0.2692307692307692,0.45901639344262296,0.10655737704918032,78,0.23088685015290522,0.7691131498470948,0.23088685015290522
emotions,MLC_PA_SVM,0.35,2,Operating Point,,0.08167872796655715,16,,0.9523809523809523,2.2702702702702706,0.10810810810810811,148,0.22254901960784315,0.7927170868347339,0.5131652661064425,0.5472967449301249,0.001400560224089742,0.17552784842941227,0.7941176470588236,0.7228245933595372,0.047619047619047616,0.47058823529411764,0.2857142857142857,0.047619047619047616,34,0.2161764705882353,0.7838235294117647,0.2161764705882353
emotions,MLC_PA_SVM,0.35,3,Operating Point,,0.09667829602159318,6,,0.9728997289972899,1.4959459459459459,0.04054054054054054,148,0.29403794037940384,0.7994579945799458,0.5628726287262873,0.5754488038510298,-0.0840108401084011,0.043568497309128484,0.7154471544715447,0.6190173011601583,0.02710027100271003,0.3,0.16260162601626016,0.02710027100271003,20,0.2924791086350975,0.7075208913649025,0.2924791086350975
emotions,MLC_PA_SVM,0.35,4,Operating Point,,0.08864818952113279,9,,0.9736111111111111,2.3044096728307255,0.060810810810810814,148,0.2592361111111111,0.7944444444444445,0.5433333333333333,0.5779402789841044,-0.04444444444444451,0.12473166299365857,0.75,0.702671941977763,0.02638888888888889,0.47368421052631576,0.15833333333333333,0.02638888888888889,19,0.2567760342368046,0.7432239657631954,0.2567760342368046
emotions,MLC_PA_SVM,0.35,5,Operating Point,,0.0954592700204653,9,,0.9556574923547401,1.4293346284604176,0.06338028169014084,142,0.22041284403669723,0.7828746177370031,0.5324159021406728,0.5648692244675182,0.012232415902140636,0.1597208310986501,0.7951070336391437,0.7245900555661683,0.04434250764525994,0.3103448275862069,0.22935779816513763,0.04434250764525994,29,0.21440000000000003,0.7856,0.21440000000000003
emotions,MLC_PA_SVM,0.40,1,Operating Point,,0.09869910183307241,14,,0.9439890710382514,1.8112407211028634,0.10144927536231885,138,0.23825136612021863,0.8114754098360656,0.5890710382513661,0.597602612390748,-0.02732240437158473,0.1007191864293785,0.7841530054644809,0.6983217988201265,0.056010928961748634,0.34146341463414637,0.2786885245901639,0.056010928961748634,41,0.22865412445730826,0.7713458755426917,0.22865412445730826
emotions,MLC_PA_SVM,0.40,2,Operating Point,,0.08167872796655715,16,,0.9523809523809523,2.2702702702702706,0.10810810810810811,148,0.22492997198879552,0.7927170868347339,0.5131652661064425,0.5472967449301249,0.001400560224089742,0.17552784842941227,0.7941176470588236,0.7228245933595372,0.047619047619047616,0.47058823529411764,0.2857142857142857,0.047619047619047616,34,0.2161764705882353,0.7838235294117647,0.2161764705882353
emotions,MLC_PA_SVM,0.40,3,Operating Point,,0.09667829602159318,6,,0.9728997289972899,1.4959459459459459,0.04054054054054054,148,0.29539295392953924,0.7994579945799458,0.5628726287262873,0.5754488038510298,-0.0840108401084011,0.043568497309128484,0.7154471544715447,0.6190173011601583,0.02710027100271003,0.3,0.16260162601626016,0.02710027100271003,20,0.2924791086350975,0.7075208913649025,0.2924791086350975
emotions,MLC_PA_SVM,0.40,4,Operating Point,,0.08864818952113279,9,,0.9736111111111111,2.3044096728307255,0.060810810810810814,148,0.26055555555555554,0.7944444444444445,0.5433333333333333,0.5779402789841044,-0.04444444444444451,0.12473166299365857,0.75,0.702671941977763,0.02638888888888889,0.47368421052631576,0.15833333333333333,0.02638888888888889,19,0.2567760342368046,0.7432239657631954,0.2567760342368046
emotions,MLC_PA_SVM,0.40,5,Operating Point,,0.0954592700204653,9,,0.9556574923547401,1.4293346284604176,0.06338028169014084,142,0.22262996941896027,0.7828746177370031,0.5324159021406728,0.5648692244675182,0.012232415902140636,0.1597208310986501,0.7951070336391437,0.7245900555661683,0.04434250764525994,0.3103448275862069,0.22935779816513763,0.04434250764525994,29,0.21440000000000003,0.7856,0.21440000000000003
emotions,MLC_PA_SVM,0.50,1,Operating Point,,0.09869910183307241,0,,1.0,,0.0,138,0.24453551912568305,0.8114754098360656,0.5890710382513661,0.597602612390748,-0.05601092896174864,0.04820779297071376,0.755464480874317,0.6458104053614617,0.0,,0.0,0.0,0,0.24453551912568305,0.755464480874317,0.24453551912568305
emotions,MLC_PA_SVM,0.50,2,Operating Point,,0.08167872796655715,0,,1.0,,0.0,148,0.22549019607843138,0.7927170868347339,0.5131652661064425,0.5472967449301249,-0.0182072829131652,0.13886175273978874,0.7745098039215687,0.6861584976699137,0.0,,0.0,0.0,0,0.22549019607843135,0.7745098039215687,0.22549019607843135
emotions,MLC_PA_SVM,0.50,3,Operating Point,,0.09667829602159318,0,,1.0,,0.0,148,0.2926829268292683,0.7994579945799458,0.5628726287262873,0.5754488038510298,-0.09214092140921415,0.02905166193809583,0.7073170731707317,0.6045004657891256,0.0,,0.0,0.0,0,0.29268292682926833,0.7073170731707317,0.29268292682926833
emotions,MLC_PA_SVM,0.50,4,Operating Point,,0.08864818952113279,0,,1.0,,0.0,148,0.2625,0.7944444444444445,0.5433333333333333,0.5779402789841044,-0.056944444444444464,0.1008115785706567,0.7375,0.6787518575547611,0.0,,0.0,0.0,0,0.26249999999999996,0.7375,0.26249999999999996
emotions,MLC_PA_SVM,0.50,5,Operating Point,,0.0954592700204653,0,,1.0,,0.0,142,0.22935779816513763,0.7828746177370031,0.5324159021406728,0.5648692244675182,-0.012232415902140636,0.12789100583477708,0.7706422018348624,0.6927602303022953,0.0,,0.0,0.0,0,0.22935779816513757,0.7706422018348624,0.22935779816513757
emotions,GSI_MLC_PA_SVM,0.20,1,Operating Point,,0.09663317195791385,33,,0.8661202185792349,1.6768013327780091,0.22448979591836735,147,0.19480874316939886,0.7991803278688525,0.5622950819672132,0.6009710399101189,0.032786885245901565,0.11882242564036682,0.8319672131147541,0.7197934655504857,0.13387978142076504,0.336734693877551,0.5901639344262295,0.13387978142076504,98,0.194006309148265,0.805993690851735,0.194006309148265
emotions,GSI_MLC_PA_SVM,0.20,2,Operating Point,,0.07620267078690629,27,,0.8879551820728291,1.6392857142857142,0.1836734693877551,147,0.2100840336134453,0.7941176470588236,0.5599439775910364,0.607267647275204,0.0182072829131652,0.13599123666195112,0.8123249299719888,0.7432588839371551,0.11204481792717087,0.3375,0.47058823529411764,0.11204481792717087,80,0.21135646687697163,0.7886435331230284,0.21135646687697163
emotions,GSI_MLC_PA_SVM,0.20,3,Operating Point,,0.09387861404005453,32,,0.8658536585365854,1.6565656565656564,0.2222222222222222,144,0.20569105691056905,0.8048780487804879,0.5859078590785909,0.6086839387371081,0.016260162601625994,0.12103060529041298,0.8211382113821138,0.7297145440275211,0.13414634146341464,0.32323232323232326,0.5447154471544715,0.13414634146341464,99,0.20657276995305163,0.7934272300469484,0.20657276995305163
emotions,GSI_MLC_PA_SVM,0.20,4,Operating Point,,0.08555437298180596,25,,0.8916666666666667,1.5915119363395227,0.1724137931034483,145,0.1994444444444444,0.7986111111111112,0.5625,0.6036716555585695,0.023611111111111027,0.15187895952042652,0.8222222222222222,0.755550615078996,0.10833333333333334,0.32051282051282054,0.475,0.10833333333333334,78,0.19937694704049846,0.8006230529595015,0.19937694704049846
emotions,GSI_MLC_PA_SVM,0.20,5,Operating Point,,0.09631454347270721,34,,0.8654434250764526,1.7189239332096478,0.23129251700680273,147,0.19051987767584097,0.7752293577981652,0.5412844036697247,0.5880879455744578,0.061162079510703404,0.18385036111944442,0.8363914373088686,0.7719383066939022,0.1345565749235474,0.38636363636363635,0.5963302752293578,0.1345565749235474,88,0.18904593639575973,0.8109540636042403,0.18904593639575973
emotions,GSI_MLC_PA_SVM,0.25,1,Operating Point,,0.09663317195791385,31,,0.8756830601092896,1.696344471854676,0.2108843537414966,147,0.20457650273224043,0.7991803278688525,0.5622950819672132,0.6009710399101189,0.02732240437158462,0.11500298119592223,0.8265027322404371,0.7159740211060411,0.12431693989071038,0.34065934065934067,0.5901639344262295,0.12431693989071038,91,0.19812792511700472,0.8018720748829953,0.19812792511700472
emotions,GSI_MLC_PA_SVM,0.25,2,Operating Point,,0.07620267078690629,15,,0.9439775910364145,1.8214285714285714,0.10204081632653061,147,0.21988795518207283,0.7941176470588236,0.5599439775910364,0.607267647275204,0.0,0.11076646510538835,0.7941176470588236,0.7180341123805923,0.056022408963585436,0.375,0.2689075630252101,0.056022408963585436,40,0.21810089020771517,0.7818991097922848,0.21810089020771517
emotions,GSI_MLC_PA_SVM,0.25,3,Operating Point,,0.09387861404005453,32,,0.8658536585365854,1.6565656565656564,0.2222222222222222,144,0.21239837398373984,0.8048780487804879,0.5859078590785909,0.6086839387371081,0.016260162601625994,0.12103060529041298,0.8211382113821138,0.7297145440275211,0.13414634146341464,0.32323232323232326,0.5447154471544715,0.13414634146341464,99,0.20657276995305163,0.7934272300469484,0.20657276995305163
emotions,GSI_MLC_PA_SVM,0.25,4,Operating Point,,0.08555437298180596,22,,0.9097222222222222,1.6806366047745358,0.15172413793103448,145,0.20451388888888888,0.7986111111111112,0.5625,0.6036716555585695,0.019444444444444375,0.14572469918929176,0.8180555555555555,0.7493963547478613,0.09027777777777778,0.3384615384615385,0.4166666666666667,0.09027777777777778,65,0.19999999999999996,0.8,0.19999999999999996
emotions,GSI_MLC_PA_SVM,0.25,5,Operating Point,,0.09631454347270721,34,,0.8654434250764526,1.7189239332096478,0.23129251700680273,147,0.19724770642201836,0.7752293577981652,0.5412844036697247,0.5880879455744578,0.061162079510703404,0.18385036111944442,0.8363914373088686,0.7719383066939022,0.1345565749235474,0.38636363636363635,0.5963302752293578,0.1345565749235474,88,0.18904593639575973,0.8109540636042403,0.18904593639575973
emotions,GSI_MLC_PA_SVM,0.30,1,Operating Point,,0.09663317195791385,20,,0.9112021857923497,1.532182103610675,0.1360544217687075,147,0.2206284153005465,0.7991803278688525,0.5622950819672132,0.6009710399101189,0.006830601092896127,0.09693987804896076,0.8060109289617486,0.6979109179590797,0.08879781420765027,0.3076923076923077,0.47540983606557374,0.08879781420765027,65,0.21289355322338832,0.7871064467766117,0.21289355322338832
emotions,GSI_MLC_PA_SVM,0.30,2,Operating Point,,0.07620267078690629,15,,0.9439775910364145,1.8214285714285714,0.10204081632653061,147,0.22268907563025211,0.7941176470588236,0.5599439775910364,0.607267647275204,0.0,0.11076646510538835,0.7941176470588236,0.7180341123805923,0.056022408963585436,0.375,0.2689075630252101,0.056022408963585436,40,0.21810089020771517,0.7818991097922848,0.21810089020771517
emotions,GSI_MLC_PA_SVM,0.30,3,Operating Point,,0.09387861404005453,31,,0.8712737127371274,1.6723684210526315,0.2152777777777778,144,0.2188346883468835,0.8048780487804879,0.5859078590785909,0.6086839387371081,0.01490514905149043,0.11948431443114504,0.8197831978319783,0.7281682531682532,0.12872628726287264,0.3263157894736842,0.5365853658536586,0.12872628726287264,95,0.20684292379471225,0.7931570762052877,0.20684292379471225
emotions,GSI_MLC_PA_SVM,0.30,4,Operating Point,,0.08555437298180596,17,,0.9361111111111111,1.8350824587706147,0.11724137931034483,145,0.20805555555555558,0.7986111111111112,0.5625,0.6036716555585695,0.012499999999999956,0.13149667521891117,0.8111111111111111,0.7351683307774807,0.06388888888888888,0.3695652173913043,0.35833333333333334,0.06388888888888888,46,0.20178041543026703,0.798219584569733,0.20178041543026703
emotions,GSI_MLC_PA_SVM,0.30,5,Operating Point,,0.09631454347270721,28,,0.8929663608562691,1.7795918367346937,0.19047619047619047,147,0.20489296636085635,0.7752293577981652,0.5412844036697247,0.5880879455744578,0.051987767584097844,0.1662904562355958,0.827217125382263,0.7543784018100536,0.10703363914373089,0.4,0.4954128440366973,0.10703363914373089,70,0.19349315068493156,0.8065068493150684,0.19349315068493156
emotions,GSI_MLC_PA_SVM,0.35,1,Operating Point,,0.09663317195791385,19,,0.924863387978142,1.720222634508349,0.1292517006802721,147,0.22165300546448088,0.7991803278688525,0.5622950819672132,0.6009710399101189,0.005464480874316946,0.09393441356808652,0.8046448087431695,0.6949054534782054,0.07513661202185792,0.34545454545454546,0.4098360655737705,0.07513661202185792,55,0.21122599704579026,0.7887740029542097,0.21122599704579026
emotions,GSI_MLC_PA_SVM,0.35,2,Operating Point,,0.07620267078690629,13,,0.9509803921568627,1.8040816326530613,0.08843537414965986,147,0.22724089635854341,0.7941176470588236,0.5599439775910364,0.607267647275204,-0.004201680672269004,0.10491851188901413,0.7899159663865546,0.7121861591642181,0.049019607843137254,0.37142857142857144,0.25210084033613445,0.049019607843137254,35,0.22091310751104565,0.7790868924889544,0.22091310751104565
emotions,GSI_MLC_PA_SVM,0.35,3,Operating Point,,0.09387861404005453,19,,0.9566395663956639,3.04296875,0.13194444444444445,144,0.23739837398373986,0.8048780487804879,0.5859078590785909,0.6086839387371081,-0.027100271002710064,0.06199340750203586,0.7777777777777778,0.670677346239144,0.04336043360433604,0.59375,0.25203252032520324,0.04336043360433604,32,0.23229461756373937,0.7677053824362606,0.23229461756373937
emotions,GSI_MLC_PA_SVM,0.35,4,Operating Point,,0.08555437298180596,17,,0.9361111111111111,1.8350824587706147,0.11724137931034483,145,0.21125,0.7986111111111112,0.5625,0.6036716555585695,0.012499999999999956,0.13149667521891117,0.8111111111111111,0.7351683307774807,0.06388888888888888,0.3695652173913043,0.35833333333333334,0.06388888888888888,46,0.20178041543026703,0.798219584569733,0.20178041543026703
emotions,GSI_MLC_PA_SVM,0.35,5,Operating Point,,0.09631454347270721,22,,0.908256880733945,1.6312925170068027,0.14965986394557823,147,0.21406727828746172,0.7752293577981652,0.5412844036697247,0.5880879455744578,0.04281345565749228,0.1454887227578061,0.8180428134556574,0.7335766683322639,0.09174311926605505,0.36666666666666664,0.43119266055045874,0.09174311926605505,60,0.20033670033670037,0.7996632996632996,0.20033670033670037
emotions,GSI_MLC_PA_SVM,0.40,1,Operating Point,,0.09663317195791385,18,,0.930327868852459,1.7575030012004802,0.12244897959183673,147,0.22459016393442624,0.7991803278688525,0.5622950819672132,0.6009710399101189,0.004098360655737654,0.09064205184727869,0.8032786885245902,0.6916130917573976,0.06967213114754098,0.35294117647058826,0.39344262295081966,0.06967213114754098,51,0.21145374449339205,0.788546255506608,0.21145374449339205
emotions,GSI_MLC_PA_SVM,0.40,2,Operating Point,,0.07620267078690629,11,,0.9663865546218487,2.2261904761904763,0.07482993197278912,147,0.22633053221288515,0.7941176470588236,0.5599439775910364,0.607267647275204,-0.007002801120448265,0.09962517516922986,0.7871148459383753,0.7068928224444339,0.03361344537815126,0.4583333333333333,0.16806722689075632,0.03361344537815126,24,0.2202898550724638,0.7797101449275362,0.2202898550724638
emotions,GSI_MLC_PA_SVM,0.40,3,Operating Point,,0.09387861404005453,19,,0.9566395663956639,3.04296875,0.13194444444444445,144,0.23956639566395663,0.8048780487804879,0.5859078590785909,0.6086839387371081,-0.027100271002710064,0.06199340750203586,0.7777777777777778,0.670677346239144,0.04336043360433604,0.59375,0.25203252032520324,0.04336043360433604,32,0.23229461756373937,0.7677053824362606,0.23229461756373937
emotions,GSI_MLC_PA_SVM,0.40,4,Operating Point,,0.08555437298180596,16,,0.9472222222222222,2.0907441016333936,0.1103448275862069,145,0.21138888888888888,0.7986111111111112,0.5625,0.6036716555585695,0.011111111111111072,0.12908776224089247,0.8097222222222222,0.732759417799462,0.05277777777777778,0.42105263157894735,0.2916666666666667,0.05277777777777778,38,0.20087976539589447,0.7991202346041055,0.20087976539589447
emotions,GSI_MLC_PA_SVM,0.40,5,Operating Point,,0.09631454347270721,9,,0.9495412844036697,1.2133580705009275,0.061224489795918366,147,0.2204892966360856,0.7752293577981652,0.5412844036697247,0.5880879455744578,0.024464831804281384,0.12359950086858418,0.7996941896024465,0.7116874464430419,0.05045871559633028,0.2727272727272727,0.26605504587155965,0.05045871559633028,33,0.21095008051529796,0.789049919484702,0.21095008051529796
emotions,GSI_MLC_PA_SVM,0.50,1,Operating Point,,0.09663317195791385,0,,1.0,,0.0,147,0.2336065573770492,0.7991803278688525,0.5622950819672132,0.6009710399101189,-0.032786885245901676,0.04050094965387474,0.7663934426229508,0.6414719895639936,0.0,,0.0,0.0,0,0.23360655737704916,0.7663934426229508,0.23360655737704916
emotions,GSI_MLC_PA_SVM,0.50,2,Operating Point,,0.07620267078690629,0,,1.0,,0.0,147,0.226890756302521,0.7941176470588236,0.5599439775910364,0.607267647275204,-0.021008403361344574,0.07073379534577096,0.773109243697479,0.678001442620975,0.0,,0.0,0.0,0,0.22689075630252098,0.773109243697479,0.22689075630252098
emotions,GSI_MLC_PA_SVM,0.50,3,Operating Point,,0.09387861404005453,0,,1.0,,0.0,144,0.24390243902439024,0.8048780487804879,0.5859078590785909,0.6086839387371081,-0.04878048780487809,0.0329674232128937,0.7560975609756098,0.6416513619500018,0.0,,0.0,0.0,0,0.24390243902439024,0.7560975609756098,0.24390243902439024
emotions,GSI_MLC_PA_SVM,0.50,4,Operating Point,,0.08555437298180596,0,,1.0,,0.0,145,0.21388888888888888,0.7986111111111112,0.5625,0.6036716555585695,-0.012500000000000067,0.09335733310848005,0.7861111111111111,0.6970289886670495,0.0,,0.0,0.0,0,0.2138888888888889,0.7861111111111111,0.2138888888888889
emotions,GSI_MLC_PA_SVM,0.50,5,Operating Point,,0.09631454347270721,0,,1.0,,0.0,147,0.21865443425076453,0.7752293577981652,0.5412844036697247,0.5880879455744578,0.006116207951070263,0.0826446003898742,0.7813455657492354,0.670732545964332,0.0,,0.0,0.0,0,0.21865443425076458,0.7813455657492354,0.21865443425076458
emotions,MLC_PA_MLP,0.20,1,Operating Point,,0.11012393528163908,31,,0.8592896174863388,1.3271727687448824,0.18674698795180722,166,0.22896174863387977,0.773224043715847,0.41338797814207645,0.46109140282347433,0.02595628415300555,0.27642837012990756,0.7991803278688525,0.7375197729533819,0.1407103825136612,0.30097087378640774,0.5409836065573771,0.1407103825136612,103,0.23370429252782188,0.7662957074721781,0.23370429252782188
emotions,MLC_PA_MLP,0.20,2,Operating Point,,0.10457887867918128,40,,0.8277310924369747,1.3821138211382114,0.23809523809523808,168,0.21512605042016802,0.7647058823529411,0.34425770308123244,0.42683934468853196,0.054621848739495826,0.3269270321670897,0.819327731092437,0.7537663768556216,0.1722689075630252,0.3252032520325203,0.6134453781512605,0.1722689075630252,123,0.2182741116751269,0.7817258883248731,0.2182741116751269
emotions,MLC_PA_MLP,0.20,3,Operating Point,,0.09519914292095927,29,,0.8794037940379403,1.521974114635187,0.18354430379746836,158,0.20704607046070458,0.7859078590785908,0.45013550135501357,0.4819383970327366,0.031165311653116534,0.22457135514722665,0.8170731707317074,0.7065097521799633,0.12059620596205962,0.3258426966292135,0.5121951219512195,0.12059620596205962,89,0.20801232665639446,0.7919876733436055,0.20801232665639446
emotions,MLC_PA_MLP,0.20,4,Operating Point,,0.09986977519389854,37,,0.875,1.7309941520467835,0.21637426900584794,171,0.1986111111111111,0.7625,0.3530555555555555,0.3923735780171424,0.06388888888888888,0.3637451654231921,0.8263888888888888,0.7561187434403345,0.125,0.4111111111111111,0.575,0.125,90,0.19841269841269837,0.8015873015873016,0.19841269841269837
emotions,MLC_PA_MLP,0.20,5,Operating Point,,0.11584517526811013,22,,0.8975535168195719,1.293652220823593,0.13253012048192772,166,0.1978593272171254,0.746177370030581,0.3917431192660551,0.4432086825703847,0.07645259938837923,0.30888654768909773,0.8226299694189603,0.7520952302594824,0.10244648318042814,0.3283582089552239,0.44954128440366975,0.10244648318042814,67,0.19761499148211237,0.8023850085178876,0.19761499148211237
emotions,MLC_PA_MLP,0.25,1,Operating Point,,0.11012393528163908,31,,0.8592896174863388,1.3271727687448824,0.18674698795180722,166,0.23599726775956284,0.773224043715847,0.41338797814207645,0.46109140282347433,0.02595628415300555,0.27642837012990756,0.7991803278688525,0.7375197729533819,0.1407103825136612,0.30097087378640774,0.5409836065573771,0.1407103825136612,103,0.23370429252782188,0.7662957074721781,0.23370429252782188
emotions,MLC_PA_MLP,0.25,2,Operating Point,,0.10457887867918128,31,,0.876750700280112,1.4971590909090908,0.18452380952380953,168,0.23529411764705882,0.7647058823529411,0.34425770308123244,0.42683934468853196,0.0308123249299721,0.3007333052610279,0.7955182072829132,0.7275726499495598,0.12324929971988796,0.3522727272727273,0.5378151260504201,0.12324929971988796,88,0.2332268370607029,0.7667731629392971,0.2332268370607029
emotions,MLC_PA_MLP,0.25,3,Operating Point,,0.09519914292095927,29,,0.8794037940379403,1.521974114635187,0.18354430379746836,158,0.2130758807588076,0.7859078590785908,0.45013550135501357,0.4819383970327366,0.031165311653116534,0.22457135514722665,0.8170731707317074,0.7065097521799633,0.12059620596205962,0.3258426966292135,0.5121951219512195,0.12059620596205962,89,0.20801232665639446,0.7919876733436055,0.20801232665639446
emotions,MLC_PA_MLP,0.25,4,Operating Point,,0.09986977519389854,37,,0.875,1.7309941520467835,0.21637426900584794,171,0.2048611111111111,0.7625,0.3530555555555555,0.3923735780171424,0.06388888888888888,0.3637451654231921,0.8263888888888888,0.7561187434403345,0.125,0.4111111111111111,0.575,0.125,90,0.19841269841269837,0.8015873015873016,0.19841269841269837
emotions,MLC_PA_MLP,0.25,5,Operating Point,,0.11584517526811013,22,,0.8975535168195719,1.293652220823593,0.13253012048192772,166,0.2029816513761468,0.746177370030581,0.3917431192660551,0.4432086825703847,0.07645259938837923,0.30888654768909773,0.8226299694189603,0.7520952302594824,0.10244648318042814,0.3283582089552239,0.44954128440366975,0.10244648318042814,67,0.19761499148211237,0.8023850085178876,0.19761499148211237
emotions,MLC_PA_MLP,0.30,1,Operating Point,,0.11012393528163908,16,,0.9467213114754098,1.8090824837812791,0.0963855421686747,166,0.23866120218579234,0.773224043715847,0.41338797814207645,0.46109140282347433,0.004098360655737765,0.23289279280673286,0.7773224043715847,0.6939841956302072,0.05327868852459016,0.41025641025641024,0.26229508196721313,0.05327868852459016,39,0.2352092352092352,0.7647907647907648,0.2352092352092352
emotions,MLC_PA_MLP,0.30,2,Operating Point,,0.10457887867918128,25,,0.8991596638655462,1.4756944444444444,0.1488095238095238,168,0.2431372549019608,0.7647058823529411,0.34425770308123244,0.42683934468853196,0.022408963585434205,0.28968717140787664,0.7871148459383753,0.7165265160964086,0.10084033613445378,0.3472222222222222,0.4789915966386555,0.10084033613445378,72,0.23676012461059193,0.7632398753894081,0.23676012461059193
emotions,MLC_PA_MLP,0.30,3,Operating Point,,0.09519914292095927,29,,0.8794037940379403,1.521974114635187,0.18354430379746836,158,0.21910569105691058,0.7859078590785908,0.45013550135501357,0.4819383970327366,0.031165311653116534,0.22457135514722665,0.8170731707317074,0.7065097521799633,0.12059620596205962,0.3258426966292135,0.5121951219512195,0.12059620596205962,89,0.20801232665639446,0.7919876733436055,0.20801232665639446
emotions,MLC_PA_MLP,0.30,4,Operating Point,,0.09986977519389854,37,,0.875,1.7309941520467835,0.21637426900584794,171,0.2111111111111111,0.7625,0.3530555555555555,0.3923735780171424,0.06388888888888888,0.3637451654231921,0.8263888888888888,0.7561187434403345,0.125,0.4111111111111111,0.575,0.125,90,0.19841269841269837,0.8015873015873016,0.19841269841269837
emotions,MLC_PA_MLP,0.30,5,Operating Point,,0.11584517526811013,15,,0.9174311926605505,1.0943775100401605,0.09036144578313253,166,0.2143730886850153,0.746177370030581,0.3917431192660551,0.4432086825703847,0.06422018348623848,0.29310283148344063,0.8103975535168195,0.7363115140538253,0.08256880733944955,0.2777777777777778,0.3669724770642202,0.08256880733944955,54,0.20666666666666667,0.7933333333333333,0.20666666666666667
emotions,MLC_PA_MLP,0.35,1,Operating Point,,0.11012393528163908,16,,0.9467213114754098,1.8090824837812791,0.0963855421686747,166,0.24132513661202182,0.773224043715847,0.41338797814207645,0.46109140282347433,0.004098360655737765,0.23289279280673286,0.7773224043715847,0.6939841956302072,0.05327868852459016,0.41025641025641024,0.26229508196721313,0.05327868852459016,39,0.2352092352092352,0.7647907647907648,0.2352092352092352
emotions,MLC_PA_MLP,0.35,2,Operating Point,,0.10457887867918128,17,,0.9285714285714286,1.4166666666666667,0.10119047619047619,168,0.24488795518207282,0.7647058823529411,0.34425770308123244,0.42683934468853196,0.01540616246498605,0.28127262908528833,0.7801120448179272,0.7081119737738203,0.07142857142857142,0.3333333333333333,0.36134453781512604,0.07142857142857142,51,0.23680241327300156,0.7631975867269984,0.23680241327300156
emotions,MLC_PA_MLP,0.35,3,Operating Point,,0.09519914292095927,18,,0.9051490514905149,1.2010849909584087,0.11392405063291139,158,0.22696476964769643,0.7859078590785908,0.45013550135501357,0.4819383970327366,0.020325203252032464,0.21095229474032878,0.8062330623306233,0.6928906917730654,0.0948509485094851,0.2571428571428571,0.4065040650406504,0.0948509485094851,70,0.2140718562874251,0.7859281437125749,0.2140718562874251
emotions,MLC_PA_MLP,0.35,4,Operating Point,,0.09986977519389854,28,,0.9013888888888889,1.660489251297257,0.16374269005847952,171,0.21645833333333336,0.7625,0.3530555555555555,0.3923735780171424,0.05555555555555558,0.35087301822268674,0.8180555555555555,0.7432465962398291,0.09861111111111111,0.39436619718309857,0.5166666666666667,0.09861111111111111,71,0.20184899845916793,0.7981510015408321,0.20184899845916793
emotions,MLC_PA_MLP,0.35,5,Operating Point,,0.11584517526811013,14,,0.9357798165137615,1.3132530120481927,0.08433734939759036,166,0.2136085626911315,0.746177370030581,0.3917431192660551,0.4432086825703847,0.06269113149847094,0.28979595317656226,0.808868501529052,0.733004635746947,0.06422018348623854,0.3333333333333333,0.30275229357798167,0.06422018348623854,42,0.20424836601307184,0.7957516339869282,0.20424836601307184
emotions,MLC_PA_MLP,0.40,1,Operating Point,,0.11012393528163908,7,,0.98224043715847,2.374420759962929,0.04216867469879518,166,0.25300546448087435,0.773224043715847,0.41338797814207645,0.46109140282347433,-0.01912568306010931,0.20848926840320853,0.7540983606557377,0.6695806712266829,0.017759562841530054,0.5384615384615384,0.09836065573770492,0.017759562841530054,13,0.2503477051460361,0.7496522948539639,0.2503477051460361
emotions,MLC_PA_MLP,0.40,2,Operating Point,,0.10457887867918128,14,,0.9481792717086834,1.608108108108108,0.08333333333333333,168,0.2448179271708683,0.7647058823529411,0.34425770308123244,0.42683934468853196,0.011204481792717158,0.2741571392111776,0.7759103641456583,0.7009964838997096,0.05182072829131653,0.3783783783783784,0.2773109243697479,0.05182072829131653,37,0.2363367799113737,0.7636632200886263,0.2363367799113737
emotions,MLC_PA_MLP,0.40,3,Operating Point,,0.09519914292095927,16,,0.9349593495934959,1.5569620253164556,0.10126582278481013,158,0.24688346883468837,0.7859078590785908,0.45013550135501357,0.4819383970327366,-0.006775067750677599,0.18704029091440838,0.7791327913279132,0.668978687947145,0.06504065040650407,0.3333333333333333,0.2764227642276423,0.06504065040650407,48,0.23623188405797102,0.763768115942029,0.23623188405797102
emotions,MLC_PA_MLP,0.40,4,Operating Point,,0.09986977519389854,18,,0.9388888888888889,1.7224880382775118,0.10526315789473684,171,0.22027777777777782,0.7625,0.3530555555555555,0.3923735780171424,0.04166666666666674,0.33325209151085095,0.8041666666666667,0.7256256695279933,0.06111111111111111,0.4090909090909091,0.36666666666666664,0.06111111111111111,44,0.20857988165680474,0.7914201183431953,0.20857988165680474
emotions,MLC_PA_MLP,0.40,5,Operating Point,,0.11584517526811013,6,,0.9724770642201835,1.3132530120481927,0.03614457831325301,166,0.2128440366972477,0.746177370030581,0.3917431192660551,0.4432086825703847,0.051987767584097844,0.2687425662649666,0.7981651376146789,0.7119512488353513,0.027522935779816515,0.3333333333333333,0.1559633027522936,0.027522935779816515,18,0.2075471698113207,0.7924528301886793,0.2075471698113207
emotions,MLC_PA_MLP,0.50,1,Operating Point,,0.11012393528163908,0,,1.0,,0.0,166,0.25546448087431695,0.773224043715847,0.41338797814207645,0.46109140282347433,-0.02868852459016391,0.19426581234803503,0.744535519125683,0.6553572151715094,0.0,,0.0,0.0,0,0.25546448087431695,0.744535519125683,0.25546448087431695
emotions,MLC_PA_MLP,0.50,2,Operating Point,,0.10457887867918128,0,,1.0,,0.0,168,0.23949579831932774,0.7647058823529411,0.34425770308123244,0.42683934468853196,-0.004201680672268893,0.24218452513603922,0.7605042016806722,0.6690238698245712,0.0,,0.0,0.0,0,0.23949579831932777,0.7605042016806722,0.23949579831932777
emotions,MLC_PA_MLP,0.50,3,Operating Point,,0.09519914292095927,0,,1.0,,0.0,158,0.24661246612466126,0.7859078590785908,0.45013550135501357,0.4819383970327366,-0.0325203252032521,0.1294585337353909,0.7533875338753387,0.6113969307681275,0.0,,0.0,0.0,0,0.24661246612466126,0.7533875338753387,0.24661246612466126
emotions,MLC_PA_MLP,0.50,4,Operating Point,,0.09986977519389854,0,,1.0,,0.0,171,0.22361111111111112,0.7625,0.3530555555555555,0.3923735780171424,0.01388888888888895,0.28786731416404826,0.7763888888888889,0.6802408921811907,0.0,,0.0,0.0,0,0.2236111111111111,0.7763888888888889,0.2236111111111111
emotions,MLC_PA_MLP,0.50,5,Operating Point,,0.11584517526811013,0,,1.0,,0.0,166,0.20948012232415902,0.746177370030581,0.3917431192660551,0.4432086825703847,0.04434250764525993,0.2562923402238998,0.790519877675841,0.6995010227942845,0.0,,0.0,0.0,0,0.20948012232415902,0.790519877675841,0.20948012232415902
emotions,GSI_MLC_PA_MLP,0.20,1,Operating Point,,0.12176312303294702,29,,0.8647540983606558,1.232323232323232,0.16666666666666666,174,0.2306010928961748,0.7622950819672132,0.3535519125683061,0.47630847031508927,0.034153005464480746,0.21865127266775308,0.7964480874316939,0.6949597429828424,0.13524590163934427,0.29292929292929293,0.6065573770491803,0.13524590163934427,99,0.23538704581358605,0.764612954186414,0.23538704581358605
emotions,GSI_MLC_PA_MLP,0.20,2,Operating Point,,0.09953619486855673,31,,0.8711484593837535,1.4493190151911997,0.18674698795180722,166,0.23725490196078425,0.7675070028011204,0.3434173669467787,0.444137075119903,0.021008403361344574,0.2781089275360494,0.788515406162465,0.7222460026559524,0.12885154061624648,0.33695652173913043,0.5630252100840336,0.12885154061624648,92,0.24276527331189712,0.7572347266881029,0.24276527331189712
emotions,GSI_MLC_PA_MLP,0.20,3,Operating Point,,0.10244853718529226,33,,0.8834688346883469,1.6856312292358804,0.19642857142857142,168,0.21436314363143621,0.7723577235772358,0.4428184281842818,0.5032810355998042,0.03658536585365857,0.18313367396155567,0.8089430894308943,0.6864147095613599,0.11653116531165311,0.38372093023255816,0.4959349593495935,0.11653116531165311,86,0.21625766871165641,0.7837423312883436,0.21625766871165641
emotions,GSI_MLC_PA_MLP,0.20,4,Operating Point,,0.10462491462708481,27,,0.8777777777777778,1.299465240641711,0.1588235294117647,170,0.2577777777777778,0.7638888888888888,0.3808333333333333,0.46848561289721274,0.002777777777777768,0.2623171884035887,0.7666666666666666,0.7308028013008014,0.12222222222222222,0.3068181818181818,0.48333333333333334,0.12222222222222222,88,0.26582278481012656,0.7341772151898734,0.26582278481012656
emotions,GSI_MLC_PA_MLP,0.20,5,Operating Point,,0.11018455348141055,38,,0.8562691131498471,1.6627860297069452,0.2389937106918239,159,0.2168195718654434,0.7568807339449541,0.43058103975535167,0.5042546254684392,0.05504587155963303,0.2517409564698956,0.8119266055045872,0.7559955819383348,0.1437308868501529,0.40425531914893614,0.5779816513761468,0.1437308868501529,94,0.21964285714285714,0.7803571428571429,0.21964285714285714
emotions,GSI_MLC_PA_MLP,0.25,1,Operating Point,,0.12176312303294702,26,,0.8825136612021858,1.2718524458700882,0.14942528735632185,174,0.23702185792349728,0.7622950819672132,0.3535519125683061,0.47630847031508927,0.030054644808743092,0.20991633290871703,0.7923497267759563,0.6862248032238063,0.11748633879781421,0.3023255813953488,0.5819672131147541,0.11748633879781421,86,0.23529411764705888,0.7647058823529411,0.23529411764705888
emotions,GSI_MLC_PA_MLP,0.25,2,Operating Point,,0.09953619486855673,31,,0.8711484593837535,1.4493190151911997,0.18674698795180722,166,0.24369747899159663,0.7675070028011204,0.3434173669467787,0.444137075119903,0.021008403361344574,0.2781089275360494,0.788515406162465,0.7222460026559524,0.12885154061624648,0.33695652173913043,0.5630252100840336,0.12885154061624648,92,0.24276527331189712,0.7572347266881029,0.24276527331189712
emotions,GSI_MLC_PA_MLP,0.25,3,Operating Point,,0.10244853718529226,24,,0.9037940379403794,1.4849094567404426,0.14285714285714285,168,0.22323848238482386,0.7723577235772358,0.4428184281842818,0.5032810355998042,0.028455284552845517,0.17627653110441277,0.8008130081300813,0.679557566704217,0.09620596205962059,0.3380281690140845,0.4796747967479675,0.09620596205962059,71,0.22038980509745132,0.7796101949025487,0.22038980509745132
emotions,GSI_MLC_PA_MLP,0.25,4,Operating Point,,0.10462491462708481,19,,0.8930555555555556,1.0450725744843392,0.11176470588235295,170,0.27118055555555554,0.7638888888888888,0.3808333333333333,0.46848561289721274,-0.008333333333333304,0.24164535377826585,0.7555555555555555,0.7101309666754786,0.10694444444444444,0.24675324675324675,0.44166666666666665,0.10694444444444444,77,0.2737169517884914,0.7262830482115086,0.2737169517884914
emotions,GSI_MLC_PA_MLP,0.25,5,Operating Point,,0.11018455348141055,38,,0.8562691131498471,1.6627860297069452,0.2389937106918239,159,0.22400611620795108,0.7568807339449541,0.43058103975535167,0.5042546254684392,0.05504587155963303,0.2517409564698956,0.8119266055045872,0.7559955819383348,0.1437308868501529,0.40425531914893614,0.5779816513761468,0.1437308868501529,94,0.21964285714285714,0.7803571428571429,0.21964285714285714
emotions,GSI_MLC_PA_MLP,0.30,1,Operating Point,,0.12176312303294702,16,,0.9262295081967213,1.2464878671775224,0.09195402298850575,174,0.24890710382513667,0.7622950819672132,0.3535519125683061,0.47630847031508927,0.010928961748633781,0.19109436202996988,0.773224043715847,0.6674028323450591,0.07377049180327869,0.2962962962962963,0.4098360655737705,0.07377049180327869,54,0.2448377581120944,0.7551622418879056,0.2448377581120944
emotions,GSI_MLC_PA_MLP,0.30,2,Operating Point,,0.09953619486855673,23,,0.8921568627450981,1.284775465498357,0.13855421686746988,166,0.2550420168067228,0.7675070028011204,0.3434173669467787,0.444137075119903,0.009803921568627527,0.26244082646576367,0.7773109243697479,0.7065779015856667,0.10784313725490197,0.2987012987012987,0.5294117647058824,0.10784313725490197,77,0.249607535321821,0.750392464678179,0.249607535321821
emotions,GSI_MLC_PA_MLP,0.30,3,Operating Point,,0.10244853718529226,20,,0.9295392953929539,1.6895604395604396,0.11904761904761904,168,0.22574525745257457,0.7723577235772358,0.4428184281842818,0.5032810355998042,0.023035230352303482,0.16462778558469948,0.7953929539295392,0.6679088211845037,0.07046070460704607,0.38461538461538464,0.34146341463414637,0.07046070460704607,52,0.22011661807580174,0.7798833819241983,0.22011661807580174
emotions,GSI_MLC_PA_MLP,0.30,4,Operating Point,,0.10462491462708481,19,,0.8930555555555556,1.0450725744843392,0.11176470588235295,170,0.2765277777777778,0.7638888888888888,0.3808333333333333,0.46848561289721274,-0.008333333333333304,0.24164535377826585,0.7555555555555555,0.7101309666754786,0.10694444444444444,0.24675324675324675,0.44166666666666665,0.10694444444444444,77,0.2737169517884914,0.7262830482115086,0.2737169517884914
emotions,GSI_MLC_PA_MLP,0.30,5,Operating Point,,0.11018455348141055,38,,0.8562691131498471,1.6627860297069452,0.2389937106918239,159,0.23119266055045873,0.7568807339449541,0.43058103975535167,0.5042546254684392,0.05504587155963303,0.2517409564698956,0.8119266055045872,0.7559955819383348,0.1437308868501529,0.40425531914893614,0.5779816513761468,0.1437308868501529,94,0.21964285714285714,0.7803571428571429,0.21964285714285714
emotions,GSI_MLC_PA_MLP,0.35,1,Operating Point,,0.12176312303294702,16,,0.9262295081967213,1.2464878671775224,0.09195402298850575,174,0.25259562841530053,0.7622950819672132,0.3535519125683061,0.47630847031508927,0.010928961748633781,0.19109436202996988,0.773224043715847,0.6674028323450591,0.07377049180327869,0.2962962962962963,0.4098360655737705,0.07377049180327869,54,0.2448377581120944,0.7551622418879056,0.2448377581120944
emotions,GSI_MLC_PA_MLP,0.35,2,Operating Point,,0.09953619486855673,20,,0.9173669467787114,1.4580355319583418,0.12048192771084337,166,0.255812324929972,0.7675070028011204,0.3434173669467787,0.444137075119903,0.0056022408963586345,0.25541069734094296,0.773109243697479,0.699547772460846,0.08263305322128851,0.3389830508474576,0.42857142857142855,0.08263305322128851,59,0.24732824427480915,0.7526717557251908,0.24732824427480915
emotions,GSI_MLC_PA_MLP,0.35,3,Operating Point,,0.10244853718529226,20,,0.9295392953929539,1.6895604395604396,0.11904761904761904,168,0.2292682926829268,0.7723577235772358,0.4428184281842818,0.5032810355998042,0.023035230352303482,0.16462778558469948,0.7953929539295392,0.6679088211845037,0.07046070460704607,0.38461538461538464,0.34146341463414637,0.07046070460704607,52,0.22011661807580174,0.7798833819241983,0.22011661807580174
emotions,GSI_MLC_PA_MLP,0.35,4,Operating Point,,0.10462491462708481,10,,0.9416666666666667,1.0084033613445378,0.058823529411764705,170,0.2773611111111111,0.7638888888888888,0.3808333333333333,0.46848561289721274,-0.02083333333333326,0.21531829898374527,0.7430555555555556,0.683803911880958,0.058333333333333334,0.23809523809523808,0.35,0.058333333333333334,42,0.2728613569321534,0.7271386430678466,0.2728613569321534
emotions,GSI_MLC_PA_MLP,0.35,5,Operating Point,,0.11018455348141055,24,,0.908256880733945,1.6452830188679244,0.1509433962264151,159,0.24617737003058096,0.7568807339449541,0.43058103975535167,0.5042546254684392,0.02905198776758411,0.20638295311398414,0.7859327217125383,0.7106375785824234,0.09174311926605505,0.4,0.3302752293577982,0.09174311926605505,60,0.23569023569023573,0.7643097643097643,0.23569023569023573
emotions,GSI_MLC_PA_MLP,0.40,1,Operating Point,,0.12176312303294702,12,,0.9494535519125683,1.364398881640261,0.06896551724137931,174,0.25245901639344265,0.7622950819672132,0.3535519125683061,0.47630847031508927,0.005464480874316835,0.1777349615737953,0.76775956284153,0.6540434318888846,0.050546448087431695,0.32432432432432434,0.30327868852459017,0.050546448087431695,37,0.24460431654676262,0.7553956834532374,0.24460431654676262
emotions,GSI_MLC_PA_MLP,0.40,2,Operating Point,,0.09953619486855673,20,,0.9173669467787114,1.4580355319583418,0.12048192771084337,166,0.2599439775910364,0.7675070028011204,0.3434173669467787,0.444137075119903,0.0056022408963586345,0.25541069734094296,0.773109243697479,0.699547772460846,0.08263305322128851,0.3389830508474576,0.42857142857142855,0.08263305322128851,59,0.24732824427480915,0.7526717557251908,0.24732824427480915
emotions,GSI_MLC_PA_MLP,0.40,3,Operating Point,,0.10244853718529226,14,,0.9552845528455285,1.8636363636363635,0.08333333333333333,168,0.24010840108401085,0.7723577235772358,0.4428184281842818,0.5032810355998042,0.005420054200542035,0.1467411592775999,0.7777777777777778,0.6500221948774041,0.044715447154471545,0.42424242424242425,0.2682926829268293,0.044715447154471545,33,0.2326241134751773,0.7673758865248227,0.2326241134751773
emotions,GSI_MLC_PA_MLP,0.40,4,Operating Point,,0.10462491462708481,10,,0.9416666666666667,1.0084033613445378,0.058823529411764705,170,0.28027777777777774,0.7638888888888888,0.3808333333333333,0.46848561289721274,-0.02083333333333326,0.21531829898374527,0.7430555555555556,0.683803911880958,0.058333333333333334,0.23809523809523808,0.35,0.058333333333333334,42,0.2728613569321534,0.7271386430678466,0.2728613569321534
emotions,GSI_MLC_PA_MLP,0.40,5,Operating Point,,0.11018455348141055,13,,0.9541284403669725,1.782389937106918,0.08176100628930817,159,0.25382262996941896,0.7568807339449541,0.43058103975535167,0.5042546254684392,0.007645259938837912,0.1762105393208807,0.764525993883792,0.68046516478932,0.045871559633027525,0.43333333333333335,0.27522935779816515,0.045871559633027525,30,0.2467948717948718,0.7532051282051282,0.2467948717948718
emotions,GSI_MLC_PA_MLP,0.50,1,Operating Point,,0.12176312303294702,0,,1.0,,0.0,174,0.25546448087431695,0.7622950819672132,0.3535519125683061,0.47630847031508927,-0.01775956284153013,0.13447967040051456,0.744535519125683,0.6107881407156038,0.0,,0.0,0.0,0,0.25546448087431695,0.744535519125683,0.25546448087431695
emotions,GSI_MLC_PA_MLP,0.50,2,Operating Point,,0.09953619486855673,0,,1.0,,0.0,166,0.2773109243697479,0.7675070028011204,0.3434173669467787,0.444137075119903,-0.0448179271708683,0.18759349461282865,0.7226890756302521,0.6317305697327317,0.0,,0.0,0.0,0,0.2773109243697479,0.7226890756302521,0.2773109243697479
emotions,GSI_MLC_PA_MLP,0.50,3,Operating Point,,0.10244853718529226,0,,1.0,,0.0,168,0.24254742547425473,0.7723577235772358,0.4428184281842818,0.5032810355998042,-0.01490514905149054,0.10891648395292464,0.7574525745257452,0.6121975195527288,0.0,,0.0,0.0,0,0.24254742547425479,0.7574525745257452,0.24254742547425479
emotions,GSI_MLC_PA_MLP,0.50,4,Operating Point,,0.10462491462708481,0,,1.0,,0.0,170,0.3013888888888889,0.7638888888888888,0.3808333333333333,0.46848561289721274,-0.06527777777777777,0.16215823233694043,0.6986111111111111,0.6306438452341532,0.0,,0.0,0.0,0,0.30138888888888893,0.6986111111111111,0.30138888888888893
emotions,GSI_MLC_PA_MLP,0.50,5,Operating Point,,0.11018455348141055,0,,1.0,,0.0,159,0.25535168195718655,0.7568807339449541,0.43058103975535167,0.5042546254684392,-0.012232415902140747,0.14440425971412985,0.7446483180428134,0.6486588851825691,0.0,,0.0,0.0,0,0.2553516819571866,0.7446483180428134,0.2553516819571866
genbase,MLC_PA_Logistic,0.20,1,Operating Point,,0.0009745309228838965,0,,1.0,,0.0,7,0.001392369813422445,0.9980506822612085,0.9752953813104189,0.6592592592592593,0.000556947925369089,0.007407407407407307,0.9986076301865776,0.6666666666666666,0.0,,0.0,0.0,0,0.0013923698134223894,0.9986076301865776,0.0013923698134223894
genbase,MLC_PA_Logistic,0.20,2,Operating Point,,0.0010918586728118492,1,,0.8872053872053872,1.4776119402985073,0.16666666666666666,6,0.02592592592592593,0.9983164983164983,0.9895743145743147,0.6543209876543209,-0.0016835016835016203,-0.020576131687242705,0.9966329966329966,0.6337448559670782,0.1127946127946128,0.0024875621890547263,1.0,0.1127946127946128,402,0.003795066413662229,0.9962049335863378,0.003795066413662229
genbase,MLC_PA_Logistic,0.20,3,Operating Point,,4.61306107151492e-05,2,,0.8518518518518519,1.5,0.2222222222222222,9,0.03215488215488215,0.9974747474747475,0.9666666666666667,0.6855031173871753,0.0,0.0,0.9974747474747475,0.6855031173871753,0.14814814814814814,0.003787878787878788,1.0,0.14814814814814814,528,0.0029644268774703386,0.9970355731225297,0.0029644268774703386
genbase,MLC_PA_Logistic,0.20,4,Operating Point,,7.267208645524376e-05,2,,0.9974747474747475,158.4,0.4,5,0.0016273849607182937,0.9985970819304153,0.9722222222222221,0.7326185834957765,0.0002805836139169182,-0.010396361273554255,0.9988776655443322,0.7222222222222222,0.0025252525252525255,0.2222222222222222,0.06818181818181818,0.0025252525252525255,9,0.0011251758087200692,0.9988748241912799,0.0011251758087200692
genbase,MLC_PA_Logistic,0.20,5,Operating Point,,0.001044132879304431,1,,0.8886104149262044,1.49625,0.16666666666666666,6,0.023670286828181574,0.9983291562238931,0.9834586466165413,0.65942634363687,0.0002784739626845445,0.03703703703703709,0.9986076301865776,0.6964633806739071,0.1113895850737956,0.0025,1.0,0.1113895850737956,400,0.001566906925728584,0.9984330930742714,0.001566906925728584
genbase,MLC_PA_Logistic,0.25,1,Operating Point,,0.0009745309228838965,0,,1.0,,0.0,7,0.001392369813422445,0.9980506822612085,0.9752953813104189,0.6592592592592593,0.000556947925369089,0.007407407407407307,0.9986076301865776,0.6666666666666666,0.0,,0.0,0.0,0,0.0013923698134223894,0.9986076301865776,0.0013923698134223894
genbase,MLC_PA_Logistic,0.25,2,Operating Point,,0.0010918586728118492,1,,0.8872053872053872,1.4776119402985073,0.16666666666666666,6,0.03156565656565657,0.9983164983164983,0.9895743145743147,0.6543209876543209,-0.0016835016835016203,-0.020576131687242705,0.9966329966329966,0.6337448559670782,0.1127946127946128,0.0024875621890547263,1.0,0.1127946127946128,402,0.003795066413662229,0.9962049335863378,0.003795066413662229
genbase,MLC_PA_Logistic,0.25,3,Operating Point,,4.61306107151492e-05,2,,0.8518518518518519,1.5,0.2222222222222222,9,0.03956228956228956,0.9974747474747475,0.9666666666666667,0.6855031173871753,0.0,0.0,0.9974747474747475,0.6855031173871753,0.14814814814814814,0.003787878787878788,1.0,0.14814814814814814,528,0.0029644268774703386,0.9970355731225297,0.0029644268774703386
genbase,MLC_PA_Logistic,0.25,4,Operating Point,,7.267208645524376e-05,2,,0.9974747474747475,158.4,0.4,5,0.0017536475869809204,0.9985970819304153,0.9722222222222221,0.7326185834957765,0.0002805836139169182,-0.010396361273554255,0.9988776655443322,0.7222222222222222,0.0025252525252525255,0.2222222222222222,0.06818181818181818,0.0025252525252525255,9,0.0011251758087200692,0.9988748241912799,0.0011251758087200692
genbase,MLC_PA_Logistic,0.25,5,Operating Point,,0.001044132879304431,1,,0.8886104149262044,1.49625,0.16666666666666666,6,0.029239766081871343,0.9983291562238931,0.9834586466165413,0.65942634363687,0.0002784739626845445,0.03703703703703709,0.9986076301865776,0.6964633806739071,0.1113895850737956,0.0025,1.0,0.1113895850737956,400,0.001566906925728584,0.9984330930742714,0.001566906925728584
genbase,MLC_PA_Logistic,0.30,1,Operating Point,,0.0009745309228838965,0,,1.0,,0.0,7,0.001392369813422445,0.9980506822612085,0.9752953813104189,0.6592592592592593,0.000556947925369089,0.007407407407407307,0.9986076301865776,0.6666666666666666,0.0,,0.0,0.0,0,0.0013923698134223894,0.9986076301865776,0.0013923698134223894
genbase,MLC_PA_Logistic,0.30,2,Operating Point,,0.0010918586728118492,1,,0.8872053872053872,1.4776119402985073,0.16666666666666666,6,0.03720538720538722,0.9983164983164983,0.9895743145743147,0.6543209876543209,-0.0016835016835016203,-0.020576131687242705,0.9966329966329966,0.6337448559670782,0.1127946127946128,0.0024875621890547263,1.0,0.1127946127946128,402,0.003795066413662229,0.9962049335863378,0.003795066413662229
genbase,MLC_PA_Logistic,0.30,3,Operating Point,,4.61306107151492e-05,2,,0.8518518518518519,1.5,0.2222222222222222,9,0.046969696969696974,0.9974747474747475,0.9666666666666667,0.6855031173871753,0.0,0.0,0.9974747474747475,0.6855031173871753,0.14814814814814814,0.003787878787878788,1.0,0.14814814814814814,528,0.0029644268774703386,0.9970355731225297,0.0029644268774703386
genbase,MLC_PA_Logistic,0.30,4,Operating Point,,7.267208645524376e-05,2,,0.9974747474747475,158.4,0.4,5,0.0018799102132435468,0.9985970819304153,0.9722222222222221,0.7326185834957765,0.0002805836139169182,-0.010396361273554255,0.9988776655443322,0.7222222222222222,0.0025252525252525255,0.2222222222222222,0.06818181818181818,0.0025252525252525255,9,0.0011251758087200692,0.9988748241912799,0.0011251758087200692
genbase,MLC_PA_Logistic,0.30,5,Operating Point,,0.001044132879304431,1,,0.8886104149262044,1.49625,0.16666666666666666,6,0.03480924533556113,0.9983291562238931,0.9834586466165413,0.65942634363687,0.0002784739626845445,0.03703703703703709,0.9986076301865776,0.6964633806739071,0.1113895850737956,0.0025,1.0,0.1113895850737956,400,0.001566906925728584,0.9984330930742714,0.001566906925728584
genbase,MLC_PA_Logistic,0.35,1,Operating Point,,0.0009745309228838965,0,,1.0,,0.0,7,0.001392369813422445,0.9980506822612085,0.9752953813104189,0.6592592592592593,0.000556947925369089,0.007407407407407307,0.9986076301865776,0.6666666666666666,0.0,,0.0,0.0,0,0.0013923698134223894,0.9986076301865776,0.0013923698134223894
genbase,MLC_PA_Logistic,0.35,2,Operating Point,,0.0010918586728118492,1,,0.8872053872053872,1.4776119402985073,0.16666666666666666,6,0.04284511784511784,0.9983164983164983,0.9895743145743147,0.6543209876543209,-0.0016835016835016203,-0.020576131687242705,0.9966329966329966,0.6337448559670782,0.1127946127946128,0.0024875621890547263,1.0,0.1127946127946128,402,0.003795066413662229,0.9962049335863378,0.003795066413662229
genbase,MLC_PA_Logistic,0.35,3,Operating Point,,4.61306107151492e-05,2,,0.8518518518518519,1.5,0.2222222222222222,9,0.054377104377104385,0.9974747474747475,0.9666666666666667,0.6855031173871753,0.0,0.0,0.9974747474747475,0.6855031173871753,0.14814814814814814,0.003787878787878788,1.0,0.14814814814814814,528,0.0029644268774703386,0.9970355731225297,0.0029644268774703386
genbase,MLC_PA_Logistic,0.35,4,Operating Point,,7.267208645524376e-05,2,,0.9974747474747475,158.4,0.4,5,0.002006172839506173,0.9985970819304153,0.9722222222222221,0.7326185834957765,0.0002805836139169182,-0.010396361273554255,0.9988776655443322,0.7222222222222222,0.0025252525252525255,0.2222222222222222,0.06818181818181818,0.0025252525252525255,9,0.0011251758087200692,0.9988748241912799,0.0011251758087200692
genbase,MLC_PA_Logistic,0.35,5,Operating Point,,0.001044132879304431,1,,0.8886104149262044,1.49625,0.16666666666666666,6,0.04037872458925089,0.9983291562238931,0.9834586466165413,0.65942634363687,0.0002784739626845445,0.03703703703703709,0.9986076301865776,0.6964633806739071,0.1113895850737956,0.0025,1.0,0.1113895850737956,400,0.001566906925728584,0.9984330930742714,0.001566906925728584
genbase,MLC_PA_Logistic,0.40,1,Operating Point,,0.0009745309228838965,0,,1.0,,0.0,7,0.001392369813422445,0.9980506822612085,0.9752953813104189,0.6592592592592593,0.000556947925369089,0.007407407407407307,0.9986076301865776,0.6666666666666666,0.0,,0.0,0.0,0,0.0013923698134223894,0.9986076301865776,0.0013923698134223894
genbase,MLC_PA_Logistic,0.40,2,Operating Point,,0.0010918586728118492,1,,0.8872053872053872,1.4776119402985073,0.16666666666666666,6,0.048484848484848485,0.9983164983164983,0.9895743145743147,0.6543209876543209,-0.0016835016835016203,-0.020576131687242705,0.9966329966329966,0.6337448559670782,0.1127946127946128,0.0024875621890547263,1.0,0.1127946127946128,402,0.003795066413662229,0.9962049335863378,0.003795066413662229
genbase,MLC_PA_Logistic,0.40,3,Operating Point,,4.61306107151492e-05,2,,0.8518518518518519,1.5,0.2222222222222222,9,0.061784511784511775,0.9974747474747475,0.9666666666666667,0.6855031173871753,0.0,0.0,0.9974747474747475,0.6855031173871753,0.14814814814814814,0.003787878787878788,1.0,0.14814814814814814,528,0.0029644268774703386,0.9970355731225297,0.0029644268774703386
genbase,MLC_PA_Logistic,0.40,4,Operating Point,,7.267208645524376e-05,2,,0.9974747474747475,158.4,0.4,5,0.002132435465768799,0.9985970819304153,0.9722222222222221,0.7326185834957765,0.0002805836139169182,-0.010396361273554255,0.9988776655443322,0.7222222222222222,0.0025252525252525255,0.2222222222222222,0.06818181818181818,0.0025252525252525255,9,0.0011251758087200692,0.9988748241912799,0.0011251758087200692
genbase,MLC_PA_Logistic,0.40,5,Operating Point,,0.001044132879304431,1,,0.8886104149262044,1.49625,0.16666666666666666,6,0.0459482038429407,0.9983291562238931,0.9834586466165413,0.65942634363687,0.0002784739626845445,0.03703703703703709,0.9986076301865776,0.6964633806739071,0.1113895850737956,0.0025,1.0,0.1113895850737956,400,0.001566906925728584,0.9984330930742714,0.001566906925728584
genbase,MLC_PA_Logistic,0.50,1,Operating Point,,0.0009745309228838965,0,,1.0,,0.0,7,0.001392369813422445,0.9980506822612085,0.9752953813104189,0.6592592592592593,0.000556947925369089,0.007407407407407307,0.9986076301865776,0.6666666666666666,0.0,,0.0,0.0,0,0.0013923698134223894,0.9986076301865776,0.0013923698134223894
genbase,MLC_PA_Logistic,0.50,2,Operating Point,,0.0010918586728118492,0,,1.0,,0.0,6,0.003647586980920314,0.9983164983164983,0.9895743145743147,0.6543209876543209,-0.0019640852974185385,-0.057613168724279795,0.9963524130190797,0.5967078189300411,0.0,,0.0,0.0,0,0.00364758698092027,0.9963524130190797,0.00364758698092027
genbase,MLC_PA_Logistic,0.50,3,Operating Point,,4.61306107151492e-05,0,,1.0,,0.0,9,0.0030864197530864196,0.9974747474747475,0.9666666666666667,0.6855031173871753,-0.0005611672278339475,-0.07407407407407407,0.9969135802469136,0.6114290433131012,0.0,,0.0,0.0,0,0.0030864197530864335,0.9969135802469136,0.0030864197530864335
genbase,MLC_PA_Logistic,0.50,4,Operating Point,,7.267208645524376e-05,0,,1.0,,0.0,5,0.002244668911335578,0.9985970819304153,0.9722222222222221,0.7326185834957765,-0.0008417508417508657,-0.03508771929824561,0.9977553310886644,0.6975308641975309,0.0,,0.0,0.0,0,0.002244668911335568,0.9977553310886644,0.002244668911335568
genbase,MLC_PA_Logistic,0.50,5,Operating Point,,0.001044132879304431,0,,1.0,,0.0,6,0.001670843776106934,0.9983291562238931,0.9834586466165413,0.65942634363687,0.0,0.0,0.9983291562238931,0.65942634363687,0.0,,0.0,0.0,0,0.001670843776106934,0.9983291562238931,0.001670843776106934
genbase,GSI_MLC_PA_Logistic,0.20,1,Operating Point,,0.0009714681473837448,0,,0.9986076301865775,0.0,0.0,7,0.001113895850737956,0.9980506822612085,0.9752953813104189,0.6592592592592593,0.001113895850737956,0.0444444444444444,0.9991645781119465,0.7037037037037037,0.001392369813422445,0.0,0.03759398496240601,0.001392369813422445,5,0.0008365867261572735,0.9991634132738427,0.0008365867261572735
genbase,GSI_MLC_PA_Logistic,0.20,2,Operating Point,,0.0010883031124985045,0,,0.9983164983164983,0.0,0.0,5,0.001739618406285073,0.9985970819304153,0.9906565656565656,0.691358024691358,0.0,0.024691358024691357,0.9985970819304153,0.7160493827160493,0.0016835016835016834,0.0,0.045454545454545456,0.0016835016835016834,6,0.0014052838673411783,0.9985947161326588,0.0014052838673411783
genbase,GSI_MLC_PA_Logistic,0.20,3,Operating Point,,4.394879239673927e-05,1,,0.9991582491582491,132.0,0.1111111111111111,9,0.002413019079685746,0.9974747474747475,0.9666666666666667,0.6855031173871753,0.0002805836139169182,0.03703703703703709,0.9977553310886644,0.7225401544242124,0.0008417508417508417,0.3333333333333333,0.022727272727272728,0.0008417508417508417,3,0.0022465599550688387,0.9977534400449312,0.0022465599550688387
genbase,GSI_MLC_PA_Logistic,0.20,4,Operating Point,,9.598146741939337e-05,0,,0.9983164983164983,0.0,0.0,5,0.001739618406285073,0.9985970819304153,0.9722222222222221,0.7326185834957765,0.0,0.0,0.9985970819304153,0.7326185834957765,0.0016835016835016834,0.0,0.045454545454545456,0.0016835016835016834,6,0.0014052838673411783,0.9985947161326588,0.0014052838673411783
genbase,GSI_MLC_PA_Logistic,0.20,5,Operating Point,,0.0010377209792977306,1,,0.9966583124477861,49.875,0.16666666666666666,6,0.0017822333611807295,0.9983291562238931,0.9834586466165413,0.65942634363687,0.000556947925368978,0.07317438896386264,0.998886104149262,0.7326007326007327,0.003341687552213868,0.08333333333333333,0.06766917293233082,0.003341687552213868,12,0.0011176306230791244,0.9988823693769209,0.0011176306230791244
genbase,GSI_MLC_PA_Logistic,0.25,1,Operating Point,,0.0009714681473837448,0,,0.9986076301865775,0.0,0.0,7,0.0011835143414090782,0.9980506822612085,0.9752953813104189,0.6592592592592593,0.001113895850737956,0.0444444444444444,0.9991645781119465,0.7037037037037037,0.001392369813422445,0.0,0.03759398496240601,0.001392369813422445,5,0.0008365867261572735,0.9991634132738427,0.0008365867261572735
genbase,GSI_MLC_PA_Logistic,0.25,2,Operating Point,,0.0010883031124985045,0,,0.9983164983164983,0.0,0.0,5,0.001823793490460157,0.9985970819304153,0.9906565656565656,0.691358024691358,0.0,0.024691358024691357,0.9985970819304153,0.7160493827160493,0.0016835016835016834,0.0,0.045454545454545456,0.0016835016835016834,6,0.0014052838673411783,0.9985947161326588,0.0014052838673411783
genbase,GSI_MLC_PA_Logistic,0.25,3,Operating Point,,4.394879239673927e-05,1,,0.9991582491582491,132.0,0.1111111111111111,9,0.0024551066217732885,0.9974747474747475,0.9666666666666667,0.6855031173871753,0.0002805836139169182,0.03703703703703709,0.9977553310886644,0.7225401544242124,0.0008417508417508417,0.3333333333333333,0.022727272727272728,0.0008417508417508417,3,0.0022465599550688387,0.9977534400449312,0.0022465599550688387
genbase,GSI_MLC_PA_Logistic,0.25,4,Operating Point,,9.598146741939337e-05,0,,0.9983164983164983,0.0,0.0,5,0.001823793490460157,0.9985970819304153,0.9722222222222221,0.7326185834957765,0.0,0.0,0.9985970819304153,0.7326185834957765,0.0016835016835016834,0.0,0.045454545454545456,0.0016835016835016834,6,0.0014052838673411783,0.9985947161326588,0.0014052838673411783
genbase,GSI_MLC_PA_Logistic,0.25,5,Operating Point,,0.0010377209792977306,1,,0.9966583124477861,49.875,0.16666666666666666,6,0.001949317738791423,0.9983291562238931,0.9834586466165413,0.65942634363687,0.000556947925368978,0.07317438896386264,0.998886104149262,0.7326007326007327,0.003341687552213868,0.08333333333333333,0.06766917293233082,0.003341687552213868,12,0.0011176306230791244,0.9988823693769209,0.0011176306230791244
genbase,GSI_MLC_PA_Logistic,0.30,1,Operating Point,,0.0009714681473837448,0,,0.9986076301865775,0.0,0.0,7,0.0012531328320802002,0.9980506822612085,0.9752953813104189,0.6592592592592593,0.001113895850737956,0.0444444444444444,0.9991645781119465,0.7037037037037037,0.001392369813422445,0.0,0.03759398496240601,0.001392369813422445,5,0.0008365867261572735,0.9991634132738427,0.0008365867261572735
genbase,GSI_MLC_PA_Logistic,0.30,2,Operating Point,,0.0010883031124985045,0,,0.9983164983164983,0.0,0.0,5,0.0019079685746352412,0.9985970819304153,0.9906565656565656,0.691358024691358,0.0,0.024691358024691357,0.9985970819304153,0.7160493827160493,0.0016835016835016834,0.0,0.045454545454545456,0.0016835016835016834,6,0.0014052838673411783,0.9985947161326588,0.0014052838673411783
genbase,GSI_MLC_PA_Logistic,0.30,3,Operating Point,,4.394879239673927e-05,1,,0.9991582491582491,132.0,0.1111111111111111,9,0.0024971941638608306,0.9974747474747475,0.9666666666666667,0.6855031173871753,0.0002805836139169182,0.03703703703703709,0.9977553310886644,0.7225401544242124,0.0008417508417508417,0.3333333333333333,0.022727272727272728,0.0008417508417508417,3,0.0022465599550688387,0.9977534400449312,0.0022465599550688387
genbase,GSI_MLC_PA_Logistic,0.30,4,Operating Point,,9.598146741939337e-05,0,,0.9983164983164983,0.0,0.0,5,0.0019079685746352412,0.9985970819304153,0.9722222222222221,0.7326185834957765,0.0,0.0,0.9985970819304153,0.7326185834957765,0.0016835016835016834,0.0,0.045454545454545456,0.0016835016835016834,6,0.0014052838673411783,0.9985947161326588,0.0014052838673411783
genbase,GSI_MLC_PA_Logistic,0.30,5,Operating Point,,0.0010377209792977306,1,,0.9966583124477861,49.875,0.16666666666666666,6,0.0021164021164021165,0.9983291562238931,0.9834586466165413,0.65942634363687,0.000556947925368978,0.07317438896386264,0.998886104149262,0.7326007326007327,0.003341687552213868,0.08333333333333333,0.06766917293233082,0.003341687552213868,12,0.0011176306230791244,0.9988823693769209,0.0011176306230791244
genbase,GSI_MLC_PA_Logistic,0.35,1,Operating Point,,0.0009714681473837448,0,,0.9986076301865775,0.0,0.0,7,0.0013227513227513227,0.9980506822612085,0.9752953813104189,0.6592592592592593,0.001113895850737956,0.0444444444444444,0.9991645781119465,0.7037037037037037,0.001392369813422445,0.0,0.03759398496240601,0.001392369813422445,5,0.0008365867261572735,0.9991634132738427,0.0008365867261572735
genbase,GSI_MLC_PA_Logistic,0.35,2,Operating Point,,0.0010883031124985045,0,,0.9983164983164983,0.0,0.0,5,0.0019921436588103253,0.9985970819304153,0.9906565656565656,0.691358024691358,0.0,0.024691358024691357,0.9985970819304153,0.7160493827160493,0.0016835016835016834,0.0,0.045454545454545456,0.0016835016835016834,6,0.0014052838673411783,0.9985947161326588,0.0014052838673411783
genbase,GSI_MLC_PA_Logistic,0.35,3,Operating Point,,4.394879239673927e-05,1,,0.9991582491582491,132.0,0.1111111111111111,9,0.0025392817059483727,0.9974747474747475,0.9666666666666667,0.6855031173871753,0.0002805836139169182,0.03703703703703709,0.9977553310886644,0.7225401544242124,0.0008417508417508417,0.3333333333333333,0.022727272727272728,0.0008417508417508417,3,0.0022465599550688387,0.9977534400449312,0.0022465599550688387
genbase,GSI_MLC_PA_Logistic,0.35,4,Operating Point,,9.598146741939337e-05,0,,0.9983164983164983,0.0,0.0,5,0.0019921436588103253,0.9985970819304153,0.9722222222222221,0.7326185834957765,0.0,0.0,0.9985970819304153,0.7326185834957765,0.0016835016835016834,0.0,0.045454545454545456,0.0016835016835016834,6,0.0014052838673411783,0.9985947161326588,0.0014052838673411783
genbase,GSI_MLC_PA_Logistic,0.35,5,Operating Point,,0.0010377209792977306,1,,0.9966583124477861,49.875,0.16666666666666666,6,0.0022834864940128098,0.9983291562238931,0.9834586466165413,0.65942634363687,0.000556947925368978,0.07317438896386264,0.998886104149262,0.7326007326007327,0.003341687552213868,0.08333333333333333,0.06766917293233082,0.003341687552213868,12,0.0011176306230791244,0.9988823693769209,0.0011176306230791244
genbase,GSI_MLC_PA_Logistic,0.40,1,Operating Point,,0.0009714681473837448,0,,0.9986076301865775,0.0,0.0,7,0.001392369813422445,0.9980506822612085,0.9752953813104189,0.6592592592592593,0.001113895850737956,0.0444444444444444,0.9991645781119465,0.7037037037037037,0.001392369813422445,0.0,0.03759398496240601,0.001392369813422445,5,0.0008365867261572735,0.9991634132738427,0.0008365867261572735
genbase,GSI_MLC_PA_Logistic,0.40,2,Operating Point,,0.0010883031124985045,0,,0.9983164983164983,0.0,0.0,5,0.00207631874298541,0.9985970819304153,0.9906565656565656,0.691358024691358,0.0,0.024691358024691357,0.9985970819304153,0.7160493827160493,0.0016835016835016834,0.0,0.045454545454545456,0.0016835016835016834,6,0.0014052838673411783,0.9985947161326588,0.0014052838673411783
genbase,GSI_MLC_PA_Logistic,0.40,3,Operating Point,,4.394879239673927e-05,1,,0.9991582491582491,132.0,0.1111111111111111,9,0.0025813692480359143,0.9974747474747475,0.9666666666666667,0.6855031173871753,0.0002805836139169182,0.03703703703703709,0.9977553310886644,0.7225401544242124,0.0008417508417508417,0.3333333333333333,0.022727272727272728,0.0008417508417508417,3,0.0022465599550688387,0.9977534400449312,0.0022465599550688387
genbase,GSI_MLC_PA_Logistic,0.40,4,Operating Point,,9.598146741939337e-05,0,,0.9983164983164983,0.0,0.0,5,0.00207631874298541,0.9985970819304153,0.9722222222222221,0.7326185834957765,0.0,0.0,0.9985970819304153,0.7326185834957765,0.0016835016835016834,0.0,0.045454545454545456,0.0016835016835016834,6,0.0014052838673411783,0.9985947161326588,0.0014052838673411783
genbase,GSI_MLC_PA_Logistic,0.40,5,Operating Point,,0.0010377209792977306,1,,0.9966583124477861,49.875,0.16666666666666666,6,0.0024505708716235034,0.9983291562238931,0.9834586466165413,0.65942634363687,0.000556947925368978,0.07317438896386264,0.998886104149262,0.7326007326007327,0.003341687552213868,0.08333333333333333,0.06766917293233082,0.003341687552213868,12,0.0011176306230791244,0.9988823693769209,0.0011176306230791244
genbase,GSI_MLC_PA_Logistic,0.50,1,Operating Point,,0.0009714681473837448,0,,1.0,,0.0,7,0.000835421888053467,0.9980506822612085,0.9752953813104189,0.6592592592592593,0.001113895850737956,0.0444444444444444,0.9991645781119465,0.7037037037037037,0.0,,0.0,0.0,0,0.0008354218880535225,0.9991645781119465,0.0008354218880535225
genbase,GSI_MLC_PA_Logistic,0.50,2,Operating Point,,0.0010883031124985045,0,,1.0,,0.0,5,0.0014029180695847362,0.9985970819304153,0.9906565656565656,0.691358024691358,0.0,0.024691358024691357,0.9985970819304153,0.7160493827160493,0.0,,0.0,0.0,0,0.0014029180695847021,0.9985970819304153,0.0014029180695847021
genbase,GSI_MLC_PA_Logistic,0.50,3,Operating Point,,4.394879239673927e-05,0,,1.0,,0.0,9,0.0025252525252525255,0.9974747474747475,0.9666666666666667,0.6855031173871753,0.0,0.0,0.9974747474747475,0.6855031173871753,0.0,,0.0,0.0,0,0.002525252525252486,0.9974747474747475,0.002525252525252486
genbase,GSI_MLC_PA_Logistic,0.50,4,Operating Point,,9.598146741939337e-05,0,,1.0,,0.0,5,0.0014029180695847362,0.9985970819304153,0.9722222222222221,0.7326185834957765,0.0,0.0,0.9985970819304153,0.7326185834957765,0.0,,0.0,0.0,0,0.0014029180695847021,0.9985970819304153,0.0014029180695847021
genbase,GSI_MLC_PA_Logistic,0.50,5,Operating Point,,0.0010377209792977306,0,,1.0,,0.0,6,0.001392369813422445,0.9983291562238931,0.9834586466165413,0.65942634363687,0.0002784739626845445,0.036137351926825545,0.9986076301865776,0.6955636955636956,0.0,,0.0,0.0,0,0.0013923698134223894,0.9986076301865776,0.0013923698134223894
genbase,MLC_PA_SVM,0.20,1,Operating Point,,0.0009644580091799186,0,,1.0,,0.0,1,0.000835421888053467,0.9997215260373156,0.9974937343358398,0.7777777777777778,-0.000556947925369089,-0.07407407407407407,0.9991645781119465,0.7037037037037037,0.0,,0.0,0.0,0,0.0008354218880535225,0.9991645781119465,0.0008354218880535225
genbase,MLC_PA_SVM,0.20,2,Operating Point,,0.0011176157860148578,1,,0.8888888888888888,3.0,0.3333333333333333,3,0.02418630751964086,0.9991582491582491,0.9946969696969697,0.7654320987654321,-0.001122334455667784,-0.11111111111111116,0.9980359147025814,0.6543209876543209,0.1111111111111111,0.0025252525252525255,1.0,0.1111111111111111,396,0.0022095959595959114,0.9977904040404041,0.0022095959595959114
genbase,MLC_PA_SVM,0.20,3,Operating Point,,0.0003498253062772139,1,,0.8521324354657688,1.127134724857685,0.16666666666666666,6,0.031818181818181815,0.9983164983164983,0.9767676767676768,0.7669845988686569,-0.0005611672278338364,-0.07407407407407407,0.9977553310886644,0.6929105247945828,0.1478675645342312,0.0018975332068311196,1.0,0.1478675645342312,527,0.0026341784655909972,0.997365821534409,0.0026341784655909972
genbase,MLC_PA_SVM,0.20,4,Operating Point,,6.453280651632726e-05,0,,0.9991582491582491,0.0,0.0,2,0.0010101010101010103,0.999438832772166,0.9949494949494948,0.7654320987654322,-0.0002805836139169182,-0.03703703703703709,0.9991582491582491,0.7283950617283951,0.0008417508417508417,0.0,0.022727272727272728,0.0008417508417508417,3,0.0008424599831508006,0.9991575400168492,0.0008424599831508006
genbase,MLC_PA_SVM,0.20,5,Operating Point,,0.001271528448543715,1,,0.8888888888888888,2.25,0.25,4,0.023336118072960182,0.998886104149262,0.9909774436090226,0.7326007326007327,0.0,0.0,0.998886104149262,0.7326007326007327,0.1111111111111111,0.002506265664160401,1.0,0.1111111111111111,399,0.0012531328320801727,0.9987468671679198,0.0012531328320801727
genbase,MLC_PA_SVM,0.25,1,Operating Point,,0.0009644580091799186,0,,1.0,,0.0,1,0.000835421888053467,0.9997215260373156,0.9974937343358398,0.7777777777777778,-0.000556947925369089,-0.07407407407407407,0.9991645781119465,0.7037037037037037,0.0,,0.0,0.0,0,0.0008354218880535225,0.9991645781119465,0.0008354218880535225
genbase,MLC_PA_SVM,0.25,2,Operating Point,,0.0011176157860148578,1,,0.8888888888888888,3.0,0.3333333333333333,3,0.02974186307519641,0.9991582491582491,0.9946969696969697,0.7654320987654321,-0.001122334455667784,-0.11111111111111116,0.9980359147025814,0.6543209876543209,0.1111111111111111,0.0025252525252525255,1.0,0.1111111111111111,396,0.0022095959595959114,0.9977904040404041,0.0022095959595959114
genbase,MLC_PA_SVM,0.25,3,Operating Point,,0.0003498253062772139,1,,0.8521324354657688,1.127134724857685,0.16666666666666666,6,0.03921156004489338,0.9983164983164983,0.9767676767676768,0.7669845988686569,-0.0005611672278338364,-0.07407407407407407,0.9977553310886644,0.6929105247945828,0.1478675645342312,0.0018975332068311196,1.0,0.1478675645342312,527,0.0026341784655909972,0.997365821534409,0.0026341784655909972
genbase,MLC_PA_SVM,0.25,4,Operating Point,,6.453280651632726e-05,0,,0.9991582491582491,0.0,0.0,2,0.0010521885521885522,0.999438832772166,0.9949494949494948,0.7654320987654322,-0.0002805836139169182,-0.03703703703703709,0.9991582491582491,0.7283950617283951,0.0008417508417508417,0.0,0.022727272727272728,0.0008417508417508417,3,0.0008424599831508006,0.9991575400168492,0.0008424599831508006
genbase,MLC_PA_SVM,0.25,5,Operating Point,,0.001271528448543715,1,,0.8888888888888888,2.25,0.25,4,0.028891673628515732,0.998886104149262,0.9909774436090226,0.7326007326007327,0.0,0.0,0.998886104149262,0.7326007326007327,0.1111111111111111,0.002506265664160401,1.0,0.1111111111111111,399,0.0012531328320801727,0.9987468671679198,0.0012531328320801727
genbase,MLC_PA_SVM,0.30,1,Operating Point,,0.0009644580091799186,0,,1.0,,0.0,1,0.000835421888053467,0.9997215260373156,0.9974937343358398,0.7777777777777778,-0.000556947925369089,-0.07407407407407407,0.9991645781119465,0.7037037037037037,0.0,,0.0,0.0,0,0.0008354218880535225,0.9991645781119465,0.0008354218880535225
genbase,MLC_PA_SVM,0.30,2,Operating Point,,0.0011176157860148578,1,,0.8888888888888888,3.0,0.3333333333333333,3,0.03529741863075197,0.9991582491582491,0.9946969696969697,0.7654320987654321,-0.001122334455667784,-0.11111111111111116,0.9980359147025814,0.6543209876543209,0.1111111111111111,0.0025252525252525255,1.0,0.1111111111111111,396,0.0022095959595959114,0.9977904040404041,0.0022095959595959114
genbase,MLC_PA_SVM,0.30,3,Operating Point,,0.0003498253062772139,1,,0.8521324354657688,1.127134724857685,0.16666666666666666,6,0.04660493827160494,0.9983164983164983,0.9767676767676768,0.7669845988686569,-0.0005611672278338364,-0.07407407407407407,0.9977553310886644,0.6929105247945828,0.1478675645342312,0.0018975332068311196,1.0,0.1478675645342312,527,0.0026341784655909972,0.997365821534409,0.0026341784655909972
genbase,MLC_PA_SVM,0.30,4,Operating Point,,6.453280651632726e-05,0,,0.9991582491582491,0.0,0.0,2,0.001094276094276094,0.999438832772166,0.9949494949494948,0.7654320987654322,-0.0002805836139169182,-0.03703703703703709,0.9991582491582491,0.7283950617283951,0.0008417508417508417,0.0,0.022727272727272728,0.0008417508417508417,3,0.0008424599831508006,0.9991575400168492,0.0008424599831508006
genbase,MLC_PA_SVM,0.30,5,Operating Point,,0.001271528448543715,1,,0.8888888888888888,2.25,0.25,4,0.034447229184071296,0.998886104149262,0.9909774436090226,0.7326007326007327,0.0,0.0,0.998886104149262,0.7326007326007327,0.1111111111111111,0.002506265664160401,1.0,0.1111111111111111,399,0.0012531328320801727,0.9987468671679198,0.0012531328320801727
genbase,MLC_PA_SVM,0.35,1,Operating Point,,0.0009644580091799186,0,,1.0,,0.0,1,0.000835421888053467,0.9997215260373156,0.9974937343358398,0.7777777777777778,-0.000556947925369089,-0.07407407407407407,0.9991645781119465,0.7037037037037037,0.0,,0.0,0.0,0,0.0008354218880535225,0.9991645781119465,0.0008354218880535225
genbase,MLC_PA_SVM,0.35,2,Operating Point,,0.0011176157860148578,1,,0.8888888888888888,3.0,0.3333333333333333,3,0.04085297418630751,0.9991582491582491,0.9946969696969697,0.7654320987654321,-0.001122334455667784,-0.11111111111111116,0.9980359147025814,0.6543209876543209,0.1111111111111111,0.0025252525252525255,1.0,0.1111111111111111,396,0.0022095959595959114,0.9977904040404041,0.0022095959595959114
genbase,MLC_PA_SVM,0.35,3,Operating Point,,0.0003498253062772139,1,,0.8521324354657688,1.127134724857685,0.16666666666666666,6,0.05399831649831651,0.9983164983164983,0.9767676767676768,0.7669845988686569,-0.0005611672278338364,-0.07407407407407407,0.9977553310886644,0.6929105247945828,0.1478675645342312,0.0018975332068311196,1.0,0.1478675645342312,527,0.0026341784655909972,0.997365821534409,0.0026341784655909972
genbase,MLC_PA_SVM,0.35,4,Operating Point,,6.453280651632726e-05,0,,0.9991582491582491,0.0,0.0,2,0.0011363636363636365,0.999438832772166,0.9949494949494948,0.7654320987654322,-0.0002805836139169182,-0.03703703703703709,0.9991582491582491,0.7283950617283951,0.0008417508417508417,0.0,0.022727272727272728,0.0008417508417508417,3,0.0008424599831508006,0.9991575400168492,0.0008424599831508006
genbase,MLC_PA_SVM,0.35,5,Operating Point,,0.001271528448543715,1,,0.8888888888888888,2.25,0.25,4,0.04000278473962684,0.998886104149262,0.9909774436090226,0.7326007326007327,0.0,0.0,0.998886104149262,0.7326007326007327,0.1111111111111111,0.002506265664160401,1.0,0.1111111111111111,399,0.0012531328320801727,0.9987468671679198,0.0012531328320801727
genbase,MLC_PA_SVM,0.40,1,Operating Point,,0.0009644580091799186,0,,1.0,,0.0,1,0.000835421888053467,0.9997215260373156,0.9974937343358398,0.7777777777777778,-0.000556947925369089,-0.07407407407407407,0.9991645781119465,0.7037037037037037,0.0,,0.0,0.0,0,0.0008354218880535225,0.9991645781119465,0.0008354218880535225
genbase,MLC_PA_SVM,0.40,2,Operating Point,,0.0011176157860148578,1,,0.8888888888888888,3.0,0.3333333333333333,3,0.04640852974186308,0.9991582491582491,0.9946969696969697,0.7654320987654321,-0.001122334455667784,-0.11111111111111116,0.9980359147025814,0.6543209876543209,0.1111111111111111,0.0025252525252525255,1.0,0.1111111111111111,396,0.0022095959595959114,0.9977904040404041,0.0022095959595959114
genbase,MLC_PA_SVM,0.40,3,Operating Point,,0.0003498253062772139,1,,0.8521324354657688,1.127134724857685,0.16666666666666666,6,0.06139169472502805,0.9983164983164983,0.9767676767676768,0.7669845988686569,-0.0005611672278338364,-0.07407407407407407,0.9977553310886644,0.6929105247945828,0.1478675645342312,0.0018975332068311196,1.0,0.1478675645342312,527,0.0026341784655909972,0.997365821534409,0.0026341784655909972
genbase,MLC_PA_SVM,0.40,4,Operating Point,,6.453280651632726e-05,0,,0.9991582491582491,0.0,0.0,2,0.0011784511784511782,0.999438832772166,0.9949494949494948,0.7654320987654322,-0.0002805836139169182,-0.03703703703703709,0.9991582491582491,0.7283950617283951,0.0008417508417508417,0.0,0.022727272727272728,0.0008417508417508417,3,0.0008424599831508006,0.9991575400168492,0.0008424599831508006
genbase,MLC_PA_SVM,0.40,5,Operating Point,,0.001271528448543715,1,,0.8888888888888888,2.25,0.25,4,0.04555834029518241,0.998886104149262,0.9909774436090226,0.7326007326007327,0.0,0.0,0.998886104149262,0.7326007326007327,0.1111111111111111,0.002506265664160401,1.0,0.1111111111111111,399,0.0012531328320801727,0.9987468671679198,0.0012531328320801727
genbase,MLC_PA_SVM,0.50,1,Operating Point,,0.0009644580091799186,0,,1.0,,0.0,1,0.000835421888053467,0.9997215260373156,0.9974937343358398,0.7777777777777778,-0.000556947925369089,-0.07407407407407407,0.9991645781119465,0.7037037037037037,0.0,,0.0,0.0,0,0.0008354218880535225,0.9991645781119465,0.0008354218880535225
genbase,MLC_PA_SVM,0.50,2,Operating Point,,0.0011176157860148578,0,,1.0,,0.0,3,0.002244668911335578,0.9991582491582491,0.9946969696969697,0.7654320987654321,-0.0014029180695847021,-0.14814814814814814,0.9977553310886644,0.6172839506172839,0.0,,0.0,0.0,0,0.002244668911335568,0.9977553310886644,0.002244668911335568
genbase,MLC_PA_SVM,0.50,3,Operating Point,,0.0003498253062772139,0,,1.0,,0.0,6,0.0025252525252525255,0.9983164983164983,0.9767676767676768,0.7669845988686569,-0.0008417508417507547,-0.11111111111111105,0.9974747474747475,0.6558734877575458,0.0,,0.0,0.0,0,0.002525252525252486,0.9974747474747475,0.002525252525252486
genbase,MLC_PA_SVM,0.50,4,Operating Point,,6.453280651632726e-05,0,,1.0,,0.0,2,0.0008417508417508417,0.999438832772166,0.9949494949494948,0.7654320987654322,-0.0002805836139169182,-0.03703703703703709,0.9991582491582491,0.7283950617283951,0.0,,0.0,0.0,0,0.0008417508417508657,0.9991582491582491,0.0008417508417508657
genbase,MLC_PA_SVM,0.50,5,Operating Point,,0.001271528448543715,0,,1.0,,0.0,4,0.001392369813422445,0.998886104149262,0.9909774436090226,0.7326007326007327,-0.0002784739626844335,-0.03703703703703709,0.9986076301865776,0.6955636955636956,0.0,,0.0,0.0,0,0.0013923698134223894,0.9986076301865776,0.0013923698134223894
genbase,GSI_MLC_PA_SVM,0.20,1,Operating Point,,0.0009644580091799186,0,,0.9980506822612085,0.0,0.0,1,0.0012252854358117517,0.9997215260373156,0.9974937343358398,0.7777777777777778,-0.000556947925369089,-0.07407407407407407,0.9991645781119465,0.7037037037037037,0.001949317738791423,0.0,0.05263157894736842,0.001949317738791423,7,0.0008370535714286031,0.9991629464285714,0.0008370535714286031
genbase,GSI_MLC_PA_SVM,0.20,2,Operating Point,,0.0011212213581479995,0,,0.9980359147025814,0.0,0.0,3,0.0015151515151515152,0.9991582491582491,0.9946969696969697,0.7654320987654321,-0.0002805836139169182,-0.03703703703703709,0.9988776655443322,0.728395061728395,0.001964085297418631,0.0,0.05303030303030303,0.001964085297418631,7,0.0011245431543435158,0.9988754568456565,0.0011245431543435158
genbase,GSI_MLC_PA_SVM,0.20,3,Operating Point,,0.00037319049269656684,1,,0.999438832772166,296.99999999999994,0.16666666666666666,6,0.00207631874298541,0.9983164983164983,0.9767676767676768,0.7669845988686569,-0.0002805836139169182,-0.03703703703703698,0.9980359147025814,0.7299475618316199,0.0005611672278338945,0.5,0.015151515151515152,0.0005611672278338945,2,0.001965188096574977,0.998034811903425,0.001965188096574977
genbase,GSI_MLC_PA_SVM,0.20,4,Operating Point,,6.76718972367387e-05,0,,0.9974747474747475,0.0,0.0,2,0.0016273849607182941,0.999438832772166,0.9949494949494948,0.7654320987654322,-0.0005611672278338364,-0.037573805689747886,0.9988776655443322,0.7278582930756843,0.0025252525252525255,0.0,0.06818181818181818,0.0025252525252525255,9,0.0011251758087200692,0.9988748241912799,0.0011251758087200692
genbase,GSI_MLC_PA_SVM,0.20,5,Operating Point,,0.0012093100931864446,0,,0.9983291562238931,0.0,0.0,4,0.0011695906432748538,0.998886104149262,0.9909774436090226,0.7326007326007327,0.0002784739626844335,0.002849002849002802,0.9991645781119465,0.7354497354497355,0.001670843776106934,0.0,0.045112781954887216,0.001670843776106934,6,0.0008368200836820217,0.999163179916318,0.0008368200836820217
genbase,GSI_MLC_PA_SVM,0.25,1,Operating Point,,0.0009644580091799186,0,,0.9980506822612085,0.0,0.0,1,0.0013227513227513227,0.9997215260373156,0.9974937343358398,0.7777777777777778,-0.000556947925369089,-0.07407407407407407,0.9991645781119465,0.7037037037037037,0.001949317738791423,0.0,0.05263157894736842,0.001949317738791423,7,0.0008370535714286031,0.9991629464285714,0.0008370535714286031
genbase,GSI_MLC_PA_SVM,0.25,2,Operating Point,,0.0011212213581479995,0,,0.9980359147025814,0.0,0.0,3,0.0016133557800224467,0.9991582491582491,0.9946969696969697,0.7654320987654321,-0.0002805836139169182,-0.03703703703703709,0.9988776655443322,0.728395061728395,0.001964085297418631,0.0,0.05303030303030303,0.001964085297418631,7,0.0011245431543435158,0.9988754568456565,0.0011245431543435158
genbase,GSI_MLC_PA_SVM,0.25,3,Operating Point,,0.00037319049269656684,1,,0.999438832772166,296.99999999999994,0.16666666666666666,6,0.0021043771043771043,0.9983164983164983,0.9767676767676768,0.7669845988686569,-0.0002805836139169182,-0.03703703703703698,0.9980359147025814,0.7299475618316199,0.0005611672278338945,0.5,0.015151515151515152,0.0005611672278338945,2,0.001965188096574977,0.998034811903425,0.001965188096574977
genbase,GSI_MLC_PA_SVM,0.25,4,Operating Point,,6.76718972367387e-05,0,,0.9974747474747475,0.0,0.0,2,0.0017536475869809204,0.999438832772166,0.9949494949494948,0.7654320987654322,-0.0005611672278338364,-0.037573805689747886,0.9988776655443322,0.7278582930756843,0.0025252525252525255,0.0,0.06818181818181818,0.0025252525252525255,9,0.0011251758087200692,0.9988748241912799,0.0011251758087200692
genbase,GSI_MLC_PA_SVM,0.25,5,Operating Point,,0.0012093100931864446,0,,0.9983291562238931,0.0,0.0,4,0.0012531328320802004,0.998886104149262,0.9909774436090226,0.7326007326007327,0.0002784739626844335,0.002849002849002802,0.9991645781119465,0.7354497354497355,0.001670843776106934,0.0,0.045112781954887216,0.001670843776106934,6,0.0008368200836820217,0.999163179916318,0.0008368200836820217
genbase,GSI_MLC_PA_SVM,0.30,1,Operating Point,,0.0009644580091799186,0,,0.9980506822612085,0.0,0.0,1,0.0014202172096908939,0.9997215260373156,0.9974937343358398,0.7777777777777778,-0.000556947925369089,-0.07407407407407407,0.9991645781119465,0.7037037037037037,0.001949317738791423,0.0,0.05263157894736842,0.001949317738791423,7,0.0008370535714286031,0.9991629464285714,0.0008370535714286031
genbase,GSI_MLC_PA_SVM,0.30,2,Operating Point,,0.0011212213581479995,0,,0.9980359147025814,0.0,0.0,3,0.001711560044893378,0.9991582491582491,0.9946969696969697,0.7654320987654321,-0.0002805836139169182,-0.03703703703703709,0.9988776655443322,0.728395061728395,0.001964085297418631,0.0,0.05303030303030303,0.001964085297418631,7,0.0011245431543435158,0.9988754568456565,0.0011245431543435158
genbase,GSI_MLC_PA_SVM,0.30,3,Operating Point,,0.00037319049269656684,1,,0.999438832772166,296.99999999999994,0.16666666666666666,6,0.002132435465768799,0.9983164983164983,0.9767676767676768,0.7669845988686569,-0.0002805836139169182,-0.03703703703703698,0.9980359147025814,0.7299475618316199,0.0005611672278338945,0.5,0.015151515151515152,0.0005611672278338945,2,0.001965188096574977,0.998034811903425,0.001965188096574977
genbase,GSI_MLC_PA_SVM,0.30,4,Operating Point,,6.76718972367387e-05,0,,0.9974747474747475,0.0,0.0,2,0.0018799102132435463,0.999438832772166,0.9949494949494948,0.7654320987654322,-0.0005611672278338364,-0.037573805689747886,0.9988776655443322,0.7278582930756843,0.0025252525252525255,0.0,0.06818181818181818,0.0025252525252525255,9,0.0011251758087200692,0.9988748241912799,0.0011251758087200692
genbase,GSI_MLC_PA_SVM,0.30,5,Operating Point,,0.0012093100931864446,0,,0.9983291562238931,0.0,0.0,4,0.0013366750208855473,0.998886104149262,0.9909774436090226,0.7326007326007327,0.0002784739626844335,0.002849002849002802,0.9991645781119465,0.7354497354497355,0.001670843776106934,0.0,0.045112781954887216,0.001670843776106934,6,0.0008368200836820217,0.999163179916318,0.0008368200836820217
genbase,GSI_MLC_PA_SVM,0.35,1,Operating Point,,0.0009644580091799186,0,,0.9980506822612085,0.0,0.0,1,0.0015176830966304648,0.9997215260373156,0.9974937343358398,0.7777777777777778,-0.000556947925369089,-0.07407407407407407,0.9991645781119465,0.7037037037037037,0.001949317738791423,0.0,0.05263157894736842,0.001949317738791423,7,0.0008370535714286031,0.9991629464285714,0.0008370535714286031
genbase,GSI_MLC_PA_SVM,0.35,2,Operating Point,,0.0011212213581479995,0,,0.9980359147025814,0.0,0.0,3,0.0018097643097643096,0.9991582491582491,0.9946969696969697,0.7654320987654321,-0.0002805836139169182,-0.03703703703703709,0.9988776655443322,0.728395061728395,0.001964085297418631,0.0,0.05303030303030303,0.001964085297418631,7,0.0011245431543435158,0.9988754568456565,0.0011245431543435158
genbase,GSI_MLC_PA_SVM,0.35,3,Operating Point,,0.00037319049269656684,1,,0.999438832772166,296.99999999999994,0.16666666666666666,6,0.002160493827160494,0.9983164983164983,0.9767676767676768,0.7669845988686569,-0.0002805836139169182,-0.03703703703703698,0.9980359147025814,0.7299475618316199,0.0005611672278338945,0.5,0.015151515151515152,0.0005611672278338945,2,0.001965188096574977,0.998034811903425,0.001965188096574977
genbase,GSI_MLC_PA_SVM,0.35,4,Operating Point,,6.76718972367387e-05,0,,0.9974747474747475,0.0,0.0,2,0.002006172839506173,0.999438832772166,0.9949494949494948,0.7654320987654322,-0.0005611672278338364,-0.037573805689747886,0.9988776655443322,0.7278582930756843,0.0025252525252525255,0.0,0.06818181818181818,0.0025252525252525255,9,0.0011251758087200692,0.9988748241912799,0.0011251758087200692
genbase,GSI_MLC_PA_SVM,0.35,5,Operating Point,,0.0012093100931864446,0,,0.9983291562238931,0.0,0.0,4,0.0014202172096908939,0.998886104149262,0.9909774436090226,0.7326007326007327,0.0002784739626844335,0.002849002849002802,0.9991645781119465,0.7354497354497355,0.001670843776106934,0.0,0.045112781954887216,0.001670843776106934,6,0.0008368200836820217,0.999163179916318,0.0008368200836820217
genbase,GSI_MLC_PA_SVM,0.40,1,Operating Point,,0.0009644580091799186,0,,0.9980506822612085,0.0,0.0,1,0.0016151489835700365,0.9997215260373156,0.9974937343358398,0.7777777777777778,-0.000556947925369089,-0.07407407407407407,0.9991645781119465,0.7037037037037037,0.001949317738791423,0.0,0.05263157894736842,0.001949317738791423,7,0.0008370535714286031,0.9991629464285714,0.0008370535714286031
genbase,GSI_MLC_PA_SVM,0.40,2,Operating Point,,0.0011212213581479995,0,,0.9980359147025814,0.0,0.0,3,0.0019079685746352414,0.9991582491582491,0.9946969696969697,0.7654320987654321,-0.0002805836139169182,-0.03703703703703709,0.9988776655443322,0.728395061728395,0.001964085297418631,0.0,0.05303030303030303,0.001964085297418631,7,0.0011245431543435158,0.9988754568456565,0.0011245431543435158
genbase,GSI_MLC_PA_SVM,0.40,3,Operating Point,,0.00037319049269656684,1,,0.999438832772166,296.99999999999994,0.16666666666666666,6,0.0021885521885521885,0.9983164983164983,0.9767676767676768,0.7669845988686569,-0.0002805836139169182,-0.03703703703703698,0.9980359147025814,0.7299475618316199,0.0005611672278338945,0.5,0.015151515151515152,0.0005611672278338945,2,0.001965188096574977,0.998034811903425,0.001965188096574977
genbase,GSI_MLC_PA_SVM,0.40,4,Operating Point,,6.76718972367387e-05,0,,0.9974747474747475,0.0,0.0,2,0.002132435465768799,0.999438832772166,0.9949494949494948,0.7654320987654322,-0.0005611672278338364,-0.037573805689747886,0.9988776655443322,0.7278582930756843,0.0025252525252525255,0.0,0.06818181818181818,0.0025252525252525255,9,0.0011251758087200692,0.9988748241912799,0.0011251758087200692
genbase,GSI_MLC_PA_SVM,0.40,5,Operating Point,,0.0012093100931864446,0,,0.9983291562238931,0.0,0.0,4,0.0015037593984962407,0.998886104149262,0.9909774436090226,0.7326007326007327,0.0002784739626844335,0.002849002849002802,0.9991645781119465,0.7354497354497355,0.001670843776106934,0.0,0.045112781954887216,0.001670843776106934,6,0.0008368200836820217,0.999163179916318,0.0008368200836820217
genbase,GSI_MLC_PA_SVM,0.50,1,Operating Point,,0.0009644580091799186,0,,1.0,,0.0,1,0.000835421888053467,0.9997215260373156,0.9974937343358398,0.7777777777777778,-0.000556947925369089,-0.07407407407407407,0.9991645781119465,0.7037037037037037,0.0,,0.0,0.0,0,0.0008354218880535225,0.9991645781119465,0.0008354218880535225
genbase,GSI_MLC_PA_SVM,0.50,2,Operating Point,,0.0011212213581479995,0,,1.0,,0.0,3,0.001122334455667789,0.9991582491582491,0.9946969696969697,0.7654320987654321,-0.0002805836139169182,-0.03703703703703709,0.9988776655443322,0.728395061728395,0.0,,0.0,0.0,0,0.001122334455667784,0.9988776655443322,0.001122334455667784
genbase,GSI_MLC_PA_SVM,0.50,3,Operating Point,,0.00037319049269656684,0,,1.0,,0.0,6,0.002244668911335578,0.9983164983164983,0.9767676767676768,0.7669845988686569,-0.0005611672278338364,-0.07407407407407407,0.9977553310886644,0.6929105247945828,0.0,,0.0,0.0,0,0.002244668911335568,0.9977553310886644,0.002244668911335568
genbase,GSI_MLC_PA_SVM,0.50,4,Operating Point,,6.76718972367387e-05,0,,1.0,,0.0,2,0.001122334455667789,0.999438832772166,0.9949494949494948,0.7654320987654322,-0.0005611672278338364,-0.037573805689747886,0.9988776655443322,0.7278582930756843,0.0,,0.0,0.0,0,0.001122334455667784,0.9988776655443322,0.001122334455667784
genbase,GSI_MLC_PA_SVM,0.50,5,Operating Point,,0.0012093100931864446,0,,1.0,,0.0,4,0.000835421888053467,0.998886104149262,0.9909774436090226,0.7326007326007327,0.0002784739626844335,0.002849002849002802,0.9991645781119465,0.7354497354497355,0.0,,0.0,0.0,0,0.0008354218880535225,0.9991645781119465,0.0008354218880535225
genbase,MLC_PA_MLP,0.20,1,Operating Point,,0.005051044185306801,10,,0.9963798384851016,16.6404077849861,0.060240963855421686,166,0.013812308549150654,0.9537733221943748,0.0,0.0,0.033138401559454134,0.5432955720312043,0.986911723753829,0.5432955720312043,0.003620161514898357,0.7692307692307693,0.08270676691729323,0.003620161514898357,13,0.013135830072666277,0.9868641699273337,0.013135830072666277
genbase,MLC_PA_MLP,0.20,2,Operating Point,,0.006394069591853863,8,,0.8821548821548821,0.4065012831479897,0.04790419161676647,167,0.04068462401795733,0.9531425364758698,0.0,0.0,0.02974186307519644,0.5612495132245061,0.9828843995510662,0.5612495132245061,0.11784511784511785,0.01904761904761905,1.0,0.11784511784511785,420,0.019402035623409697,0.9805979643765903,0.019402035623409697
genbase,MLC_PA_MLP,0.20,3,Operating Point,,0.005303722668502874,6,,0.8470819304152637,0.2392481539494294,0.036585365853658534,164,0.05190796857463524,0.9539842873176206,0.0,0.0,0.024691358024691357,0.58869325659882,0.978675645342312,0.58869325659882,0.15291806958473625,0.011009174311926606,1.0,0.15291806958473625,545,0.025173898641934422,0.9748261013580656,0.025173898641934422
genbase,MLC_PA_MLP,0.20,4,Operating Point,,0.0055468269525391824,20,,0.9494949494949495,2.3855421686746987,0.12048192771084337,166,0.05303030303030303,0.9534231200897868,0.0,0.0,0.00364758698092027,0.6036822737486086,0.9570707070707071,0.6036822737486086,0.050505050505050504,0.1111111111111111,1.0,0.050505050505050504,180,0.04521276595744683,0.9547872340425532,0.04521276595744683
genbase,MLC_PA_MLP,0.20,5,Operating Point,,0.00600309144418622,9,,0.8482316903369534,0.3572344423565823,0.05421686746987952,166,0.04316346421609579,0.9537733221943748,0.0,0.0,0.03341687552213868,0.5521526818145176,0.9871901977165135,0.5521526818145176,0.1517683096630465,0.01651376146788991,1.0,0.1517683096630465,545,0.015101772816808912,0.9848982271831911,0.015101772816808912
genbase,MLC_PA_MLP,0.25,1,Operating Point,,0.005051044185306801,10,,0.9963798384851016,16.6404077849861,0.060240963855421686,166,0.013993316624895571,0.9537733221943748,0.0,0.0,0.033138401559454134,0.5432955720312043,0.986911723753829,0.5432955720312043,0.003620161514898357,0.7692307692307693,0.08270676691729323,0.003620161514898357,13,0.013135830072666277,0.9868641699273337,0.013135830072666277
genbase,MLC_PA_MLP,0.25,2,Operating Point,,0.006394069591853863,8,,0.8821548821548821,0.4065012831479897,0.04790419161676647,167,0.04657687991021325,0.9531425364758698,0.0,0.0,0.02974186307519644,0.5612495132245061,0.9828843995510662,0.5612495132245061,0.11784511784511785,0.01904761904761905,1.0,0.11784511784511785,420,0.019402035623409697,0.9805979643765903,0.019402035623409697
genbase,MLC_PA_MLP,0.25,3,Operating Point,,0.005303722668502874,6,,0.8470819304152637,0.2392481539494294,0.036585365853658534,164,0.05955387205387205,0.9539842873176206,0.0,0.0,0.024691358024691357,0.58869325659882,0.978675645342312,0.58869325659882,0.15291806958473625,0.011009174311926606,1.0,0.15291806958473625,545,0.025173898641934422,0.9748261013580656,0.025173898641934422
genbase,MLC_PA_MLP,0.25,4,Operating Point,,0.0055468269525391824,20,,0.9494949494949495,2.3855421686746987,0.12048192771084337,166,0.05555555555555555,0.9534231200897868,0.0,0.0,0.00364758698092027,0.6036822737486086,0.9570707070707071,0.6036822737486086,0.050505050505050504,0.1111111111111111,1.0,0.050505050505050504,180,0.04521276595744683,0.9547872340425532,0.04521276595744683
genbase,MLC_PA_MLP,0.25,5,Operating Point,,0.00600309144418622,9,,0.8482316903369534,0.3572344423565823,0.05421686746987952,166,0.05075187969924812,0.9537733221943748,0.0,0.0,0.03341687552213868,0.5521526818145176,0.9871901977165135,0.5521526818145176,0.1517683096630465,0.01651376146788991,1.0,0.1517683096630465,545,0.015101772816808912,0.9848982271831911,0.015101772816808912
genbase,MLC_PA_MLP,0.30,1,Operating Point,,0.005051044185306801,10,,0.9963798384851016,16.6404077849861,0.060240963855421686,166,0.01417432470064049,0.9537733221943748,0.0,0.0,0.033138401559454134,0.5432955720312043,0.986911723753829,0.5432955720312043,0.003620161514898357,0.7692307692307693,0.08270676691729323,0.003620161514898357,13,0.013135830072666277,0.9868641699273337,0.013135830072666277
genbase,MLC_PA_MLP,0.30,2,Operating Point,,0.006394069591853863,8,,0.8821548821548821,0.4065012831479897,0.04790419161676647,167,0.052469135802469154,0.9531425364758698,0.0,0.0,0.02974186307519644,0.5612495132245061,0.9828843995510662,0.5612495132245061,0.11784511784511785,0.01904761904761905,1.0,0.11784511784511785,420,0.019402035623409697,0.9805979643765903,0.019402035623409697
genbase,MLC_PA_MLP,0.30,3,Operating Point,,0.005303722668502874,6,,0.8470819304152637,0.2392481539494294,0.036585365853658534,164,0.06719977553310885,0.9539842873176206,0.0,0.0,0.024691358024691357,0.58869325659882,0.978675645342312,0.58869325659882,0.15291806958473625,0.011009174311926606,1.0,0.15291806958473625,545,0.025173898641934422,0.9748261013580656,0.025173898641934422
genbase,MLC_PA_MLP,0.30,4,Operating Point,,0.0055468269525391824,20,,0.9494949494949495,2.3855421686746987,0.12048192771084337,166,0.05808080808080808,0.9534231200897868,0.0,0.0,0.00364758698092027,0.6036822737486086,0.9570707070707071,0.6036822737486086,0.050505050505050504,0.1111111111111111,1.0,0.050505050505050504,180,0.04521276595744683,0.9547872340425532,0.04521276595744683
genbase,MLC_PA_MLP,0.30,5,Operating Point,,0.00600309144418622,9,,0.8482316903369534,0.3572344423565823,0.05421686746987952,166,0.05834029518240044,0.9537733221943748,0.0,0.0,0.03341687552213868,0.5521526818145176,0.9871901977165135,0.5521526818145176,0.1517683096630465,0.01651376146788991,1.0,0.1517683096630465,545,0.015101772816808912,0.9848982271831911,0.015101772816808912
genbase,MLC_PA_MLP,0.35,1,Operating Point,,0.005051044185306801,10,,0.9963798384851016,16.6404077849861,0.060240963855421686,166,0.014355332776385408,0.9537733221943748,0.0,0.0,0.033138401559454134,0.5432955720312043,0.986911723753829,0.5432955720312043,0.003620161514898357,0.7692307692307693,0.08270676691729323,0.003620161514898357,13,0.013135830072666277,0.9868641699273337,0.013135830072666277
genbase,MLC_PA_MLP,0.35,2,Operating Point,,0.006394069591853863,8,,0.8821548821548821,0.4065012831479897,0.04790419161676647,167,0.058361391694725026,0.9531425364758698,0.0,0.0,0.02974186307519644,0.5612495132245061,0.9828843995510662,0.5612495132245061,0.11784511784511785,0.01904761904761905,1.0,0.11784511784511785,420,0.019402035623409697,0.9805979643765903,0.019402035623409697
genbase,MLC_PA_MLP,0.35,3,Operating Point,,0.005303722668502874,6,,0.8470819304152637,0.2392481539494294,0.036585365853658534,164,0.07484567901234568,0.9539842873176206,0.0,0.0,0.024691358024691357,0.58869325659882,0.978675645342312,0.58869325659882,0.15291806958473625,0.011009174311926606,1.0,0.15291806958473625,545,0.025173898641934422,0.9748261013580656,0.025173898641934422
genbase,MLC_PA_MLP,0.35,4,Operating Point,,0.0055468269525391824,20,,0.9494949494949495,2.3855421686746987,0.12048192771084337,166,0.0606060606060606,0.9534231200897868,0.0,0.0,0.00364758698092027,0.6036822737486086,0.9570707070707071,0.6036822737486086,0.050505050505050504,0.1111111111111111,1.0,0.050505050505050504,180,0.04521276595744683,0.9547872340425532,0.04521276595744683
genbase,MLC_PA_MLP,0.35,5,Operating Point,,0.00600309144418622,9,,0.8482316903369534,0.3572344423565823,0.05421686746987952,166,0.06592871066555278,0.9537733221943748,0.0,0.0,0.03341687552213868,0.5521526818145176,0.9871901977165135,0.5521526818145176,0.1517683096630465,0.01651376146788991,1.0,0.1517683096630465,545,0.015101772816808912,0.9848982271831911,0.015101772816808912
genbase,MLC_PA_MLP,0.40,1,Operating Point,,0.005051044185306801,10,,0.9963798384851016,16.6404077849861,0.060240963855421686,166,0.014536340852130326,0.9537733221943748,0.0,0.0,0.033138401559454134,0.5432955720312043,0.986911723753829,0.5432955720312043,0.003620161514898357,0.7692307692307693,0.08270676691729323,0.003620161514898357,13,0.013135830072666277,0.9868641699273337,0.013135830072666277
genbase,MLC_PA_MLP,0.40,2,Operating Point,,0.006394069591853863,8,,0.8821548821548821,0.4065012831479897,0.04790419161676647,167,0.06425364758698092,0.9531425364758698,0.0,0.0,0.02974186307519644,0.5612495132245061,0.9828843995510662,0.5612495132245061,0.11784511784511785,0.01904761904761905,1.0,0.11784511784511785,420,0.019402035623409697,0.9805979643765903,0.019402035623409697
genbase,MLC_PA_MLP,0.40,3,Operating Point,,0.005303722668502874,6,,0.8470819304152637,0.2392481539494294,0.036585365853658534,164,0.08249158249158249,0.9539842873176206,0.0,0.0,0.024691358024691357,0.58869325659882,0.978675645342312,0.58869325659882,0.15291806958473625,0.011009174311926606,1.0,0.15291806958473625,545,0.025173898641934422,0.9748261013580656,0.025173898641934422
genbase,MLC_PA_MLP,0.40,4,Operating Point,,0.0055468269525391824,20,,0.9494949494949495,2.3855421686746987,0.12048192771084337,166,0.06313131313131314,0.9534231200897868,0.0,0.0,0.00364758698092027,0.6036822737486086,0.9570707070707071,0.6036822737486086,0.050505050505050504,0.1111111111111111,1.0,0.050505050505050504,180,0.04521276595744683,0.9547872340425532,0.04521276595744683
genbase,MLC_PA_MLP,0.40,5,Operating Point,,0.00600309144418622,9,,0.8482316903369534,0.3572344423565823,0.05421686746987952,166,0.07351712614870509,0.9537733221943748,0.0,0.0,0.03341687552213868,0.5521526818145176,0.9871901977165135,0.5521526818145176,0.1517683096630465,0.01651376146788991,1.0,0.1517683096630465,545,0.015101772816808912,0.9848982271831911,0.015101772816808912
genbase,MLC_PA_MLP,0.50,1,Operating Point,,0.005051044185306801,0,,1.0,,0.0,166,0.014480646059593427,0.9537733221943748,0.0,0.0,0.031746031746031744,0.49892327765890987,0.9855193539404066,0.49892327765890987,0.0,,0.0,0.0,0,0.014480646059593427,0.9855193539404066,0.014480646059593427
genbase,MLC_PA_MLP,0.50,2,Operating Point,,0.006394069591853863,0,,1.0,,0.0,167,0.01964085297418631,0.9531425364758698,0.0,0.0,0.027216610549943954,0.45789087508325926,0.9803591470258137,0.45789087508325926,0.0,,0.0,0.0,0,0.019640852974186274,0.9803591470258137,0.019640852974186274
genbase,MLC_PA_MLP,0.50,3,Operating Point,,0.005303722668502874,0,,1.0,,0.0,164,0.023849607182940515,0.9539842873176206,0.0,0.0,0.02216610549943887,0.45549577340133673,0.9761503928170595,0.45549577340133673,0.0,,0.0,0.0,0,0.02384960718294049,0.9761503928170595,0.02384960718294049
genbase,MLC_PA_MLP,0.50,4,Operating Point,,0.0055468269525391824,0,,1.0,,0.0,166,0.04517396184062851,0.9534231200897868,0.0,0.0,0.0014029180695847021,0.5486738562401913,0.9548260381593715,0.5486738562401913,0.0,,0.0,0.0,0,0.045173961840628496,0.9548260381593715,0.045173961840628496
genbase,MLC_PA_MLP,0.50,5,Operating Point,,0.00600309144418622,0,,1.0,,0.0,166,0.015037593984962405,0.9537733221943748,0.0,0.0,0.031189083820662766,0.491899354894524,0.9849624060150376,0.491899354894524,0.0,,0.0,0.0,0,0.015037593984962405,0.9849624060150376,0.015037593984962405
genbase,GSI_MLC_PA_MLP,0.20,1,Operating Point,,0.0016351645255711722,1,,0.998886104149262,19.516304347826086,0.021739130434782608,46,0.0030075187969924814,0.9871901977165135,0.7715359828141783,0.4095679354938614,0.010025062656641603,0.23201147275221357,0.9972152603731551,0.641579408246075,0.001113895850737956,0.25,0.03007518796992481,0.001113895850737956,4,0.0027878449958181895,0.9972121550041818,0.0027878449958181895
genbase,GSI_MLC_PA_MLP,0.20,2,Operating Point,,0.0021595930216913696,8,,0.9913019079685746,18.034155597722958,0.1568627450980392,51,0.0031425364758698093,0.9856902356902357,0.7447510822510822,0.37395915888642006,0.01290684624017957,0.3491448975509698,0.9985970819304153,0.7231040564373898,0.008698092031425365,0.25806451612903225,0.19696969696969696,0.008698092031425365,31,0.001415227851684131,0.9985847721483159,0.001415227851684131
genbase,GSI_MLC_PA_MLP,0.20,3,Operating Point,,0.001308514898316621,4,,0.989337822671156,7.9820828667413215,0.0851063829787234,47,0.007744107744107744,0.9868125701459035,0.7669733044733045,0.40038332038332036,0.007575757575757569,0.22789627315629013,0.9943883277216611,0.6282795935396105,0.010662177328843996,0.10526315789473684,0.25757575757575757,0.010662177328843996,38,0.005672149744753274,0.9943278502552467,0.005672149744753274
genbase,GSI_MLC_PA_MLP,0.20,4,Operating Point,,0.0012024670019954865,8,,0.995230078563412,31.644839067702552,0.1509433962264151,53,0.00404040404040404,0.9851290684624018,0.7342712842712843,0.38979511098531644,0.011784511784511786,0.28208273176971926,0.9969135802469136,0.6718778427550357,0.004769921436588103,0.47058823529411764,0.12878787878787878,0.004769921436588103,17,0.0031012122920778262,0.9968987877079222,0.0031012122920778262
genbase,GSI_MLC_PA_MLP,0.20,5,Operating Point,,0.0020100102872804733,4,,0.9963798384851016,19.050397877984086,0.06896551724137931,58,0.004065719855193539,0.9838485101642996,0.6862155388471178,0.3919830771347995,0.012809802283486493,0.28226201933251915,0.9966583124477861,0.6742450964673187,0.003620161514898357,0.3076923076923077,0.07518796992481203,0.003620161514898357,13,0.003353828954723359,0.9966461710452766,0.003353828954723359
genbase,GSI_MLC_PA_MLP,0.25,1,Operating Point,,0.0016351645255711722,1,,0.998886104149262,19.516304347826086,0.021739130434782608,46,0.003063213589529379,0.9871901977165135,0.7715359828141783,0.4095679354938614,0.010025062656641603,0.23201147275221357,0.9972152603731551,0.641579408246075,0.001113895850737956,0.25,0.03007518796992481,0.001113895850737956,4,0.0027878449958181895,0.9972121550041818,0.0027878449958181895
genbase,GSI_MLC_PA_MLP,0.25,2,Operating Point,,0.0021595930216913696,8,,0.9913019079685746,18.034155597722958,0.1568627450980392,51,0.0035774410774410776,0.9856902356902357,0.7447510822510822,0.37395915888642006,0.01290684624017957,0.3491448975509698,0.9985970819304153,0.7231040564373898,0.008698092031425365,0.25806451612903225,0.19696969696969696,0.008698092031425365,31,0.001415227851684131,0.9985847721483159,0.001415227851684131
genbase,GSI_MLC_PA_MLP,0.25,3,Operating Point,,0.001308514898316621,4,,0.989337822671156,7.9820828667413215,0.0851063829787234,47,0.008277216610549944,0.9868125701459035,0.7669733044733045,0.40038332038332036,0.007575757575757569,0.22789627315629013,0.9943883277216611,0.6282795935396105,0.010662177328843996,0.10526315789473684,0.25757575757575757,0.010662177328843996,38,0.005672149744753274,0.9943278502552467,0.005672149744753274
genbase,GSI_MLC_PA_MLP,0.25,4,Operating Point,,0.0012024670019954865,8,,0.995230078563412,31.644839067702552,0.1509433962264151,53,0.004278900112233445,0.9851290684624018,0.7342712842712843,0.38979511098531644,0.011784511784511786,0.28208273176971926,0.9969135802469136,0.6718778427550357,0.004769921436588103,0.47058823529411764,0.12878787878787878,0.004769921436588103,17,0.0031012122920778262,0.9968987877079222,0.0031012122920778262
genbase,GSI_MLC_PA_MLP,0.25,5,Operating Point,,0.0020100102872804733,4,,0.9963798384851016,19.050397877984086,0.06896551724137931,58,0.004246727930938457,0.9838485101642996,0.6862155388471178,0.3919830771347995,0.012809802283486493,0.28226201933251915,0.9966583124477861,0.6742450964673187,0.003620161514898357,0.3076923076923077,0.07518796992481203,0.003620161514898357,13,0.003353828954723359,0.9966461710452766,0.003353828954723359
genbase,GSI_MLC_PA_MLP,0.30,1,Operating Point,,0.0016351645255711722,1,,0.998886104149262,19.516304347826086,0.021739130434782608,46,0.0031189083820662767,0.9871901977165135,0.7715359828141783,0.4095679354938614,0.010025062656641603,0.23201147275221357,0.9972152603731551,0.641579408246075,0.001113895850737956,0.25,0.03007518796992481,0.001113895850737956,4,0.0027878449958181895,0.9972121550041818,0.0027878449958181895
genbase,GSI_MLC_PA_MLP,0.30,2,Operating Point,,0.0021595930216913696,8,,0.9913019079685746,18.034155597722958,0.1568627450980392,51,0.004012345679012346,0.9856902356902357,0.7447510822510822,0.37395915888642006,0.01290684624017957,0.3491448975509698,0.9985970819304153,0.7231040564373898,0.008698092031425365,0.25806451612903225,0.19696969696969696,0.008698092031425365,31,0.001415227851684131,0.9985847721483159,0.001415227851684131
genbase,GSI_MLC_PA_MLP,0.30,3,Operating Point,,0.001308514898316621,4,,0.989337822671156,7.9820828667413215,0.0851063829787234,47,0.008810325476992143,0.9868125701459035,0.7669733044733045,0.40038332038332036,0.007575757575757569,0.22789627315629013,0.9943883277216611,0.6282795935396105,0.010662177328843996,0.10526315789473684,0.25757575757575757,0.010662177328843996,38,0.005672149744753274,0.9943278502552467,0.005672149744753274
genbase,GSI_MLC_PA_MLP,0.30,4,Operating Point,,0.0012024670019954865,8,,0.995230078563412,31.644839067702552,0.1509433962264151,53,0.004517396184062851,0.9851290684624018,0.7342712842712843,0.38979511098531644,0.011784511784511786,0.28208273176971926,0.9969135802469136,0.6718778427550357,0.004769921436588103,0.47058823529411764,0.12878787878787878,0.004769921436588103,17,0.0031012122920778262,0.9968987877079222,0.0031012122920778262
genbase,GSI_MLC_PA_MLP,0.30,5,Operating Point,,0.0020100102872804733,4,,0.9963798384851016,19.050397877984086,0.06896551724137931,58,0.004427736006683375,0.9838485101642996,0.6862155388471178,0.3919830771347995,0.012809802283486493,0.28226201933251915,0.9966583124477861,0.6742450964673187,0.003620161514898357,0.3076923076923077,0.07518796992481203,0.003620161514898357,13,0.003353828954723359,0.9966461710452766,0.003353828954723359
genbase,GSI_MLC_PA_MLP,0.35,1,Operating Point,,0.0016351645255711722,1,,0.998886104149262,19.516304347826086,0.021739130434782608,46,0.0031746031746031746,0.9871901977165135,0.7715359828141783,0.4095679354938614,0.010025062656641603,0.23201147275221357,0.9972152603731551,0.641579408246075,0.001113895850737956,0.25,0.03007518796992481,0.001113895850737956,4,0.0027878449958181895,0.9972121550041818,0.0027878449958181895
genbase,GSI_MLC_PA_MLP,0.35,2,Operating Point,,0.0021595930216913696,8,,0.9913019079685746,18.034155597722958,0.1568627450980392,51,0.0044472502805836134,0.9856902356902357,0.7447510822510822,0.37395915888642006,0.01290684624017957,0.3491448975509698,0.9985970819304153,0.7231040564373898,0.008698092031425365,0.25806451612903225,0.19696969696969696,0.008698092031425365,31,0.001415227851684131,0.9985847721483159,0.001415227851684131
genbase,GSI_MLC_PA_MLP,0.35,3,Operating Point,,0.001308514898316621,4,,0.989337822671156,7.9820828667413215,0.0851063829787234,47,0.009343434343434343,0.9868125701459035,0.7669733044733045,0.40038332038332036,0.007575757575757569,0.22789627315629013,0.9943883277216611,0.6282795935396105,0.010662177328843996,0.10526315789473684,0.25757575757575757,0.010662177328843996,38,0.005672149744753274,0.9943278502552467,0.005672149744753274
genbase,GSI_MLC_PA_MLP,0.35,4,Operating Point,,0.0012024670019954865,8,,0.995230078563412,31.644839067702552,0.1509433962264151,53,0.0047558922558922564,0.9851290684624018,0.7342712842712843,0.38979511098531644,0.011784511784511786,0.28208273176971926,0.9969135802469136,0.6718778427550357,0.004769921436588103,0.47058823529411764,0.12878787878787878,0.004769921436588103,17,0.0031012122920778262,0.9968987877079222,0.0031012122920778262
genbase,GSI_MLC_PA_MLP,0.35,5,Operating Point,,0.0020100102872804733,4,,0.9963798384851016,19.050397877984086,0.06896551724137931,58,0.004608744082428293,0.9838485101642996,0.6862155388471178,0.3919830771347995,0.012809802283486493,0.28226201933251915,0.9966583124477861,0.6742450964673187,0.003620161514898357,0.3076923076923077,0.07518796992481203,0.003620161514898357,13,0.003353828954723359,0.9966461710452766,0.003353828954723359
genbase,GSI_MLC_PA_MLP,0.40,1,Operating Point,,0.0016351645255711722,1,,0.998886104149262,19.516304347826086,0.021739130434782608,46,0.0032302979671400725,0.9871901977165135,0.7715359828141783,0.4095679354938614,0.010025062656641603,0.23201147275221357,0.9972152603731551,0.641579408246075,0.001113895850737956,0.25,0.03007518796992481,0.001113895850737956,4,0.0027878449958181895,0.9972121550041818,0.0027878449958181895
genbase,GSI_MLC_PA_MLP,0.40,2,Operating Point,,0.0021595930216913696,8,,0.9913019079685746,18.034155597722958,0.1568627450980392,51,0.004882154882154882,0.9856902356902357,0.7447510822510822,0.37395915888642006,0.01290684624017957,0.3491448975509698,0.9985970819304153,0.7231040564373898,0.008698092031425365,0.25806451612903225,0.19696969696969696,0.008698092031425365,31,0.001415227851684131,0.9985847721483159,0.001415227851684131
genbase,GSI_MLC_PA_MLP,0.40,3,Operating Point,,0.001308514898316621,4,,0.989337822671156,7.9820828667413215,0.0851063829787234,47,0.009876543209876545,0.9868125701459035,0.7669733044733045,0.40038332038332036,0.007575757575757569,0.22789627315629013,0.9943883277216611,0.6282795935396105,0.010662177328843996,0.10526315789473684,0.25757575757575757,0.010662177328843996,38,0.005672149744753274,0.9943278502552467,0.005672149744753274
genbase,GSI_MLC_PA_MLP,0.40,4,Operating Point,,0.0012024670019954865,8,,0.995230078563412,31.644839067702552,0.1509433962264151,53,0.00499438832772166,0.9851290684624018,0.7342712842712843,0.38979511098531644,0.011784511784511786,0.28208273176971926,0.9969135802469136,0.6718778427550357,0.004769921436588103,0.47058823529411764,0.12878787878787878,0.004769921436588103,17,0.0031012122920778262,0.9968987877079222,0.0031012122920778262
genbase,GSI_MLC_PA_MLP,0.40,5,Operating Point,,0.0020100102872804733,4,,0.9963798384851016,19.050397877984086,0.06896551724137931,58,0.00478975215817321,0.9838485101642996,0.6862155388471178,0.3919830771347995,0.012809802283486493,0.28226201933251915,0.9966583124477861,0.6742450964673187,0.003620161514898357,0.3076923076923077,0.07518796992481203,0.003620161514898357,13,0.003353828954723359,0.9966461710452766,0.003353828954723359
genbase,GSI_MLC_PA_MLP,0.50,1,Operating Point,,0.0016351645255711722,0,,1.0,,0.0,46,0.003341687552213868,0.9871901977165135,0.7715359828141783,0.4095679354938614,0.009468114731272625,0.2122583863324604,0.9966583124477861,0.6218263218263218,0.0,,0.0,0.0,0,0.003341687552213868,0.9966583124477861,0.003341687552213868
genbase,GSI_MLC_PA_MLP,0.50,2,Operating Point,,0.0021595930216913696,0,,1.0,,0.0,51,0.003367003367003367,0.9856902356902357,0.7447510822510822,0.37395915888642006,0.01094276094276092,0.20099674940282153,0.9966329966329966,0.5749559082892416,0.0,,0.0,0.0,0,0.0033670033670033517,0.9966329966329966,0.0033670033670033517
genbase,GSI_MLC_PA_MLP,0.50,3,Operating Point,,0.001308514898316621,0,,1.0,,0.0,47,0.006734006734006734,0.9868125701459035,0.7669733044733045,0.40038332038332036,0.006453423120089785,0.1711061496995001,0.9932659932659933,0.5714894700828205,0.0,,0.0,0.0,0,0.006734006734006703,0.9932659932659933,0.006734006734006703
genbase,GSI_MLC_PA_MLP,0.50,4,Operating Point,,0.0012024670019954865,0,,1.0,,0.0,53,0.003928170594837262,0.9851290684624018,0.7342712842712843,0.38979511098531644,0.01094276094276092,0.257391373745028,0.9960718294051627,0.6471864847303445,0.0,,0.0,0.0,0,0.003928170594837299,0.9960718294051627,0.003928170594837299
genbase,GSI_MLC_PA_MLP,0.50,5,Operating Point,,0.0020100102872804733,0,,1.0,,0.0,58,0.005291005291005291,0.9838485101642996,0.6862155388471178,0.3919830771347995,0.010860484544695015,0.24237597944647937,0.9947089947089947,0.6343590565812789,0.0,,0.0,0.0,0,0.005291005291005346,0.9947089947089947,0.005291005291005346
plantpseaac,MLC_PA_Logistic,0.20,1,Operating Point,,0.029462124141424614,14,,0.9434523809523809,1.1356832448092709,0.06422018348623854,218,0.16607142857142856,0.907312925170068,0.20918367346938777,0.16641766372088104,-0.062074829931972775,0.18465747289773385,0.8452380952380952,0.3510751366186149,0.05654761904761905,0.10526315789473684,0.4846938775510204,0.05654761904761905,133,0.16403785488958988,0.8359621451104101,0.16403785488958988
plantpseaac,MLC_PA_Logistic,0.20,2,Operating Point,,0.03143632601662441,14,,0.968013468013468,1.9366557987890078,0.061946902654867256,226,0.16801346801346798,0.9048821548821548,0.2037037037037037,0.13743469438815367,-0.0664983164983165,0.21159652296741946,0.8383838383838383,0.34903121735557313,0.03198653198653199,0.18421052631578946,0.3333333333333333,0.03198653198653199,76,0.16695652173913045,0.8330434782608696,0.16695652173913045
plantpseaac,MLC_PA_Logistic,0.20,3,Operating Point,,0.02668855475252594,28,,0.9634879725085911,3.470002661698163,0.12669683257918551,221,0.1640893470790378,0.9050687285223368,0.17182130584192437,0.12039179461424404,-0.061855670103092786,0.1816262956162713,0.843213058419244,0.30201809023051535,0.03651202749140894,0.32941176470588235,0.39690721649484534,0.03651202749140894,85,0.1627284886312974,0.8372715113687026,0.1627284886312974
plantpseaac,MLC_PA_Logistic,0.20,4,Operating Point,,0.027545498626789528,12,,0.9546632124352331,1.1816326530612244,0.05357142857142857,224,0.16407599309153714,0.9032815198618307,0.15716753022452504,0.11815263522015189,-0.05829015544041449,0.2886781495927879,0.8449913644214162,0.4068307848129398,0.04533678756476684,0.11428571428571428,0.43005181347150256,0.04533678756476684,105,0.16236996834011763,0.8376300316598824,0.16236996834011763
plantpseaac,MLC_PA_Logistic,0.20,5,Operating Point,,0.029520039129476143,21,,0.928087986463621,1.327379679144385,0.09545454545454546,220,0.1835871404399323,0.9069373942470389,0.18189509306260573,0.1625369769119769,-0.07614213197969544,0.21976728015929461,0.8307952622673435,0.3823042570712715,0.07191201353637902,0.12352941176470589,0.5989847715736041,0.07191201353637902,170,0.1823154056517775,0.8176845943482225,0.1823154056517775
plantpseaac,MLC_PA_Logistic,0.25,1,Operating Point,,0.029462124141424614,9,,0.9744897959183674,1.618348623853211,0.04128440366972477,218,0.16326530612244897,0.907312925170068,0.20918367346938777,0.16641766372088104,-0.06420068027210879,0.15608321301912617,0.8431122448979592,0.3225008767400072,0.025510204081632654,0.15,0.22448979591836735,0.025510204081632654,60,0.16099476439790572,0.8390052356020943,0.16099476439790572
plantpseaac,MLC_PA_Logistic,0.25,2,Operating Point,,0.03143632601662441,14,,0.968013468013468,1.9366557987890078,0.061946902654867256,226,0.1696127946127946,0.9048821548821548,0.2037037037037037,0.13743469438815367,-0.0664983164983165,0.21159652296741946,0.8383838383838383,0.34903121735557313,0.03198653198653199,0.18421052631578946,0.3333333333333333,0.03198653198653199,76,0.16695652173913045,0.8330434782608696,0.16695652173913045
plantpseaac,MLC_PA_Logistic,0.25,3,Operating Point,,0.02668855475252594,16,,0.9819587628865979,4.012928248222367,0.07239819004524888,221,0.16645189003436425,0.9050687285223368,0.17182130584192437,0.12039179461424404,-0.0670103092783505,0.15467485905385076,0.8380584192439863,0.2750666536680948,0.01804123711340206,0.38095238095238093,0.211340206185567,0.01804123711340206,42,0.16491688538932636,0.8350831146106736,0.16491688538932636
plantpseaac,MLC_PA_Logistic,0.25,4,Operating Point,,0.027545498626789528,9,,0.9715025906735751,1.4099025974025974,0.04017857142857143,224,0.16342832469775476,0.9032815198618307,0.15716753022452504,0.11815263522015189,-0.059585492227979264,0.2562707421853806,0.8436960276338514,0.3744233774055325,0.02849740932642487,0.13636363636363635,0.3005181347150259,0.02849740932642487,66,0.16088888888888886,0.8391111111111111,0.16088888888888886
plantpseaac,MLC_PA_Logistic,0.25,5,Operating Point,,0.029520039129476143,18,,0.9331641285956007,1.2241657077100114,0.08181818181818182,220,0.18718274111675126,0.9069373942470389,0.18189509306260573,0.1625369769119769,-0.07741116751269028,0.2080151434071578,0.8295262267343486,0.3705521203191347,0.06683587140439932,0.11392405063291139,0.5685279187817259,0.06683587140439932,158,0.1826835902085222,0.8173164097914778,0.1826835902085222
plantpseaac,MLC_PA_Logistic,0.30,1,Operating Point,,0.029462124141424614,8,,0.9770408163265306,1.598369011213048,0.03669724770642202,218,0.1659013605442177,0.907312925170068,0.20918367346938777,0.16641766372088104,-0.06632653061224492,0.154429773865687,0.8409863945578231,0.32084743758656803,0.02295918367346939,0.14814814814814814,0.1989795918367347,0.02295918367346939,54,0.16275021758050479,0.8372497824194952,0.16275021758050479
plantpseaac,MLC_PA_Logistic,0.30,2,Operating Point,,0.03143632601662441,13,,0.9739057239057239,2.2043962318013133,0.05752212389380531,226,0.16986531986531989,0.9048821548821548,0.2037037037037037,0.13743469438815367,-0.06691919191919182,0.2097457534369305,0.837962962962963,0.34718044782508417,0.026094276094276093,0.20967741935483872,0.2676767676767677,0.026094276094276093,62,0.16637856525496975,0.8336214347450303,0.16637856525496975
plantpseaac,MLC_PA_Logistic,0.30,3,Operating Point,,0.02668855475252594,15,,0.9823883161512027,3.853879262774528,0.06787330316742081,221,0.16765463917525777,0.9050687285223368,0.17182130584192437,0.12039179461424404,-0.06743986254295531,0.15379817874993496,0.8376288659793815,0.274189973364179,0.01761168384879725,0.36585365853658536,0.20618556701030927,0.01761168384879725,41,0.16528202885876697,0.834717971141233,0.16528202885876697
plantpseaac,MLC_PA_Logistic,0.30,4,Operating Point,,0.027545498626789528,9,,0.9715025906735751,1.4099025974025974,0.04017857142857143,224,0.164853195164076,0.9032815198618307,0.15716753022452504,0.11815263522015189,-0.059585492227979264,0.2562707421853806,0.8436960276338514,0.3744233774055325,0.02849740932642487,0.13636363636363635,0.3005181347150259,0.02849740932642487,66,0.16088888888888886,0.8391111111111111,0.16088888888888886
plantpseaac,MLC_PA_Logistic,0.30,5,Operating Point,,0.029520039129476143,18,,0.9357021996615905,1.2724880382775121,0.08181818181818182,220,0.1897631133671743,0.9069373942470389,0.18189509306260573,0.1625369769119769,-0.07741116751269028,0.2080151434071578,0.8295262267343486,0.3705521203191347,0.06429780033840947,0.11842105263157894,0.5634517766497462,0.06429780033840947,152,0.1821880650994575,0.8178119349005425,0.1821880650994575
plantpseaac,MLC_PA_Logistic,0.35,1,Operating Point,,0.029462124141424614,6,,0.985969387755102,1.9616346955796498,0.027522935779816515,218,0.16477465986394557,0.907312925170068,0.20918367346938777,0.16641766372088104,-0.06717687074829937,0.14131728249232603,0.8401360544217686,0.3077349462132071,0.01403061224489796,0.18181818181818182,0.12244897959183673,0.01403061224489796,33,0.16213885295385944,0.8378611470461406,0.16213885295385944
plantpseaac,MLC_PA_Logistic,0.35,2,Operating Point,,0.03143632601662441,11,,0.9776936026936027,2.182000333945567,0.048672566371681415,226,0.17068602693602694,0.9048821548821548,0.2037037037037037,0.13743469438815367,-0.06776094276094269,0.20584591764054297,0.8371212121212122,0.34328061202869664,0.022306397306397305,0.20754716981132076,0.23232323232323232,0.022306397306397305,53,0.1665949203616014,0.8334050796383986,0.1665949203616014
plantpseaac,MLC_PA_Logistic,0.35,3,Operating Point,,0.02668855475252594,15,,0.9823883161512027,3.853879262774528,0.06787330316742081,221,0.1685352233676976,0.9050687285223368,0.17182130584192437,0.12039179461424404,-0.06743986254295531,0.15379817874993496,0.8376288659793815,0.274189973364179,0.01761168384879725,0.36585365853658536,0.20618556701030927,0.01761168384879725,41,0.16528202885876697,0.834717971141233,0.16528202885876697
plantpseaac,MLC_PA_Logistic,0.35,4,Operating Point,,0.027545498626789528,9,,0.9715025906735751,1.4099025974025974,0.04017857142857143,224,0.16627806563039724,0.9032815198618307,0.15716753022452504,0.11815263522015189,-0.059585492227979264,0.2562707421853806,0.8436960276338514,0.3744233774055325,0.02849740932642487,0.13636363636363635,0.3005181347150259,0.02849740932642487,66,0.16088888888888886,0.8391111111111111,0.16088888888888886
plantpseaac,MLC_PA_Logistic,0.35,5,Operating Point,,0.029520039129476143,18,,0.9357021996615905,1.2724880382775121,0.08181818181818182,220,0.19297800338409477,0.9069373942470389,0.18189509306260573,0.1625369769119769,-0.07741116751269028,0.2080151434071578,0.8295262267343486,0.3705521203191347,0.06429780033840947,0.11842105263157894,0.5634517766497462,0.06429780033840947,152,0.1821880650994575,0.8178119349005425,0.1821880650994575
plantpseaac,MLC_PA_Logistic,0.40,1,Operating Point,,0.029462124141424614,4,,0.9940476190476191,3.0825688073394497,0.01834862385321101,218,0.16309523809523807,0.907312925170068,0.20918367346938777,0.16641766372088104,-0.0680272108843537,0.11567625685130031,0.8392857142857143,0.28209392057218136,0.005952380952380952,0.2857142857142857,0.07142857142857142,0.005952380952380952,14,0.16167664670658688,0.8383233532934131,0.16167664670658688
plantpseaac,MLC_PA_Logistic,0.40,2,Operating Point,,0.03143632601662441,11,,0.9776936026936027,2.182000333945567,0.048672566371681415,226,0.1718013468013468,0.9048821548821548,0.2037037037037037,0.13743469438815367,-0.06776094276094269,0.20584591764054297,0.8371212121212122,0.34328061202869664,0.022306397306397305,0.20754716981132076,0.23232323232323232,0.022306397306397305,53,0.1665949203616014,0.8334050796383986,0.1665949203616014
plantpseaac,MLC_PA_Logistic,0.40,3,Operating Point,,0.02668855475252594,15,,0.9823883161512027,3.853879262774528,0.06787330316742081,221,0.16941580756013744,0.9050687285223368,0.17182130584192437,0.12039179461424404,-0.06743986254295531,0.15379817874993496,0.8376288659793815,0.274189973364179,0.01761168384879725,0.36585365853658536,0.20618556701030927,0.01761168384879725,41,0.16528202885876697,0.834717971141233,0.16528202885876697
plantpseaac,MLC_PA_Logistic,0.40,4,Operating Point,,0.027545498626789528,7,,0.977979274611399,1.4191176470588236,0.03125,224,0.16597582037996544,0.9032815198618307,0.15716753022452504,0.11815263522015189,-0.060449050086355705,0.24810080754485764,0.842832469775475,0.36625344276500954,0.022020725388601035,0.13725490196078433,0.24870466321243523,0.022020725388601035,51,0.16070640176600448,0.8392935982339955,0.16070640176600448
plantpseaac,MLC_PA_Logistic,0.40,5,Operating Point,,0.029520039129476143,15,,0.9458544839255499,1.2592329545454546,0.06818181818181818,220,0.19340101522842637,0.9069373942470389,0.18189509306260573,0.1625369769119769,-0.07868020304568524,0.18301514340715783,0.8282571912013537,0.34555212031913474,0.05414551607445008,0.1171875,0.5025380710659898,0.05414551607445008,128,0.18157423971377462,0.8184257602862254,0.18157423971377462
plantpseaac,MLC_PA_Logistic,0.50,1,Operating Point,,0.029462124141424614,0,,1.0,,0.0,218,0.16241496598639457,0.907312925170068,0.20918367346938777,0.16641766372088104,-0.0697278911564626,0.05709039826544182,0.8375850340136054,0.22350806198632286,0.0,,0.0,0.0,0,0.1624149659863946,0.8375850340136054,0.1624149659863946
plantpseaac,MLC_PA_Logistic,0.50,2,Operating Point,,0.03143632601662441,0,,1.0,,0.0,226,0.16877104377104377,0.9048821548821548,0.2037037037037037,0.13743469438815367,-0.07365319865319864,0.12304587454638213,0.8312289562289562,0.2604805689345358,0.0,,0.0,0.0,0,0.1687710437710438,0.8312289562289562,0.1687710437710438
plantpseaac,MLC_PA_Logistic,0.50,3,Operating Point,,0.02668855475252594,0,,1.0,,0.0,221,0.1718213058419244,0.9050687285223368,0.17182130584192437,0.12039179461424404,-0.07689003436426123,0.0965203459424411,0.8281786941580755,0.21691214055668515,0.0,,0.0,0.0,0,0.17182130584192445,0.8281786941580755,0.17182130584192445
plantpseaac,MLC_PA_Logistic,0.50,4,Operating Point,,0.027545498626789528,0,,1.0,,0.0,224,0.16493955094991364,0.9032815198618307,0.15716753022452504,0.11815263522015189,-0.06822107081174433,0.18434838349831595,0.8350604490500864,0.30250101871846785,0.0,,0.0,0.0,0,0.16493955094991364,0.8350604490500864,0.16493955094991364
plantpseaac,MLC_PA_Logistic,0.50,5,Operating Point,,0.029520039129476143,0,,1.0,,0.0,220,0.18189509306260576,0.9069373942470389,0.18189509306260573,0.1625369769119769,-0.08883248730964466,0.09283744732872642,0.8181049069373942,0.25537442424070333,0.0,,0.0,0.0,0,0.18189509306260576,0.8181049069373942,0.18189509306260576
plantpseaac,GSI_MLC_PA_Logistic,0.20,1,Operating Point,,0.029304542258896765,24,,0.9400510204081632,1.836423970329885,0.11009174311926606,218,0.17100340136054418,0.907312925170068,0.21428571428571427,0.16040200495985507,-0.06632653061224492,0.19343930373286328,0.8409863945578231,0.35384130869271835,0.05994897959183673,0.1702127659574468,0.576530612244898,0.05994897959183673,141,0.1691542288557214,0.8308457711442786,0.1691542288557214
plantpseaac,GSI_MLC_PA_Logistic,0.20,2,Operating Point,,0.0326523616067618,31,,0.9078282828282829,1.5499021526418786,0.14285714285714285,217,0.1653198653198653,0.9086700336700336,0.19865319865319864,0.11640284132976862,-0.05555555555555547,0.32272945210880954,0.8531144781144782,0.4391322934385782,0.09217171717171717,0.1415525114155251,0.6717171717171717,0.09217171717171717,219,0.1617987946221604,0.8382012053778396,0.1617987946221604
plantpseaac,GSI_MLC_PA_Logistic,0.20,3,Operating Point,,0.02528233629287494,17,,0.9347079037800687,1.1728307254623043,0.07657657657657657,222,0.15781786941580755,0.904639175257732,0.17010309278350516,0.0818857816632727,-0.04939862542955331,0.3430866304264402,0.8552405498281787,0.4249724120897129,0.06529209621993128,0.1118421052631579,0.5670103092783505,0.06529209621993128,152,0.1548713235294118,0.8451286764705882,0.1548713235294118
plantpseaac,GSI_MLC_PA_Logistic,0.20,4,Operating Point,,0.027907915329444064,21,,0.9322107081174439,1.4017350203187595,0.09502262443438914,221,0.16986183074265976,0.9045768566493955,0.16062176165803108,0.09531780511846959,-0.060880829015544036,0.3195831656045901,0.8436960276338514,0.4149009707230597,0.06778929188255613,0.1337579617834395,0.5284974093264249,0.06778929188255613,157,0.16767021769337653,0.8323297823066235,0.16767021769337653
plantpseaac,GSI_MLC_PA_Logistic,0.20,5,Operating Point,,0.03030863153824655,9,,0.9623519458544839,1.0915807295674926,0.0410958904109589,219,0.1746192893401015,0.9073604060913706,0.17174280879864634,0.14914735802568757,-0.0744500846023689,0.16974190044122223,0.8329103214890017,0.3188892584669098,0.03764805414551607,0.10112359550561797,0.38071065989847713,0.03764805414551607,89,0.17362637362637368,0.8263736263736263,0.17362637362637368
plantpseaac,GSI_MLC_PA_Logistic,0.25,1,Operating Point,,0.029304542258896765,17,,0.95578231292517,1.7635850388143968,0.0779816513761468,218,0.17729591836734693,0.907312925170068,0.21428571428571427,0.16040200495985507,-0.07355442176870741,0.18475583034350757,0.8337585034013606,0.34515783530336264,0.04421768707482993,0.16346153846153846,0.46938775510204084,0.04421768707482993,104,0.17393238434163705,0.826067615658363,0.17393238434163705
plantpseaac,GSI_MLC_PA_Logistic,0.25,2,Operating Point,,0.0326523616067618,31,,0.9078282828282829,1.5499021526418786,0.14285714285714285,217,0.16992845117845118,0.9086700336700336,0.19865319865319864,0.11640284132976862,-0.05555555555555547,0.32272945210880954,0.8531144781144782,0.4391322934385782,0.09217171717171717,0.1415525114155251,0.6717171717171717,0.09217171717171717,219,0.1617987946221604,0.8382012053778396,0.1617987946221604
plantpseaac,GSI_MLC_PA_Logistic,0.25,3,Operating Point,,0.02528233629287494,14,,0.9407216494845361,1.063846455150803,0.06306306306306306,222,0.16043814432989692,0.904639175257732,0.17010309278350516,0.0818857816632727,-0.05025773195876293,0.34110405746181055,0.854381443298969,0.42298983912508326,0.059278350515463915,0.10144927536231885,0.5154639175257731,0.059278350515463915,138,0.15479452054794518,0.8452054794520548,0.15479452054794518
plantpseaac,GSI_MLC_PA_Logistic,0.25,4,Operating Point,,0.027907915329444064,19,,0.9447322970639033,1.555571266968326,0.08597285067873303,221,0.17098445595854922,0.9045768566493955,0.16062176165803108,0.09531780511846959,-0.061744386873920476,0.3057805431063154,0.842832469775475,0.401098348224785,0.055267702936096716,0.1484375,0.46113989637305697,0.055267702936096716,128,0.1663619744058501,0.8336380255941499,0.1663619744058501
plantpseaac,GSI_MLC_PA_Logistic,0.25,5,Operating Point,,0.03030863153824655,4,,0.9712351945854484,0.6349717969379532,0.0182648401826484,219,0.17639593908629442,0.9073604060913706,0.17174280879864634,0.14914735802568757,-0.07656514382402713,0.15823321661615425,0.8307952622673435,0.3073805746418418,0.028764805414551606,0.058823529411764705,0.30456852791878175,0.028764805414551606,68,0.17421602787456447,0.8257839721254355,0.17421602787456447
plantpseaac,GSI_MLC_PA_Logistic,0.30,1,Operating Point,,0.029304542258896765,17,,0.969812925170068,2.5832794934746093,0.0779816513761468,218,0.17529761904761906,0.907312925170068,0.21428571428571427,0.16040200495985507,-0.07355442176870741,0.18475583034350757,0.8337585034013606,0.34515783530336264,0.03018707482993197,0.23943661971830985,0.336734693877551,0.03018707482993197,71,0.17141604559403767,0.8285839544059623,0.17141604559403767
plantpseaac,GSI_MLC_PA_Logistic,0.30,2,Operating Point,,0.0326523616067618,17,,0.9473905723905723,1.4891059907834099,0.07834101382488479,217,0.17697811447811448,0.9086700336700336,0.19865319865319864,0.11640284132976862,-0.06986531986531985,0.27228365784907677,0.8388047138047138,0.3886864991788454,0.05260942760942761,0.136,0.5,0.05260942760942761,125,0.1701466015104398,0.8298533984895602,0.1701466015104398
plantpseaac,GSI_MLC_PA_Logistic,0.30,3,Operating Point,,0.02528233629287494,14,,0.9407216494845361,1.063846455150803,0.06306306306306306,222,0.1634020618556701,0.904639175257732,0.17010309278350516,0.0818857816632727,-0.05025773195876293,0.34110405746181055,0.854381443298969,0.42298983912508326,0.059278350515463915,0.10144927536231885,0.5154639175257731,0.059278350515463915,138,0.15479452054794518,0.8452054794520548,0.15479452054794518
plantpseaac,GSI_MLC_PA_Logistic,0.30,4,Operating Point,,0.027907915329444064,19,,0.9447322970639033,1.555571266968326,0.08597285067873303,221,0.17374784110535405,0.9045768566493955,0.16062176165803108,0.09531780511846959,-0.061744386873920476,0.3057805431063154,0.842832469775475,0.401098348224785,0.055267702936096716,0.1484375,0.46113989637305697,0.055267702936096716,128,0.1663619744058501,0.8336380255941499,0.1663619744058501
plantpseaac,GSI_MLC_PA_Logistic,0.30,5,Operating Point,,0.03030863153824655,4,,0.9712351945854484,0.6349717969379532,0.0182648401826484,219,0.17783417935702198,0.9073604060913706,0.17174280879864634,0.14914735802568757,-0.07656514382402713,0.15823321661615425,0.8307952622673435,0.3073805746418418,0.028764805414551606,0.058823529411764705,0.30456852791878175,0.028764805414551606,68,0.17421602787456447,0.8257839721254355,0.17421602787456447
plantpseaac,GSI_MLC_PA_Logistic,0.35,1,Operating Point,,0.029304542258896765,15,,0.9715136054421769,2.4154457072435984,0.06880733944954129,218,0.17706207482993194,0.907312925170068,0.21428571428571427,0.16040200495985507,-0.07440476190476186,0.18261409806004303,0.8329081632653061,0.3430161030198981,0.02848639455782313,0.22388059701492538,0.3163265306122449,0.02848639455782313,67,0.17199124726477022,0.8280087527352298,0.17199124726477022
plantpseaac,GSI_MLC_PA_Logistic,0.35,2,Operating Point,,0.0326523616067618,17,,0.9473905723905723,1.4891059907834099,0.07834101382488479,217,0.17960858585858586,0.9086700336700336,0.19865319865319864,0.11640284132976862,-0.06986531986531985,0.27228365784907677,0.8388047138047138,0.3886864991788454,0.05260942760942761,0.136,0.5,0.05260942760942761,125,0.1701466015104398,0.8298533984895602,0.1701466015104398
plantpseaac,GSI_MLC_PA_Logistic,0.35,3,Operating Point,,0.02528233629287494,11,,0.9553264604810997,1.1091476091476091,0.04954954954954955,222,0.1634020618556701,0.904639175257732,0.17010309278350516,0.0818857816632727,-0.05240549828178698,0.3377707241284772,0.852233676975945,0.4196565057917499,0.044673539518900345,0.10576923076923077,0.4020618556701031,0.044673539518900345,104,0.1546762589928058,0.8453237410071942,0.1546762589928058
plantpseaac,GSI_MLC_PA_Logistic,0.35,4,Operating Point,,0.027907915329444064,12,,0.9568221070811744,1.257556561085973,0.05429864253393665,221,0.17918825561312607,0.9045768566493955,0.16062176165803108,0.09531780511846959,-0.06865284974093266,0.29660179914496276,0.8359240069084628,0.39191960426343236,0.04317789291882556,0.12,0.36787564766839376,0.04317789291882556,100,0.17148014440433212,0.8285198555956679,0.17148014440433212
plantpseaac,GSI_MLC_PA_Logistic,0.35,5,Operating Point,,0.03030863153824655,4,,0.9712351945854484,0.6349717969379532,0.0182648401826484,219,0.1792724196277496,0.9073604060913706,0.17174280879864634,0.14914735802568757,-0.07656514382402713,0.15823321661615425,0.8307952622673435,0.3073805746418418,0.028764805414551606,0.058823529411764705,0.30456852791878175,0.028764805414551606,68,0.17421602787456447,0.8257839721254355,0.17421602787456447
plantpseaac,GSI_MLC_PA_Logistic,0.40,1,Operating Point,,0.029304542258896765,15,,0.9715136054421769,2.4154457072435984,0.06880733944954129,218,0.17848639455782317,0.907312925170068,0.21428571428571427,0.16040200495985507,-0.07440476190476186,0.18261409806004303,0.8329081632653061,0.3430161030198981,0.02848639455782313,0.22388059701492538,0.3163265306122449,0.02848639455782313,67,0.17199124726477022,0.8280087527352298,0.17199124726477022
plantpseaac,GSI_MLC_PA_Logistic,0.40,2,Operating Point,,0.0326523616067618,10,,0.9646464646464646,1.3034891375905202,0.04608294930875576,217,0.18964646464646465,0.9086700336700336,0.19865319865319864,0.11640284132976862,-0.08417508417508412,0.24998230852373937,0.8244949494949495,0.366385149853508,0.03535353535353535,0.11904761904761904,0.37373737373737376,0.03535353535353535,84,0.1819371727748691,0.8180628272251309,0.1819371727748691
plantpseaac,GSI_MLC_PA_Logistic,0.40,3,Operating Point,,0.02528233629287494,11,,0.9553264604810997,1.1091476091476091,0.04954954954954955,222,0.16563573883161514,0.904639175257732,0.17010309278350516,0.0818857816632727,-0.05240549828178698,0.3377707241284772,0.852233676975945,0.4196565057917499,0.044673539518900345,0.10576923076923077,0.4020618556701031,0.044673539518900345,104,0.1546762589928058,0.8453237410071942,0.1546762589928058
plantpseaac,GSI_MLC_PA_Logistic,0.40,4,Operating Point,,0.027907915329444064,12,,0.9568221070811744,1.257556561085973,0.05429864253393665,221,0.18134715025906736,0.9045768566493955,0.16062176165803108,0.09531780511846959,-0.06865284974093266,0.29660179914496276,0.8359240069084628,0.39191960426343236,0.04317789291882556,0.12,0.36787564766839376,0.04317789291882556,100,0.17148014440433212,0.8285198555956679,0.17148014440433212
plantpseaac,GSI_MLC_PA_Logistic,0.40,5,Operating Point,,0.03030863153824655,4,,0.9712351945854484,0.6349717969379532,0.0182648401826484,219,0.18071065989847715,0.9073604060913706,0.17174280879864634,0.14914735802568757,-0.07656514382402713,0.15823321661615425,0.8307952622673435,0.3073805746418418,0.028764805414551606,0.058823529411764705,0.30456852791878175,0.028764805414551606,68,0.17421602787456447,0.8257839721254355,0.17421602787456447
plantpseaac,GSI_MLC_PA_Logistic,0.50,1,Operating Point,,0.029304542258896765,0,,1.0,,0.0,218,0.18069727891156462,0.907312925170068,0.21428571428571427,0.16040200495985507,-0.08801020408163263,0.10897616230016116,0.8193027210884354,0.26937816726001623,0.0,,0.0,0.0,0,0.18069727891156462,0.8193027210884354,0.18069727891156462
plantpseaac,GSI_MLC_PA_Logistic,0.50,2,Operating Point,,0.0326523616067618,0,,1.0,,0.0,217,0.1813973063973064,0.9086700336700336,0.19865319865319864,0.11640284132976862,-0.09006734006734007,0.1609796989328945,0.8186026936026936,0.2773825402626631,0.0,,0.0,0.0,0,0.18139730639730645,0.8186026936026936,0.18139730639730645
plantpseaac,GSI_MLC_PA_Logistic,0.50,3,Operating Point,,0.02528233629287494,0,,1.0,,0.0,222,0.16280068728522337,0.904639175257732,0.17010309278350516,0.0818857816632727,-0.06743986254295531,0.2271693372113009,0.8371993127147767,0.3090551188745736,0.0,,0.0,0.0,0,0.16280068728522334,0.8371993127147767,0.16280068728522334
plantpseaac,GSI_MLC_PA_Logistic,0.50,4,Operating Point,,0.027907915329444064,0,,1.0,,0.0,221,0.172279792746114,0.9045768566493955,0.16062176165803108,0.09531780511846959,-0.0768566493955094,0.19687929942246296,0.8277202072538861,0.29219710454093256,0.0,,0.0,0.0,0,0.17227979274611394,0.8277202072538861,0.17227979274611394
plantpseaac,GSI_MLC_PA_Logistic,0.50,5,Operating Point,,0.03030863153824655,0,,1.0,,0.0,219,0.18062605752961083,0.9073604060913706,0.17174280879864634,0.14914735802568757,-0.08798646362098139,0.10585975376540468,0.8193739424703892,0.25500711179109226,0.0,,0.0,0.0,0,0.1806260575296108,0.8193739424703892,0.1806260575296108
plantpseaac,MLC_PA_SVM,0.20,1,Operating Point,,0.02705147849673465,17,,0.9404761904761905,1.3408450704225352,0.07981220657276995,213,0.1968537414965986,0.909438775510204,0.01020408163265306,0.019540229885057474,-0.09438775510204078,0.3079264166940452,0.8150510204081632,0.3274666465791027,0.05952380952380952,0.12142857142857143,0.5816326530612245,0.05952380952380952,140,0.19665461121157324,0.8033453887884268,0.19665461121157324
plantpseaac,MLC_PA_SVM,0.20,2,Operating Point,,0.029098073893156655,13,,0.9646464646464646,1.7593984962406015,0.06220095693779904,209,0.1531144781144781,0.912037037037037,0.07744107744107745,0.10054184619402011,-0.058080808080807955,0.20174348244201185,0.853956228956229,0.30228532863603197,0.03535353535353535,0.15476190476190477,0.35353535353535354,0.03535353535353535,84,0.15139616055846417,0.8486038394415358,0.15139616055846417
plantpseaac,MLC_PA_SVM,0.20,3,Operating Point,,0.02725240266107419,4,,0.9733676975945017,0.7220843672456576,0.019230769230769232,208,0.175,0.9106529209621993,0.061855670103092786,0.03995601173020528,-0.0803264604810997,0.2183209624594751,0.8303264604810996,0.2582769741896804,0.02663230240549828,0.06451612903225806,0.28865979381443296,0.02663230240549828,62,0.17431597528684906,0.8256840247131509,0.17431597528684906
plantpseaac,MLC_PA_SVM,0.20,4,Operating Point,,0.029000964375762463,13,,0.9602763385146805,1.474148061104583,0.05855855855855856,222,0.19231433506044904,0.9041450777202072,0.015544041450777202,0.024041984568300357,-0.08851468048359246,0.279501400948507,0.8156303972366148,0.3035433855168074,0.039723661485319514,0.14130434782608695,0.40932642487046633,0.039723661485319514,92,0.1919964028776978,0.8080035971223022,0.1919964028776978
plantpseaac,MLC_PA_SVM,0.20,5,Operating Point,,0.028461662824324947,19,,0.9251269035532995,1.214175654853621,0.09090909090909091,209,0.18417935702199661,0.9115905245346869,0.04568527918781726,0.09418820558526442,-0.08079526226734346,0.23385002364051577,0.8307952622673435,0.3280382292257802,0.07487309644670051,0.10734463276836158,0.6243654822335025,0.07487309644670051,177,0.18289894833104703,0.817101051668953,0.18289894833104703
plantpseaac,MLC_PA_SVM,0.25,1,Operating Point,,0.02705147849673465,7,,0.9634353741496599,0.8987880773010155,0.03286384976525822,213,0.19834183673469388,0.909438775510204,0.01020408163265306,0.019540229885057474,-0.09863945578231292,0.28991282462002566,0.8107993197278911,0.30945305450508315,0.036564625850340135,0.08139534883720931,0.3622448979591837,0.036564625850340135,86,0.19638128861429838,0.8036187113857016,0.19638128861429838
plantpseaac,MLC_PA_SVM,0.25,2,Operating Point,,0.029098073893156655,11,,0.9743265993265994,2.0500431406384814,0.05263157894736842,209,0.16130050505050506,0.912037037037037,0.07744107744107745,0.10054184619402011,-0.06691919191919182,0.17581755651608588,0.8451178451178452,0.276359402710106,0.025673400673400674,0.18032786885245902,0.2777777777777778,0.025673400673400674,61,0.15896328293736506,0.8410367170626349,0.15896328293736506
plantpseaac,MLC_PA_SVM,0.25,3,Operating Point,,0.02725240266107419,2,,0.9935567010309279,1.4923076923076926,0.009615384615384616,208,0.172143470790378,0.9106529209621993,0.061855670103092786,0.03995601173020528,-0.08118556701030932,0.20239283194801122,0.82946735395189,0.2423488436782165,0.006443298969072165,0.13333333333333333,0.07731958762886598,0.006443298969072165,15,0.17163856463467364,0.8283614353653264,0.17163856463467364
plantpseaac,MLC_PA_SVM,0.25,4,Operating Point,,0.029000964375762463,13,,0.9602763385146805,1.474148061104583,0.05855855855855856,222,0.19430051813471502,0.9041450777202072,0.015544041450777202,0.024041984568300357,-0.08851468048359246,0.279501400948507,0.8156303972366148,0.3035433855168074,0.039723661485319514,0.14130434782608695,0.40932642487046633,0.039723661485319514,92,0.1919964028776978,0.8080035971223022,0.1919964028776978
plantpseaac,MLC_PA_SVM,0.25,5,Operating Point,,0.028461662824324947,16,,0.9390862944162437,1.2567783094098883,0.07655502392344497,209,0.18570219966159052,0.9115905245346869,0.04568527918781726,0.09418820558526442,-0.0820642978003383,0.21162780141829357,0.8295262267343486,0.305816007003558,0.06091370558375635,0.1111111111111111,0.5583756345177665,0.06091370558375635,144,0.18153153153153156,0.8184684684684684,0.18153153153153156
plantpseaac,MLC_PA_SVM,0.30,1,Operating Point,,0.02705147849673465,7,,0.9634353741496599,0.8987880773010155,0.03286384976525822,213,0.2001700680272109,0.909438775510204,0.01020408163265306,0.019540229885057474,-0.09863945578231292,0.28991282462002566,0.8107993197278911,0.30945305450508315,0.036564625850340135,0.08139534883720931,0.3622448979591837,0.036564625850340135,86,0.19638128861429838,0.8036187113857016,0.19638128861429838
plantpseaac,MLC_PA_SVM,0.30,2,Operating Point,,0.029098073893156655,11,,0.9743265993265994,2.0500431406384814,0.05263157894736842,209,0.16258417508417508,0.912037037037037,0.07744107744107745,0.10054184619402011,-0.06691919191919182,0.17581755651608588,0.8451178451178452,0.276359402710106,0.025673400673400674,0.18032786885245902,0.2777777777777778,0.025673400673400674,61,0.15896328293736506,0.8410367170626349,0.15896328293736506
plantpseaac,MLC_PA_SVM,0.30,3,Operating Point,,0.02725240266107419,2,,0.9935567010309279,1.4923076923076926,0.009615384615384616,208,0.1724656357388316,0.9106529209621993,0.061855670103092786,0.03995601173020528,-0.08118556701030932,0.20239283194801122,0.82946735395189,0.2423488436782165,0.006443298969072165,0.13333333333333333,0.07731958762886598,0.006443298969072165,15,0.17163856463467364,0.8283614353653264,0.17163856463467364
plantpseaac,MLC_PA_SVM,0.30,4,Operating Point,,0.029000964375762463,4,,0.9827288428324698,1.0432432432432432,0.018018018018018018,222,0.19343696027633853,0.9041450777202072,0.015544041450777202,0.024041984568300357,-0.09240069084628666,0.25388133225826287,0.8117443868739206,0.27792331682656324,0.017271157167530225,0.1,0.20725388601036268,0.017271157167530225,40,0.19156414762741658,0.8084358523725834,0.19156414762741658
plantpseaac,MLC_PA_SVM,0.30,5,Operating Point,,0.028461662824324947,10,,0.9653130287648054,1.379390827401097,0.04784688995215311,209,0.18341793570219966,0.9115905245346869,0.04568527918781726,0.09418820558526442,-0.08460236886632821,0.1773899396069023,0.8269881556683587,0.2715781451921667,0.03468697123519458,0.12195121951219512,0.350253807106599,0.03468697123519458,82,0.17922874671340927,0.8207712532865907,0.17922874671340927
plantpseaac,MLC_PA_SVM,0.35,1,Operating Point,,0.02705147849673465,3,,0.9808673469387755,0.7361502347417841,0.014084507042253521,213,0.19759778911564627,0.909438775510204,0.01020408163265306,0.019540229885057474,-0.10034013605442171,0.22324615795335906,0.8090986394557823,0.24278638783841652,0.01913265306122449,0.06666666666666667,0.21428571428571427,0.01913265306122449,45,0.19462505418292153,0.8053749458170785,0.19462505418292153
plantpseaac,MLC_PA_SVM,0.35,2,Operating Point,,0.029098073893156655,11,,0.9743265993265994,2.0500431406384814,0.05263157894736842,209,0.1638678451178451,0.912037037037037,0.07744107744107745,0.10054184619402011,-0.06691919191919182,0.17581755651608588,0.8451178451178452,0.276359402710106,0.025673400673400674,0.18032786885245902,0.2777777777777778,0.025673400673400674,61,0.15896328293736506,0.8410367170626349,0.15896328293736506
plantpseaac,MLC_PA_SVM,0.35,3,Operating Point,,0.02725240266107419,2,,0.9935567010309279,1.4923076923076926,0.009615384615384616,208,0.17278780068728522,0.9106529209621993,0.061855670103092786,0.03995601173020528,-0.08118556701030932,0.20239283194801122,0.82946735395189,0.2423488436782165,0.006443298969072165,0.13333333333333333,0.07731958762886598,0.006443298969072165,15,0.17163856463467364,0.8283614353653264,0.17163856463467364
plantpseaac,MLC_PA_SVM,0.35,4,Operating Point,,0.029000964375762463,4,,0.9827288428324698,1.0432432432432432,0.018018018018018018,222,0.19430051813471502,0.9041450777202072,0.015544041450777202,0.024041984568300357,-0.09240069084628666,0.25388133225826287,0.8117443868739206,0.27792331682656324,0.017271157167530225,0.1,0.20725388601036268,0.017271157167530225,40,0.19156414762741658,0.8084358523725834,0.19156414762741658
plantpseaac,MLC_PA_SVM,0.35,5,Operating Point,,0.028461662824324947,7,,0.9818104906937394,1.8413263602982086,0.03349282296650718,209,0.18826142131979692,0.9115905245346869,0.04568527918781726,0.09418820558526442,-0.09348561759729268,0.13548274194522894,0.8181049069373942,0.22967094753049336,0.018189509306260575,0.16279069767441862,0.20304568527918782,0.018189509306260575,43,0.18526497199482983,0.8147350280051702,0.18526497199482983
plantpseaac,MLC_PA_SVM,0.40,1,Operating Point,,0.02705147849673465,3,,0.9808673469387755,0.7361502347417841,0.014084507042253521,213,0.1985544217687075,0.909438775510204,0.01020408163265306,0.019540229885057474,-0.10034013605442171,0.22324615795335906,0.8090986394557823,0.24278638783841652,0.01913265306122449,0.06666666666666667,0.21428571428571427,0.01913265306122449,45,0.19462505418292153,0.8053749458170785,0.19462505418292153
plantpseaac,MLC_PA_SVM,0.40,2,Operating Point,,0.029098073893156655,11,,0.9743265993265994,2.0500431406384814,0.05263157894736842,209,0.16515151515151516,0.912037037037037,0.07744107744107745,0.10054184619402011,-0.06691919191919182,0.17581755651608588,0.8451178451178452,0.276359402710106,0.025673400673400674,0.18032786885245902,0.2777777777777778,0.025673400673400674,61,0.15896328293736506,0.8410367170626349,0.15896328293736506
plantpseaac,MLC_PA_SVM,0.40,3,Operating Point,,0.02725240266107419,2,,0.9935567010309279,1.4923076923076926,0.009615384615384616,208,0.17310996563573883,0.9106529209621993,0.061855670103092786,0.03995601173020528,-0.08118556701030932,0.20239283194801122,0.82946735395189,0.2423488436782165,0.006443298969072165,0.13333333333333333,0.07731958762886598,0.006443298969072165,15,0.17163856463467364,0.8283614353653264,0.17163856463467364
plantpseaac,MLC_PA_SVM,0.40,4,Operating Point,,0.029000964375762463,4,,0.9827288428324698,1.0432432432432432,0.018018018018018018,222,0.19516407599309155,0.9041450777202072,0.015544041450777202,0.024041984568300357,-0.09240069084628666,0.25388133225826287,0.8117443868739206,0.27792331682656324,0.017271157167530225,0.1,0.20725388601036268,0.017271157167530225,40,0.19156414762741658,0.8084358523725834,0.19156414762741658
plantpseaac,MLC_PA_SVM,0.40,5,Operating Point,,0.028461662824324947,7,,0.9818104906937394,1.8413263602982086,0.03349282296650718,209,0.18917089678511,0.9115905245346869,0.04568527918781726,0.09418820558526442,-0.09348561759729268,0.13548274194522894,0.8181049069373942,0.22967094753049336,0.018189509306260575,0.16279069767441862,0.20304568527918782,0.018189509306260575,43,0.18526497199482983,0.8147350280051702,0.18526497199482983
plantpseaac,MLC_PA_SVM,0.50,1,Operating Point,,0.02705147849673465,0,,1.0,,0.0,213,0.1921768707482993,0.909438775510204,0.01020408163265306,0.019540229885057474,-0.10161564625850339,0.18157949128669237,0.8078231292517006,0.20111972117174984,0.0,,0.0,0.0,0,0.19217687074829937,0.8078231292517006,0.19217687074829937
plantpseaac,MLC_PA_SVM,0.50,2,Operating Point,,0.029098073893156655,0,,1.0,,0.0,209,0.16287878787878787,0.912037037037037,0.07744107744107745,0.10054184619402011,-0.07491582491582482,0.10471601825768491,0.8371212121212122,0.20525786445170502,0.0,,0.0,0.0,0,0.16287878787878785,0.8371212121212122,0.16287878787878785
plantpseaac,MLC_PA_SVM,0.50,3,Operating Point,,0.02725240266107419,0,,1.0,,0.0,208,0.1718213058419244,0.9106529209621993,0.061855670103092786,0.03995601173020528,-0.08247422680412375,0.16717457797975727,0.8281786941580755,0.20713058970996254,0.0,,0.0,0.0,0,0.17182130584192445,0.8281786941580755,0.17182130584192445
plantpseaac,MLC_PA_SVM,0.50,4,Operating Point,,0.029000964375762463,0,,1.0,,0.0,222,0.18998272884283246,0.9041450777202072,0.015544041450777202,0.024041984568300357,-0.09412780656303965,0.21347729185422246,0.8100172711571676,0.23751927642252282,0.0,,0.0,0.0,0,0.1899827288428324,0.8100172711571676,0.1899827288428324
plantpseaac,MLC_PA_SVM,0.50,5,Operating Point,,0.028461662824324947,0,,1.0,,0.0,209,0.188663282571912,0.9115905245346869,0.04568527918781726,0.09418820558526442,-0.10025380710659892,0.10611766258014957,0.811336717428088,0.20030586816541399,0.0,,0.0,0.0,0,0.188663282571912,0.811336717428088,0.188663282571912
plantpseaac,GSI_MLC_PA_SVM,0.20,1,Operating Point,,0.02984627467992042,24,,0.9421768707482994,1.8866310160427806,0.10909090909090909,220,0.2058673469387755,0.9064625850340136,0.023809523809523808,0.04045400079882839,-0.10076530612244894,0.2815330182291029,0.8056972789115646,0.3219870190279313,0.05782312925170068,0.17647058823529413,0.5153061224489796,0.05782312925170068,136,0.20622743682310474,0.7937725631768953,0.20622743682310474
plantpseaac,GSI_MLC_PA_SVM,0.20,2,Operating Point,,0.03202597188473943,7,,0.9701178451178452,1.0895512610547002,0.03255813953488372,215,0.20084175084175085,0.9095117845117845,0.09006734006734007,0.12297774362991754,-0.10437710437710435,0.15477917791641288,0.8051346801346801,0.2777569215463304,0.02988215488215488,0.09859154929577464,0.32323232323232326,0.02988215488215488,71,0.2008676789587852,0.7991323210412148,0.2008676789587852
plantpseaac,GSI_MLC_PA_SVM,0.20,3,Operating Point,,0.027144544760840297,17,,0.9458762886597938,1.4148434148434148,0.07657657657657657,222,0.18307560137457043,0.904639175257732,0.10137457044673538,0.09282299051946748,-0.07689003436426123,0.2417778001901374,0.8277491408934707,0.33460079070960486,0.05412371134020619,0.1349206349206349,0.4793814432989691,0.05412371134020619,126,0.18210717529518616,0.8178928247048138,0.18210717529518616
plantpseaac,GSI_MLC_PA_SVM,0.20,4,Operating Point,,0.03072958319705612,29,,0.9369602763385146,1.9914605942003203,0.12554112554112554,231,0.21165803108808287,0.9002590673575129,0.02072538860103627,0.03419365721997301,-0.09930915371329874,0.3277334622116253,0.8009499136442142,0.36192711943159833,0.06303972366148532,0.19863013698630136,0.6062176165803109,0.06303972366148532,146,0.21244239631336403,0.787557603686636,0.21244239631336403
plantpseaac,GSI_MLC_PA_SVM,0.20,5,Operating Point,,0.030986750754063885,10,,0.9767343485617598,2.0467532467532465,0.047619047619047616,210,0.2060067681895093,0.9111675126903553,0.0820642978003384,0.10917035200571786,-0.11252115059221657,0.1325051350722949,0.7986463620981388,0.24167548707801276,0.023265651438240272,0.18181818181818182,0.2639593908629442,0.023265651438240272,55,0.20614984841922912,0.7938501515807709,0.20614984841922912
plantpseaac,GSI_MLC_PA_SVM,0.25,1,Operating Point,,0.02984627467992042,23,,0.9468537414965986,1.9671272727272728,0.10454545454545454,220,0.2118409863945578,0.9064625850340136,0.023809523809523808,0.04045400079882839,-0.10501700680272108,0.2797887307705297,0.8014455782312925,0.32024273156935806,0.05314625850340136,0.184,0.49489795918367346,0.05314625850340136,125,0.20969914683430624,0.7903008531656938,0.20969914683430624
plantpseaac,GSI_MLC_PA_SVM,0.25,2,Operating Point,,0.03202597188473943,7,,0.9701178451178452,1.0895512610547002,0.03255813953488372,215,0.2023358585858586,0.9095117845117845,0.09006734006734007,0.12297774362991754,-0.10437710437710435,0.15477917791641288,0.8051346801346801,0.2777569215463304,0.02988215488215488,0.09859154929577464,0.32323232323232326,0.02988215488215488,71,0.2008676789587852,0.7991323210412148,0.2008676789587852
plantpseaac,GSI_MLC_PA_SVM,0.25,3,Operating Point,,0.027144544760840297,6,,0.9634879725085911,0.7402225755166931,0.02702702702702703,222,0.18610395189003437,0.904639175257732,0.10137457044673538,0.09282299051946748,-0.08161512027491413,0.22711600816036454,0.8230240549828178,0.319938998679832,0.03651202749140894,0.07058823529411765,0.3711340206185567,0.03651202749140894,85,0.18368256798930005,0.8163174320107,0.18368256798930005
plantpseaac,GSI_MLC_PA_SVM,0.25,4,Operating Point,,0.03072958319705612,28,,0.940846286701209,2.049104180491042,0.12121212121212122,231,0.21427029360967184,0.9002590673575129,0.02072538860103627,0.03419365721997301,-0.09974093264248707,0.3253838381514749,0.8005181347150259,0.35957749537144795,0.059153713298791016,0.20437956204379562,0.5751295336787565,0.059153713298791016,137,0.21202386415787056,0.7879761358421294,0.21202386415787056
plantpseaac,GSI_MLC_PA_SVM,0.25,5,Operating Point,,0.030986750754063885,5,,0.9932318104906938,3.517857142857143,0.023809523809523808,210,0.20516074450084604,0.9111675126903553,0.0820642978003384,0.10917035200571786,-0.11463620981387479,0.11026305530355392,0.7965313028764806,0.21943340730927177,0.00676818950930626,0.3125,0.07614213197969544,0.00676818950930626,16,0.204855195911414,0.795144804088586,0.204855195911414
plantpseaac,GSI_MLC_PA_SVM,0.30,1,Operating Point,,0.02984627467992042,23,,0.9468537414965986,1.9671272727272728,0.10454545454545454,220,0.21449829931972791,0.9064625850340136,0.023809523809523808,0.04045400079882839,-0.10501700680272108,0.2797887307705297,0.8014455782312925,0.32024273156935806,0.05314625850340136,0.184,0.49489795918367346,0.05314625850340136,125,0.20969914683430624,0.7903008531656938,0.20969914683430624
plantpseaac,GSI_MLC_PA_SVM,0.30,2,Operating Point,,0.03202597188473943,7,,0.9701178451178452,1.0895512610547002,0.03255813953488372,215,0.20382996632996633,0.9095117845117845,0.09006734006734007,0.12297774362991754,-0.10437710437710435,0.15477917791641288,0.8051346801346801,0.2777569215463304,0.02988215488215488,0.09859154929577464,0.32323232323232326,0.02988215488215488,71,0.2008676789587852,0.7991323210412148,0.2008676789587852
plantpseaac,GSI_MLC_PA_SVM,0.30,3,Operating Point,,0.027144544760840297,6,,0.9634879725085911,0.7402225755166931,0.02702702702702703,222,0.1879295532646048,0.904639175257732,0.10137457044673538,0.09282299051946748,-0.08161512027491413,0.22711600816036454,0.8230240549828178,0.319938998679832,0.03651202749140894,0.07058823529411765,0.3711340206185567,0.03651202749140894,85,0.18368256798930005,0.8163174320107,0.18368256798930005
plantpseaac,GSI_MLC_PA_SVM,0.30,4,Operating Point,,0.03072958319705612,13,,0.9572538860103627,1.3165420438147712,0.05627705627705628,231,0.22223661485319518,0.9002590673575129,0.02072538860103627,0.03419365721997301,-0.10967184801381691,0.3104215690908452,0.790587219343696,0.3446152263108182,0.042746113989637305,0.13131313131313133,0.44041450777202074,0.042746113989637305,99,0.2187640956247181,0.7812359043752819,0.2187640956247181
plantpseaac,GSI_MLC_PA_SVM,0.30,5,Operating Point,,0.030986750754063885,5,,0.9932318104906938,3.517857142857143,0.023809523809523808,210,0.20549915397631136,0.9111675126903553,0.0820642978003384,0.10917035200571786,-0.11463620981387479,0.11026305530355392,0.7965313028764806,0.21943340730927177,0.00676818950930626,0.3125,0.07614213197969544,0.00676818950930626,16,0.204855195911414,0.795144804088586,0.204855195911414
plantpseaac,GSI_MLC_PA_SVM,0.35,1,Operating Point,,0.02984627467992042,22,,0.953656462585034,2.157798165137615,0.1,220,0.2151998299319728,0.9064625850340136,0.023809523809523808,0.04045400079882839,-0.1054421768707483,0.27257372355552245,0.8010204081632653,0.31302772435435083,0.04634353741496599,0.2018348623853211,0.4387755102040816,0.04634353741496599,109,0.20864913062862245,0.7913508693713776,0.20864913062862245
plantpseaac,GSI_MLC_PA_SVM,0.35,2,Operating Point,,0.03202597188473943,7,,0.9701178451178452,1.0895512610547002,0.03255813953488372,215,0.20532407407407408,0.9095117845117845,0.09006734006734007,0.12297774362991754,-0.10437710437710435,0.15477917791641288,0.8051346801346801,0.2777569215463304,0.02988215488215488,0.09859154929577464,0.32323232323232326,0.02988215488215488,71,0.2008676789587852,0.7991323210412148,0.2008676789587852
plantpseaac,GSI_MLC_PA_SVM,0.35,3,Operating Point,,0.027144544760840297,6,,0.9634879725085911,0.7402225755166931,0.02702702702702703,222,0.18975515463917525,0.904639175257732,0.10137457044673538,0.09282299051946748,-0.08161512027491413,0.22711600816036454,0.8230240549828178,0.319938998679832,0.03651202749140894,0.07058823529411765,0.3711340206185567,0.03651202749140894,85,0.18368256798930005,0.8163174320107,0.18368256798930005
plantpseaac,GSI_MLC_PA_SVM,0.35,4,Operating Point,,0.03072958319705612,9,,0.9650259067357513,1.113997113997114,0.03896103896103896,231,0.223380829015544,0.9002590673575129,0.02072538860103627,0.03419365721997301,-0.1113989637305699,0.3001193712886474,0.788860103626943,0.33431302850862044,0.034974093264248704,0.1111111111111111,0.37305699481865284,0.034974093264248704,81,0.2187919463087249,0.7812080536912751,0.2187919463087249
plantpseaac,GSI_MLC_PA_SVM,0.35,5,Operating Point,,0.030986750754063885,2,,0.9961928934010152,2.5015873015873016,0.009523809523809525,210,0.2064932318104907,0.9111675126903553,0.0820642978003384,0.10917035200571786,-0.11632825719120143,0.10871831294451163,0.7948392554991539,0.2178886649502295,0.0038071065989847717,0.2222222222222222,0.04568527918781726,0.0038071065989847717,9,0.20594479830148615,0.7940552016985138,0.20594479830148615
plantpseaac,GSI_MLC_PA_SVM,0.40,1,Operating Point,,0.02984627467992042,14,,0.9685374149659864,2.0226044226044224,0.06363636363636363,220,0.21496598639455777,0.9064625850340136,0.023809523809523808,0.04045400079882839,-0.10884353741496589,0.2523438384980512,0.7976190476190477,0.2927978392968796,0.031462585034013606,0.1891891891891892,0.34183673469387754,0.031462585034013606,74,0.20895522388059695,0.791044776119403,0.20895522388059695
plantpseaac,GSI_MLC_PA_SVM,0.40,2,Operating Point,,0.03202597188473943,7,,0.9701178451178452,1.0895512610547002,0.03255813953488372,215,0.20681818181818182,0.9095117845117845,0.09006734006734007,0.12297774362991754,-0.10437710437710435,0.15477917791641288,0.8051346801346801,0.2777569215463304,0.02988215488215488,0.09859154929577464,0.32323232323232326,0.02988215488215488,71,0.2008676789587852,0.7991323210412148,0.2008676789587852
plantpseaac,GSI_MLC_PA_SVM,0.40,3,Operating Point,,0.027144544760840297,6,,0.9634879725085911,0.7402225755166931,0.02702702702702703,222,0.19158075601374572,0.904639175257732,0.10137457044673538,0.09282299051946748,-0.08161512027491413,0.22711600816036454,0.8230240549828178,0.319938998679832,0.03651202749140894,0.07058823529411765,0.3711340206185567,0.03651202749140894,85,0.18368256798930005,0.8163174320107,0.18368256798930005
plantpseaac,GSI_MLC_PA_SVM,0.40,4,Operating Point,,0.03072958319705612,9,,0.9650259067357513,1.113997113997114,0.03896103896103896,231,0.22512953367875652,0.9002590673575129,0.02072538860103627,0.03419365721997301,-0.1113989637305699,0.3001193712886474,0.788860103626943,0.33431302850862044,0.034974093264248704,0.1111111111111111,0.37305699481865284,0.034974093264248704,81,0.2187919463087249,0.7812080536912751,0.2187919463087249
plantpseaac,GSI_MLC_PA_SVM,0.40,5,Operating Point,,0.030986750754063885,2,,0.9961928934010152,2.5015873015873016,0.009523809523809525,210,0.2066835871404399,0.9111675126903553,0.0820642978003384,0.10917035200571786,-0.11632825719120143,0.10871831294451163,0.7948392554991539,0.2178886649502295,0.0038071065989847717,0.2222222222222222,0.04568527918781726,0.0038071065989847717,9,0.20594479830148615,0.7940552016985138,0.20594479830148615
plantpseaac,GSI_MLC_PA_SVM,0.50,1,Operating Point,,0.02984627467992042,0,,1.0,,0.0,220,0.21641156462585034,0.9064625850340136,0.023809523809523808,0.04045400079882839,-0.12287414965986387,0.19928896712421434,0.7835884353741497,0.23974296792304273,0.0,,0.0,0.0,0,0.21641156462585032,0.7835884353741497,0.21641156462585032
plantpseaac,GSI_MLC_PA_SVM,0.50,2,Operating Point,,0.03202597188473943,0,,1.0,,0.0,215,0.1978114478114478,0.9095117845117845,0.09006734006734007,0.12297774362991754,-0.10732323232323226,0.08405268218991716,0.8021885521885522,0.2070304258198347,0.0,,0.0,0.0,0,0.19781144781144777,0.8021885521885522,0.19781144781144777
plantpseaac,GSI_MLC_PA_SVM,0.50,3,Operating Point,,0.027144544760840297,0,,1.0,,0.0,222,0.18943298969072164,0.904639175257732,0.10137457044673538,0.09282299051946748,-0.09407216494845361,0.15778789648091013,0.8105670103092784,0.2506108870003776,0.0,,0.0,0.0,0,0.18943298969072164,0.8105670103092784,0.18943298969072164
plantpseaac,GSI_MLC_PA_SVM,0.50,4,Operating Point,,0.03072958319705612,0,,1.0,,0.0,231,0.21502590673575128,0.9002590673575129,0.02072538860103627,0.03419365721997301,-0.11528497409326421,0.20033952150879758,0.7849740932642487,0.23453317872877058,0.0,,0.0,0.0,0,0.21502590673575128,0.7849740932642487,0.21502590673575128
plantpseaac,GSI_MLC_PA_SVM,0.50,5,Operating Point,,0.030986750754063885,0,,1.0,,0.0,210,0.2060067681895093,0.9111675126903553,0.0820642978003384,0.10917035200571786,-0.11717428087986459,0.10087461684114703,0.7939932318104908,0.21004496884686488,0.0,,0.0,0.0,0,0.20600676818950925,0.7939932318104908,0.20600676818950925
plantpseaac,MLC_PA_MLP,0.20,1,Operating Point,,0.03474288653182523,6,,0.9749149659863946,1.1444327305165842,0.028708133971291867,209,0.1776360544217687,0.9111394557823129,0.030612244897959183,0.03376490312965723,-0.0837585034013606,0.22009456493759072,0.8273809523809523,0.25385946806724796,0.025085034013605442,0.1016949152542373,0.2653061224489796,0.025085034013605442,59,0.17706061927605754,0.8229393807239425,0.17706061927605754
plantpseaac,MLC_PA_MLP,0.20,2,Operating Point,,0.04039932230469636,27,,0.9423400673400674,2.229822732012513,0.12857142857142856,210,0.14789562289562289,0.9116161616161617,0.020202020202020204,0.013573065397496914,-0.04797979797979801,0.31119447690856433,0.8636363636363636,0.32476754230606125,0.05765993265993266,0.19708029197080293,0.5454545454545454,0.05765993265993266,137,0.14470745868691381,0.8552925413130862,0.14470745868691381
plantpseaac,MLC_PA_MLP,0.20,3,Operating Point,,0.03644013819814253,14,,0.9596219931271478,1.6589636567240151,0.06698564593301436,209,0.1640034364261168,0.9102233676975945,0.005154639175257732,0.005208333333333333,-0.06615120274914088,0.3140792930867544,0.8440721649484536,0.31928762642008773,0.040378006872852236,0.14893617021276595,0.37628865979381443,0.040378006872852236,94,0.16248880931065357,0.8375111906893464,0.16248880931065357
plantpseaac,MLC_PA_MLP,0.20,4,Operating Point,,0.03765182109434018,17,,0.9775474956822107,3.5216457960644005,0.07906976744186046,215,0.15734024179620035,0.907167530224525,0.015544041450777202,0.012348668280871672,-0.060017271157167484,0.3486916616868162,0.8471502590673575,0.36104032996768787,0.022452504317789293,0.3269230769230769,0.23834196891191708,0.022452504317789293,52,0.15636042402826855,0.8436395759717314,0.15636042402826855
plantpseaac,MLC_PA_MLP,0.20,5,Operating Point,,0.03707245678411196,8,,0.9534686971235194,0.8305665349143609,0.03864734299516908,207,0.20473773265651435,0.9124365482233503,0.025380710659898477,0.038809707241910636,-0.10786802030456855,0.25393870679564245,0.8045685279187818,0.2927484140375531,0.046531302876480544,0.07272727272727272,0.4416243654822335,0.046531302876480544,110,0.20496894409937894,0.7950310559006211,0.20496894409937894
plantpseaac,MLC_PA_MLP,0.25,1,Operating Point,,0.03474288653182523,6,,0.9749149659863946,1.1444327305165842,0.028708133971291867,209,0.17889030612244897,0.9111394557823129,0.030612244897959183,0.03376490312965723,-0.0837585034013606,0.22009456493759072,0.8273809523809523,0.25385946806724796,0.025085034013605442,0.1016949152542373,0.2653061224489796,0.025085034013605442,59,0.17706061927605754,0.8229393807239425,0.17706061927605754
plantpseaac,MLC_PA_MLP,0.25,2,Operating Point,,0.04039932230469636,14,,0.9659090909090909,1.9555555555555557,0.06666666666666667,210,0.1503577441077441,0.9116161616161617,0.020202020202020204,0.013573065397496914,-0.05345117845117853,0.2919740468010375,0.8581649831649831,0.3055471121985344,0.03409090909090909,0.1728395061728395,0.3686868686868687,0.03409090909090909,81,0.14684095860566448,0.8531590413943355,0.14684095860566448
plantpseaac,MLC_PA_MLP,0.25,3,Operating Point,,0.03644013819814253,14,,0.9596219931271478,1.6589636567240151,0.06698564593301436,209,0.16602233676975944,0.9102233676975945,0.005154639175257732,0.005208333333333333,-0.06615120274914088,0.3140792930867544,0.8440721649484536,0.31928762642008773,0.040378006872852236,0.14893617021276595,0.37628865979381443,0.040378006872852236,94,0.16248880931065357,0.8375111906893464,0.16248880931065357
plantpseaac,MLC_PA_MLP,0.25,4,Operating Point,,0.03765182109434018,17,,0.9775474956822107,3.5216457960644005,0.07906976744186046,215,0.1584628670120898,0.907167530224525,0.015544041450777202,0.012348668280871672,-0.060017271157167484,0.3486916616868162,0.8471502590673575,0.36104032996768787,0.022452504317789293,0.3269230769230769,0.23834196891191708,0.022452504317789293,52,0.15636042402826855,0.8436395759717314,0.15636042402826855
plantpseaac,MLC_PA_MLP,0.25,5,Operating Point,,0.03707245678411196,5,,0.9615059221658206,0.62748845357541,0.024154589371980676,207,0.20632402707275804,0.9124365482233503,0.025380710659898477,0.038809707241910636,-0.1091370558375635,0.23912389198082767,0.8032994923857868,0.2779335992227383,0.03849407783417936,0.054945054945054944,0.36548223350253806,0.03849407783417936,91,0.20457545094588647,0.7954245490541135,0.20457545094588647
plantpseaac,MLC_PA_MLP,0.30,1,Operating Point,,0.03474288653182523,6,,0.9749149659863946,1.1444327305165842,0.028708133971291867,209,0.18014455782312927,0.9111394557823129,0.030612244897959183,0.03376490312965723,-0.0837585034013606,0.22009456493759072,0.8273809523809523,0.25385946806724796,0.025085034013605442,0.1016949152542373,0.2653061224489796,0.025085034013605442,59,0.17706061927605754,0.8229393807239425,0.17706061927605754
plantpseaac,MLC_PA_MLP,0.30,2,Operating Point,,0.04039932230469636,14,,0.9659090909090909,1.9555555555555557,0.06666666666666667,210,0.15206228956228957,0.9116161616161617,0.020202020202020204,0.013573065397496914,-0.05345117845117853,0.2919740468010375,0.8581649831649831,0.3055471121985344,0.03409090909090909,0.1728395061728395,0.3686868686868687,0.03409090909090909,81,0.14684095860566448,0.8531590413943355,0.14684095860566448
plantpseaac,MLC_PA_MLP,0.30,3,Operating Point,,0.03644013819814253,10,,0.9729381443298969,1.76805650489861,0.04784688995215311,209,0.16576460481099656,0.9102233676975945,0.005154639175257732,0.005208333333333333,-0.06786941580756012,0.28505151530897666,0.8423539518900344,0.29025984864230997,0.027061855670103094,0.15873015873015872,0.28350515463917525,0.027061855670103094,63,0.1620309050772627,0.8379690949227373,0.1620309050772627
plantpseaac,MLC_PA_MLP,0.30,4,Operating Point,,0.03765182109434018,17,,0.9775474956822107,3.5216457960644005,0.07906976744186046,215,0.1595854922279793,0.907167530224525,0.015544041450777202,0.012348668280871672,-0.060017271157167484,0.3486916616868162,0.8471502590673575,0.36104032996768787,0.022452504317789293,0.3269230769230769,0.23834196891191708,0.022452504317789293,52,0.15636042402826855,0.8436395759717314,0.15636042402826855
plantpseaac,MLC_PA_MLP,0.30,5,Operating Point,,0.03707245678411196,5,,0.9615059221658206,0.62748845357541,0.024154589371980676,207,0.20824873096446703,0.9124365482233503,0.025380710659898477,0.038809707241910636,-0.1091370558375635,0.23912389198082767,0.8032994923857868,0.2779335992227383,0.03849407783417936,0.054945054945054944,0.36548223350253806,0.03849407783417936,91,0.20457545094588647,0.7954245490541135,0.20457545094588647
plantpseaac,MLC_PA_MLP,0.35,1,Operating Point,,0.03474288653182523,4,,0.9791666666666666,0.9186602870813397,0.019138755980861243,209,0.1807610544217687,0.9111394557823129,0.030612244897959183,0.03376490312965723,-0.08460884353741494,0.19678454162756742,0.826530612244898,0.23054944475722464,0.020833333333333332,0.08163265306122448,0.24489795918367346,0.020833333333333332,49,0.17716022579244461,0.8228397742075554,0.17716022579244461
plantpseaac,MLC_PA_MLP,0.35,2,Operating Point,,0.04039932230469636,14,,0.9659090909090909,1.9555555555555557,0.06666666666666667,210,0.15376683501683502,0.9116161616161617,0.020202020202020204,0.013573065397496914,-0.05345117845117853,0.2919740468010375,0.8581649831649831,0.3055471121985344,0.03409090909090909,0.1728395061728395,0.3686868686868687,0.03409090909090909,81,0.14684095860566448,0.8531590413943355,0.14684095860566448
plantpseaac,MLC_PA_MLP,0.35,3,Operating Point,,0.03644013819814253,10,,0.9729381443298969,1.76805650489861,0.04784688995215311,209,0.16711769759450174,0.9102233676975945,0.005154639175257732,0.005208333333333333,-0.06786941580756012,0.28505151530897666,0.8423539518900344,0.29025984864230997,0.027061855670103094,0.15873015873015872,0.28350515463917525,0.027061855670103094,63,0.1620309050772627,0.8379690949227373,0.1620309050772627
plantpseaac,MLC_PA_MLP,0.35,4,Operating Point,,0.03765182109434018,17,,0.9775474956822107,3.5216457960644005,0.07906976744186046,215,0.16070811744386873,0.907167530224525,0.015544041450777202,0.012348668280871672,-0.060017271157167484,0.3486916616868162,0.8471502590673575,0.36104032996768787,0.022452504317789293,0.3269230769230769,0.23834196891191708,0.022452504317789293,52,0.15636042402826855,0.8436395759717314,0.15636042402826855
plantpseaac,MLC_PA_MLP,0.35,5,Operating Point,,0.03707245678411196,4,,0.9754653130287648,0.7876061969015492,0.01932367149758454,207,0.2069796954314721,0.9124365482233503,0.025380710659898477,0.038809707241910636,-0.11082910321489003,0.2308821337390694,0.8016074450084603,0.26969184098098004,0.024534686971235193,0.06896551724137931,0.24873096446700507,0.024534686971235193,58,0.20338248048568952,0.7966175195143105,0.20338248048568952
plantpseaac,MLC_PA_MLP,0.40,1,Operating Point,,0.03474288653182523,4,,0.9791666666666666,0.9186602870813397,0.019138755980861243,209,0.18180272108843537,0.9111394557823129,0.030612244897959183,0.03376490312965723,-0.08460884353741494,0.19678454162756742,0.826530612244898,0.23054944475722464,0.020833333333333332,0.08163265306122448,0.24489795918367346,0.020833333333333332,49,0.17716022579244461,0.8228397742075554,0.17716022579244461
plantpseaac,MLC_PA_MLP,0.40,2,Operating Point,,0.04039932230469636,13,,0.9718013468013468,2.195309168443497,0.06190476190476191,210,0.15353535353535352,0.9116161616161617,0.020202020202020204,0.013573065397496914,-0.05387205387205396,0.28443436426135493,0.8577441077441077,0.29800742965885185,0.0281986531986532,0.19402985074626866,0.3181818181818182,0.0281986531986532,67,0.14638371589432653,0.8536162841056735,0.14638371589432653
plantpseaac,MLC_PA_MLP,0.40,3,Operating Point,,0.03644013819814253,10,,0.9729381443298969,1.76805650489861,0.04784688995215311,209,0.16847079037800686,0.9102233676975945,0.005154639175257732,0.005208333333333333,-0.06786941580756012,0.28505151530897666,0.8423539518900344,0.29025984864230997,0.027061855670103094,0.15873015873015872,0.28350515463917525,0.027061855670103094,63,0.1620309050772627,0.8379690949227373,0.1620309050772627
plantpseaac,MLC_PA_MLP,0.40,4,Operating Point,,0.03765182109434018,17,,0.9775474956822107,3.5216457960644005,0.07906976744186046,215,0.16183074265975822,0.907167530224525,0.015544041450777202,0.012348668280871672,-0.060017271157167484,0.3486916616868162,0.8471502590673575,0.36104032996768787,0.022452504317789293,0.3269230769230769,0.23834196891191708,0.022452504317789293,52,0.15636042402826855,0.8436395759717314,0.15636042402826855
plantpseaac,MLC_PA_MLP,0.40,5,Operating Point,,0.03707245678411196,4,,0.9754653130287648,0.7876061969015492,0.01932367149758454,207,0.20820642978003384,0.9124365482233503,0.025380710659898477,0.038809707241910636,-0.11082910321489003,0.2308821337390694,0.8016074450084603,0.26969184098098004,0.024534686971235193,0.06896551724137931,0.24873096446700507,0.024534686971235193,58,0.20338248048568952,0.7966175195143105,0.20338248048568952
plantpseaac,MLC_PA_MLP,0.50,1,Operating Point,,0.03474288653182523,0,,1.0,,0.0,209,0.17899659863945577,0.9111394557823129,0.030612244897959183,0.03376490312965723,-0.09013605442176864,0.17792399041407497,0.8210034013605443,0.21168889354373222,0.0,,0.0,0.0,0,0.17899659863945572,0.8210034013605443,0.17899659863945572
plantpseaac,MLC_PA_MLP,0.50,2,Operating Point,,0.04039932230469636,0,,1.0,,0.0,210,0.15614478114478114,0.9116161616161617,0.020202020202020204,0.013573065397496914,-0.0677609427609428,0.24780921774884918,0.8438552188552189,0.2613822831463461,0.0,,0.0,0.0,0,0.15614478114478114,0.8438552188552189,0.15614478114478114
plantpseaac,MLC_PA_MLP,0.50,3,Operating Point,,0.03644013819814253,0,,1.0,,0.0,209,0.1640893470790378,0.9102233676975945,0.005154639175257732,0.005208333333333333,-0.07431271477663226,0.2494566404406464,0.8359106529209622,0.25466497377397973,0.0,,0.0,0.0,0,0.16408934707903777,0.8359106529209622,0.16408934707903777
plantpseaac,MLC_PA_MLP,0.50,4,Operating Point,,0.03765182109434018,0,,1.0,,0.0,215,0.16191709844559585,0.907167530224525,0.015544041450777202,0.012348668280871672,-0.06908462867012088,0.2595641598001533,0.8380829015544041,0.27191282808102496,0.0,,0.0,0.0,0,0.16191709844559588,0.8380829015544041,0.16191709844559588
plantpseaac,MLC_PA_MLP,0.50,5,Operating Point,,0.03707245678411196,0,,1.0,,0.0,207,0.21489001692047377,0.9124365482233503,0.025380710659898477,0.038809707241910636,-0.127326565143824,0.21004072060433826,0.7851099830795263,0.2488504278462489,0.0,,0.0,0.0,0,0.21489001692047371,0.7851099830795263,0.21489001692047371
plantpseaac,GSI_MLC_PA_MLP,0.20,1,Operating Point,,0.030309925611959557,27,,0.9366496598639455,1.9026845637583893,0.12053571428571429,224,0.17636054421768704,0.9047619047619048,0.18707482993197277,0.15680085165379282,-0.06845238095238093,0.25545701089668654,0.8363095238095238,0.41225786255047936,0.06335034013605442,0.18120805369127516,0.5816326530612245,0.06335034013605442,149,0.1747616886064458,0.8252383113935542,0.1747616886064458
plantpseaac,GSI_MLC_PA_MLP,0.20,2,Operating Point,,0.03077952046510946,16,,0.9326599326599326,1.094930875576037,0.07373271889400922,217,0.16456228956228952,0.9086700336700336,0.17424242424242425,0.13324941966246315,-0.05976430976430969,0.24549780393858442,0.8489057239057239,0.37874722360104757,0.06734006734006734,0.1,0.6111111111111112,0.06734006734006734,160,0.16200361010830322,0.8379963898916968,0.16200361010830322
plantpseaac,GSI_MLC_PA_MLP,0.20,3,Operating Point,,0.02426622229317763,22,,0.9308419243986255,1.5367719866774687,0.10628019323671498,207,0.14613402061855668,0.9110824742268041,0.21735395189003434,0.1703552109450006,-0.04338487972508587,0.20421302309467743,0.8676975945017182,0.37456823403967804,0.06915807560137457,0.13664596273291926,0.6237113402061856,0.06915807560137457,161,0.14213197969543145,0.8578680203045685,0.14213197969543145
plantpseaac,GSI_MLC_PA_MLP,0.20,4,Operating Point,,0.026093057048591713,19,,0.9542314335060449,1.8869639794168096,0.08636363636363636,220,0.18704663212435232,0.9050086355785838,0.15889464594127806,0.1255293252052594,-0.08290155440414515,0.2867995012032385,0.8221070811744386,0.4123288264084979,0.045768566493955096,0.1792452830188679,0.45077720207253885,0.045768566493955096,106,0.18642533936651584,0.8135746606334842,0.18642533936651584
plantpseaac,GSI_MLC_PA_MLP,0.20,5,Operating Point,,0.040977909776064046,7,,0.9665820642978004,1.0070593962999026,0.03365384615384615,208,0.17461928934010154,0.9120135363790186,0.17343485617597293,0.15606918326471572,-0.07994923857868019,0.15022151664855618,0.8320642978003384,0.3062906999132719,0.03341793570219966,0.08860759493670886,0.36548223350253806,0.03341793570219966,79,0.17374179431072212,0.8262582056892779,0.17374179431072212
plantpseaac,GSI_MLC_PA_MLP,0.25,1,Operating Point,,0.030309925611959557,23,,0.9485544217687075,1.9958677685950412,0.10267857142857142,224,0.17825255102040816,0.9047619047619048,0.18707482993197277,0.15680085165379282,-0.07015306122448983,0.237344854853496,0.8346088435374149,0.3941457065072888,0.05144557823129252,0.19008264462809918,0.5306122448979592,0.05144557823129252,121,0.17436127297176152,0.8256387270282385,0.17436127297176152
plantpseaac,GSI_MLC_PA_MLP,0.25,2,Operating Point,,0.03077952046510946,13,,0.9604377104377104,1.514266104520051,0.059907834101382486,217,0.16224747474747475,0.9086700336700336,0.17424242424242425,0.13324941966246315,-0.061026936026935985,0.2420808593501114,0.8476430976430976,0.37533027901257454,0.03956228956228956,0.13829787234042554,0.4090909090909091,0.03956228956228956,94,0.15863277826468014,0.8413672217353199,0.15863277826468014
plantpseaac,GSI_MLC_PA_MLP,0.25,3,Operating Point,,0.02426622229317763,22,,0.9308419243986255,1.5367719866774687,0.10628019323671498,207,0.14959192439862543,0.9110824742268041,0.21735395189003434,0.1703552109450006,-0.04338487972508587,0.20421302309467743,0.8676975945017182,0.37456823403967804,0.06915807560137457,0.13664596273291926,0.6237113402061856,0.06915807560137457,161,0.14213197969543145,0.8578680203045685,0.14213197969543145
plantpseaac,GSI_MLC_PA_MLP,0.25,4,Operating Point,,0.026093057048591713,17,,0.9615716753022453,2.0108273748723184,0.07727272727272727,220,0.18836355785837652,0.9050086355785838,0.15889464594127806,0.1255293252052594,-0.08376511226252159,0.28350818467662786,0.8212435233160622,0.40903750988188725,0.03842832469775475,0.19101123595505617,0.39378238341968913,0.03842832469775475,89,0.18590031432420295,0.814099685675797,0.18590031432420295
plantpseaac,GSI_MLC_PA_MLP,0.25,5,Operating Point,,0.040977909776064046,7,,0.9665820642978004,1.0070593962999026,0.03365384615384615,208,0.1762901861252115,0.9120135363790186,0.17343485617597293,0.15606918326471572,-0.07994923857868019,0.15022151664855618,0.8320642978003384,0.3062906999132719,0.03341793570219966,0.08860759493670886,0.36548223350253806,0.03341793570219966,79,0.17374179431072212,0.8262582056892779,0.17374179431072212
plantpseaac,GSI_MLC_PA_MLP,0.30,1,Operating Point,,0.030309925611959557,23,,0.9485544217687075,1.9958677685950412,0.10267857142857142,224,0.1808248299319728,0.9047619047619048,0.18707482993197277,0.15680085165379282,-0.07015306122448983,0.237344854853496,0.8346088435374149,0.3941457065072888,0.05144557823129252,0.19008264462809918,0.5306122448979592,0.05144557823129252,121,0.17436127297176152,0.8256387270282385,0.17436127297176152
plantpseaac,GSI_MLC_PA_MLP,0.30,2,Operating Point,,0.03077952046510946,13,,0.9604377104377104,1.514266104520051,0.059907834101382486,217,0.16422558922558925,0.9086700336700336,0.17424242424242425,0.13324941966246315,-0.061026936026935985,0.2420808593501114,0.8476430976430976,0.37533027901257454,0.03956228956228956,0.13829787234042554,0.4090909090909091,0.03956228956228956,94,0.15863277826468014,0.8413672217353199,0.15863277826468014
plantpseaac,GSI_MLC_PA_MLP,0.30,3,Operating Point,,0.02426622229317763,8,,0.9621993127147767,1.0223978919631094,0.03864734299516908,207,0.15352233676975946,0.9110824742268041,0.21735395189003434,0.1703552109450006,-0.053264604810996485,0.18319119933302747,0.8578178694158076,0.3535464102780281,0.037800687285223365,0.09090909090909091,0.3865979381443299,0.037800687285223365,88,0.14776785714285712,0.8522321428571429,0.14776785714285712
plantpseaac,GSI_MLC_PA_MLP,0.30,4,Operating Point,,0.026093057048591713,17,,0.9615716753022453,2.0108273748723184,0.07727272727272727,220,0.19028497409326428,0.9050086355785838,0.15889464594127806,0.1255293252052594,-0.08376511226252159,0.28350818467662786,0.8212435233160622,0.40903750988188725,0.03842832469775475,0.19101123595505617,0.39378238341968913,0.03842832469775475,89,0.18590031432420295,0.814099685675797,0.18590031432420295
plantpseaac,GSI_MLC_PA_MLP,0.30,5,Operating Point,,0.040977909776064046,7,,0.9670050761421319,1.0199704142011834,0.03365384615384615,208,0.17783417935702198,0.9120135363790186,0.17343485617597293,0.15606918326471572,-0.07994923857868019,0.15022151664855618,0.8320642978003384,0.3062906999132719,0.03299492385786802,0.08974358974358974,0.3604060913705584,0.03299492385786802,78,0.17366579177602803,0.826334208223972,0.17366579177602803
plantpseaac,GSI_MLC_PA_MLP,0.35,1,Operating Point,,0.030309925611959557,21,,0.9528061224489796,1.9864864864864866,0.09375,224,0.1827593537414966,0.9047619047619048,0.18707482993197277,0.15680085165379282,-0.07100340136054417,0.23400745151609265,0.8337585034013606,0.39080830316988546,0.047193877551020405,0.1891891891891892,0.4897959183673469,0.047193877551020405,111,0.1744756804997769,0.8255243195002231,0.1744756804997769
plantpseaac,GSI_MLC_PA_MLP,0.35,2,Operating Point,,0.03077952046510946,13,,0.9604377104377104,1.514266104520051,0.059907834101382486,217,0.1662037037037037,0.9086700336700336,0.17424242424242425,0.13324941966246315,-0.061026936026935985,0.2420808593501114,0.8476430976430976,0.37533027901257454,0.03956228956228956,0.13829787234042554,0.4090909090909091,0.03956228956228956,94,0.15863277826468014,0.8413672217353199,0.15863277826468014
plantpseaac,GSI_MLC_PA_MLP,0.35,3,Operating Point,,0.02426622229317763,8,,0.9686426116838488,1.232479650585666,0.03864734299516908,207,0.15315721649484534,0.9110824742268041,0.21735395189003434,0.1703552109450006,-0.053264604810996485,0.18319119933302747,0.8578178694158076,0.3535464102780281,0.0313573883161512,0.1095890410958904,0.3402061855670103,0.0313573883161512,73,0.14678492239467844,0.8532150776053216,0.14678492239467844
plantpseaac,GSI_MLC_PA_MLP,0.35,4,Operating Point,,0.026093057048591713,12,,0.9706390328151986,1.857754010695187,0.05454545454545454,220,0.1959412780656304,0.9050086355785838,0.15889464594127806,0.1255293252052594,-0.09067357512953378,0.2750637183562444,0.81433506044905,0.40059304356150377,0.02936096718480138,0.17647058823529413,0.32124352331606215,0.02936096718480138,68,0.1912811387900356,0.8087188612099644,0.1912811387900356
plantpseaac,GSI_MLC_PA_MLP,0.35,5,Operating Point,,0.040977909776064046,5,,0.9746192893401016,0.9471153846153847,0.02403846153846154,208,0.17766497461928935,0.9120135363790186,0.17343485617597293,0.15606918326471572,-0.08079526226734346,0.1464336378606774,0.8312182741116751,0.3025028211253931,0.025380710659898477,0.08333333333333333,0.27918781725888325,0.025380710659898477,60,0.17317708333333337,0.8268229166666666,0.17317708333333337
plantpseaac,GSI_MLC_PA_MLP,0.40,1,Operating Point,,0.030309925611959557,14,,0.9702380952380952,2.1,0.0625,224,0.18112244897959184,0.9047619047619048,0.18707482993197277,0.15680085165379282,-0.07397959183673464,0.21456300707164822,0.8307823129251701,0.37136385872544103,0.02976190476190476,0.2,0.33163265306122447,0.02976190476190476,70,0.17440841367221738,0.8255915863277826,0.17440841367221738
plantpseaac,GSI_MLC_PA_MLP,0.40,2,Operating Point,,0.03077952046510946,11,,0.9646464646464646,1.4338380513495723,0.05069124423963134,217,0.16734006734006734,0.9086700336700336,0.17424242424242425,0.13324941966246315,-0.06186868686868685,0.2392256522266116,0.8468013468013468,0.37247507188907475,0.03535353535353535,0.13095238095238096,0.3686868686868687,0.03535353535353535,84,0.15881326352530545,0.8411867364746946,0.15881326352530545
plantpseaac,GSI_MLC_PA_MLP,0.40,3,Operating Point,,0.02426622229317763,8,,0.9686426116838488,1.232479650585666,0.03864734299516908,207,0.15472508591065295,0.9110824742268041,0.21735395189003434,0.1703552109450006,-0.053264604810996485,0.18319119933302747,0.8578178694158076,0.3535464102780281,0.0313573883161512,0.1095890410958904,0.3402061855670103,0.0313573883161512,73,0.14678492239467844,0.8532150776053216,0.14678492239467844
plantpseaac,GSI_MLC_PA_MLP,0.40,4,Operating Point,,0.026093057048591713,12,,0.9736614853195165,2.0709388971684053,0.05454545454545454,220,0.19620034542314335,0.9050086355785838,0.15889464594127806,0.1255293252052594,-0.09067357512953378,0.2750637183562444,0.81433506044905,0.40059304356150377,0.026338514680483593,0.19672131147540983,0.29015544041450775,0.026338514680483593,61,0.19068736141906872,0.8093126385809313,0.19068736141906872
plantpseaac,GSI_MLC_PA_MLP,0.40,5,Operating Point,,0.040977909776064046,5,,0.9809644670050761,1.2628205128205128,0.02403846153846154,208,0.18274111675126903,0.9120135363790186,0.17343485617597293,0.15606918326471572,-0.08714043993231813,0.1249348663619059,0.8248730964467005,0.2810040496266216,0.01903553299492386,0.1111111111111111,0.22842639593908629,0.01903553299492386,45,0.17852522639068558,0.8214747736093144,0.17852522639068558
plantpseaac,GSI_MLC_PA_MLP,0.50,1,Operating Point,,0.030309925611959557,0,,1.0,,0.0,224,0.18452380952380953,0.9047619047619048,0.18707482993197277,0.15680085165379282,-0.0892857142857143,0.1338775659244888,0.8154761904761905,0.2906784175782816,0.0,,0.0,0.0,0,0.18452380952380953,0.8154761904761905,0.18452380952380953
plantpseaac,GSI_MLC_PA_MLP,0.50,2,Operating Point,,0.03077952046510946,0,,1.0,,0.0,217,0.16624579124579125,0.9086700336700336,0.17424242424242425,0.13324941966246315,-0.07491582491582494,0.16587037954747144,0.8337542087542087,0.2991197992099346,0.0,,0.0,0.0,0,0.1662457912457913,0.8337542087542087,0.1662457912457913
plantpseaac,GSI_MLC_PA_MLP,0.50,3,Operating Point,,0.02426622229317763,0,,1.0,,0.0,207,0.1559278350515464,0.9110824742268041,0.21735395189003434,0.1703552109450006,-0.0670103092783505,0.08925550539733357,0.8440721649484536,0.2596107163423342,0.0,,0.0,0.0,0,0.1559278350515464,0.8440721649484536,0.1559278350515464
plantpseaac,GSI_MLC_PA_MLP,0.50,4,Operating Point,,0.026093057048591713,0,,1.0,,0.0,220,0.19084628670120898,0.9050086355785838,0.15889464594127806,0.1255293252052594,-0.09585492227979275,0.15799349670906238,0.809153713298791,0.28352282191432177,0.0,,0.0,0.0,0,0.19084628670120896,0.809153713298791,0.19084628670120896
plantpseaac,GSI_MLC_PA_MLP,0.50,5,Operating Point,,0.040977909776064046,0,,1.0,,0.0,208,0.1772419627749577,0.9120135363790186,0.17343485617597293,0.15606918326471572,-0.08925549915397635,0.07830082755201018,0.8227580372250423,0.2343700108167259,0.0,,0.0,0.0,0,0.17724196277495774,0.8227580372250423,0.17724196277495774
scene,MLC_PA_Logistic,0.20,1,Operating Point,,0.02297466372388421,120,,0.8333333333333334,2.5899280575539567,0.4316546762589928,278,0.09004871259568548,0.9032707028531664,0.6370911621433543,0.7130933796427547,0.0400139178844815,0.13971479457822533,0.9432846207376478,0.85280817422098,0.16666666666666666,0.25052192066805845,0.6638830897703549,0.16666666666666666,479,0.06805845511482256,0.9319415448851774,0.06805845511482256
scene,MLC_PA_Logistic,0.20,2,Operating Point,,0.018241874290723627,145,,0.8225244072524407,3.0714802723902093,0.5451127819548872,266,0.07733612273361228,0.907252440725244,0.6436541143654114,0.7236845139015627,0.05090655509065556,0.16805121094593178,0.9581589958158996,0.8917357248474945,0.17747559274755928,0.28487229862475444,0.6903765690376569,0.17747559274755928,509,0.05086901229334462,0.9491309877066554,0.05086901229334462
scene,MLC_PA_Logistic,0.20,3,Operating Point,,0.021757297205718343,147,,0.8507513661202186,3.1874875030548084,0.47572815533980584,309,0.08586065573770492,0.8944672131147541,0.5775273224043715,0.673753403345588,0.04952185792349728,0.17995032393473853,0.9439890710382514,0.8537037272803265,0.14924863387978143,0.33638443935926776,0.6372950819672131,0.14924863387978143,437,0.06583701324769164,0.9341629867523084,0.06583701324769164
scene,MLC_PA_Logistic,0.20,4,Operating Point,,0.026393754188994745,156,,0.8295218295218295,3.0002399040383843,0.5114754098360655,305,0.08884268884268885,0.8943173943173943,0.5959805959805959,0.6768788846376222,0.05093555093555091,0.18201142774590096,0.9452529452529452,0.8588903123835232,0.1704781704781705,0.3170731707317073,0.7068607068607069,0.1704781704781705,492,0.06599832915622383,0.9340016708437762,0.06599832915622383
scene,MLC_PA_Logistic,0.20,5,Operating Point,,0.021812235939739,142,,0.8090783090783091,2.704583402078865,0.5163636363636364,275,0.08461538461538463,0.9047124047124047,0.6288981288981289,0.7095352614612715,0.04885654885654889,0.17331162914051823,0.9535689535689535,0.8828468906017898,0.19092169092169092,0.2577132486388385,0.7276507276507277,0.19092169092169092,551,0.057387580299785856,0.9426124197002141,0.057387580299785856
scene,MLC_PA_Logistic,0.25,1,Operating Point,,0.02297466372388421,120,,0.8350730688935282,2.6172479737728804,0.4316546762589928,278,0.09794711203897008,0.9032707028531664,0.6370911621433543,0.7130933796427547,0.0400139178844815,0.13971479457822533,0.9432846207376478,0.85280817422098,0.1649269311064718,0.25316455696202533,0.6597077244258872,0.1649269311064718,474,0.06791666666666663,0.9320833333333334,0.06791666666666663
scene,MLC_PA_Logistic,0.25,2,Operating Point,,0.018241874290723627,145,,0.8298465829846583,3.203654628374214,0.5451127819548872,266,0.08437935843793584,0.907252440725244,0.6436541143654114,0.7236845139015627,0.05090655509065556,0.16805121094593178,0.9581589958158996,0.8917357248474945,0.1701534170153417,0.29713114754098363,0.6736401673640168,0.1701534170153417,488,0.050420168067226934,0.9495798319327731,0.050420168067226934
scene,MLC_PA_Logistic,0.25,3,Operating Point,,0.021757297205718343,147,,0.8507513661202186,3.1874875030548084,0.47572815533980584,309,0.09332308743169399,0.8944672131147541,0.5775273224043715,0.673753403345588,0.04952185792349728,0.17995032393473853,0.9439890710382514,0.8537037272803265,0.14924863387978143,0.33638443935926776,0.6372950819672131,0.14924863387978143,437,0.06583701324769164,0.9341629867523084,0.06583701324769164
scene,MLC_PA_Logistic,0.25,4,Operating Point,,0.026393754188994745,156,,0.8295218295218295,3.0002399040383843,0.5114754098360655,305,0.09736659736659736,0.8943173943173943,0.5959805959805959,0.6768788846376222,0.05093555093555091,0.18201142774590096,0.9452529452529452,0.8588903123835232,0.1704781704781705,0.3170731707317073,0.7068607068607069,0.1704781704781705,492,0.06599832915622383,0.9340016708437762,0.06599832915622383
scene,MLC_PA_Logistic,0.25,5,Operating Point,,0.021812235939739,142,,0.8090783090783091,2.704583402078865,0.5163636363636364,275,0.09416146916146916,0.9047124047124047,0.6288981288981289,0.7095352614612715,0.04885654885654889,0.17331162914051823,0.9535689535689535,0.8828468906017898,0.19092169092169092,0.2577132486388385,0.7276507276507277,0.19092169092169092,551,0.057387580299785856,0.9426124197002141,0.057387580299785856
scene,MLC_PA_Logistic,0.30,1,Operating Point,,0.02297466372388421,83,,0.8799582463465553,2.4871441976853297,0.29856115107913667,278,0.11847599164926931,0.9032707028531664,0.6370911621433543,0.7130933796427547,0.014265831593597733,0.10233462511913727,0.9175365344467641,0.8154280047618919,0.12004175365344467,0.24057971014492754,0.5490605427974948,0.12004175365344467,345,0.09371293001186243,0.9062870699881376,0.09371293001186243
scene,MLC_PA_Logistic,0.30,2,Operating Point,,0.018241874290723627,135,,0.852510460251046,3.441049432090866,0.5075187969924813,266,0.08957461645746163,0.907252440725244,0.6436541143654114,0.7236845139015627,0.04741980474198049,0.15783522025795538,0.9546722454672245,0.8815197341595181,0.14748953974895398,0.3191489361702128,0.6129707112970711,0.14748953974895398,423,0.053169734151329195,0.9468302658486708,0.053169734151329195
scene,MLC_PA_Logistic,0.30,3,Operating Point,,0.021757297205718343,145,,0.8545081967213115,3.225306531747117,0.4692556634304207,309,0.10170765027322402,0.8944672131147541,0.5775273224043715,0.673753403345588,0.047472677595628454,0.17501372207505972,0.9419398907103825,0.8487671254206477,0.14549180327868852,0.3403755868544601,0.6188524590163934,0.14549180327868852,426,0.06794564348521182,0.9320543565147882,0.06794564348521182
scene,MLC_PA_Logistic,0.30,4,Operating Point,,0.026393754188994745,146,,0.8440748440748441,3.069989071038251,0.4786885245901639,305,0.104989604989605,0.8943173943173943,0.5959805959805959,0.6768788846376222,0.047470547470547464,0.17001174821948495,0.9417879417879418,0.8468906328571072,0.15592515592515593,0.3244444444444444,0.6715176715176715,0.15592515592515593,450,0.06896551724137934,0.9310344827586207,0.06896551724137934
scene,MLC_PA_Logistic,0.30,5,Operating Point,,0.021812235939739,139,,0.8284823284823285,2.946953168044077,0.5054545454545455,275,0.09892584892584892,0.9047124047124047,0.6288981288981289,0.7095352614612715,0.047817047817047875,0.17045437290019116,0.9525294525294525,0.8799896343614627,0.17151767151767153,0.2808080808080808,0.681912681912682,0.17151767151767153,495,0.05729820158929322,0.9427017984107068,0.05729820158929322
scene,MLC_PA_Logistic,0.35,1,Operating Point,,0.02297466372388421,83,,0.8799582463465553,2.4871441976853297,0.29856115107913667,278,0.12447807933194152,0.9032707028531664,0.6370911621433543,0.7130933796427547,0.014265831593597733,0.10233462511913727,0.9175365344467641,0.8154280047618919,0.12004175365344467,0.24057971014492754,0.5490605427974948,0.12004175365344467,345,0.09371293001186243,0.9062870699881376,0.09371293001186243
scene,MLC_PA_Logistic,0.35,2,Operating Point,,0.018241874290723627,135,,0.852510460251046,3.441049432090866,0.5075187969924813,266,0.09694909344490933,0.907252440725244,0.6436541143654114,0.7236845139015627,0.04741980474198049,0.15783522025795538,0.9546722454672245,0.8815197341595181,0.14748953974895398,0.3191489361702128,0.6129707112970711,0.14748953974895398,423,0.053169734151329195,0.9468302658486708,0.053169734151329195
scene,MLC_PA_Logistic,0.35,3,Operating Point,,0.021757297205718343,145,,0.8545081967213115,3.225306531747117,0.4692556634304207,309,0.10898224043715846,0.8944672131147541,0.5775273224043715,0.673753403345588,0.047472677595628454,0.17501372207505972,0.9419398907103825,0.8487671254206477,0.14549180327868852,0.3403755868544601,0.6188524590163934,0.14549180327868852,426,0.06794564348521182,0.9320543565147882,0.06794564348521182
scene,MLC_PA_Logistic,0.35,4,Operating Point,,0.026393754188994745,140,,0.8485793485793486,3.0313988820947593,0.45901639344262296,305,0.11328828828828827,0.8943173943173943,0.5959805959805959,0.6768788846376222,0.04539154539154544,0.16484675539308613,0.9397089397089398,0.8417256400307084,0.15142065142065142,0.32036613272311215,0.6652806652806653,0.15142065142065142,437,0.07104940792160064,0.9289505920783994,0.07104940792160064
scene,MLC_PA_Logistic,0.35,5,Operating Point,,0.021812235939739,139,,0.8284823284823285,2.946953168044077,0.5054545454545455,275,0.1075017325017325,0.9047124047124047,0.6288981288981289,0.7095352614612715,0.047817047817047875,0.17045437290019116,0.9525294525294525,0.8799896343614627,0.17151767151767153,0.2808080808080808,0.681912681912682,0.17151767151767153,495,0.05729820158929322,0.9427017984107068,0.05729820158929322
scene,MLC_PA_Logistic,0.40,1,Operating Point,,0.02297466372388421,38,,0.953723034098817,2.9537512846865366,0.1366906474820144,278,0.11732776617954073,0.9032707028531664,0.6370911621433543,0.7130933796427547,-0.0020876826722338038,0.05836981188724022,0.9011830201809325,0.7714631915299949,0.04627696590118302,0.2857142857142857,0.2567849686847599,0.04627696590118302,133,0.10361182050346585,0.8963881794965342,0.10361182050346585
scene,MLC_PA_Logistic,0.40,2,Operating Point,,0.018241874290723627,135,,0.852510460251046,3.441049432090866,0.5075187969924813,266,0.10432357043235706,0.907252440725244,0.6436541143654114,0.7236845139015627,0.04741980474198049,0.15783522025795538,0.9546722454672245,0.8815197341595181,0.14748953974895398,0.3191489361702128,0.6129707112970711,0.14748953974895398,423,0.053169734151329195,0.9468302658486708,0.053169734151329195
scene,MLC_PA_Logistic,0.40,3,Operating Point,,0.021757297205718343,127,,0.8688524590163934,3.1338996763754046,0.4110032362459547,309,0.11905737704918033,0.8944672131147541,0.5775273224043715,0.673753403345588,0.03893442622950827,0.1555197002417552,0.9334016393442623,0.8292731035873432,0.13114754098360656,0.3307291666666667,0.5758196721311475,0.13114754098360656,384,0.07665094339622636,0.9233490566037736,0.07665094339622636
scene,MLC_PA_Logistic,0.40,4,Operating Point,,0.026393754188994745,140,,0.8485793485793486,3.0313988820947593,0.45901639344262296,305,0.12085932085932088,0.8943173943173943,0.5959805959805959,0.6768788846376222,0.04539154539154544,0.16484675539308613,0.9397089397089398,0.8417256400307084,0.15142065142065142,0.32036613272311215,0.6652806652806653,0.15142065142065142,437,0.07104940792160064,0.9289505920783994,0.07104940792160064
scene,MLC_PA_Logistic,0.40,5,Operating Point,,0.021812235939739,135,,0.8361053361053361,2.995271958485489,0.4909090909090909,275,0.11441441441441443,0.9047124047124047,0.6288981288981289,0.7095352614612715,0.04643104643104645,0.16652292747971087,0.9511434511434511,0.8760581889409824,0.1638946638946639,0.2854122621564482,0.6735966735966736,0.1638946638946639,473,0.05843348528802317,0.9415665147119768,0.05843348528802317
scene,MLC_PA_Logistic,0.50,1,Operating Point,,0.02297466372388421,0,,1.0,,0.0,278,0.11691022964509394,0.9032707028531664,0.6370911621433543,0.7130933796427547,-0.02018093249826025,2.838577168406964e-05,0.8830897703549061,0.7131217654144387,0.0,,0.0,0.0,0,0.1169102296450939,0.8830897703549061,0.1169102296450939
scene,MLC_PA_Logistic,0.50,2,Operating Point,,0.018241874290723627,0,,1.0,,0.0,266,0.1000697350069735,0.907252440725244,0.6436541143654114,0.7236845139015627,-0.007322175732217495,0.004619235652447595,0.8999302649930265,0.7283037495540103,0.0,,0.0,0.0,0,0.10006973500697347,0.8999302649930265,0.10006973500697347
scene,MLC_PA_Logistic,0.50,3,Operating Point,,0.021757297205718343,0,,1.0,,0.0,309,0.10758196721311475,0.8944672131147541,0.5775273224043715,0.673753403345588,-0.002049180327868827,0.019137909420378074,0.8924180327868853,0.692891312765966,0.0,,0.0,0.0,0,0.10758196721311475,0.8924180327868853,0.10758196721311475
scene,MLC_PA_Logistic,0.50,4,Operating Point,,0.026393754188994745,0,,1.0,,0.0,305,0.11711711711711711,0.8943173943173943,0.5959805959805959,0.6768788846376222,-0.011434511434511463,0.028168350476860393,0.8828828828828829,0.7050472351144826,0.0,,0.0,0.0,0,0.11711711711711714,0.8828828828828829,0.11711711711711714
scene,MLC_PA_Logistic,0.50,5,Operating Point,,0.021812235939739,0,,1.0,,0.0,275,0.11815661815661815,0.9047124047124047,0.6288981288981289,0.7095352614612715,-0.022869022869022815,0.013557937032758094,0.8818433818433818,0.7230931984940296,0.0,,0.0,0.0,0,0.11815661815661815,0.8818433818433818,0.11815661815661815
scene,GSI_MLC_PA_Logistic,0.20,1,Operating Point,,0.021431094442688946,116,,0.8406402226861517,2.716092028938278,0.43283582089552236,268,0.086151704940849,0.9067501739735561,0.6743215031315241,0.7280616446198115,0.038970076548364596,0.13765853509975323,0.9457202505219207,0.8657201797195647,0.1593597773138483,0.25327510917030566,0.6450939457202505,0.1593597773138483,458,0.064569536423841,0.935430463576159,0.064569536423841
scene,GSI_MLC_PA_Logistic,0.20,2,Operating Point,,0.017042633936551147,137,,0.8291492329149233,3.0960208021432516,0.528957528957529,259,0.07670850767085077,0.9096931659693166,0.6816596931659694,0.7351016686782662,0.04776847977684795,0.1564406012715427,0.9574616457461645,0.8915422699498089,0.1708507670850767,0.2795918367346939,0.6610878661087866,0.1708507670850767,490,0.051303616484440706,0.9486963835155593,0.051303616484440706
scene,GSI_MLC_PA_Logistic,0.20,3,Operating Point,,0.01935955815395502,140,,0.8234289617486339,2.936600042983022,0.5185185185185185,270,0.08688524590163935,0.9077868852459017,0.6502732240437159,0.7230217275024641,0.040642076502732216,0.15909960648087385,0.9484289617486339,0.8821213339833379,0.1765710382513661,0.27079303675048355,0.6844262295081968,0.1765710382513661,517,0.06262961426793856,0.9373703857320614,0.06262961426793856
scene,GSI_MLC_PA_Logistic,0.20,4,Operating Point,,0.023110030837404105,150,,0.814968814968815,2.8645729940048437,0.5300353356890459,283,0.08309078309078309,0.9019404019404019,0.647955647955648,0.7071396182799218,0.05197505197505203,0.17417248560573761,0.953915453915454,0.8813121038856594,0.18503118503118504,0.2808988764044944,0.681912681912682,0.18503118503118504,534,0.05654761904761907,0.9434523809523809,0.05654761904761907
scene,GSI_MLC_PA_Logistic,0.20,5,Operating Point,,0.018098312508227247,105,,0.8669438669438669,3.2880859375,0.4375,240,0.07373527373527373,0.9168399168399168,0.6954261954261954,0.7516666474046336,0.036036036036036,0.12524059854927783,0.9528759528759528,0.8769072459539115,0.13305613305613306,0.2734375,0.5488565488565489,0.13305613305613306,384,0.0543565147881695,0.9456434852118305,0.0543565147881695
scene,GSI_MLC_PA_Logistic,0.25,1,Operating Point,,0.021431094442688946,108,,0.8538622129436325,2.7575692963752667,0.40298507462686567,268,0.09359777313848296,0.9067501739735561,0.6743215031315241,0.7280616446198115,0.036186499652052895,0.13079435942932105,0.942936673625609,0.8588560040491325,0.14613778705636743,0.2571428571428571,0.6096033402922756,0.14613778705636743,420,0.06682966585167072,0.9331703341483293,0.06682966585167072
scene,GSI_MLC_PA_Logistic,0.25,2,Operating Point,,0.017042633936551147,139,,0.8413528591352859,3.3828503542789257,0.5366795366795367,259,0.08150278940027894,0.9096931659693166,0.6816596931659694,0.7351016686782662,0.048465829846582986,0.15764445359899049,0.9581589958158996,0.8927461222772567,0.1586471408647141,0.3054945054945055,0.6255230125523012,0.1586471408647141,455,0.049730625777041015,0.950269374222959,0.049730625777041015
scene,GSI_MLC_PA_Logistic,0.25,3,Operating Point,,0.01935955815395502,140,,0.8234289617486339,2.936600042983022,0.5185185185185185,270,0.09571379781420765,0.9077868852459017,0.6502732240437159,0.7230217275024641,0.040642076502732216,0.15909960648087385,0.9484289617486339,0.8821213339833379,0.1765710382513661,0.27079303675048355,0.6844262295081968,0.1765710382513661,517,0.06262961426793856,0.9373703857320614,0.06262961426793856
scene,GSI_MLC_PA_Logistic,0.25,4,Operating Point,,0.023110030837404105,150,,0.814968814968815,2.8645729940048437,0.5300353356890459,283,0.09234234234234234,0.9019404019404019,0.647955647955648,0.7071396182799218,0.05197505197505203,0.17417248560573761,0.953915453915454,0.8813121038856594,0.18503118503118504,0.2808988764044944,0.681912681912682,0.18503118503118504,534,0.05654761904761907,0.9434523809523809,0.05654761904761907
scene,GSI_MLC_PA_Logistic,0.25,5,Operating Point,,0.018098312508227247,105,,0.8672903672903672,3.2966710182767622,0.4375,240,0.0803014553014553,0.9168399168399168,0.6954261954261954,0.7516666474046336,0.036036036036036,0.12524059854927783,0.9528759528759528,0.8769072459539115,0.1327096327096327,0.2741514360313316,0.5467775467775468,0.1327096327096327,383,0.05433479824210952,0.9456652017578905,0.05433479824210952
scene,GSI_MLC_PA_Logistic,0.30,1,Operating Point,,0.021431094442688946,105,,0.8681280445372304,2.9709959437640294,0.3917910447761194,268,0.0976687543493389,0.9067501739735561,0.6743215031315241,0.7280616446198115,0.03514265831593588,0.12795130343174377,0.9418928322894919,0.8560129480515553,0.13187195546276967,0.2770448548812665,0.5636743215031316,0.13187195546276967,379,0.06693386773547094,0.9330661322645291,0.06693386773547094
scene,GSI_MLC_PA_Logistic,0.30,2,Operating Point,,0.017042633936551147,139,,0.8413528591352859,3.3828503542789257,0.5366795366795367,259,0.08943514644351462,0.9096931659693166,0.6816596931659694,0.7351016686782662,0.048465829846582986,0.15764445359899049,0.9581589958158996,0.8927461222772567,0.1586471408647141,0.3054945054945055,0.6255230125523012,0.1586471408647141,455,0.049730625777041015,0.950269374222959,0.049730625777041015
scene,GSI_MLC_PA_Logistic,0.30,3,Operating Point,,0.01935955815395502,132,,0.8394808743169399,3.045673758865248,0.4888888888888889,270,0.10245901639344263,0.9077868852459017,0.6502732240437159,0.7230217275024641,0.03790983606557374,0.15215516203642931,0.9456967213114754,0.8751768895388934,0.16051912568306012,0.28085106382978725,0.6454918032786885,0.16051912568306012,470,0.06468673718470297,0.935313262815297,0.06468673718470297
scene,GSI_MLC_PA_Logistic,0.30,4,Operating Point,,0.023110030837404105,143,,0.832986832986833,3.0255120742489336,0.5053003533568905,283,0.09861399861399862,0.9019404019404019,0.647955647955648,0.7071396182799218,0.0495495495495496,0.1662739060225702,0.9514899514899515,0.873413524302492,0.167013167013167,0.2966804979253112,0.632016632016632,0.167013167013167,482,0.05823627287853572,0.9417637271214643,0.05823627287853572
scene,GSI_MLC_PA_Logistic,0.30,5,Operating Point,,0.018098312508227247,105,,0.8700623700623701,3.367,0.4375,240,0.0861053361053361,0.9168399168399168,0.6954261954261954,0.7516666474046336,0.036036036036036,0.12524059854927783,0.9528759528759528,0.8769072459539115,0.12993762993762994,0.28,0.5363825363825364,0.12993762993762994,375,0.05416168857029069,0.9458383114297093,0.05416168857029069
scene,GSI_MLC_PA_Logistic,0.35,1,Operating Point,,0.021431094442688946,101,,0.8782185107863605,3.094605543710021,0.376865671641791,268,0.1021224773834377,0.9067501739735561,0.6743215031315241,0.7280616446198115,0.03375086986778009,0.12319349902332555,0.9405010438413361,0.851255143643137,0.12178148921363953,0.2885714285714286,0.5407098121085595,0.12178148921363953,350,0.06774960380348649,0.9322503961965135,0.06774960380348649
scene,GSI_MLC_PA_Logistic,0.35,2,Operating Point,,0.017042633936551147,139,,0.8413528591352859,3.3828503542789257,0.5366795366795367,259,0.09736750348675034,0.9096931659693166,0.6816596931659694,0.7351016686782662,0.048465829846582986,0.15764445359899049,0.9581589958158996,0.8927461222772567,0.1586471408647141,0.3054945054945055,0.6255230125523012,0.1586471408647141,455,0.049730625777041015,0.950269374222959,0.049730625777041015
scene,GSI_MLC_PA_Logistic,0.35,3,Operating Point,,0.01935955815395502,104,,0.8811475409836066,3.2408684546615585,0.3851851851851852,270,0.10546448087431694,0.9077868852459017,0.6502732240437159,0.7230217275024641,0.028346994535519032,0.12013227531057125,0.9361338797814207,0.8431540028130353,0.11885245901639344,0.2988505747126437,0.5491803278688525,0.11885245901639344,348,0.07248062015503876,0.9275193798449612,0.07248062015503876
scene,GSI_MLC_PA_Logistic,0.35,4,Operating Point,,0.023110030837404105,143,,0.832986832986833,3.0255120742489336,0.5053003533568905,283,0.10696465696465694,0.9019404019404019,0.647955647955648,0.7071396182799218,0.0495495495495496,0.1662739060225702,0.9514899514899515,0.873413524302492,0.167013167013167,0.2966804979253112,0.632016632016632,0.167013167013167,482,0.05823627287853572,0.9417637271214643,0.05823627287853572
scene,GSI_MLC_PA_Logistic,0.35,5,Operating Point,,0.018098312508227247,80,,0.9064449064449065,3.5629629629629624,0.3333333333333333,240,0.09823284823284821,0.9168399168399168,0.6954261954261954,0.7516666474046336,0.017671517671517645,0.100458746511773,0.9345114345114345,0.8521253939164066,0.09355509355509356,0.2962962962962963,0.45114345114345117,0.09355509355509356,270,0.07224770642201839,0.9277522935779816,0.07224770642201839
scene,GSI_MLC_PA_Logistic,0.40,1,Operating Point,,0.021431094442688946,86,,0.8987473903966597,3.169256808739806,0.3208955223880597,268,0.10521920668058456,0.9067501739735561,0.6743215031315241,0.7280616446198115,0.028531663187195466,0.10726690945282535,0.9352818371607515,0.8353285540726368,0.10125260960334029,0.29553264604810997,0.4780793319415449,0.10125260960334029,291,0.07200929152148661,0.9279907084785134,0.07200929152148661
scene,GSI_MLC_PA_Logistic,0.40,2,Operating Point,,0.017042633936551147,132,,0.8563458856345886,3.5477752370956255,0.5096525096525096,259,0.10174337517433754,0.9096931659693166,0.6816596931659694,0.7351016686782662,0.046025104602510414,0.1497276490088988,0.955718270571827,0.884829317687165,0.14365411436541142,0.32038834951456313,0.5836820083682008,0.14365411436541142,412,0.051710097719869674,0.9482899022801303,0.051710097719869674
scene,GSI_MLC_PA_Logistic,0.40,3,Operating Point,,0.01935955815395502,102,,0.8825136612021858,3.215503875968992,0.37777777777777777,270,0.11154371584699455,0.9077868852459017,0.6502732240437159,0.7230217275024641,0.027663934426229497,0.1182867673921888,0.9354508196721312,0.8413084948946529,0.11748633879781421,0.29651162790697677,0.5430327868852459,0.11748633879781421,344,0.07314241486068107,0.9268575851393189,0.07314241486068107
scene,GSI_MLC_PA_Logistic,0.40,4,Operating Point,,0.023110030837404105,124,,0.8582813582813583,3.09177775665892,0.4381625441696113,283,0.11178101178101178,0.9019404019404019,0.647955647955648,0.7071396182799218,0.042966042966043005,0.14659350518563907,0.9449064449064449,0.8537331234655609,0.1417186417186417,0.30317848410757947,0.5841995841995842,0.1417186417186417,409,0.06419055308841337,0.9358094469115866,0.06419055308841337
scene,GSI_MLC_PA_Logistic,0.40,5,Operating Point,,0.018098312508227247,79,,0.9106029106029107,3.6820736434108525,0.32916666666666666,240,0.1015939015939016,0.9168399168399168,0.6954261954261954,0.7516666474046336,0.017325017325017344,0.09945054648488771,0.9341649341649342,0.8511171938895213,0.0893970893970894,0.3062015503875969,0.4365904365904366,0.0893970893970894,258,0.07229832572298323,0.9277016742770168,0.07229832572298323
scene,GSI_MLC_PA_Logistic,0.50,1,Operating Point,,0.021431094442688946,0,,1.0,,0.0,268,0.11203897007654837,0.9067501739735561,0.6743215031315241,0.7280616446198115,-0.018789144050104456,0.0019653324313493314,0.8879610299234516,0.7300269770511608,0.0,,0.0,0.0,0,0.1120389700765484,0.8879610299234516,0.1120389700765484
scene,GSI_MLC_PA_Logistic,0.50,2,Operating Point,,0.017042633936551147,0,,1.0,,0.0,259,0.10599721059972106,0.9096931659693166,0.6816596931659694,0.7351016686782662,-0.01569037656903771,-0.007528156383156626,0.8940027894002789,0.7275735122951096,0.0,,0.0,0.0,0,0.10599721059972111,0.8940027894002789,0.10599721059972111
scene,GSI_MLC_PA_Logistic,0.50,3,Operating Point,,0.01935955815395502,0,,1.0,,0.0,270,0.10997267759562841,0.9077868852459017,0.6502732240437159,0.7230217275024641,-0.01775956284153013,-0.021845434838769662,0.8900273224043715,0.7011762926636944,0.0,,0.0,0.0,0,0.10997267759562845,0.8900273224043715,0.10997267759562845
scene,GSI_MLC_PA_Logistic,0.50,4,Operating Point,,0.023110030837404105,0,,1.0,,0.0,283,0.11677061677061677,0.9019404019404019,0.647955647955648,0.7071396182799218,-0.018711018711018657,-0.008662088084237407,0.8832293832293833,0.6984775301956844,0.0,,0.0,0.0,0,0.11677061677061673,0.8832293832293833,0.11677061677061673
scene,GSI_MLC_PA_Logistic,0.50,5,Operating Point,,0.018098312508227247,0,,1.0,,0.0,240,0.09494109494109494,0.9168399168399168,0.6954261954261954,0.7516666474046336,-0.011781011781011763,0.018462294552116565,0.9050589050589051,0.7701289419567502,0.0,,0.0,0.0,0,0.09494109494109493,0.9050589050589051,0.09494109494109493
scene,MLC_PA_SVM,0.20,1,Operating Point,,0.030127747771338444,158,,0.8176757132915797,2.6996504244845543,0.49221183800623053,321,0.0921363952679193,0.8883089770354906,0.49338900487125953,0.6046583638264269,0.05601948503827414,0.24816061812883872,0.9443284620737648,0.8528189819552656,0.18232428670842032,0.3015267175572519,0.7014613778705637,0.18232428670842032,524,0.06808510638297871,0.9319148936170213,0.06808510638297871
scene,MLC_PA_SVM,0.20,2,Operating Point,,0.023461147847989524,159,,0.8430962343096234,3.147080745341615,0.4937888198757764,322,0.08507670850767086,0.8877266387726639,0.50278940027894,0.6006731832511968,0.05857740585774063,0.2575277570662112,0.9463040446304045,0.858200940317408,0.15690376569037656,0.35333333333333333,0.6527196652719666,0.15690376569037656,450,0.06368899917287019,0.9363110008271298,0.06368899917287019
scene,MLC_PA_SVM,0.20,3,Operating Point,,0.027707821460965083,171,,0.7937158469945356,2.5664199454616283,0.5294117647058824,323,0.0914617486338798,0.8896857923497268,0.4788251366120219,0.5973662690468077,0.060109289617486295,0.2656386705905509,0.9497950819672131,0.8630049396373586,0.2062841530054645,0.28311258278145696,0.764344262295082,0.2062841530054645,604,0.06325301204819278,0.9367469879518072,0.06325301204819278
scene,MLC_PA_SVM,0.20,4,Operating Point,,0.03260465769336305,139,,0.8291753291753292,2.400294386903373,0.41002949852507375,339,0.10935550935550936,0.8825363825363826,0.48891198891198895,0.5894999657131329,0.042273042273042294,0.21932444898091286,0.9248094248094249,0.8088244146940458,0.17082467082467082,0.281947261663286,0.6902286902286903,0.17082467082467082,493,0.0906811533639783,0.9093188466360217,0.0906811533639783
scene,MLC_PA_SVM,0.20,5,Operating Point,,0.02598849217168443,189,,0.8028413028413028,2.9495957820738137,0.5815384615384616,325,0.0875952875952876,0.8873873873873874,0.4809424809424809,0.5916310138406764,0.0644490644490644,0.2824457518376827,0.9518364518364518,0.8740767656783591,0.19715869715869716,0.3321616871704745,0.7297297297297297,0.19715869715869716,569,0.05999136814846784,0.9400086318515322,0.05999136814846784
scene,MLC_PA_SVM,0.25,1,Operating Point,,0.030127747771338444,139,,0.8319415448851775,2.5766142296008208,0.43302180685358255,321,0.10534098816979819,0.8883089770354906,0.49338900487125953,0.6046583638264269,0.048364648573416824,0.23096965220829013,0.9366736256089074,0.835628016034717,0.16805845511482254,0.28778467908902694,0.6743215031315241,0.16805845511482254,483,0.07611877875365958,0.9238812212463404,0.07611877875365958
scene,MLC_PA_SVM,0.25,2,Operating Point,,0.023461147847989524,159,,0.8430962343096234,3.147080745341615,0.4937888198757764,322,0.09292189679218968,0.8877266387726639,0.50278940027894,0.6006731832511968,0.05857740585774063,0.2575277570662112,0.9463040446304045,0.858200940317408,0.15690376569037656,0.35333333333333333,0.6527196652719666,0.15690376569037656,450,0.06368899917287019,0.9363110008271298,0.06368899917287019
scene,MLC_PA_SVM,0.25,3,Operating Point,,0.027707821460965083,173,,0.8005464480874317,2.6853556130455063,0.5356037151702786,323,0.09972677595628415,0.8896857923497268,0.4788251366120219,0.5973662690468077,0.06045081967213117,0.2653289532076628,0.950136612021858,0.8626952222544705,0.1994535519125683,0.2962328767123288,0.7622950819672131,0.1994535519125683,584,0.062286689419795205,0.9377133105802048,0.062286689419795205
scene,MLC_PA_SVM,0.25,4,Operating Point,,0.03260465769336305,134,,0.8433818433818434,2.5238468165087324,0.3952802359882006,339,0.11607761607761607,0.8825363825363826,0.48891198891198895,0.5894999657131329,0.04054054054054057,0.2144296863768993,0.9230769230769231,0.8039296520900322,0.15661815661815662,0.29646017699115046,0.6632016632016632,0.15661815661815662,452,0.09120788824979453,0.9087921117502055,0.09120788824979453
scene,MLC_PA_SVM,0.25,5,Operating Point,,0.02598849217168443,189,,0.8028413028413028,2.9495957820738137,0.5815384615384616,325,0.09745322245322245,0.8873873873873874,0.4809424809424809,0.5916310138406764,0.0644490644490644,0.2824457518376827,0.9518364518364518,0.8740767656783591,0.19715869715869716,0.3321616871704745,0.7297297297297297,0.19715869715869716,569,0.05999136814846784,0.9400086318515322,0.05999136814846784
scene,MLC_PA_SVM,0.30,1,Operating Point,,0.030127747771338444,139,,0.8319415448851775,2.5766142296008208,0.43302180685358255,321,0.11374391092553932,0.8883089770354906,0.49338900487125953,0.6046583638264269,0.048364648573416824,0.23096965220829013,0.9366736256089074,0.835628016034717,0.16805845511482254,0.28778467908902694,0.6743215031315241,0.16805845511482254,483,0.07611877875365958,0.9238812212463404,0.07611877875365958
scene,MLC_PA_SVM,0.30,2,Operating Point,,0.023461147847989524,159,,0.8430962343096234,3.147080745341615,0.4937888198757764,322,0.1007670850767085,0.8877266387726639,0.50278940027894,0.6006731832511968,0.05857740585774063,0.2575277570662112,0.9463040446304045,0.858200940317408,0.15690376569037656,0.35333333333333333,0.6527196652719666,0.15690376569037656,450,0.06368899917287019,0.9363110008271298,0.06368899917287019
scene,MLC_PA_SVM,0.30,3,Operating Point,,0.027707821460965083,173,,0.8005464480874317,2.6853556130455063,0.5356037151702786,323,0.10969945355191256,0.8896857923497268,0.4788251366120219,0.5973662690468077,0.06045081967213117,0.2653289532076628,0.950136612021858,0.8626952222544705,0.1994535519125683,0.2962328767123288,0.7622950819672131,0.1994535519125683,584,0.062286689419795205,0.9377133105802048,0.062286689419795205
scene,MLC_PA_SVM,0.30,4,Operating Point,,0.03260465769336305,132,,0.8503118503118503,2.601278269419862,0.3893805309734513,339,0.12252252252252253,0.8825363825363826,0.48891198891198895,0.5894999657131329,0.03984753984753986,0.21222439367441326,0.9223839223839224,0.8017243593875462,0.1496881496881497,0.3055555555555556,0.6465696465696466,0.1496881496881497,432,0.09127954360228197,0.908720456397718,0.09127954360228197
scene,MLC_PA_SVM,0.30,5,Operating Point,,0.02598849217168443,178,,0.8367983367983368,3.355923566878981,0.5476923076923077,325,0.10093555093555091,0.8873873873873874,0.4809424809424809,0.5916310138406764,0.06063756063756065,0.2704249296977793,0.9480249480249481,0.8620559435384557,0.1632016632016632,0.37791932059447986,0.6528066528066528,0.1632016632016632,471,0.06211180124223603,0.937888198757764,0.06211180124223603
scene,MLC_PA_SVM,0.35,1,Operating Point,,0.030127747771338444,139,,0.8319415448851775,2.5766142296008208,0.43302180685358255,321,0.12214683368128043,0.8883089770354906,0.49338900487125953,0.6046583638264269,0.048364648573416824,0.23096965220829013,0.9366736256089074,0.835628016034717,0.16805845511482254,0.28778467908902694,0.6743215031315241,0.16805845511482254,483,0.07611877875365958,0.9238812212463404,0.07611877875365958
scene,MLC_PA_SVM,0.35,2,Operating Point,,0.023461147847989524,150,,0.852510460251046,3.1584511695520017,0.4658385093167702,322,0.10775801952580194,0.8877266387726639,0.50278940027894,0.6006731832511968,0.056136680613668055,0.2513447208398134,0.943863319386332,0.8520179040910102,0.14748953974895398,0.3546099290780142,0.6297071129707112,0.14748953974895398,423,0.06584867075664624,0.9341513292433538,0.06584867075664624
scene,MLC_PA_SVM,0.35,3,Operating Point,,0.027707821460965083,150,,0.8271857923497268,2.6872575533229726,0.46439628482972134,323,0.11956967213114753,0.8896857923497268,0.4788251366120219,0.5973662690468077,0.05122950819672134,0.24173114199015255,0.9409153005464481,0.8390974110369602,0.17281420765027322,0.2964426877470356,0.7233606557377049,0.17281420765027322,506,0.0714285714285714,0.9285714285714286,0.0714285714285714
scene,MLC_PA_SVM,0.35,4,Operating Point,,0.03260465769336305,129,,0.852044352044352,2.5719259704462085,0.3805309734513274,339,0.13009355509355508,0.8825363825363826,0.48891198891198895,0.5894999657131329,0.03915453915453915,0.2111246725322744,0.9216909216909217,0.8006246382454073,0.14795564795564795,0.30210772833723654,0.6444906444906445,0.14795564795564795,427,0.0919072793818625,0.9080927206181375,0.0919072793818625
scene,MLC_PA_SVM,0.35,5,Operating Point,,0.02598849217168443,178,,0.8367983367983368,3.355923566878981,0.5476923076923077,325,0.10909563409563408,0.8873873873873874,0.4809424809424809,0.5916310138406764,0.06063756063756065,0.2704249296977793,0.9480249480249481,0.8620559435384557,0.1632016632016632,0.37791932059447986,0.6528066528066528,0.1632016632016632,471,0.06211180124223603,0.937888198757764,0.06211180124223603
scene,MLC_PA_SVM,0.40,1,Operating Point,,0.030127747771338444,109,,0.872651356993737,2.6664113170931003,0.3395638629283489,321,0.12470424495476691,0.8883089770354906,0.49338900487125953,0.6046583638264269,0.037926235212247694,0.2005601116348079,0.9262352122477383,0.8052184754612348,0.12734864300626306,0.2978142076502732,0.5720250521920668,0.12734864300626306,366,0.08452950558213712,0.9154704944178629,0.08452950558213712
scene,MLC_PA_SVM,0.40,2,Operating Point,,0.023461147847989524,147,,0.8549511854951185,3.147366220735786,0.45652173913043476,322,0.11555090655509069,0.8877266387726639,0.50278940027894,0.6006731832511968,0.05474198047419798,0.24840403579386527,0.9424686192468619,0.8490772190450621,0.14504881450488144,0.35336538461538464,0.6234309623430963,0.14504881450488144,416,0.06729200652528544,0.9327079934747146,0.06729200652528544
scene,MLC_PA_SVM,0.40,3,Operating Point,,0.027707821460965083,97,,0.9077868852459017,3.2566907464740282,0.30030959752321984,323,0.11270491803278689,0.8896857923497268,0.4788251366120219,0.5973662690468077,0.034494535519125735,0.18184467577363728,0.9241803278688525,0.779210944820445,0.09221311475409837,0.3592592592592593,0.4651639344262295,0.09221311475409837,270,0.08352144469525957,0.9164785553047404,0.08352144469525957
scene,MLC_PA_SVM,0.40,4,Operating Point,,0.03260465769336305,105,,0.8756063756063756,2.4899548894421573,0.30973451327433627,339,0.13603603603603603,0.8825363825363826,0.48891198891198895,0.5894999657131329,0.03118503118503113,0.19016148536503918,0.9137214137214137,0.7796614510781721,0.12439362439362439,0.2924791086350975,0.5821205821205822,0.12439362439362439,359,0.09853581321725369,0.9014641867827463,0.09853581321725369
scene,MLC_PA_SVM,0.40,5,Operating Point,,0.02598849217168443,178,,0.8367983367983368,3.355923566878981,0.5476923076923077,325,0.11725571725571726,0.8873873873873874,0.4809424809424809,0.5916310138406764,0.06063756063756065,0.2704249296977793,0.9480249480249481,0.8620559435384557,0.1632016632016632,0.37791932059447986,0.6528066528066528,0.1632016632016632,471,0.06211180124223603,0.937888198757764,0.06211180124223603
scene,MLC_PA_SVM,0.50,1,Operating Point,,0.030127747771338444,0,,1.0,,0.0,321,0.1151704940848991,0.8883089770354906,0.49338900487125953,0.6046583638264269,-0.00347947112038971,0.08025208819936935,0.8848295059151009,0.6849104520257963,0.0,,0.0,0.0,0,0.1151704940848991,0.8848295059151009,0.1151704940848991
scene,MLC_PA_SVM,0.50,2,Operating Point,,0.023461147847989524,0,,1.0,,0.0,322,0.10285913528591353,0.8877266387726639,0.50278940027894,0.6006731832511968,0.009414225941422605,0.10907828286540333,0.8971408647140865,0.7097514661166001,0.0,,0.0,0.0,0,0.1028591352859135,0.8971408647140865,0.1028591352859135
scene,MLC_PA_SVM,0.50,3,Operating Point,,0.027707821460965083,0,,1.0,,0.0,323,0.11543715846994536,0.8896857923497268,0.4788251366120219,0.5973662690468077,-0.0051229508196721785,0.05125685699758986,0.8845628415300546,0.6486231260443975,0.0,,0.0,0.0,0,0.1154371584699454,0.8845628415300546,0.1154371584699454
scene,MLC_PA_SVM,0.50,4,Operating Point,,0.03260465769336305,0,,1.0,,0.0,339,0.12196812196812197,0.8825363825363826,0.48891198891198895,0.5894999657131329,-0.0045045045045045695,0.07756093647277329,0.878031878031878,0.6670609021859062,0.0,,0.0,0.0,0,0.12196812196812201,0.878031878031878,0.12196812196812201
scene,MLC_PA_SVM,0.50,5,Operating Point,,0.02598849217168443,0,,1.0,,0.0,325,0.12231462231462231,0.8873873873873874,0.4809424809424809,0.5916310138406764,-0.00970200970200974,0.10625248782868957,0.8776853776853777,0.697883501669366,0.0,,0.0,0.0,0,0.12231462231462231,0.8776853776853777,0.12231462231462231
scene,GSI_MLC_PA_SVM,0.20,1,Operating Point,,0.034266206769909095,145,,0.8274182324286709,2.745691018342821,0.4738562091503268,306,0.0884481558803062,0.8935281837160751,0.5803757828810021,0.6519388628507798,0.05254001391788454,0.20073207646177305,0.9460681976339597,0.8526709393125529,0.17258176757132915,0.2923387096774194,0.6638830897703549,0.17258176757132915,496,0.0651808242220353,0.9348191757779647,0.0651808242220353
scene,GSI_MLC_PA_SVM,0.20,2,Operating Point,,0.023203706104187243,142,,0.8204323570432357,2.6447770886774684,0.47491638795986624,299,0.09762900976290098,0.8957461645746164,0.5997210599721059,0.6683804510506562,0.04253835425383545,0.19027992310670916,0.9382845188284519,0.8586603741573654,0.1795676429567643,0.2757281553398058,0.6903765690376569,0.1795676429567643,515,0.07522311942201443,0.9247768805779856,0.07522311942201443
scene,GSI_MLC_PA_SVM,0.20,3,Operating Point,,0.029106473851256625,168,,0.8131830601092896,2.7927827676655275,0.5217391304347826,322,0.09064207650273223,0.8900273224043715,0.5597677595628415,0.6373663670020784,0.05669398907103829,0.21716154497391826,0.9467213114754098,0.8545279119759966,0.18681693989071038,0.3071297989031079,0.7090163934426229,0.18681693989071038,547,0.06551868962620744,0.9344813103737926,0.06551868962620744
scene,GSI_MLC_PA_SVM,0.20,4,Operating Point,,0.028687377830408468,169,,0.7827442827442828,2.5256011930653077,0.5487012987012987,308,0.09334719334719334,0.8932778932778933,0.5959805959805959,0.659488498969309,0.05682605682605679,0.21740905119630827,0.9501039501039501,0.8768975501656172,0.21725571725571727,0.26953748006379585,0.7692307692307693,0.21725571725571727,627,0.06374501992031867,0.9362549800796813,0.06374501992031867
scene,GSI_MLC_PA_SVM,0.20,5,Operating Point,,0.02585927387695064,120,,0.8395703395703396,2.5971922246220305,0.4166666666666667,288,0.09965349965349966,0.9002079002079002,0.6223146223146224,0.6850677499229793,0.032224532224532254,0.16128428911880077,0.9324324324324325,0.84635203904178,0.16042966042966042,0.2591792656587473,0.6507276507276507,0.16042966042966042,463,0.0804787453569955,0.9195212546430045,0.0804787453569955
scene,GSI_MLC_PA_SVM,0.25,1,Operating Point,,0.034266206769909095,145,,0.8274182324286709,2.745691018342821,0.4738562091503268,306,0.09707724425887265,0.8935281837160751,0.5803757828810021,0.6519388628507798,0.05254001391788454,0.20073207646177305,0.9460681976339597,0.8526709393125529,0.17258176757132915,0.2923387096774194,0.6638830897703549,0.17258176757132915,496,0.0651808242220353,0.9348191757779647,0.0651808242220353
scene,GSI_MLC_PA_SVM,0.25,2,Operating Point,,0.023203706104187243,149,,0.8165969316596932,2.7171178961557536,0.4983277591973244,299,0.10059274755927476,0.8957461645746164,0.5997210599721059,0.6683804510506562,0.049511854951185486,0.19469641507037094,0.9452580195258019,0.8630768661210272,0.18340306834030684,0.2832699619771863,0.6861924686192469,0.18340306834030684,526,0.06703672075149447,0.9329632792485055,0.06703672075149447
scene,GSI_MLC_PA_SVM,0.25,3,Operating Point,,0.029106473851256625,157,,0.8261612021857924,2.8047688196317218,0.48757763975155277,322,0.10049521857923498,0.8900273224043715,0.5597677595628415,0.6373663670020784,0.0529371584699454,0.2026375919327863,0.942964480874317,0.8400039589348647,0.17383879781420766,0.30844793713163066,0.6823770491803278,0.17383879781420766,509,0.06903679206283586,0.9309632079371641,0.06903679206283586
scene,GSI_MLC_PA_SVM,0.25,4,Operating Point,,0.028687377830408468,169,,0.7827442827442828,2.5256011930653077,0.5487012987012987,308,0.10420997920997921,0.8932778932778933,0.5959805959805959,0.659488498969309,0.05682605682605679,0.21740905119630827,0.9501039501039501,0.8768975501656172,0.21725571725571727,0.26953748006379585,0.7692307692307693,0.21725571725571727,627,0.06374501992031867,0.9362549800796813,0.06374501992031867
scene,GSI_MLC_PA_SVM,0.25,5,Operating Point,,0.02585927387695064,120,,0.8395703395703396,2.5971922246220305,0.4166666666666667,288,0.10767498267498267,0.9002079002079002,0.6223146223146224,0.6850677499229793,0.032224532224532254,0.16128428911880077,0.9324324324324325,0.84635203904178,0.16042966042966042,0.2591792656587473,0.6507276507276507,0.16042966042966042,463,0.0804787453569955,0.9195212546430045,0.0804787453569955
scene,GSI_MLC_PA_SVM,0.30,1,Operating Point,,0.034266206769909095,137,,0.8423799582463466,2.8404536207418953,0.4477124183006536,306,0.10400139178844815,0.8935281837160751,0.5803757828810021,0.6519388628507798,0.04975643702157273,0.193694709031899,0.9432846207376478,0.8456335718826788,0.15762004175365343,0.30242825607064017,0.6346555323590815,0.15762004175365343,453,0.06732755059892603,0.932672449401074,0.06732755059892603
scene,GSI_MLC_PA_SVM,0.30,2,Operating Point,,0.023203706104187243,143,,0.8211297071129707,2.6737859140605136,0.4782608695652174,299,0.11049511854951184,0.8957461645746164,0.5997210599721059,0.6683804510506562,0.04741980474198049,0.18864872354322737,0.9431659693165969,0.8570291745938836,0.1788702928870293,0.2787524366471735,0.6841004184100419,0.1788702928870293,513,0.0692144373673036,0.9307855626326964,0.0692144373673036
scene,GSI_MLC_PA_SVM,0.30,3,Operating Point,,0.029106473851256625,152,,0.8329918032786885,2.8265061159166254,0.4720496894409938,322,0.10884562841530054,0.8900273224043715,0.5597677595628415,0.6373663670020784,0.05122950819672134,0.19742361354411087,0.9412568306010929,0.8347899805461892,0.16700819672131148,0.310838445807771,0.6659836065573771,0.16700819672131148,489,0.07052070520705211,0.9294792947929479,0.07052070520705211
scene,GSI_MLC_PA_SVM,0.30,4,Operating Point,,0.028687377830408468,169,,0.7827442827442828,2.5256011930653077,0.5487012987012987,308,0.11507276507276508,0.8932778932778933,0.5959805959805959,0.659488498969309,0.05682605682605679,0.21740905119630827,0.9501039501039501,0.8768975501656172,0.21725571725571727,0.26953748006379585,0.7692307692307693,0.21725571725571727,627,0.06374501992031867,0.9362549800796813,0.06374501992031867
scene,GSI_MLC_PA_SVM,0.30,5,Operating Point,,0.02585927387695064,89,,0.9151074151074151,3.6402210884353745,0.3090277777777778,288,0.10654885654885655,0.9002079002079002,0.6223146223146224,0.6850677499229793,0.018711018711018657,0.1291994203696114,0.9189189189189189,0.8142671702925907,0.08489258489258489,0.363265306122449,0.4365904365904366,0.08489258489258489,245,0.0886028019689511,0.9113971980310489,0.0886028019689511
scene,GSI_MLC_PA_SVM,0.35,1,Operating Point,,0.034266206769909095,127,,0.8531663187195546,2.8265495771768423,0.4150326797385621,306,0.11089074460681973,0.8935281837160751,0.5803757828810021,0.6519388628507798,0.04697286012526103,0.18691950538576962,0.9405010438413361,0.8388583682365495,0.14683368128044538,0.3009478672985782,0.5970772442588727,0.14683368128044538,422,0.06973898858075045,0.9302610114192496,0.06973898858075045
scene,GSI_MLC_PA_SVM,0.35,2,Operating Point,,0.023203706104187243,103,,0.8577405857740585,2.421503049380287,0.34448160535117056,299,0.12126917712691769,0.8957461645746164,0.5997210599721059,0.6683804510506562,0.032775453277545386,0.11851279814414406,0.9285216178521618,0.7868932491948003,0.14225941422594143,0.25245098039215685,0.5941422594142259,0.14225941422594143,408,0.08333333333333337,0.9166666666666666,0.08333333333333337
scene,GSI_MLC_PA_SVM,0.35,3,Operating Point,,0.029106473851256625,150,,0.8422131147540983,2.95232717592966,0.4658385093167702,322,0.11465163934426228,0.8900273224043715,0.5597677595628415,0.6373663670020784,0.050546448087431695,0.19518576188170678,0.9405737704918032,0.8325521288837852,0.15778688524590165,0.3246753246753247,0.6188524590163934,0.15778688524590165,462,0.07055961070559613,0.9294403892944039,0.07055961070559613
scene,GSI_MLC_PA_SVM,0.35,4,Operating Point,,0.028687377830408468,140,,0.8194733194733195,2.517885185831443,0.45454545454545453,308,0.12312889812889811,0.8932778932778933,0.5959805959805959,0.659488498969309,0.04677754677754675,0.19154985867044916,0.9400554400554401,0.8510383576397581,0.18052668052668053,0.2687140115163148,0.7338877338877339,0.18052668052668053,521,0.0731501057082452,0.9268498942917548,0.0731501057082452
scene,GSI_MLC_PA_SVM,0.35,5,Operating Point,,0.02585927387695064,66,,0.9355509355509356,3.5557795698924726,0.22916666666666666,288,0.11160776160776162,0.9002079002079002,0.6223146223146224,0.6850677499229793,0.010741510741510751,0.09898595567338808,0.910949410949411,0.7840537055963673,0.06444906444906445,0.3548387096774194,0.3471933471933472,0.06444906444906445,186,0.09518518518518515,0.9048148148148148,0.09518518518518515
scene,GSI_MLC_PA_SVM,0.40,1,Operating Point,,0.034266206769909095,61,,0.9276270006958942,2.754430618401207,0.19934640522875818,306,0.11489213639526794,0.8935281837160751,0.5803757828810021,0.6519388628507798,0.020528879610299255,0.11803177753919047,0.9140570633263744,0.7699706403899703,0.07237299930410578,0.2932692307692308,0.3862212943632568,0.07237299930410578,208,0.09264816204051018,0.9073518379594898,0.09264816204051018
scene,GSI_MLC_PA_SVM,0.40,2,Operating Point,,0.023203706104187243,83,,0.8866806136680614,2.449642397736043,0.27759197324414714,299,0.1283124128312413,0.8957461645746164,0.5997210599721059,0.6683804510506562,0.021269177126917782,0.10190788120387162,0.9170153417015342,0.7702883322545279,0.11331938633193864,0.2553846153846154,0.5271966527196653,0.11331938633193864,325,0.09359024773889102,0.906409752261109,0.09359024773889102
scene,GSI_MLC_PA_SVM,0.40,3,Operating Point,,0.029106473851256625,141,,0.8582650273224044,3.089485893886103,0.43788819875776397,322,0.11919398907103824,0.8900273224043715,0.5597677595628415,0.6373663670020784,0.047472677595628454,0.18508943404912837,0.9375,0.8224558010512067,0.14173497267759563,0.3397590361445783,0.569672131147541,0.14173497267759563,415,0.0728213290887385,0.9271786709112615,0.0728213290887385
scene,GSI_MLC_PA_SVM,0.40,4,Operating Point,,0.028687377830408468,140,,0.8194733194733195,2.517885185831443,0.45454545454545453,308,0.13215523215523217,0.8932778932778933,0.5959805959805959,0.659488498969309,0.04677754677754675,0.19154985867044916,0.9400554400554401,0.8510383576397581,0.18052668052668053,0.2687140115163148,0.7338877338877339,0.18052668052668053,521,0.0731501057082452,0.9268498942917548,0.0731501057082452
scene,GSI_MLC_PA_SVM,0.40,5,Operating Point,,0.02585927387695064,66,,0.9355509355509356,3.5557795698924726,0.22916666666666666,288,0.11483021483021483,0.9002079002079002,0.6223146223146224,0.6850677499229793,0.010741510741510751,0.09898595567338808,0.910949410949411,0.7840537055963673,0.06444906444906445,0.3548387096774194,0.3471933471933472,0.06444906444906445,186,0.09518518518518515,0.9048148148148148,0.09518518518518515
scene,GSI_MLC_PA_SVM,0.50,1,Operating Point,,0.034266206769909095,0,,1.0,,0.0,306,0.12178148921363953,0.8935281837160751,0.5803757828810021,0.6519388628507798,-0.015309672929714635,0.040866509890075675,0.8782185107863605,0.6928053727408555,0.0,,0.0,0.0,0,0.12178148921363952,0.8782185107863605,0.12178148921363952
scene,GSI_MLC_PA_SVM,0.50,2,Operating Point,,0.023203706104187243,0,,1.0,,0.0,299,0.11157601115760112,0.8957461645746164,0.5997210599721059,0.6683804510506562,-0.007322175732217495,0.0022558435975392754,0.8884239888423989,0.6706362946481955,0.0,,0.0,0.0,0,0.11157601115760107,0.8884239888423989,0.11157601115760107
scene,GSI_MLC_PA_SVM,0.50,3,Operating Point,,0.029106473851256625,0,,1.0,,0.0,322,0.11441256830601093,0.8900273224043715,0.5597677595628415,0.6373663670020784,-0.0044398907103824214,0.04730423954719887,0.8855874316939891,0.6846706065492772,0.0,,0.0,0.0,0,0.11441256830601088,0.8855874316939891,0.11441256830601088
scene,GSI_MLC_PA_SVM,0.50,4,Operating Point,,0.028687377830408468,0,,1.0,,0.0,308,0.11573111573111573,0.8932778932778933,0.5959805959805959,0.659488498969309,-0.009009009009009028,0.03802251328992301,0.8842688842688843,0.697511012259232,0.0,,0.0,0.0,0,0.11573111573111572,0.8842688842688843,0.11573111573111572
scene,GSI_MLC_PA_SVM,0.50,5,Operating Point,,0.02585927387695064,0,,1.0,,0.0,288,0.11815661815661815,0.9002079002079002,0.6223146223146224,0.6850677499229793,-0.018364518364518356,-0.0011008573386653842,0.8818433818433818,0.6839668925843139,0.0,,0.0,0.0,0,0.11815661815661815,0.8818433818433818,0.11815661815661815
scene,MLC_PA_MLP,0.20,1,Operating Point,,0.02447228265258443,148,,0.8298538622129437,2.9189278214682752,0.4966442953020134,298,0.0827418232428671,0.8963117606123869,0.5556715379262351,0.6540925287229632,0.05497564370215724,0.2241147450284784,0.9512874043145442,0.8782072737514416,0.17014613778705637,0.30265848670756645,0.6764091858037579,0.17014613778705637,489,0.058700209643605894,0.9412997903563941,0.058700209643605894
scene,MLC_PA_MLP,0.20,2,Operating Point,,0.02086408662464902,160,,0.8242677824267782,3.150436645246334,0.5536332179930796,289,0.07559274755927475,0.8992329149232915,0.5770571827057183,0.6645591431765089,0.06032078103207805,0.23109821320938206,0.9595536959553695,0.895657356385891,0.17573221757322174,0.31746031746031744,0.7092050209205021,0.17573221757322174,504,0.04906937394247035,0.9509306260575296,0.04906937394247035
scene,MLC_PA_MLP,0.20,3,Operating Point,,0.021843573141796618,155,,0.8148907103825137,2.727502193588711,0.504885993485342,307,0.08790983606557376,0.8951502732240437,0.5245901639344263,0.6318730627230557,0.053961748633879814,0.24103122704688495,0.9491120218579235,0.8729042897699406,0.18510928961748635,0.2859778597785978,0.7479508196721312,0.18510928961748635,542,0.06244761106454322,0.9375523889354568,0.06244761106454322
scene,MLC_PA_MLP,0.20,4,Operating Point,,0.03021778180653911,158,,0.7997227997227997,2.405202970714828,0.4817073170731707,328,0.09410949410949412,0.8863478863478863,0.5176715176715176,0.612576942639233,0.05959805959805964,0.2450992972212538,0.9459459459459459,0.8576762398604868,0.20027720027720028,0.27335640138408307,0.738045738045738,0.20027720027720028,578,0.06759098786828421,0.9324090121317158,0.06759098786828421
scene,MLC_PA_MLP,0.20,5,Operating Point,,0.02218315059117253,154,,0.8212058212058212,2.9598817230080714,0.5292096219931272,291,0.09570339570339571,0.8991683991683992,0.5693000693000693,0.6659686920693536,0.04088704088704087,0.2046242053427052,0.9400554400554401,0.8705928974120588,0.1787941787941788,0.29844961240310075,0.7027027027027027,0.1787941787941788,516,0.07299578059071732,0.9270042194092827,0.07299578059071732
scene,MLC_PA_MLP,0.25,1,Operating Point,,0.02447228265258443,148,,0.8298538622129437,2.9189278214682752,0.4966442953020134,298,0.0912491301322199,0.8963117606123869,0.5556715379262351,0.6540925287229632,0.05497564370215724,0.2241147450284784,0.9512874043145442,0.8782072737514416,0.17014613778705637,0.30265848670756645,0.6764091858037579,0.17014613778705637,489,0.058700209643605894,0.9412997903563941,0.058700209643605894
scene,MLC_PA_MLP,0.25,2,Operating Point,,0.02086408662464902,160,,0.8242677824267782,3.150436645246334,0.5536332179930796,289,0.08437935843793584,0.8992329149232915,0.5770571827057183,0.6645591431765089,0.06032078103207805,0.23109821320938206,0.9595536959553695,0.895657356385891,0.17573221757322174,0.31746031746031744,0.7092050209205021,0.17573221757322174,504,0.04906937394247035,0.9509306260575296,0.04906937394247035
scene,MLC_PA_MLP,0.25,3,Operating Point,,0.021843573141796618,146,,0.8299180327868853,2.796122601153801,0.4755700325732899,307,0.09648224043715847,0.8951502732240437,0.5245901639344263,0.6318730627230557,0.05088797814207646,0.23326359219211312,0.9460382513661202,0.8651366549151688,0.17008196721311475,0.2931726907630522,0.7192622950819673,0.17008196721311475,498,0.06502057613168721,0.9349794238683128,0.06502057613168721
scene,MLC_PA_MLP,0.25,4,Operating Point,,0.03021778180653911,158,,0.7997227997227997,2.405202970714828,0.4817073170731707,328,0.10412335412335412,0.8863478863478863,0.5176715176715176,0.612576942639233,0.05959805959805964,0.2450992972212538,0.9459459459459459,0.8576762398604868,0.20027720027720028,0.27335640138408307,0.738045738045738,0.20027720027720028,578,0.06759098786828421,0.9324090121317158,0.06759098786828421
scene,MLC_PA_MLP,0.25,5,Operating Point,,0.02218315059117253,154,,0.8212058212058212,2.9598817230080714,0.5292096219931272,291,0.10464310464310464,0.8991683991683992,0.5693000693000693,0.6659686920693536,0.04088704088704087,0.2046242053427052,0.9400554400554401,0.8705928974120588,0.1787941787941788,0.29844961240310075,0.7027027027027027,0.1787941787941788,516,0.07299578059071732,0.9270042194092827,0.07299578059071732
scene,MLC_PA_MLP,0.30,1,Operating Point,,0.02447228265258443,148,,0.8298538622129437,2.9189278214682752,0.4966442953020134,298,0.09975643702157272,0.8963117606123869,0.5556715379262351,0.6540925287229632,0.05497564370215724,0.2241147450284784,0.9512874043145442,0.8782072737514416,0.17014613778705637,0.30265848670756645,0.6764091858037579,0.17014613778705637,489,0.058700209643605894,0.9412997903563941,0.058700209643605894
scene,MLC_PA_MLP,0.30,2,Operating Point,,0.02086408662464902,151,,0.8430962343096234,3.330011534025375,0.5224913494809689,289,0.0899581589958159,0.8992329149232915,0.5770571827057183,0.6645591431765089,0.05788005578800559,0.2233563824001472,0.9571129707112971,0.8879155255766561,0.15690376569037656,0.33555555555555555,0.6569037656903766,0.15690376569037656,450,0.0508684863523573,0.9491315136476427,0.0508684863523573
scene,MLC_PA_MLP,0.30,3,Operating Point,,0.021843573141796618,124,,0.8596311475409836,2.8774816329441975,0.40390879478827363,307,0.1035860655737705,0.8951502732240437,0.5245901639344263,0.6318730627230557,0.04337431693989069,0.2112976797619044,0.9385245901639344,0.84317074248496,0.1403688524590164,0.30170316301703165,0.6168032786885246,0.1403688524590164,411,0.07151370679380209,0.9284862932061979,0.07151370679380209
scene,MLC_PA_MLP,0.30,4,Operating Point,,0.03021778180653911,151,,0.8135828135828136,2.4695461963913323,0.4603658536585366,328,0.11240471240471239,0.8863478863478863,0.5176715176715176,0.612576942639233,0.057172557172557203,0.24099420690926698,0.9435204435204435,0.8535711495485,0.1864171864171864,0.28066914498141265,0.7214137214137214,0.1864171864171864,538,0.06942078364565585,0.9305792163543442,0.06942078364565585
scene,MLC_PA_MLP,0.30,5,Operating Point,,0.02218315059117253,141,,0.8475398475398476,3.178116213683224,0.4845360824742268,291,0.11261261261261261,0.8991683991683992,0.5693000693000693,0.6659686920693536,0.03395703395703398,0.19304122755034125,0.9331254331254332,0.8590099196196949,0.15246015246015246,0.32045454545454544,0.656964656964657,0.15246015246015246,440,0.07890433360588722,0.9210956663941128,0.07890433360588722
scene,MLC_PA_MLP,0.35,1,Operating Point,,0.02447228265258443,111,,0.8698677800974252,2.8623443276029144,0.3724832214765101,298,0.12035490605427974,0.8963117606123869,0.5556715379262351,0.6540925287229632,0.02887961029923447,0.18869300348836704,0.9251913709116214,0.8427855322113302,0.1301322199025748,0.2967914438502674,0.5866388308977035,0.1301322199025748,374,0.08599999999999997,0.914,0.08599999999999997
scene,MLC_PA_MLP,0.35,2,Operating Point,,0.02086408662464902,144,,0.850418410041841,3.331091054274445,0.4982698961937716,289,0.0976813110181311,0.8992329149232915,0.5770571827057183,0.6645591431765089,0.05543933054393302,0.21560076353341728,0.9546722454672245,0.8801599067099262,0.14958158995815898,0.3356643356643357,0.6317991631799164,0.14958158995815898,429,0.05330053300533,0.94669946699467,0.05330053300533
scene,MLC_PA_MLP,0.35,3,Operating Point,,0.021843573141796618,124,,0.8596311475409836,2.8774816329441975,0.40390879478827363,307,0.1106045081967213,0.8951502732240437,0.5245901639344263,0.6318730627230557,0.04337431693989069,0.2112976797619044,0.9385245901639344,0.84317074248496,0.1403688524590164,0.30170316301703165,0.6168032786885246,0.1403688524590164,411,0.07151370679380209,0.9284862932061979,0.07151370679380209
scene,MLC_PA_MLP,0.35,4,Operating Point,,0.03021778180653911,145,,0.8347193347193347,2.674681699647185,0.4420731707317073,328,0.11640679140679139,0.8863478863478863,0.5176715176715176,0.612576942639233,0.05509355509355518,0.2330198904221088,0.9414414414414415,0.8455968330613418,0.1652806652806653,0.3039832285115304,0.6652806652806653,0.1652806652806653,477,0.07015359070153593,0.9298464092984641,0.07015359070153593
scene,MLC_PA_MLP,0.35,5,Operating Point,,0.02218315059117253,135,,0.8541233541233542,3.180204226559248,0.4639175257731959,291,0.12001039501039498,0.8991683991683992,0.5693000693000693,0.6659686920693536,0.03187803187803184,0.18771265440901408,0.931046431046431,0.8536813464783677,0.14587664587664587,0.32066508313539194,0.6257796257796258,0.14587664587664587,421,0.08073022312373224,0.9192697768762678,0.08073022312373224
scene,MLC_PA_MLP,0.40,1,Operating Point,,0.02447228265258443,110,,0.872303409881698,2.890660717224732,0.3691275167785235,298,0.12623521224773837,0.8963117606123869,0.5556715379262351,0.6540925287229632,0.028531663187195577,0.18776714436324382,0.9248434237995825,0.841859673086207,0.127696590118302,0.2997275204359673,0.5782881002087683,0.127696590118302,367,0.08615875548464302,0.913841244515357,0.08615875548464302
scene,MLC_PA_MLP,0.40,2,Operating Point,,0.02086408662464902,112,,0.8870292887029289,3.430475458157119,0.3875432525951557,289,0.11213389121338913,0.8992329149232915,0.5770571827057183,0.6645591431765089,0.033821478382147885,0.18593221014569883,0.9330543933054394,0.8504913533222077,0.11297071129707113,0.345679012345679,0.5188284518828452,0.11297071129707113,324,0.07547169811320753,0.9245283018867925,0.07547169811320753
scene,MLC_PA_MLP,0.40,3,Operating Point,,0.021843573141796618,113,,0.8760245901639344,2.968961154332786,0.36807817589576547,307,0.11482240437158471,0.8951502732240437,0.5245901639344263,0.6318730627230557,0.0396174863387978,0.19964859262673262,0.9347677595628415,0.8315216553497883,0.12397540983606557,0.31129476584022037,0.569672131147541,0.12397540983606557,363,0.07446393762183234,0.9255360623781677,0.07446393762183234
scene,MLC_PA_MLP,0.40,4,Operating Point,,0.03021778180653911,118,,0.8659043659043659,2.6828322934392133,0.3597560975609756,328,0.12848232848232852,0.8863478863478863,0.5176715176715176,0.612576942639233,0.03880803880803885,0.2096497944427269,0.9251559251559252,0.8222267370819599,0.1340956340956341,0.3049095607235142,0.5987525987525988,0.1340956340956341,387,0.08643457382953179,0.9135654261704682,0.08643457382953179
scene,MLC_PA_MLP,0.40,5,Operating Point,,0.02218315059117253,117,,0.8704088704088704,3.1025414851976407,0.4020618556701031,291,0.12668052668052668,0.8991683991683992,0.5693000693000693,0.6659686920693536,0.02598752598752596,0.17055458725094685,0.9251559251559252,0.8365232793203005,0.1295911295911296,0.31283422459893045,0.5654885654885655,0.1295911295911296,374,0.0859872611464968,0.9140127388535032,0.0859872611464968
scene,MLC_PA_MLP,0.50,1,Operating Point,,0.02447228265258443,0,,1.0,,0.0,298,0.12038970076548365,0.8963117606123869,0.5556715379262351,0.6540925287229632,-0.01670146137787054,0.05707329537445571,0.8796102992345164,0.7111658240974189,0.0,,0.0,0.0,0,0.12038970076548361,0.8796102992345164,0.12038970076548361
scene,MLC_PA_MLP,0.50,2,Operating Point,,0.02086408662464902,0,,1.0,,0.0,289,0.10774058577405858,0.8992329149232915,0.5770571827057183,0.6645591431765089,-0.006973500697350032,0.07595292539384157,0.8922594142259415,0.7405120685703505,0.0,,0.0,0.0,0,0.10774058577405854,0.8922594142259415,0.10774058577405854
scene,MLC_PA_MLP,0.50,3,Operating Point,,0.021843573141796618,0,,1.0,,0.0,307,0.11407103825136612,0.8951502732240437,0.5245901639344263,0.6318730627230557,-0.009221311475409832,0.06973197639669293,0.8859289617486339,0.7016050391197486,0.0,,0.0,0.0,0,0.11407103825136611,0.8859289617486339,0.11407103825136611
scene,MLC_PA_MLP,0.50,4,Operating Point,,0.03021778180653911,0,,1.0,,0.0,328,0.11850311850311851,0.8863478863478863,0.5176715176715176,0.612576942639233,-0.004851004851004759,0.07975048874034951,0.8814968814968815,0.6923274313795825,0.0,,0.0,0.0,0,0.11850311850311845,0.8814968814968815,0.11850311850311845
scene,MLC_PA_MLP,0.50,5,Operating Point,,0.02218315059117253,0,,1.0,,0.0,291,0.11295911295911296,0.8991683991683992,0.5693000693000693,0.6659686920693536,-0.012127512127512174,0.058248584737028875,0.887040887040887,0.7242172768063825,0.0,,0.0,0.0,0,0.11295911295911298,0.887040887040887,0.11295911295911298
scene,GSI_MLC_PA_MLP,0.20,1,Operating Point,,0.025891510381155166,160,,0.8281141266527487,3.1028340080971657,0.5333333333333333,300,0.07995824634655535,0.8956158663883089,0.5588030619345858,0.6543062039366384,0.058803061934585954,0.22376073057485968,0.9544189283228949,0.8780669345114981,0.17188587334725122,0.32388663967611336,0.6931106471816284,0.17188587334725122,494,0.055042016806722716,0.9449579831932773,0.055042016806722716
scene,GSI_MLC_PA_MLP,0.20,2,Operating Point,,0.028017707718574272,153,,0.8186889818688982,2.6453098625512417,0.47962382445141066,319,0.09449093444909347,0.8887726638772664,0.5502092050209205,0.6484532690748651,0.05299860529986056,0.21361986555416523,0.941771269177127,0.8620731346290303,0.18131101813110181,0.29423076923076924,0.7196652719665272,0.18131101813110181,520,0.07112436115843268,0.9288756388415673,0.07112436115843268
scene,GSI_MLC_PA_MLP,0.20,3,Operating Point,,0.031145384984090363,136,,0.8186475409836066,2.225284581468256,0.4035608308605341,337,0.11174863387978141,0.8849043715846995,0.5051229508196722,0.6198541277714814,0.0396174863387978,0.21884794930569784,0.9245218579234973,0.8387020770771793,0.18135245901639344,0.256120527306968,0.7336065573770492,0.18135245901639344,531,0.09219858156028371,0.9078014184397163,0.09219858156028371
scene,GSI_MLC_PA_MLP,0.20,4,Operating Point,,0.03486492852163866,149,,0.8333333333333334,2.6294117647058823,0.43823529411764706,340,0.10090090090090091,0.8821898821898821,0.5325710325710324,0.6339132941695889,0.05024255024255031,0.20502383753643005,0.9324324324324325,0.8389371317060189,0.16666666666666666,0.3097713097713098,0.6735966735966736,0.16666666666666666,481,0.08108108108108114,0.9189189189189189,0.08108108108108114
scene,GSI_MLC_PA_MLP,0.20,5,Operating Point,,0.024189360703208485,146,,0.8284823284823285,2.846903820816864,0.4882943143812709,299,0.09598059598059598,0.8963963963963963,0.572072072072072,0.6615827271570729,0.041926541926541994,0.1970228864288509,0.9383229383229383,0.8586056135859238,0.17151767151767153,0.29494949494949496,0.7027027027027027,0.17151767151767153,495,0.0744458385612714,0.9255541614387286,0.0744458385612714
scene,GSI_MLC_PA_MLP,0.25,1,Operating Point,,0.025891510381155166,151,,0.8469032707028532,3.2876818181818184,0.5033333333333333,300,0.09255393180236604,0.8956158663883089,0.5588030619345858,0.6543062039366384,0.050104384133611735,0.20431265029562762,0.9457202505219207,0.858618854232266,0.15309672929714682,0.3431818181818182,0.6617954070981211,0.15309672929714682,440,0.06409202958093674,0.9359079704190633,0.06409202958093674
scene,GSI_MLC_PA_MLP,0.25,2,Operating Point,,0.028017707718574272,125,,0.854602510460251,2.695022665253377,0.39184952978056425,319,0.11619595536959554,0.8887726638772664,0.5502092050209205,0.6484532690748651,0.03138075313807531,0.1910254760327218,0.9201534170153417,0.8394787451075869,0.14539748953974896,0.2997601918465228,0.6401673640167364,0.14539748953974896,417,0.09343125254997964,0.9065687474500204,0.09343125254997964
scene,GSI_MLC_PA_MLP,0.25,3,Operating Point,,0.031145384984090363,118,,0.8497267759562842,2.330078230374966,0.35014836795252224,337,0.12568306010928962,0.8849043715846995,0.5051229508196722,0.6198541277714814,0.02698087431693985,0.2049748674015338,0.9118852459016393,0.8248289951730152,0.15027322404371585,0.2681818181818182,0.6557377049180327,0.15027322404371585,440,0.1036977491961415,0.8963022508038585,0.1036977491961415
scene,GSI_MLC_PA_MLP,0.25,4,Operating Point,,0.03486492852163866,145,,0.8416493416493417,2.6932037585274813,0.4264705882352941,340,0.10854123354123354,0.8821898821898821,0.5325710325710324,0.6339132941695889,0.04885654885654889,0.20039355168715067,0.931046431046431,0.8343068458567395,0.15835065835065834,0.3172866520787746,0.6548856548856549,0.15835065835065834,457,0.0819267188143269,0.9180732811856731,0.0819267188143269
scene,GSI_MLC_PA_MLP,0.25,5,Operating Point,,0.024189360703208485,128,,0.8496188496188496,2.846724103386095,0.4280936454849498,299,0.11382536382536383,0.8963963963963963,0.572072072072072,0.6615827271570729,0.027373527373527384,0.17672672345291307,0.9237699237699237,0.838309450609986,0.15038115038115038,0.29493087557603687,0.632016632016632,0.15038115038115038,434,0.08972267536704726,0.9102773246329527,0.08972267536704726
scene,GSI_MLC_PA_MLP,0.30,1,Operating Point,,0.025891510381155166,148,,0.8500347947112039,3.2896519721577726,0.49333333333333335,300,0.10031315240083506,0.8956158663883089,0.5588030619345858,0.6543062039366384,0.04906054279749483,0.20111002135500156,0.9446764091858038,0.85541622529164,0.14996520528879612,0.3433874709976798,0.6555323590814196,0.14996520528879612,431,0.06508391322144902,0.934916086778551,0.06508391322144902
scene,GSI_MLC_PA_MLP,0.30,2,Operating Point,,0.028017707718574272,125,,0.8584379358437936,2.768040520715907,0.39184952978056425,319,0.12231520223152023,0.8887726638772664,0.5502092050209205,0.6484532690748651,0.03138075313807531,0.1910254760327218,0.9201534170153417,0.8394787451075869,0.14156206415620642,0.3078817733990148,0.6297071129707112,0.14156206415620642,406,0.09301380991064179,0.9069861900893582,0.09301380991064179
scene,GSI_MLC_PA_MLP,0.30,3,Operating Point,,0.031145384984090363,111,,0.8674863387978142,2.4856067790388203,0.3293768545994065,337,0.13025956284153004,0.8849043715846995,0.5051229508196722,0.6198541277714814,0.024590163934426257,0.1958460202445177,0.9094945355191257,0.8157001480159991,0.1325136612021858,0.2860824742268041,0.6127049180327869,0.1325136612021858,388,0.10433070866141736,0.8956692913385826,0.10433070866141736
scene,GSI_MLC_PA_MLP,0.30,4,Operating Point,,0.03486492852163866,133,,0.84996534996535,2.607240864013042,0.3911764705882353,340,0.11742896742896743,0.8821898821898821,0.5325710325710324,0.6339132941695889,0.04539154539154544,0.1917225038594763,0.9275814275814276,0.8256357980290652,0.15003465003465002,0.3071593533487298,0.6382536382536382,0.15003465003465002,433,0.08520179372197312,0.9147982062780269,0.08520179372197312
scene,GSI_MLC_PA_MLP,0.30,5,Operating Point,,0.024189360703208485,128,,0.8496188496188496,2.846724103386095,0.4280936454849498,299,0.12134442134442135,0.8963963963963963,0.572072072072072,0.6615827271570729,0.027373527373527384,0.17672672345291307,0.9237699237699237,0.838309450609986,0.15038115038115038,0.29493087557603687,0.632016632016632,0.15038115038115038,434,0.08972267536704726,0.9102773246329527,0.08972267536704726
scene,GSI_MLC_PA_MLP,0.35,1,Operating Point,,0.025891510381155166,146,,0.8552540013917884,3.3622115384615388,0.4866666666666667,300,0.10668058455114822,0.8956158663883089,0.5588030619345858,0.6543062039366384,0.048364648573416935,0.19883790160092507,0.9439805149617259,0.8531441055375635,0.14474599860821155,0.35096153846153844,0.6388308977035491,0.14474599860821155,416,0.06550040683482505,0.934499593165175,0.06550040683482505
scene,GSI_MLC_PA_MLP,0.35,2,Operating Point,,0.028017707718574272,125,,0.8584379358437936,2.768040520715907,0.39184952978056425,319,0.1293933054393305,0.8887726638772664,0.5502092050209205,0.6484532690748651,0.03138075313807531,0.1910254760327218,0.9201534170153417,0.8394787451075869,0.14156206415620642,0.3078817733990148,0.6297071129707112,0.14156206415620642,406,0.09301380991064179,0.9069861900893582,0.09301380991064179
scene,GSI_MLC_PA_MLP,0.35,3,Operating Point,,0.031145384984090363,104,,0.8773907103825137,2.516981724705124,0.3086053412462908,337,0.1358094262295082,0.8849043715846995,0.5051229508196722,0.6198541277714814,0.02219945355191255,0.18819369699074218,0.907103825136612,0.8080478247622236,0.12260928961748634,0.28969359331476324,0.5819672131147541,0.12260928961748634,359,0.10587777345270533,0.8941222265472947,0.10587777345270533
scene,GSI_MLC_PA_MLP,0.35,4,Operating Point,,0.03486492852163866,103,,0.8828828828828829,2.586651583710407,0.3029411764705882,340,0.12865557865557864,0.8821898821898821,0.5325710325710324,0.6339132941695889,0.03014553014553023,0.16693226665937455,0.9123354123354124,0.8008455608289634,0.11711711711711711,0.3047337278106509,0.5280665280665281,0.11711711711711711,338,0.09929356357927788,0.9007064364207221,0.09929356357927788
scene,GSI_MLC_PA_MLP,0.35,5,Operating Point,,0.024189360703208485,119,,0.8686763686763687,3.030629803831594,0.3979933110367893,299,0.1253118503118503,0.8963963963963963,0.572072072072072,0.6615827271570729,0.02425502425502435,0.1685483414932092,0.9206514206514207,0.8301310686502821,0.1313236313236313,0.31398416886543534,0.5862785862785863,0.1313236313236313,379,0.09134423613881137,0.9086557638611886,0.09134423613881137
scene,GSI_MLC_PA_MLP,0.40,1,Operating Point,,0.025891510381155166,110,,0.8890048712595685,3.3034482758620687,0.36666666666666664,300,0.12164231036882395,0.8956158663883089,0.5588030619345858,0.6543062039366384,0.02713987473903967,0.1698005365185037,0.9227557411273486,0.8241067404551421,0.11099512874043145,0.3448275862068966,0.5260960334029228,0.11099512874043145,319,0.08688845401174172,0.9131115459882583,0.08688845401174172
scene,GSI_MLC_PA_MLP,0.40,2,Operating Point,,0.028017707718574272,119,,0.8657601115760112,2.7789113707609006,0.3730407523510972,319,0.13563458856345886,0.8887726638772664,0.5502092050209205,0.6484532690748651,0.029288702928870314,0.18448644968266226,0.9180613668061367,0.8329397187575274,0.13423988842398885,0.3090909090909091,0.602510460251046,0.13423988842398885,385,0.09464357631896902,0.905356423681031,0.09464357631896902
scene,GSI_MLC_PA_MLP,0.40,3,Operating Point,,0.031145384984090363,99,,0.8896857923497268,2.6630164169369137,0.29376854599406527,337,0.13872950819672134,0.8849043715846995,0.5051229508196722,0.6198541277714814,0.020491803278688492,0.18276929655347296,0.905396174863388,0.8026234243249544,0.11031420765027322,0.3065015479876161,0.555327868852459,0.11031420765027322,323,0.10633397312859882,0.8936660268714012,0.10633397312859882
scene,GSI_MLC_PA_MLP,0.40,4,Operating Point,,0.03486492852163866,79,,0.9123354123354124,2.6504766333410834,0.2323529411764706,340,0.13485793485793485,0.8821898821898821,0.5325710325710324,0.6339132941695889,0.018018018018018056,0.14240706643326417,0.9002079002079002,0.776320360602853,0.08766458766458766,0.31225296442687744,0.4261954261954262,0.08766458766458766,253,0.10938093429548046,0.8906190657045195,0.10938093429548046
scene,GSI_MLC_PA_MLP,0.40,5,Operating Point,,0.024189360703208485,119,,0.8686763686763687,3.030629803831594,0.3979933110367893,299,0.13187803187803188,0.8963963963963963,0.572072072072072,0.6615827271570729,0.02425502425502435,0.1685483414932092,0.9206514206514207,0.8301310686502821,0.1313236313236313,0.31398416886543534,0.5862785862785863,0.1313236313236313,379,0.09134423613881137,0.9086557638611886,0.09134423613881137
scene,GSI_MLC_PA_MLP,0.50,1,Operating Point,,0.025891510381155166,0,,1.0,,0.0,300,0.12734864300626306,0.8956158663883089,0.5588030619345858,0.6543062039366384,-0.022964509394571953,0.05489334063330942,0.872651356993737,0.7091995445699478,0.0,,0.0,0.0,0,0.12734864300626303,0.872651356993737,0.12734864300626303
scene,GSI_MLC_PA_MLP,0.50,2,Operating Point,,0.028017707718574272,0,,1.0,,0.0,319,0.1304044630404463,0.8887726638772664,0.5502092050209205,0.6484532690748651,-0.019177126917712672,0.047675263585734706,0.8695955369595537,0.6961285326605998,0.0,,0.0,0.0,0,0.13040446304044628,0.8695955369595537,0.13040446304044628
scene,GSI_MLC_PA_MLP,0.50,3,Operating Point,,0.031145384984090363,0,,1.0,,0.0,337,0.14207650273224043,0.8849043715846995,0.5051229508196722,0.6198541277714814,-0.02698087431693985,0.05006335649973637,0.8579234972677596,0.6699174842712178,0.0,,0.0,0.0,0,0.14207650273224037,0.8579234972677596,0.14207650273224037
scene,GSI_MLC_PA_MLP,0.50,4,Operating Point,,0.03486492852163866,0,,1.0,,0.0,340,0.13444213444213443,0.8821898821898821,0.5325710325710324,0.6339132941695889,-0.016632016632016633,0.04911053114776187,0.8655578655578655,0.6830238253173507,0.0,,0.0,0.0,0,0.1344421344421345,0.8655578655578655,0.1344421344421345
scene,GSI_MLC_PA_MLP,0.50,5,Operating Point,,0.024189360703208485,0,,1.0,,0.0,299,0.12196812196812197,0.8963963963963963,0.572072072072072,0.6615827271570729,-0.018364518364518356,0.06209886545432264,0.878031878031878,0.7236815926113955,0.0,,0.0,0.0,0,0.12196812196812201,0.878031878031878,0.12196812196812201
yeast,MLC_PA_Logistic,0.20,1,Operating Point,,0.09668849678122457,100,,0.9561119293078056,1.6499083924206273,0.07241129616220131,1381,0.2952282768777615,0.7966126656848307,0.6015752517814373,0.3599663172280439,-0.0830633284241532,0.14323962317425448,0.7135493372606775,0.5032059404022984,0.0438880706921944,0.33557046979865773,0.44742268041237115,0.0438880706921944,298,0.29959950708564387,0.7004004929143561,0.29959950708564387
yeast,MLC_PA_Logistic,0.20,2,Operating Point,,0.09840471072938678,136,,0.9385861561119293,1.6128801256154581,0.09905316824471959,1373,0.2739911634756996,0.7977908689248896,0.6151855589999919,0.37780654590999685,-0.059499263622974974,0.1338586243330091,0.7382916053019146,0.511665170243006,0.06141384388807069,0.3261390887290168,0.6103092783505155,0.06141384388807069,417,0.27883257492546676,0.7211674250745332,0.27883257492546676
yeast,MLC_PA_Logistic,0.20,3,Operating Point,,0.09638980024228028,48,,0.9668260609683204,1.0814042742293863,0.03587443946188341,1338,0.2736700537955768,0.8000597728631201,0.6171126409620132,0.3790154046838568,-0.06709503885236101,0.10234006757615466,0.7329647340107591,0.48135547226001146,0.03317393903167962,0.21621621621621623,0.37447698744769875,0.03317393903167962,222,0.2761978361669243,0.7238021638330757,0.2761978361669243
yeast,MLC_PA_Logistic,0.20,4,Operating Point,,0.1011276320689305,40,,0.9700652045050385,0.9753559297535592,0.029197080291970802,1370,0.30563129816241846,0.7969768820391228,0.607994616034035,0.3728635353541395,-0.096621221102549,0.13267592525822924,0.7003556609365738,0.5055394606123688,0.02993479549496147,0.19801980198019803,0.3755186721991701,0.02993479549496147,202,0.30889092575618693,0.6911090742438131,0.30889092575618693
yeast,MLC_PA_Logistic,0.20,5,Operating Point,,0.09905467013700371,116,,0.9360516280434145,1.3240608049286815,0.08467153284671533,1370,0.2590495746553242,0.7990613083015548,0.6042742906192597,0.38410483081531266,-0.045321208565561766,0.11848067731417078,0.753740099735993,0.5025855081294834,0.06394837195658551,0.26605504587155965,0.6036960985626283,0.06394837195658551,436,0.2630836728298339,0.7369163271701661,0.2630836728298339
yeast,MLC_PA_Logistic,0.25,1,Operating Point,,0.09668849678122457,96,,0.9580265095729014,1.6561606768550632,0.06951484431571325,1381,0.29753313696612665,0.7966126656848307,0.6015752517814373,0.3599663172280439,-0.08365243004418266,0.14269313166472591,0.712960235640648,0.5026594488927698,0.04197349042709867,0.3368421052631579,0.4309278350515464,0.04197349042709867,285,0.29961568024596463,0.7003843197540354,0.29961568024596463
yeast,MLC_PA_Logistic,0.25,2,Operating Point,,0.09840471072938678,95,,0.9605301914580265,1.7530247524214326,0.06919155134741442,1373,0.2801178203240059,0.7977908689248896,0.6151855589999919,0.37780654590999685,-0.06804123711340204,0.12377557121727578,0.7297496318114876,0.5015821171272726,0.03946980854197349,0.35447761194029853,0.44742268041237115,0.03946980854197349,268,0.2813554124501687,0.7186445875498313,0.2813554124501687
yeast,MLC_PA_Logistic,0.25,3,Operating Point,,0.09638980024228028,25,,0.9792289300657502,0.8995494187609554,0.01868460388639761,1338,0.27835475194261805,0.8000597728631201,0.6171126409620132,0.3790154046838568,-0.07322175732217573,0.09709664172086502,0.7268380155409444,0.4761120464047218,0.02077106993424985,0.17985611510791366,0.25732217573221755,0.02077106993424985,139,0.2789562032656798,0.7210437967343202,0.2789562032656798
yeast,MLC_PA_Logistic,0.25,4,Operating Point,,0.1011276320689305,0,,0.9998518079430943,0.0,0.0,1370,0.30560906935388266,0.7969768820391228,0.607994616034035,0.3728635353541395,-0.10254890337877898,0.10195893018360769,0.6944279786603438,0.4748224655377472,0.00014819205690574984,0.0,0.002074688796680498,0.00014819205690574984,1,0.30561731139765824,0.6943826886023418,0.30561731139765824
yeast,MLC_PA_Logistic,0.25,5,Operating Point,,0.09905467013700371,97,,0.9479319448518627,1.3598149480826565,0.0708029197080292,1370,0.26763713699031977,0.7990613083015548,0.6042742906192597,0.38410483081531266,-0.05368143150484017,0.11138294026016554,0.7453798767967146,0.4954877710754782,0.05206805514813728,0.27323943661971833,0.5195071868583162,0.05206805514813728,355,0.26860591056784777,0.7313940894321522,0.26860591056784777
yeast,MLC_PA_Logistic,0.30,1,Operating Point,,0.09668849678122457,45,,0.9824742268041237,1.859266516164757,0.03258508327299059,1381,0.3005449189985272,0.7966126656848307,0.6015752517814373,0.3599663172280439,-0.09189985272459511,0.13334666108209298,0.7047128129602356,0.4933129783101369,0.01752577319587629,0.37815126050420167,0.23917525773195877,0.01752577319587629,119,0.30055463948433525,0.6994453605156647,0.30055463948433525
yeast,MLC_PA_Logistic,0.30,2,Operating Point,,0.09840471072938678,43,,0.9839469808541973,1.9509277882090381,0.031318281136198105,1373,0.2886156111929308,0.7977908689248896,0.6151855589999919,0.37780654590999685,-0.08159057437407957,0.11063317637834269,0.71620029455081,0.48843972228833954,0.01605301914580265,0.3944954128440367,0.20618556701030927,0.01605301914580265,109,0.28842987576710066,0.7115701242328993,0.28842987576710066
yeast,MLC_PA_Logistic,0.30,3,Operating Point,,0.09638980024228028,7,,0.9946204423191871,0.9725128716160105,0.00523168908819133,1338,0.28344291691572027,0.8000597728631201,0.6171126409620132,0.3790154046838568,-0.0818888224745965,0.08876406477286669,0.7181709503885236,0.4677794694567235,0.005379557680812911,0.19444444444444445,0.07531380753138076,0.005379557680812911,36,0.2833533653846154,0.7166466346153846,0.2833533653846154
yeast,MLC_PA_Logistic,0.30,4,Operating Point,,0.1011276320689305,0,,0.9998518079430943,0.0,0.0,1370,0.30561647895672794,0.7969768820391228,0.607994616034035,0.3728635353541395,-0.10254890337877898,0.10195893018360769,0.6944279786603438,0.4748224655377472,0.00014819205690574984,0.0,0.002074688796680498,0.00014819205690574984,1,0.30561731139765824,0.6943826886023418,0.30561731139765824
yeast,MLC_PA_Logistic,0.30,5,Operating Point,,0.09905467013700371,46,,0.9765327075388677,1.430784671532847,0.033576642335766425,1370,0.272807274860663,0.7990613083015548,0.6042742906192597,0.38410483081531266,-0.06482839542387797,0.09695522238776849,0.7342329128776768,0.48106005320308115,0.023467292461132296,0.2875,0.31211498973305957,0.023467292461132296,160,0.27215379993992195,0.727846200060078,0.27215379993992195
yeast,MLC_PA_Logistic,0.35,1,Operating Point,,0.09668849678122457,1,,0.9998527245949926,4.916727009413468,0.000724112961622013,1381,0.3028497790868925,0.7966126656848307,0.6015752517814373,0.3599663172280439,-0.09941089837997064,0.12284538093749187,0.69720176730486,0.48281169816553576,0.00014727540500736376,1.0,0.002061855670103093,0.00014727540500736376,1,0.3028428339961703,0.6971571660038297,0.3028428339961703
yeast,MLC_PA_Logistic,0.35,2,Operating Point,,0.09840471072938678,10,,0.9969072164948454,2.3549405195435784,0.007283321194464676,1373,0.2897422680412371,0.7977908689248896,0.6151855589999919,0.37780654590999685,-0.08645066273932256,0.10123983955993271,0.711340206185567,0.47904638546992956,0.003092783505154639,0.47619047619047616,0.03917525773195876,0.003092783505154639,21,0.2895553257497414,0.7104446742502586,0.2895553257497414
yeast,MLC_PA_Logistic,0.35,3,Operating Point,,0.09638980024228028,0,,1.0,,0.0,1338,0.2861625821876868,0.8000597728631201,0.6171126409620132,0.3790154046838568,-0.08622235505080689,0.08448269264954938,0.7138374178123132,0.4634980973334062,0.0,,0.0,0.0,0,0.28616258218768675,0.7138374178123132,0.28616258218768675
yeast,MLC_PA_Logistic,0.35,4,Operating Point,,0.1011276320689305,0,,0.9998518079430943,0.0,0.0,1370,0.3056238885595732,0.7969768820391228,0.607994616034035,0.3728635353541395,-0.10254890337877898,0.10195893018360769,0.6944279786603438,0.4748224655377472,0.00014819205690574984,0.0,0.002074688796680498,0.00014819205690574984,1,0.30561731139765824,0.6943826886023418,0.30561731139765824
yeast,MLC_PA_Logistic,0.35,5,Operating Point,,0.09905467013700371,3,,0.9994133176884717,3.732481751824818,0.0021897810218978104,1370,0.27829275447345264,0.7990613083015548,0.6042742906192597,0.38410483081531266,-0.0771487239659725,0.08507791917188262,0.7219125843355823,0.4691827499871953,0.0005866823115283074,0.75,0.008213552361396304,0.0005866823115283074,4,0.2782506604050484,0.7217493395949516,0.2782506604050484
yeast,MLC_PA_Logistic,0.40,1,Operating Point,,0.09668849678122457,1,,0.9998527245949926,4.916727009413468,0.000724112961622013,1381,0.3028571428571429,0.7966126656848307,0.6015752517814373,0.3599663172280439,-0.09941089837997064,0.12284538093749187,0.69720176730486,0.48281169816553576,0.00014727540500736376,1.0,0.002061855670103093,0.00014727540500736376,1,0.3028428339961703,0.6971571660038297,0.3028428339961703
yeast,MLC_PA_Logistic,0.40,2,Operating Point,,0.09840471072938678,2,,0.9994108983799705,2.4726875455207575,0.0014566642388929353,1373,0.290220913107511,0.7977908689248896,0.6151855589999919,0.37780654590999685,-0.08777614138438894,0.0998703883424571,0.7100147275405007,0.47767693425245394,0.000589101620029455,0.5,0.004123711340206186,0.000589101620029455,4,0.2901562039493074,0.7098437960506926,0.2901562039493074
yeast,MLC_PA_Logistic,0.40,3,Operating Point,,0.09638980024228028,0,,1.0,,0.0,1338,0.2861625821876868,0.8000597728631201,0.6171126409620132,0.3790154046838568,-0.08622235505080689,0.08448269264954938,0.7138374178123132,0.4634980973334062,0.0,,0.0,0.0,0,0.28616258218768675,0.7138374178123132,0.28616258218768675
yeast,MLC_PA_Logistic,0.40,4,Operating Point,,0.1011276320689305,0,,0.9998518079430943,0.0,0.0,1370,0.3056312981624185,0.7969768820391228,0.607994616034035,0.3728635353541395,-0.10254890337877898,0.10195893018360769,0.6944279786603438,0.4748224655377472,0.00014819205690574984,0.0,0.002074688796680498,0.00014819205690574984,1,0.30561731139765824,0.6943826886023418,0.30561731139765824
yeast,MLC_PA_Logistic,0.40,5,Operating Point,,0.09905467013700371,3,,0.9994133176884717,3.732481751824818,0.0021897810218978104,1370,0.278322088589029,0.7990613083015548,0.6042742906192597,0.38410483081531266,-0.0771487239659725,0.08507791917188262,0.7219125843355823,0.4691827499871953,0.0005866823115283074,0.75,0.008213552361396304,0.0005866823115283074,4,0.2782506604050484,0.7217493395949516,0.2782506604050484
yeast,MLC_PA_Logistic,0.50,1,Operating Point,,0.09668849678122457,0,,1.0,,0.0,1381,0.30294550810014725,0.7966126656848307,0.6015752517814373,0.3599663172280439,-0.099558173784978,0.12274914436299006,0.6970544918998527,0.48271546159103396,0.0,,0.0,0.0,0,0.3029455081001473,0.6970544918998527,0.3029455081001473
yeast,MLC_PA_Logistic,0.50,2,Operating Point,,0.09840471072938678,0,,1.0,,0.0,1373,0.290279823269514,0.7977908689248896,0.6151855589999919,0.37780654590999685,-0.08807069219440367,0.09967717496243056,0.7097201767304859,0.4774837208724274,0.0,,0.0,0.0,0,0.29027982326951407,0.7097201767304859,0.29027982326951407
yeast,MLC_PA_Logistic,0.50,3,Operating Point,,0.09638980024228028,0,,1.0,,0.0,1338,0.2861625821876868,0.8000597728631201,0.6171126409620132,0.3790154046838568,-0.08622235505080689,0.08448269264954938,0.7138374178123132,0.4634980973334062,0.0,,0.0,0.0,0,0.28616258218768675,0.7138374178123132,0.28616258218768675
yeast,MLC_PA_Logistic,0.50,4,Operating Point,,0.1011276320689305,0,,1.0,,0.0,1370,0.3055720213396562,0.7969768820391228,0.607994616034035,0.3728635353541395,-0.10254890337877898,0.10195893018360769,0.6944279786603438,0.4748224655377472,0.0,,0.0,0.0,0,0.3055720213396562,0.6944279786603438,0.3055720213396562
yeast,MLC_PA_Logistic,0.50,5,Operating Point,,0.09905467013700371,0,,1.0,,0.0,1370,0.27852742739806396,0.7990613083015548,0.6042742906192597,0.38410483081531266,-0.07758873569961877,0.0847879302344236,0.721472572601936,0.46889276104973626,0.0,,0.0,0.0,0,0.278527427398064,0.721472572601936,0.278527427398064
yeast,GSI_MLC_PA_Logistic,0.20,1,Operating Point,,0.10580247451478074,77,,0.9673048600883652,1.633210880783696,0.05339805825242718,1442,0.2767893961708395,0.7876288659793814,0.6115940188105137,0.39508829339179663,-0.05787923416789387,0.11153507077136315,0.7297496318114876,0.5066233641631598,0.03269513991163476,0.34684684684684686,0.3731958762886598,0.03269513991163476,222,0.27938489646772235,0.7206151035322776,0.27938489646772235
yeast,GSI_MLC_PA_Logistic,0.20,2,Operating Point,,0.1146863933004267,62,,0.9687776141384389,1.375176396801338,0.04293628808864266,1444,0.27723122238586156,0.7873343151693667,0.6164503079966998,0.38623832949306075,-0.05832106038291596,0.12082683660285548,0.7290132547864507,0.5070651660959162,0.03122238586156112,0.29245283018867924,0.35876288659793815,0.03122238586156112,212,0.2797202797202798,0.7202797202797202,0.2797202797202798
yeast,GSI_MLC_PA_Logistic,0.20,3,Operating Point,,0.10429737826725957,83,,0.9559175134488942,1.3844366899302094,0.06102941176470588,1360,0.2973699940227137,0.7967722653915122,0.6204251582912671,0.3904117853489719,-0.08532576210400478,0.11997956860883952,0.7114465032875075,0.5103913539578114,0.0440824865511058,0.28135593220338984,0.47280334728033474,0.0440824865511058,295,0.30186024699077696,0.698139753009223,0.30186024699077696
yeast,GSI_MLC_PA_Logistic,0.20,4,Operating Point,,0.11212133063559551,135,,0.9204208654416123,1.2117318435754192,0.09642857142857143,1400,0.24842916419679906,0.7925311203319502,0.6178428533200319,0.3766097190228678,-0.025044457617071747,0.18077993229992384,0.7674866627148784,0.5573896513227916,0.07957913455838767,0.25139664804469275,0.7261410788381742,0.07957913455838767,537,0.2526163258734504,0.7473836741265496,0.2526163258734504
yeast,GSI_MLC_PA_Logistic,0.20,5,Operating Point,,0.10707066677278462,186,,0.8941038427691405,1.2412987089259322,0.1314487632508834,1415,0.25306541507773544,0.7924611322968612,0.6191781296504089,0.3792770627236231,-0.024347315928424762,0.16183253064359876,0.7681138163684365,0.5411095933672219,0.10589615723085949,0.25761772853185594,0.7761806981519507,0.10589615723085949,722,0.2593503937007874,0.7406496062992126,0.2593503937007874
yeast,GSI_MLC_PA_Logistic,0.25,1,Operating Point,,0.10580247451478074,62,,0.9771723122238586,1.8834951456310682,0.04299583911234397,1442,0.2787555228276878,0.7876288659793814,0.6115940188105137,0.39508829339179663,-0.06067746686303377,0.10761898060893493,0.7269513991163477,0.5027072740007316,0.022827687776141383,0.4,0.28865979381443296,0.022827687776141383,155,0.2794272795779955,0.7205727204220045,0.2794272795779955
yeast,GSI_MLC_PA_Logistic,0.25,2,Operating Point,,0.1146863933004267,11,,0.9895434462444772,0.7285123483281963,0.007617728531855956,1444,0.28287923416789396,0.7873343151693667,0.6164503079966998,0.38623832949306075,-0.06759941089837995,0.11167071839439013,0.7197349042709867,0.4979090478874509,0.010456553755522827,0.15492957746478872,0.14432989690721648,0.010456553755522827,71,0.2832266706355112,0.7167733293644888,0.2832266706355112
yeast,GSI_MLC_PA_Logistic,0.25,3,Operating Point,,0.10429737826725957,79,,0.960400478182905,1.4668923418423976,0.05808823529411765,1360,0.2997982665869695,0.7967722653915122,0.6204251582912671,0.3904117853489719,-0.08667065152420805,0.11754788456882026,0.7101016138673042,0.5079596699177922,0.039599521817095036,0.2981132075471698,0.4330543933054393,0.039599521817095036,265,0.301851563715575,0.698148436284425,0.301851563715575
yeast,GSI_MLC_PA_Logistic,0.25,4,Operating Point,,0.11212133063559551,89,,0.9396858328393598,1.054004914004914,0.06357142857142857,1400,0.2600400118553646,0.7925311203319502,0.6178428533200319,0.3766097190228678,-0.03749259039715469,0.17134441685838153,0.7550385299347955,0.5479541358812493,0.06031416716064019,0.21867321867321868,0.6327800829875518,0.06031416716064019,407,0.2606844346317616,0.7393155653682384,0.2606844346317616
yeast,GSI_MLC_PA_Logistic,0.25,5,Operating Point,,0.10707066677278462,66,,0.9551188031680845,1.0392572576733874,0.046643109540636045,1415,0.2711205632150191,0.7924611322968612,0.6191781296504089,0.3792770627236231,-0.052361396303901464,0.12118127839958487,0.7400997359929598,0.500458341123208,0.04488119683191552,0.21568627450980393,0.5133470225872689,0.04488119683191552,306,0.27211302211302213,0.7278869778869779,0.27211302211302213
yeast,GSI_MLC_PA_Logistic,0.30,1,Operating Point,,0.10580247451478074,10,,0.9970544918998527,2.354368932038835,0.006934812760055479,1442,0.28512518409425625,0.7876288659793814,0.6115940188105137,0.39508829339179663,-0.07187039764359349,0.09693388488007976,0.7157584683357879,0.4920221782718764,0.0029455081001472753,0.5,0.03917525773195876,0.0029455081001472753,20,0.2850812407680945,0.7149187592319055,0.2850812407680945
yeast,GSI_MLC_PA_Logistic,0.30,2,Operating Point,,0.1146863933004267,3,,0.991899852724595,0.2564845127171997,0.002077562326869806,1444,0.28387334315169366,0.7873343151693667,0.6164503079966998,0.38623832949306075,-0.06877761413843886,0.1106300214138436,0.7185567010309278,0.49686835090690434,0.008100147275405008,0.05454545454545454,0.1134020618556701,0.008100147275405008,55,0.28374164810690417,0.7162583518930958,0.28374164810690417
yeast,GSI_MLC_PA_Logistic,0.30,3,Operating Point,,0.10429737826725957,14,,0.9913329348475792,1.1877281947261662,0.010294117647058823,1360,0.3022115959354453,0.7967722653915122,0.6204251582912671,0.3904117853489719,-0.09638374178123132,0.08863183651525208,0.7003885236102809,0.479043621864224,0.008667065152420802,0.2413793103448276,0.1192468619246862,0.008667065152420802,58,0.30223093156466685,0.6977690684353332,0.30223093156466685
yeast,GSI_MLC_PA_Logistic,0.30,4,Operating Point,,0.11212133063559551,20,,0.9811796087729697,0.7590551181102362,0.014285714285714285,1400,0.2697243627741553,0.7925311203319502,0.6178428533200319,0.3766097190228678,-0.05660936573799635,0.1334460575724583,0.7359217545939538,0.5100557765953261,0.01882039122703023,0.15748031496062992,0.26141078838174275,0.01882039122703023,127,0.26914363389216134,0.7308563661078387,0.26914363389216134
yeast,GSI_MLC_PA_Logistic,0.30,5,Operating Point,,0.10707066677278462,2,,0.9863596362569669,0.10362095824309434,0.0014134275618374558,1415,0.2792461132296861,0.7924611322968612,0.6191781296504089,0.3792770627236231,-0.06761513640363737,0.10656322933401097,0.7248459958932238,0.48584029205763407,0.013640363743033148,0.021505376344086023,0.19096509240246407,0.013640363743033148,93,0.27895910780669153,0.7210408921933085,0.27895910780669153
yeast,GSI_MLC_PA_Logistic,0.35,1,Operating Point,,0.10580247451478074,8,,0.9982326951399116,3.13915857605178,0.005547850208044383,1442,0.2851546391752577,0.7876288659793814,0.6115940188105137,0.39508829339179663,-0.07216494845360821,0.09625054044673537,0.7154639175257732,0.491338833838532,0.0017673048600883653,0.6666666666666666,0.02268041237113402,0.0017673048600883653,12,0.2850398347595161,0.7149601652404839,0.2850398347595161
yeast,GSI_MLC_PA_Logistic,0.35,2,Operating Point,,0.1146863933004267,3,,0.991899852724595,0.2564845127171997,0.002077562326869806,1444,0.2842783505154639,0.7873343151693667,0.6164503079966998,0.38623832949306075,-0.06877761413843886,0.1106300214138436,0.7185567010309278,0.49686835090690434,0.008100147275405008,0.05454545454545454,0.1134020618556701,0.008100147275405008,55,0.28374164810690417,0.7162583518930958,0.28374164810690417
yeast,GSI_MLC_PA_Logistic,0.35,3,Operating Point,,0.10429737826725957,14,,0.9913329348475792,1.1877281947261662,0.010294117647058823,1360,0.3026449491930664,0.7967722653915122,0.6204251582912671,0.3904117853489719,-0.09638374178123132,0.08863183651525208,0.7003885236102809,0.479043621864224,0.008667065152420802,0.2413793103448276,0.1192468619246862,0.008667065152420802,58,0.30223093156466685,0.6977690684353332,0.30223093156466685
yeast,GSI_MLC_PA_Logistic,0.35,4,Operating Point,,0.11212133063559551,4,,0.9903675163011263,0.2966153846153846,0.002857142857142857,1400,0.270413455838767,0.7925311203319502,0.6178428533200319,0.3766097190228678,-0.05957320687611134,0.12860838763416593,0.7329579134558388,0.5052181066570337,0.00963248369887374,0.06153846153846154,0.13485477178423236,0.00963248369887374,65,0.2696393835103995,0.7303606164896005,0.2696393835103995
yeast,GSI_MLC_PA_Logistic,0.35,5,Operating Point,,0.10707066677278462,2,,0.9863596362569669,0.10362095824309434,0.0014134275618374558,1415,0.2799281314168378,0.7924611322968612,0.6191781296504089,0.3792770627236231,-0.06761513640363737,0.10656322933401097,0.7248459958932238,0.48584029205763407,0.013640363743033148,0.021505376344086023,0.19096509240246407,0.013640363743033148,93,0.27895910780669153,0.7210408921933085,0.27895910780669153
yeast,GSI_MLC_PA_Logistic,0.40,1,Operating Point,,0.10580247451478074,2,,0.9997054491899853,4.70873786407767,0.0013869625520110957,1442,0.2855375552282769,0.7876288659793814,0.6115940188105137,0.39508829339179663,-0.07304860088365239,0.09414193476670113,0.714580265095729,0.48923022815849776,0.0002945508100147275,1.0,0.002061855670103093,0.0002945508100147275,2,0.2855038302887448,0.7144961697112552,0.2855038302887448
yeast,GSI_MLC_PA_Logistic,0.40,2,Operating Point,,0.1146863933004267,3,,0.991899852724595,0.2564845127171997,0.002077562326869806,1444,0.28468335787923416,0.7873343151693667,0.6164503079966998,0.38623832949306075,-0.06877761413843886,0.1106300214138436,0.7185567010309278,0.49686835090690434,0.008100147275405008,0.05454545454545454,0.1134020618556701,0.008100147275405008,55,0.28374164810690417,0.7162583518930958,0.28374164810690417
yeast,GSI_MLC_PA_Logistic,0.40,3,Operating Point,,0.10429737826725957,3,,0.999551703526599,4.920588235294117,0.0022058823529411764,1360,0.3020322773460849,0.7967722653915122,0.6204251582912671,0.3904117853489719,-0.09862522414823671,0.08481335534485457,0.6981470412432755,0.4752251406938265,0.00044829647340107593,1.0,0.0041841004184100415,0.00044829647340107593,3,0.30198833906413514,0.6980116609358649,0.30198833906413514
yeast,GSI_MLC_PA_Logistic,0.40,4,Operating Point,,0.11212133063559551,4,,0.9903675163011263,0.2966153846153846,0.002857142857142857,1400,0.2708950800237107,0.7925311203319502,0.6178428533200319,0.3766097190228678,-0.05957320687611134,0.12860838763416593,0.7329579134558388,0.5052181066570337,0.00963248369887374,0.06153846153846154,0.13485477178423236,0.00963248369887374,65,0.2696393835103995,0.7303606164896005,0.2696393835103995
yeast,GSI_MLC_PA_Logistic,0.40,5,Operating Point,,0.10707066677278462,2,,0.9863596362569669,0.10362095824309434,0.0014134275618374558,1415,0.2806101496039894,0.7924611322968612,0.6191781296504089,0.3792770627236231,-0.06761513640363737,0.10656322933401097,0.7248459958932238,0.48584029205763407,0.013640363743033148,0.021505376344086023,0.19096509240246407,0.013640363743033148,93,0.27895910780669153,0.7210408921933085,0.27895910780669153
yeast,GSI_MLC_PA_Logistic,0.50,1,Operating Point,,0.10580247451478074,0,,1.0,,0.0,1442,0.2857142857142857,0.7876288659793814,0.6115940188105137,0.39508829339179663,-0.07334315169366712,0.0939483173161168,0.7142857142857143,0.48903661070791343,0.0,,0.0,0.0,0,0.2857142857142857,0.7142857142857143,0.2857142857142857
yeast,GSI_MLC_PA_Logistic,0.50,2,Operating Point,,0.1146863933004267,0,,1.0,,0.0,1444,0.28188512518409425,0.7873343151693667,0.6164503079966998,0.38623832949306075,-0.06921944035346095,0.08205859284241496,0.7181148748159057,0.4682969223354757,0.0,,0.0,0.0,0,0.28188512518409425,0.7181148748159057,0.28188512518409425
yeast,GSI_MLC_PA_Logistic,0.50,3,Operating Point,,0.10429737826725957,0,,1.0,,0.0,1360,0.3023012552301255,0.7967722653915122,0.6204251582912671,0.3904117853489719,-0.09907352062163777,0.08452221473744942,0.6976987447698745,0.47493400008642134,0.0,,0.0,0.0,0,0.3023012552301255,0.6976987447698745,0.3023012552301255
yeast,GSI_MLC_PA_Logistic,0.50,4,Operating Point,,0.11212133063559551,0,,1.0,,0.0,1400,0.2676348547717842,0.7925311203319502,0.6178428533200319,0.3766097190228678,-0.06016597510373434,0.08098934001511832,0.7323651452282158,0.4575990590379861,0.0,,0.0,0.0,0,0.26763485477178417,0.7323651452282158,0.26763485477178417
yeast,GSI_MLC_PA_Logistic,0.50,5,Operating Point,,0.10707066677278462,0,,1.0,,0.0,1415,0.27544734526254033,0.7924611322968612,0.6191781296504089,0.3792770627236231,-0.06790847755940155,0.08751561028639193,0.7245526547374597,0.46679267301001504,0.0,,0.0,0.0,0,0.27544734526254033,0.7245526547374597,0.27544734526254033
yeast,MLC_PA_SVM,0.20,1,Operating Point,,0.09946884450923119,122,,0.9407952871870398,1.5174129353233832,0.0898379970544919,1358,0.29667157584683357,0.8,0.6003921279179011,0.3245912961869378,-0.08483063328424156,0.19128250719850592,0.7151693667157585,0.5158738033854438,0.059204712812960233,0.3034825870646766,0.5752577319587628,0.059204712812960233,402,0.3027551659361303,0.6972448340638697,0.3027551659361303
yeast,MLC_PA_SVM,0.20,2,Operating Point,,0.09790875068193047,127,,0.9422680412371134,1.6057090719499478,0.0927007299270073,1370,0.2841531664212077,0.7982326951399117,0.6017391772030948,0.3262694215574274,-0.07083946980854194,0.17650757486036067,0.7273932253313697,0.5027769964177881,0.0577319587628866,0.3239795918367347,0.5835051546391753,0.0577319587628866,392,0.28930915911222255,0.7106908408877775,0.28930915911222255
yeast,MLC_PA_SVM,0.20,3,Operating Point,,0.09828104481856424,45,,0.9705618649133293,1.1519438143363718,0.03391107761868877,1327,0.28248655110579796,0.8017035265989241,0.6066725812541712,0.32755703666674346,-0.07830245068738795,0.14410339729364186,0.7234010759115361,0.4716604339603853,0.02943813508667065,0.22842639593908629,0.33472803347280333,0.02943813508667065,197,0.2849884526558891,0.7150115473441109,0.2849884526558891
yeast,MLC_PA_SVM,0.20,4,Operating Point,,0.10166425208752276,62,,0.9676941315945465,1.4215970098538904,0.045925925925925926,1350,0.3161825726141079,0.7999407231772377,0.6037527018854819,0.3251970254060056,-0.10966212211025494,0.1696415571626888,0.6902786010669828,0.4948385825686944,0.03230586840545347,0.28440366972477066,0.3921161825726141,0.03230586840545347,218,0.3200612557427258,0.6799387442572742,0.3200612557427258
yeast,MLC_PA_SVM,0.20,5,Operating Point,,0.09820025761514938,85,,0.9517453798767967,1.3048069345941684,0.06296296296296296,1350,0.2723379290114403,0.8019947198591962,0.597150009470338,0.32637148296031065,-0.06468172484599588,0.16985605159495576,0.7373129950132004,0.4962275345552664,0.048254620123203286,0.25835866261398177,0.47638603696098564,0.048254620123203286,329,0.27600554785020803,0.723994452149792,0.27600554785020803
yeast,MLC_PA_SVM,0.25,1,Operating Point,,0.09946884450923119,86,,0.9547864506627394,1.4006514657980456,0.06332842415316642,1358,0.3048232695139912,0.8,0.6003921279179011,0.3245912961869378,-0.0935198821796761,0.18512186790886875,0.7064801178203239,0.5097131640958066,0.045213549337260676,0.28013029315960913,0.5092783505154639,0.045213549337260676,307,0.3074194045966374,0.6925805954033626,0.3074194045966374
yeast,MLC_PA_SVM,0.25,2,Operating Point,,0.09790875068193047,108,,0.9547864506627394,1.7435507263605887,0.07883211678832117,1370,0.2867083946980854,0.7982326951399117,0.6017391772030948,0.3262694215574274,-0.07363770250368196,0.17222329611180165,0.7245949926362297,0.49849271766922904,0.045213549337260676,0.3517915309446254,0.49896907216494846,0.045213549337260676,307,0.28844670677155637,0.7115532932284436,0.28844670677155637
yeast,MLC_PA_SVM,0.25,3,Operating Point,,0.09828104481856424,41,,0.9738493723849372,1.1814920874152224,0.03089675960813866,1327,0.28373430962343094,0.8017035265989241,0.6066725812541712,0.32755703666674346,-0.07890017931858928,0.14333646675770972,0.7228033472803348,0.4708935034244532,0.02615062761506276,0.2342857142857143,0.303347280334728,0.02615062761506276,175,0.284640171858217,0.715359828141783,0.284640171858217
yeast,MLC_PA_SVM,0.25,4,Operating Point,,0.10166425208752276,35,,0.9796976882039122,1.276993782103271,0.025925925925925925,1350,0.3192427385892116,0.7999407231772377,0.6037527018854819,0.3251970254060056,-0.11410788381742742,0.16473074116164726,0.6858328393598103,0.48992776656765286,0.02030231179608773,0.25547445255474455,0.26141078838174275,0.02030231179608773,137,0.3206776584480411,0.6793223415519589,0.3206776584480411
yeast,MLC_PA_SVM,0.25,5,Operating Point,,0.09820025761514938,70,,0.9634790261073629,1.4197828350438793,0.05185185185185185,1350,0.2781240833088882,0.8019947198591962,0.597150009470338,0.32637148296031065,-0.07098855969492524,0.1639167322224947,0.731006160164271,0.49028821518280535,0.036520973892637136,0.28112449799196787,0.4106776180698152,0.036520973892637136,249,0.27919013548485316,0.7208098645151468,0.27919013548485316
yeast,MLC_PA_SVM,0.30,1,Operating Point,,0.09946884450923119,20,,0.9904270986745214,1.5384615384615383,0.014727540500736377,1358,0.3061119293078056,0.8,0.6003921279179011,0.3245912961869378,-0.10324005891016208,0.1614889799516444,0.696759941089838,0.48608027613858223,0.009572901325478646,0.3076923076923077,0.13402061855670103,0.009572901325478646,65,0.3061710037174721,0.6938289962825279,0.3061710037174721
yeast,MLC_PA_SVM,0.30,2,Operating Point,,0.09790875068193047,29,,0.9874815905743741,1.6909403177329325,0.021167883211678833,1370,0.293740795287187,0.7982326951399117,0.6017391772030948,0.3262694215574274,-0.08821796759941103,0.15013759973595048,0.7100147275405007,0.47640702129337786,0.012518409425625921,0.3411764705882353,0.1731958762886598,0.012518409425625921,85,0.2936614466815809,0.7063385533184191,0.2936614466815809
yeast,MLC_PA_SVM,0.30,3,Operating Point,,0.09828104481856424,7,,0.9935744172145846,0.8209460051523808,0.0052750565184626974,1327,0.2842050209205021,0.8017035265989241,0.6066725812541712,0.32755703666674346,-0.08398087268380161,0.13480125681312732,0.7177226539151225,0.4623582934798708,0.006425582785415421,0.16279069767441862,0.0899581589958159,0.006425582785415421,43,0.28410287261242284,0.7158971273875772,0.28410287261242284
yeast,MLC_PA_SVM,0.30,4,Operating Point,,0.10166425208752276,22,,0.9862181387077653,1.1824452409398645,0.016296296296296295,1350,0.3202282157676348,0.7999407231772377,0.6037527018854819,0.3251970254060056,-0.11603438055720217,0.1616233486899516,0.6839063426200356,0.4868203740959572,0.013781861292234736,0.23655913978494625,0.19294605809128632,0.013781861292234736,93,0.3205108940646131,0.6794891059353869,0.3205108940646131
yeast,MLC_PA_SVM,0.30,5,Operating Point,,0.09820025761514938,54,,0.9747726606042828,1.5855813953488371,0.04,1350,0.2789087709005573,0.8019947198591962,0.597150009470338,0.32637148296031065,-0.07333528894103847,0.15859110693291228,0.7286594309181578,0.48496258989322294,0.02522733939571722,0.313953488372093,0.2936344969199179,0.02522733939571722,172,0.2783629250677099,0.7216370749322901,0.2783629250677099
yeast,MLC_PA_SVM,0.35,1,Operating Point,,0.09946884450923119,18,,0.9910162002945508,1.4754098360655739,0.013254786450662739,1358,0.3066789396170839,0.8,0.6003921279179011,0.3245912961869378,-0.1035346097201768,0.16087948944111446,0.6964653902798232,0.4854707856280523,0.00898379970544919,0.29508196721311475,0.12577319587628866,0.00898379970544919,61,0.3062862238074008,0.6937137761925992,0.3062862238074008
yeast,MLC_PA_SVM,0.35,2,Operating Point,,0.09790875068193047,2,,0.9997054491899853,4.956204379562044,0.00145985401459854,1370,0.2940648011782033,0.7982326951399117,0.6017391772030948,0.3262694215574274,-0.09219440353460984,0.14350382349568003,0.7060382916053018,0.4697732450531074,0.0002945508100147275,1.0,0.002061855670103093,0.0002945508100147275,2,0.2940483205657042,0.7059516794342958,0.2940483205657042
yeast,MLC_PA_SVM,0.35,3,Operating Point,,0.09828104481856424,0,,1.0,,0.0,1327,0.2836222355050807,0.8017035265989241,0.6066725812541712,0.32755703666674346,-0.08532576210400478,0.13255927806108148,0.7163777644949193,0.46011631472782494,0.0,,0.0,0.0,0,0.2836222355050807,0.7163777644949193,0.2836222355050807
yeast,MLC_PA_SVM,0.35,4,Operating Point,,0.10166425208752276,0,,1.0,,0.0,1350,0.3266152934202727,0.7999407231772377,0.6037527018854819,0.3251970254060056,-0.12655601659751037,0.15217694884477095,0.6733847065797274,0.47737397425077654,0.0,,0.0,0.0,0,0.3266152934202726,0.6733847065797274,0.3266152934202726
yeast,MLC_PA_SVM,0.35,5,Operating Point,,0.09820025761514938,0,,1.0,,0.0,1350,0.2860076268700499,0.8019947198591962,0.597150009470338,0.32637148296031065,-0.08800234672924612,0.14379379507512435,0.7139923731299501,0.470165278035435,0.0,,0.0,0.0,0,0.2860076268700499,0.7139923731299501,0.2860076268700499
yeast,MLC_PA_SVM,0.40,1,Operating Point,,0.09946884450923119,0,,1.0,,0.0,1358,0.3069219440353461,0.8,0.6003921279179011,0.3245912961869378,-0.10692194403534616,0.15489840479353462,0.6930780559646539,0.47948970098047244,0.0,,0.0,0.0,0,0.3069219440353461,0.6930780559646539,0.3069219440353461
yeast,MLC_PA_SVM,0.40,2,Operating Point,,0.09790875068193047,2,,0.9997054491899853,4.956204379562044,0.00145985401459854,1370,0.29407952871870396,0.7982326951399117,0.6017391772030948,0.3262694215574274,-0.09219440353460984,0.14350382349568003,0.7060382916053018,0.4697732450531074,0.0002945508100147275,1.0,0.002061855670103093,0.0002945508100147275,2,0.2940483205657042,0.7059516794342958,0.2940483205657042
yeast,MLC_PA_SVM,0.40,3,Operating Point,,0.09828104481856424,0,,1.0,,0.0,1327,0.2836222355050807,0.8017035265989241,0.6066725812541712,0.32755703666674346,-0.08532576210400478,0.13255927806108148,0.7163777644949193,0.46011631472782494,0.0,,0.0,0.0,0,0.2836222355050807,0.7163777644949193,0.2836222355050807
yeast,MLC_PA_SVM,0.40,4,Operating Point,,0.10166425208752276,0,,1.0,,0.0,1350,0.3266152934202727,0.7999407231772377,0.6037527018854819,0.3251970254060056,-0.12655601659751037,0.15217694884477095,0.6733847065797274,0.47737397425077654,0.0,,0.0,0.0,0,0.3266152934202726,0.6733847065797274,0.3266152934202726
yeast,MLC_PA_SVM,0.40,5,Operating Point,,0.09820025761514938,0,,1.0,,0.0,1350,0.2860076268700499,0.8019947198591962,0.597150009470338,0.32637148296031065,-0.08800234672924612,0.14379379507512435,0.7139923731299501,0.470165278035435,0.0,,0.0,0.0,0,0.2860076268700499,0.7139923731299501,0.2860076268700499
yeast,MLC_PA_SVM,0.50,1,Operating Point,,0.09946884450923119,0,,1.0,,0.0,1358,0.3069219440353461,0.8,0.6003921279179011,0.3245912961869378,-0.10692194403534616,0.15489840479353462,0.6930780559646539,0.47948970098047244,0.0,,0.0,0.0,0,0.3069219440353461,0.6930780559646539,0.3069219440353461
yeast,MLC_PA_SVM,0.50,2,Operating Point,,0.09790875068193047,0,,1.0,,0.0,1370,0.2942562592047128,0.7982326951399117,0.6017391772030948,0.3262694215574274,-0.09248895434462456,0.14331066781777924,0.7057437407952871,0.4695800893752066,0.0,,0.0,0.0,0,0.2942562592047129,0.7057437407952871,0.2942562592047129
yeast,MLC_PA_SVM,0.50,3,Operating Point,,0.09828104481856424,0,,1.0,,0.0,1327,0.2836222355050807,0.8017035265989241,0.6066725812541712,0.32755703666674346,-0.08532576210400478,0.13255927806108148,0.7163777644949193,0.46011631472782494,0.0,,0.0,0.0,0,0.2836222355050807,0.7163777644949193,0.2836222355050807
yeast,MLC_PA_SVM,0.50,4,Operating Point,,0.10166425208752276,0,,1.0,,0.0,1350,0.3266152934202727,0.7999407231772377,0.6037527018854819,0.3251970254060056,-0.12655601659751037,0.15217694884477095,0.6733847065797274,0.47737397425077654,0.0,,0.0,0.0,0,0.3266152934202726,0.6733847065797274,0.3266152934202726
yeast,MLC_PA_SVM,0.50,5,Operating Point,,0.09820025761514938,0,,1.0,,0.0,1350,0.2860076268700499,0.8019947198591962,0.597150009470338,0.32637148296031065,-0.08800234672924612,0.14379379507512435,0.7139923731299501,0.470165278035435,0.0,,0.0,0.0,0,0.2860076268700499,0.7139923731299501,0.2860076268700499
yeast,GSI_MLC_PA_SVM,0.20,1,Operating Point,,0.11337536794724551,48,,0.9812960235640648,1.8123582009875885,0.03389830508474576,1416,0.2925478645066274,0.7914580265095729,0.6082127608931732,0.36095307829651857,-0.08026509572901319,0.09891146860302624,0.7111929307805597,0.4598645468995448,0.0187039764359352,0.3779527559055118,0.2329896907216495,0.0187039764359352,127,0.29431187152934113,0.7056881284706589,0.29431187152934113
yeast,GSI_MLC_PA_SVM,0.20,2,Operating Point,,0.1267922783848925,52,,0.9699558173784978,1.2094928817089379,0.0363382250174703,1431,0.3275110456553756,0.7892488954344624,0.6127571969840011,0.36530880556873535,-0.1107511045655375,0.11085700247780977,0.6784977908689249,0.4761658080465451,0.03004418262150221,0.2549019607843137,0.36082474226804123,0.03004418262150221,204,0.3314606741573034,0.6685393258426966,0.3314606741573034
yeast,GSI_MLC_PA_SVM,0.20,3,Operating Point,,0.1110737718963224,68,,0.9675732217573222,1.5499129771356366,0.05025868440502587,1353,0.29070531978481773,0.7978182904961147,0.6298146762581909,0.3628443418500758,-0.08203825463239689,0.1302764642814513,0.7157800358637179,0.4931208061315271,0.032426778242677826,0.31336405529953915,0.37656903765690375,0.032426778242677826,217,0.2937451737451737,0.7062548262548263,0.2937451737451737
yeast,GSI_MLC_PA_SVM,0.20,4,Operating Point,,0.11072216322065598,102,,0.9387966804979253,1.1998389281399862,0.0734341252699784,1389,0.28076467101363367,0.7941612329579135,0.6087959182357523,0.36086533276712046,-0.06268524007113219,0.17287347782951218,0.7314759928867813,0.5337388105966326,0.061203319502074686,0.2469733656174334,0.6182572614107884,0.061203319502074686,413,0.28602999210734015,0.7139700078926599,0.28602999210734015
yeast,GSI_MLC_PA_SVM,0.20,5,Operating Point,,0.109401014843341,118,,0.9213845702552068,1.086877343910426,0.08544532947139753,1381,0.2555294807861543,0.7974479319448519,0.6132896649323752,0.36445292658952455,-0.03725432678204754,0.14936923983439532,0.7601936051628043,0.5138221664239199,0.0786154297447932,0.22014925373134328,0.6632443531827515,0.0786154297447932,536,0.26026743075453673,0.7397325692454633,0.26026743075453673
yeast,GSI_MLC_PA_SVM,0.25,1,Operating Point,,0.11337536794724551,47,,0.9817378497790868,1.817534627300893,0.033192090395480225,1416,0.293519882179676,0.7914580265095729,0.6082127608931732,0.36095307829651857,-0.08041237113402055,0.09849898800186635,0.7110456553755523,0.4594520662983849,0.01826215022091311,0.3790322580645161,0.2268041237113402,0.01826215022091311,124,0.2943294329432944,0.7056705670567056,0.2943294329432944
yeast,GSI_MLC_PA_SVM,0.25,2,Operating Point,,0.1267922783848925,17,,0.987039764359352,0.9166349024839591,0.011879804332634521,1431,0.33343151693667156,0.7892488954344624,0.6127571969840011,0.36530880556873535,-0.11944035346097193,0.10306725505384906,0.6698085419734905,0.4683760606225844,0.012960235640648013,0.19318181818181818,0.1731958762886598,0.012960235640648013,88,0.3345270068636228,0.6654729931363772,0.3345270068636228
yeast,GSI_MLC_PA_SVM,0.25,3,Operating Point,,0.1110737718963224,47,,0.9787806335923491,1.6370715051580733,0.03473762010347376,1353,0.2926628810520024,0.7978182904961147,0.6298146762581909,0.3628443418500758,-0.08517632994620439,0.12576204149058717,0.7126419605499104,0.488606383340663,0.021219366407650927,0.33098591549295775,0.25523012552301255,0.021219366407650927,142,0.29358778625954196,0.706412213740458,0.29358778625954196
yeast,GSI_MLC_PA_SVM,0.25,4,Operating Point,,0.11072216322065598,58,,0.9625074096028453,1.1137309805729376,0.04175665946724262,1389,0.2875296384113811,0.7941612329579135,0.6087959182357523,0.36086533276712046,-0.072317723770006,0.15159586070125047,0.7218435091879075,0.5124611934683709,0.03749259039715471,0.22924901185770752,0.44813278008298757,0.03749259039715471,253,0.28899153194765204,0.711008468052348,0.28899153194765204
yeast,GSI_MLC_PA_SVM,0.25,5,Operating Point,,0.109401014843341,95,,0.9354649457318862,1.0659436508458955,0.06879073135409124,1381,0.26312701672044586,0.7974479319448519,0.6132896649323752,0.36445292658952455,-0.04444118509826922,0.13767392942988177,0.7530067468465826,0.5021268560194063,0.06453505426811382,0.2159090909090909,0.6016427104722792,0.06453505426811382,440,0.2640326121041079,0.7359673878958921,0.2640326121041079
yeast,GSI_MLC_PA_SVM,0.30,1,Operating Point,,0.11337536794724551,0,,1.0,,0.0,1416,0.2960235640648012,0.7914580265095729,0.6082127608931732,0.36095307829651857,-0.0874815905743741,0.08656610702105505,0.7039764359351988,0.4475191853175736,0.0,,0.0,0.0,0,0.29602356406480124,0.7039764359351988,0.29602356406480124
yeast,GSI_MLC_PA_SVM,0.30,2,Operating Point,,0.1267922783848925,12,,0.990279823269514,0.8627152023378439,0.008385744234800839,1431,0.3356111929307805,0.7892488954344624,0.6127571969840011,0.36530880556873535,-0.1219440353460971,0.10095684256718596,0.6673048600883653,0.4662656481359213,0.009720176730486009,0.18181818181818182,0.1360824742268041,0.009720176730486009,66,0.3359607376561571,0.6640392623438429,0.3359607376561571
yeast,GSI_MLC_PA_SVM,0.30,3,Operating Point,,0.1110737718963224,12,,0.9947698744769874,1.6957871396895787,0.008869179600886918,1353,0.2974447101016139,0.7978182904961147,0.6298146762581909,0.3628443418500758,-0.09369396294082477,0.11713049013225646,0.70412432755529,0.47997483198233226,0.005230125523012552,0.34285714285714286,0.07322175732217573,0.005230125523012552,35,0.2974312753492564,0.7025687246507436,0.2974312753492564
yeast,GSI_MLC_PA_SVM,0.30,4,Operating Point,,0.11072216322065598,1,,0.9985180794309425,0.48581713462922965,0.0007199424046076314,1389,0.2969768820391227,0.7941612329579135,0.6087959182357523,0.36086533276712046,-0.09069353882631903,0.1066899036704157,0.7034676941315945,0.46755523643753616,0.0014819205690574985,0.1,0.02074688796680498,0.0014819205690574985,10,0.2969723953695458,0.7030276046304542,0.2969723953695458
yeast,GSI_MLC_PA_SVM,0.30,5,Operating Point,,0.109401014843341,13,,0.9793194485186272,0.4551845974496845,0.00941346850108617,1381,0.27417131123496624,0.7974479319448519,0.6132896649323752,0.36445292658952455,-0.06541507773540622,0.10881561481748359,0.7320328542094456,0.47326854140700814,0.020680551481372836,0.09219858156028368,0.2731006160164271,0.020680551481372836,141,0.27362587988617637,0.7263741201138236,0.27362587988617637
yeast,GSI_MLC_PA_SVM,0.35,1,Operating Point,,0.11337536794724551,0,,1.0,,0.0,1416,0.2960235640648012,0.7914580265095729,0.6082127608931732,0.36095307829651857,-0.0874815905743741,0.08656610702105505,0.7039764359351988,0.4475191853175736,0.0,,0.0,0.0,0,0.29602356406480124,0.7039764359351988,0.29602356406480124
yeast,GSI_MLC_PA_SVM,0.35,2,Operating Point,,0.1267922783848925,0,,1.0,,0.0,1431,0.33961708394698087,0.7892488954344624,0.6127571969840011,0.36530880556873535,-0.12886597938144329,0.09247688322017455,0.6603829160530191,0.4577856887889099,0.0,,0.0,0.0,0,0.33961708394698087,0.6603829160530191,0.33961708394698087
yeast,GSI_MLC_PA_SVM,0.35,3,Operating Point,,0.1110737718963224,12,,0.9947698744769874,1.6957871396895787,0.008869179600886918,1353,0.2977062163777645,0.7978182904961147,0.6298146762581909,0.3628443418500758,-0.09369396294082477,0.11713049013225646,0.70412432755529,0.47997483198233226,0.005230125523012552,0.34285714285714286,0.07322175732217573,0.005230125523012552,35,0.2974312753492564,0.7025687246507436,0.2974312753492564
yeast,GSI_MLC_PA_SVM,0.35,4,Operating Point,,0.11072216322065598,1,,0.9985180794309425,0.48581713462922965,0.0007199424046076314,1389,0.2970509780675756,0.7941612329579135,0.6087959182357523,0.36086533276712046,-0.09069353882631903,0.1066899036704157,0.7034676941315945,0.46755523643753616,0.0014819205690574985,0.1,0.02074688796680498,0.0014819205690574985,10,0.2969723953695458,0.7030276046304542,0.2969723953695458
yeast,GSI_MLC_PA_SVM,0.35,5,Operating Point,,0.109401014843341,1,,0.992519800528014,0.09680396416350753,0.000724112961622013,1381,0.27967879143443825,0.7974479319448519,0.6132896649323752,0.36445292658952455,-0.07450865356409497,0.10063249359088416,0.7229392783807569,0.4650854201804087,0.00748019947198592,0.0196078431372549,0.10472279260780287,0.00748019947198592,51,0.2791488104034284,0.7208511895965716,0.2791488104034284
yeast,GSI_MLC_PA_SVM,0.40,1,Operating Point,,0.11337536794724551,0,,1.0,,0.0,1416,0.2960235640648012,0.7914580265095729,0.6082127608931732,0.36095307829651857,-0.0874815905743741,0.08656610702105505,0.7039764359351988,0.4475191853175736,0.0,,0.0,0.0,0,0.29602356406480124,0.7039764359351988,0.29602356406480124
yeast,GSI_MLC_PA_SVM,0.40,2,Operating Point,,0.1267922783848925,0,,1.0,,0.0,1431,0.33961708394698087,0.7892488954344624,0.6127571969840011,0.36530880556873535,-0.12886597938144329,0.09247688322017455,0.6603829160530191,0.4577856887889099,0.0,,0.0,0.0,0,0.33961708394698087,0.6603829160530191,0.33961708394698087
yeast,GSI_MLC_PA_SVM,0.40,3,Operating Point,,0.1110737718963224,0,,1.0,,0.0,1353,0.29931261207411836,0.7978182904961147,0.6298146762581909,0.3628443418500758,-0.09713090257023305,0.11239985068613134,0.7006873879258817,0.47524419253620714,0.0,,0.0,0.0,0,0.2993126120741183,0.7006873879258817,0.2993126120741183
yeast,GSI_MLC_PA_SVM,0.40,4,Operating Point,,0.11072216322065598,1,,0.9985180794309425,0.48581713462922965,0.0007199424046076314,1389,0.29712507409602845,0.7941612329579135,0.6087959182357523,0.36086533276712046,-0.09069353882631903,0.1066899036704157,0.7034676941315945,0.46755523643753616,0.0014819205690574985,0.1,0.02074688796680498,0.0014819205690574985,10,0.2969723953695458,0.7030276046304542,0.2969723953695458
yeast,GSI_MLC_PA_SVM,0.40,5,Operating Point,,0.109401014843341,1,,0.992519800528014,0.09680396416350753,0.000724112961622013,1381,0.28005280140803757,0.7974479319448519,0.6132896649323752,0.36445292658952455,-0.07450865356409497,0.10063249359088416,0.7229392783807569,0.4650854201804087,0.00748019947198592,0.0196078431372549,0.10472279260780287,0.00748019947198592,51,0.2791488104034284,0.7208511895965716,0.2791488104034284
yeast,GSI_MLC_PA_SVM,0.50,1,Operating Point,,0.11337536794724551,0,,1.0,,0.0,1416,0.2960235640648012,0.7914580265095729,0.6082127608931732,0.36095307829651857,-0.0874815905743741,0.08656610702105505,0.7039764359351988,0.4475191853175736,0.0,,0.0,0.0,0,0.29602356406480124,0.7039764359351988,0.29602356406480124
yeast,GSI_MLC_PA_SVM,0.50,2,Operating Point,,0.1267922783848925,0,,1.0,,0.0,1431,0.33961708394698087,0.7892488954344624,0.6127571969840011,0.36530880556873535,-0.12886597938144329,0.09247688322017455,0.6603829160530191,0.4577856887889099,0.0,,0.0,0.0,0,0.33961708394698087,0.6603829160530191,0.33961708394698087
yeast,GSI_MLC_PA_SVM,0.50,3,Operating Point,,0.1110737718963224,0,,1.0,,0.0,1353,0.29931261207411836,0.7978182904961147,0.6298146762581909,0.3628443418500758,-0.09713090257023305,0.11239985068613134,0.7006873879258817,0.47524419253620714,0.0,,0.0,0.0,0,0.2993126120741183,0.7006873879258817,0.2993126120741183
yeast,GSI_MLC_PA_SVM,0.50,4,Operating Point,,0.11072216322065598,0,,1.0,,0.0,1389,0.2966804979253112,0.7941612329579135,0.6087959182357523,0.36086533276712046,-0.09084173088322478,0.0937028906834027,0.7033195020746887,0.45456822345052317,0.0,,0.0,0.0,0,0.29668049792531126,0.7033195020746887,0.29668049792531126
yeast,GSI_MLC_PA_SVM,0.50,5,Operating Point,,0.109401014843341,0,,1.0,,0.0,1381,0.28439425051334705,0.7974479319448519,0.6132896649323752,0.36445292658952455,-0.08184218245819885,0.09386842432681486,0.715605749486653,0.4583213509163394,0.0,,0.0,0.0,0,0.284394250513347,0.715605749486653,0.284394250513347
yeast,MLC_PA_MLP,0.20,1,Operating Point,,0.11871167746752213,28,,0.9874815905743741,1.525720247171174,0.019099590723055934,1466,0.3198821796759941,0.7840942562592047,0.5577955950120899,0.27991835720306296,-0.10147275405007361,0.19065062164722812,0.6826215022091311,0.4705689788502911,0.012518409425625921,0.32941176470588235,0.1711340206185567,0.012518409425625921,85,0.3214019388516033,0.6785980611483967,0.3214019388516033
yeast,MLC_PA_MLP,0.20,2,Operating Point,,0.11875138405509165,30,,0.98659793814433,1.5186306231082352,0.0203527815468114,1474,0.32668630338733434,0.7829160530191458,0.5567743024444056,0.27640417044420873,-0.10692194403534605,0.17185753582368185,0.6759941089837997,0.4482617062678906,0.013402061855670102,0.32967032967032966,0.18762886597938144,0.013402061855670102,91,0.32840722495894914,0.6715927750410509,0.32840722495894914
yeast,MLC_PA_MLP,0.20,3,Operating Point,,0.11864193600962658,62,,0.968320382546324,1.394935381056765,0.044191019244476125,1403,0.30415421398685,0.7903466826060969,0.5695126932574631,0.2878319324111546,-0.08816497310221161,0.17268666214789147,0.7021817095038853,0.4605185945590461,0.031679617453676034,0.29245283018867924,0.37447698744769875,0.031679617453676034,212,0.3075617283950618,0.6924382716049382,0.3075617283950618
yeast,MLC_PA_MLP,0.20,4,Operating Point,,0.12079400297980375,51,,0.970954356846473,1.2417660133360275,0.03606789250353607,1414,0.36858328393598105,0.7904564315352697,0.5657373976876051,0.28933060316860393,-0.15323058684054536,0.18825686634462668,0.6372258446947243,0.4775874695132306,0.029045643153526972,0.2602040816326531,0.35269709543568467,0.029045643153526972,196,0.37362637362637363,0.6263736263736264,0.37362637362637363
yeast,MLC_PA_MLP,0.20,5,Operating Point,,0.12228275793803987,72,,0.9628923437958345,1.339061694449218,0.049689440993788817,1449,0.27304194778527424,0.7874743326488707,0.5589101635302867,0.2872054601748592,-0.05309474919331181,0.1711287914243364,0.7343795834555589,0.4583342515991956,0.037107656204165444,0.2845849802371542,0.4024640657084189,0.037107656204165444,253,0.2758568164508759,0.7241431835491241,0.2758568164508759
yeast,MLC_PA_MLP,0.25,1,Operating Point,,0.11871167746752213,4,,0.9980854197349043,1.4251233077972505,0.002728512960436562,1466,0.3213917525773196,0.7840942562592047,0.5577955950120899,0.27991835720306296,-0.10500736377025033,0.18388023997740954,0.6790868924889544,0.4637985971804725,0.001914580265095729,0.3076923076923077,0.026804123711340205,0.001914580265095729,13,0.32152870001475575,0.6784712999852442,0.32152870001475575
yeast,MLC_PA_MLP,0.25,2,Operating Point,,0.11875138405509165,30,,0.98659793814433,1.5186306231082352,0.0203527815468114,1474,0.3273564064801178,0.7829160530191458,0.5567743024444056,0.27640417044420873,-0.10692194403534605,0.17185753582368185,0.6759941089837997,0.4482617062678906,0.013402061855670102,0.32967032967032966,0.18762886597938144,0.013402061855670102,91,0.32840722495894914,0.6715927750410509,0.32840722495894914
yeast,MLC_PA_MLP,0.25,3,Operating Point,,0.11864193600962658,32,,0.9855050806933652,1.573535355019803,0.022808267997148968,1403,0.30966078900179317,0.7903466826060969,0.5695126932574631,0.2878319324111546,-0.09638374178123132,0.16300131485696423,0.6939629408248655,0.45083324726811885,0.014494919306634787,0.32989690721649484,0.20292887029288703,0.014494919306634787,97,0.310538286580743,0.689461713419257,0.310538286580743
yeast,MLC_PA_MLP,0.25,4,Operating Point,,0.12079400297980375,1,,0.9991108476585655,0.7953795379537955,0.0007072135785007072,1414,0.3819650266745702,0.7904564315352697,0.5657373976876051,0.28933060316860393,-0.17219917012448127,0.1720589533296183,0.6182572614107884,0.4613895564982222,0.0008891523414344991,0.16666666666666666,0.012448132780082987,0.0008891523414344991,6,0.38208246811035296,0.617917531889647,0.38208246811035296
yeast,MLC_PA_MLP,0.25,5,Operating Point,,0.12228275793803987,24,,0.9872396597242593,1.298017657837748,0.016563146997929608,1449,0.28553094749193314,0.7874743326488707,0.5589101635302867,0.2872054601748592,-0.06981519507186862,0.15645893058385568,0.7176591375770021,0.4436643907587149,0.012760340275740686,0.27586206896551724,0.17864476386036962,0.012760340275740686,87,0.2859901946218987,0.7140098053781013,0.2859901946218987
yeast,MLC_PA_MLP,0.30,1,Operating Point,,0.11871167746752213,0,,1.0,,0.0,1466,0.32150220913107513,0.7840942562592047,0.5577955950120899,0.27991835720306296,-0.10559646539027978,0.18221903495486003,0.6784977908689249,0.462137392157923,0.0,,0.0,0.0,0,0.3215022091310751,0.6784977908689249,0.3215022091310751
yeast,MLC_PA_MLP,0.30,2,Operating Point,,0.11875138405509165,21,,0.9901325478645067,1.4438323983879786,0.014246947082767978,1474,0.3287334315169367,0.7829160530191458,0.5567743024444056,0.27640417044420873,-0.10868924889543441,0.16983325205729188,0.6742268041237114,0.4462374225015006,0.009867452135493372,0.31343283582089554,0.13814432989690723,0.009867452135493372,67,0.32901978283504385,0.6709802171649561,0.32901978283504385
yeast,MLC_PA_MLP,0.30,3,Operating Point,,0.11864193600962658,0,,1.0,,0.0,1403,0.3157501494321578,0.7903466826060969,0.5695126932574631,0.2878319324111546,-0.1060968320382546,0.15463994951032134,0.6842498505678423,0.44247188192147596,0.0,,0.0,0.0,0,0.31575014943215773,0.6842498505678423,0.31575014943215773
yeast,MLC_PA_MLP,0.30,4,Operating Point,,0.12079400297980375,0,,1.0,,0.0,1414,0.38189093064611734,0.7904564315352697,0.5657373976876051,0.28933060316860393,-0.17234736218138702,0.17118966601737795,0.6181090693538827,0.4605202691859819,0.0,,0.0,0.0,0,0.38189093064611734,0.6181090693538827,0.38189093064611734
yeast,MLC_PA_MLP,0.30,5,Operating Point,,0.12228275793803987,0,,1.0,,0.0,1449,0.2858609562921678,0.7874743326488707,0.5589101635302867,0.2872054601748592,-0.07333528894103847,0.14717959384916185,0.7141390437078322,0.43438505402402106,0.0,,0.0,0.0,0,0.2858609562921678,0.7141390437078322,0.2858609562921678
yeast,MLC_PA_MLP,0.35,1,Operating Point,,0.11871167746752213,0,,1.0,,0.0,1466,0.32150220913107513,0.7840942562592047,0.5577955950120899,0.27991835720306296,-0.10559646539027978,0.18221903495486003,0.6784977908689249,0.462137392157923,0.0,,0.0,0.0,0,0.3215022091310751,0.6784977908689249,0.3215022091310751
yeast,MLC_PA_MLP,0.35,2,Operating Point,,0.11875138405509165,0,,1.0,,0.0,1474,0.3319587628865979,0.7829160530191458,0.5567743024444056,0.27640417044420873,-0.11487481590574367,0.16376430252055618,0.6680412371134021,0.4401684729647649,0.0,,0.0,0.0,0,0.33195876288659787,0.6680412371134021,0.33195876288659787
yeast,MLC_PA_MLP,0.35,3,Operating Point,,0.11864193600962658,0,,1.0,,0.0,1403,0.3157501494321578,0.7903466826060969,0.5695126932574631,0.2878319324111546,-0.1060968320382546,0.15463994951032134,0.6842498505678423,0.44247188192147596,0.0,,0.0,0.0,0,0.31575014943215773,0.6842498505678423,0.31575014943215773
yeast,MLC_PA_MLP,0.35,4,Operating Point,,0.12079400297980375,0,,1.0,,0.0,1414,0.38189093064611734,0.7904564315352697,0.5657373976876051,0.28933060316860393,-0.17234736218138702,0.17118966601737795,0.6181090693538827,0.4605202691859819,0.0,,0.0,0.0,0,0.38189093064611734,0.6181090693538827,0.38189093064611734
yeast,MLC_PA_MLP,0.35,5,Operating Point,,0.12228275793803987,0,,1.0,,0.0,1449,0.2858609562921678,0.7874743326488707,0.5589101635302867,0.2872054601748592,-0.07333528894103847,0.14717959384916185,0.7141390437078322,0.43438505402402106,0.0,,0.0,0.0,0,0.2858609562921678,0.7141390437078322,0.2858609562921678
yeast,MLC_PA_MLP,0.40,1,Operating Point,,0.11871167746752213,0,,1.0,,0.0,1466,0.32150220913107513,0.7840942562592047,0.5577955950120899,0.27991835720306296,-0.10559646539027978,0.18221903495486003,0.6784977908689249,0.462137392157923,0.0,,0.0,0.0,0,0.3215022091310751,0.6784977908689249,0.3215022091310751
yeast,MLC_PA_MLP,0.40,2,Operating Point,,0.11875138405509165,0,,1.0,,0.0,1474,0.3319587628865979,0.7829160530191458,0.5567743024444056,0.27640417044420873,-0.11487481590574367,0.16376430252055618,0.6680412371134021,0.4401684729647649,0.0,,0.0,0.0,0,0.33195876288659787,0.6680412371134021,0.33195876288659787
yeast,MLC_PA_MLP,0.40,3,Operating Point,,0.11864193600962658,0,,1.0,,0.0,1403,0.3157501494321578,0.7903466826060969,0.5695126932574631,0.2878319324111546,-0.1060968320382546,0.15463994951032134,0.6842498505678423,0.44247188192147596,0.0,,0.0,0.0,0,0.31575014943215773,0.6842498505678423,0.31575014943215773
yeast,MLC_PA_MLP,0.40,4,Operating Point,,0.12079400297980375,0,,1.0,,0.0,1414,0.38189093064611734,0.7904564315352697,0.5657373976876051,0.28933060316860393,-0.17234736218138702,0.17118966601737795,0.6181090693538827,0.4605202691859819,0.0,,0.0,0.0,0,0.38189093064611734,0.6181090693538827,0.38189093064611734
yeast,MLC_PA_MLP,0.40,5,Operating Point,,0.12228275793803987,0,,1.0,,0.0,1449,0.2858609562921678,0.7874743326488707,0.5589101635302867,0.2872054601748592,-0.07333528894103847,0.14717959384916185,0.7141390437078322,0.43438505402402106,0.0,,0.0,0.0,0,0.2858609562921678,0.7141390437078322,0.2858609562921678
yeast,MLC_PA_MLP,0.50,1,Operating Point,,0.11871167746752213,0,,1.0,,0.0,1466,0.32150220913107513,0.7840942562592047,0.5577955950120899,0.27991835720306296,-0.10559646539027978,0.18221903495486003,0.6784977908689249,0.462137392157923,0.0,,0.0,0.0,0,0.3215022091310751,0.6784977908689249,0.3215022091310751
yeast,MLC_PA_MLP,0.50,2,Operating Point,,0.11875138405509165,0,,1.0,,0.0,1474,0.3319587628865979,0.7829160530191458,0.5567743024444056,0.27640417044420873,-0.11487481590574367,0.16376430252055618,0.6680412371134021,0.4401684729647649,0.0,,0.0,0.0,0,0.33195876288659787,0.6680412371134021,0.33195876288659787
yeast,MLC_PA_MLP,0.50,3,Operating Point,,0.11864193600962658,0,,1.0,,0.0,1403,0.3157501494321578,0.7903466826060969,0.5695126932574631,0.2878319324111546,-0.1060968320382546,0.15463994951032134,0.6842498505678423,0.44247188192147596,0.0,,0.0,0.0,0,0.31575014943215773,0.6842498505678423,0.31575014943215773
yeast,MLC_PA_MLP,0.50,4,Operating Point,,0.12079400297980375,0,,1.0,,0.0,1414,0.38189093064611734,0.7904564315352697,0.5657373976876051,0.28933060316860393,-0.17234736218138702,0.17118966601737795,0.6181090693538827,0.4605202691859819,0.0,,0.0,0.0,0,0.38189093064611734,0.6181090693538827,0.38189093064611734
yeast,MLC_PA_MLP,0.50,5,Operating Point,,0.12228275793803987,0,,1.0,,0.0,1449,0.2858609562921678,0.7874743326488707,0.5589101635302867,0.2872054601748592,-0.07333528894103847,0.14717959384916185,0.7141390437078322,0.43438505402402106,0.0,,0.0,0.0,0,0.2858609562921678,0.7141390437078322,0.2858609562921678
yeast,GSI_MLC_PA_MLP,0.20,1,Operating Point,,0.09980529888002282,44,,0.9792341678939617,1.46634273233699,0.03044982698961938,1445,0.30974963181148746,0.7871870397643593,0.5904075649436474,0.3418523452846446,-0.09278350515463918,0.14704642590665723,0.6944035346097202,0.4888987711913018,0.02076583210603829,0.3120567375886525,0.2721649484536082,0.02076583210603829,141,0.312077004060761,0.687922995939239,0.312077004060761
yeast,GSI_MLC_PA_MLP,0.20,2,Operating Point,,0.1075747728246988,64,,0.9519882179675994,0.9199490234432885,0.04416839199447895,1449,0.29369661266568486,0.7865979381443299,0.5946035064591767,0.3389834068366758,-0.07069219440353458,0.17712163082775034,0.7159057437407953,0.5161050376644262,0.04801178203240059,0.19631901840490798,0.5463917525773195,0.04801178203240059,326,0.29842202970297027,0.7015779702970297,0.29842202970297027
yeast,GSI_MLC_PA_MLP,0.20,3,Operating Point,,0.10523401785477769,51,,0.9601016138673042,0.9052742145971925,0.03611898016997167,1412,0.28696951583980873,0.7890017931858936,0.6015991214735985,0.3468564003650184,-0.06799163179916323,0.14920098003965776,0.7210101613867304,0.4960573804046762,0.03989838613269576,0.19101123595505617,0.4456066945606695,0.03989838613269576,267,0.29058365758754867,0.7094163424124513,0.29058365758754867
yeast,GSI_MLC_PA_MLP,0.20,4,Operating Point,,0.10210728156860811,49,,0.9755483106105513,1.3955094116654005,0.034122562674094706,1436,0.275489033787789,0.7871962062833432,0.5953710190224714,0.3496012624423131,-0.05779490219324235,0.13658732642815635,0.7294013040901008,0.48618858887046945,0.024451689389448725,0.296969696969697,0.2800829875518672,0.024451689389448725,165,0.27738113322193536,0.7226188667780646,0.27738113322193536
yeast,GSI_MLC_PA_MLP,0.20,5,Operating Point,,0.10009769579236087,54,,0.960105602816075,0.9661481294873411,0.03854389721627409,1401,0.30850689351716054,0.7945145203872104,0.6075517227467946,0.3588548984146382,-0.09504253446758582,0.11458829609391868,0.6994719859196246,0.4734431945085569,0.0398943971839249,0.19852941176470587,0.4271047227926078,0.0398943971839249,272,0.3130155820348304,0.6869844179651696,0.3130155820348304
yeast,GSI_MLC_PA_MLP,0.25,1,Operating Point,,0.09980529888002282,0,,1.0,,0.0,1445,0.31472754050073637,0.7871870397643593,0.5904075649436474,0.3418523452846446,-0.1019145802650957,0.139538205086848,0.6852724594992636,0.4813905503714926,0.0,,0.0,0.0,0,0.31472754050073637,0.6852724594992636,0.31472754050073637
yeast,GSI_MLC_PA_MLP,0.25,2,Operating Point,,0.1075747728246988,3,,0.9845360824742269,0.13388543823326432,0.002070393374741201,1449,0.3063696612665685,0.7865979381443299,0.5946035064591767,0.3389834068366758,-0.0891016200294551,0.1478412313052584,0.6974963181148748,0.4868246381419342,0.015463917525773196,0.02857142857142857,0.21649484536082475,0.015463917525773196,105,0.30725504861630515,0.6927449513836949,0.30725504861630515
yeast,GSI_MLC_PA_MLP,0.25,3,Operating Point,,0.10523401785477769,0,,1.0,,0.0,1412,0.28750747160789003,0.7890017931858936,0.6015991214735985,0.3468564003650184,-0.07650926479378362,0.11514445213296048,0.71249252839211,0.4620008524979789,0.0,,0.0,0.0,0,0.28750747160789003,0.71249252839211,0.28750747160789003
yeast,GSI_MLC_PA_MLP,0.25,4,Operating Point,,0.10210728156860811,1,,0.9998518079430943,4.6991643454039,0.0006963788300835655,1436,0.28634410195613513,0.7871962062833432,0.5953710190224714,0.3496012624423131,-0.07350326022525189,0.12365151065887786,0.7136929460580913,0.47325277310119096,0.00014819205690574984,1.0,0.002074688796680498,0.00014819205690574984,1,0.28634948866162735,0.7136505113383727,0.28634948866162735
yeast,GSI_MLC_PA_MLP,0.25,5,Operating Point,,0.10009769579236087,28,,0.9862129656790848,1.449602867252874,0.01998572448251249,1401,0.3077882076855383,0.7945145203872104,0.6075517227467946,0.3588548984146382,-0.09885596949251985,0.1049240714950993,0.6956585508946905,0.4637789699097375,0.013787034320915225,0.2978723404255319,0.19096509240246407,0.013787034320915225,94,0.3085960737656157,0.6914039262343843,0.3085960737656157
yeast,GSI_MLC_PA_MLP,0.30,1,Operating Point,,0.09980529888002282,0,,1.0,,0.0,1445,0.31472754050073637,0.7871870397643593,0.5904075649436474,0.3418523452846446,-0.1019145802650957,0.139538205086848,0.6852724594992636,0.4813905503714926,0.0,,0.0,0.0,0,0.31472754050073637,0.6852724594992636,0.31472754050073637
yeast,GSI_MLC_PA_MLP,0.30,2,Operating Point,,0.1075747728246988,3,,0.9845360824742269,0.13388543823326432,0.002070393374741201,1449,0.30714285714285716,0.7865979381443299,0.5946035064591767,0.3389834068366758,-0.0891016200294551,0.1478412313052584,0.6974963181148748,0.4868246381419342,0.015463917525773196,0.02857142857142857,0.21649484536082475,0.015463917525773196,105,0.30725504861630515,0.6927449513836949,0.30725504861630515
yeast,GSI_MLC_PA_MLP,0.30,3,Operating Point,,0.10523401785477769,0,,1.0,,0.0,1412,0.28750747160789003,0.7890017931858936,0.6015991214735985,0.3468564003650184,-0.07650926479378362,0.11514445213296048,0.71249252839211,0.4620008524979789,0.0,,0.0,0.0,0,0.28750747160789003,0.71249252839211,0.28750747160789003
yeast,GSI_MLC_PA_MLP,0.30,4,Operating Point,,0.10210728156860811,0,,1.0,,0.0,1436,0.28645524599881445,0.7871962062833432,0.5953710190224714,0.3496012624423131,-0.07365145228215764,0.12329944459438497,0.7135447540011856,0.47290070703669806,0.0,,0.0,0.0,0,0.28645524599881445,0.7135447540011856,0.28645524599881445
yeast,GSI_MLC_PA_MLP,0.30,5,Operating Point,,0.10009769579236087,26,,0.9876796714579056,1.5063050202236496,0.018558172733761598,1401,0.30833088882370197,0.7945145203872104,0.6075517227467946,0.3588548984146382,-0.09914931064828403,0.10411237153711916,0.6953652097389263,0.46296726995175735,0.012320328542094456,0.30952380952380953,0.17248459958932238,0.012320328542094456,84,0.3084348084348084,0.6915651915651916,0.3084348084348084
yeast,GSI_MLC_PA_MLP,0.35,1,Operating Point,,0.09980529888002282,0,,1.0,,0.0,1445,0.31472754050073637,0.7871870397643593,0.5904075649436474,0.3418523452846446,-0.1019145802650957,0.139538205086848,0.6852724594992636,0.4813905503714926,0.0,,0.0,0.0,0,0.31472754050073637,0.6852724594992636,0.31472754050073637
yeast,GSI_MLC_PA_MLP,0.35,2,Operating Point,,0.1075747728246988,3,,0.9845360824742269,0.13388543823326432,0.002070393374741201,1449,0.3079160530191458,0.7865979381443299,0.5946035064591767,0.3389834068366758,-0.0891016200294551,0.1478412313052584,0.6974963181148748,0.4868246381419342,0.015463917525773196,0.02857142857142857,0.21649484536082475,0.015463917525773196,105,0.30725504861630515,0.6927449513836949,0.30725504861630515
yeast,GSI_MLC_PA_MLP,0.35,3,Operating Point,,0.10523401785477769,0,,1.0,,0.0,1412,0.28750747160789003,0.7890017931858936,0.6015991214735985,0.3468564003650184,-0.07650926479378362,0.11514445213296048,0.71249252839211,0.4620008524979789,0.0,,0.0,0.0,0,0.28750747160789003,0.71249252839211,0.28750747160789003
yeast,GSI_MLC_PA_MLP,0.35,4,Operating Point,,0.10210728156860811,0,,1.0,,0.0,1436,0.28645524599881445,0.7871962062833432,0.5953710190224714,0.3496012624423131,-0.07365145228215764,0.12329944459438497,0.7135447540011856,0.47290070703669806,0.0,,0.0,0.0,0,0.28645524599881445,0.7135447540011856,0.28645524599881445
yeast,GSI_MLC_PA_MLP,0.35,5,Operating Point,,0.10009769579236087,0,,1.0,,0.0,1401,0.3131416837782341,0.7945145203872104,0.6075517227467946,0.3588548984146382,-0.10765620416544452,0.09717093042648856,0.6868583162217659,0.45602582884112675,0.0,,0.0,0.0,0,0.31314168377823415,0.6868583162217659,0.31314168377823415
yeast,GSI_MLC_PA_MLP,0.40,1,Operating Point,,0.09980529888002282,0,,1.0,,0.0,1445,0.31472754050073637,0.7871870397643593,0.5904075649436474,0.3418523452846446,-0.1019145802650957,0.139538205086848,0.6852724594992636,0.4813905503714926,0.0,,0.0,0.0,0,0.31472754050073637,0.6852724594992636,0.31472754050073637
yeast,GSI_MLC_PA_MLP,0.40,2,Operating Point,,0.1075747728246988,3,,0.9845360824742269,0.13388543823326432,0.002070393374741201,1449,0.3086892488954345,0.7865979381443299,0.5946035064591767,0.3389834068366758,-0.0891016200294551,0.1478412313052584,0.6974963181148748,0.4868246381419342,0.015463917525773196,0.02857142857142857,0.21649484536082475,0.015463917525773196,105,0.30725504861630515,0.6927449513836949,0.30725504861630515
yeast,GSI_MLC_PA_MLP,0.40,3,Operating Point,,0.10523401785477769,0,,1.0,,0.0,1412,0.28750747160789003,0.7890017931858936,0.6015991214735985,0.3468564003650184,-0.07650926479378362,0.11514445213296048,0.71249252839211,0.4620008524979789,0.0,,0.0,0.0,0,0.28750747160789003,0.71249252839211,0.28750747160789003
yeast,GSI_MLC_PA_MLP,0.40,4,Operating Point,,0.10210728156860811,0,,1.0,,0.0,1436,0.28645524599881445,0.7871962062833432,0.5953710190224714,0.3496012624423131,-0.07365145228215764,0.12329944459438497,0.7135447540011856,0.47290070703669806,0.0,,0.0,0.0,0,0.28645524599881445,0.7135447540011856,0.28645524599881445
yeast,GSI_MLC_PA_MLP,0.40,5,Operating Point,,0.10009769579236087,0,,1.0,,0.0,1401,0.3131416837782341,0.7945145203872104,0.6075517227467946,0.3588548984146382,-0.10765620416544452,0.09717093042648856,0.6868583162217659,0.45602582884112675,0.0,,0.0,0.0,0,0.31314168377823415,0.6868583162217659,0.31314168377823415
yeast,GSI_MLC_PA_MLP,0.50,1,Operating Point,,0.09980529888002282,0,,1.0,,0.0,1445,0.31472754050073637,0.7871870397643593,0.5904075649436474,0.3418523452846446,-0.1019145802650957,0.139538205086848,0.6852724594992636,0.4813905503714926,0.0,,0.0,0.0,0,0.31472754050073637,0.6852724594992636,0.31472754050073637
yeast,GSI_MLC_PA_MLP,0.50,2,Operating Point,,0.1075747728246988,0,,1.0,,0.0,1449,0.30294550810014725,0.7865979381443299,0.5946035064591767,0.3389834068366758,-0.08954344624447719,0.10888019234421947,0.6970544918998527,0.4478635991808953,0.0,,0.0,0.0,0,0.3029455081001473,0.6970544918998527,0.3029455081001473
yeast,GSI_MLC_PA_MLP,0.50,3,Operating Point,,0.10523401785477769,0,,1.0,,0.0,1412,0.28750747160789003,0.7890017931858936,0.6015991214735985,0.3468564003650184,-0.07650926479378362,0.11514445213296048,0.71249252839211,0.4620008524979789,0.0,,0.0,0.0,0,0.28750747160789003,0.71249252839211,0.28750747160789003
yeast,GSI_MLC_PA_MLP,0.50,4,Operating Point,,0.10210728156860811,0,,1.0,,0.0,1436,0.28645524599881445,0.7871962062833432,0.5953710190224714,0.3496012624423131,-0.07365145228215764,0.12329944459438497,0.7135447540011856,0.47290070703669806,0.0,,0.0,0.0,0,0.28645524599881445,0.7135447540011856,0.28645524599881445
yeast,GSI_MLC_PA_MLP,0.50,5,Operating Point,,0.10009769579236087,0,,1.0,,0.0,1401,0.3131416837782341,0.7945145203872104,0.6075517227467946,0.3588548984146382,-0.10765620416544452,0.09717093042648856,0.6868583162217659,0.45602582884112675,0.0,,0.0,0.0,0,0.31314168377823415,0.6868583162217659,0.31314168377823415
humanpseaac,MLC_PA_Logistic,0.20,1,Operating Point,,0.022344712586049573,67,,0.9498006098991321,1.7538470040649907,0.08804204993429698,761,0.15606380483227772,0.9107436077879427,0.20684181718664477,0.11278123595117061,-0.05676753460004691,0.20140870449825943,0.8539760731878958,0.31418994044943005,0.050199390100867936,0.15654205607476634,0.5287356321839081,0.050199390100867936,428,0.15374166460854533,0.8462583353914547,0.15374166460854533
humanpseaac,MLC_PA_Logistic,0.20,2,Operating Point,,0.022330478151379955,104,,0.9350340136054421,2.0471070285614816,0.1329923273657289,782,0.1882766439909297,0.9113378684807256,0.17386243386243386,0.09397442140394943,-0.08662131519274374,0.2143109949181465,0.8247165532879819,0.30828541632209594,0.06496598639455782,0.18150087260034903,0.6412698412698413,0.06496598639455782,573,0.18746210743300595,0.812537892566994,0.18746210743300595
humanpseaac,MLC_PA_Logistic,0.20,3,Operating Point,,0.02080227830376644,100,,0.949419002050581,2.682533279548205,0.13568521031207598,737,0.17496012759170654,0.9160401002506265,0.19776714513556615,0.11379649056194753,-0.08088402825244934,0.15348545710217548,0.8351560719981772,0.267281947664123,0.050580997949419004,0.22522522522522523,0.5406698564593302,0.050580997949419004,444,0.17362610991120708,0.8263738900887929,0.17362610991120708
humanpseaac,MLC_PA_Logistic,0.20,4,Operating Point,,0.022850427108620477,55,,0.9337894248608535,1.109056091133771,0.07343124165554073,749,0.1911178107606679,0.9131493506493507,0.20795454545454545,0.11259601261527442,-0.09102504638218922,0.22249781603281377,0.8221243042671614,0.3350938286480882,0.06621057513914656,0.09632224168126094,0.625,0.06621057513914656,571,0.19048801688811623,0.8095119831118838,0.19048801688811623
humanpseaac,MLC_PA_Logistic,0.20,5,Operating Point,,0.019678064236955575,78,,0.9466575091575091,2.0537204031441387,0.10955056179775281,712,0.17023809523809522,0.9184981684981685,0.2419871794871795,0.12877824807822688,-0.07806776556776551,0.17705001683233498,0.8404304029304029,0.30582826491056186,0.05334249084249084,0.16738197424892703,0.5208333333333334,0.05334249084249084,466,0.16856106408706162,0.8314389359129384,0.16856106408706162
humanpseaac,MLC_PA_Logistic,0.25,1,Operating Point,,0.022344712586049573,58,,0.9593009617640159,1.8726611049468507,0.07621550591327202,761,0.16358784893267653,0.9107436077879427,0.20684181718664477,0.11278123595117061,-0.0641566971616232,0.18381736026825968,0.8465869106263195,0.2965985962194303,0.04069903823598405,0.16714697406340057,0.4482758620689655,0.04069903823598405,347,0.15992175082528426,0.8400782491747157,0.15992175082528426
humanpseaac,MLC_PA_Logistic,0.25,2,Operating Point,,0.022330478151379955,61,,0.9595238095238096,1.9271851963291708,0.07800511508951406,782,0.19186507936507938,0.9113378684807256,0.17386243386243386,0.09397442140394943,-0.09308390022675739,0.19371682464239745,0.8182539682539682,0.2876912460463469,0.04047619047619048,0.17086834733893558,0.4507936507936508,0.04047619047619048,357,0.18941273779983459,0.8105872622001654,0.18941273779983459
humanpseaac,MLC_PA_Logistic,0.25,3,Operating Point,,0.02080227830376644,85,,0.9621781727044885,3.049361625606905,0.11533242876526459,737,0.1760082023239918,0.9160401002506265,0.19776714513556615,0.11379649056194753,-0.08259284575074044,0.14211909462701644,0.8334472544998861,0.25591558518896396,0.037821827295511506,0.2560240963855422,0.4370015948963317,0.037821827295511506,332,0.1730996921619702,0.8269003078380298,0.1730996921619702
humanpseaac,MLC_PA_Logistic,0.25,4,Operating Point,,0.022850427108620477,35,,0.9510667903525046,0.9549541568853257,0.04672897196261682,749,0.19242810760667903,0.9131493506493507,0.20795454545454545,0.11259601261527442,-0.0933441558441559,0.2099825105616936,0.8198051948051948,0.322578523176968,0.04893320964749536,0.08293838862559241,0.5097402597402597,0.04893320964749536,422,0.18946598390636427,0.8105340160936357,0.18946598390636427
humanpseaac,MLC_PA_Logistic,0.25,5,Operating Point,,0.019678064236955575,78,,0.9466575091575091,2.0537204031441387,0.10955056179775281,712,0.17290521978021978,0.9184981684981685,0.2419871794871795,0.12877824807822688,-0.07806776556776551,0.17705001683233498,0.8404304029304029,0.30582826491056186,0.05334249084249084,0.16738197424892703,0.5208333333333334,0.05334249084249084,466,0.16856106408706162,0.8314389359129384,0.16856106408706162
humanpseaac,MLC_PA_Logistic,0.30,1,Operating Point,,0.022344712586049573,46,,0.9685667370396435,1.923019593229647,0.06044678055190539,761,0.16425052779732582,0.9107436077879427,0.20684181718664477,0.11278123595117061,-0.06556415669716165,0.17665129616820113,0.8451794510907811,0.28943253211937175,0.031433262960356555,0.17164179104477612,0.367816091954023,0.031433262960356555,268,0.159844998789053,0.840155001210947,0.159844998789053
humanpseaac,MLC_PA_Logistic,0.30,2,Operating Point,,0.022330478151379955,33,,0.9784580498866213,1.9589446762686766,0.04219948849104859,782,0.19546485260770974,0.9113378684807256,0.17386243386243386,0.09397442140394943,-0.10034013605442182,0.17124925098023638,0.8109977324263038,0.2652236723841858,0.021541950113378686,0.1736842105263158,0.2841269841269841,0.021541950113378686,190,0.19316338354577056,0.8068366164542294,0.19316338354577056
humanpseaac,MLC_PA_Logistic,0.30,3,Operating Point,,0.02080227830376644,19,,0.9894053315105946,2.4333172845450166,0.025780189959294438,737,0.17747778537252223,0.9160401002506265,0.19776714513556615,0.11379649056194753,-0.09033948507632716,0.11376170090016884,0.8257006151742994,0.22755819146211637,0.010594668489405332,0.20430107526881722,0.14832535885167464,0.010594668489405332,93,0.17616580310880825,0.8238341968911918,0.17616580310880825
humanpseaac,MLC_PA_Logistic,0.30,4,Operating Point,,0.022850427108620477,23,,0.9741419294990723,1.1875445287288882,0.030707610146862484,749,0.18934369202226345,0.9131493506493507,0.20795454545454545,0.11259601261527442,-0.09473562152133574,0.1771737938546718,0.8184137291280149,0.2897698064699462,0.025858070500927643,0.1031390134529148,0.3327922077922078,0.025858070500927643,223,0.18640638019283418,0.8135936198071658,0.18640638019283418
humanpseaac,MLC_PA_Logistic,0.30,5,Operating Point,,0.019678064236955575,50,,0.9639423076923077,1.9475655430711614,0.0702247191011236,712,0.17427884615384615,0.9184981684981685,0.2419871794871795,0.12877824807822688,-0.08195970695970689,0.1567783870536629,0.8365384615384616,0.2855566351318898,0.036057692307692304,0.15873015873015872,0.40544871794871795,0.036057692307692304,315,0.16957605985037405,0.830423940149626,0.16957605985037405
humanpseaac,MLC_PA_Logistic,0.35,1,Operating Point,,0.022344712586049573,45,,0.9691531785127844,1.9169793597577733,0.05913272010512484,761,0.16573422472437252,0.9107436077879427,0.20684181718664477,0.11278123595117061,-0.06568144499178974,0.17645481847734984,0.845062162796153,0.28923605442852046,0.030846821487215577,0.17110266159695817,0.35960591133004927,0.030846821487215577,263,0.15986929686554519,0.8401307031344548,0.15986929686554519
humanpseaac,MLC_PA_Logistic,0.35,2,Operating Point,,0.022330478151379955,24,,0.9817460317460317,1.6813076837540308,0.030690537084398978,782,0.19641156462585033,0.9113378684807256,0.17386243386243386,0.09397442140394943,-0.10136054421768703,0.1648891573897058,0.8099773242630386,0.25886357879365524,0.018253968253968255,0.14906832298136646,0.24126984126984127,0.018253968253968255,161,0.19355583785656538,0.8064441621434346,0.19355583785656538
humanpseaac,MLC_PA_Logistic,0.35,3,Operating Point,,0.02080227830376644,19,,0.9894053315105946,2.4333172845450166,0.025780189959294438,737,0.17800751879699248,0.9160401002506265,0.19776714513556615,0.11379649056194753,-0.09033948507632716,0.11376170090016884,0.8257006151742994,0.22755819146211637,0.010594668489405332,0.20430107526881722,0.14832535885167464,0.010594668489405332,93,0.17616580310880825,0.8238341968911918,0.17616580310880825
humanpseaac,MLC_PA_Logistic,0.35,4,Operating Point,,0.022850427108620477,23,,0.9741419294990723,1.1875445287288882,0.030707610146862484,749,0.19063659554730986,0.9131493506493507,0.20795454545454545,0.11259601261527442,-0.09473562152133574,0.1771737938546718,0.8184137291280149,0.2897698064699462,0.025858070500927643,0.1031390134529148,0.3327922077922078,0.025858070500927643,223,0.18640638019283418,0.8135936198071658,0.18640638019283418
humanpseaac,MLC_PA_Logistic,0.35,5,Operating Point,,0.019678064236955575,38,,0.9796245421245421,2.6193662416361567,0.05337078651685393,712,0.17276785714285714,0.9184981684981685,0.2419871794871795,0.12877824807822688,-0.08413461538461531,0.14598640430695894,0.8343635531135531,0.2747646523851858,0.020375457875457876,0.21348314606741572,0.2548076923076923,0.020375457875457876,178,0.16908156111240946,0.8309184388875905,0.16908156111240946
humanpseaac,MLC_PA_Logistic,0.40,1,Operating Point,,0.022344712586049573,38,,0.9732582688247713,1.867279894875164,0.04993429697766097,761,0.1664555477363359,0.9107436077879427,0.20684181718664477,0.11278123595117061,-0.06650246305418717,0.17118521063421255,0.8442411447337556,0.28396644658538317,0.02674173117522871,0.16666666666666666,0.3284072249589491,0.02674173117522871,228,0.16003856350927936,0.8399614364907206,0.16003856350927936
humanpseaac,MLC_PA_Logistic,0.40,2,Operating Point,,0.022330478151379955,24,,0.9817460317460317,1.6813076837540308,0.030690537084398978,782,0.19732426303854878,0.9113378684807256,0.17386243386243386,0.09397442140394943,-0.10136054421768703,0.1648891573897058,0.8099773242630386,0.25886357879365524,0.018253968253968255,0.14906832298136646,0.24126984126984127,0.018253968253968255,161,0.19355583785656538,0.8064441621434346,0.19355583785656538
humanpseaac,MLC_PA_Logistic,0.40,3,Operating Point,,0.02080227830376644,19,,0.9894053315105946,2.4333172845450166,0.025780189959294438,737,0.17853725222146274,0.9160401002506265,0.19776714513556615,0.11379649056194753,-0.09033948507632716,0.11376170090016884,0.8257006151742994,0.22755819146211637,0.010594668489405332,0.20430107526881722,0.14832535885167464,0.010594668489405332,93,0.17616580310880825,0.8238341968911918,0.17616580310880825
humanpseaac,MLC_PA_Logistic,0.40,4,Operating Point,,0.022850427108620477,23,,0.9741419294990723,1.1875445287288882,0.030707610146862484,749,0.1919294990723562,0.9131493506493507,0.20795454545454545,0.11259601261527442,-0.09473562152133574,0.1771737938546718,0.8184137291280149,0.2897698064699462,0.025858070500927643,0.1031390134529148,0.3327922077922078,0.025858070500927643,223,0.18640638019283418,0.8135936198071658,0.18640638019283418
humanpseaac,MLC_PA_Logistic,0.40,5,Operating Point,,0.019678064236955575,17,,0.9870650183150184,1.8458784925922245,0.023876404494382022,712,0.17298534798534795,0.9184981684981685,0.2419871794871795,0.12877824807822688,-0.08630952380952372,0.13760344937656524,0.8321886446886447,0.2663816974547921,0.012934981684981684,0.1504424778761062,0.16987179487179488,0.012934981684981684,113,0.1700104372028296,0.8299895627971704,0.1700104372028296
humanpseaac,MLC_PA_Logistic,0.50,1,Operating Point,,0.022344712586049573,0,,1.0,,0.0,761,0.1602158104621159,0.9107436077879427,0.20684181718664477,0.11278123595117061,-0.07095941825005858,0.10831175015283413,0.8397841895378841,0.22109298610400474,0.0,,0.0,0.0,0,0.16021581046211586,0.8397841895378841,0.16021581046211586
humanpseaac,MLC_PA_Logistic,0.50,2,Operating Point,,0.022330478151379955,0,,1.0,,0.0,782,0.1927437641723356,0.9113378684807256,0.17386243386243386,0.09397442140394943,-0.10408163265306125,0.13100450280290973,0.8072562358276644,0.22497892420685917,0.0,,0.0,0.0,0,0.19274376417233563,0.8072562358276644,0.19274376417233563
humanpseaac,MLC_PA_Logistic,0.50,3,Operating Point,,0.02080227830376644,0,,1.0,,0.0,737,0.17646388699020277,0.9160401002506265,0.19776714513556615,0.11379649056194753,-0.09250398724082931,0.09764321589636897,0.8235361130097972,0.2114397064583165,0.0,,0.0,0.0,0,0.17646388699020277,0.8235361130097972,0.17646388699020277
humanpseaac,MLC_PA_Logistic,0.50,4,Operating Point,,0.022850427108620477,0,,1.0,,0.0,749,0.18425324675324675,0.9131493506493507,0.20795454545454545,0.11259601261527442,-0.09740259740259738,0.10369082584605764,0.8157467532467533,0.21628683846133206,0.0,,0.0,0.0,0,0.18425324675324672,0.8157467532467533,0.18425324675324672
humanpseaac,MLC_PA_Logistic,0.50,5,Operating Point,,0.019678064236955575,0,,1.0,,0.0,712,0.17216117216117216,0.9184981684981685,0.2419871794871795,0.12877824807822688,-0.09065934065934067,0.12068497050892232,0.8278388278388278,0.2494632185871492,0.0,,0.0,0.0,0,0.17216117216117222,0.8278388278388278,0.17216117216117222
humanpseaac,GSI_MLC_PA_Logistic,0.20,1,Operating Point,,0.021829104898290833,90,,0.9223551489561341,1.5372995584475946,0.11936339522546419,754,0.14008913910391743,0.9115646258503401,0.21012588943623425,0.11498361690355155,-0.03612479474548447,0.21970085654535146,0.8754398311048557,0.334684473448903,0.07764485104386583,0.13595166163141995,0.7257799671592775,0.07764485104386583,662,0.13504577822990838,0.8649542217700916,0.13504577822990838
humanpseaac,GSI_MLC_PA_Logistic,0.20,2,Operating Point,,0.02327453362076159,86,,0.9456916099773243,2.0727081944277455,0.112565445026178,764,0.15077097505668935,0.9133786848072563,0.18195767195767196,0.09218659726561888,-0.053287981859410416,0.21526867450980103,0.8600907029478458,0.3074552717754199,0.054308390022675734,0.17954070981210857,0.5380952380952381,0.054308390022675734,479,0.1479438916197099,0.8520561083802901,0.1479438916197099
humanpseaac,GSI_MLC_PA_Logistic,0.20,3,Operating Point,,0.02140518971555103,60,,0.9554568238778766,1.812930918754066,0.08075370121130551,743,0.1516518569150148,0.91535657325131,0.22115895800106325,0.11674091943454287,-0.05809979494190021,0.14972068849734152,0.8572567783094098,0.2664616079318844,0.04454317612212349,0.1534526854219949,0.4864433811802233,0.04454317612212349,391,0.1493978776678193,0.8506021223321807,0.1493978776678193
humanpseaac,GSI_MLC_PA_Logistic,0.20,4,Operating Point,,0.022566885486744917,75,,0.9555890538033395,2.3165608312112522,0.102880658436214,729,0.1584647495361781,0.9154684601113172,0.21883116883116885,0.11390593787712809,-0.06505102040816324,0.1809870707524831,0.850417439703154,0.2948930086296112,0.04441094619666048,0.195822454308094,0.512987012987013,0.04441094619666048,383,0.15653440116490713,0.8434655988350929,0.15653440116490713
humanpseaac,GSI_MLC_PA_Logistic,0.20,5,Operating Point,,0.02019872395433882,92,,0.9323489010989011,1.9153785658111104,0.1295774647887324,710,0.1634844322344322,0.9187271062271062,0.22943376068376067,0.12102364540023212,-0.06868131868131866,0.24331581029319782,0.8500457875457875,0.36433945569342996,0.0676510989010989,0.155668358714044,0.6025641025641025,0.0676510989010989,591,0.1608348680171885,0.8391651319828115,0.1608348680171885
humanpseaac,GSI_MLC_PA_Logistic,0.25,1,Operating Point,,0.021829104898290833,81,,0.9370161857846587,1.7056295659647613,0.10742705570291777,754,0.14218273516303073,0.9115646258503401,0.21012588943623425,0.11498361690355155,-0.03800140745953551,0.1990292726944198,0.8735632183908046,0.31401288959797136,0.06298381421534131,0.15083798882681565,0.6666666666666666,0.06298381421534131,537,0.13493553636249844,0.8650644636375016,0.13493553636249844
humanpseaac,GSI_MLC_PA_Logistic,0.25,2,Operating Point,,0.02327453362076159,76,,0.9615646258503401,2.5881480795070195,0.09947643979057591,764,0.15065192743764172,0.9133786848072563,0.18195767195767196,0.09218659726561888,-0.054421768707483054,0.1932264792533201,0.8589569160997732,0.285413076518939,0.03843537414965986,0.22418879056047197,0.4238095238095238,0.03843537414965986,339,0.14668081594151627,0.8533191840584837,0.14668081594151627
humanpseaac,GSI_MLC_PA_Logistic,0.25,3,Operating Point,,0.02140518971555103,38,,0.9777853725222146,2.3022673154570867,0.05114401076716016,743,0.15080314422419686,0.91535657325131,0.22115895800106325,0.11674091943454287,-0.06060606060606055,0.1284627034244956,0.8547505126452495,0.24520362285903846,0.02221462747778537,0.19487179487179487,0.27910685805422647,0.02221462747778537,195,0.14854945823138765,0.8514505417686123,0.14854945823138765
humanpseaac,GSI_MLC_PA_Logistic,0.25,4,Operating Point,,0.022566885486744917,69,,0.959995361781076,2.365980795610425,0.09465020576131687,729,0.16027945269016697,0.9154684601113172,0.21883116883116885,0.11390593787712809,-0.06574675324675328,0.1771752011770667,0.8497217068645639,0.2910811390541948,0.04000463821892394,0.2,0.4837662337662338,0.04000463821892394,345,0.1565406450054354,0.8434593549945646,0.1565406450054354
humanpseaac,GSI_MLC_PA_Logistic,0.25,5,Operating Point,,0.02019872395433882,91,,0.9426510989010989,2.2348992156532006,0.12816901408450704,710,0.1644059065934066,0.9187271062271062,0.22943376068376067,0.12102364540023212,-0.06879578754578752,0.23249329947068703,0.8499313186813187,0.35351694487091917,0.057348901098901096,0.18163672654690619,0.5673076923076923,0.057348901098901096,501,0.15919854280510015,0.8408014571948998,0.15919854280510015
humanpseaac,GSI_MLC_PA_Logistic,0.30,1,Operating Point,,0.021829104898290833,60,,0.9612948627726953,2.055944055944056,0.07957559681697612,754,0.14719680975838612,0.9115646258503401,0.21012588943623425,0.11498361690355155,-0.047149894440534856,0.16205718214084305,0.8644147314098053,0.2770407990443946,0.03870513722730472,0.18181818181818182,0.44499178981937604,0.03870513722730472,330,0.1410444119082479,0.8589555880917521,0.1410444119082479
humanpseaac,GSI_MLC_PA_Logistic,0.30,2,Operating Point,,0.02327453362076159,48,,0.9750566893424036,2.518800571156592,0.06282722513089005,764,0.15249433106575963,0.9133786848072563,0.18195767195767196,0.09218659726561888,-0.05839002267573701,0.18085127276046653,0.8549886621315193,0.2730378700260854,0.024943310657596373,0.21818181818181817,0.28888888888888886,0.024943310657596373,220,0.14872093023255817,0.8512790697674418,0.14872093023255817
humanpseaac,GSI_MLC_PA_Logistic,0.30,3,Operating Point,,0.02140518971555103,25,,0.9841649578491684,2.1248680732399277,0.033647375504710635,743,0.15193665983139668,0.91535657325131,0.22115895800106325,0.11674091943454287,-0.06254272043745723,0.12212806763931763,0.8528138528138528,0.2388689870738605,0.015835042150831626,0.17985611510791366,0.21850079744816586,0.015835042150831626,139,0.1495543465678898,0.8504456534321102,0.1495543465678898
humanpseaac,GSI_MLC_PA_Logistic,0.30,4,Operating Point,,0.022566885486744917,11,,0.9831864564007421,0.897440991438437,0.015089163237311385,729,0.16599025974025974,0.9154684601113172,0.21883116883116885,0.11390593787712809,-0.0764146567717996,0.1606749641289355,0.8390538033395176,0.2745809020060636,0.016813543599257887,0.07586206896551724,0.2224025974025974,0.016813543599257887,145,0.1636985493572355,0.8363014506427645,0.1636985493572355
humanpseaac,GSI_MLC_PA_Logistic,0.30,5,Operating Point,,0.02019872395433882,84,,0.946771978021978,2.2226987732848706,0.11830985915492957,710,0.16683836996336995,0.9187271062271062,0.22943376068376067,0.12102364540023212,-0.06959706959706957,0.22405956453092796,0.8491300366300366,0.3450832099311601,0.053228021978021976,0.18064516129032257,0.5448717948717948,0.053228021978021976,465,0.15935195260548907,0.8406480473945109,0.15935195260548907
humanpseaac,GSI_MLC_PA_Logistic,0.35,1,Operating Point,,0.021829104898290833,52,,0.9655172413793104,2.0,0.06896551724137931,754,0.14859254046446166,0.9115646258503401,0.21012588943623425,0.11498361690355155,-0.048088200797560376,0.15513916069497655,0.8634764250527798,0.2701227775985281,0.034482758620689655,0.17687074829931973,0.40229885057471265,0.034482758620689655,294,0.141399416909621,0.858600583090379,0.141399416909621
humanpseaac,GSI_MLC_PA_Logistic,0.35,2,Operating Point,,0.02327453362076159,20,,0.9934240362811791,3.9808629716555335,0.02617801047120419,764,0.15921768707482992,0.9133786848072563,0.18195767195767196,0.09218659726561888,-0.07029478458049887,0.15989266476094655,0.8430839002267574,0.25207926202656544,0.006575963718820862,0.3448275862068966,0.09206349206349207,0.006575963718820862,58,0.15795480483907787,0.8420451951609221,0.15795480483907787
humanpseaac,GSI_MLC_PA_Logistic,0.35,3,Operating Point,,0.02140518971555103,5,,0.9931647300068353,0.9845222072678331,0.006729475100942127,743,0.1534518113465482,0.91535657325131,0.22115895800106325,0.11674091943454287,-0.0664160401002506,0.11168870670976061,0.8489405331510594,0.22842962614430348,0.00683526999316473,0.08333333333333333,0.09569377990430622,0.00683526999316473,60,0.15209910529938053,0.8479008947006195,0.15209910529938053
humanpseaac,GSI_MLC_PA_Logistic,0.35,4,Operating Point,,0.022566885486744917,9,,0.9843460111317254,0.7886602652034751,0.012345679012345678,729,0.16665700371057515,0.9154684601113172,0.21883116883116885,0.11390593787712809,-0.07664656771799627,0.1593885485215959,0.838821892393321,0.273294486398724,0.01565398886827458,0.06666666666666667,0.2077922077922078,0.01565398886827458,135,0.16374131228648836,0.8362586877135116,0.16374131228648836
humanpseaac,GSI_MLC_PA_Logistic,0.35,5,Operating Point,,0.02019872395433882,45,,0.9717261904761905,2.2416604892512972,0.06338028169014084,710,0.17267055860805858,0.9187271062271062,0.22943376068376067,0.12102364540023212,-0.08150183150183143,0.1916990576882987,0.8372252747252747,0.31272270308853084,0.028273809523809524,0.18218623481781376,0.3605769230769231,0.028273809523809524,247,0.1675108964542349,0.8324891035457651,0.1675108964542349
humanpseaac,GSI_MLC_PA_Logistic,0.40,1,Operating Point,,0.021829104898290833,51,,0.9665728360309641,2.0234817813765185,0.06763925729442971,754,0.15001172882946281,0.9115646258503401,0.21012588943623425,0.11498361690355155,-0.04820548909218858,0.15447081495620832,0.8633591367581516,0.26945443185975987,0.03342716396903589,0.17894736842105263,0.3924466338259442,0.03342716396903589,285,0.14136633903652474,0.8586336609634753,0.14136633903652474
humanpseaac,GSI_MLC_PA_Logistic,0.40,2,Operating Point,,0.02327453362076159,4,,0.9981859410430839,2.886125654450262,0.005235602094240838,764,0.16058956916099773,0.9133786848072563,0.18195767195767196,0.09218659726561888,-0.07324263038548762,0.15365498450365844,0.8401360544217686,0.24584158176927734,0.0018140589569160999,0.25,0.025396825396825397,0.0018140589569160999,16,0.160154475238528,0.839845524761472,0.160154475238528
humanpseaac,GSI_MLC_PA_Logistic,0.40,3,Operating Point,,0.02140518971555103,3,,0.9988607883344726,3.5442799461641994,0.004037685060565276,743,0.151742993848257,0.91535657325131,0.22115895800106325,0.11674091943454287,-0.06664388243335606,0.10578246824538262,0.848712690817954,0.2225233876799255,0.001139211665527455,0.3,0.01594896331738437,0.001139211665527455,10,0.1514598540145986,0.8485401459854014,0.1514598540145986
humanpseaac,GSI_MLC_PA_Logistic,0.40,4,Operating Point,,0.022566885486744917,7,,0.9906076066790352,1.0223373808193195,0.009602194787379973,729,0.1651669758812616,0.9154684601113172,0.21883116883116885,0.11390593787712809,-0.07687847866419295,0.15276968475987496,0.8385899814471243,0.26667562263700306,0.00939239332096475,0.08641975308641975,0.12824675324675325,0.00939239332096475,81,0.16294041905653756,0.8370595809434624,0.16294041905653756
humanpseaac,GSI_MLC_PA_Logistic,0.40,5,Operating Point,,0.02019872395433882,2,,0.9942765567765568,0.4921690140845071,0.0028169014084507044,710,0.1733058608058608,0.9187271062271062,0.22943376068376067,0.12102364540023212,-0.08974358974358976,0.13973038342774047,0.8289835164835164,0.2607540288279726,0.005723443223443223,0.04,0.08012820512820513,0.005723443223443223,50,0.17200092102233477,0.8279990789776652,0.17200092102233477
humanpseaac,GSI_MLC_PA_Logistic,0.50,1,Operating Point,,0.021829104898290833,0,,1.0,,0.0,754,0.1509500351864884,0.9115646258503401,0.21012588943623425,0.11498361690355155,-0.06251466103682857,0.10074508586023595,0.8490499648135116,0.2157287027637875,0.0,,0.0,0.0,0,0.15095003518648842,0.8490499648135116,0.15095003518648842
humanpseaac,GSI_MLC_PA_Logistic,0.50,2,Operating Point,,0.02327453362076159,0,,1.0,,0.0,764,0.16031746031746033,0.9133786848072563,0.18195767195767196,0.09218659726561888,-0.07369614512471656,0.1508643698986979,0.8396825396825397,0.24305096716431676,0.0,,0.0,0.0,0,0.1603174603174603,0.8396825396825397,0.1603174603174603
humanpseaac,GSI_MLC_PA_Logistic,0.50,3,Operating Point,,0.02140518971555103,0,,1.0,,0.0,743,0.15162907268170425,0.91535657325131,0.22115895800106325,0.11674091943454287,-0.06698564593301426,0.10376257400724151,0.8483709273182958,0.22050349344178438,0.0,,0.0,0.0,0,0.15162907268170422,0.8483709273182958,0.15162907268170422
humanpseaac,GSI_MLC_PA_Logistic,0.50,4,Operating Point,,0.022566885486744917,0,,1.0,,0.0,729,0.162221706864564,0.9154684601113172,0.21883116883116885,0.11390593787712809,-0.07769016697588116,0.1302630200454984,0.8377782931354361,0.24416895792262647,0.0,,0.0,0.0,0,0.16222170686456394,0.8377782931354361,0.16222170686456394
humanpseaac,GSI_MLC_PA_Logistic,0.50,5,Operating Point,,0.02019872395433882,0,,1.0,,0.0,710,0.17124542124542125,0.9187271062271062,0.22943376068376067,0.12102364540023212,-0.08997252747252749,0.13352737590894348,0.8287545787545787,0.2545510213091756,0.0,,0.0,0.0,0,0.1712454212454213,0.8287545787545787,0.1712454212454213
humanpseaac,MLC_PA_SVM,0.20,1,Operating Point,,0.023061080486078946,26,,0.9731409805301431,1.3278703254443187,0.03566529492455418,729,0.18927984987098284,0.914496833216045,0.03503010399562124,0.018586983792463246,-0.09840487919305652,0.22205761444448444,0.8160919540229885,0.24064459823694767,0.026859019469856908,0.11353711790393013,0.3218390804597701,0.026859019469856908,229,0.18898397010967816,0.8110160298903218,0.18898397010967816
humanpseaac,MLC_PA_SVM,0.20,2,Operating Point,,0.022327325109959714,67,,0.9501133786848073,1.8272727272727272,0.09115646258503401,735,0.2706349206349206,0.9166666666666666,0.026984126984126985,0.014614876809583883,-0.17732426303854865,0.23314914453367713,0.739342403628118,0.247764021343261,0.049886621315192746,0.15227272727272728,0.5492063492063493,0.049886621315192746,440,0.27434367541766114,0.7256563245823389,0.27434367541766114
humanpseaac,MLC_PA_SVM,0.20,3,Operating Point,,0.020926478770248936,67,,0.9460013670539986,1.7137736904678649,0.0925414364640884,724,0.1831624515835042,0.9175210754158123,0.02817650186071239,0.015013482998196265,-0.08988380041011623,0.22135291635083248,0.8276372750056961,0.23636639934902876,0.053998632946001365,0.14135021097046413,0.5757575757575758,0.053998632946001365,474,0.18220134874759153,0.8177986512524085,0.18220134874759153
humanpseaac,MLC_PA_SVM,0.20,4,Operating Point,,0.022446699942265384,64,,0.9456168831168831,1.6033185570783683,0.08719346049046321,734,0.22017625231910942,0.9148886827458256,0.02380952380952381,0.014325396825396824,-0.12418831168831168,0.23265058888575987,0.7907003710575139,0.2469759857111567,0.05438311688311688,0.13646055437100213,0.5714285714285714,0.05438311688311688,469,0.22133660331085225,0.7786633966891477,0.22133660331085225
humanpseaac,MLC_PA_SVM,0.20,5,Operating Point,,0.02064983484613985,58,,0.9677197802197802,2.4579561661379046,0.07934336525307797,731,0.19910714285714287,0.91632326007326,0.011752136752136754,0.006625337611253105,-0.10897435897435892,0.2684263026794856,0.8073489010989011,0.2750516402907387,0.032280219780219783,0.20567375886524822,0.3958333333333333,0.032280219780219783,282,0.19907735982966646,0.8009226401703335,0.19907735982966646
humanpseaac,MLC_PA_SVM,0.25,1,Operating Point,,0.023061080486078946,0,,0.9989444053483463,0.0,0.0,729,0.18898076471968098,0.914496833216045,0.03503010399562124,0.018586983792463246,-0.10321369927281254,0.17769057279009343,0.8112831339432325,0.19627755658255666,0.001055594651653765,0.0,0.014778325123152709,0.001055594651653765,9,0.18891628507690506,0.811083714923095,0.18891628507690506
humanpseaac,MLC_PA_SVM,0.25,2,Operating Point,,0.022327325109959714,41,,0.9672335600907029,1.7024221453287198,0.055782312925170066,735,0.2723639455782313,0.9166666666666666,0.026984126984126985,0.014614876809583883,-0.18083900226757366,0.2177068676195804,0.735827664399093,0.23232174442916428,0.03276643990929705,0.14186851211072665,0.3952380952380952,0.03276643990929705,289,0.2731215566756535,0.7268784433243465,0.2731215566756535
humanpseaac,MLC_PA_SVM,0.25,3,Operating Point,,0.020926478770248936,5,,0.9756208703577125,0.283278256828626,0.006906077348066298,724,0.18609022556390978,0.9175210754158123,0.02817650186071239,0.015013482998196265,-0.09751651856915022,0.18186817576674502,0.8200045568466621,0.1968816587649413,0.02437912964228754,0.02336448598130841,0.3141945773524721,0.02437912964228754,214,0.18449322746380192,0.8155067725361981,0.18449322746380192
humanpseaac,MLC_PA_SVM,0.25,4,Operating Point,,0.022446699942265384,64,,0.9456168831168831,1.6033185570783683,0.08719346049046321,734,0.2228954081632653,0.9148886827458256,0.02380952380952381,0.014325396825396824,-0.12418831168831168,0.23265058888575987,0.7907003710575139,0.2469759857111567,0.05438311688311688,0.13646055437100213,0.5714285714285714,0.05438311688311688,469,0.22133660331085225,0.7786633966891477,0.22133660331085225
humanpseaac,MLC_PA_SVM,0.25,5,Operating Point,,0.02064983484613985,58,,0.9684065934065934,2.5113899958365553,0.07934336525307797,731,0.20054945054945056,0.91632326007326,0.011752136752136754,0.006625337611253105,-0.10897435897435892,0.2684263026794856,0.8073489010989011,0.2750516402907387,0.03159340659340659,0.21014492753623187,0.391025641025641,0.03159340659340659,276,0.198936170212766,0.801063829787234,0.198936170212766
humanpseaac,MLC_PA_SVM,0.30,1,Operating Point,,0.023061080486078946,0,,0.9989444053483463,0.0,0.0,729,0.18903354445226367,0.914496833216045,0.03503010399562124,0.018586983792463246,-0.10321369927281254,0.17769057279009343,0.8112831339432325,0.19627755658255666,0.001055594651653765,0.0,0.014778325123152709,0.001055594651653765,9,0.18891628507690506,0.811083714923095,0.18891628507690506
humanpseaac,MLC_PA_SVM,0.30,2,Operating Point,,0.022327325109959714,33,,0.9773242630385488,1.98,0.044897959183673466,735,0.27188208616780046,0.9166666666666666,0.026984126984126985,0.014614876809583883,-0.18174603174603166,0.21031671746314243,0.734920634920635,0.2249315942727263,0.022675736961451247,0.165,0.2968253968253968,0.022675736961451247,200,0.2712296983758701,0.7287703016241299,0.2712296983758701
humanpseaac,MLC_PA_SVM,0.30,3,Operating Point,,0.020926478770248936,0,,1.0,,0.0,724,0.18056504898610162,0.9175210754158123,0.02817650186071239,0.015013482998196265,-0.09808612440191389,0.17633131794326454,0.8194349510138984,0.1913448009414608,0.0,,0.0,0.0,0,0.1805650489861016,0.8194349510138984,0.1805650489861016
humanpseaac,MLC_PA_SVM,0.30,4,Operating Point,,0.022446699942265384,56,,0.9507189239332097,1.548145536143613,0.07629427792915532,734,0.22501159554730985,0.9148886827458256,0.02380952380952381,0.014325396825396824,-0.12511595547309828,0.2261285527389706,0.7897727272727273,0.24045394956436741,0.04928107606679035,0.13176470588235295,0.5292207792207793,0.04928107606679035,425,0.221124527381388,0.778875472618612,0.221124527381388
humanpseaac,MLC_PA_SVM,0.30,5,Operating Point,,0.02064983484613985,43,,0.9784798534798534,2.7334167709637045,0.058823529411764705,731,0.20082417582417583,0.91632326007326,0.011752136752136754,0.006625337611253105,-0.11069139194139188,0.2437477565622435,0.8056318681318682,0.2503730941734966,0.02152014652014652,0.22872340425531915,0.28525641025641024,0.02152014652014652,188,0.1986429574169396,0.8013570425830604,0.1986429574169396
humanpseaac,MLC_PA_SVM,0.35,1,Operating Point,,0.023061080486078946,0,,0.9989444053483463,0.0,0.0,729,0.18908632418484636,0.914496833216045,0.03503010399562124,0.018586983792463246,-0.10321369927281254,0.17769057279009343,0.8112831339432325,0.19627755658255666,0.001055594651653765,0.0,0.014778325123152709,0.001055594651653765,9,0.18891628507690506,0.811083714923095,0.18891628507690506
humanpseaac,MLC_PA_SVM,0.35,2,Operating Point,,0.022327325109959714,33,,0.9773242630385488,1.98,0.044897959183673466,735,0.273015873015873,0.9166666666666666,0.026984126984126985,0.014614876809583883,-0.18174603174603166,0.21031671746314243,0.734920634920635,0.2249315942727263,0.022675736961451247,0.165,0.2968253968253968,0.022675736961451247,200,0.2712296983758701,0.7287703016241299,0.2712296983758701
humanpseaac,MLC_PA_SVM,0.35,3,Operating Point,,0.020926478770248936,0,,1.0,,0.0,724,0.18056504898610162,0.9175210754158123,0.02817650186071239,0.015013482998196265,-0.09808612440191389,0.17633131794326454,0.8194349510138984,0.1913448009414608,0.0,,0.0,0.0,0,0.1805650489861016,0.8194349510138984,0.1805650489861016
humanpseaac,MLC_PA_SVM,0.35,4,Operating Point,,0.022446699942265384,36,,0.9756493506493507,2.0141689373297003,0.04904632152588556,734,0.22234461966604824,0.9148886827458256,0.02380952380952381,0.014325396825396824,-0.12871057513914652,0.20033932637576468,0.786178107606679,0.2146647232011615,0.024350649350649352,0.17142857142857143,0.3051948051948052,0.024350649350649352,210,0.21915854528167333,0.7808414547183267,0.21915854528167333
humanpseaac,MLC_PA_SVM,0.35,5,Operating Point,,0.02064983484613985,23,,0.9871794871794872,2.454172366621067,0.03146374829001368,731,0.20114468864468865,0.91632326007326,0.011752136752136754,0.006625337611253105,-0.11298076923076916,0.22778116358754444,0.8033424908424909,0.23440650119879755,0.01282051282051282,0.20535714285714285,0.1778846153846154,0.01282051282051282,112,0.19921150278293132,0.8007884972170687,0.19921150278293132
humanpseaac,MLC_PA_SVM,0.40,1,Operating Point,,0.023061080486078946,0,,0.9989444053483463,0.0,0.0,729,0.18913910391742902,0.914496833216045,0.03503010399562124,0.018586983792463246,-0.10321369927281254,0.17769057279009343,0.8112831339432325,0.19627755658255666,0.001055594651653765,0.0,0.014778325123152709,0.001055594651653765,9,0.18891628507690506,0.811083714923095,0.18891628507690506
humanpseaac,MLC_PA_SVM,0.40,2,Operating Point,,0.022327325109959714,30,,0.9785714285714285,1.9047619047619047,0.04081632653061224,735,0.27399092970521544,0.9166666666666666,0.026984126984126985,0.014614876809583883,-0.1820861678004535,0.20806825636889137,0.7345804988662131,0.22268313317847524,0.02142857142857143,0.15873015873015872,0.2841269841269841,0.02142857142857143,189,0.2712316069980303,0.7287683930019697,0.2712316069980303
humanpseaac,MLC_PA_SVM,0.40,3,Operating Point,,0.020926478770248936,0,,1.0,,0.0,724,0.18056504898610162,0.9175210754158123,0.02817650186071239,0.015013482998196265,-0.09808612440191389,0.17633131794326454,0.8194349510138984,0.1913448009414608,0.0,,0.0,0.0,0,0.1805650489861016,0.8194349510138984,0.1805650489861016
humanpseaac,MLC_PA_SVM,0.40,4,Operating Point,,0.022446699942265384,20,,0.9888682745825603,2.447774750227066,0.027247956403269755,734,0.22012987012987012,0.9148886827458256,0.02380952380952381,0.014325396825396824,-0.13056586270871984,0.18762762862469684,0.7843228200371057,0.20195302545009367,0.011131725417439703,0.20833333333333334,0.15584415584415584,0.011131725417439703,96,0.21810506566604126,0.7818949343339587,0.21810506566604126
humanpseaac,MLC_PA_SVM,0.40,5,Operating Point,,0.02064983484613985,23,,0.9871794871794872,2.454172366621067,0.03146374829001368,731,0.2017857142857143,0.91632326007326,0.011752136752136754,0.006625337611253105,-0.11298076923076916,0.22778116358754444,0.8033424908424909,0.23440650119879755,0.01282051282051282,0.20535714285714285,0.1778846153846154,0.01282051282051282,112,0.19921150278293132,0.8007884972170687,0.19921150278293132
humanpseaac,MLC_PA_SVM,0.50,1,Operating Point,,0.023061080486078946,0,,1.0,,0.0,729,0.1897724607084213,0.914496833216045,0.03503010399562124,0.018586983792463246,-0.10426929392446627,0.17769057279009343,0.8102275392915788,0.19627755658255666,0.0,,0.0,0.0,0,0.18977246070842124,0.8102275392915788,0.18977246070842124
humanpseaac,MLC_PA_SVM,0.50,2,Operating Point,,0.022327325109959714,0,,1.0,,0.0,735,0.2719954648526077,0.9166666666666666,0.026984126984126985,0.014614876809583883,-0.18866213151927436,0.18029858326673043,0.7280045351473923,0.1949134600763143,0.0,,0.0,0.0,0,0.2719954648526077,0.7280045351473923,0.2719954648526077
humanpseaac,MLC_PA_SVM,0.50,3,Operating Point,,0.020926478770248936,0,,1.0,,0.0,724,0.18056504898610162,0.9175210754158123,0.02817650186071239,0.015013482998196265,-0.09808612440191389,0.17633131794326454,0.8194349510138984,0.1913448009414608,0.0,,0.0,0.0,0,0.1805650489861016,0.8194349510138984,0.1805650489861016
humanpseaac,MLC_PA_SVM,0.50,4,Operating Point,,0.022446699942265384,0,,1.0,,0.0,734,0.21880797773654917,0.9148886827458256,0.02380952380952381,0.014325396825396824,-0.13369666048237472,0.16803610903317726,0.7811920222634509,0.18236150585857408,0.0,,0.0,0.0,0,0.21880797773654914,0.7811920222634509,0.21880797773654914
humanpseaac,MLC_PA_SVM,0.50,5,Operating Point,,0.02064983484613985,0,,1.0,,0.0,731,0.2054716117216117,0.91632326007326,0.011752136752136754,0.006625337611253105,-0.1217948717948718,0.209596585810623,0.7945283882783882,0.2162219234218761,0.0,,0.0,0.0,0,0.20547161172161177,0.7945283882783882,0.20547161172161177
humanpseaac,GSI_MLC_PA_SVM,0.20,1,Operating Point,,0.023679008384627387,17,,0.9856908280553601,1.6120070289387638,0.023066485753052916,737,0.22371569317382123,0.9135585268590195,0.06677613574165298,0.036748547834826825,-0.13441238564391278,0.1752790864214394,0.7791461412151067,0.21202763425626622,0.014309171944639924,0.13934426229508196,0.19540229885057472,0.014309171944639924,122,0.22405997144217038,0.7759400285578296,0.22405997144217038
humanpseaac,GSI_MLC_PA_SVM,0.20,2,Operating Point,,0.02261373149444374,37,,0.9682539682539683,1.577131258457375,0.05006765899864682,739,0.19081632653061226,0.9162131519274377,0.03835978835978836,0.025756865260939128,-0.10068027210884356,0.20825378989514104,0.8155328798185941,0.23401065515608016,0.031746031746031744,0.13214285714285715,0.3984126984126984,0.031746031746031744,280,0.19051522248243558,0.8094847775175644,0.19051522248243558
humanpseaac,GSI_MLC_PA_SVM,0.20,3,Operating Point,,0.02128316690313202,20,,0.987924356345409,2.2939424031777556,0.027700831024930747,722,0.1942583732057416,0.9177489177489178,0.03641679957469431,0.024158547820745595,-0.10959216222374124,0.17486977854225688,0.8081567555251765,0.19902832636300247,0.012075643654591022,0.18867924528301888,0.16905901116427433,0.012075643654591022,106,0.19418819188191883,0.8058118081180812,0.19418819188191883
humanpseaac,GSI_MLC_PA_SVM,0.20,4,Operating Point,,0.023454090193894588,119,,0.9442254174397031,2.8910411349435736,0.16124661246612465,738,0.1776669758812616,0.9144248608534322,0.03679653679653679,0.026814339770996117,-0.08093692022263443,0.23339276291705863,0.8334879406307978,0.26020710268805475,0.05577458256029685,0.24740124740124741,0.6038961038961039,0.05577458256029685,481,0.17634778337222157,0.8236522166277784,0.17634778337222157
humanpseaac,GSI_MLC_PA_SVM,0.20,5,Operating Point,,0.021285219325935707,25,,0.976304945054945,1.4238494787693872,0.033738191632928474,741,0.18891941391941394,0.9151785714285714,0.025641025641025637,0.017238561093980986,-0.09935897435897434,0.2206497025971667,0.8158195970695971,0.23788826369114768,0.023695054945054944,0.12077294685990338,0.30128205128205127,0.023695054945054944,207,0.188650486575214,0.811349513424786,0.188650486575214
humanpseaac,GSI_MLC_PA_SVM,0.25,1,Operating Point,,0.023679008384627387,5,,0.9958949096880131,1.6526458616010855,0.0067842605156037995,737,0.22563335679099225,0.9135585268590195,0.06677613574165298,0.036748547834826825,-0.13816561107201508,0.16824628174194833,0.7753929157870044,0.20499482957677517,0.004105090311986864,0.14285714285714285,0.05747126436781609,0.004105090311986864,35,0.22553291720645385,0.7744670827935461,0.22553291720645385
humanpseaac,GSI_MLC_PA_SVM,0.25,2,Operating Point,,0.02261373149444374,21,,0.9807256235827665,1.474329379925177,0.028416779431664412,739,0.1910997732426304,0.9162131519274377,0.03835978835978836,0.025756865260939128,-0.10249433106575967,0.1983382006227829,0.813718820861678,0.22409506588372202,0.01927437641723356,0.12352941176470589,0.2523809523809524,0.01927437641723356,170,0.1899421965317919,0.8100578034682081,0.1899421965317919
humanpseaac,GSI_MLC_PA_SVM,0.25,3,Operating Point,,0.02128316690313202,20,,0.987924356345409,2.2939424031777556,0.027700831024930747,722,0.19486215538847118,0.9177489177489178,0.03641679957469431,0.024158547820745595,-0.10959216222374124,0.17486977854225688,0.8081567555251765,0.19902832636300247,0.012075643654591022,0.18867924528301888,0.16905901116427433,0.012075643654591022,106,0.19418819188191883,0.8058118081180812,0.19418819188191883
humanpseaac,GSI_MLC_PA_SVM,0.25,4,Operating Point,,0.023454090193894588,119,,0.9442254174397031,2.8910411349435736,0.16124661246612465,738,0.18045570500927643,0.9144248608534322,0.03679653679653679,0.026814339770996117,-0.08093692022263443,0.23339276291705863,0.8334879406307978,0.26020710268805475,0.05577458256029685,0.24740124740124741,0.6038961038961039,0.05577458256029685,481,0.17634778337222157,0.8236522166277784,0.17634778337222157
humanpseaac,GSI_MLC_PA_SVM,0.25,5,Operating Point,,0.021285219325935707,23,,0.9768772893772893,1.3423658155289213,0.0310391363022942,741,0.19030448717948717,0.9151785714285714,0.025641025641025637,0.017238561093980986,-0.09970238095238093,0.22030797115787432,0.8154761904761905,0.2375465322518553,0.023122710622710624,0.11386138613861387,0.2980769230769231,0.023122710622710624,202,0.18889149285212092,0.8111085071478791,0.18889149285212092
humanpseaac,GSI_MLC_PA_SVM,0.30,1,Operating Point,,0.023679008384627387,4,,0.9967159277504105,1.6526458616010855,0.005427408412483039,737,0.22629603565564155,0.9135585268590195,0.06677613574165298,0.036748547834826825,-0.1388693408397842,0.16750046225643295,0.7746891860192353,0.20424901009125976,0.003284072249589491,0.14285714285714285,0.04597701149425287,0.003284072249589491,28,0.22605318898564364,0.7739468110143564,0.22605318898564364
humanpseaac,GSI_MLC_PA_SVM,0.30,2,Operating Point,,0.02261373149444374,3,,0.9905895691609977,0.4313872540228573,0.0040595399188092015,739,0.19227891156462587,0.9162131519274377,0.03835978835978836,0.025756865260939128,-0.10566893424036283,0.18142022703800015,0.8105442176870749,0.20717709229893927,0.009410430839002268,0.03614457831325301,0.12698412698412698,0.009410430839002268,83,0.19125557971843876,0.8087444202815612,0.19125557971843876
humanpseaac,GSI_MLC_PA_SVM,0.30,3,Operating Point,,0.02128316690313202,16,,0.9897470950102529,2.16140350877193,0.0221606648199446,722,0.19537480063795853,0.9177489177489178,0.03641679957469431,0.024158547820745595,-0.11004784688995217,0.1717548144866252,0.8077010708589656,0.19591336230737078,0.010252904989747095,0.17777777777777778,0.14354066985645933,0.010252904989747095,90,0.19429097605893186,0.8057090239410681,0.19429097605893186
humanpseaac,GSI_MLC_PA_SVM,0.30,4,Operating Point,,0.023454090193894588,10,,0.9816790352504638,0.7395972693904155,0.013550135501355014,738,0.18708256029684603,0.9144248608534322,0.03679653679653679,0.026814339770996117,-0.09601113172541731,0.18835627265840896,0.8184137291280149,0.21517061242940508,0.018320964749536178,0.06329113924050633,0.2483766233766234,0.018320964749536178,158,0.18497519489723602,0.815024805102764,0.18497519489723602
humanpseaac,GSI_MLC_PA_SVM,0.30,5,Operating Point,,0.021285219325935707,0,,0.9959935897435898,0.0,0.0,741,0.1944253663003663,0.9151785714285714,0.025641025641025637,0.017238561093980986,-0.1084020146520146,0.1991315202552744,0.8067765567765568,0.21637008134925537,0.004006410256410256,0.0,0.05608974358974359,0.004006410256410256,35,0.19400068957591077,0.8059993104240892,0.19400068957591077
humanpseaac,GSI_MLC_PA_SVM,0.35,1,Operating Point,,0.023679008384627387,4,,0.9967159277504105,1.6526458616010855,0.005427408412483039,737,0.22646023926812106,0.9135585268590195,0.06677613574165298,0.036748547834826825,-0.1388693408397842,0.16750046225643295,0.7746891860192353,0.20424901009125976,0.003284072249589491,0.14285714285714285,0.04597701149425287,0.003284072249589491,28,0.22605318898564364,0.7739468110143564,0.22605318898564364
humanpseaac,GSI_MLC_PA_SVM,0.35,2,Operating Point,,0.02261373149444374,0,,0.996031746031746,0.0,0.0,739,0.19367913832199546,0.9162131519274377,0.03835978835978836,0.025756865260939128,-0.10850340136054426,0.17547606420402218,0.8077097505668934,0.2012329294649613,0.003968253968253968,0.0,0.05555555555555555,0.003968253968253968,35,0.1930563460443938,0.8069436539556062,0.1930563460443938
humanpseaac,GSI_MLC_PA_SVM,0.35,3,Operating Point,,0.02128316690313202,0,,1.0,,0.0,722,0.19548872180451127,0.9177489177489178,0.03641679957469431,0.024158547820745595,-0.11323763955342903,0.16290823370691515,0.8045112781954887,0.18706678152766074,0.0,,0.0,0.0,0,0.19548872180451127,0.8045112781954887,0.19548872180451127
humanpseaac,GSI_MLC_PA_SVM,0.35,4,Operating Point,,0.023454090193894588,10,,0.9816790352504638,0.7395972693904155,0.013550135501355014,738,0.18799860853432285,0.9144248608534322,0.03679653679653679,0.026814339770996117,-0.09601113172541731,0.18835627265840896,0.8184137291280149,0.21517061242940508,0.018320964749536178,0.06329113924050633,0.2483766233766234,0.018320964749536178,158,0.18497519489723602,0.815024805102764,0.18497519489723602
humanpseaac,GSI_MLC_PA_SVM,0.35,5,Operating Point,,0.021285219325935707,0,,0.9959935897435898,0.0,0.0,741,0.19462568681318682,0.9151785714285714,0.025641025641025637,0.017238561093980986,-0.1084020146520146,0.1991315202552744,0.8067765567765568,0.21637008134925537,0.004006410256410256,0.0,0.05608974358974359,0.004006410256410256,35,0.19400068957591077,0.8059993104240892,0.19400068957591077
humanpseaac,GSI_MLC_PA_SVM,0.40,1,Operating Point,,0.023679008384627387,0,,1.0,,0.0,737,0.2257799671592775,0.9135585268590195,0.06677613574165298,0.036748547834826825,-0.139338494018297,0.16556839746423196,0.7742200328407225,0.20231694529905878,0.0,,0.0,0.0,0,0.2257799671592775,0.7742200328407225,0.2257799671592775
humanpseaac,GSI_MLC_PA_SVM,0.40,2,Operating Point,,0.02261373149444374,0,,0.996031746031746,0.0,0.0,739,0.19387755102040816,0.9162131519274377,0.03835978835978836,0.025756865260939128,-0.10850340136054426,0.17547606420402218,0.8077097505668934,0.2012329294649613,0.003968253968253968,0.0,0.05555555555555555,0.003968253968253968,35,0.1930563460443938,0.8069436539556062,0.1930563460443938
humanpseaac,GSI_MLC_PA_SVM,0.40,3,Operating Point,,0.02128316690313202,0,,1.0,,0.0,722,0.19548872180451127,0.9177489177489178,0.03641679957469431,0.024158547820745595,-0.11323763955342903,0.16290823370691515,0.8045112781954887,0.18706678152766074,0.0,,0.0,0.0,0,0.19548872180451127,0.8045112781954887,0.19548872180451127
humanpseaac,GSI_MLC_PA_SVM,0.40,4,Operating Point,,0.023454090193894588,10,,0.9816790352504638,0.7395972693904155,0.013550135501355014,738,0.1889146567717996,0.9144248608534322,0.03679653679653679,0.026814339770996117,-0.09601113172541731,0.18835627265840896,0.8184137291280149,0.21517061242940508,0.018320964749536178,0.06329113924050633,0.2483766233766234,0.018320964749536178,158,0.18497519489723602,0.815024805102764,0.18497519489723602
humanpseaac,GSI_MLC_PA_SVM,0.40,5,Operating Point,,0.021285219325935707,0,,0.9959935897435898,0.0,0.0,741,0.19482600732600733,0.9151785714285714,0.025641025641025637,0.017238561093980986,-0.1084020146520146,0.1991315202552744,0.8067765567765568,0.21637008134925537,0.004006410256410256,0.0,0.05608974358974359,0.004006410256410256,35,0.19400068957591077,0.8059993104240892,0.19400068957591077
humanpseaac,GSI_MLC_PA_SVM,0.50,1,Operating Point,,0.023679008384627387,0,,1.0,,0.0,737,0.2257799671592775,0.9135585268590195,0.06677613574165298,0.036748547834826825,-0.139338494018297,0.16556839746423196,0.7742200328407225,0.20231694529905878,0.0,,0.0,0.0,0,0.2257799671592775,0.7742200328407225,0.2257799671592775
humanpseaac,GSI_MLC_PA_SVM,0.50,2,Operating Point,,0.02261373149444374,0,,1.0,,0.0,739,0.19229024943310657,0.9162131519274377,0.03835978835978836,0.025756865260939128,-0.10850340136054426,0.17547606420402218,0.8077097505668934,0.2012329294649613,0.0,,0.0,0.0,0,0.19229024943310657,0.8077097505668934,0.19229024943310657
humanpseaac,GSI_MLC_PA_SVM,0.50,3,Operating Point,,0.02128316690313202,0,,1.0,,0.0,722,0.19548872180451127,0.9177489177489178,0.03641679957469431,0.024158547820745595,-0.11323763955342903,0.16290823370691515,0.8045112781954887,0.18706678152766074,0.0,,0.0,0.0,0,0.19548872180451127,0.8045112781954887,0.19548872180451127
humanpseaac,GSI_MLC_PA_SVM,0.50,4,Operating Point,,0.023454090193894588,0,,1.0,,0.0,738,0.18309369202226344,0.9144248608534322,0.03679653679653679,0.026814339770996117,-0.09751855287569566,0.1649784558760314,0.8169063079777366,0.19179279564702753,0.0,,0.0,0.0,0,0.18309369202226344,0.8169063079777366,0.18309369202226344
humanpseaac,GSI_MLC_PA_SVM,0.50,5,Operating Point,,0.021285219325935707,0,,1.0,,0.0,741,0.19322344322344323,0.9151785714285714,0.025641025641025637,0.017238561093980986,-0.1084020146520146,0.1991315202552744,0.8067765567765568,0.21637008134925537,0.0,,0.0,0.0,0,0.1932234432234432,0.8067765567765568,0.1932234432234432
humanpseaac,MLC_PA_MLP,0.20,1,Operating Point,,0.033724989986675384,42,,0.9512080694346704,1.1679756810353825,0.05698778833107191,737,0.19659863945578232,0.9135585268590195,0.0060207991242474,0.01098901098901099,-0.10039878020173587,0.29827115051298847,0.8131597466572836,0.3092601615019995,0.04879193056532958,0.10096153846153846,0.5073891625615764,0.04879193056532958,416,0.19642416769420468,0.8035758323057953,0.19642416769420468
humanpseaac,MLC_PA_MLP,0.20,2,Operating Point,,0.03401593335384602,108,,0.9268707482993197,2.0147847330181796,0.14733969986357434,733,0.14807256235827665,0.9168934240362812,0.005291005291005291,0.011204481792717087,-0.05034013605442178,0.29572436965260357,0.8665532879818594,0.30692885144532067,0.07312925170068027,0.16744186046511628,0.6333333333333333,0.07312925170068027,645,0.14397553516819572,0.8560244648318043,0.14397553516819572
humanpseaac,MLC_PA_MLP,0.20,3,Operating Point,,0.03422617778262003,38,,0.9748234221918433,2.0535229476405945,0.05170068027210884,735,0.17979038505354292,0.916267942583732,0.001594896331738437,0.0019569471624266144,-0.09102301207564356,0.22225838492453223,0.8252449305080884,0.22421533208695885,0.025176577808156755,0.17194570135746606,0.3014354066985646,0.025176577808156755,221,0.17926843519925206,0.8207315648007479,0.17926843519925206
humanpseaac,MLC_PA_MLP,0.20,4,Operating Point,,0.035483736206038737,76,,0.9383116883116883,1.664864864864865,0.10270270270270271,740,0.16273191094619666,0.9141929499072357,0.003246753246753247,0.005494505494505495,-0.06458719851577,0.3140225279783504,0.8496057513914657,0.31951703347285587,0.06168831168831169,0.14285714285714285,0.5714285714285714,0.06168831168831169,532,0.16028175976272863,0.8397182402372714,0.16028175976272863
humanpseaac,MLC_PA_MLP,0.20,5,Operating Point,,0.0352114357691192,30,,0.96371336996337,1.1233027019613222,0.04076086956521739,736,0.19109432234432236,0.9157509157509157,0.0016025641025641025,0.002976190476190476,-0.09958791208791207,0.25673631837484995,0.8161630036630036,0.2597125088510404,0.03628663003663004,0.0946372239747634,0.47275641025641024,0.03628663003663004,317,0.19075899750564207,0.8092410024943579,0.19075899750564207
humanpseaac,MLC_PA_MLP,0.25,1,Operating Point,,0.033724989986675384,24,,0.9756040347173353,1.3348293497547228,0.032564450474898234,737,0.19645789350222848,0.9135585268590195,0.0060207991242474,0.01098901098901099,-0.10391742904058177,0.2634073800531236,0.8096410978184377,0.2743963910421346,0.02439596528266479,0.11538461538461539,0.2824302134646962,0.02439596528266479,208,0.19511901899495077,0.8048809810050492,0.19511901899495077
humanpseaac,MLC_PA_MLP,0.25,2,Operating Point,,0.03401593335384602,40,,0.9656462585034014,1.5884808126105927,0.054570259208731244,733,0.15359977324263038,0.9168934240362812,0.005291005291005291,0.011204481792717087,-0.06190476190476191,0.26717847406400075,0.8549886621315193,0.27838295585671785,0.03435374149659864,0.132013201320132,0.373015873015873,0.03435374149659864,303,0.15017024773981447,0.8498297522601855,0.15017024773981447
humanpseaac,MLC_PA_MLP,0.25,3,Operating Point,,0.03422617778262003,22,,0.9895192526771475,2.8559006211180127,0.029931972789115645,735,0.18557758031442242,0.916267942583732,0.001594896331738437,0.0019569471624266144,-0.09922533606744122,0.20075526312786832,0.8170426065162908,0.20271221029029493,0.010480747322852585,0.2391304347826087,0.1419457735247209,0.010480747322852585,92,0.1848952337094174,0.8151047662905826,0.1848952337094174
humanpseaac,MLC_PA_MLP,0.25,4,Operating Point,,0.035483736206038737,35,,0.9659090909090909,1.3873873873873876,0.0472972972972973,740,0.17028061224489796,0.9141929499072357,0.003246753246753247,0.005494505494505495,-0.07595083487940635,0.2838219566472082,0.8382421150278293,0.2893164621417137,0.03409090909090909,0.11904761904761904,0.38961038961038963,0.03409090909090909,294,0.16746698679471783,0.8325330132052822,0.16746698679471783
humanpseaac,MLC_PA_MLP,0.25,5,Operating Point,,0.0352114357691192,28,,0.9727564102564102,1.3964194373401535,0.03804347826086957,736,0.1976304945054945,0.9157509157509157,0.0016025641025641025,0.002976190476190476,-0.10657051282051277,0.2442646630460517,0.8091804029304029,0.24724085352224218,0.027243589743589744,0.11764705882352941,0.3525641025641026,0.027243589743589744,238,0.196163803247823,0.803836196752177,0.196163803247823
humanpseaac,MLC_PA_MLP,0.30,1,Operating Point,,0.033724989986675384,9,,0.9867464227070138,0.921386630804145,0.012211668928086838,737,0.19785362420830402,0.9135585268590195,0.0060207991242474,0.01098901098901099,-0.10743607787942766,0.24992460719379825,0.8061224489795918,0.2609136181828092,0.01325357729298616,0.07964601769911504,0.180623973727422,0.01325357729298616,113,0.1964816355640081,0.8035183644359919,0.1964816355640081
humanpseaac,MLC_PA_MLP,0.30,2,Operating Point,,0.03401593335384602,38,,0.9667800453514739,1.5605604160749456,0.05184174624829468,733,0.15520408163265306,0.9168934240362812,0.005291005291005291,0.011204481792717087,-0.062131519274376434,0.2659478694626096,0.8547619047619047,0.2771523512553267,0.033219954648526076,0.1296928327645051,0.36984126984126986,0.033219954648526076,293,0.15022868535240996,0.84977131464759,0.15022868535240996
humanpseaac,MLC_PA_MLP,0.30,3,Operating Point,,0.03422617778262003,22,,0.9895192526771475,2.8559006211180127,0.029931972789115645,735,0.18610161768056505,0.916267942583732,0.001594896331738437,0.0019569471624266144,-0.09922533606744122,0.20075526312786832,0.8170426065162908,0.20271221029029493,0.010480747322852585,0.2391304347826087,0.1419457735247209,0.010480747322852585,92,0.1848952337094174,0.8151047662905826,0.1848952337094174
humanpseaac,MLC_PA_MLP,0.30,4,Operating Point,,0.035483736206038737,27,,0.9713589981447124,1.2739249370828318,0.03648648648648649,740,0.17220547309833026,0.9141929499072357,0.003246753246753247,0.005494505494505495,-0.07780612244897966,0.27465889490671647,0.836386827458256,0.28015340040122194,0.02864100185528757,0.10931174089068826,0.34415584415584416,0.02864100185528757,247,0.16843738808642716,0.8315626119135728,0.16843738808642716
humanpseaac,MLC_PA_MLP,0.30,5,Operating Point,,0.0352114357691192,25,,0.9757326007326007,1.3997128794093519,0.033967391304347824,736,0.19844322344322343,0.9157509157509157,0.0016025641025641025,0.002976190476190476,-0.10691391941391937,0.2421667139532302,0.8088369963369964,0.24514290442942066,0.024267399267399268,0.1179245283018868,0.32371794871794873,0.024267399267399268,212,0.19591740966682303,0.804082590333177,0.19591740966682303
humanpseaac,MLC_PA_MLP,0.35,1,Operating Point,,0.033724989986675384,7,,0.988036593947924,0.7939181099848353,0.009497964721845319,737,0.19829931972789117,0.9135585268590195,0.0060207991242474,0.01098901098901099,-0.10767065446868407,0.24958173481216858,0.8058878723903354,0.26057074580117956,0.011963406052076003,0.06862745098039216,0.16748768472906403,0.011963406052076003,102,0.1964624881291548,0.8035375118708452,0.1964624881291548
humanpseaac,MLC_PA_MLP,0.35,2,Operating Point,,0.03401593335384602,11,,0.9845804988662131,0.973236497873365,0.015006821282401092,733,0.16140589569160996,0.9168934240362812,0.005291005291005291,0.011204481792717087,-0.07290249433106577,0.24896723578178157,0.8439909297052154,0.26017171757449864,0.015419501133786848,0.08088235294117647,0.2126984126984127,0.015419501133786848,136,0.15845232611699678,0.8415476738830032,0.15845232611699678
humanpseaac,MLC_PA_MLP,0.35,3,Operating Point,,0.03422617778262003,2,,0.9993164730006835,3.9809523809523806,0.0027210884353741495,735,0.18547505126452493,0.916267942583732,0.001594896331738437,0.0019569471624266144,-0.10150375939849621,0.18408859646120165,0.8147641831852358,0.18604554362362827,0.000683526999316473,0.3333333333333333,0.009569377990430622,0.000683526999316473,6,0.18536251709986318,0.8146374829001368,0.18536251709986318
humanpseaac,MLC_PA_MLP,0.35,4,Operating Point,,0.035483736206038737,27,,0.9713589981447124,1.2739249370828318,0.03648648648648649,740,0.17363752319109463,0.9141929499072357,0.003246753246753247,0.005494505494505495,-0.07780612244897966,0.27465889490671647,0.836386827458256,0.28015340040122194,0.02864100185528757,0.10931174089068826,0.34415584415584416,0.02864100185528757,247,0.16843738808642716,0.8315626119135728,0.16843738808642716
humanpseaac,MLC_PA_MLP,0.35,5,Operating Point,,0.0352114357691192,6,,0.9916437728937729,0.9755807027992853,0.008152173913043478,736,0.1961481227106227,0.9157509157509157,0.0016025641025641025,0.002976190476190476,-0.10897435897435892,0.22843899967056328,0.8067765567765568,0.23141519014675374,0.008356227106227106,0.0821917808219178,0.11698717948717949,0.008356227106227106,73,0.19485166801339027,0.8051483319866097,0.19485166801339027
humanpseaac,MLC_PA_MLP,0.40,1,Operating Point,,0.033724989986675384,7,,0.988036593947924,0.7939181099848353,0.009497964721845319,737,0.19889749003049495,0.9135585268590195,0.0060207991242474,0.01098901098901099,-0.10767065446868407,0.24958173481216858,0.8058878723903354,0.26057074580117956,0.011963406052076003,0.06862745098039216,0.16748768472906403,0.011963406052076003,102,0.1964624881291548,0.8035375118708452,0.1964624881291548
humanpseaac,MLC_PA_MLP,0.40,2,Operating Point,,0.03401593335384602,11,,0.9845804988662131,0.973236497873365,0.015006821282401092,733,0.16217687074829934,0.9168934240362812,0.005291005291005291,0.011204481792717087,-0.07290249433106577,0.24896723578178157,0.8439909297052154,0.26017171757449864,0.015419501133786848,0.08088235294117647,0.2126984126984127,0.015419501133786848,136,0.15845232611699678,0.8415476738830032,0.15845232611699678
humanpseaac,MLC_PA_MLP,0.40,3,Operating Point,,0.03422617778262003,2,,0.9993164730006835,3.9809523809523806,0.0027210884353741495,735,0.1855092276144908,0.916267942583732,0.001594896331738437,0.0019569471624266144,-0.10150375939849621,0.18408859646120165,0.8147641831852358,0.18604554362362827,0.000683526999316473,0.3333333333333333,0.009569377990430622,0.000683526999316473,6,0.18536251709986318,0.8146374829001368,0.18536251709986318
humanpseaac,MLC_PA_MLP,0.40,4,Operating Point,,0.035483736206038737,16,,0.9780844155844156,0.9865865865865866,0.021621621621621623,740,0.1736549165120594,0.9141929499072357,0.003246753246753247,0.005494505494505495,-0.07908163265306123,0.2646451929340078,0.8351113172541744,0.27013969842851326,0.021915584415584416,0.08465608465608465,0.28084415584415584,0.021915584415584416,189,0.1685832839359811,0.8314167160640189,0.1685832839359811
humanpseaac,MLC_PA_MLP,0.40,5,Operating Point,,0.0352114357691192,6,,0.9916437728937729,0.9755807027992853,0.008152173913043478,736,0.19656593406593406,0.9157509157509157,0.0016025641025641025,0.002976190476190476,-0.10897435897435892,0.22843899967056328,0.8067765567765568,0.23141519014675374,0.008356227106227106,0.0821917808219178,0.11698717948717949,0.008356227106227106,73,0.19485166801339027,0.8051483319866097,0.19485166801339027
humanpseaac,MLC_PA_MLP,0.50,1,Operating Point,,0.033724989986675384,0,,1.0,,0.0,737,0.1956368754398311,0.9135585268590195,0.0060207991242474,0.01098901098901099,-0.10919540229885061,0.2205494767476524,0.8043631245601689,0.23153848773666338,0.0,,0.0,0.0,0,0.1956368754398311,0.8043631245601689,0.1956368754398311
humanpseaac,MLC_PA_MLP,0.50,2,Operating Point,,0.03401593335384602,0,,1.0,,0.0,733,0.15884353741496599,0.9168934240362812,0.005291005291005291,0.011204481792717087,-0.07573696145124709,0.20849790023449727,0.8411564625850341,0.21970238202721434,0.0,,0.0,0.0,0,0.15884353741496593,0.8411564625850341,0.15884353741496593
humanpseaac,MLC_PA_MLP,0.50,3,Operating Point,,0.03422617778262003,0,,1.0,,0.0,735,0.18546365914786966,0.916267942583732,0.001594896331738437,0.0019569471624266144,-0.10173160173160167,0.1735574609300661,0.8145363408521303,0.17551440809249272,0.0,,0.0,0.0,0,0.18546365914786966,0.8145363408521303,0.18546365914786966
humanpseaac,MLC_PA_MLP,0.50,4,Operating Point,,0.035483736206038737,0,,1.0,,0.0,740,0.16883116883116883,0.9141929499072357,0.003246753246753247,0.005494505494505495,-0.08302411873840443,0.20109421024909294,0.8311688311688312,0.20658871574359844,0.0,,0.0,0.0,0,0.16883116883116878,0.8311688311688312,0.16883116883116878
humanpseaac,MLC_PA_MLP,0.50,5,Operating Point,,0.0352114357691192,0,,1.0,,0.0,736,0.19391025641025642,0.9157509157509157,0.0016025641025641025,0.002976190476190476,-0.1096611721611721,0.22497524952962292,0.8060897435897436,0.22795144000581338,0.0,,0.0,0.0,0,0.1939102564102564,0.8060897435897436,0.1939102564102564
humanpseaac,GSI_MLC_PA_MLP,0.20,1,Operating Point,,0.026732712420270772,50,,0.9427633122214403,1.1901438334747847,0.0681198910081744,734,0.1838611306591602,0.9139103917429041,0.17268746579091404,0.10542167898343087,-0.0863241848463524,0.17973328350901996,0.8275862068965517,0.2851549624924508,0.0572366877785597,0.10245901639344263,0.6108374384236454,0.0572366877785597,488,0.18288131375964167,0.8171186862403583,0.18288131375964167
humanpseaac,GSI_MLC_PA_MLP,0.20,2,Operating Point,,0.02460944975726418,62,,0.9585034013605442,1.9974577014114139,0.08288770053475936,748,0.1801814058956916,0.9151927437641724,0.17857142857142858,0.10018004184120842,-0.0870748299319728,0.16932681551047596,0.8281179138321996,0.2695068573516844,0.04149659863945578,0.16939890710382513,0.4666666666666667,0.04149659863945578,366,0.17932339720842205,0.820676602791578,0.17932339720842205
humanpseaac,GSI_MLC_PA_MLP,0.20,3,Operating Point,,0.02104705669471326,37,,0.9683299156983367,1.5745215148635807,0.04986522911051213,742,0.17915242652084756,0.9154704944178629,0.190802764486975,0.10678633900193488,-0.08828890407837786,0.13550301361572417,0.827181590339485,0.24228935261765905,0.03167008430166325,0.13309352517985612,0.3668261562998405,0.03167008430166325,278,0.17847058823529416,0.8215294117647058,0.17847058823529416
humanpseaac,GSI_MLC_PA_MLP,0.20,4,Operating Point,,0.024962096278094807,130,,0.936456400742115,2.6466227892087892,0.16817593790426907,773,0.1549860853432282,0.9103664192949907,0.17213203463203464,0.10379366157164009,-0.05264378478664189,0.1851336941098346,0.8577226345083488,0.2889273556814747,0.06354359925788497,0.23722627737226276,0.6298701298701299,0.06354359925788497,548,0.15193164933135217,0.8480683506686478,0.15193164933135217
humanpseaac,GSI_MLC_PA_MLP,0.20,5,Operating Point,,0.022858345725560697,78,,0.9394459706959707,1.7597074591713409,0.10655737704918032,732,0.173282967032967,0.9162087912087912,0.17318376068376068,0.10338030903672676,-0.07738095238095233,0.20151862628674796,0.8388278388278388,0.30489893532347473,0.060554029304029304,0.14744801512287334,0.5368589743589743,0.060554029304029304,529,0.17156086267820148,0.8284391373217985,0.17156086267820148
humanpseaac,GSI_MLC_PA_MLP,0.25,1,Operating Point,,0.026732712420270772,35,,0.9666901243255923,1.4315251180105155,0.047683923705722074,734,0.18250058644147313,0.9139103917429041,0.17268746579091404,0.10542167898343087,-0.08808350926577535,0.15528369226901517,0.8258268824771288,0.260705371252446,0.03330987567440769,0.12323943661971831,0.39080459770114945,0.03330987567440769,284,0.18017471487503034,0.8198252851249697,0.18017471487503034
humanpseaac,GSI_MLC_PA_MLP,0.25,2,Operating Point,,0.02460944975726418,61,,0.9619047619047619,2.1407085561497325,0.08155080213903744,748,0.18151927437641724,0.9151927437641724,0.17857142857142858,0.10018004184120842,-0.08718820861678012,0.16868348533072197,0.8280045351473923,0.2688635271719304,0.0380952380952381,0.18154761904761904,0.43333333333333335,0.0380952380952381,336,0.17880716643092875,0.8211928335690712,0.17880716643092875
humanpseaac,GSI_MLC_PA_MLP,0.25,3,Operating Point,,0.02104705669471326,34,,0.9747095010252905,1.8118306986231514,0.04582210242587601,742,0.17948279790385052,0.9154704944178629,0.190802764486975,0.10678633900193488,-0.08863066757803606,0.12849851690178438,0.8268398268398268,0.23528485590371925,0.025290498974709502,0.15315315315315314,0.32216905901116427,0.025290498974709502,222,0.17765310892940622,0.8223468910705938,0.17765310892940622
humanpseaac,GSI_MLC_PA_MLP,0.25,4,Operating Point,,0.024962096278094807,70,,0.9591836734693877,2.21862871927555,0.09055627425614489,773,0.16361317254174398,0.9103664192949907,0.17213203463203464,0.10379366157164009,-0.06377551020408168,0.17434512390202522,0.8465909090909091,0.27813878547366533,0.04081632653061224,0.19886363636363635,0.4253246753246753,0.04081632653061224,352,0.15993713733075432,0.8400628626692457,0.15993713733075432
humanpseaac,GSI_MLC_PA_MLP,0.25,5,Operating Point,,0.022858345725560697,72,,0.9566163003663004,2.2672260910939053,0.09836065573770492,732,0.17568108974358973,0.9162087912087912,0.17318376068376068,0.10338030903672676,-0.08104395604395598,0.18263018879058976,0.8351648351648352,0.2860104978273165,0.04338369963369963,0.18997361477572558,0.4407051282051282,0.04338369963369963,379,0.17231063778868017,0.8276893622113198,0.17231063778868017
humanpseaac,GSI_MLC_PA_MLP,0.30,1,Operating Point,,0.026732712420270772,7,,0.9930799906169364,1.3781462153050386,0.009536784741144414,734,0.18574947220267418,0.9139103917429041,0.17268746579091404,0.10542167898343087,-0.0975838611306592,0.12846144714404023,0.8163265306122449,0.2338831261274711,0.00692000938306357,0.11864406779661017,0.09688013136288999,0.00692000938306357,59,0.1849533482933743,0.8150466517066257,0.1849533482933743
humanpseaac,GSI_MLC_PA_MLP,0.30,2,Operating Point,,0.02460944975726418,49,,0.9700680272108844,2.188563441905688,0.06550802139037433,748,0.18233560090702952,0.9151927437641724,0.17857142857142858,0.10018004184120842,-0.08854875283446717,0.16012572795779417,0.8266439909297052,0.2603057697990026,0.029931972789115645,0.1856060606060606,0.36984126984126986,0.029931972789115645,264,0.17870500233754094,0.8212949976624591,0.17870500233754094
humanpseaac,GSI_MLC_PA_MLP,0.30,3,Operating Point,,0.02104705669471326,30,,0.981658692185008,2.204382983710301,0.04043126684636118,742,0.17911825017088176,0.9154704944178629,0.190802764486975,0.10678633900193488,-0.08908635224424699,0.12586171768305823,0.8263841421736159,0.2326480566849931,0.018341307814992026,0.18633540372670807,0.24401913875598086,0.018341307814992026,161,0.1768596959498665,0.8231403040501335,0.1768596959498665
humanpseaac,GSI_MLC_PA_MLP,0.30,4,Operating Point,,0.024962096278094807,52,,0.9735621521335807,2.5444724359410813,0.06727037516170763,773,0.16342764378478666,0.9103664192949907,0.17213203463203464,0.10379366157164009,-0.06586270871985156,0.15705079876456285,0.8445037105751392,0.26084446033620295,0.026437847866419294,0.22807017543859648,0.3198051948051948,0.026437847866419294,228,0.15971891376846115,0.8402810862315389,0.15971891376846115
humanpseaac,GSI_MLC_PA_MLP,0.30,5,Operating Point,,0.022858345725560697,48,,0.9732142857142857,2.448087431693989,0.06557377049180328,732,0.18179945054945057,0.9162087912087912,0.17318376068376068,0.10338030903672676,-0.08997252747252749,0.1565146790107305,0.8262362637362637,0.25989498804745725,0.026785714285714284,0.20512820512820512,0.3317307692307692,0.026785714285714284,234,0.178546224417784,0.821453775582216,0.178546224417784
humanpseaac,GSI_MLC_PA_MLP,0.35,1,Operating Point,,0.026732712420270772,7,,0.9930799906169364,1.3781462153050386,0.009536784741144414,734,0.18609547267182736,0.9139103917429041,0.17268746579091404,0.10542167898343087,-0.0975838611306592,0.12846144714404023,0.8163265306122449,0.2338831261274711,0.00692000938306357,0.11864406779661017,0.09688013136288999,0.00692000938306357,59,0.1849533482933743,0.8150466517066257,0.1849533482933743
humanpseaac,GSI_MLC_PA_MLP,0.35,2,Operating Point,,0.02460944975726418,43,,0.9776643990929705,2.57376693178425,0.05748663101604278,748,0.18185374149659864,0.9151927437641724,0.17857142857142858,0.10018004184120842,-0.08922902494331064,0.13947514591290927,0.8259637188208617,0.23965518775411768,0.02233560090702948,0.2182741116751269,0.2857142857142857,0.02233560090702948,197,0.17801229270555496,0.821987707294445,0.17801229270555496
humanpseaac,GSI_MLC_PA_MLP,0.35,3,Operating Point,,0.02104705669471326,15,,0.9912280701754386,2.3045822102425877,0.02021563342318059,742,0.181015037593985,0.9154704944178629,0.190802764486975,0.10678633900193488,-0.0934153565732514,0.11682935995878327,0.8220551378446115,0.22361569896071815,0.008771929824561403,0.19480519480519481,0.12280701754385964,0.008771929824561403,77,0.17951959544879903,0.820480404551201,0.17951959544879903
humanpseaac,GSI_MLC_PA_MLP,0.35,4,Operating Point,,0.024962096278094807,9,,0.9953617810760668,2.5102199223803363,0.01164294954721863,773,0.1672077922077922,0.9103664192949907,0.17213203463203464,0.10379366157164009,-0.07595083487940635,0.12726707186339709,0.8344155844155844,0.2310607334350372,0.00463821892393321,0.225,0.06493506493506493,0.00463821892393321,40,0.16635601118359733,0.8336439888164027,0.16635601118359733
humanpseaac,GSI_MLC_PA_MLP,0.35,5,Operating Point,,0.022858345725560697,48,,0.9732142857142857,2.448087431693989,0.06557377049180328,732,0.18313873626373628,0.9162087912087912,0.17318376068376068,0.10338030903672676,-0.08997252747252749,0.1565146790107305,0.8262362637362637,0.25989498804745725,0.026785714285714284,0.20512820512820512,0.3317307692307692,0.026785714285714284,234,0.178546224417784,0.821453775582216,0.178546224417784
humanpseaac,GSI_MLC_PA_MLP,0.40,1,Operating Point,,0.026732712420270772,0,,1.0,,0.0,734,0.18824771287825476,0.9139103917429041,0.17268746579091404,0.10542167898343087,-0.10215810462115882,0.12048454791498044,0.8117522871217453,0.2259062268984113,0.0,,0.0,0.0,0,0.1882477128782547,0.8117522871217453,0.1882477128782547
humanpseaac,GSI_MLC_PA_MLP,0.40,2,Operating Point,,0.02460944975726418,43,,0.9776643990929705,2.57376693178425,0.05748663101604278,748,0.18297052154195012,0.9151927437641724,0.17857142857142858,0.10018004184120842,-0.08922902494331064,0.13947514591290927,0.8259637188208617,0.23965518775411768,0.02233560090702948,0.2182741116751269,0.2857142857142857,0.02233560090702948,197,0.17801229270555496,0.821987707294445,0.17801229270555496
humanpseaac,GSI_MLC_PA_MLP,0.40,3,Operating Point,,0.02104705669471326,0,,1.0,,0.0,742,0.18079289131920712,0.9154704944178629,0.190802764486975,0.10678633900193488,-0.09626338573707005,0.10471961539870756,0.8192071086807928,0.21150595440064243,0.0,,0.0,0.0,0,0.18079289131920717,0.8192071086807928,0.18079289131920717
humanpseaac,GSI_MLC_PA_MLP,0.40,4,Operating Point,,0.024962096278094807,0,,1.0,,0.0,773,0.16662801484230055,0.9103664192949907,0.17213203463203464,0.10379366157164009,-0.07699443413729123,0.11271680731313254,0.8333719851576995,0.21651046888477263,0.0,,0.0,0.0,0,0.1666280148423005,0.8333719851576995,0.1666280148423005
humanpseaac,GSI_MLC_PA_MLP,0.40,5,Operating Point,,0.022858345725560697,48,,0.9732142857142857,2.448087431693989,0.06557377049180328,732,0.18447802197802196,0.9162087912087912,0.17318376068376068,0.10338030903672676,-0.08997252747252749,0.1565146790107305,0.8262362637362637,0.25989498804745725,0.026785714285714284,0.20512820512820512,0.3317307692307692,0.026785714285714284,234,0.178546224417784,0.821453775582216,0.178546224417784
humanpseaac,GSI_MLC_PA_MLP,0.50,1,Operating Point,,0.026732712420270772,0,,1.0,,0.0,734,0.18824771287825476,0.9139103917429041,0.17268746579091404,0.10542167898343087,-0.10215810462115882,0.12048454791498044,0.8117522871217453,0.2259062268984113,0.0,,0.0,0.0,0,0.1882477128782547,0.8117522871217453,0.1882477128782547
humanpseaac,GSI_MLC_PA_MLP,0.50,2,Operating Point,,0.02460944975726418,0,,1.0,,0.0,748,0.18083900226757368,0.9151927437641724,0.17857142857142858,0.10018004184120842,-0.09603174603174602,0.11270682998824118,0.8191609977324263,0.2128868718294496,0.0,,0.0,0.0,0,0.18083900226757366,0.8191609977324263,0.18083900226757366
humanpseaac,GSI_MLC_PA_MLP,0.50,3,Operating Point,,0.02104705669471326,0,,1.0,,0.0,742,0.18079289131920712,0.9154704944178629,0.190802764486975,0.10678633900193488,-0.09626338573707005,0.10471961539870756,0.8192071086807928,0.21150595440064243,0.0,,0.0,0.0,0,0.18079289131920717,0.8192071086807928,0.18079289131920717
humanpseaac,GSI_MLC_PA_MLP,0.50,4,Operating Point,,0.024962096278094807,0,,1.0,,0.0,773,0.16662801484230055,0.9103664192949907,0.17213203463203464,0.10379366157164009,-0.07699443413729123,0.11271680731313254,0.8333719851576995,0.21651046888477263,0.0,,0.0,0.0,0,0.1666280148423005,0.8333719851576995,0.1666280148423005
humanpseaac,GSI_MLC_PA_MLP,0.50,5,Operating Point,,0.022858345725560697,0,,1.0,,0.0,732,0.19184981684981686,0.9162087912087912,0.17318376068376068,0.10338030903672676,-0.10805860805860801,0.12623137578970717,0.8081501831501832,0.22961168482643393,0.0,,0.0,0.0,0,0.19184981684981683,0.8081501831501832,0.19184981684981683
