Dataset,Model,Fold,Bin,Absolute Gap,Count,Lower Bound,Mean Predicted Probability,Observed Positive Rate,Upper Bound
emotions,BR_SVM,1,0,0.004975695097231579,178,0.0,0.03996812512748752,0.0449438202247191,0.1
emotions,BR_SVM,1,1,0.007414153421954284,139,0.1,0.1512990455082852,0.14388489208633093,0.2
emotions,BR_SVM,1,2,0.06318844312971289,110,0.2,0.2540975340388038,0.19090909090909092,0.3
emotions,BR_SVM,1,3,0.0185170790244793,87,0.3,0.3518504123578126,0.3333333333333333,0.4
emotions,BR_SVM,1,4,0.07350819254363028,54,0.4,0.44387856291400063,0.37037037037037035,0.5
emotions,BR_SVM,1,5,0.11787761534963337,42,0.5,0.5487890513170333,0.6666666666666666,0.6
emotions,BR_SVM,1,6,0.14490091036527575,39,0.6,0.6499708845065191,0.7948717948717948,0.7
emotions,BR_SVM,1,7,0.046313112272935664,34,0.7,0.7478045347858878,0.7941176470588235,0.8
emotions,BR_SVM,1,8,0.10393579359407779,27,0.8,0.8446765343348185,0.7407407407407407,0.9
emotions,BR_SVM,1,9,0.1381726481697776,22,0.9,0.9563544663515958,0.8181818181818182,1.0
emotions,BR_SVM,2,0,0.02348108524193733,168,0.0,0.041338228099080186,0.017857142857142856,0.1
emotions,BR_SVM,2,1,0.05291599573997349,130,0.1,0.1529159957399735,0.1,0.2
emotions,BR_SVM,2,2,0.01980422728229314,128,0.2,0.25417922728229314,0.234375,0.3
emotions,BR_SVM,2,3,0.08933541178703308,87,0.3,0.34744619740836924,0.4367816091954023,0.4
emotions,BR_SVM,2,4,0.05143218646284009,61,0.4,0.4403710922256845,0.4918032786885246,0.5
emotions,BR_SVM,2,5,0.13988383520733216,44,0.5,0.5419343466108496,0.6818181818181818,0.6
emotions,BR_SVM,2,6,0.08980781746947242,46,0.6,0.6493226173131362,0.7391304347826086,0.7
emotions,BR_SVM,2,7,0.08066695928573608,21,0.7,0.7473336259524027,0.6666666666666666,0.8
emotions,BR_SVM,2,8,0.1486539165178935,15,0.8,0.8513460834821065,1.0,0.9
emotions,BR_SVM,2,9,0.019376839910234644,14,0.9,0.9479482684816632,0.9285714285714286,1.0
emotions,BR_SVM,3,0,0.016869030226815948,172,0.0,0.04127050465690498,0.05813953488372093,0.1
emotions,BR_SVM,3,1,0.026785776734352118,125,0.1,0.1467857767343521,0.12,0.2
emotions,BR_SVM,3,2,0.08699447655480752,121,0.2,0.25228373275315463,0.1652892561983471,0.3
emotions,BR_SVM,3,3,0.06266974560592486,92,0.3,0.34527844125809876,0.2826086956521739,0.4
emotions,BR_SVM,3,4,0.020269447681950603,51,0.4,0.45031878761216704,0.47058823529411764,0.5
emotions,BR_SVM,3,5,0.03976994853908733,59,0.5,0.5482445248102737,0.5084745762711864,0.6
emotions,BR_SVM,3,6,0.1046269390641189,41,0.6,0.6514706219114909,0.7560975609756098,0.7
emotions,BR_SVM,3,7,0.012226228306933207,41,0.7,0.7438713326686766,0.7560975609756098,0.8
emotions,BR_SVM,3,8,0.062025652690367195,22,0.8,0.8470652564005419,0.9090909090909091,0.9
emotions,BR_SVM,3,9,0.08233480368341728,14,0.9,0.9394776608262744,0.8571428571428571,1.0
emotions,BR_SVM,4,0,0.008109004042267366,180,0.0,0.0414423373756007,0.03333333333333333,0.1
emotions,BR_SVM,4,1,0.06890522194179621,110,0.1,0.15072340375997803,0.08181818181818182,0.2
emotions,BR_SVM,4,2,0.042644139636179496,116,0.2,0.24954069136031742,0.20689655172413793,0.3
emotions,BR_SVM,4,3,0.024060656208741038,95,0.3,0.3443603964228379,0.3684210526315789,0.4
emotions,BR_SVM,4,4,0.08530889913953582,58,0.4,0.4491738594811538,0.5344827586206896,0.5
emotions,BR_SVM,4,5,0.09107721393758594,55,0.5,0.5452864224260504,0.6363636363636364,0.6
emotions,BR_SVM,4,6,0.09754509704057557,43,0.6,0.6466409494710523,0.7441860465116279,0.7
emotions,BR_SVM,4,7,0.0279975441785959,26,0.7,0.7412332250521734,0.7692307692307693,0.8
emotions,BR_SVM,4,8,0.024544533561257742,17,0.8,0.8480739453259636,0.8235294117647058,0.9
emotions,BR_SVM,4,9,0.10387353897094731,20,0.9,0.9538735389709473,0.85,1.0
emotions,BR_SVM,5,0,0.004689944791192675,154,0.0,0.04076460066335278,0.045454545454545456,0.1
emotions,BR_SVM,5,1,0.01736252320309481,108,0.1,0.14699215283272443,0.12962962962962962,0.2
emotions,BR_SVM,5,2,0.047691762185933295,114,0.2,0.24944614815084556,0.20175438596491227,0.3
emotions,BR_SVM,5,3,0.07525308623033411,85,0.3,0.34827632553437177,0.4235294117647059,0.4
emotions,BR_SVM,5,4,0.1896806435382113,47,0.4,0.4486172288022143,0.6382978723404256,0.5
emotions,BR_SVM,5,5,0.10864174873270882,47,0.5,0.5509327193523975,0.6595744680851063,0.6
emotions,BR_SVM,5,6,0.13313448590201304,37,0.6,0.6506492978817707,0.7837837837837838,0.7
emotions,BR_SVM,5,7,0.10223637907593341,27,0.7,0.7496154727759184,0.8518518518518519,0.8
emotions,BR_SVM,5,8,0.01584336492750371,18,0.8,0.8491766982608371,0.8333333333333334,0.9
emotions,BR_SVM,5,9,0.02523963591631717,17,0.9,0.9664161065045525,0.9411764705882353,1.0
emotions,CC_SVM,1,0,0.013051810773629248,181,0.0,0.03114708425399506,0.04419889502762431,0.1
emotions,CC_SVM,1,1,0.031657367612102194,112,0.1,0.1558426323878978,0.1875,0.2
emotions,CC_SVM,1,2,0.07243919262760562,95,0.2,0.25138656104865825,0.17894736842105263,0.3
emotions,CC_SVM,1,3,0.06019289826237878,86,0.3,0.35089057268098345,0.29069767441860467,0.4
emotions,CC_SVM,1,4,0.11613996602870802,54,0.4,0.44947329936204133,0.3333333333333333,0.5
emotions,CC_SVM,1,5,0.11196764655735186,46,0.5,0.546750255253004,0.43478260869565216,0.6
emotions,CC_SVM,1,6,0.04414326133150037,33,0.6,0.6502038673921064,0.6060606060606061,0.7
emotions,CC_SVM,1,7,0.04891976824513189,27,0.7,0.7526234719488356,0.7037037037037037,0.8
emotions,CC_SVM,1,8,0.18598975906980808,47,0.8,0.8455642271549144,0.6595744680851063,0.9
emotions,CC_SVM,1,9,0.10583139517728024,51,0.9,0.948968650079241,0.8431372549019608,1.0
emotions,CC_SVM,2,0,0.0120050595701147,163,0.0,0.0365449368707282,0.024539877300613498,0.1
emotions,CC_SVM,2,1,0.06540250073197068,93,0.1,0.15142400610831477,0.08602150537634409,0.2
emotions,CC_SVM,2,2,0.06690016271252383,114,0.2,0.2511106890283133,0.18421052631578946,0.3
emotions,CC_SVM,2,3,0.0704614754234042,98,0.3,0.34790587151537133,0.41836734693877553,0.4
emotions,CC_SVM,2,4,0.03861223366753813,58,0.4,0.44414638702211706,0.4827586206896552,0.5
emotions,CC_SVM,2,5,0.03417348030001621,43,0.5,0.5458013872767604,0.5116279069767442,0.6
emotions,CC_SVM,2,6,0.12050406065854169,55,0.6,0.6477767879312689,0.5272727272727272,0.7
emotions,CC_SVM,2,7,0.15658350087500905,37,0.7,0.7511780954696037,0.5945945945945946,0.8
emotions,CC_SVM,2,8,0.03398322336601478,33,0.8,0.852165041547833,0.8181818181818182,0.9
emotions,CC_SVM,2,9,0.03962699174880979,20,0.9,0.9396269917488098,0.9,1.0
emotions,CC_SVM,3,0,0.026665776855962053,181,0.0,0.03410770380702137,0.06077348066298342,0.1
emotions,CC_SVM,3,1,0.056949740633941606,104,0.1,0.15310358678778777,0.09615384615384616,0.2
emotions,CC_SVM,3,2,0.06740399646871495,106,0.2,0.24664927948758286,0.1792452830188679,0.3
emotions,CC_SVM,3,3,0.03964653066018731,82,0.3,0.3445245794406751,0.3048780487804878,0.4
emotions,CC_SVM,3,4,0.06614515781402586,55,0.4,0.4479633396322077,0.38181818181818183,0.5
emotions,CC_SVM,3,5,0.1198797601720561,46,0.5,0.5546623688677083,0.43478260869565216,0.6
emotions,CC_SVM,3,6,0.0076031228329273,47,0.6,0.6459009951733529,0.6382978723404256,0.7
emotions,CC_SVM,3,7,0.11967349197806376,41,0.7,0.7538198334414784,0.6341463414634146,0.8
emotions,CC_SVM,3,8,0.22079532593488693,40,0.8,0.8457953259348869,0.625,0.9
emotions,CC_SVM,3,9,0.04402298066351151,36,0.9,0.9329118695524004,0.8888888888888888,1.0
emotions,CC_SVM,4,0,0.014315208798708536,157,0.0,0.033423489053485606,0.01910828025477707,0.1
emotions,CC_SVM,4,1,0.04031627900102765,103,0.1,0.147112395505882,0.10679611650485436,0.2
emotions,CC_SVM,4,2,0.052977386169728996,113,0.2,0.24766765165645466,0.19469026548672566,0.3
emotions,CC_SVM,4,3,0.003112421479336047,86,0.3,0.34572478782298954,0.3488372093023256,0.4
emotions,CC_SVM,4,4,0.03575229548638864,62,0.4,0.4551071341960661,0.41935483870967744,0.5
emotions,CC_SVM,4,5,0.05891970104100752,49,0.5,0.5533251969181762,0.6122448979591837,0.6
emotions,CC_SVM,4,6,0.012288987636566162,44,0.6,0.6468019214543429,0.6590909090909091,0.7
emotions,CC_SVM,4,7,0.25442667092595783,28,0.7,0.7544266709259578,0.5,0.8
emotions,CC_SVM,4,8,0.21951758168464486,43,0.8,0.8474245584288309,0.627906976744186,0.9
emotions,CC_SVM,4,9,0.06618977955409466,35,0.9,0.9519040652683803,0.8857142857142857,1.0
emotions,CC_SVM,5,0,0.011117411691467776,144,0.0,0.03195074502480111,0.020833333333333332,0.1
emotions,CC_SVM,5,1,0.011719591487413167,87,0.1,0.14965062597017179,0.13793103448275862,0.2
emotions,CC_SVM,5,2,0.04471509238438948,112,0.2,0.2500722352415323,0.20535714285714285,0.3
emotions,CC_SVM,5,3,0.05433741172154749,75,0.3,0.34566258827845253,0.4,0.4
emotions,CC_SVM,5,4,0.09672015561507297,52,0.4,0.44174138284646547,0.5384615384615384,0.5
emotions,CC_SVM,5,5,0.060030678908030155,51,0.5,0.5478124583468718,0.6078431372549019,0.6
emotions,CC_SVM,5,6,0.01944032973713339,36,0.6,0.6472263369295332,0.6666666666666666,0.7
emotions,CC_SVM,5,7,0.030909138066428032,35,0.7,0.7451948523521423,0.7142857142857143,0.8
emotions,CC_SVM,5,8,0.15953298807144167,30,0.8,0.8595329880714416,0.7,0.9
emotions,CC_SVM,5,9,0.11228609457612038,32,0.9,0.9560360945761204,0.84375,1.0
emotions,MLC_PA_SVM,1,0,0.004975695097231579,178,0.0,0.03996812512748752,0.0449438202247191,0.1
emotions,MLC_PA_SVM,1,1,0.007414153421954284,139,0.1,0.1512990455082852,0.14388489208633093,0.2
emotions,MLC_PA_SVM,1,2,0.06318844312971289,110,0.2,0.2540975340388038,0.19090909090909092,0.3
emotions,MLC_PA_SVM,1,3,0.0185170790244793,87,0.3,0.3518504123578126,0.3333333333333333,0.4
emotions,MLC_PA_SVM,1,4,0.07350819254363028,54,0.4,0.44387856291400063,0.37037037037037035,0.5
emotions,MLC_PA_SVM,1,5,0.11787761534963337,42,0.5,0.5487890513170333,0.6666666666666666,0.6
emotions,MLC_PA_SVM,1,6,0.14490091036527575,39,0.6,0.6499708845065191,0.7948717948717948,0.7
emotions,MLC_PA_SVM,1,7,0.046313112272935664,34,0.7,0.7478045347858878,0.7941176470588235,0.8
emotions,MLC_PA_SVM,1,8,0.10393579359407779,27,0.8,0.8446765343348185,0.7407407407407407,0.9
emotions,MLC_PA_SVM,1,9,0.1381726481697776,22,0.9,0.9563544663515958,0.8181818181818182,1.0
emotions,MLC_PA_SVM,2,0,0.02348108524193733,168,0.0,0.041338228099080186,0.017857142857142856,0.1
emotions,MLC_PA_SVM,2,1,0.05291599573997349,130,0.1,0.1529159957399735,0.1,0.2
emotions,MLC_PA_SVM,2,2,0.01980422728229314,128,0.2,0.25417922728229314,0.234375,0.3
emotions,MLC_PA_SVM,2,3,0.08933541178703308,87,0.3,0.34744619740836924,0.4367816091954023,0.4
emotions,MLC_PA_SVM,2,4,0.05143218646284009,61,0.4,0.4403710922256845,0.4918032786885246,0.5
emotions,MLC_PA_SVM,2,5,0.13988383520733216,44,0.5,0.5419343466108496,0.6818181818181818,0.6
emotions,MLC_PA_SVM,2,6,0.08980781746947242,46,0.6,0.6493226173131362,0.7391304347826086,0.7
emotions,MLC_PA_SVM,2,7,0.08066695928573608,21,0.7,0.7473336259524027,0.6666666666666666,0.8
emotions,MLC_PA_SVM,2,8,0.1486539165178935,15,0.8,0.8513460834821065,1.0,0.9
emotions,MLC_PA_SVM,2,9,0.019376839910234644,14,0.9,0.9479482684816632,0.9285714285714286,1.0
emotions,MLC_PA_SVM,3,0,0.016869030226815948,172,0.0,0.04127050465690498,0.05813953488372093,0.1
emotions,MLC_PA_SVM,3,1,0.026785776734352118,125,0.1,0.1467857767343521,0.12,0.2
emotions,MLC_PA_SVM,3,2,0.08699447655480752,121,0.2,0.25228373275315463,0.1652892561983471,0.3
emotions,MLC_PA_SVM,3,3,0.06266974560592486,92,0.3,0.34527844125809876,0.2826086956521739,0.4
emotions,MLC_PA_SVM,3,4,0.020269447681950603,51,0.4,0.45031878761216704,0.47058823529411764,0.5
emotions,MLC_PA_SVM,3,5,0.03976994853908733,59,0.5,0.5482445248102737,0.5084745762711864,0.6
emotions,MLC_PA_SVM,3,6,0.1046269390641189,41,0.6,0.6514706219114909,0.7560975609756098,0.7
emotions,MLC_PA_SVM,3,7,0.012226228306933207,41,0.7,0.7438713326686766,0.7560975609756098,0.8
emotions,MLC_PA_SVM,3,8,0.062025652690367195,22,0.8,0.8470652564005419,0.9090909090909091,0.9
emotions,MLC_PA_SVM,3,9,0.08233480368341728,14,0.9,0.9394776608262744,0.8571428571428571,1.0
emotions,MLC_PA_SVM,4,0,0.008109004042267366,180,0.0,0.0414423373756007,0.03333333333333333,0.1
emotions,MLC_PA_SVM,4,1,0.06890522194179621,110,0.1,0.15072340375997803,0.08181818181818182,0.2
emotions,MLC_PA_SVM,4,2,0.042644139636179496,116,0.2,0.24954069136031742,0.20689655172413793,0.3
emotions,MLC_PA_SVM,4,3,0.024060656208741038,95,0.3,0.3443603964228379,0.3684210526315789,0.4
emotions,MLC_PA_SVM,4,4,0.08530889913953582,58,0.4,0.4491738594811538,0.5344827586206896,0.5
emotions,MLC_PA_SVM,4,5,0.09107721393758594,55,0.5,0.5452864224260504,0.6363636363636364,0.6
emotions,MLC_PA_SVM,4,6,0.09754509704057557,43,0.6,0.6466409494710523,0.7441860465116279,0.7
emotions,MLC_PA_SVM,4,7,0.0279975441785959,26,0.7,0.7412332250521734,0.7692307692307693,0.8
emotions,MLC_PA_SVM,4,8,0.024544533561257742,17,0.8,0.8480739453259636,0.8235294117647058,0.9
emotions,MLC_PA_SVM,4,9,0.10387353897094731,20,0.9,0.9538735389709473,0.85,1.0
emotions,MLC_PA_SVM,5,0,0.004689944791192675,154,0.0,0.04076460066335278,0.045454545454545456,0.1
emotions,MLC_PA_SVM,5,1,0.01736252320309481,108,0.1,0.14699215283272443,0.12962962962962962,0.2
emotions,MLC_PA_SVM,5,2,0.047691762185933295,114,0.2,0.24944614815084556,0.20175438596491227,0.3
emotions,MLC_PA_SVM,5,3,0.07525308623033411,85,0.3,0.34827632553437177,0.4235294117647059,0.4
emotions,MLC_PA_SVM,5,4,0.1896806435382113,47,0.4,0.4486172288022143,0.6382978723404256,0.5
emotions,MLC_PA_SVM,5,5,0.10864174873270882,47,0.5,0.5509327193523975,0.6595744680851063,0.6
emotions,MLC_PA_SVM,5,6,0.13313448590201304,37,0.6,0.6506492978817707,0.7837837837837838,0.7
emotions,MLC_PA_SVM,5,7,0.10223637907593341,27,0.7,0.7496154727759184,0.8518518518518519,0.8
emotions,MLC_PA_SVM,5,8,0.01584336492750371,18,0.8,0.8491766982608371,0.8333333333333334,0.9
emotions,MLC_PA_SVM,5,9,0.02523963591631717,17,0.9,0.9664161065045525,0.9411764705882353,1.0
emotions,GSI_MLC_PA_SVM,1,0,0.026899025023004806,221,0.0,0.03644939126658795,0.06334841628959276,0.1
emotions,GSI_MLC_PA_SVM,1,1,0.010020989727660856,124,0.1,0.14320481672395205,0.1532258064516129,0.2
emotions,GSI_MLC_PA_SVM,1,2,0.033894815242280024,94,0.2,0.24666077268908854,0.2127659574468085,0.3
emotions,GSI_MLC_PA_SVM,1,3,0.005328989197165346,73,0.3,0.34779474262182286,0.3424657534246575,0.4
emotions,GSI_MLC_PA_SVM,1,4,0.004965173678089296,58,0.4,0.4532410357470548,0.4482758620689655,0.5
emotions,GSI_MLC_PA_SVM,1,5,0.02248758544523899,35,0.5,0.5489409859833324,0.5714285714285714,0.6
emotions,GSI_MLC_PA_SVM,1,6,0.11396119372822744,42,0.6,0.6479435681765344,0.7619047619047619,0.7
emotions,GSI_MLC_PA_SVM,1,7,0.03051625143876724,41,0.7,0.7499715534392816,0.7804878048780488,0.8
emotions,GSI_MLC_PA_SVM,1,8,0.13043686742820682,25,0.8,0.8504368674282068,0.72,0.9
emotions,GSI_MLC_PA_SVM,1,9,0.11684900031594003,19,0.9,0.9589542634738347,0.8421052631578947,1.0
emotions,GSI_MLC_PA_SVM,2,0,0.011082461128302908,207,0.0,0.04006796837467972,0.028985507246376812,0.1
emotions,GSI_MLC_PA_SVM,2,1,0.05173619392679135,125,0.1,0.14773619392679135,0.096,0.2
emotions,GSI_MLC_PA_SVM,2,2,0.08106937973200584,94,0.2,0.24871785431054733,0.32978723404255317,0.3
emotions,GSI_MLC_PA_SVM,2,3,0.008747735588866823,74,0.3,0.34658557342670465,0.33783783783783783,0.4
emotions,GSI_MLC_PA_SVM,2,4,0.04923669684804671,62,0.4,0.4507633031519533,0.5,0.5
emotions,GSI_MLC_PA_SVM,2,5,0.14788094755541303,55,0.5,0.5430281433536779,0.6909090909090909,0.6
emotions,GSI_MLC_PA_SVM,2,6,0.07341204793230138,44,0.6,0.6538606793404259,0.7272727272727273,0.7
emotions,GSI_MLC_PA_SVM,2,7,0.04489559112490826,20,0.7,0.7448955911249082,0.7,0.8
emotions,GSI_MLC_PA_SVM,2,8,0.050362478781388775,18,0.8,0.8385264101075001,0.8888888888888888,0.9
emotions,GSI_MLC_PA_SVM,2,9,0.05454883403764321,15,0.9,0.9454511659623568,1.0,1.0
emotions,GSI_MLC_PA_SVM,3,0,0.03975541756599144,230,0.0,0.038505451999225955,0.0782608695652174,0.1
emotions,GSI_MLC_PA_SVM,3,1,0.037821518946405105,115,0.1,0.14216934503336162,0.10434782608695652,0.2
emotions,GSI_MLC_PA_SVM,3,2,0.053883399485869454,90,0.2,0.25388339948586947,0.2,0.3
emotions,GSI_MLC_PA_SVM,3,3,0.025240990224540627,73,0.3,0.35400811351221184,0.3287671232876712,0.4
emotions,GSI_MLC_PA_SVM,3,4,0.030613977960942895,60,0.4,0.4472806446276096,0.4166666666666667,0.5
emotions,GSI_MLC_PA_SVM,3,5,0.011918146564183663,58,0.5,0.5464009051848733,0.5344827586206896,0.6
emotions,GSI_MLC_PA_SVM,3,6,0.1395163827887378,43,0.6,0.6511812916298668,0.7906976744186046,0.7
emotions,GSI_MLC_PA_SVM,3,7,0.0073476162775714116,33,0.7,0.7502281412981862,0.7575757575757576,0.8
emotions,GSI_MLC_PA_SVM,3,8,0.0713887253911184,23,0.8,0.8416547528697511,0.9130434782608695,0.9
emotions,GSI_MLC_PA_SVM,3,9,0.09003039761800868,13,0.9,0.9361842437718548,0.8461538461538461,1.0
emotions,GSI_MLC_PA_SVM,4,0,0.00927590533748028,195,0.0,0.04004513610671105,0.03076923076923077,0.1
emotions,GSI_MLC_PA_SVM,4,1,0.05308798498891472,103,0.1,0.15017536362969142,0.0970873786407767,0.2
emotions,GSI_MLC_PA_SVM,4,2,0.015339936444209695,110,0.2,0.25170357280784605,0.23636363636363636,0.3
emotions,GSI_MLC_PA_SVM,4,3,0.021737939908364923,98,0.3,0.3456089988671453,0.3673469387755102,0.4
emotions,GSI_MLC_PA_SVM,4,4,0.049088335618270196,52,0.4,0.4509116643817298,0.5,0.5
emotions,GSI_MLC_PA_SVM,4,5,0.10892697877569846,54,0.5,0.5392211693724497,0.6481481481481481,0.6
emotions,GSI_MLC_PA_SVM,4,6,0.0825610741798023,44,0.6,0.644711653092925,0.7272727272727273,0.7
emotions,GSI_MLC_PA_SVM,4,7,0.007916161814087053,28,0.7,0.742083838185913,0.75,0.8
emotions,GSI_MLC_PA_SVM,4,8,0.031339366157523196,16,0.8,0.8436606338424768,0.875,0.9
emotions,GSI_MLC_PA_SVM,4,9,0.10238189350170335,20,0.9,0.9523818935017033,0.85,1.0
emotions,GSI_MLC_PA_SVM,5,0,0.025776960937364972,202,0.0,0.038579474706199386,0.06435643564356436,0.1
emotions,GSI_MLC_PA_SVM,5,1,0.0007393399157404335,97,0.1,0.14359055699147605,0.14432989690721648,0.2
emotions,GSI_MLC_PA_SVM,5,2,0.015525470049115725,83,0.2,0.24953477091473972,0.26506024096385544,0.3
emotions,GSI_MLC_PA_SVM,5,3,0.0970301516460686,63,0.3,0.3474142927983758,0.4444444444444444,0.4
emotions,GSI_MLC_PA_SVM,5,4,0.11614989372638912,58,0.4,0.4528156235149902,0.5689655172413793,0.5
emotions,GSI_MLC_PA_SVM,5,5,0.04278918539031085,44,0.5,0.5481199055187801,0.5909090909090909,0.6
emotions,GSI_MLC_PA_SVM,5,6,0.1274819578193347,36,0.6,0.6502958199584431,0.7777777777777778,0.7
emotions,GSI_MLC_PA_SVM,5,7,0.07255075964481117,33,0.7,0.7456310585370071,0.8181818181818182,0.8
emotions,GSI_MLC_PA_SVM,5,8,0.038249793049514924,20,0.8,0.838249793049515,0.8,0.9
emotions,GSI_MLC_PA_SVM,5,9,0.015058801379821407,18,0.9,0.9595032458242658,0.9444444444444444,1.0
music,BR_SVM,1,0,0.015202182776847619,150,0.0,0.04186884944351429,0.02666666666666667,0.1
music,BR_SVM,1,1,0.0621696270820571,123,0.1,0.1516005213910002,0.08943089430894309,0.2
music,BR_SVM,1,2,0.05913896937119334,133,0.2,0.2471088941832234,0.18796992481203006,0.3
music,BR_SVM,1,3,0.003968316207238309,109,0.3,0.3446555370037709,0.3486238532110092,0.4
music,BR_SVM,1,4,0.10962335740105578,59,0.4,0.44969867649724926,0.559322033898305,0.5
music,BR_SVM,1,5,0.1433795848671271,49,0.5,0.5504979661532811,0.6938775510204082,0.6
music,BR_SVM,1,6,0.20798124109997462,34,0.6,0.6449599353706136,0.8529411764705882,0.7
music,BR_SVM,1,7,0.11398049394289655,30,0.7,0.7526861727237701,0.8666666666666667,0.8
music,BR_SVM,1,8,0.03963128725687659,15,0.8,0.8396312872568766,0.8,0.9
music,BR_SVM,1,9,0.040790895620981926,12,0.9,0.9574575622876486,0.9166666666666666,1.0
music,BR_SVM,2,0,0.005467561158433776,154,0.0,0.03793509362596624,0.032467532467532464,0.1
music,BR_SVM,2,1,0.01989348821744727,148,0.1,0.14827186659582564,0.12837837837837837,0.2
music,BR_SVM,2,2,0.025481223913968815,102,0.2,0.24902858000759984,0.27450980392156865,0.3
music,BR_SVM,2,3,0.07875095473395455,72,0.3,0.34263984362284344,0.2638888888888889,0.4
music,BR_SVM,2,4,0.10768401622772217,64,0.4,0.45481598377227783,0.5625,0.5
music,BR_SVM,2,5,0.025515802935057952,51,0.5,0.5431116480453342,0.5686274509803921,0.6
music,BR_SVM,2,6,0.030457912520928776,44,0.6,0.6440942761572924,0.6136363636363636,0.7
music,BR_SVM,2,7,0.19208625952402758,33,0.7,0.7473076798699119,0.9393939393939394,0.8
music,BR_SVM,2,8,0.14002154767513275,20,0.8,0.8400215476751327,0.7,0.9
music,BR_SVM,2,9,0.026574867112295952,14,0.9,0.9551462956837246,0.9285714285714286,1.0
music,BR_SVM,3,0,0.0076027533824154225,166,0.0,0.04059001770192193,0.04819277108433735,0.1
music,BR_SVM,3,1,0.053975636302902,114,0.1,0.15046686437307744,0.09649122807017543,0.2
music,BR_SVM,3,2,0.06352538868027219,118,0.2,0.24996606664637389,0.1864406779661017,0.3
music,BR_SVM,3,3,0.055867335335774815,88,0.3,0.3513218807903203,0.29545454545454547,0.4
music,BR_SVM,3,4,0.0683211919976704,67,0.4,0.4540668677038221,0.5223880597014925,0.5
music,BR_SVM,3,5,0.0891307009590997,45,0.5,0.5553137434853448,0.6444444444444445,0.6
music,BR_SVM,3,6,0.06181603805585345,44,0.6,0.6427294164896011,0.7045454545454546,0.7
music,BR_SVM,3,7,0.09114615955660421,31,0.7,0.7475635178627507,0.8387096774193549,0.8
music,BR_SVM,3,8,0.09543244978960819,17,0.8,0.8457440207986271,0.9411764705882353,0.9
music,BR_SVM,3,9,0.016865164041519165,18,0.9,0.9613096084859636,0.9444444444444444,1.0
music,BR_SVM,4,0,0.009774398797262312,163,0.0,0.04044924542302918,0.03067484662576687,0.1
music,BR_SVM,4,1,0.03256903142958391,122,0.1,0.14732312979023965,0.11475409836065574,0.2
music,BR_SVM,4,2,0.07522320508956909,125,0.2,0.2512232050895691,0.176,0.3
music,BR_SVM,4,3,0.008315252630334169,95,0.3,0.3495794842117711,0.35789473684210527,0.4
music,BR_SVM,4,4,0.07142905944160055,56,0.4,0.44642808341554235,0.5178571428571429,0.5
music,BR_SVM,4,5,0.08627984291169699,41,0.5,0.5478664985517177,0.6341463414634146,0.6
music,BR_SVM,4,6,0.15537976052450098,46,0.6,0.6489680655624556,0.8043478260869565,0.7
music,BR_SVM,4,7,0.04834737560965796,33,0.7,0.7395314122691299,0.7878787878787878,0.8
music,BR_SVM,4,8,0.016356007920371174,18,0.8,0.8496893412537045,0.8333333333333334,0.9
music,BR_SVM,4,9,0.08240786790847776,15,0.9,0.9490745345751445,0.8666666666666667,1.0
music,BR_SVM,5,0,0.005639223157062549,172,0.0,0.035058451261542105,0.040697674418604654,0.1
music,BR_SVM,5,1,0.036162642730494673,118,0.1,0.15480671052710485,0.11864406779661017,0.2
music,BR_SVM,5,2,0.023086927334467544,120,0.2,0.2564202606678009,0.23333333333333334,0.3
music,BR_SVM,5,3,0.010437780287530729,90,0.3,0.34377111362086404,0.3333333333333333,0.4
music,BR_SVM,5,4,0.00967976053555808,60,0.4,0.44032023946444193,0.45,0.5
music,BR_SVM,5,5,0.1096064710035557,41,0.5,0.548930114362298,0.6585365853658537,0.6
music,BR_SVM,5,6,0.07583143479294241,36,0.6,0.6463907874292798,0.7222222222222222,0.7
music,BR_SVM,5,7,0.0690991336649115,33,0.7,0.7490826845169067,0.8181818181818182,0.8
music,BR_SVM,5,8,0.1411295500066545,18,0.8,0.8633517722288767,0.7222222222222222,0.9
music,BR_SVM,5,9,0.10176723736983084,26,0.9,0.947921083523677,0.8461538461538461,1.0
music,CC_SVM,1,0,0.017173185644940137,148,0.0,0.03744345591521041,0.02027027027027027,0.1
music,CC_SVM,1,1,0.0538193982217338,91,0.1,0.1527204971228327,0.0989010989010989,0.2
music,CC_SVM,1,2,0.04498883930500597,128,0.2,0.24811383930500597,0.203125,0.3
music,CC_SVM,1,3,0.047171954557580775,106,0.3,0.34905874701041095,0.3018867924528302,0.4
music,CC_SVM,1,4,0.032178075149141505,58,0.4,0.44597117859741736,0.41379310344827586,0.5
music,CC_SVM,1,5,0.09882587453593383,46,0.5,0.5533480385075444,0.6521739130434783,0.6
music,CC_SVM,1,6,0.09509581904257502,31,0.6,0.6468396648283927,0.7419354838709677,0.7
music,CC_SVM,1,7,0.06963264796792001,41,0.7,0.7525594772362127,0.6829268292682927,0.8
music,CC_SVM,1,8,0.1899404771187726,34,0.8,0.8369993006481844,0.6470588235294118,0.9
music,CC_SVM,1,9,0.1080023473308932,31,0.9,0.9467120247502481,0.8387096774193549,1.0
music,CC_SVM,2,0,0.005751985771154378,162,0.0,0.0374578907720555,0.043209876543209874,0.1
music,CC_SVM,2,1,0.025069143038150693,121,0.1,0.14848457597011377,0.17355371900826447,0.2
music,CC_SVM,2,2,0.026544516941286456,106,0.2,0.2529596112809091,0.22641509433962265,0.3
music,CC_SVM,2,3,0.16710515085019562,57,0.3,0.3425437473414237,0.17543859649122806,0.4
music,CC_SVM,2,4,0.08998865045999227,57,0.4,0.4538709986628148,0.543859649122807,0.5
music,CC_SVM,2,5,0.01724051727968101,51,0.5,0.5466522819855634,0.5294117647058824,0.6
music,CC_SVM,2,6,0.10411524772644043,42,0.6,0.6517342953454881,0.5476190476190477,0.7
music,CC_SVM,2,7,0.06823964575503738,47,0.7,0.7490907095848246,0.6808510638297872,0.8
music,CC_SVM,2,8,0.12043132002537071,26,0.8,0.8512005507946014,0.7307692307692307,0.9
music,CC_SVM,2,9,0.12108569976055261,33,0.9,0.9392675179423708,0.8181818181818182,1.0
music,CC_SVM,3,0,0.0014916070049021263,158,0.0,0.03313717662515529,0.03164556962025317,0.1
music,CC_SVM,3,1,0.009659301150928862,88,0.1,0.14602293751456522,0.13636363636363635,0.2
music,CC_SVM,3,2,0.08199493511885153,119,0.2,0.25006216200960785,0.16806722689075632,0.3
music,CC_SVM,3,3,0.06739512589070706,77,0.3,0.35310941160499276,0.2857142857142857,0.4
music,CC_SVM,3,4,0.022108995666106523,72,0.4,0.4526645512216621,0.4305555555555556,0.5
music,CC_SVM,3,5,0.05385470390319824,40,0.5,0.5538547039031982,0.5,0.6
music,CC_SVM,3,6,0.07311252587371397,36,0.6,0.6491096963485082,0.7222222222222222,0.7
music,CC_SVM,3,7,0.1234679954392569,35,0.7,0.7520394240106855,0.6285714285714286,0.8
music,CC_SVM,3,8,0.17030705416456182,47,0.8,0.851158117994349,0.6808510638297872,0.9
music,CC_SVM,3,9,0.09489612612459386,36,0.9,0.956007237235705,0.8611111111111112,1.0
music,CC_SVM,4,0,0.005522279268885197,160,0.0,0.0319777207311148,0.0375,0.1
music,CC_SVM,4,1,0.09973697554734018,90,0.1,0.15529253110289573,0.05555555555555555,0.2
music,CC_SVM,4,2,0.09013638026439227,130,0.2,0.2516748418028538,0.16153846153846155,0.3
music,CC_SVM,4,3,0.02919061891734598,80,0.3,0.345809381082654,0.375,0.4
music,CC_SVM,4,4,0.035398974393804905,48,0.4,0.4437676922728618,0.4791666666666667,0.5
music,CC_SVM,4,5,0.11851496011652846,47,0.5,0.5440468750101455,0.425531914893617,0.6
music,CC_SVM,4,6,0.0689731787462704,61,0.6,0.6523382966635657,0.7213114754098361,0.7
music,CC_SVM,4,7,0.11827413695199152,35,0.7,0.7468455655234201,0.6285714285714286,0.8
music,CC_SVM,4,8,0.13886922597885132,35,0.8,0.8531549402645656,0.7142857142857143,0.9
music,CC_SVM,4,9,0.0520968841654913,28,0.9,0.9449540270226342,0.8928571428571429,1.0
music,CC_SVM,5,0,0.00860269464608153,161,0.0,0.03344741514297594,0.024844720496894408,0.1
music,CC_SVM,5,1,0.0032828456976196907,88,0.1,0.15101011842489243,0.14772727272727273,0.2
music,CC_SVM,5,2,0.04466678036583796,117,0.2,0.24979498549404308,0.20512820512820512,0.3
music,CC_SVM,5,3,0.009012007850340065,87,0.3,0.3423453411836734,0.3333333333333333,0.4
music,CC_SVM,5,4,0.05709768380179553,66,0.4,0.45103707774118945,0.3939393939393939,0.5
music,CC_SVM,5,5,0.020530557348614642,42,0.5,0.5508980140799568,0.5714285714285714,0.6
music,CC_SVM,5,6,0.06106415040352764,34,0.6,0.6492994445211747,0.5882352941176471,0.7
music,CC_SVM,5,7,0.18089247771671846,35,0.7,0.7523210491452899,0.5714285714285714,0.8
music,CC_SVM,5,8,0.16834544864567846,44,0.8,0.8501636304638602,0.6818181818181818,0.9
music,CC_SVM,5,9,0.165116249024868,40,0.9,0.940116249024868,0.775,1.0
music,MLC_PA_SVM,1,0,0.015202182776847619,150,0.0,0.04186884944351429,0.02666666666666667,0.1
music,MLC_PA_SVM,1,1,0.0621696270820571,123,0.1,0.1516005213910002,0.08943089430894309,0.2
music,MLC_PA_SVM,1,2,0.05913896937119334,133,0.2,0.2471088941832234,0.18796992481203006,0.3
music,MLC_PA_SVM,1,3,0.003968316207238309,109,0.3,0.3446555370037709,0.3486238532110092,0.4
music,MLC_PA_SVM,1,4,0.10962335740105578,59,0.4,0.44969867649724926,0.559322033898305,0.5
music,MLC_PA_SVM,1,5,0.1433795848671271,49,0.5,0.5504979661532811,0.6938775510204082,0.6
music,MLC_PA_SVM,1,6,0.20798124109997462,34,0.6,0.6449599353706136,0.8529411764705882,0.7
music,MLC_PA_SVM,1,7,0.11398049394289655,30,0.7,0.7526861727237701,0.8666666666666667,0.8
music,MLC_PA_SVM,1,8,0.03963128725687659,15,0.8,0.8396312872568766,0.8,0.9
music,MLC_PA_SVM,1,9,0.040790895620981926,12,0.9,0.9574575622876486,0.9166666666666666,1.0
music,MLC_PA_SVM,2,0,0.005467561158433776,154,0.0,0.03793509362596624,0.032467532467532464,0.1
music,MLC_PA_SVM,2,1,0.01989348821744727,148,0.1,0.14827186659582564,0.12837837837837837,0.2
music,MLC_PA_SVM,2,2,0.025481223913968815,102,0.2,0.24902858000759984,0.27450980392156865,0.3
music,MLC_PA_SVM,2,3,0.07875095473395455,72,0.3,0.34263984362284344,0.2638888888888889,0.4
music,MLC_PA_SVM,2,4,0.10768401622772217,64,0.4,0.45481598377227783,0.5625,0.5
music,MLC_PA_SVM,2,5,0.025515802935057952,51,0.5,0.5431116480453342,0.5686274509803921,0.6
music,MLC_PA_SVM,2,6,0.030457912520928776,44,0.6,0.6440942761572924,0.6136363636363636,0.7
music,MLC_PA_SVM,2,7,0.19208625952402758,33,0.7,0.7473076798699119,0.9393939393939394,0.8
music,MLC_PA_SVM,2,8,0.14002154767513275,20,0.8,0.8400215476751327,0.7,0.9
music,MLC_PA_SVM,2,9,0.026574867112295952,14,0.9,0.9551462956837246,0.9285714285714286,1.0
music,MLC_PA_SVM,3,0,0.0076027533824154225,166,0.0,0.04059001770192193,0.04819277108433735,0.1
music,MLC_PA_SVM,3,1,0.053975636302902,114,0.1,0.15046686437307744,0.09649122807017543,0.2
music,MLC_PA_SVM,3,2,0.06352538868027219,118,0.2,0.24996606664637389,0.1864406779661017,0.3
music,MLC_PA_SVM,3,3,0.055867335335774815,88,0.3,0.3513218807903203,0.29545454545454547,0.4
music,MLC_PA_SVM,3,4,0.0683211919976704,67,0.4,0.4540668677038221,0.5223880597014925,0.5
music,MLC_PA_SVM,3,5,0.0891307009590997,45,0.5,0.5553137434853448,0.6444444444444445,0.6
music,MLC_PA_SVM,3,6,0.06181603805585345,44,0.6,0.6427294164896011,0.7045454545454546,0.7
music,MLC_PA_SVM,3,7,0.09114615955660421,31,0.7,0.7475635178627507,0.8387096774193549,0.8
music,MLC_PA_SVM,3,8,0.09543244978960819,17,0.8,0.8457440207986271,0.9411764705882353,0.9
music,MLC_PA_SVM,3,9,0.016865164041519165,18,0.9,0.9613096084859636,0.9444444444444444,1.0
music,MLC_PA_SVM,4,0,0.009774398797262312,163,0.0,0.04044924542302918,0.03067484662576687,0.1
music,MLC_PA_SVM,4,1,0.03256903142958391,122,0.1,0.14732312979023965,0.11475409836065574,0.2
music,MLC_PA_SVM,4,2,0.07522320508956909,125,0.2,0.2512232050895691,0.176,0.3
music,MLC_PA_SVM,4,3,0.008315252630334169,95,0.3,0.3495794842117711,0.35789473684210527,0.4
music,MLC_PA_SVM,4,4,0.07142905944160055,56,0.4,0.44642808341554235,0.5178571428571429,0.5
music,MLC_PA_SVM,4,5,0.08627984291169699,41,0.5,0.5478664985517177,0.6341463414634146,0.6
music,MLC_PA_SVM,4,6,0.15537976052450098,46,0.6,0.6489680655624556,0.8043478260869565,0.7
music,MLC_PA_SVM,4,7,0.04834737560965796,33,0.7,0.7395314122691299,0.7878787878787878,0.8
music,MLC_PA_SVM,4,8,0.016356007920371174,18,0.8,0.8496893412537045,0.8333333333333334,0.9
music,MLC_PA_SVM,4,9,0.08240786790847776,15,0.9,0.9490745345751445,0.8666666666666667,1.0
music,MLC_PA_SVM,5,0,0.005639223157062549,172,0.0,0.035058451261542105,0.040697674418604654,0.1
music,MLC_PA_SVM,5,1,0.036162642730494673,118,0.1,0.15480671052710485,0.11864406779661017,0.2
music,MLC_PA_SVM,5,2,0.023086927334467544,120,0.2,0.2564202606678009,0.23333333333333334,0.3
music,MLC_PA_SVM,5,3,0.010437780287530729,90,0.3,0.34377111362086404,0.3333333333333333,0.4
music,MLC_PA_SVM,5,4,0.00967976053555808,60,0.4,0.44032023946444193,0.45,0.5
music,MLC_PA_SVM,5,5,0.1096064710035557,41,0.5,0.548930114362298,0.6585365853658537,0.6
music,MLC_PA_SVM,5,6,0.07583143479294241,36,0.6,0.6463907874292798,0.7222222222222222,0.7
music,MLC_PA_SVM,5,7,0.0690991336649115,33,0.7,0.7490826845169067,0.8181818181818182,0.8
music,MLC_PA_SVM,5,8,0.1411295500066545,18,0.8,0.8633517722288767,0.7222222222222222,0.9
music,MLC_PA_SVM,5,9,0.10176723736983084,26,0.9,0.947921083523677,0.8461538461538461,1.0
music,GSI_MLC_PA_SVM,1,0,0.005770057452956556,191,0.0,0.041350361395210984,0.04712041884816754,0.1
music,GSI_MLC_PA_SVM,1,1,0.05464681719872855,137,0.1,0.14953732814763365,0.0948905109489051,0.2
music,GSI_MLC_PA_SVM,1,2,0.018072418062517304,92,0.2,0.24633328762773468,0.22826086956521738,0.3
music,GSI_MLC_PA_SVM,1,3,0.009143527085052505,89,0.3,0.3504070347127003,0.3595505617977528,0.4
music,GSI_MLC_PA_SVM,1,4,0.12438671682547237,63,0.4,0.44704185460309903,0.5714285714285714,0.5
music,GSI_MLC_PA_SVM,1,5,0.11758050567529565,48,0.5,0.549086160991371,0.6666666666666666,0.6
music,GSI_MLC_PA_SVM,1,6,0.20033379439266608,39,0.6,0.6458200517611801,0.8461538461538461,0.7
music,GSI_MLC_PA_SVM,1,7,0.11474401262357492,30,0.7,0.7519226540430918,0.8666666666666667,0.8
music,GSI_MLC_PA_SVM,1,8,0.07245103671000552,13,0.8,0.8416818059407748,0.7692307692307693,0.9
music,GSI_MLC_PA_SVM,1,9,0.040790895620981926,12,0.9,0.9574575622876486,0.9166666666666666,1.0
music,GSI_MLC_PA_SVM,2,0,0.0023108509084545092,176,0.0,0.03746187636427276,0.03977272727272727,0.1
music,GSI_MLC_PA_SVM,2,1,0.029185524908985946,140,0.1,0.15061409633755737,0.12142857142857143,0.2
music,GSI_MLC_PA_SVM,2,2,0.05256944801526614,99,0.2,0.2504608550150369,0.30303030303030304,0.3
music,GSI_MLC_PA_SVM,2,3,0.08055906218998155,68,0.3,0.34591152604531256,0.4264705882352941,0.4
music,GSI_MLC_PA_SVM,2,4,0.018566108015864558,58,0.4,0.4496005907744852,0.43103448275862066,0.5
music,GSI_MLC_PA_SVM,2,5,0.03540392321290631,51,0.5,0.5452078447815337,0.5098039215686274,0.6
music,GSI_MLC_PA_SVM,2,6,0.06827076770457574,45,0.6,0.6428403434065354,0.7111111111111111,0.7
music,GSI_MLC_PA_SVM,2,7,0.13380019807210863,34,0.7,0.7485527431043619,0.8823529411764706,0.8
music,GSI_MLC_PA_SVM,2,8,0.09347568901898562,20,0.8,0.8434756890189856,0.75,0.9
music,GSI_MLC_PA_SVM,2,9,0.0533070022409613,11,0.9,0.9623979113318704,0.9090909090909091,1.0
music,GSI_MLC_PA_SVM,3,0,0.044141623629310574,222,0.0,0.03693945745177051,0.08108108108108109,0.1
music,GSI_MLC_PA_SVM,3,1,0.07548809360958153,122,0.1,0.14925858541286022,0.07377049180327869,0.2
music,GSI_MLC_PA_SVM,3,2,0.03393356740522582,70,0.2,0.2482192816909401,0.21428571428571427,0.3
music,GSI_MLC_PA_SVM,3,3,0.046194307855938754,59,0.3,0.35127905361865064,0.3050847457627119,0.4
music,GSI_MLC_PA_SVM,3,4,0.0326099018896136,68,0.4,0.4526842157574452,0.4852941176470588,0.5
music,GSI_MLC_PA_SVM,3,5,0.09168902592520511,51,0.5,0.5553697976042067,0.6470588235294118,0.6
music,GSI_MLC_PA_SVM,3,6,0.06566299468840564,45,0.6,0.6454481164227055,0.7111111111111111,0.7
music,GSI_MLC_PA_SVM,3,7,0.07557550767374932,35,0.7,0.7529959208976793,0.8285714285714286,0.8
music,GSI_MLC_PA_SVM,3,8,0.10169481761647503,18,0.8,0.8427496268279694,0.9444444444444444,0.9
music,GSI_MLC_PA_SVM,3,9,0.016865164041519165,18,0.9,0.9613096084859636,0.9444444444444444,1.0
music,GSI_MLC_PA_SVM,4,0,0.007138150634408785,217,0.0,0.03939621515053782,0.03225806451612903,0.1
music,GSI_MLC_PA_SVM,4,1,0.0038444370201216327,132,0.1,0.14009495691927232,0.14393939393939395,0.2
music,GSI_MLC_PA_SVM,4,2,0.016774487926389192,76,0.2,0.24045869845270498,0.2236842105263158,0.3
music,GSI_MLC_PA_SVM,4,3,0.012862782418370355,72,0.3,0.34824832869274075,0.3611111111111111,0.4
music,GSI_MLC_PA_SVM,4,4,0.13161602808888623,53,0.4,0.45328963228847224,0.5849056603773585,0.5
music,GSI_MLC_PA_SVM,4,5,0.10601494095400688,41,0.5,0.5525216444118468,0.6585365853658537,0.6
music,GSI_MLC_PA_SVM,4,6,0.11975288212687973,46,0.6,0.6411166830905116,0.7608695652173914,0.7
music,GSI_MLC_PA_SVM,4,7,0.05074649036584156,39,0.7,0.7430541826735338,0.6923076923076923,0.8
music,GSI_MLC_PA_SVM,4,8,0.008815577692800836,20,0.8,0.8411844223071991,0.85,0.9
music,GSI_MLC_PA_SVM,4,9,0.1123945515576843,18,0.9,0.9457278848910177,0.8333333333333334,1.0
music,GSI_MLC_PA_SVM,5,0,0.022870059132630953,227,0.0,0.0343986633343294,0.05726872246696035,0.1
music,GSI_MLC_PA_SVM,5,1,0.046646479193395374,106,0.1,0.15146672835377445,0.19811320754716982,0.2
music,GSI_MLC_PA_SVM,5,2,0.05271725907879135,94,0.2,0.2548449186532594,0.20212765957446807,0.3
music,GSI_MLC_PA_SVM,5,3,0.025425695319295893,65,0.3,0.348502618396219,0.3230769230769231,0.4
music,GSI_MLC_PA_SVM,5,4,0.07294846229002377,60,0.4,0.44371820437664294,0.5166666666666667,0.5
music,GSI_MLC_PA_SVM,5,5,0.06846411867829783,42,0.5,0.5505835003693212,0.6190476190476191,0.6
music,GSI_MLC_PA_SVM,5,6,0.05098845250085493,40,0.6,0.649011547499145,0.7,0.7
music,GSI_MLC_PA_SVM,5,7,0.04869714083486065,34,0.7,0.7454205062239628,0.7941176470588235,0.8
music,GSI_MLC_PA_SVM,5,8,0.18003469416151763,19,0.8,0.8642452204773071,0.6842105263157895,0.9
music,GSI_MLC_PA_SVM,5,9,0.1314922909618207,27,0.9,0.9463071057766355,0.8148148148148148,1.0
scene,BR_SVM,1,0,0.009378294769251186,1626,0.0,0.030288503871342208,0.020910209102091022,0.1
scene,BR_SVM,1,1,0.01672080807136686,445,0.1,0.1448106957118163,0.12808988764044943,0.2
scene,BR_SVM,1,2,0.034123908566392,230,0.2,0.24716738682726155,0.21304347826086956,0.3
scene,BR_SVM,1,3,0.07883128775677212,142,0.3,0.35074617703196026,0.4295774647887324,0.4
scene,BR_SVM,1,4,0.07296789677675108,121,0.4,0.44769326024804235,0.5206611570247934,0.5
scene,BR_SVM,1,5,0.09769843624095731,99,0.5,0.5487662102236892,0.6464646464646465,0.6
scene,BR_SVM,1,6,0.2062811441719532,48,0.6,0.6478855224947134,0.8541666666666666,0.7
scene,BR_SVM,1,7,0.1149918115139007,50,0.7,0.7450081884860993,0.86,0.8
scene,BR_SVM,1,8,0.025281048134753625,38,0.8,0.8431400044968254,0.868421052631579,0.9
scene,BR_SVM,1,9,0.006664052009582533,75,0.9,0.9666640520095825,0.96,1.0
scene,BR_SVM,2,0,0.01378569638184507,1637,0.0,0.03150102930792937,0.0177153329260843,0.1
scene,BR_SVM,2,1,0.03223716542124749,440,0.1,0.14360080178488385,0.11136363636363636,0.2
scene,BR_SVM,2,2,0.0016656676230351886,242,0.2,0.24626821667448548,0.24793388429752067,0.3
scene,BR_SVM,2,3,0.12425727624419736,141,0.3,0.3438278301387814,0.46808510638297873,0.4
scene,BR_SVM,2,4,0.17413394168169816,99,0.4,0.45212868458092814,0.6262626262626263,0.5
scene,BR_SVM,2,5,0.1148139273011407,86,0.5,0.5479767703732779,0.6627906976744186,0.6
scene,BR_SVM,2,6,0.0645977480936859,59,0.6,0.6472666586859751,0.711864406779661,0.7
scene,BR_SVM,2,7,0.13854315413369067,45,0.7,0.7503457347551982,0.8888888888888888,0.8
scene,BR_SVM,2,8,0.07611545435217926,43,0.8,0.8541171037873556,0.9302325581395349,0.9
scene,BR_SVM,2,9,0.013799237577538759,76,0.9,0.9598849729487771,0.9736842105263158,1.0
scene,BR_SVM,3,0,0.007783611241794018,1660,0.0,0.030675177506854258,0.02289156626506024,0.1
scene,BR_SVM,3,1,0.01673075509784014,460,0.1,0.14499162466305754,0.1282608695652174,0.2
scene,BR_SVM,3,2,0.01934607292195703,257,0.2,0.2450270067740971,0.22568093385214008,0.3
scene,BR_SVM,3,3,0.07997573371976613,160,0.3,0.34502426628023386,0.425,0.4
scene,BR_SVM,3,4,0.063105318857276,92,0.4,0.44776424636011536,0.5108695652173914,0.5
scene,BR_SVM,3,5,0.13314663055466447,82,0.5,0.5497801987136283,0.6829268292682927,0.6
scene,BR_SVM,3,6,0.027658142473386715,46,0.6,0.6462549010048741,0.6739130434782609,0.7
scene,BR_SVM,3,7,0.08846056212981546,48,0.7,0.7448727712035179,0.8333333333333334,0.8
scene,BR_SVM,3,8,0.08809492106621075,52,0.8,0.8542127712414815,0.9423076923076923,0.9
scene,BR_SVM,3,9,0.01765562363073858,71,0.9,0.9682598693270079,0.9859154929577465,1.0
scene,BR_SVM,4,0,0.0009958249698492627,1666,0.0,0.026615219447917844,0.027611044417767107,0.1
scene,BR_SVM,4,1,0.02603064652122379,418,0.1,0.14564787140160657,0.11961722488038277,0.2
scene,BR_SVM,4,2,0.029389485652866282,233,0.2,0.24528862593511655,0.27467811158798283,0.3
scene,BR_SVM,4,3,0.042873779932657896,138,0.3,0.3484305678934291,0.391304347826087,0.4
scene,BR_SVM,4,4,0.03503185483542354,110,0.4,0.4467863269827583,0.4818181818181818,0.5
scene,BR_SVM,4,5,0.10048664908811267,83,0.5,0.5501157605504415,0.6506024096385542,0.6
scene,BR_SVM,4,6,0.024466692276720714,53,0.6,0.647108201710683,0.6226415094339622,0.7
scene,BR_SVM,4,7,0.08914502036003846,42,0.7,0.7441883129732949,0.8333333333333334,0.8
scene,BR_SVM,4,8,0.006440614952760604,51,0.8,0.8495778698547214,0.8431372549019608,0.9
scene,BR_SVM,4,9,0.055212222363637875,92,0.9,0.9682557006245074,0.9130434782608695,1.0
scene,BR_SVM,5,0,0.009554828116089095,1655,0.0,0.03070286436986553,0.021148036253776436,0.1
scene,BR_SVM,5,1,0.039891904779696105,406,0.1,0.14334018064176507,0.10344827586206896,0.2
scene,BR_SVM,5,2,0.027841125189522198,243,0.2,0.24787903941953132,0.2757201646090535,0.3
scene,BR_SVM,5,3,0.014322386295707146,162,0.3,0.34765571962904046,0.3333333333333333,0.4
scene,BR_SVM,5,4,0.15665820841827705,124,0.4,0.4481805012591423,0.6048387096774194,0.5
scene,BR_SVM,5,5,0.10915397107601166,68,0.5,0.5526107348063413,0.6617647058823529,0.6
scene,BR_SVM,5,6,0.14030868337865465,57,0.6,0.6491650008318717,0.7894736842105263,0.7
scene,BR_SVM,5,7,0.0011757466257835691,49,0.7,0.75627778744211,0.7551020408163265,0.8
scene,BR_SVM,5,8,0.1324683807112954,44,0.8,0.8448043465614319,0.9772727272727273,0.9
scene,BR_SVM,5,9,0.014597395291695237,78,0.9,0.9633153440096439,0.9487179487179487,1.0
scene,CC_SVM,1,0,0.009106175421783585,1802,0.0,0.020305589284098768,0.029411764705882353,0.1
scene,CC_SVM,1,1,0.030330140933006677,269,0.1,0.1418543045017799,0.11152416356877323,0.2
scene,CC_SVM,1,2,0.060462266933627246,123,0.2,0.24745413685232642,0.18699186991869918,0.3
scene,CC_SVM,1,3,0.0297257401622259,104,0.3,0.3470334324699182,0.3173076923076923,0.4
scene,CC_SVM,1,4,0.0512236651654045,96,0.4,0.4470569984987378,0.3958333333333333,0.5
scene,CC_SVM,1,5,0.07494931295514107,64,0.5,0.5500506870448589,0.625,0.6
scene,CC_SVM,1,6,0.06223767374952638,48,0.6,0.646095659583807,0.7083333333333334,0.7
scene,CC_SVM,1,7,0.011732772588729845,50,0.7,0.7482672274112702,0.76,0.8
scene,CC_SVM,1,8,0.05700628824953757,53,0.8,0.8494591184382169,0.7924528301886793,0.9
scene,CC_SVM,1,9,0.27280170917510993,265,0.9,0.9746885016279401,0.7018867924528301,1.0
scene,CC_SVM,2,0,0.0029999618171163145,1828,0.0,0.019975968161001847,0.022975929978118162,0.1
scene,CC_SVM,2,1,0.014390745735072707,249,0.1,0.14692086621700043,0.13253012048192772,0.2
scene,CC_SVM,2,2,0.05136036101005059,139,0.2,0.24560496532659737,0.19424460431654678,0.3
scene,CC_SVM,2,3,0.03561680297275166,91,0.3,0.348998581642633,0.38461538461538464,0.4
scene,CC_SVM,2,4,0.05192940878240687,76,0.4,0.44807059121759313,0.5,0.5
scene,CC_SVM,2,5,0.10757506830351693,70,0.5,0.5495677888393402,0.6571428571428571,0.6
scene,CC_SVM,2,6,0.07723747415745519,47,0.6,0.6461667811616938,0.723404255319149,0.7
scene,CC_SVM,2,7,0.049761804342269955,50,0.7,0.7497618043422699,0.7,0.8
scene,CC_SVM,2,8,0.03803986411983684,59,0.8,0.8515991861537352,0.8135593220338984,0.9
scene,CC_SVM,2,9,0.2766004135709932,259,0.9,0.9754421124126921,0.6988416988416989,1.0
scene,CC_SVM,3,0,0.006441972429649983,1784,0.0,0.020463857166762574,0.026905829596412557,0.1
scene,CC_SVM,3,1,0.00375257348776728,276,0.1,0.14505692131385423,0.14130434782608695,0.2
scene,CC_SVM,3,2,0.08609903516138304,170,0.2,0.2508049175143242,0.16470588235294117,0.3
scene,CC_SVM,3,3,0.04764230562759947,111,0.3,0.3449396029248968,0.2972972972972973,0.4
scene,CC_SVM,3,4,0.00970947902689695,93,0.4,0.4526561123709525,0.46236559139784944,0.5
scene,CC_SVM,3,5,0.02923065039419359,62,0.5,0.551414510896129,0.5806451612903226,0.6
scene,CC_SVM,3,6,0.06635390992822321,58,0.6,0.6525608064799473,0.5862068965517241,0.7
scene,CC_SVM,3,7,0.04929715692996983,40,0.7,0.7492971569299698,0.7,0.8
scene,CC_SVM,3,8,0.19306968372376243,61,0.8,0.8488073886417952,0.6557377049180327,0.9
scene,CC_SVM,3,9,0.29096858121536584,273,0.9,0.9759502661970508,0.684981684981685,1.0
scene,CC_SVM,4,0,0.016607732914770666,1830,0.0,0.017818496593426058,0.03442622950819672,0.1
scene,CC_SVM,4,1,0.008974969797716364,254,0.1,0.1428332375142518,0.13385826771653545,0.2
scene,CC_SVM,4,2,0.008446608657960764,154,0.2,0.24870634891770102,0.24025974025974026,0.3
scene,CC_SVM,4,3,0.04748726202998055,86,0.3,0.34981284342532937,0.3023255813953488,0.4
scene,CC_SVM,4,4,0.028008000619375917,67,0.4,0.44591844838056993,0.417910447761194,0.5
scene,CC_SVM,4,5,0.07612023001811541,61,0.5,0.5468305896540158,0.6229508196721312,0.6
scene,CC_SVM,4,6,0.1357133686542511,58,0.6,0.652954747964596,0.5172413793103449,0.7
scene,CC_SVM,4,7,0.10322078910924626,59,0.7,0.7472885857194157,0.6440677966101694,0.8
scene,CC_SVM,4,8,0.06847494947058819,56,0.8,0.8541892351848739,0.7857142857142857,0.9
scene,CC_SVM,4,9,0.29794554783466676,261,0.9,0.9799378849994177,0.6819923371647509,1.0
scene,CC_SVM,5,0,0.00482786299236021,1854,0.0,0.019443981667833964,0.024271844660194174,0.1
scene,CC_SVM,5,1,0.0011358992329665585,210,0.1,0.1439930420901094,0.14285714285714285,0.2
scene,CC_SVM,5,2,0.057742442988174075,142,0.2,0.2478832880585966,0.19014084507042253,0.3
scene,CC_SVM,5,3,0.01929479137975343,98,0.3,0.3480521473957568,0.3673469387755102,0.4
scene,CC_SVM,5,4,0.027635579479151795,87,0.4,0.45292293580099086,0.42528735632183906,0.5
scene,CC_SVM,5,5,0.03799840102070251,76,0.5,0.5511562957575447,0.5131578947368421,0.6
scene,CC_SVM,5,6,0.0058087393388910336,59,0.6,0.6498765359490605,0.6440677966101694,0.7
scene,CC_SVM,5,7,0.03364655692526641,47,0.7,0.7535874856279251,0.7872340425531915,0.8
scene,CC_SVM,5,8,0.031445443630218506,50,0.8,0.8485545563697815,0.88,0.9
scene,CC_SVM,5,9,0.2793771667625514,263,0.9,0.9789969386256693,0.6996197718631179,1.0
scene,MLC_PA_SVM,1,0,0.009378294769251186,1626,0.0,0.030288503871342208,0.020910209102091022,0.1
scene,MLC_PA_SVM,1,1,0.01672080807136686,445,0.1,0.1448106957118163,0.12808988764044943,0.2
scene,MLC_PA_SVM,1,2,0.034123908566392,230,0.2,0.24716738682726155,0.21304347826086956,0.3
scene,MLC_PA_SVM,1,3,0.07883128775677212,142,0.3,0.35074617703196026,0.4295774647887324,0.4
scene,MLC_PA_SVM,1,4,0.07296789677675108,121,0.4,0.44769326024804235,0.5206611570247934,0.5
scene,MLC_PA_SVM,1,5,0.09769843624095731,99,0.5,0.5487662102236892,0.6464646464646465,0.6
scene,MLC_PA_SVM,1,6,0.2062811441719532,48,0.6,0.6478855224947134,0.8541666666666666,0.7
scene,MLC_PA_SVM,1,7,0.1149918115139007,50,0.7,0.7450081884860993,0.86,0.8
scene,MLC_PA_SVM,1,8,0.025281048134753625,38,0.8,0.8431400044968254,0.868421052631579,0.9
scene,MLC_PA_SVM,1,9,0.006664052009582533,75,0.9,0.9666640520095825,0.96,1.0
scene,MLC_PA_SVM,2,0,0.01378569638184507,1637,0.0,0.03150102930792937,0.0177153329260843,0.1
scene,MLC_PA_SVM,2,1,0.03223716542124749,440,0.1,0.14360080178488385,0.11136363636363636,0.2
scene,MLC_PA_SVM,2,2,0.0016656676230351886,242,0.2,0.24626821667448548,0.24793388429752067,0.3
scene,MLC_PA_SVM,2,3,0.12425727624419736,141,0.3,0.3438278301387814,0.46808510638297873,0.4
scene,MLC_PA_SVM,2,4,0.17413394168169816,99,0.4,0.45212868458092814,0.6262626262626263,0.5
scene,MLC_PA_SVM,2,5,0.1148139273011407,86,0.5,0.5479767703732779,0.6627906976744186,0.6
scene,MLC_PA_SVM,2,6,0.0645977480936859,59,0.6,0.6472666586859751,0.711864406779661,0.7
scene,MLC_PA_SVM,2,7,0.13854315413369067,45,0.7,0.7503457347551982,0.8888888888888888,0.8
scene,MLC_PA_SVM,2,8,0.07611545435217926,43,0.8,0.8541171037873556,0.9302325581395349,0.9
scene,MLC_PA_SVM,2,9,0.013799237577538759,76,0.9,0.9598849729487771,0.9736842105263158,1.0
scene,MLC_PA_SVM,3,0,0.007783611241794018,1660,0.0,0.030675177506854258,0.02289156626506024,0.1
scene,MLC_PA_SVM,3,1,0.01673075509784014,460,0.1,0.14499162466305754,0.1282608695652174,0.2
scene,MLC_PA_SVM,3,2,0.01934607292195703,257,0.2,0.2450270067740971,0.22568093385214008,0.3
scene,MLC_PA_SVM,3,3,0.07997573371976613,160,0.3,0.34502426628023386,0.425,0.4
scene,MLC_PA_SVM,3,4,0.063105318857276,92,0.4,0.44776424636011536,0.5108695652173914,0.5
scene,MLC_PA_SVM,3,5,0.13314663055466447,82,0.5,0.5497801987136283,0.6829268292682927,0.6
scene,MLC_PA_SVM,3,6,0.027658142473386715,46,0.6,0.6462549010048741,0.6739130434782609,0.7
scene,MLC_PA_SVM,3,7,0.08846056212981546,48,0.7,0.7448727712035179,0.8333333333333334,0.8
scene,MLC_PA_SVM,3,8,0.08809492106621075,52,0.8,0.8542127712414815,0.9423076923076923,0.9
scene,MLC_PA_SVM,3,9,0.01765562363073858,71,0.9,0.9682598693270079,0.9859154929577465,1.0
scene,MLC_PA_SVM,4,0,0.0009958249698492627,1666,0.0,0.026615219447917844,0.027611044417767107,0.1
scene,MLC_PA_SVM,4,1,0.02603064652122379,418,0.1,0.14564787140160657,0.11961722488038277,0.2
scene,MLC_PA_SVM,4,2,0.029389485652866282,233,0.2,0.24528862593511655,0.27467811158798283,0.3
scene,MLC_PA_SVM,4,3,0.042873779932657896,138,0.3,0.3484305678934291,0.391304347826087,0.4
scene,MLC_PA_SVM,4,4,0.03503185483542354,110,0.4,0.4467863269827583,0.4818181818181818,0.5
scene,MLC_PA_SVM,4,5,0.10048664908811267,83,0.5,0.5501157605504415,0.6506024096385542,0.6
scene,MLC_PA_SVM,4,6,0.024466692276720714,53,0.6,0.647108201710683,0.6226415094339622,0.7
scene,MLC_PA_SVM,4,7,0.08914502036003846,42,0.7,0.7441883129732949,0.8333333333333334,0.8
scene,MLC_PA_SVM,4,8,0.006440614952760604,51,0.8,0.8495778698547214,0.8431372549019608,0.9
scene,MLC_PA_SVM,4,9,0.055212222363637875,92,0.9,0.9682557006245074,0.9130434782608695,1.0
scene,MLC_PA_SVM,5,0,0.009554828116089095,1655,0.0,0.03070286436986553,0.021148036253776436,0.1
scene,MLC_PA_SVM,5,1,0.039891904779696105,406,0.1,0.14334018064176507,0.10344827586206896,0.2
scene,MLC_PA_SVM,5,2,0.027841125189522198,243,0.2,0.24787903941953132,0.2757201646090535,0.3
scene,MLC_PA_SVM,5,3,0.014322386295707146,162,0.3,0.34765571962904046,0.3333333333333333,0.4
scene,MLC_PA_SVM,5,4,0.15665820841827705,124,0.4,0.4481805012591423,0.6048387096774194,0.5
scene,MLC_PA_SVM,5,5,0.10915397107601166,68,0.5,0.5526107348063413,0.6617647058823529,0.6
scene,MLC_PA_SVM,5,6,0.14030868337865465,57,0.6,0.6491650008318717,0.7894736842105263,0.7
scene,MLC_PA_SVM,5,7,0.0011757466257835691,49,0.7,0.75627778744211,0.7551020408163265,0.8
scene,MLC_PA_SVM,5,8,0.1324683807112954,44,0.8,0.8448043465614319,0.9772727272727273,0.9
scene,MLC_PA_SVM,5,9,0.014597395291695237,78,0.9,0.9633153440096439,0.9487179487179487,1.0
scene,GSI_MLC_PA_SVM,1,0,0.011119447275330891,1874,0.0,0.017695920921040508,0.0288153681963714,0.1
scene,GSI_MLC_PA_SVM,1,1,0.006881842434977858,253,0.1,0.14331578602352016,0.15019762845849802,0.2
scene,GSI_MLC_PA_SVM,1,2,0.02185424865529989,170,0.2,0.24873398663881774,0.27058823529411763,0.3
scene,GSI_MLC_PA_SVM,1,3,0.023476062442433332,116,0.3,0.3472135927299805,0.3706896551724138,0.4
scene,GSI_MLC_PA_SVM,1,4,0.1163418579634447,73,0.4,0.4453019776529937,0.5616438356164384,0.5
scene,GSI_MLC_PA_SVM,1,5,0.03723236380269945,77,0.5,0.5471832206128849,0.5844155844155844,0.6
scene,GSI_MLC_PA_SVM,1,6,0.09007873827663582,43,0.6,0.6482182731603567,0.5581395348837209,0.7
scene,GSI_MLC_PA_SVM,1,7,0.02475786659902257,53,0.7,0.7488270390613548,0.7735849056603774,0.8
scene,GSI_MLC_PA_SVM,1,8,0.17443691071872736,43,0.8,0.8488555153698901,0.6744186046511628,0.9
scene,GSI_MLC_PA_SVM,1,9,0.06709386278719853,172,0.9,0.974070606973245,0.9069767441860465,1.0
scene,GSI_MLC_PA_SVM,2,0,0.004793274134261841,1812,0.0,0.025212700182826963,0.02041942604856512,0.1
scene,GSI_MLC_PA_SVM,2,1,0.0033793202093237995,344,0.1,0.14291420393025403,0.13953488372093023,0.2
scene,GSI_MLC_PA_SVM,2,2,0.08204406390121821,168,0.2,0.24533688847973417,0.3273809523809524,0.3
scene,GSI_MLC_PA_SVM,2,3,0.09089451114868397,115,0.3,0.3438880975469682,0.43478260869565216,0.4
scene,GSI_MLC_PA_SVM,2,4,0.13702239796099874,68,0.4,0.45121289615664834,0.5882352941176471,0.5
scene,GSI_MLC_PA_SVM,2,5,0.2130409485355086,81,0.5,0.5523911502299235,0.7654320987654321,0.6
scene,GSI_MLC_PA_SVM,2,6,0.02839673620979688,69,0.6,0.6515851420068983,0.6231884057971014,0.7
scene,GSI_MLC_PA_SVM,2,7,0.04748512998655874,43,0.7,0.7432125444320459,0.7906976744186046,0.8
scene,GSI_MLC_PA_SVM,2,8,0.05683214232937095,59,0.8,0.8534423118208964,0.7966101694915254,0.9
scene,GSI_MLC_PA_SVM,2,9,0.027666300901662333,109,0.9,0.9726204293420293,0.944954128440367,1.0
scene,GSI_MLC_PA_SVM,3,0,0.0027379806878677845,1790,0.0,0.01904972880933892,0.021787709497206705,0.1
scene,GSI_MLC_PA_SVM,3,1,0.02252844190656278,340,0.1,0.14511861691696662,0.1676470588235294,0.2
scene,GSI_MLC_PA_SVM,3,2,0.04051006113752209,207,0.2,0.24340861186215978,0.2028985507246377,0.3
scene,GSI_MLC_PA_SVM,3,3,0.04654411238124412,142,0.3,0.34782208480185445,0.39436619718309857,0.4
scene,GSI_MLC_PA_SVM,3,4,0.04806798193766909,94,0.4,0.4519320180623309,0.5,0.5
scene,GSI_MLC_PA_SVM,3,5,0.00587167874514849,67,0.5,0.5463671272250008,0.5522388059701493,0.6
scene,GSI_MLC_PA_SVM,3,6,0.008920581713198317,52,0.6,0.6449255721329555,0.6538461538461539,0.7
scene,GSI_MLC_PA_SVM,3,7,0.06591516697695021,40,0.7,0.7409151669769503,0.675,0.8
scene,GSI_MLC_PA_SVM,3,8,0.062467879335994736,56,0.8,0.8481821650502804,0.7857142857142857,0.9
scene,GSI_MLC_PA_SVM,3,9,0.02981808315493828,140,0.9,0.9798180831549382,0.95,1.0
scene,GSI_MLC_PA_SVM,4,0,0.008976434383498804,1799,0.0,0.01881678407119825,0.027793218454697052,0.1
scene,GSI_MLC_PA_SVM,4,1,0.008096834377885942,313,0.1,0.14547702607117668,0.13738019169329074,0.2
scene,GSI_MLC_PA_SVM,4,2,0.010516726673510196,184,0.2,0.24491805593518548,0.2554347826086957,0.3
scene,GSI_MLC_PA_SVM,4,3,0.04045611208369504,129,0.3,0.3471407871411112,0.3875968992248062,0.4
scene,GSI_MLC_PA_SVM,4,4,0.09258593874242271,91,0.4,0.4442342903907744,0.3516483516483517,0.5
scene,GSI_MLC_PA_SVM,4,5,0.15999040730988567,69,0.5,0.5501545202263463,0.7101449275362319,0.6
scene,GSI_MLC_PA_SVM,4,6,0.07371683771927784,49,0.6,0.6451454091478492,0.5714285714285714,0.7
scene,GSI_MLC_PA_SVM,4,7,0.017650509135392123,51,0.7,0.747055373217549,0.7647058823529411,0.8
scene,GSI_MLC_PA_SVM,4,8,0.09223777320724436,50,0.8,0.8522377732072444,0.76,0.9
scene,GSI_MLC_PA_SVM,4,9,0.04913244907718972,151,0.9,0.9762847669579844,0.9271523178807947,1.0
scene,GSI_MLC_PA_SVM,5,0,0.007609980103434791,1897,0.0,0.01769313007052409,0.025303110173958882,0.1
scene,GSI_MLC_PA_SVM,5,1,0.004874374326552661,247,0.1,0.14492319652364977,0.14979757085020243,0.2
scene,GSI_MLC_PA_SVM,5,2,0.017145761048301594,155,0.2,0.24737036798395648,0.2645161290322581,0.3
scene,GSI_MLC_PA_SVM,5,3,0.012050688525952313,124,0.3,0.34278802115146706,0.3548387096774194,0.4
scene,GSI_MLC_PA_SVM,5,4,0.028127048112741193,88,0.4,0.4491456791599861,0.4772727272727273,0.5
scene,GSI_MLC_PA_SVM,5,5,0.12085749755630415,64,0.5,0.5510175024436959,0.671875,0.6
scene,GSI_MLC_PA_SVM,5,6,0.06829856447761229,50,0.6,0.6517014355223877,0.72,0.7
scene,GSI_MLC_PA_SVM,5,7,0.0400019509292463,49,0.7,0.7542876652149606,0.7142857142857143,0.8
scene,GSI_MLC_PA_SVM,5,8,0.013226483658769994,51,0.8,0.8563637385607308,0.8431372549019608,0.9
scene,GSI_MLC_PA_SVM,5,9,0.048759683563920464,161,0.9,0.9680143419490136,0.9192546583850931,1.0
yeast,BR_SVM,1,0,0.0031876542530410237,1576,0.0,0.05839069993832021,0.05520304568527919,0.1
yeast,BR_SVM,1,1,0.00926119660020605,1801,0.1,0.14751772075345423,0.13825652415324818,0.2
yeast,BR_SVM,1,2,0.009047908976271335,925,0.2,0.24176290183453947,0.2508108108108108,0.3
yeast,BR_SVM,1,3,0.0070588185000665105,485,0.3,0.34726500406707683,0.3402061855670103,0.4
yeast,BR_SVM,1,4,0.020463623706763356,422,0.4,0.44700390806695295,0.4265402843601896,0.5
yeast,BR_SVM,1,5,0.020994105411849873,262,0.5,0.5438913907713563,0.5648854961832062,0.6
yeast,BR_SVM,1,6,0.016039511287444852,359,0.6,0.6580551962334465,0.6740947075208914,0.7
yeast,BR_SVM,1,7,0.002965283377552197,731,0.7,0.7498873080013552,0.746922024623803,0.8
yeast,BR_SVM,1,8,0.056614645173616585,214,0.8,0.8265629249198414,0.883177570093458,0.9
yeast,BR_SVM,1,9,0.18897115389506025,15,0.9,0.9223044872283935,0.7333333333333333,1.0
yeast,BR_SVM,2,0,0.00681002542519845,1553,0.0,0.056391480673105725,0.049581455247907275,0.1
yeast,BR_SVM,2,1,0.004567760440203572,1793,0.1,0.1467875038869409,0.14221974344673732,0.2
yeast,BR_SVM,2,2,0.011721806291570047,940,0.2,0.24470052969582537,0.23297872340425532,0.3
yeast,BR_SVM,2,3,0.0026313059031963237,520,0.3,0.34878515205704247,0.34615384615384615,0.4
yeast,BR_SVM,2,4,0.016400909920533502,360,0.4,0.4474879789683554,0.4638888888888889,0.5
yeast,BR_SVM,2,5,0.0003513635835387108,329,0.5,0.5474638255896177,0.547112462006079,0.6
yeast,BR_SVM,2,6,0.03847705076138175,384,0.6,0.6568354492386183,0.6953125,0.7
yeast,BR_SVM,2,7,0.002101410653199909,646,0.7,0.7513274168451504,0.7492260061919505,0.8
yeast,BR_SVM,2,8,0.0009220240207818975,260,0.8,0.8298472067484489,0.8307692307692308,0.9
yeast,BR_SVM,2,9,0.08845348358154292,5,0.9,0.9115465164184571,1.0,1.0
yeast,BR_SVM,3,0,0.005994330836829653,1557,0.0,0.05865971298198058,0.05266538214515093,0.1
yeast,BR_SVM,3,1,0.00044797738967145007,1748,0.1,0.14371678233572902,0.14416475972540047,0.2
yeast,BR_SVM,3,2,0.00125022530873109,939,0.2,0.24193180145356602,0.24068157614483493,0.3
yeast,BR_SVM,3,3,0.0042968644457285765,519,0.3,0.3463775093500325,0.35067437379576105,0.4
yeast,BR_SVM,3,4,0.0007438202139357086,355,0.4,0.4486311441575977,0.447887323943662,0.5
yeast,BR_SVM,3,5,0.05563521637933411,283,0.5,0.5486050663061782,0.6042402826855123,0.6
yeast,BR_SVM,3,6,0.0013433403828564394,340,0.6,0.6572256933240329,0.6558823529411765,0.7
yeast,BR_SVM,3,7,0.009055350449203803,724,0.7,0.750613157838089,0.7596685082872928,0.8
yeast,BR_SVM,3,8,0.07465954038831923,225,0.8,0.8231182373894586,0.8977777777777778,0.9
yeast,BR_SVM,3,9,0.07617655396461487,2,0.9,0.9238234460353851,1.0,1.0
yeast,BR_SVM,4,0,0.0013771362256158881,1642,0.0,0.058306176807270835,0.05968331303288672,0.1
yeast,BR_SVM,4,1,0.0003854861890776051,1690,0.1,0.1471310483192551,0.1467455621301775,0.2
yeast,BR_SVM,4,2,0.006405319933336123,962,0.2,0.24549055901857522,0.2390852390852391,0.3
yeast,BR_SVM,4,3,0.017035413103327623,511,0.3,0.34580253639099884,0.3287671232876712,0.4
yeast,BR_SVM,4,4,0.006705225312997498,373,0.4,0.44905884975402666,0.45576407506702415,0.5
yeast,BR_SVM,4,5,0.05649848641270272,274,0.5,0.5456912946091951,0.6021897810218978,0.6
yeast,BR_SVM,4,6,0.026916562211104944,321,0.6,0.6584416932406084,0.6853582554517134,0.7
yeast,BR_SVM,4,7,0.025518267806437622,717,0.7,0.7521570404703148,0.7266387726638772,0.8
yeast,BR_SVM,4,8,0.05769788611168958,255,0.8,0.824655055064781,0.8823529411764706,0.9
yeast,BR_SVM,4,9,0.061913152535756466,3,0.9,0.9380868474642435,1.0,1.0
yeast,BR_SVM,5,0,0.0022028021645644907,1611,0.0,0.05676678194468442,0.058969584109248914,0.1
yeast,BR_SVM,5,1,0.01880948186554432,1693,0.1,0.14698431943199441,0.1281748375664501,0.2
yeast,BR_SVM,5,2,0.009058326051931687,1003,0.2,0.24418195311058077,0.25324027916251246,0.3
yeast,BR_SVM,5,3,0.03762152149707454,553,0.3,0.3486522629075628,0.31103074141048825,0.4
yeast,BR_SVM,5,4,0.004738226346204744,399,0.4,0.4463895932026674,0.45112781954887216,0.5
yeast,BR_SVM,5,5,0.03451258763947895,269,0.5,0.5454130629181418,0.5799256505576208,0.6
yeast,BR_SVM,5,6,0.002123130491077041,329,0.6,0.6616975985761834,0.6595744680851063,0.7
yeast,BR_SVM,5,7,0.0038020545275423423,764,0.7,0.7514335475666984,0.7552356020942408,0.8
yeast,BR_SVM,5,8,0.0735280452630459,195,0.8,0.8239078521728516,0.8974358974358975,0.9
yeast,BR_SVM,5,9,0.07251271605491638,2,0.9,0.9274872839450836,1.0,1.0
yeast,CC_SVM,1,0,0.0632185040562221,2878,0.0,0.03407128051639777,0.09728978457261987,0.1
yeast,CC_SVM,1,1,0.047337809537547876,977,0.1,0.14406444225364967,0.19140225179119755,0.2
yeast,CC_SVM,1,2,0.03646268198887509,552,0.2,0.2443344194604003,0.2807971014492754,0.3
yeast,CC_SVM,1,3,0.0077617033786580025,394,0.3,0.34503017479393083,0.35279187817258884,0.4
yeast,CC_SVM,1,4,0.047357401557187706,283,0.4,0.446650687776269,0.3992932862190813,0.5
yeast,CC_SVM,1,5,0.027117888420676306,207,0.5,0.5536879367298551,0.5265700483091788,0.6
yeast,CC_SVM,1,6,0.026131419292894198,249,0.6,0.6525834401448568,0.678714859437751,0.7
yeast,CC_SVM,1,7,0.018370578216539868,296,0.7,0.7481003079462696,0.7297297297297297,0.8
yeast,CC_SVM,1,8,0.05770151777031984,243,0.8,0.8478249745604433,0.7901234567901234,0.9
yeast,CC_SVM,1,9,0.297728802835891,711,0.9,0.9854925159160598,0.6877637130801688,1.0
yeast,CC_SVM,2,0,0.07125900216684511,2952,0.0,0.034093301356190125,0.10535230352303523,0.1
yeast,CC_SVM,2,1,0.037886492869753624,974,0.1,0.1438383531261396,0.18172484599589322,0.2
yeast,CC_SVM,2,2,0.008686953154969784,484,0.2,0.2475113939524682,0.256198347107438,0.3
yeast,CC_SVM,2,3,0.021090441289483952,347,0.3,0.3477856394021587,0.3688760806916426,0.4
yeast,CC_SVM,2,4,0.011681283158915368,252,0.4,0.4486361771585449,0.4603174603174603,0.5
yeast,CC_SVM,2,5,0.0011459446523294226,251,0.5,0.5509467414650784,0.549800796812749,0.6
yeast,CC_SVM,2,6,0.04667137159129331,236,0.6,0.6483662868455305,0.6016949152542372,0.7
yeast,CC_SVM,2,7,0.03593042164086446,281,0.7,0.7512329127440673,0.7153024911032029,0.8
yeast,CC_SVM,2,8,0.09723733965721393,288,0.8,0.8437651174349917,0.7465277777777778,0.9
yeast,CC_SVM,2,9,0.29739182924402174,725,0.9,0.9842883809681596,0.6868965517241379,1.0
yeast,CC_SVM,3,0,0.0696271396594557,2935,0.0,0.03599466613270784,0.10562180579216354,0.1
yeast,CC_SVM,3,1,0.04301293419544086,989,0.1,0.1430335774324661,0.18604651162790697,0.2
yeast,CC_SVM,3,2,0.04027344583804221,451,0.2,0.24575759629056088,0.2860310421286031,0.3
yeast,CC_SVM,3,3,0.036404326960847166,333,0.3,0.3457136362701565,0.30930930930930933,0.4
yeast,CC_SVM,3,4,0.015314079789672697,237,0.4,0.44569382662511575,0.43037974683544306,0.5
yeast,CC_SVM,3,5,0.0009154655814710422,221,0.5,0.5511207335135516,0.5520361990950227,0.6
yeast,CC_SVM,3,6,0.022425906658172567,250,0.6,0.6544259066581726,0.632,0.7
yeast,CC_SVM,3,7,0.01162796841177105,337,0.7,0.7505003719726019,0.7388724035608308,0.8
yeast,CC_SVM,3,8,0.01850084152566389,249,0.8,0.845810078473455,0.8273092369477911,0.9
yeast,CC_SVM,3,9,0.2816454556541166,690,0.9,0.9859932817410731,0.7043478260869566,1.0
yeast,CC_SVM,4,0,0.07023205059174537,2949,0.0,0.035566525196657484,0.10579857578840285,0.1
yeast,CC_SVM,4,1,0.05881441312012761,986,0.1,0.14503954225512594,0.20385395537525355,0.2
yeast,CC_SVM,4,2,0.02933785184679258,498,0.2,0.2457625497596331,0.2751004016064257,0.3
yeast,CC_SVM,4,3,0.008784220812800558,313,0.3,0.3474423677776568,0.33865814696485624,0.4
yeast,CC_SVM,4,4,0.0813523164054133,212,0.4,0.44927684470730006,0.36792452830188677,0.5
yeast,CC_SVM,4,5,0.0240948710275527,201,0.5,0.5464829307290452,0.5223880597014925,0.6
yeast,CC_SVM,4,6,0.019703132625469966,243,0.6,0.6534479885925482,0.6337448559670782,0.7
yeast,CC_SVM,4,7,0.013033504125272488,337,0.7,0.7489385486356582,0.7359050445103857,0.8
yeast,CC_SVM,4,8,0.08157628404548745,306,0.8,0.8495501402546378,0.7679738562091504,0.9
yeast,CC_SVM,4,9,0.31320125703960866,703,0.9,0.9846095073952275,0.6714082503556188,1.0
yeast,CC_SVM,5,0,0.06752315215663462,2895,0.0,0.03472209827514431,0.10224525043177893,0.1
yeast,CC_SVM,5,1,0.04368581738270505,994,0.1,0.14343691903580602,0.18712273641851107,0.2
yeast,CC_SVM,5,2,0.010808888277785922,581,0.2,0.2448880621159959,0.23407917383820998,0.3
yeast,CC_SVM,5,3,0.004451416326723856,351,0.3,0.3488249369496294,0.35327635327635326,0.4
yeast,CC_SVM,5,4,0.020749365568161038,250,0.4,0.444749365568161,0.424,0.5
yeast,CC_SVM,5,5,0.018989082805964452,196,0.5,0.5473374478062805,0.5663265306122449,0.6
yeast,CC_SVM,5,6,0.017523004198974013,265,0.6,0.6514852683499174,0.6339622641509434,0.7
yeast,CC_SVM,5,7,0.02179903895766644,297,0.7,0.7490717662303937,0.7272727272727273,0.8
yeast,CC_SVM,5,8,0.06447024688882341,295,0.8,0.844131263837976,0.7796610169491526,0.9
yeast,CC_SVM,5,9,0.30623647665084264,694,0.9,0.9863517504260588,0.6801152737752162,1.0
yeast,MLC_PA_SVM,1,0,0.0031876542530410237,1576,0.0,0.05839069993832021,0.05520304568527919,0.1
yeast,MLC_PA_SVM,1,1,0.00926119660020605,1801,0.1,0.14751772075345423,0.13825652415324818,0.2
yeast,MLC_PA_SVM,1,2,0.009047908976271335,925,0.2,0.24176290183453947,0.2508108108108108,0.3
yeast,MLC_PA_SVM,1,3,0.0070588185000665105,485,0.3,0.34726500406707683,0.3402061855670103,0.4
yeast,MLC_PA_SVM,1,4,0.020463623706763356,422,0.4,0.44700390806695295,0.4265402843601896,0.5
yeast,MLC_PA_SVM,1,5,0.020994105411849873,262,0.5,0.5438913907713563,0.5648854961832062,0.6
yeast,MLC_PA_SVM,1,6,0.016039511287444852,359,0.6,0.6580551962334465,0.6740947075208914,0.7
yeast,MLC_PA_SVM,1,7,0.002965283377552197,731,0.7,0.7498873080013552,0.746922024623803,0.8
yeast,MLC_PA_SVM,1,8,0.056614645173616585,214,0.8,0.8265629249198414,0.883177570093458,0.9
yeast,MLC_PA_SVM,1,9,0.18897115389506025,15,0.9,0.9223044872283935,0.7333333333333333,1.0
yeast,MLC_PA_SVM,2,0,0.00681002542519845,1553,0.0,0.056391480673105725,0.049581455247907275,0.1
yeast,MLC_PA_SVM,2,1,0.004567760440203572,1793,0.1,0.1467875038869409,0.14221974344673732,0.2
yeast,MLC_PA_SVM,2,2,0.011721806291570047,940,0.2,0.24470052969582537,0.23297872340425532,0.3
yeast,MLC_PA_SVM,2,3,0.0026313059031963237,520,0.3,0.34878515205704247,0.34615384615384615,0.4
yeast,MLC_PA_SVM,2,4,0.016400909920533502,360,0.4,0.4474879789683554,0.4638888888888889,0.5
yeast,MLC_PA_SVM,2,5,0.0003513635835387108,329,0.5,0.5474638255896177,0.547112462006079,0.6
yeast,MLC_PA_SVM,2,6,0.03847705076138175,384,0.6,0.6568354492386183,0.6953125,0.7
yeast,MLC_PA_SVM,2,7,0.002101410653199909,646,0.7,0.7513274168451504,0.7492260061919505,0.8
yeast,MLC_PA_SVM,2,8,0.0009220240207818975,260,0.8,0.8298472067484489,0.8307692307692308,0.9
yeast,MLC_PA_SVM,2,9,0.08845348358154292,5,0.9,0.9115465164184571,1.0,1.0
yeast,MLC_PA_SVM,3,0,0.005994330836829653,1557,0.0,0.05865971298198058,0.05266538214515093,0.1
yeast,MLC_PA_SVM,3,1,0.00044797738967145007,1748,0.1,0.14371678233572902,0.14416475972540047,0.2
yeast,MLC_PA_SVM,3,2,0.00125022530873109,939,0.2,0.24193180145356602,0.24068157614483493,0.3
yeast,MLC_PA_SVM,3,3,0.0042968644457285765,519,0.3,0.3463775093500325,0.35067437379576105,0.4
yeast,MLC_PA_SVM,3,4,0.0007438202139357086,355,0.4,0.4486311441575977,0.447887323943662,0.5
yeast,MLC_PA_SVM,3,5,0.05563521637933411,283,0.5,0.5486050663061782,0.6042402826855123,0.6
yeast,MLC_PA_SVM,3,6,0.0013433403828564394,340,0.6,0.6572256933240329,0.6558823529411765,0.7
yeast,MLC_PA_SVM,3,7,0.009055350449203803,724,0.7,0.750613157838089,0.7596685082872928,0.8
yeast,MLC_PA_SVM,3,8,0.07465954038831923,225,0.8,0.8231182373894586,0.8977777777777778,0.9
yeast,MLC_PA_SVM,3,9,0.07617655396461487,2,0.9,0.9238234460353851,1.0,1.0
yeast,MLC_PA_SVM,4,0,0.0013771362256158881,1642,0.0,0.058306176807270835,0.05968331303288672,0.1
yeast,MLC_PA_SVM,4,1,0.0003854861890776051,1690,0.1,0.1471310483192551,0.1467455621301775,0.2
yeast,MLC_PA_SVM,4,2,0.006405319933336123,962,0.2,0.24549055901857522,0.2390852390852391,0.3
yeast,MLC_PA_SVM,4,3,0.017035413103327623,511,0.3,0.34580253639099884,0.3287671232876712,0.4
yeast,MLC_PA_SVM,4,4,0.006705225312997498,373,0.4,0.44905884975402666,0.45576407506702415,0.5
yeast,MLC_PA_SVM,4,5,0.05649848641270272,274,0.5,0.5456912946091951,0.6021897810218978,0.6
yeast,MLC_PA_SVM,4,6,0.026916562211104944,321,0.6,0.6584416932406084,0.6853582554517134,0.7
yeast,MLC_PA_SVM,4,7,0.025518267806437622,717,0.7,0.7521570404703148,0.7266387726638772,0.8
yeast,MLC_PA_SVM,4,8,0.05769788611168958,255,0.8,0.824655055064781,0.8823529411764706,0.9
yeast,MLC_PA_SVM,4,9,0.061913152535756466,3,0.9,0.9380868474642435,1.0,1.0
yeast,MLC_PA_SVM,5,0,0.0022028021645644907,1611,0.0,0.05676678194468442,0.058969584109248914,0.1
yeast,MLC_PA_SVM,5,1,0.01880948186554432,1693,0.1,0.14698431943199441,0.1281748375664501,0.2
yeast,MLC_PA_SVM,5,2,0.009058326051931687,1003,0.2,0.24418195311058077,0.25324027916251246,0.3
yeast,MLC_PA_SVM,5,3,0.03762152149707454,553,0.3,0.3486522629075628,0.31103074141048825,0.4
yeast,MLC_PA_SVM,5,4,0.004738226346204744,399,0.4,0.4463895932026674,0.45112781954887216,0.5
yeast,MLC_PA_SVM,5,5,0.03451258763947895,269,0.5,0.5454130629181418,0.5799256505576208,0.6
yeast,MLC_PA_SVM,5,6,0.002123130491077041,329,0.6,0.6616975985761834,0.6595744680851063,0.7
yeast,MLC_PA_SVM,5,7,0.0038020545275423423,764,0.7,0.7514335475666984,0.7552356020942408,0.8
yeast,MLC_PA_SVM,5,8,0.0735280452630459,195,0.8,0.8239078521728516,0.8974358974358975,0.9
yeast,MLC_PA_SVM,5,9,0.07251271605491638,2,0.9,0.9274872839450836,1.0,1.0
yeast,GSI_MLC_PA_SVM,1,0,0.0572786013181535,2763,0.0,0.031393132304720184,0.08867173362287369,0.1
yeast,GSI_MLC_PA_SVM,1,1,0.05458803337140325,945,0.1,0.1443537655703957,0.19894179894179895,0.2
yeast,GSI_MLC_PA_SVM,1,2,0.0019200432718660398,562,0.2,0.24747164469535357,0.24555160142348753,0.3
yeast,GSI_MLC_PA_SVM,1,3,0.022485490740673186,452,0.3,0.34991911905925727,0.3274336283185841,0.4
yeast,GSI_MLC_PA_SVM,1,4,0.04792119297060948,387,0.4,0.4484379888362426,0.4005167958656331,0.5
yeast,GSI_MLC_PA_SVM,1,5,0.003260737681496706,247,0.5,0.5457708591389866,0.5425101214574899,0.6
yeast,GSI_MLC_PA_SVM,1,6,0.026913125751724,350,0.6,0.6583416971802954,0.6314285714285715,0.7
yeast,GSI_MLC_PA_SVM,1,7,0.009491098166614753,740,0.7,0.7500316387071553,0.7405405405405405,0.8
yeast,GSI_MLC_PA_SVM,1,8,0.0157759149989134,242,0.8,0.8298255017757729,0.8140495867768595,0.9
yeast,GSI_MLC_PA_SVM,1,9,0.21324325252541343,102,0.9,0.9485373701724723,0.7352941176470589,1.0
yeast,GSI_MLC_PA_SVM,2,0,0.05944222545674458,2712,0.0,0.038271638850040084,0.09771386430678466,0.1
yeast,GSI_MLC_PA_SVM,2,1,0.01944509800863209,1073,0.1,0.14178509770432224,0.16123019571295433,0.2
yeast,GSI_MLC_PA_SVM,2,2,0.01717790791336818,545,0.2,0.24704227557287037,0.26422018348623855,0.3
yeast,GSI_MLC_PA_SVM,2,3,0.03448158146640912,367,0.3,0.3478330801040113,0.3133514986376022,0.4
yeast,GSI_MLC_PA_SVM,2,4,0.04252264480361506,297,0.4,0.44993005221102245,0.4074074074074074,0.5
yeast,GSI_MLC_PA_SVM,2,5,0.024577734870038337,286,0.5,0.5490532593455628,0.5244755244755245,0.6
yeast,GSI_MLC_PA_SVM,2,6,0.01803503278503571,404,0.6,0.6591241416959268,0.6410891089108911,0.7
yeast,GSI_MLC_PA_SVM,2,7,0.02610852037381184,703,0.7,0.7515708247834847,0.7254623044096729,0.8
yeast,GSI_MLC_PA_SVM,2,8,0.06686335743344818,335,0.8,0.8340275365379258,0.7671641791044777,0.9
yeast,GSI_MLC_PA_SVM,2,9,0.12506472462672935,68,0.9,0.9485941363914352,0.8235294117647058,1.0
yeast,GSI_MLC_PA_SVM,3,0,0.051959350901845065,2624,0.0,0.038360771049374444,0.09032012195121951,0.1
yeast,GSI_MLC_PA_SVM,3,1,0.035260218619311334,1157,0.1,0.1479722792199281,0.18323249783923942,0.2
yeast,GSI_MLC_PA_SVM,3,2,0.012854606241796268,605,0.2,0.24169084830365825,0.2545454545454545,0.3
yeast,GSI_MLC_PA_SVM,3,3,0.04278909286898758,301,0.3,0.3459152260678895,0.38870431893687707,0.4
yeast,GSI_MLC_PA_SVM,3,4,0.05678802042100334,228,0.4,0.4471388976139858,0.39035087719298245,0.5
yeast,GSI_MLC_PA_SVM,3,5,0.06861680862585617,186,0.5,0.5471114322817702,0.478494623655914,0.6
yeast,GSI_MLC_PA_SVM,3,6,0.0896926242370022,334,0.6,0.658554899686104,0.5688622754491018,0.7
yeast,GSI_MLC_PA_SVM,3,7,0.016235893417783198,802,0.7,0.7518967412980825,0.7356608478802993,0.8
yeast,GSI_MLC_PA_SVM,3,8,0.02436401893118345,354,0.8,0.8350984822080196,0.8107344632768362,0.9
yeast,GSI_MLC_PA_SVM,3,9,0.10459740675104867,101,0.9,0.9362805750678803,0.8316831683168316,1.0
yeast,GSI_MLC_PA_SVM,4,0,0.05966289106507177,2796,0.0,0.037618940122338816,0.09728183118741059,0.1
yeast,GSI_MLC_PA_SVM,4,1,0.04776813194089358,1010,0.1,0.1443110759798985,0.19207920792079208,0.2
yeast,GSI_MLC_PA_SVM,4,2,0.029741051432040255,578,0.2,0.24707555756449956,0.2768166089965398,0.3
yeast,GSI_MLC_PA_SVM,4,3,0.03979525680135054,359,0.3,0.3489874573584536,0.30919220055710306,0.4
yeast,GSI_MLC_PA_SVM,4,4,0.015312939040956264,308,0.4,0.4471311208591381,0.4318181818181818,0.5
yeast,GSI_MLC_PA_SVM,4,5,0.041936029344020076,236,0.5,0.5504106056152065,0.5084745762711864,0.6
yeast,GSI_MLC_PA_SVM,4,6,0.03408383993134234,344,0.6,0.6590838399313423,0.625,0.7
yeast,GSI_MLC_PA_SVM,4,7,0.04012146331534838,760,0.7,0.7519635685785063,0.7118421052631579,0.8
yeast,GSI_MLC_PA_SVM,4,8,0.009599515680361215,315,0.8,0.8284957224148769,0.8380952380952381,0.9
yeast,GSI_MLC_PA_SVM,4,9,0.031751079735902854,42,0.9,0.9365129844978076,0.9047619047619048,1.0
yeast,GSI_MLC_PA_SVM,5,0,0.0578000139275135,2814,0.0,0.03566125117554265,0.09346126510305615,0.1
yeast,GSI_MLC_PA_SVM,5,1,0.011824324073318238,979,0.1,0.1424146953342405,0.15423901940755874,0.2
yeast,GSI_MLC_PA_SVM,5,2,0.042259657843706805,542,0.2,0.24556322038507547,0.2878228782287823,0.3
yeast,GSI_MLC_PA_SVM,5,3,0.0439756220250645,413,0.3,0.3466390602817231,0.3026634382566586,0.4
yeast,GSI_MLC_PA_SVM,5,4,0.024119994708831638,283,0.4,0.4481482632600684,0.42402826855123676,0.5
yeast,GSI_MLC_PA_SVM,5,5,0.03307007388095207,240,0.5,0.5497367405476188,0.5166666666666667,0.6
yeast,GSI_MLC_PA_SVM,5,6,0.09898474618984598,367,0.6,0.6602926480972029,0.5613079019073569,0.7
yeast,GSI_MLC_PA_SVM,5,7,0.021952974676759496,806,0.7,0.7514815106569084,0.7295285359801489,0.8
yeast,GSI_MLC_PA_SVM,5,8,0.009133163728281435,282,0.8,0.8318281991892743,0.8226950354609929,0.9
yeast,GSI_MLC_PA_SVM,5,9,0.06845054897489578,92,0.9,0.9380157663662001,0.8695652173913043,1.0
genbase,BR_SVM,1,0,0.0017085661336397949,3426,0.0,0.0020004517144921008,0.0002918855808523059,0.1
genbase,BR_SVM,1,1,,0,0.1,,,0.2
genbase,BR_SVM,1,2,,0,0.2,,,0.3
genbase,BR_SVM,1,3,,0,0.3,,,0.4
genbase,BR_SVM,1,4,,0,0.4,,,0.5
genbase,BR_SVM,1,5,,0,0.5,,,0.6
genbase,BR_SVM,1,6,0.3387751579284668,2,0.6,0.6612248420715332,1.0,0.7
genbase,BR_SVM,1,7,0.23233729600906372,1,0.7,0.7676627039909363,1.0,0.8
genbase,BR_SVM,1,8,0.18284241358439124,3,0.8,0.8171575864156088,1.0,0.9
genbase,BR_SVM,1,9,0.019138427275531722,159,0.9,0.9808615727244683,1.0,1.0
genbase,BR_SVM,2,0,0.0015089895198603285,3397,0.0,0.0020977443034929455,0.0005887547836326171,0.1
genbase,BR_SVM,2,1,0.11329307407140732,1,0.1,0.11329307407140732,0.0,0.2
genbase,BR_SVM,2,2,,0,0.2,,,0.3
genbase,BR_SVM,2,3,,0,0.3,,,0.4
genbase,BR_SVM,2,4,,0,0.4,,,0.5
genbase,BR_SVM,2,5,,0,0.5,,,0.6
genbase,BR_SVM,2,6,,0,0.6,,,0.7
genbase,BR_SVM,2,7,0.23836100101470947,2,0.7,0.7383610010147095,0.5,0.8
genbase,BR_SVM,2,8,0.13530850410461426,5,0.8,0.8646914958953857,1.0,0.9
genbase,BR_SVM,2,9,0.018083026948964798,159,0.9,0.9819169730510352,1.0,1.0
genbase,BR_SVM,3,0,0.0010746952961026767,3401,0.0,0.0022508199653176134,0.0011761246692149367,0.1
genbase,BR_SVM,3,1,0.1662096306681633,2,0.1,0.1662096306681633,0.0,0.2
genbase,BR_SVM,3,2,,0,0.2,,,0.3
genbase,BR_SVM,3,3,0.6409547328948975,1,0.3,0.35904526710510254,1.0,0.4
genbase,BR_SVM,3,4,,0,0.4,,,0.5
genbase,BR_SVM,3,5,,0,0.5,,,0.6
genbase,BR_SVM,3,6,,0,0.6,,,0.7
genbase,BR_SVM,3,7,0.22520244121551514,1,0.7,0.7747975587844849,1.0,0.8
genbase,BR_SVM,3,8,0.16894680261611938,1,0.8,0.8310531973838806,1.0,0.9
genbase,BR_SVM,3,9,0.013487097205994947,158,0.9,0.9801837888699544,0.9936708860759493,1.0
genbase,BR_SVM,4,0,0.002037423913714828,3396,0.0,0.0023318879890976314,0.0002944640753828033,0.1
genbase,BR_SVM,4,1,0.14740096032619476,2,0.1,0.14740096032619476,0.0,0.2
genbase,BR_SVM,4,2,,0,0.2,,,0.3
genbase,BR_SVM,4,3,,0,0.3,,,0.4
genbase,BR_SVM,4,4,,0,0.4,,,0.5
genbase,BR_SVM,4,5,,0,0.5,,,0.6
genbase,BR_SVM,4,6,0.3530324697494507,1,0.6,0.6469675302505493,1.0,0.7
genbase,BR_SVM,4,7,0.20978868007659912,2,0.7,0.7902113199234009,1.0,0.8
genbase,BR_SVM,4,8,0.029616475105285645,6,0.8,0.862949808438619,0.8333333333333334,0.9
genbase,BR_SVM,4,9,0.020126084992840076,157,0.9,0.9798739150071599,1.0,1.0
genbase,BR_SVM,5,0,0.0012340995794328598,3427,0.0,0.0021095008049945756,0.0008754012255617158,0.1
genbase,BR_SVM,5,1,,0,0.1,,,0.2
genbase,BR_SVM,5,2,,0,0.2,,,0.3
genbase,BR_SVM,5,3,,0,0.3,,,0.4
genbase,BR_SVM,5,4,,0,0.4,,,0.5
genbase,BR_SVM,5,5,,0,0.5,,,0.6
genbase,BR_SVM,5,6,0.37169474363327026,2,0.6,0.6283052563667297,1.0,0.7
genbase,BR_SVM,5,7,0.24957922101020813,2,0.7,0.7495792210102081,0.5,0.8
genbase,BR_SVM,5,8,0.17769942680994666,3,0.8,0.8223005731900533,1.0,0.9
genbase,BR_SVM,5,9,0.018479742062319615,157,0.9,0.9815202579376804,1.0,1.0
genbase,CC_SVM,1,0,0.0017096947659151845,3426,0.0,0.0020015803467674904,0.0002918855808523059,0.1
genbase,CC_SVM,1,1,,0,0.1,,,0.2
genbase,CC_SVM,1,2,,0,0.2,,,0.3
genbase,CC_SVM,1,3,,0,0.3,,,0.4
genbase,CC_SVM,1,4,,0,0.4,,,0.5
genbase,CC_SVM,1,5,,0,0.5,,,0.6
genbase,CC_SVM,1,6,0.35083580017089844,2,0.6,0.6491641998291016,1.0,0.7
genbase,CC_SVM,1,7,0.22394216060638428,1,0.7,0.7760578393936157,1.0,0.8
genbase,CC_SVM,1,8,0.16536325216293335,3,0.8,0.8346367478370667,1.0,0.9
genbase,CC_SVM,1,9,0.018912846937119587,159,0.9,0.9810871530628804,1.0,1.0
genbase,CC_SVM,2,0,0.0015133190949712765,3398,0.0,0.0021019006135115943,0.0005885815185403178,0.1
genbase,CC_SVM,2,1,,0,0.1,,,0.2
genbase,CC_SVM,2,2,,0,0.2,,,0.3
genbase,CC_SVM,2,3,,0,0.3,,,0.4
genbase,CC_SVM,2,4,,0,0.4,,,0.5
genbase,CC_SVM,2,5,,0,0.5,,,0.6
genbase,CC_SVM,2,6,,0,0.6,,,0.7
genbase,CC_SVM,2,7,0.240820050239563,2,0.7,0.740820050239563,0.5,0.8
genbase,CC_SVM,2,8,0.13657356500625606,5,0.8,0.8634264349937439,1.0,0.9
genbase,CC_SVM,2,9,0.018316171079311716,159,0.9,0.9816838289206883,1.0,1.0
genbase,CC_SVM,3,0,0.001121768007495894,3401,0.0,0.0022978926767108308,0.0011761246692149367,0.1
genbase,CC_SVM,3,1,0.18213066458702087,2,0.1,0.18213066458702087,0.0,0.2
genbase,CC_SVM,3,2,,0,0.2,,,0.3
genbase,CC_SVM,3,3,0.6913772523403168,1,0.3,0.3086227476596832,1.0,0.4
genbase,CC_SVM,3,4,,0,0.4,,,0.5
genbase,CC_SVM,3,5,,0,0.5,,,0.6
genbase,CC_SVM,3,6,,0,0.6,,,0.7
genbase,CC_SVM,3,7,0.21672046184539795,1,0.7,0.783279538154602,1.0,0.8
genbase,CC_SVM,3,8,0.1422351598739624,1,0.8,0.8577648401260376,1.0,0.9
genbase,CC_SVM,3,9,0.014091991925541336,158,0.9,0.979578894150408,0.9936708860759493,1.0
genbase,CC_SVM,4,0,0.002030507401461623,3396,0.0,0.0023249714768444263,0.0002944640753828033,0.1
genbase,CC_SVM,4,1,0.15365736931562424,2,0.1,0.15365736931562424,0.0,0.2
genbase,CC_SVM,4,2,,0,0.2,,,0.3
genbase,CC_SVM,4,3,,0,0.3,,,0.4
genbase,CC_SVM,4,4,,0,0.4,,,0.5
genbase,CC_SVM,4,5,0.4679226875305176,1,0.5,0.5320773124694824,1.0,0.6
genbase,CC_SVM,4,6,,0,0.6,,,0.7
genbase,CC_SVM,4,7,0.20417338609695435,1,0.7,0.7958266139030457,1.0,0.8
genbase,CC_SVM,4,8,0.03846191366513563,6,0.8,0.871795246998469,0.8333333333333334,0.9
genbase,CC_SVM,4,9,0.02004715121245082,158,0.9,0.9799528487875492,1.0,1.0
genbase,CC_SVM,5,0,0.001241190050985209,3427,0.0,0.002116591276546925,0.0008754012255617158,0.1
genbase,CC_SVM,5,1,,0,0.1,,,0.2
genbase,CC_SVM,5,2,,0,0.2,,,0.3
genbase,CC_SVM,5,3,,0,0.3,,,0.4
genbase,CC_SVM,5,4,,0,0.4,,,0.5
genbase,CC_SVM,5,5,0.4860690236091614,1,0.5,0.5139309763908386,1.0,0.6
genbase,CC_SVM,5,6,0.1449829638004303,2,0.6,0.6449829638004303,0.5,0.7
genbase,CC_SVM,5,7,0.26328861713409424,1,0.7,0.7367113828659058,1.0,0.8
genbase,CC_SVM,5,8,0.17370488246281945,3,0.8,0.8262951175371805,1.0,0.9
genbase,CC_SVM,5,9,0.018161741031962553,157,0.9,0.9818382589680374,1.0,1.0
genbase,MLC_PA_SVM,1,0,0.0017085661336397949,3426,0.0,0.0020004517144921008,0.0002918855808523059,0.1
genbase,MLC_PA_SVM,1,1,,0,0.1,,,0.2
genbase,MLC_PA_SVM,1,2,,0,0.2,,,0.3
genbase,MLC_PA_SVM,1,3,,0,0.3,,,0.4
genbase,MLC_PA_SVM,1,4,,0,0.4,,,0.5
genbase,MLC_PA_SVM,1,5,,0,0.5,,,0.6
genbase,MLC_PA_SVM,1,6,0.3387751579284668,2,0.6,0.6612248420715332,1.0,0.7
genbase,MLC_PA_SVM,1,7,0.23233729600906372,1,0.7,0.7676627039909363,1.0,0.8
genbase,MLC_PA_SVM,1,8,0.18284241358439124,3,0.8,0.8171575864156088,1.0,0.9
genbase,MLC_PA_SVM,1,9,0.019138427275531722,159,0.9,0.9808615727244683,1.0,1.0
genbase,MLC_PA_SVM,2,0,0.0015089895198603285,3397,0.0,0.0020977443034929455,0.0005887547836326171,0.1
genbase,MLC_PA_SVM,2,1,0.11329307407140732,1,0.1,0.11329307407140732,0.0,0.2
genbase,MLC_PA_SVM,2,2,,0,0.2,,,0.3
genbase,MLC_PA_SVM,2,3,,0,0.3,,,0.4
genbase,MLC_PA_SVM,2,4,,0,0.4,,,0.5
genbase,MLC_PA_SVM,2,5,,0,0.5,,,0.6
genbase,MLC_PA_SVM,2,6,,0,0.6,,,0.7
genbase,MLC_PA_SVM,2,7,0.23836100101470947,2,0.7,0.7383610010147095,0.5,0.8
genbase,MLC_PA_SVM,2,8,0.13530850410461426,5,0.8,0.8646914958953857,1.0,0.9
genbase,MLC_PA_SVM,2,9,0.018083026948964798,159,0.9,0.9819169730510352,1.0,1.0
genbase,MLC_PA_SVM,3,0,0.0010746952961026767,3401,0.0,0.0022508199653176134,0.0011761246692149367,0.1
genbase,MLC_PA_SVM,3,1,0.1662096306681633,2,0.1,0.1662096306681633,0.0,0.2
genbase,MLC_PA_SVM,3,2,,0,0.2,,,0.3
genbase,MLC_PA_SVM,3,3,0.6409547328948975,1,0.3,0.35904526710510254,1.0,0.4
genbase,MLC_PA_SVM,3,4,,0,0.4,,,0.5
genbase,MLC_PA_SVM,3,5,,0,0.5,,,0.6
genbase,MLC_PA_SVM,3,6,,0,0.6,,,0.7
genbase,MLC_PA_SVM,3,7,0.22520244121551514,1,0.7,0.7747975587844849,1.0,0.8
genbase,MLC_PA_SVM,3,8,0.16894680261611938,1,0.8,0.8310531973838806,1.0,0.9
genbase,MLC_PA_SVM,3,9,0.013487097205994947,158,0.9,0.9801837888699544,0.9936708860759493,1.0
genbase,MLC_PA_SVM,4,0,0.002037423913714828,3396,0.0,0.0023318879890976314,0.0002944640753828033,0.1
genbase,MLC_PA_SVM,4,1,0.14740096032619476,2,0.1,0.14740096032619476,0.0,0.2
genbase,MLC_PA_SVM,4,2,,0,0.2,,,0.3
genbase,MLC_PA_SVM,4,3,,0,0.3,,,0.4
genbase,MLC_PA_SVM,4,4,,0,0.4,,,0.5
genbase,MLC_PA_SVM,4,5,,0,0.5,,,0.6
genbase,MLC_PA_SVM,4,6,0.3530324697494507,1,0.6,0.6469675302505493,1.0,0.7
genbase,MLC_PA_SVM,4,7,0.20978868007659912,2,0.7,0.7902113199234009,1.0,0.8
genbase,MLC_PA_SVM,4,8,0.029616475105285645,6,0.8,0.862949808438619,0.8333333333333334,0.9
genbase,MLC_PA_SVM,4,9,0.020126084992840076,157,0.9,0.9798739150071599,1.0,1.0
genbase,MLC_PA_SVM,5,0,0.0012340995794328598,3427,0.0,0.0021095008049945756,0.0008754012255617158,0.1
genbase,MLC_PA_SVM,5,1,,0,0.1,,,0.2
genbase,MLC_PA_SVM,5,2,,0,0.2,,,0.3
genbase,MLC_PA_SVM,5,3,,0,0.3,,,0.4
genbase,MLC_PA_SVM,5,4,,0,0.4,,,0.5
genbase,MLC_PA_SVM,5,5,,0,0.5,,,0.6
genbase,MLC_PA_SVM,5,6,0.37169474363327026,2,0.6,0.6283052563667297,1.0,0.7
genbase,MLC_PA_SVM,5,7,0.24957922101020813,2,0.7,0.7495792210102081,0.5,0.8
genbase,MLC_PA_SVM,5,8,0.17769942680994666,3,0.8,0.8223005731900533,1.0,0.9
genbase,MLC_PA_SVM,5,9,0.018479742062319615,157,0.9,0.9815202579376804,1.0,1.0
genbase,GSI_MLC_PA_SVM,1,0,0.0017179991367663409,3426,0.0,0.0020098847176186468,0.0002918855808523059,0.1
genbase,GSI_MLC_PA_SVM,1,1,,0,0.1,,,0.2
genbase,GSI_MLC_PA_SVM,1,2,,0,0.2,,,0.3
genbase,GSI_MLC_PA_SVM,1,3,,0,0.3,,,0.4
genbase,GSI_MLC_PA_SVM,1,4,,0,0.4,,,0.5
genbase,GSI_MLC_PA_SVM,1,5,,0,0.5,,,0.6
genbase,GSI_MLC_PA_SVM,1,6,0.3602225683893412,2,0.6,0.6397774316106588,1.0,0.7
genbase,GSI_MLC_PA_SVM,1,7,0.2254791548798385,1,0.7,0.7745208451201615,1.0,0.8
genbase,GSI_MLC_PA_SVM,1,8,0.1841106523311401,3,0.8,0.8158893476688599,1.0,0.9
genbase,GSI_MLC_PA_SVM,1,9,0.019098507915391805,159,0.9,0.9809014920846082,1.0,1.0
genbase,GSI_MLC_PA_SVM,2,0,0.0015259923552401983,3398,0.0,0.002114573873780516,0.0005885815185403178,0.1
genbase,GSI_MLC_PA_SVM,2,1,,0,0.1,,,0.2
genbase,GSI_MLC_PA_SVM,2,2,,0,0.2,,,0.3
genbase,GSI_MLC_PA_SVM,2,3,,0,0.3,,,0.4
genbase,GSI_MLC_PA_SVM,2,4,,0,0.4,,,0.5
genbase,GSI_MLC_PA_SVM,2,5,,0,0.5,,,0.6
genbase,GSI_MLC_PA_SVM,2,6,,0,0.6,,,0.7
genbase,GSI_MLC_PA_SVM,2,7,0.2352760621370047,2,0.7,0.7352760621370047,0.5,0.8
genbase,GSI_MLC_PA_SVM,2,8,0.14767803693004566,5,0.8,0.8523219630699543,1.0,0.9
genbase,GSI_MLC_PA_SVM,2,9,0.01844068497038187,159,0.9,0.9815593150296181,1.0,1.0
genbase,GSI_MLC_PA_SVM,3,0,0.0011088003225044243,3401,0.0,0.002284924991719361,0.0011761246692149367,0.1
genbase,GSI_MLC_PA_SVM,3,1,0.16118077571697714,2,0.1,0.16118077571697714,0.0,0.2
genbase,GSI_MLC_PA_SVM,3,2,,0,0.2,,,0.3
genbase,GSI_MLC_PA_SVM,3,3,0.6810804354184544,1,0.3,0.3189195645815456,1.0,0.4
genbase,GSI_MLC_PA_SVM,3,4,,0,0.4,,,0.5
genbase,GSI_MLC_PA_SVM,3,5,,0,0.5,,,0.6
genbase,GSI_MLC_PA_SVM,3,6,,0,0.6,,,0.7
genbase,GSI_MLC_PA_SVM,3,7,0.21749958320995588,1,0.7,0.7825004167900441,1.0,0.8
genbase,GSI_MLC_PA_SVM,3,8,0.14131107588127945,2,0.8,0.8586889241187206,1.0,0.9
genbase,GSI_MLC_PA_SVM,3,9,0.013669656270417052,157,0.9,0.9799609169779906,0.9936305732484076,1.0
genbase,GSI_MLC_PA_SVM,4,0,0.0020577634021791027,3396,0.0,0.002352227477561906,0.0002944640753828033,0.1
genbase,GSI_MLC_PA_SVM,4,1,0.14017118841071755,1,0.1,0.14017118841071755,0.0,0.2
genbase,GSI_MLC_PA_SVM,4,2,,0,0.2,,,0.3
genbase,GSI_MLC_PA_SVM,4,3,0.3855853639243777,1,0.3,0.3855853639243777,0.0,0.4
genbase,GSI_MLC_PA_SVM,4,4,,0,0.4,,,0.5
genbase,GSI_MLC_PA_SVM,4,5,,0,0.5,,,0.6
genbase,GSI_MLC_PA_SVM,4,6,0.3737145012427604,1,0.6,0.6262854987572396,1.0,0.7
genbase,GSI_MLC_PA_SVM,4,7,0.23321662786275632,2,0.7,0.7667833721372437,1.0,0.8
genbase,GSI_MLC_PA_SVM,4,8,0.04608727903555254,6,0.8,0.8794206123688859,0.8333333333333334,0.9
genbase,GSI_MLC_PA_SVM,4,9,0.019762790504783023,157,0.9,0.980237209495217,1.0,1.0
genbase,GSI_MLC_PA_SVM,5,0,0.00124700686811498,3427,0.0,0.002122408093676696,0.0008754012255617158,0.1
genbase,GSI_MLC_PA_SVM,5,1,,0,0.1,,,0.2
genbase,GSI_MLC_PA_SVM,5,2,,0,0.2,,,0.3
genbase,GSI_MLC_PA_SVM,5,3,,0,0.3,,,0.4
genbase,GSI_MLC_PA_SVM,5,4,,0,0.4,,,0.5
genbase,GSI_MLC_PA_SVM,5,5,0.443173012908304,1,0.5,0.556826987091696,1.0,0.6
genbase,GSI_MLC_PA_SVM,5,6,0.3278345296181959,1,0.6,0.6721654703818041,1.0,0.7
genbase,GSI_MLC_PA_SVM,5,7,0.09171952353591717,3,0.7,0.7583861902025838,0.6666666666666666,0.8
genbase,GSI_MLC_PA_SVM,5,8,0.17304862524329534,2,0.8,0.8269513747567047,1.0,0.9
genbase,GSI_MLC_PA_SVM,5,9,0.018339302583106565,157,0.9,0.9816606974168934,1.0,1.0
medical,BR_SVM,1,0,0.0012631995488290079,8330,0.0,0.004264400029021085,0.003001200480192077,0.1
medical,BR_SVM,1,1,0.03662947192788124,40,0.1,0.13837052807211875,0.175,0.2
medical,BR_SVM,1,2,0.0840912524022554,19,0.2,0.2316982212819551,0.3157894736842105,0.3
medical,BR_SVM,1,3,0.23144663321344477,19,0.3,0.3475007352076079,0.5789473684210527,0.4
medical,BR_SVM,1,4,0.21189968287944788,18,0.4,0.45476698378721875,0.6666666666666666,0.5
medical,BR_SVM,1,5,0.05192277828852332,24,0.5,0.5519227782885233,0.5,0.6
medical,BR_SVM,1,6,0.13625938736874132,23,0.6,0.6463493082834326,0.782608695652174,0.7
medical,BR_SVM,1,7,0.1396479925939016,28,0.7,0.7532091502632413,0.8928571428571429,0.8
medical,BR_SVM,1,8,0.07617932146993178,29,0.8,0.8548551612886889,0.9310344827586207,0.9
medical,BR_SVM,1,9,0.04715930169278926,110,0.9,0.9653411198746075,0.9181818181818182,1.0
medical,BR_SVM,2,0,0.0010113085179856208,8601,0.0,0.0042667439324723085,0.0032554354144866877,0.1
medical,BR_SVM,2,1,0.09992319938761215,54,0.1,0.14081754135312857,0.24074074074074073,0.2
medical,BR_SVM,2,2,0.11863060891628266,15,0.2,0.251963942249616,0.13333333333333333,0.3
medical,BR_SVM,2,3,0.1655576527118683,16,0.3,0.3344423472881317,0.5,0.4
medical,BR_SVM,2,4,0.011640431789251504,13,0.4,0.44989802974921006,0.46153846153846156,0.5
medical,BR_SVM,2,5,0.07402306795120239,11,0.5,0.562340568412434,0.6363636363636364,0.6
medical,BR_SVM,2,6,0.08440867563088739,12,0.6,0.6655913243691126,0.75,0.7
medical,BR_SVM,2,7,0.027120208198373907,22,0.7,0.7543929354711012,0.7272727272727273,0.8
medical,BR_SVM,2,8,0.0218857390539986,35,0.8,0.8504571676254272,0.8285714285714286,0.9
medical,BR_SVM,2,9,0.027052788334038458,131,0.9,0.9659840860439621,0.9389312977099237,1.0
medical,BR_SVM,3,0,0.00075806507287871,8466,0.0,0.004537890255963992,0.0037798251830852823,0.1
medical,BR_SVM,3,1,0.016490491774846933,53,0.1,0.12969803894465826,0.11320754716981132,0.2
medical,BR_SVM,3,2,0.1225756988638923,21,0.2,0.25837668208848863,0.38095238095238093,0.3
medical,BR_SVM,3,3,0.09424735233187675,16,0.3,0.34325264766812325,0.4375,0.4
medical,BR_SVM,3,4,0.018455326557159424,15,0.4,0.44821134010950725,0.4666666666666667,0.5
medical,BR_SVM,3,5,0.04572879076004033,10,0.5,0.5457287907600403,0.5,0.6
medical,BR_SVM,3,6,0.09056364744901657,8,0.6,0.6594363525509834,0.75,0.7
medical,BR_SVM,3,7,0.10902394992964604,14,0.7,0.7481189072132111,0.8571428571428571,0.8
medical,BR_SVM,3,8,0.04435998648405082,40,0.8,0.8556400135159492,0.9,0.9
medical,BR_SVM,3,9,0.01332945173436939,132,0.9,0.9602991487040664,0.946969696969697,1.0
medical,BR_SVM,4,0,0.0007881750131739666,8780,0.0,0.004432821938003124,0.0036446469248291574,0.1
medical,BR_SVM,4,1,0.05388747997905896,46,0.1,0.1408440017181894,0.08695652173913043,0.2
medical,BR_SVM,4,2,0.10106170954911603,23,0.2,0.2467643774074057,0.34782608695652173,0.3
medical,BR_SVM,4,3,0.16772040724754333,15,0.3,0.36561292608579,0.5333333333333333,0.4
medical,BR_SVM,4,4,0.1337013641993205,12,0.4,0.4496319691340129,0.5833333333333334,0.5
medical,BR_SVM,4,5,0.11625809669494624,15,0.5,0.5504085699717204,0.6666666666666666,0.6
medical,BR_SVM,4,6,0.0813251336415608,15,0.6,0.6520081996917725,0.7333333333333333,0.7
medical,BR_SVM,4,7,0.03959905582925549,23,0.7,0.7430096398229185,0.782608695652174,0.8
medical,BR_SVM,4,8,0.12397217173730168,31,0.8,0.8659076556082694,0.7419354838709677,0.9
medical,BR_SVM,4,9,0.025639722438958956,130,0.9,0.9641012609004974,0.9384615384615385,1.0
medical,BR_SVM,5,0,0.0002099555941486391,8304,0.0,0.004063520141354805,0.0038535645472061657,0.1
medical,BR_SVM,5,1,0.06323464446026703,29,0.1,0.1436619072638709,0.20689655172413793,0.2
medical,BR_SVM,5,2,0.12459463586932731,19,0.2,0.2438264167622516,0.3684210526315789,0.3
medical,BR_SVM,5,3,0.14563808441162107,5,0.3,0.3456380844116211,0.2,0.4
medical,BR_SVM,5,4,0.31500756214646725,17,0.4,0.4496983202064739,0.7647058823529411,0.5
medical,BR_SVM,5,5,0.11479268968105316,12,0.5,0.5518739769856135,0.6666666666666666,0.6
medical,BR_SVM,5,6,0.0007379710674285667,20,0.6,0.6492620289325715,0.65,0.7
medical,BR_SVM,5,7,0.01865752433475698,19,0.7,0.7554996295979148,0.7368421052631579,0.8
medical,BR_SVM,5,8,0.012439542525523373,37,0.8,0.8502773803633612,0.8378378378378378,0.9
medical,BR_SVM,5,9,0.055692198581265284,133,0.9,0.9654666346714909,0.9097744360902256,1.0
medical,CC_SVM,1,0,0.001213633857477569,8338,0.0,0.003852156284918202,0.002638522427440633,0.1
medical,CC_SVM,1,1,0.17735567688941956,31,0.1,0.14522496827187076,0.3225806451612903,0.2
medical,CC_SVM,1,2,0.13449171351061928,18,0.2,0.2543971753782696,0.3888888888888889,0.3
medical,CC_SVM,1,3,0.2095959149301052,8,0.3,0.3345959149301052,0.125,0.4
medical,CC_SVM,1,4,0.1594025956259834,18,0.4,0.45170851548512775,0.6111111111111112,0.5
medical,CC_SVM,1,5,0.19299126022002272,17,0.5,0.545932436690611,0.35294117647058826,0.6
medical,CC_SVM,1,6,0.16109573620337025,27,0.6,0.6537190786114445,0.8148148148148148,0.7
medical,CC_SVM,1,7,0.149574559310387,29,0.7,0.7469771648275441,0.896551724137931,0.8
medical,CC_SVM,1,8,0.04859249822555045,31,0.8,0.8546333082260624,0.9032258064516129,0.9
medical,CC_SVM,1,9,0.06331693641538538,123,0.9,0.9657559608056293,0.9024390243902439,1.0
medical,CC_SVM,2,0,0.0005760926914133114,8604,0.0,0.003830393016843344,0.0032543003254300326,0.1
medical,CC_SVM,2,1,0.09979590596187682,42,0.1,0.13829933213336126,0.23809523809523808,0.2
medical,CC_SVM,2,2,0.06662597134709358,16,0.2,0.24587402865290642,0.3125,0.3
medical,CC_SVM,2,3,0.15330106317996978,10,0.3,0.3466989368200302,0.5,0.4
medical,CC_SVM,2,4,0.31733429644789013,14,0.4,0.460191439305033,0.14285714285714285,0.5
medical,CC_SVM,2,5,0.09944563607374823,12,0.5,0.5672210305929184,0.6666666666666666,0.6
medical,CC_SVM,2,6,0.16927698751290643,12,0.6,0.6640563458204269,0.8333333333333334,0.7
medical,CC_SVM,2,7,0.10296877026557916,20,0.7,0.7529687702655792,0.65,0.8
medical,CC_SVM,2,8,0.11523923181718398,31,0.8,0.8571747156881517,0.7419354838709677,0.9
medical,CC_SVM,2,9,0.04534360266371862,149,0.9,0.9648066899120408,0.9194630872483222,1.0
medical,CC_SVM,3,0,0.00042365073700035075,8480,0.0,0.004197235642660728,0.0037735849056603774,0.1
medical,CC_SVM,3,1,0.06205515898764134,40,0.1,0.13705515898764134,0.075,0.2
medical,CC_SVM,3,2,0.03612057332481655,14,0.2,0.24959371238946915,0.2857142857142857,0.3
medical,CC_SVM,3,3,0.109211111610586,11,0.3,0.34533434293486853,0.45454545454545453,0.4
medical,CC_SVM,3,4,0.007201738082445619,13,0.4,0.45433672345601595,0.46153846153846156,0.5
medical,CC_SVM,3,5,0.05815917849540708,10,0.5,0.5418408215045929,0.6,0.6
medical,CC_SVM,3,6,0.05509441173993623,13,0.6,0.6372132805677561,0.6923076923076923,0.7
medical,CC_SVM,3,7,0.03918371881757465,14,0.7,0.746530566896711,0.7857142857142857,0.8
medical,CC_SVM,3,8,0.0647907480597496,40,0.8,0.8602092519402504,0.925,0.9
medical,CC_SVM,3,9,0.03049297077315194,140,0.9,0.9662072564874377,0.9357142857142857,1.0
medical,CC_SVM,4,0,0.0008238707488121126,8778,0.0,0.004013663412288987,0.003189792663476874,0.1
medical,CC_SVM,4,1,0.06134922751648861,44,0.1,0.14319622702896595,0.20454545454545456,0.2
medical,CC_SVM,4,2,0.0015545785427093506,22,0.2,0.22882730581543662,0.22727272727272727,0.3
medical,CC_SVM,4,3,0.13576704263687134,8,0.3,0.36423295736312866,0.5,0.4
medical,CC_SVM,4,4,0.010208745087896098,14,0.4,0.43878017365932465,0.42857142857142855,0.5
medical,CC_SVM,4,5,0.36817537248134613,12,0.5,0.5484912941853205,0.9166666666666666,0.6
medical,CC_SVM,4,6,0.049777448177337646,18,0.6,0.6608885592884488,0.6111111111111112,0.7
medical,CC_SVM,4,7,0.1299128532409668,16,0.7,0.7549128532409668,0.625,0.8
medical,CC_SVM,4,8,0.24543246856102574,26,0.8,0.8608170839456412,0.6153846153846154,0.9
medical,CC_SVM,4,9,0.025411373298419138,152,0.9,0.9662008469826296,0.9407894736842105,1.0
medical,CC_SVM,5,0,0.0010131558225981684,8309,0.0,0.0035601983716490333,0.004573354194247202,0.1
medical,CC_SVM,5,1,0.01064606779254973,32,0.1,0.14560393220745027,0.15625,0.2
medical,CC_SVM,5,2,0.23712004572153092,10,0.2,0.23712004572153092,0.0,0.3
medical,CC_SVM,5,3,0.059562849146979235,7,0.3,0.34527713486126493,0.2857142857142857,0.4
medical,CC_SVM,5,4,0.39902257460814256,13,0.4,0.4471312715457036,0.8461538461538461,0.5
medical,CC_SVM,5,5,0.21139931678771973,8,0.5,0.5386006832122803,0.75,0.6
medical,CC_SVM,5,6,0.012576107184092189,15,0.6,0.6540905594825744,0.6666666666666666,0.7
medical,CC_SVM,5,7,0.08493112382434664,21,0.7,0.7515977904910133,0.6666666666666666,0.8
medical,CC_SVM,5,8,0.10186529450300263,41,0.8,0.8579628554786124,0.7560975609756098,0.9
medical,CC_SVM,5,9,0.04049324346103256,139,0.9,0.9685507974178671,0.9280575539568345,1.0
medical,MLC_PA_SVM,1,0,0.0012631995488290079,8330,0.0,0.004264400029021085,0.003001200480192077,0.1
medical,MLC_PA_SVM,1,1,0.03662947192788124,40,0.1,0.13837052807211875,0.175,0.2
medical,MLC_PA_SVM,1,2,0.0840912524022554,19,0.2,0.2316982212819551,0.3157894736842105,0.3
medical,MLC_PA_SVM,1,3,0.23144663321344477,19,0.3,0.3475007352076079,0.5789473684210527,0.4
medical,MLC_PA_SVM,1,4,0.21189968287944788,18,0.4,0.45476698378721875,0.6666666666666666,0.5
medical,MLC_PA_SVM,1,5,0.05192277828852332,24,0.5,0.5519227782885233,0.5,0.6
medical,MLC_PA_SVM,1,6,0.13625938736874132,23,0.6,0.6463493082834326,0.782608695652174,0.7
medical,MLC_PA_SVM,1,7,0.1396479925939016,28,0.7,0.7532091502632413,0.8928571428571429,0.8
medical,MLC_PA_SVM,1,8,0.07617932146993178,29,0.8,0.8548551612886889,0.9310344827586207,0.9
medical,MLC_PA_SVM,1,9,0.04715930169278926,110,0.9,0.9653411198746075,0.9181818181818182,1.0
medical,MLC_PA_SVM,2,0,0.0010113085179856208,8601,0.0,0.0042667439324723085,0.0032554354144866877,0.1
medical,MLC_PA_SVM,2,1,0.09992319938761215,54,0.1,0.14081754135312857,0.24074074074074073,0.2
medical,MLC_PA_SVM,2,2,0.11863060891628266,15,0.2,0.251963942249616,0.13333333333333333,0.3
medical,MLC_PA_SVM,2,3,0.1655576527118683,16,0.3,0.3344423472881317,0.5,0.4
medical,MLC_PA_SVM,2,4,0.011640431789251504,13,0.4,0.44989802974921006,0.46153846153846156,0.5
medical,MLC_PA_SVM,2,5,0.07402306795120239,11,0.5,0.562340568412434,0.6363636363636364,0.6
medical,MLC_PA_SVM,2,6,0.08440867563088739,12,0.6,0.6655913243691126,0.75,0.7
medical,MLC_PA_SVM,2,7,0.027120208198373907,22,0.7,0.7543929354711012,0.7272727272727273,0.8
medical,MLC_PA_SVM,2,8,0.0218857390539986,35,0.8,0.8504571676254272,0.8285714285714286,0.9
medical,MLC_PA_SVM,2,9,0.027052788334038458,131,0.9,0.9659840860439621,0.9389312977099237,1.0
medical,MLC_PA_SVM,3,0,0.00075806507287871,8466,0.0,0.004537890255963992,0.0037798251830852823,0.1
medical,MLC_PA_SVM,3,1,0.016490491774846933,53,0.1,0.12969803894465826,0.11320754716981132,0.2
medical,MLC_PA_SVM,3,2,0.1225756988638923,21,0.2,0.25837668208848863,0.38095238095238093,0.3
medical,MLC_PA_SVM,3,3,0.09424735233187675,16,0.3,0.34325264766812325,0.4375,0.4
medical,MLC_PA_SVM,3,4,0.018455326557159424,15,0.4,0.44821134010950725,0.4666666666666667,0.5
medical,MLC_PA_SVM,3,5,0.04572879076004033,10,0.5,0.5457287907600403,0.5,0.6
medical,MLC_PA_SVM,3,6,0.09056364744901657,8,0.6,0.6594363525509834,0.75,0.7
medical,MLC_PA_SVM,3,7,0.10902394992964604,14,0.7,0.7481189072132111,0.8571428571428571,0.8
medical,MLC_PA_SVM,3,8,0.04435998648405082,40,0.8,0.8556400135159492,0.9,0.9
medical,MLC_PA_SVM,3,9,0.01332945173436939,132,0.9,0.9602991487040664,0.946969696969697,1.0
medical,MLC_PA_SVM,4,0,0.0007881750131739666,8780,0.0,0.004432821938003124,0.0036446469248291574,0.1
medical,MLC_PA_SVM,4,1,0.05388747997905896,46,0.1,0.1408440017181894,0.08695652173913043,0.2
medical,MLC_PA_SVM,4,2,0.10106170954911603,23,0.2,0.2467643774074057,0.34782608695652173,0.3
medical,MLC_PA_SVM,4,3,0.16772040724754333,15,0.3,0.36561292608579,0.5333333333333333,0.4
medical,MLC_PA_SVM,4,4,0.1337013641993205,12,0.4,0.4496319691340129,0.5833333333333334,0.5
medical,MLC_PA_SVM,4,5,0.11625809669494624,15,0.5,0.5504085699717204,0.6666666666666666,0.6
medical,MLC_PA_SVM,4,6,0.0813251336415608,15,0.6,0.6520081996917725,0.7333333333333333,0.7
medical,MLC_PA_SVM,4,7,0.03959905582925549,23,0.7,0.7430096398229185,0.782608695652174,0.8
medical,MLC_PA_SVM,4,8,0.12397217173730168,31,0.8,0.8659076556082694,0.7419354838709677,0.9
medical,MLC_PA_SVM,4,9,0.025639722438958956,130,0.9,0.9641012609004974,0.9384615384615385,1.0
medical,MLC_PA_SVM,5,0,0.0002099555941486391,8304,0.0,0.004063520141354805,0.0038535645472061657,0.1
medical,MLC_PA_SVM,5,1,0.06323464446026703,29,0.1,0.1436619072638709,0.20689655172413793,0.2
medical,MLC_PA_SVM,5,2,0.12459463586932731,19,0.2,0.2438264167622516,0.3684210526315789,0.3
medical,MLC_PA_SVM,5,3,0.14563808441162107,5,0.3,0.3456380844116211,0.2,0.4
medical,MLC_PA_SVM,5,4,0.31500756214646725,17,0.4,0.4496983202064739,0.7647058823529411,0.5
medical,MLC_PA_SVM,5,5,0.11479268968105316,12,0.5,0.5518739769856135,0.6666666666666666,0.6
medical,MLC_PA_SVM,5,6,0.0007379710674285667,20,0.6,0.6492620289325715,0.65,0.7
medical,MLC_PA_SVM,5,7,0.01865752433475698,19,0.7,0.7554996295979148,0.7368421052631579,0.8
medical,MLC_PA_SVM,5,8,0.012439542525523373,37,0.8,0.8502773803633612,0.8378378378378378,0.9
medical,MLC_PA_SVM,5,9,0.055692198581265284,133,0.9,0.9654666346714909,0.9097744360902256,1.0
medical,GSI_MLC_PA_SVM,1,0,0.0007297864637117162,8339,0.0,0.003847666305419355,0.003117879841707639,0.1
medical,GSI_MLC_PA_SVM,1,1,0.008816489361793078,30,0.1,0.1421498226951264,0.13333333333333333,0.2
medical,GSI_MLC_PA_SVM,1,2,0.06809733965032039,16,0.2,0.2444026603496796,0.3125,0.3
medical,GSI_MLC_PA_SVM,1,3,0.1290436705179468,15,0.3,0.3376229961487199,0.4666666666666667,0.4
medical,GSI_MLC_PA_SVM,1,4,0.08785086700128669,22,0.4,0.4576036784532587,0.5454545454545454,0.5
medical,GSI_MLC_PA_SVM,1,5,0.13617419973453593,19,0.5,0.5480363265812536,0.6842105263157895,0.6
medical,GSI_MLC_PA_SVM,1,6,0.13443550582573316,23,0.6,0.6481731898264408,0.782608695652174,0.7
medical,GSI_MLC_PA_SVM,1,7,0.10411305368006163,34,0.7,0.7488281227905266,0.8529411764705882,0.8
medical,GSI_MLC_PA_SVM,1,8,0.05306722254712026,33,0.8,0.8560236865437888,0.9090909090909091,0.9
medical,GSI_MLC_PA_SVM,1,9,0.04923289578117018,109,0.9,0.9666640884417207,0.9174311926605505,1.0
medical,GSI_MLC_PA_SVM,2,0,0.00033724168005417774,8615,0.0,0.0038195399969433246,0.003482298316889147,0.1
medical,GSI_MLC_PA_SVM,2,1,0.13055244695017407,37,0.1,0.13971782332009622,0.2702702702702703,0.2
medical,GSI_MLC_PA_SVM,2,2,0.2607373802646756,15,0.2,0.2607373802646756,0.0,0.3
medical,GSI_MLC_PA_SVM,2,3,0.21979166370133285,16,0.3,0.34270833629866715,0.5625,0.4
medical,GSI_MLC_PA_SVM,2,4,0.2186256277882212,8,0.4,0.4686256277882212,0.25,0.5
medical,GSI_MLC_PA_SVM,2,5,0.10912303353870967,9,0.5,0.5535674779831541,0.4444444444444444,0.6
medical,GSI_MLC_PA_SVM,2,6,0.055563606759445605,14,0.6,0.6587221075262687,0.7142857142857143,0.7
medical,GSI_MLC_PA_SVM,2,7,0.031588735537181,25,0.7,0.751588735537181,0.72,0.8
medical,GSI_MLC_PA_SVM,2,8,0.007057090858037518,33,0.8,0.855541939342886,0.8484848484848485,0.9
medical,GSI_MLC_PA_SVM,2,9,0.02435492244398596,138,0.9,0.9663839079512323,0.9420289855072463,1.0
medical,GSI_MLC_PA_SVM,3,0,4.5630867529291956e-05,8480,0.0,0.004055064829793443,0.004009433962264151,0.1
medical,GSI_MLC_PA_SVM,3,1,0.05781815663153622,38,0.1,0.13676552505258885,0.07894736842105263,0.2
medical,GSI_MLC_PA_SVM,3,2,0.0653385967996345,13,0.2,0.2423537108926732,0.3076923076923077,0.3
medical,GSI_MLC_PA_SVM,3,3,0.0835786832244903,12,0.3,0.3330879834421764,0.4166666666666667,0.4
medical,GSI_MLC_PA_SVM,3,4,0.11027931383250733,18,0.4,0.44361264716584065,0.3333333333333333,0.5
medical,GSI_MLC_PA_SVM,3,5,0.1074267610493238,9,0.5,0.5592399056173428,0.6666666666666666,0.6
medical,GSI_MLC_PA_SVM,3,6,0.151393833976743,12,0.6,0.651393833976743,0.5,0.7
medical,GSI_MLC_PA_SVM,3,7,0.18460204168287597,16,0.7,0.752897958317124,0.9375,0.8
medical,GSI_MLC_PA_SVM,3,8,0.061752279620223116,37,0.8,0.8571666392986959,0.918918918918919,0.9
medical,GSI_MLC_PA_SVM,3,9,0.027471171845555475,140,0.9,0.9631854575598412,0.9357142857142857,1.0
medical,GSI_MLC_PA_SVM,4,0,0.0005366991264938357,8775,0.0,0.0038415424313371404,0.0033048433048433047,0.1
medical,GSI_MLC_PA_SVM,4,1,0.01458496693237557,45,0.1,0.14097058862318,0.15555555555555556,0.2
medical,GSI_MLC_PA_SVM,4,2,0.12009008315973851,27,0.2,0.25028028721063184,0.37037037037037035,0.3
medical,GSI_MLC_PA_SVM,4,3,0.10407351852881103,13,0.3,0.35746494300965054,0.46153846153846156,0.4
medical,GSI_MLC_PA_SVM,4,4,0.042129350958716394,12,0.4,0.4578706490412836,0.5,0.5
medical,GSI_MLC_PA_SVM,4,5,0.0985238207887219,11,0.5,0.5378398155749144,0.6363636363636364,0.6
medical,GSI_MLC_PA_SVM,4,6,0.030466390525354936,16,0.6,0.6554663905253549,0.625,0.7
medical,GSI_MLC_PA_SVM,4,7,0.04468902415386222,24,0.7,0.7530223574871956,0.7083333333333334,0.8
medical,GSI_MLC_PA_SVM,4,8,0.04899310146544367,32,0.8,0.8614931014654437,0.8125,0.9
medical,GSI_MLC_PA_SVM,4,9,0.04491848080080452,135,0.9,0.9708444067267304,0.9259259259259259,1.0
medical,GSI_MLC_PA_SVM,5,0,0.0007764321560155721,8313,0.0,0.003554134426445633,0.004330566582461205,0.1
medical,GSI_MLC_PA_SVM,5,1,0.09351492201937131,29,0.1,0.1478643883254563,0.2413793103448276,0.2
medical,GSI_MLC_PA_SVM,5,2,0.14958906582793405,11,0.2,0.24049815673702496,0.09090909090909091,0.3
medical,GSI_MLC_PA_SVM,5,3,0.1822755675858139,6,0.3,0.34894223425248055,0.16666666666666666,0.4
medical,GSI_MLC_PA_SVM,5,4,0.35391567538214763,10,0.4,0.4460843246178524,0.8,0.5
medical,GSI_MLC_PA_SVM,5,5,0.05596931244127901,10,0.5,0.555969312441279,0.5,0.6
medical,GSI_MLC_PA_SVM,5,6,0.014798262563200826,18,0.6,0.6518684041034658,0.6666666666666666,0.7
medical,GSI_MLC_PA_SVM,5,7,0.038863684145217126,14,0.7,0.7468506015690686,0.7857142857142857,0.8
medical,GSI_MLC_PA_SVM,5,8,0.00042919999151247445,33,0.8,0.848914048476361,0.8484848484848485,0.9
medical,GSI_MLC_PA_SVM,5,9,0.059178280120616544,151,0.9,0.966463048332537,0.9072847682119205,1.0
cal500,BR_SVM,1,0,0.0012457394162160434,9743,0.0,0.038680361374094946,0.03992610079031099,0.1
cal500,BR_SVM,1,1,0.011340669872879516,3072,0.1,0.15272183012712048,0.1640625,0.2
cal500,BR_SVM,1,2,0.0067788520997927315,1917,0.2,0.25143711034152183,0.25821596244131456,0.3
cal500,BR_SVM,1,3,0.009937935766681727,1347,0.3,0.34327126910001504,0.3333333333333333,0.4
cal500,BR_SVM,1,4,0.022135817641958988,641,0.4,0.45271304073088253,0.43057722308892354,0.5
cal500,BR_SVM,1,5,0.027066962229265745,482,0.5,0.5600699672313152,0.5871369294605809,0.6
cal500,BR_SVM,1,6,0.08326017392146112,231,0.6,0.6396835490222618,0.7229437229437229,0.7
cal500,BR_SVM,1,7,0.00034422309775106186,38,0.7,0.7371863283609089,0.7368421052631579,0.8
cal500,BR_SVM,1,8,0.01137487093607581,57,0.8,0.8833619711691874,0.8947368421052632,0.9
cal500,BR_SVM,1,9,0.08558809368506726,46,0.9,0.9116750502068064,0.8260869565217391,1.0
cal500,BR_SVM,2,0,0.0026093700853423163,9727,0.0,0.038410471592461734,0.04101984167780405,0.1
cal500,BR_SVM,2,1,0.0018028887582682562,2948,0.1,0.14936055497265088,0.14755766621438263,0.2
cal500,BR_SVM,2,2,0.0017995314967942655,2037,0.2,0.24774945785909175,0.24594992636229748,0.3
cal500,BR_SVM,2,3,0.0036483490094000315,1374,0.3,0.3413298169294646,0.34497816593886466,0.4
cal500,BR_SVM,2,4,0.0013206682042357087,571,0.4,0.44876689747001997,0.4500875656742557,0.5
cal500,BR_SVM,2,5,0.04879017283967446,421,0.5,0.5499778212957315,0.501187648456057,0.6
cal500,BR_SVM,2,6,0.008993249631927491,334,0.6,0.6377357646019873,0.6287425149700598,0.7
cal500,BR_SVM,2,7,0.005930889646212245,60,0.7,0.727402443687121,0.7333333333333333,0.8
cal500,BR_SVM,2,8,0.012351277412152695,102,0.8,0.8849002970199958,0.8725490196078431,0.9
cal500,BR_SVM,2,9,,0,0.9,,,1.0
cal500,BR_SVM,3,0,0.0015932508524645755,9388,0.0,0.03856439720889034,0.04015764806135492,0.1
cal500,BR_SVM,3,1,0.0038888321783150936,2824,0.1,0.14871886050692698,0.1448300283286119,0.2
cal500,BR_SVM,3,2,0.008545094058375113,2117,0.2,0.24803493817741148,0.23948984411903637,0.3
cal500,BR_SVM,3,3,2.8238110586054077e-05,1308,0.3,0.3433004093644087,0.34327217125382264,0.4
cal500,BR_SVM,3,4,0.016012820638517722,563,0.4,0.4457989022744485,0.46181172291296624,0.5
cal500,BR_SVM,3,5,0.018239236073874565,426,0.5,0.5521832991373931,0.5704225352112676,0.6
cal500,BR_SVM,3,6,0.028268379387837994,273,0.6,0.634735283615825,0.663003663003663,0.7
cal500,BR_SVM,3,7,0.045819089368537624,54,0.7,0.7319586884092402,0.7777777777777778,0.8
cal500,BR_SVM,3,8,0.004672129948933956,99,0.8,0.8834600087368127,0.8787878787878788,0.9
cal500,BR_SVM,3,9,,0,0.9,,,1.0
cal500,BR_SVM,4,0,0.002009127016067855,9994,0.0,0.039131400380086265,0.03712227336401841,0.1
cal500,BR_SVM,4,1,0.0014333526371485827,3182,0.1,0.14882493026128435,0.14739157762413577,0.2
cal500,BR_SVM,4,2,0.009641131765702166,2125,0.2,0.2510528964715845,0.24141176470588235,0.3
cal500,BR_SVM,4,3,0.0018699462632186803,1441,0.3,0.3416415041184607,0.3435114503816794,0.4
cal500,BR_SVM,4,4,0.006925808982617188,699,0.4,0.4537322739930624,0.46065808297567956,0.5
cal500,BR_SVM,4,5,0.010114730993906695,300,0.5,0.55344806432724,0.5433333333333333,0.6
cal500,BR_SVM,4,6,0.023567142130816787,382,0.6,0.6492215923925969,0.6256544502617801,0.7
cal500,BR_SVM,4,7,0.06613698092902576,41,0.7,0.7246735662948794,0.6585365853658537,0.8
cal500,BR_SVM,4,8,0.03261654565830041,101,0.8,0.8782745434506105,0.9108910891089109,0.9
cal500,BR_SVM,4,9,0.1064776539802551,5,0.9,0.9064776539802551,0.8,1.0
cal500,BR_SVM,5,0,0.00347001349092204,9341,0.0,0.038602569744277615,0.042072583235199655,0.1
cal500,BR_SVM,5,1,0.0072135345057346145,2752,0.1,0.14685623293612585,0.15406976744186046,0.2
cal500,BR_SVM,5,2,0.02348017775437844,1888,0.2,0.2469971269069208,0.22351694915254236,0.3
cal500,BR_SVM,5,3,0.0036588080006695334,1418,0.3,0.33978265885405545,0.343441466854725,0.4
cal500,BR_SVM,5,4,0.008336442605226868,632,0.4,0.4466275818457332,0.43829113924050633,0.5
cal500,BR_SVM,5,5,0.0028997278388809278,408,0.5,0.5559238015728838,0.5588235294117647,0.6
cal500,BR_SVM,5,6,0.03848045571582526,254,0.6,0.6487166761882662,0.610236220472441,0.7
cal500,BR_SVM,5,7,0.16591049068503916,72,0.7,0.7353549351294836,0.5694444444444444,0.8
cal500,BR_SVM,5,8,0.010546267717734259,87,0.8,0.8726152332349756,0.8620689655172413,0.9
cal500,BR_SVM,5,9,0.06883841753005981,26,0.9,0.914992263683906,0.8461538461538461,1.0
cal500,CC_SVM,1,0,0.02138555449206235,10913,0.0,0.030845729297912912,0.05223128378997526,0.1
cal500,CC_SVM,1,1,0.036000344781807414,2412,0.1,0.15181060049182443,0.18781094527363185,0.2
cal500,CC_SVM,1,2,0.03526098200697106,1630,0.2,0.2481746008151148,0.28343558282208586,0.3
cal500,CC_SVM,1,3,0.0006200326256760591,1118,0.3,0.34016708723121125,0.3407871198568873,0.4
cal500,CC_SVM,1,4,0.015633753071660594,460,0.4,0.44606853568035626,0.43043478260869567,0.5
cal500,CC_SVM,1,5,0.009486225285755157,466,0.5,0.5481128347278152,0.5386266094420601,0.6
cal500,CC_SVM,1,6,0.08308857768329225,268,0.6,0.6465214135041878,0.5634328358208955,0.7
cal500,CC_SVM,1,7,0.0923878521146908,142,0.7,0.7402751760583528,0.647887323943662,0.8
cal500,CC_SVM,1,8,0.18589294868357042,85,0.8,0.856481183977688,0.6705882352941176,0.9
cal500,CC_SVM,1,9,0.10217035338282587,80,0.9,0.9146703533828259,0.8125,1.0
cal500,CC_SVM,2,0,0.025144178958921994,10735,0.0,0.03084091652314601,0.055985095482068,0.1
cal500,CC_SVM,2,1,0.024852858104195352,2583,0.1,0.1512989034134198,0.17615176151761516,0.2
cal500,CC_SVM,2,2,0.02616004889226567,1806,0.2,0.24460407070906323,0.2707641196013289,0.3
cal500,CC_SVM,2,3,0.011553018823597827,1033,0.3,0.34069145057577593,0.3291384317521781,0.4
cal500,CC_SVM,2,4,0.028696976289027898,476,0.4,0.44256252250751527,0.41386554621848737,0.5
cal500,CC_SVM,2,5,0.08424083744576955,383,0.5,0.5568256938426364,0.4725848563968668,0.6
cal500,CC_SVM,2,6,0.07447987408361334,293,0.6,0.6444457443907806,0.5699658703071673,0.7
cal500,CC_SVM,2,7,0.11714005809489303,123,0.7,0.7431563182574946,0.6260162601626016,0.8
cal500,CC_SVM,2,8,0.15932401793974416,54,0.8,0.8445092031249294,0.6851851851851852,0.9
cal500,CC_SVM,2,9,0.06312049383466889,88,0.9,0.9267568574710325,0.8636363636363636,1.0
cal500,CC_SVM,3,0,0.021439398076317583,10389,0.0,0.03150121218453524,0.052940610260852825,0.1
cal500,CC_SVM,3,1,0.034685005733073315,2655,0.1,0.15250896790157828,0.1871939736346516,0.2
cal500,CC_SVM,3,2,0.03603945626674279,1918,0.2,0.24550381797726137,0.28154327424400416,0.3
cal500,CC_SVM,3,3,0.0192439003127301,803,0.3,0.33804838350077493,0.31880448318804483,0.4
cal500,CC_SVM,3,4,0.026545733364322532,395,0.4,0.4442672523516643,0.4177215189873418,0.5
cal500,CC_SVM,3,5,0.004503309045519099,350,0.5,0.5497824052401952,0.5542857142857143,0.6
cal500,CC_SVM,3,6,0.07258453170458479,240,0.6,0.6475845317045847,0.575,0.7
cal500,CC_SVM,3,7,0.13672290936760279,138,0.7,0.7454185615415159,0.6086956521739131,0.8
cal500,CC_SVM,3,8,0.1423632758004325,63,0.8,0.8407759742131309,0.6984126984126984,0.9
cal500,CC_SVM,3,9,0.07938534139406561,101,0.9,0.940771480007927,0.8613861386138614,1.0
cal500,CC_SVM,4,0,0.022697153502644812,11146,0.0,0.03149269038754001,0.05418984389018482,0.1
cal500,CC_SVM,4,1,0.01880371999465119,2856,0.1,0.15031392706417235,0.16911764705882354,0.2
cal500,CC_SVM,4,2,0.03380416558436711,1737,0.2,0.24483717005178718,0.2786413356361543,0.3
cal500,CC_SVM,4,3,0.013093332711019035,1026,0.3,0.3425280305667695,0.32943469785575047,0.4
cal500,CC_SVM,4,4,0.027301147638582712,510,0.4,0.44298742214838666,0.41568627450980394,0.5
cal500,CC_SVM,4,5,0.04544170091162514,462,0.5,0.5476062030761273,0.5021645021645021,0.6
cal500,CC_SVM,4,6,0.10278715001212224,225,0.6,0.6450093722343445,0.5422222222222223,0.7
cal500,CC_SVM,4,7,0.1084966112232808,159,0.7,0.7437167370094443,0.6352201257861635,0.8
cal500,CC_SVM,4,8,0.17116303893103113,69,0.8,0.8523224592208862,0.6811594202898551,0.9
cal500,CC_SVM,4,9,0.020292469114065126,80,0.9,0.9202924691140651,0.9,1.0
cal500,CC_SVM,5,0,0.027054873665133223,10346,0.0,0.030841898034074198,0.05789677169920742,0.1
cal500,CC_SVM,5,1,0.04236024590793733,2533,0.1,0.15069147142329048,0.1930517173312278,0.2
cal500,CC_SVM,5,2,0.021067213881450192,1619,0.2,0.24452883306110693,0.2655960469425571,0.3
cal500,CC_SVM,5,3,0.031192636534828566,928,0.3,0.3415374641210355,0.3103448275862069,0.4
cal500,CC_SVM,5,4,0.06578096472196754,444,0.4,0.4486638476048504,0.38288288288288286,0.5
cal500,CC_SVM,5,5,0.08769335462933497,420,0.5,0.5448362117721921,0.45714285714285713,0.6
cal500,CC_SVM,5,6,0.08498043771143304,270,0.6,0.647943400674396,0.562962962962963,0.7
cal500,CC_SVM,5,7,0.2383550006677123,136,0.7,0.7457079418441829,0.5073529411764706,0.8
cal500,CC_SVM,5,8,0.10858922079205513,144,0.8,0.8655336652364995,0.7569444444444444,0.9
cal500,CC_SVM,5,9,0.23402297183086995,38,0.9,0.9182334981466594,0.6842105263157895,1.0
cal500,MLC_PA_SVM,1,0,0.0012457394162160434,9743,0.0,0.038680361374094946,0.03992610079031099,0.1
cal500,MLC_PA_SVM,1,1,0.011340669872879516,3072,0.1,0.15272183012712048,0.1640625,0.2
cal500,MLC_PA_SVM,1,2,0.0067788520997927315,1917,0.2,0.25143711034152183,0.25821596244131456,0.3
cal500,MLC_PA_SVM,1,3,0.009937935766681727,1347,0.3,0.34327126910001504,0.3333333333333333,0.4
cal500,MLC_PA_SVM,1,4,0.022135817641958988,641,0.4,0.45271304073088253,0.43057722308892354,0.5
cal500,MLC_PA_SVM,1,5,0.027066962229265745,482,0.5,0.5600699672313152,0.5871369294605809,0.6
cal500,MLC_PA_SVM,1,6,0.08326017392146112,231,0.6,0.6396835490222618,0.7229437229437229,0.7
cal500,MLC_PA_SVM,1,7,0.00034422309775106186,38,0.7,0.7371863283609089,0.7368421052631579,0.8
cal500,MLC_PA_SVM,1,8,0.01137487093607581,57,0.8,0.8833619711691874,0.8947368421052632,0.9
cal500,MLC_PA_SVM,1,9,0.08558809368506726,46,0.9,0.9116750502068064,0.8260869565217391,1.0
cal500,MLC_PA_SVM,2,0,0.0026093700853423163,9727,0.0,0.038410471592461734,0.04101984167780405,0.1
cal500,MLC_PA_SVM,2,1,0.0018028887582682562,2948,0.1,0.14936055497265088,0.14755766621438263,0.2
cal500,MLC_PA_SVM,2,2,0.0017995314967942655,2037,0.2,0.24774945785909175,0.24594992636229748,0.3
cal500,MLC_PA_SVM,2,3,0.0036483490094000315,1374,0.3,0.3413298169294646,0.34497816593886466,0.4
cal500,MLC_PA_SVM,2,4,0.0013206682042357087,571,0.4,0.44876689747001997,0.4500875656742557,0.5
cal500,MLC_PA_SVM,2,5,0.04879017283967446,421,0.5,0.5499778212957315,0.501187648456057,0.6
cal500,MLC_PA_SVM,2,6,0.008993249631927491,334,0.6,0.6377357646019873,0.6287425149700598,0.7
cal500,MLC_PA_SVM,2,7,0.005930889646212245,60,0.7,0.727402443687121,0.7333333333333333,0.8
cal500,MLC_PA_SVM,2,8,0.012351277412152695,102,0.8,0.8849002970199958,0.8725490196078431,0.9
cal500,MLC_PA_SVM,2,9,,0,0.9,,,1.0
cal500,MLC_PA_SVM,3,0,0.0015932508524645755,9388,0.0,0.03856439720889034,0.04015764806135492,0.1
cal500,MLC_PA_SVM,3,1,0.0038888321783150936,2824,0.1,0.14871886050692698,0.1448300283286119,0.2
cal500,MLC_PA_SVM,3,2,0.008545094058375113,2117,0.2,0.24803493817741148,0.23948984411903637,0.3
cal500,MLC_PA_SVM,3,3,2.8238110586054077e-05,1308,0.3,0.3433004093644087,0.34327217125382264,0.4
cal500,MLC_PA_SVM,3,4,0.016012820638517722,563,0.4,0.4457989022744485,0.46181172291296624,0.5
cal500,MLC_PA_SVM,3,5,0.018239236073874565,426,0.5,0.5521832991373931,0.5704225352112676,0.6
cal500,MLC_PA_SVM,3,6,0.028268379387837994,273,0.6,0.634735283615825,0.663003663003663,0.7
cal500,MLC_PA_SVM,3,7,0.045819089368537624,54,0.7,0.7319586884092402,0.7777777777777778,0.8
cal500,MLC_PA_SVM,3,8,0.004672129948933956,99,0.8,0.8834600087368127,0.8787878787878788,0.9
cal500,MLC_PA_SVM,3,9,,0,0.9,,,1.0
cal500,MLC_PA_SVM,4,0,0.002009127016067855,9994,0.0,0.039131400380086265,0.03712227336401841,0.1
cal500,MLC_PA_SVM,4,1,0.0014333526371485827,3182,0.1,0.14882493026128435,0.14739157762413577,0.2
cal500,MLC_PA_SVM,4,2,0.009641131765702166,2125,0.2,0.2510528964715845,0.24141176470588235,0.3
cal500,MLC_PA_SVM,4,3,0.0018699462632186803,1441,0.3,0.3416415041184607,0.3435114503816794,0.4
cal500,MLC_PA_SVM,4,4,0.006925808982617188,699,0.4,0.4537322739930624,0.46065808297567956,0.5
cal500,MLC_PA_SVM,4,5,0.010114730993906695,300,0.5,0.55344806432724,0.5433333333333333,0.6
cal500,MLC_PA_SVM,4,6,0.023567142130816787,382,0.6,0.6492215923925969,0.6256544502617801,0.7
cal500,MLC_PA_SVM,4,7,0.06613698092902576,41,0.7,0.7246735662948794,0.6585365853658537,0.8
cal500,MLC_PA_SVM,4,8,0.03261654565830041,101,0.8,0.8782745434506105,0.9108910891089109,0.9
cal500,MLC_PA_SVM,4,9,0.1064776539802551,5,0.9,0.9064776539802551,0.8,1.0
cal500,MLC_PA_SVM,5,0,0.00347001349092204,9341,0.0,0.038602569744277615,0.042072583235199655,0.1
cal500,MLC_PA_SVM,5,1,0.0072135345057346145,2752,0.1,0.14685623293612585,0.15406976744186046,0.2
cal500,MLC_PA_SVM,5,2,0.02348017775437844,1888,0.2,0.2469971269069208,0.22351694915254236,0.3
cal500,MLC_PA_SVM,5,3,0.0036588080006695334,1418,0.3,0.33978265885405545,0.343441466854725,0.4
cal500,MLC_PA_SVM,5,4,0.008336442605226868,632,0.4,0.4466275818457332,0.43829113924050633,0.5
cal500,MLC_PA_SVM,5,5,0.0028997278388809278,408,0.5,0.5559238015728838,0.5588235294117647,0.6
cal500,MLC_PA_SVM,5,6,0.03848045571582526,254,0.6,0.6487166761882662,0.610236220472441,0.7
cal500,MLC_PA_SVM,5,7,0.16591049068503916,72,0.7,0.7353549351294836,0.5694444444444444,0.8
cal500,MLC_PA_SVM,5,8,0.010546267717734259,87,0.8,0.8726152332349756,0.8620689655172413,0.9
cal500,MLC_PA_SVM,5,9,0.06883841753005981,26,0.9,0.914992263683906,0.8461538461538461,1.0
cal500,GSI_MLC_PA_SVM,1,0,0.025531679900559507,10948,0.0,0.027902737344599426,0.05343441724515893,0.1
cal500,GSI_MLC_PA_SVM,1,1,0.040957627192378276,2536,0.1,0.14831682075714853,0.1892744479495268,0.2
cal500,GSI_MLC_PA_SVM,1,2,0.03539387480503858,1682,0.2,0.250575209618267,0.2859690844233056,0.3
cal500,GSI_MLC_PA_SVM,1,3,0.012746645919043842,985,0.3,0.34472634135051594,0.3319796954314721,0.4
cal500,GSI_MLC_PA_SVM,1,4,0.0023835741886572004,473,0.4,0.44847236911466143,0.44608879492600423,0.5
cal500,GSI_MLC_PA_SVM,1,5,0.013605630577201544,486,0.5,0.5568155071204114,0.5432098765432098,0.6
cal500,GSI_MLC_PA_SVM,1,6,0.040911472014162564,316,0.6,0.6363037178592551,0.6772151898734177,0.7
cal500,GSI_MLC_PA_SVM,1,7,0.07634982114866873,44,0.7,0.7354407302395778,0.6590909090909091,0.8
cal500,GSI_MLC_PA_SVM,1,8,0.03101573085223286,47,0.8,0.8820795606394669,0.851063829787234,0.9
cal500,GSI_MLC_PA_SVM,1,9,0.053060616783156545,57,0.9,0.9127097395901741,0.8596491228070176,1.0
cal500,GSI_MLC_PA_SVM,2,0,0.02710412971331042,11338,0.0,0.02819662879789085,0.05530075851120127,0.1
cal500,GSI_MLC_PA_SVM,2,1,0.04325315961129955,2302,0.1,0.14745057627054234,0.1907037358818419,0.2
cal500,GSI_MLC_PA_SVM,2,2,0.03480426422861799,1592,0.2,0.24785905235429656,0.28266331658291455,0.3
cal500,GSI_MLC_PA_SVM,2,3,0.01611899583096127,892,0.3,0.34150432255468893,0.3576233183856502,0.4
cal500,GSI_MLC_PA_SVM,2,4,0.03531278205368815,439,0.4,0.44761346542498653,0.4123006833712984,0.5
cal500,GSI_MLC_PA_SVM,2,5,0.031304671718635824,432,0.5,0.5498231902371543,0.5185185185185185,0.6
cal500,GSI_MLC_PA_SVM,2,6,0.03870717067439444,375,0.6,0.6440405040077277,0.6053333333333333,0.7
cal500,GSI_MLC_PA_SVM,2,7,0.07523644627994985,71,0.7,0.7372082772658654,0.6619718309859155,0.8
cal500,GSI_MLC_PA_SVM,2,8,0.14619617307580124,68,0.8,0.8667844083699189,0.7205882352941176,0.9
cal500,GSI_MLC_PA_SVM,2,9,0.03689889104390209,65,0.9,0.913821967966979,0.8769230769230769,1.0
cal500,GSI_MLC_PA_SVM,3,0,0.023471050486580488,10781,0.0,0.027637381013280376,0.051108431499860864,0.1
cal500,GSI_MLC_PA_SVM,3,1,0.04380885196114709,2066,0.1,0.1483499089294628,0.19215876089060988,0.2
cal500,GSI_MLC_PA_SVM,3,2,0.010123401361735923,1852,0.2,0.2468960370831885,0.2570194384449244,0.3
cal500,GSI_MLC_PA_SVM,3,3,0.028726614116794114,975,0.3,0.34563236024218025,0.37435897435897436,0.4
cal500,GSI_MLC_PA_SVM,3,4,0.011798094596608022,422,0.4,0.4430777154496886,0.4312796208530806,0.5
cal500,GSI_MLC_PA_SVM,3,5,0.013447735400515581,468,0.5,0.551909273862054,0.5384615384615384,0.6
cal500,GSI_MLC_PA_SVM,3,6,0.029276832954190812,287,0.6,0.646001571630149,0.6167247386759582,0.7
cal500,GSI_MLC_PA_SVM,3,7,0.07413240631068352,86,0.7,0.7369231039851021,0.6627906976744186,0.8
cal500,GSI_MLC_PA_SVM,3,8,0.052391197697760905,37,0.8,0.8632020085085718,0.8108108108108109,0.9
cal500,GSI_MLC_PA_SVM,3,9,0.058482954159350675,78,0.9,0.9302778259542225,0.8717948717948718,1.0
cal500,GSI_MLC_PA_SVM,4,0,0.023473529017495446,11736,0.0,0.029355373504658607,0.05282890252215405,0.1
cal500,GSI_MLC_PA_SVM,4,1,0.037440420277299546,2489,0.1,0.1473727577058262,0.18481317798312574,0.2
cal500,GSI_MLC_PA_SVM,4,2,0.036792612155925775,1578,0.2,0.250913344751552,0.2877059569074778,0.3
cal500,GSI_MLC_PA_SVM,4,3,0.006323897688426838,1049,0.3,0.34162653129155407,0.3479504289799809,0.4
cal500,GSI_MLC_PA_SVM,4,4,0.037176881628527114,430,0.4,0.4442184672086822,0.4813953488372093,0.5
cal500,GSI_MLC_PA_SVM,4,5,0.045126133244380306,431,0.5,0.5509265972815033,0.505800464037123,0.6
cal500,GSI_MLC_PA_SVM,4,6,0.05946293401429836,388,0.6,0.6470917999936798,0.5876288659793815,0.7
cal500,GSI_MLC_PA_SVM,4,7,0.03065293582274653,61,0.7,0.7234454248329911,0.7540983606557377,0.8
cal500,GSI_MLC_PA_SVM,4,8,0.01591338287045352,68,0.8,0.8811454406589583,0.8970588235294118,0.9
cal500,GSI_MLC_PA_SVM,4,9,0.011588245709332368,40,0.9,0.9115882457093324,0.9,1.0
cal500,GSI_MLC_PA_SVM,5,0,0.028601833370438687,10734,0.0,0.02850642077526655,0.05710825414570524,0.1
cal500,GSI_MLC_PA_SVM,5,1,0.03871045268504289,2173,0.1,0.1481280194732636,0.18683847215830648,0.2
cal500,GSI_MLC_PA_SVM,5,2,0.02206070077243022,1642,0.2,0.2452961810789705,0.2673568818514007,0.3
cal500,GSI_MLC_PA_SVM,5,3,0.010729133464914054,1017,0.3,0.3383367465744173,0.34906588003933137,0.4
cal500,GSI_MLC_PA_SVM,5,4,0.01878381245949229,386,0.4,0.44624495235586537,0.4274611398963731,0.5
cal500,GSI_MLC_PA_SVM,5,5,0.030373889682374533,442,0.5,0.5575232109493429,0.5271493212669683,0.6
cal500,GSI_MLC_PA_SVM,5,6,0.05341456469284167,232,0.6,0.6482421508997382,0.5948275862068966,0.7
cal500,GSI_MLC_PA_SVM,5,7,0.1842833215652172,116,0.7,0.7446281491514241,0.5603448275862069,0.8
cal500,GSI_MLC_PA_SVM,5,8,0.05662930354821005,106,0.8,0.8679500582651912,0.8113207547169812,0.9
cal500,GSI_MLC_PA_SVM,5,9,0.11180419543571907,30,0.9,0.9118041954357191,0.8,1.0
enron,BR_SVM,1,0,0.0004390881848783425,15928,0.0,0.019838887280810034,0.019399799095931692,0.1
enron,BR_SVM,1,1,0.016306712892543263,743,0.1,0.1357794243887488,0.15208613728129206,0.2
enron,BR_SVM,1,2,0.03785722017822776,223,0.2,0.24465399058410406,0.2825112107623318,0.3
enron,BR_SVM,1,3,0.11629966545975612,356,0.3,0.36349067669571117,0.24719101123595505,0.4
enron,BR_SVM,1,4,0.01537472908866816,464,0.4,0.44209886701970263,0.4267241379310345,0.5
enron,BR_SVM,1,5,0.09784952177191675,265,0.5,0.5474334970960077,0.6452830188679245,0.6
enron,BR_SVM,1,6,0.13395567012555665,132,0.6,0.6463473601774736,0.7803030303030303,0.7
enron,BR_SVM,1,7,0.15211942129664957,72,0.7,0.7506583564811282,0.9027777777777778,0.8
enron,BR_SVM,1,8,0.011311139609362586,37,0.8,0.8491489774472004,0.8378378378378378,0.9
enron,BR_SVM,1,9,0.12204951047897339,12,0.9,0.9553828438123068,0.8333333333333334,1.0
enron,BR_SVM,2,0,0.0010502508496418941,15653,0.0,0.02002424944416052,0.018973998594518624,0.1
enron,BR_SVM,2,1,0.02527809161564401,725,0.1,0.134721908384356,0.16,0.2
enron,BR_SVM,2,2,0.049739481357391924,256,0.2,0.2510417686426081,0.30078125,0.3
enron,BR_SVM,2,3,0.06891589739666976,367,0.3,0.35774423527132915,0.2888283378746594,0.4
enron,BR_SVM,2,4,0.0311650231999544,402,0.4,0.44644691709855305,0.47761194029850745,0.5
enron,BR_SVM,2,5,0.0007538269205791259,205,0.5,0.5455876364940551,0.5463414634146342,0.6
enron,BR_SVM,2,6,0.06968638931747773,137,0.6,0.645642077835807,0.7153284671532847,0.7
enron,BR_SVM,2,7,0.07754566511475891,83,0.7,0.741731443318976,0.8192771084337349,0.8
enron,BR_SVM,2,8,0.002865183811921357,52,0.8,0.8432886623419248,0.8461538461538461,0.9
enron,BR_SVM,2,9,0.02206714013043576,34,0.9,0.9485210951636819,0.9705882352941176,1.0
enron,BR_SVM,3,0,0.0010935205469431684,15990,0.0,0.019419299965877344,0.020512820512820513,0.1
enron,BR_SVM,3,1,0.028220380313684762,769,0.1,0.13432838431570404,0.1625487646293888,0.2
enron,BR_SVM,3,2,0.01818685096427486,239,0.2,0.2524964743952372,0.23430962343096234,0.3
enron,BR_SVM,3,3,0.06782447858605273,344,0.3,0.3585221530046574,0.29069767441860467,0.4
enron,BR_SVM,3,4,0.014622509992093358,407,0.4,0.44214093751052086,0.4275184275184275,0.5
enron,BR_SVM,3,5,0.04394776831827896,223,0.5,0.5479804828027973,0.5919282511210763,0.6
enron,BR_SVM,3,6,0.08587230369448662,128,0.6,0.6485026963055134,0.734375,0.7
enron,BR_SVM,3,7,0.0331261138966743,94,0.7,0.7541079286565172,0.7872340425531915,0.8
enron,BR_SVM,3,8,0.004492571641658838,58,0.8,0.8493201578485554,0.8448275862068966,0.9
enron,BR_SVM,3,9,0.18286278392329358,33,0.9,0.9404385414990512,0.7575757575757576,1.0
enron,BR_SVM,4,0,0.001476783422014346,15572,0.0,0.018559178561032147,0.020035961983046493,0.1
enron,BR_SVM,4,1,0.031169082616265026,654,0.1,0.13702663603816922,0.16819571865443425,0.2
enron,BR_SVM,4,2,0.015262338628129257,246,0.2,0.2489653036482935,0.26422764227642276,0.3
enron,BR_SVM,4,3,0.056322854868868455,374,0.3,0.3611356890934674,0.3048128342245989,0.4
enron,BR_SVM,4,4,0.013470343937258933,411,0.4,0.4439505806369503,0.45742092457420924,0.5
enron,BR_SVM,4,5,0.11243941336113783,197,0.5,0.5474590637962226,0.6598984771573604,0.6
enron,BR_SVM,4,6,0.13824581045370832,130,0.6,0.6463695741616763,0.7846153846153846,0.7
enron,BR_SVM,4,7,0.000931958583268222,88,0.7,0.7509319585832682,0.75,0.8
enron,BR_SVM,4,8,0.07536326004908633,39,0.8,0.8445940292798556,0.7692307692307693,0.9
enron,BR_SVM,4,9,0.09292637624523858,44,0.9,0.9565627398816022,0.8636363636363636,1.0
enron,BR_SVM,5,0,0.00047543371280909033,15632,0.0,0.019474921942082377,0.018999488229273286,0.1
enron,BR_SVM,5,1,0.01489912422478984,833,0.1,0.13636137997689082,0.15126050420168066,0.2
enron,BR_SVM,5,2,0.003410663769301353,297,0.2,0.2491145887559512,0.25252525252525254,0.3
enron,BR_SVM,5,3,0.01834623281620751,363,0.3,0.3516795661495408,0.3333333333333333,0.4
enron,BR_SVM,5,4,0.00721410102215575,402,0.4,0.4475126084848423,0.44029850746268656,0.5
enron,BR_SVM,5,5,0.1086266186502245,225,0.5,0.5491511591275533,0.6577777777777778,0.6
enron,BR_SVM,5,6,0.020306984270651585,127,0.6,0.6489843543120256,0.6692913385826772,0.7
enron,BR_SVM,5,7,0.050589155692320587,78,0.7,0.7442826391794742,0.7948717948717948,0.8
enron,BR_SVM,5,8,0.1143207848072052,34,0.8,0.8496149024542641,0.7352941176470589,0.9
enron,BR_SVM,5,9,0.017151107048166248,29,0.9,0.9483661343311441,0.9655172413793104,1.0
enron,CC_SVM,1,0,0.000408640643002077,15810,0.0,0.018187184783942895,0.018595825426944972,0.1
enron,CC_SVM,1,1,0.01241075426964236,764,0.1,0.1368039054162215,0.14921465968586387,0.2
enron,CC_SVM,1,2,0.017585810400405022,265,0.2,0.24777448964568805,0.23018867924528302,0.3
enron,CC_SVM,1,3,0.1267179014814875,379,0.3,0.3641849199511445,0.23746701846965698,0.4
enron,CC_SVM,1,4,0.01771960726348304,465,0.4,0.44137552124197765,0.4236559139784946,0.5
enron,CC_SVM,1,5,0.07680122016376478,241,0.5,0.5497547964337456,0.6265560165975104,0.6
enron,CC_SVM,1,6,0.07030129681030906,120,0.6,0.6463653698563576,0.7166666666666667,0.7
enron,CC_SVM,1,7,0.061879333395224334,104,0.7,0.7458129742970834,0.8076923076923077,0.8
enron,CC_SVM,1,8,0.07086475950772642,61,0.8,0.8471680273775195,0.9180327868852459,0.9
enron,CC_SVM,1,9,0.159022129100302,23,0.9,0.941630824752476,0.782608695652174,1.0
enron,CC_SVM,2,0,0.000549865679635067,15494,0.0,0.017779810323979236,0.018329676003614303,0.1
enron,CC_SVM,2,1,0.013106322423978273,792,0.1,0.1358835765659207,0.14898989898989898,0.2
enron,CC_SVM,2,2,0.006219071221269995,292,0.2,0.24594509861853026,0.23972602739726026,0.3
enron,CC_SVM,2,3,0.06331753445779043,366,0.3,0.3583995016709052,0.29508196721311475,0.4
enron,CC_SVM,2,4,0.026061028929857122,390,0.4,0.44657384944267764,0.4205128205128205,0.5
enron,CC_SVM,2,5,0.001354963917817309,224,0.5,0.5432878932250398,0.5446428571428571,0.6
enron,CC_SVM,2,6,0.08000950505133397,147,0.6,0.6478816514112511,0.7278911564625851,0.7
enron,CC_SVM,2,7,0.010179186755038372,94,0.7,0.7451399621811319,0.7553191489361702,0.8
enron,CC_SVM,2,8,0.04419231166442228,72,0.8,0.8497478672199779,0.8055555555555556,0.9
enron,CC_SVM,2,9,0.014513177927150345,43,0.9,0.9389751941658729,0.9534883720930233,1.0
enron,CC_SVM,3,0,0.0014091839541304184,15768,0.0,0.01780694998803092,0.01921613394216134,0.1
enron,CC_SVM,3,1,0.0014340226587496174,836,0.1,0.13660148677358216,0.13516746411483255,0.2
enron,CC_SVM,3,2,0.018469091890187084,290,0.2,0.24605529878673882,0.22758620689655173,0.3
enron,CC_SVM,3,3,0.11071881137768214,371,0.3,0.35600183024560667,0.24528301886792453,0.4
enron,CC_SVM,3,4,0.013560695582599758,418,0.4,0.4465750496495854,0.43301435406698563,0.5
enron,CC_SVM,3,5,0.043860950490884565,228,0.5,0.5482443126670101,0.5921052631578947,0.6
enron,CC_SVM,3,6,0.026098211995916443,153,0.6,0.6471044023831686,0.673202614379085,0.7
enron,CC_SVM,3,7,0.010143043281876096,107,0.7,0.7484608002912219,0.7383177570093458,0.8
enron,CC_SVM,3,8,0.07264054444298818,67,0.8,0.8487599474280628,0.7761194029850746,0.9
enron,CC_SVM,3,9,0.22161324988020226,47,0.9,0.9450175051993512,0.723404255319149,1.0
enron,CC_SVM,4,0,0.0026823296588864252,15451,0.0,0.016992772276263404,0.01967510193514983,0.1
enron,CC_SVM,4,1,0.0054994668707623595,681,0.1,0.13693812490603646,0.14243759177679882,0.2
enron,CC_SVM,4,2,0.008196874650625074,260,0.2,0.24665841311216355,0.23846153846153847,0.3
enron,CC_SVM,4,3,0.07067178302583121,383,0.3,0.36048901540181033,0.2898172323759791,0.4
enron,CC_SVM,4,4,0.01569044611749859,411,0.4,0.44416356848104155,0.45985401459854014,0.5
enron,CC_SVM,4,5,0.0713226303982375,199,0.5,0.546767821863069,0.6180904522613065,0.6
enron,CC_SVM,4,6,0.07810427455136382,137,0.6,0.6445234626749136,0.7226277372262774,0.7
enron,CC_SVM,4,7,0.024677693843841553,103,0.7,0.7431242957855891,0.7184466019417476,0.8
enron,CC_SVM,4,8,0.15237187147140496,75,0.8,0.8457052048047383,0.6933333333333334,0.9
enron,CC_SVM,4,9,0.15466553297909824,55,0.9,0.9546655329790983,0.8,1.0
enron,CC_SVM,5,0,1.816165255893315e-05,15484,0.0,0.01787127260215561,0.017889434254714544,0.1
enron,CC_SVM,5,1,0.004805064037720713,856,0.1,0.13771830044826058,0.1425233644859813,0.2
enron,CC_SVM,5,2,0.02983758207680523,345,0.2,0.24433033569999363,0.2144927536231884,0.3
enron,CC_SVM,5,3,0.062195726545992036,397,0.3,0.3518682706265966,0.28967254408060455,0.4
enron,CC_SVM,5,4,0.00498627564931281,394,0.4,0.4467903740968801,0.4517766497461929,0.5
enron,CC_SVM,5,5,0.09792268553445505,215,0.5,0.5485889423725216,0.6465116279069767,0.6
enron,CC_SVM,5,6,0.01541092765482166,158,0.6,0.6491460343704948,0.6645569620253164,0.7
enron,CC_SVM,5,7,0.01659055002804455,87,0.7,0.7407284810625273,0.7241379310344828,0.8
enron,CC_SVM,5,8,0.02227749427159631,51,0.8,0.8458069060363022,0.8235294117647058,0.9
enron,CC_SVM,5,9,0.0786522608814818,33,0.9,0.9574401396693606,0.8787878787878788,1.0
enron,MLC_PA_SVM,1,0,0.0004390881848783425,15928,0.0,0.019838887280810034,0.019399799095931692,0.1
enron,MLC_PA_SVM,1,1,0.016306712892543263,743,0.1,0.1357794243887488,0.15208613728129206,0.2
enron,MLC_PA_SVM,1,2,0.03785722017822776,223,0.2,0.24465399058410406,0.2825112107623318,0.3
enron,MLC_PA_SVM,1,3,0.11629966545975612,356,0.3,0.36349067669571117,0.24719101123595505,0.4
enron,MLC_PA_SVM,1,4,0.01537472908866816,464,0.4,0.44209886701970263,0.4267241379310345,0.5
enron,MLC_PA_SVM,1,5,0.09784952177191675,265,0.5,0.5474334970960077,0.6452830188679245,0.6
enron,MLC_PA_SVM,1,6,0.13395567012555665,132,0.6,0.6463473601774736,0.7803030303030303,0.7
enron,MLC_PA_SVM,1,7,0.15211942129664957,72,0.7,0.7506583564811282,0.9027777777777778,0.8
enron,MLC_PA_SVM,1,8,0.011311139609362586,37,0.8,0.8491489774472004,0.8378378378378378,0.9
enron,MLC_PA_SVM,1,9,0.12204951047897339,12,0.9,0.9553828438123068,0.8333333333333334,1.0
enron,MLC_PA_SVM,2,0,0.0010502508496418941,15653,0.0,0.02002424944416052,0.018973998594518624,0.1
enron,MLC_PA_SVM,2,1,0.02527809161564401,725,0.1,0.134721908384356,0.16,0.2
enron,MLC_PA_SVM,2,2,0.049739481357391924,256,0.2,0.2510417686426081,0.30078125,0.3
enron,MLC_PA_SVM,2,3,0.06891589739666976,367,0.3,0.35774423527132915,0.2888283378746594,0.4
enron,MLC_PA_SVM,2,4,0.0311650231999544,402,0.4,0.44644691709855305,0.47761194029850745,0.5
enron,MLC_PA_SVM,2,5,0.0007538269205791259,205,0.5,0.5455876364940551,0.5463414634146342,0.6
enron,MLC_PA_SVM,2,6,0.06968638931747773,137,0.6,0.645642077835807,0.7153284671532847,0.7
enron,MLC_PA_SVM,2,7,0.07754566511475891,83,0.7,0.741731443318976,0.8192771084337349,0.8
enron,MLC_PA_SVM,2,8,0.002865183811921357,52,0.8,0.8432886623419248,0.8461538461538461,0.9
enron,MLC_PA_SVM,2,9,0.02206714013043576,34,0.9,0.9485210951636819,0.9705882352941176,1.0
enron,MLC_PA_SVM,3,0,0.0010935205469431684,15990,0.0,0.019419299965877344,0.020512820512820513,0.1
enron,MLC_PA_SVM,3,1,0.028220380313684762,769,0.1,0.13432838431570404,0.1625487646293888,0.2
enron,MLC_PA_SVM,3,2,0.01818685096427486,239,0.2,0.2524964743952372,0.23430962343096234,0.3
enron,MLC_PA_SVM,3,3,0.06782447858605273,344,0.3,0.3585221530046574,0.29069767441860467,0.4
enron,MLC_PA_SVM,3,4,0.014622509992093358,407,0.4,0.44214093751052086,0.4275184275184275,0.5
enron,MLC_PA_SVM,3,5,0.04394776831827896,223,0.5,0.5479804828027973,0.5919282511210763,0.6
enron,MLC_PA_SVM,3,6,0.08587230369448662,128,0.6,0.6485026963055134,0.734375,0.7
enron,MLC_PA_SVM,3,7,0.0331261138966743,94,0.7,0.7541079286565172,0.7872340425531915,0.8
enron,MLC_PA_SVM,3,8,0.004492571641658838,58,0.8,0.8493201578485554,0.8448275862068966,0.9
enron,MLC_PA_SVM,3,9,0.18286278392329358,33,0.9,0.9404385414990512,0.7575757575757576,1.0
enron,MLC_PA_SVM,4,0,0.001476783422014346,15572,0.0,0.018559178561032147,0.020035961983046493,0.1
enron,MLC_PA_SVM,4,1,0.031169082616265026,654,0.1,0.13702663603816922,0.16819571865443425,0.2
enron,MLC_PA_SVM,4,2,0.015262338628129257,246,0.2,0.2489653036482935,0.26422764227642276,0.3
enron,MLC_PA_SVM,4,3,0.056322854868868455,374,0.3,0.3611356890934674,0.3048128342245989,0.4
enron,MLC_PA_SVM,4,4,0.013470343937258933,411,0.4,0.4439505806369503,0.45742092457420924,0.5
enron,MLC_PA_SVM,4,5,0.11243941336113783,197,0.5,0.5474590637962226,0.6598984771573604,0.6
enron,MLC_PA_SVM,4,6,0.13824581045370832,130,0.6,0.6463695741616763,0.7846153846153846,0.7
enron,MLC_PA_SVM,4,7,0.000931958583268222,88,0.7,0.7509319585832682,0.75,0.8
enron,MLC_PA_SVM,4,8,0.07536326004908633,39,0.8,0.8445940292798556,0.7692307692307693,0.9
enron,MLC_PA_SVM,4,9,0.09292637624523858,44,0.9,0.9565627398816022,0.8636363636363636,1.0
enron,MLC_PA_SVM,5,0,0.00047543371280909033,15632,0.0,0.019474921942082377,0.018999488229273286,0.1
enron,MLC_PA_SVM,5,1,0.01489912422478984,833,0.1,0.13636137997689082,0.15126050420168066,0.2
enron,MLC_PA_SVM,5,2,0.003410663769301353,297,0.2,0.2491145887559512,0.25252525252525254,0.3
enron,MLC_PA_SVM,5,3,0.01834623281620751,363,0.3,0.3516795661495408,0.3333333333333333,0.4
enron,MLC_PA_SVM,5,4,0.00721410102215575,402,0.4,0.4475126084848423,0.44029850746268656,0.5
enron,MLC_PA_SVM,5,5,0.1086266186502245,225,0.5,0.5491511591275533,0.6577777777777778,0.6
enron,MLC_PA_SVM,5,6,0.020306984270651585,127,0.6,0.6489843543120256,0.6692913385826772,0.7
enron,MLC_PA_SVM,5,7,0.050589155692320587,78,0.7,0.7442826391794742,0.7948717948717948,0.8
enron,MLC_PA_SVM,5,8,0.1143207848072052,34,0.8,0.8496149024542641,0.7352941176470589,0.9
enron,MLC_PA_SVM,5,9,0.017151107048166248,29,0.9,0.9483661343311441,0.9655172413793104,1.0
enron,GSI_MLC_PA_SVM,1,0,0.0023729675457403593,15931,0.0,0.01708594903200115,0.01945891657774151,0.1
enron,GSI_MLC_PA_SVM,1,1,0.008738158635911902,727,0.1,0.13844203393630267,0.14718019257221457,0.2
enron,GSI_MLC_PA_SVM,1,2,0.03674342102782277,233,0.2,0.24651838154728453,0.2832618025751073,0.3
enron,GSI_MLC_PA_SVM,1,3,0.08324532131361423,358,0.3,0.35978163416277625,0.276536312849162,0.4
enron,GSI_MLC_PA_SVM,1,4,0.047431315571259514,413,0.4,0.44452574656399557,0.39709443099273606,0.5
enron,GSI_MLC_PA_SVM,1,5,0.08340164537808037,272,0.5,0.5452748252101549,0.6286764705882353,0.6
enron,GSI_MLC_PA_SVM,1,6,0.08285597268601319,155,0.6,0.6461762853785029,0.7290322580645161,0.7
enron,GSI_MLC_PA_SVM,1,7,0.0912087779712829,80,0.7,0.7462912220287171,0.8375,0.8
enron,GSI_MLC_PA_SVM,1,8,0.00423635426085478,49,0.8,0.8529065028820023,0.8571428571428571,0.9
enron,GSI_MLC_PA_SVM,1,9,0.09676719332623063,14,0.9,0.9539100504690877,0.8571428571428571,1.0
enron,GSI_MLC_PA_SVM,2,0,0.000654487391539036,15621,0.0,0.017398134079557565,0.0180526214710966,0.1
enron,GSI_MLC_PA_SVM,2,1,0.033653387140198054,752,0.1,0.13655937881724875,0.1702127659574468,0.2
enron,GSI_MLC_PA_SVM,2,2,0.06331285312664928,269,0.2,0.24895480486591579,0.31226765799256506,0.3
enron,GSI_MLC_PA_SVM,2,3,0.04572679037623795,354,0.3,0.35928611241013625,0.3135593220338983,0.4
enron,GSI_MLC_PA_SVM,2,4,0.010859884618145466,385,0.4,0.44628297252471166,0.45714285714285713,0.5
enron,GSI_MLC_PA_SVM,2,5,0.009113373581133066,188,0.5,0.5463474161343246,0.5372340425531915,0.6
enron,GSI_MLC_PA_SVM,2,6,0.008464167055043048,165,0.6,0.6448278034186794,0.6363636363636364,0.7
enron,GSI_MLC_PA_SVM,2,7,0.09716960344495518,84,0.7,0.7480684917931401,0.8452380952380952,0.8
enron,GSI_MLC_PA_SVM,2,8,0.012043736984966413,60,0.8,0.8453770703182998,0.8333333333333334,0.9
enron,GSI_MLC_PA_SVM,2,9,0.02161320810990952,36,0.9,0.9506090141123127,0.9722222222222222,1.0
enron,GSI_MLC_PA_SVM,3,0,0.004261004560296672,15963,0.0,0.01672502563452886,0.020986030194825533,0.1
enron,GSI_MLC_PA_SVM,3,1,0.004437276686986541,729,0.1,0.13612451948534046,0.13168724279835392,0.2
enron,GSI_MLC_PA_SVM,3,2,0.006986724212736051,280,0.2,0.2498438670698789,0.24285714285714285,0.3
enron,GSI_MLC_PA_SVM,3,3,0.05862078615539418,358,0.3,0.35750346771964,0.2988826815642458,0.4
enron,GSI_MLC_PA_SVM,3,4,0.01646409854199571,393,0.4,0.44394501457253005,0.42748091603053434,0.5
enron,GSI_MLC_PA_SVM,3,5,0.013883436996091847,197,0.5,0.5519545029859395,0.5380710659898477,0.6
enron,GSI_MLC_PA_SVM,3,6,0.06589276821680135,124,0.6,0.6437846511380374,0.7096774193548387,0.7
enron,GSI_MLC_PA_SVM,3,7,0.01412647563654501,113,0.7,0.7469354712661098,0.7610619469026548,0.8
enron,GSI_MLC_PA_SVM,3,8,0.0373194066296042,78,0.8,0.8450117143219119,0.8076923076923077,0.9
enron,GSI_MLC_PA_SVM,3,9,0.14126452152976854,50,0.9,0.9412645215297686,0.8,1.0
enron,GSI_MLC_PA_SVM,4,0,0.003775426315649994,15602,0.0,0.016478387297989283,0.020253813613639277,0.1
enron,GSI_MLC_PA_SVM,4,1,0.033064940919042274,621,0.1,0.13923779660108654,0.1723027375201288,0.2
enron,GSI_MLC_PA_SVM,4,2,0.005588705145461559,238,0.2,0.2507138158629418,0.25630252100840334,0.3
enron,GSI_MLC_PA_SVM,4,3,0.05406370658603632,380,0.3,0.3540637065860363,0.3,0.4
enron,GSI_MLC_PA_SVM,4,4,0.008585250480970974,359,0.4,0.44823926205384795,0.4568245125348189,0.5
enron,GSI_MLC_PA_SVM,4,5,0.07541653833676132,211,0.5,0.545436542231959,0.6208530805687204,0.6
enron,GSI_MLC_PA_SVM,4,6,0.0974502121918247,153,0.6,0.6476478270238616,0.7450980392156863,0.7
enron,GSI_MLC_PA_SVM,4,7,0.01932873879153607,94,0.7,0.7533712919830254,0.7340425531914894,0.8
enron,GSI_MLC_PA_SVM,4,8,0.045947829178947575,49,0.8,0.8418661965258863,0.7959183673469388,0.9
enron,GSI_MLC_PA_SVM,4,9,0.12103855047403389,48,0.9,0.9543718838073673,0.8333333333333334,1.0
enron,GSI_MLC_PA_SVM,5,0,0.0023721996202911502,15642,0.0,0.017126585701278983,0.019498785321570133,0.1
enron,GSI_MLC_PA_SVM,5,1,0.004422364576467441,785,0.1,0.13690644100958846,0.13248407643312102,0.2
enron,GSI_MLC_PA_SVM,5,2,0.016015754055530546,335,0.2,0.24667081310864855,0.2626865671641791,0.3
enron,GSI_MLC_PA_SVM,5,3,0.03184313323164989,363,0.3,0.35415718281842673,0.32231404958677684,0.4
enron,GSI_MLC_PA_SVM,5,4,0.00892278031701188,381,0.4,0.44724299029076514,0.43832020997375326,0.5
enron,GSI_MLC_PA_SVM,5,5,0.10075970767594644,219,0.5,0.5476421188080718,0.6484018264840182,0.6
enron,GSI_MLC_PA_SVM,5,6,0.034299181601869844,144,0.6,0.6462563739536857,0.6805555555555556,0.7
enron,GSI_MLC_PA_SVM,5,7,0.06583213824071599,82,0.7,0.7390459105397719,0.8048780487804879,0.8
enron,GSI_MLC_PA_SVM,5,8,0.09519557143682555,41,0.8,0.8512931324124353,0.7560975609756098,0.9
enron,GSI_MLC_PA_SVM,5,9,0.018787294397213716,28,0.9,0.9473587229686423,0.9285714285714286,1.0
reuters-k500,BR_SVM,1,0,0.00024181337809664298,121169,0.0,0.005614474702362751,0.005372661324266108,0.1
reuters-k500,BR_SVM,1,1,0.046493440713376216,1168,0.1,0.1392942305195005,0.1857876712328767,0.2
reuters-k500,BR_SVM,1,2,0.0423746096126944,428,0.2,0.24500856795739906,0.28738317757009346,0.3
reuters-k500,BR_SVM,1,3,0.0827993496375925,238,0.3,0.34577207893383605,0.42857142857142855,0.4
reuters-k500,BR_SVM,1,4,0.004024414473740523,189,0.4,0.44846885891818494,0.4444444444444444,0.5
reuters-k500,BR_SVM,1,5,0.09387208086199467,113,0.5,0.5540490720124371,0.46017699115044247,0.6
reuters-k500,BR_SVM,1,6,0.1505506164394319,128,0.6,0.6505506164394319,0.5,0.7
reuters-k500,BR_SVM,1,7,0.14359254847493086,114,0.7,0.7488557063696677,0.6052631578947368,0.8
reuters-k500,BR_SVM,1,8,0.12270568073659704,138,0.8,0.8545897387076116,0.7318840579710145,0.9
reuters-k500,BR_SVM,1,9,0.11046697914782644,327,0.9,0.9667360922976735,0.8562691131498471,1.0
reuters-k500,BR_SVM,2,0,0.00017165149930327417,121273,0.0,0.005564442969787224,0.00539279147048395,0.1
reuters-k500,BR_SVM,2,1,0.04992953958781132,1224,0.1,0.13797895714421482,0.18790849673202614,0.2
reuters-k500,BR_SVM,2,2,0.029704336472499537,405,0.2,0.24436973760157454,0.2740740740740741,0.3
reuters-k500,BR_SVM,2,3,0.03621576658423015,241,0.3,0.34552697200498145,0.3817427385892116,0.4
reuters-k500,BR_SVM,2,4,0.04252816199445397,147,0.4,0.44726775637289296,0.4897959183673469,0.5
reuters-k500,BR_SVM,2,5,0.012149349306568968,132,0.5,0.5500281371853568,0.5378787878787878,0.6
reuters-k500,BR_SVM,2,6,0.08218065316114964,123,0.6,0.6512863442180602,0.5691056910569106,0.7
reuters-k500,BR_SVM,2,7,0.13469475162915956,121,0.7,0.7462649995630438,0.6115702479338843,0.8
reuters-k500,BR_SVM,2,8,0.07815006108426337,134,0.8,0.854269464069338,0.7761194029850746,0.9
reuters-k500,BR_SVM,2,9,0.08716226172825647,315,0.9,0.969701944267939,0.8825396825396825,1.0
reuters-k500,BR_SVM,3,0,0.0002801243680153496,120556,0.0,0.005680104460254641,0.005399980092239291,0.1
reuters-k500,BR_SVM,3,1,0.06130522017071885,1148,0.1,0.13904321188503027,0.20034843205574912,0.2
reuters-k500,BR_SVM,3,2,0.05550236495461053,381,0.2,0.24371023347058635,0.2992125984251969,0.3
reuters-k500,BR_SVM,3,3,0.06410767311851179,240,0.3,0.3483923268814882,0.4125,0.4
reuters-k500,BR_SVM,3,4,0.037139960422235385,170,0.4,0.4489046663045883,0.4117647058823529,0.5
reuters-k500,BR_SVM,3,5,0.031349041159190905,126,0.5,0.5480160382058885,0.5793650793650794,0.6
reuters-k500,BR_SVM,3,6,0.04381195475569866,113,0.6,0.6455818662601235,0.6017699115044248,0.7
reuters-k500,BR_SVM,3,7,0.06682356303198289,114,0.7,0.7510340893477724,0.6842105263157895,0.8
reuters-k500,BR_SVM,3,8,0.13341860771179204,125,0.8,0.853418607711792,0.72,0.9
reuters-k500,BR_SVM,3,9,0.09457742118235646,318,0.9,0.9687912576603439,0.8742138364779874,1.0
reuters-k500,BR_SVM,4,0,0.0002639338480598932,120947,0.0,0.005538971674545875,0.005275037826485982,0.1
reuters-k500,BR_SVM,4,1,0.052399192180898446,1125,0.1,0.14137858559687932,0.19377777777777777,0.2
reuters-k500,BR_SVM,4,2,0.04693423040869127,419,0.2,0.2442352206652944,0.2911694510739857,0.3
reuters-k500,BR_SVM,4,3,0.009553266231153823,244,0.3,0.3429057501622888,0.3524590163934426,0.4
reuters-k500,BR_SVM,4,4,0.04557581197202598,153,0.4,0.4511562141717649,0.49673202614379086,0.5
reuters-k500,BR_SVM,4,5,0.07305711936950687,125,0.5,0.5509428806304931,0.624,0.6
reuters-k500,BR_SVM,4,6,0.0001375574332016516,130,0.6,0.6462914035870478,0.6461538461538462,0.7
reuters-k500,BR_SVM,4,7,0.055797351129127204,99,0.7,0.7527670480988242,0.696969696969697,0.8
reuters-k500,BR_SVM,4,8,0.11985591429251219,135,0.8,0.8531892476258455,0.7333333333333333,0.9
reuters-k500,BR_SVM,4,9,0.07798429025462805,326,0.9,0.9675548424018673,0.8895705521472392,1.0
reuters-k500,BR_SVM,5,0,0.00022300257862640626,120173,0.0,0.005590264775625732,0.005367262196999326,0.1
reuters-k500,BR_SVM,5,1,0.05717389799307182,1137,0.1,0.13983577658916213,0.19700967458223395,0.2
reuters-k500,BR_SVM,5,2,0.10079422368193575,371,0.2,0.24421925340701306,0.3450134770889488,0.3
reuters-k500,BR_SVM,5,3,0.027826465317543514,235,0.3,0.3508969389377756,0.37872340425531914,0.4
reuters-k500,BR_SVM,5,4,0.04877537766598766,161,0.4,0.44811903227190053,0.4968944099378882,0.5
reuters-k500,BR_SVM,5,5,0.04801590858943883,126,0.5,0.5472221866486564,0.5952380952380952,0.6
reuters-k500,BR_SVM,5,6,0.007460381519996506,118,0.6,0.6450819913613595,0.652542372881356,0.7
reuters-k500,BR_SVM,5,7,0.10429760542782862,110,0.7,0.7497521508823741,0.6454545454545455,0.8
reuters-k500,BR_SVM,5,8,0.12534043826456143,127,0.8,0.8576239028314906,0.7322834645669292,0.9
reuters-k500,BR_SVM,5,9,0.09168332610917618,321,0.9,0.9670727342088646,0.8753894080996885,1.0
reuters-k500,CC_SVM,1,0,0.0006997958125593675,120352,0.0,0.005735025804582765,0.005035229992023398,0.1
reuters-k500,CC_SVM,1,1,0.003831348931442685,1444,0.1,0.13887290017798007,0.13504155124653738,0.2
reuters-k500,CC_SVM,1,2,0.03937297915427673,569,0.2,0.24499688073599904,0.2056239015817223,0.3
reuters-k500,CC_SVM,1,3,0.07191839766117836,310,0.3,0.3461119460482751,0.27419354838709675,0.4
reuters-k500,CC_SVM,1,4,0.17282079128776423,237,0.4,0.44708239466329164,0.2742616033755274,0.5
reuters-k500,CC_SVM,1,5,0.19838849703470873,189,0.5,0.5475948462410579,0.3492063492063492,0.6
reuters-k500,CC_SVM,1,6,0.20219229872931138,176,0.6,0.6453741169111296,0.4431818181818182,0.7
reuters-k500,CC_SVM,1,7,0.21571081602259679,152,0.7,0.7486055528647021,0.5328947368421053,0.8
reuters-k500,CC_SVM,1,8,0.2315518266343055,188,0.8,0.8538922521662204,0.6223404255319149,0.9
reuters-k500,CC_SVM,1,9,0.12300232905375796,395,0.9,0.9660403037373023,0.8430379746835444,1.0
reuters-k500,CC_SVM,2,0,0.00039871866635436855,120480,0.0,0.005719103792516387,0.005320385126162019,0.1
reuters-k500,CC_SVM,2,1,0.0012422725451539107,1396,0.1,0.1380617567858416,0.13681948424068768,0.2
reuters-k500,CC_SVM,2,2,0.07184322076822669,587,0.2,0.24220097204590982,0.17035775127768313,0.3
reuters-k500,CC_SVM,2,3,0.10228311794144768,350,0.3,0.3479974036557334,0.24571428571428572,0.4
reuters-k500,CC_SVM,2,4,0.17466816678643227,216,0.4,0.4478163149345804,0.27314814814814814,0.5
reuters-k500,CC_SVM,2,5,0.10645910439103146,172,0.5,0.5483195695073105,0.4418604651162791,0.6
reuters-k500,CC_SVM,2,6,0.22991330403808158,141,0.6,0.6483530203501383,0.41843971631205673,0.7
reuters-k500,CC_SVM,2,7,0.2256838797095293,167,0.7,0.7406539395897688,0.5149700598802395,0.8
reuters-k500,CC_SVM,2,8,0.2642497112462808,182,0.8,0.8521617991583688,0.5879120879120879,0.9
reuters-k500,CC_SVM,2,9,0.1382220075377878,424,0.9,0.9660521962170331,0.8278301886792453,1.0
reuters-k500,CC_SVM,3,0,0.0006542687051110168,119758,0.0,0.005756224315592154,0.005101955610481137,0.1
reuters-k500,CC_SVM,3,1,0.006578322645974272,1378,0.1,0.13865379434408748,0.1320754716981132,0.2
reuters-k500,CC_SVM,3,2,0.014854401956617302,565,0.2,0.24317298602741377,0.22831858407079647,0.3
reuters-k500,CC_SVM,3,3,0.07572892159794481,261,0.3,0.347759572938941,0.2720306513409962,0.4
reuters-k500,CC_SVM,3,4,0.07683809455050977,215,0.4,0.4489311178063237,0.37209302325581395,0.5
reuters-k500,CC_SVM,3,5,0.160795441695622,175,0.5,0.5493668702670506,0.38857142857142857,0.6
reuters-k500,CC_SVM,3,6,0.21067162608140272,149,0.6,0.6469132368196577,0.436241610738255,0.7
reuters-k500,CC_SVM,3,7,0.3314269861659488,185,0.7,0.7422377969767596,0.41081081081081083,0.8
reuters-k500,CC_SVM,3,8,0.26439001497834225,172,0.8,0.8515993173039237,0.5872093023255814,0.9
reuters-k500,CC_SVM,3,9,0.11903206071457195,433,0.9,0.9689165872734634,0.8498845265588915,1.0
reuters-k500,CC_SVM,4,0,0.0005203637313033948,120174,0.0,0.005671228310996174,0.005150864579692779,0.1
reuters-k500,CC_SVM,4,1,0.009135013970749811,1392,0.1,0.1398821404075314,0.1307471264367816,0.2
reuters-k500,CC_SVM,4,2,0.03608638550458329,534,0.2,0.24395155404390914,0.20786516853932585,0.3
reuters-k500,CC_SVM,4,3,0.09762172206164965,306,0.3,0.3459877351335451,0.24836601307189543,0.4
reuters-k500,CC_SVM,4,4,0.09965237829030732,204,0.4,0.4476915939765818,0.3480392156862745,0.5
reuters-k500,CC_SVM,4,5,0.17070496500584115,171,0.5,0.5508219240701686,0.38011695906432746,0.6
reuters-k500,CC_SVM,4,6,0.23172677769137257,173,0.6,0.6536920956104477,0.42196531791907516,0.7
reuters-k500,CC_SVM,4,7,0.19028725327959484,157,0.7,0.7507968074197222,0.5605095541401274,0.8
reuters-k500,CC_SVM,4,8,0.18236711907521475,177,0.8,0.8546835032560057,0.672316384180791,0.9
reuters-k500,CC_SVM,4,9,0.11078857384532326,415,0.9,0.9686198991465281,0.8578313253012049,1.0
reuters-k500,CC_SVM,5,0,0.0005641462544230371,119301,0.0,0.005727556452158177,0.00516341019773514,0.1
reuters-k500,CC_SVM,5,1,0.0032279887952302577,1425,0.1,0.13866658528645834,0.13543859649122808,0.2
reuters-k500,CC_SVM,5,2,0.043896166755343385,530,0.2,0.2438961667553434,0.2,0.3
reuters-k500,CC_SVM,5,3,0.048152399380752664,319,0.3,0.3459580420139815,0.29780564263322884,0.4
reuters-k500,CC_SVM,5,4,0.12045054824455925,230,0.4,0.4465375047662984,0.32608695652173914,0.5
reuters-k500,CC_SVM,5,5,0.14788303149713045,185,0.5,0.5478830314971305,0.4,0.6
reuters-k500,CC_SVM,5,6,0.20986495345656636,171,0.6,0.6484614446846365,0.43859649122807015,0.7
reuters-k500,CC_SVM,5,7,0.25401081669498493,142,0.7,0.7469685631738582,0.49295774647887325,0.8
reuters-k500,CC_SVM,5,8,0.15155496636589805,182,0.8,0.8548516696626014,0.7032967032967034,0.9
reuters-k500,CC_SVM,5,9,0.12660953069701408,394,0.9,0.9667110535396537,0.8401015228426396,1.0
reuters-k500,MLC_PA_SVM,1,0,0.00024181337809664298,121169,0.0,0.005614474702362751,0.005372661324266108,0.1
reuters-k500,MLC_PA_SVM,1,1,0.046493440713376216,1168,0.1,0.1392942305195005,0.1857876712328767,0.2
reuters-k500,MLC_PA_SVM,1,2,0.0423746096126944,428,0.2,0.24500856795739906,0.28738317757009346,0.3
reuters-k500,MLC_PA_SVM,1,3,0.0827993496375925,238,0.3,0.34577207893383605,0.42857142857142855,0.4
reuters-k500,MLC_PA_SVM,1,4,0.004024414473740523,189,0.4,0.44846885891818494,0.4444444444444444,0.5
reuters-k500,MLC_PA_SVM,1,5,0.09387208086199467,113,0.5,0.5540490720124371,0.46017699115044247,0.6
reuters-k500,MLC_PA_SVM,1,6,0.1505506164394319,128,0.6,0.6505506164394319,0.5,0.7
reuters-k500,MLC_PA_SVM,1,7,0.14359254847493086,114,0.7,0.7488557063696677,0.6052631578947368,0.8
reuters-k500,MLC_PA_SVM,1,8,0.12270568073659704,138,0.8,0.8545897387076116,0.7318840579710145,0.9
reuters-k500,MLC_PA_SVM,1,9,0.11046697914782644,327,0.9,0.9667360922976735,0.8562691131498471,1.0
reuters-k500,MLC_PA_SVM,2,0,0.00017165149930327417,121273,0.0,0.005564442969787224,0.00539279147048395,0.1
reuters-k500,MLC_PA_SVM,2,1,0.04992953958781132,1224,0.1,0.13797895714421482,0.18790849673202614,0.2
reuters-k500,MLC_PA_SVM,2,2,0.029704336472499537,405,0.2,0.24436973760157454,0.2740740740740741,0.3
reuters-k500,MLC_PA_SVM,2,3,0.03621576658423015,241,0.3,0.34552697200498145,0.3817427385892116,0.4
reuters-k500,MLC_PA_SVM,2,4,0.04252816199445397,147,0.4,0.44726775637289296,0.4897959183673469,0.5
reuters-k500,MLC_PA_SVM,2,5,0.012149349306568968,132,0.5,0.5500281371853568,0.5378787878787878,0.6
reuters-k500,MLC_PA_SVM,2,6,0.08218065316114964,123,0.6,0.6512863442180602,0.5691056910569106,0.7
reuters-k500,MLC_PA_SVM,2,7,0.13469475162915956,121,0.7,0.7462649995630438,0.6115702479338843,0.8
reuters-k500,MLC_PA_SVM,2,8,0.07815006108426337,134,0.8,0.854269464069338,0.7761194029850746,0.9
reuters-k500,MLC_PA_SVM,2,9,0.08716226172825647,315,0.9,0.969701944267939,0.8825396825396825,1.0
reuters-k500,MLC_PA_SVM,3,0,0.0002801243680153496,120556,0.0,0.005680104460254641,0.005399980092239291,0.1
reuters-k500,MLC_PA_SVM,3,1,0.06130522017071885,1148,0.1,0.13904321188503027,0.20034843205574912,0.2
reuters-k500,MLC_PA_SVM,3,2,0.05550236495461053,381,0.2,0.24371023347058635,0.2992125984251969,0.3
reuters-k500,MLC_PA_SVM,3,3,0.06410767311851179,240,0.3,0.3483923268814882,0.4125,0.4
reuters-k500,MLC_PA_SVM,3,4,0.037139960422235385,170,0.4,0.4489046663045883,0.4117647058823529,0.5
reuters-k500,MLC_PA_SVM,3,5,0.031349041159190905,126,0.5,0.5480160382058885,0.5793650793650794,0.6
reuters-k500,MLC_PA_SVM,3,6,0.04381195475569866,113,0.6,0.6455818662601235,0.6017699115044248,0.7
reuters-k500,MLC_PA_SVM,3,7,0.06682356303198289,114,0.7,0.7510340893477724,0.6842105263157895,0.8
reuters-k500,MLC_PA_SVM,3,8,0.13341860771179204,125,0.8,0.853418607711792,0.72,0.9
reuters-k500,MLC_PA_SVM,3,9,0.09457742118235646,318,0.9,0.9687912576603439,0.8742138364779874,1.0
reuters-k500,MLC_PA_SVM,4,0,0.0002639338480598932,120947,0.0,0.005538971674545875,0.005275037826485982,0.1
reuters-k500,MLC_PA_SVM,4,1,0.052399192180898446,1125,0.1,0.14137858559687932,0.19377777777777777,0.2
reuters-k500,MLC_PA_SVM,4,2,0.04693423040869127,419,0.2,0.2442352206652944,0.2911694510739857,0.3
reuters-k500,MLC_PA_SVM,4,3,0.009553266231153823,244,0.3,0.3429057501622888,0.3524590163934426,0.4
reuters-k500,MLC_PA_SVM,4,4,0.04557581197202598,153,0.4,0.4511562141717649,0.49673202614379086,0.5
reuters-k500,MLC_PA_SVM,4,5,0.07305711936950687,125,0.5,0.5509428806304931,0.624,0.6
reuters-k500,MLC_PA_SVM,4,6,0.0001375574332016516,130,0.6,0.6462914035870478,0.6461538461538462,0.7
reuters-k500,MLC_PA_SVM,4,7,0.055797351129127204,99,0.7,0.7527670480988242,0.696969696969697,0.8
reuters-k500,MLC_PA_SVM,4,8,0.11985591429251219,135,0.8,0.8531892476258455,0.7333333333333333,0.9
reuters-k500,MLC_PA_SVM,4,9,0.07798429025462805,326,0.9,0.9675548424018673,0.8895705521472392,1.0
reuters-k500,MLC_PA_SVM,5,0,0.00022300257862640626,120173,0.0,0.005590264775625732,0.005367262196999326,0.1
reuters-k500,MLC_PA_SVM,5,1,0.05717389799307182,1137,0.1,0.13983577658916213,0.19700967458223395,0.2
reuters-k500,MLC_PA_SVM,5,2,0.10079422368193575,371,0.2,0.24421925340701306,0.3450134770889488,0.3
reuters-k500,MLC_PA_SVM,5,3,0.027826465317543514,235,0.3,0.3508969389377756,0.37872340425531914,0.4
reuters-k500,MLC_PA_SVM,5,4,0.04877537766598766,161,0.4,0.44811903227190053,0.4968944099378882,0.5
reuters-k500,MLC_PA_SVM,5,5,0.04801590858943883,126,0.5,0.5472221866486564,0.5952380952380952,0.6
reuters-k500,MLC_PA_SVM,5,6,0.007460381519996506,118,0.6,0.6450819913613595,0.652542372881356,0.7
reuters-k500,MLC_PA_SVM,5,7,0.10429760542782862,110,0.7,0.7497521508823741,0.6454545454545455,0.8
reuters-k500,MLC_PA_SVM,5,8,0.12534043826456143,127,0.8,0.8576239028314906,0.7322834645669292,0.9
reuters-k500,MLC_PA_SVM,5,9,0.09168332610917618,321,0.9,0.9670727342088646,0.8753894080996885,1.0
reuters-k500,GSI_MLC_PA_SVM,1,0,0.0010305756395838986,121483,0.0,0.004624536598342396,0.0056551122379262945,0.1
reuters-k500,GSI_MLC_PA_SVM,1,1,0.07613752162673182,971,0.1,0.14013436302826304,0.21627188465499486,0.2
reuters-k500,GSI_MLC_PA_SVM,1,2,0.051221450790199574,396,0.2,0.2442330946643459,0.29545454545454547,0.3
reuters-k500,GSI_MLC_PA_SVM,1,3,0.08267257240439863,209,0.3,0.3479494371649794,0.430622009569378,0.4
reuters-k500,GSI_MLC_PA_SVM,1,4,0.007016946068119312,178,0.4,0.44521919325913056,0.43820224719101125,0.5
reuters-k500,GSI_MLC_PA_SVM,1,5,0.06003072958794137,104,0.5,0.5504153449725567,0.49038461538461536,0.6
reuters-k500,GSI_MLC_PA_SVM,1,6,0.09209375102288686,101,0.6,0.6465491965674414,0.5544554455445545,0.7
reuters-k500,GSI_MLC_PA_SVM,1,7,0.14937966079760134,95,0.7,0.7493796607976013,0.6,0.8
reuters-k500,GSI_MLC_PA_SVM,1,8,0.09248180314951948,142,0.8,0.8530451834312096,0.7605633802816901,0.9
reuters-k500,GSI_MLC_PA_SVM,1,9,0.1029992390469342,333,0.9,0.970867106914802,0.8678678678678678,1.0
reuters-k500,GSI_MLC_PA_SVM,2,0,0.0008866339817100973,121514,0.0,0.004635363483602542,0.005521997465312639,0.1
reuters-k500,GSI_MLC_PA_SVM,2,1,0.07102864789213859,1092,0.1,0.13867831181482113,0.2097069597069597,0.2
reuters-k500,GSI_MLC_PA_SVM,2,2,0.038875246232531774,364,0.2,0.2440917867345012,0.28296703296703296,0.3
reuters-k500,GSI_MLC_PA_SVM,2,3,0.09231755964508676,211,0.3,0.3437013977008848,0.43601895734597157,0.4
reuters-k500,GSI_MLC_PA_SVM,2,4,0.026819148668983217,150,0.4,0.4465141846643501,0.47333333333333333,0.5
reuters-k500,GSI_MLC_PA_SVM,2,5,0.013229181167579984,129,0.5,0.5526622917006371,0.5658914728682171,0.6
reuters-k500,GSI_MLC_PA_SVM,2,6,0.015340495398721399,111,0.6,0.645971126029352,0.6306306306306306,0.7
reuters-k500,GSI_MLC_PA_SVM,2,7,0.07892530770822492,96,0.7,0.7455919743748916,0.6666666666666666,0.8
reuters-k500,GSI_MLC_PA_SVM,2,8,0.1260134249798497,132,0.8,0.853286152252577,0.7272727272727273,0.9
reuters-k500,GSI_MLC_PA_SVM,2,9,0.061695691859230184,316,0.9,0.969923539960496,0.9082278481012658,1.0
reuters-k500,GSI_MLC_PA_SVM,3,0,0.0008452313117647912,120830,0.0,0.004865271046920965,0.0057105023586857566,0.1
reuters-k500,GSI_MLC_PA_SVM,3,1,0.0693367516922922,988,0.1,0.13916527259920577,0.20850202429149797,0.2
reuters-k500,GSI_MLC_PA_SVM,3,2,0.11391721059387955,358,0.2,0.24362468884746125,0.3575418994413408,0.3
reuters-k500,GSI_MLC_PA_SVM,3,3,0.08048735389458783,219,0.3,0.3441701803519875,0.4246575342465753,0.4
reuters-k500,GSI_MLC_PA_SVM,3,4,0.004229418479160696,146,0.4,0.4494348979312155,0.4452054794520548,0.5
reuters-k500,GSI_MLC_PA_SVM,3,5,0.04022064538343617,106,0.5,0.5541189772580732,0.5943396226415094,0.6
reuters-k500,GSI_MLC_PA_SVM,3,6,0.03781810711889089,98,0.6,0.6458553622688642,0.6836734693877551,0.7
reuters-k500,GSI_MLC_PA_SVM,3,7,0.17298511337044498,99,0.7,0.7487426891280208,0.5757575757575758,0.8
reuters-k500,GSI_MLC_PA_SVM,3,8,0.07825687466230413,105,0.8,0.8496854460908756,0.7714285714285715,0.9
reuters-k500,GSI_MLC_PA_SVM,3,9,0.09123863559376355,342,0.9,0.9713555946580911,0.8801169590643275,1.0
reuters-k500,GSI_MLC_PA_SVM,4,0,0.0009179894116100925,121165,0.0,0.00453738136377884,0.005455370775388932,0.1
reuters-k500,GSI_MLC_PA_SVM,4,1,0.05970790543614743,1025,0.1,0.14126770431995014,0.20097560975609757,0.2
reuters-k500,GSI_MLC_PA_SVM,4,2,0.07367077544587733,378,0.2,0.2437895420144401,0.31746031746031744,0.3
reuters-k500,GSI_MLC_PA_SVM,4,3,0.08507446464748569,196,0.3,0.34349696392394286,0.42857142857142855,0.4
reuters-k500,GSI_MLC_PA_SVM,4,4,0.027666107305904075,143,0.4,0.44785836821857145,0.4755244755244755,0.5
reuters-k500,GSI_MLC_PA_SVM,4,5,0.07446268654243982,121,0.5,0.5453720242013619,0.6198347107438017,0.6
reuters-k500,GSI_MLC_PA_SVM,4,6,0.010101014734468894,117,0.6,0.6480186433851892,0.6581196581196581,0.7
reuters-k500,GSI_MLC_PA_SVM,4,7,0.02725999904718368,98,0.7,0.751749794965551,0.7244897959183674,0.8
reuters-k500,GSI_MLC_PA_SVM,4,8,0.11741433442084137,138,0.8,0.85654476920345,0.7391304347826086,0.9
reuters-k500,GSI_MLC_PA_SVM,4,9,0.05172631997587618,322,0.9,0.9709809783609693,0.9192546583850931,1.0
reuters-k500,GSI_MLC_PA_SVM,5,0,0.0008582745556963822,120452,0.0,0.004720711264381325,0.005578985820077707,0.1
reuters-k500,GSI_MLC_PA_SVM,5,1,0.0903225557759807,960,0.1,0.13988577755735263,0.23020833333333332,0.2
reuters-k500,GSI_MLC_PA_SVM,5,2,0.13100867933427812,350,0.2,0.24327703495143616,0.3742857142857143,0.3
reuters-k500,GSI_MLC_PA_SVM,5,3,0.0927753279591717,204,0.3,0.3484011426290636,0.4411764705882353,0.4
reuters-k500,GSI_MLC_PA_SVM,5,4,0.06398704522946874,155,0.4,0.44569037412536994,0.5096774193548387,0.5
reuters-k500,GSI_MLC_PA_SVM,5,5,0.022436341910012647,118,0.5,0.5453602682594789,0.5677966101694916,0.6
reuters-k500,GSI_MLC_PA_SVM,5,6,0.008569906509417913,95,0.6,0.6440616724379505,0.6526315789473685,0.7
reuters-k500,GSI_MLC_PA_SVM,5,7,0.06708852128505349,106,0.7,0.7463338043039214,0.6792452830188679,0.8
reuters-k500,GSI_MLC_PA_SVM,5,8,0.13196826726665178,120,0.8,0.8569682672666518,0.725,0.9
reuters-k500,GSI_MLC_PA_SVM,5,9,0.08275543019918641,319,0.9,0.9667679693841393,0.8840125391849529,1.0
bibtex,BR_SVM,1,0,0.0015164444594658322,228624,0.0,0.006610436357946163,0.008126880817411995,0.1
bibtex,BR_SVM,1,1,0.002304653963621922,2125,0.1,0.13793064015402515,0.14023529411764707,0.2
bibtex,BR_SVM,1,2,0.04925694201136485,729,0.2,0.2429241279474829,0.29218106995884774,0.3
bibtex,BR_SVM,1,3,0.0032548611585180853,402,0.3,0.34500384530914363,0.3482587064676617,0.4
bibtex,BR_SVM,1,4,0.0648145829409677,283,0.4,0.44644002463708077,0.38162544169611307,0.5
bibtex,BR_SVM,1,5,0.06738005578517914,196,0.5,0.546971892519873,0.47959183673469385,0.6
bibtex,BR_SVM,1,6,0.16417538519385905,139,0.6,0.6533840182873842,0.4892086330935252,0.7
bibtex,BR_SVM,1,7,0.08878950896086524,135,0.7,0.7480487682201244,0.6592592592592592,0.8
bibtex,BR_SVM,1,8,0.12269856841177551,148,0.8,0.8524282981415052,0.7297297297297297,0.9
bibtex,BR_SVM,1,9,0.07586306371326113,631,0.9,0.9823606865341803,0.9064976228209192,1.0
bibtex,BR_SVM,2,0,0.001024985539893792,230275,0.0,0.0067309584401300925,0.0077559439800238845,0.1
bibtex,BR_SVM,2,1,0.034232698033643316,2038,0.1,0.13848565329118495,0.17271835132482827,0.2
bibtex,BR_SVM,2,2,0.04325552846392833,711,0.2,0.24366430275970036,0.2869198312236287,0.3
bibtex,BR_SVM,2,3,0.03132520918616183,394,0.3,0.34430930858033565,0.3756345177664975,0.4
bibtex,BR_SVM,2,4,0.009188570938874652,287,0.4,0.4447286406252858,0.4355400696864111,0.5
bibtex,BR_SVM,2,5,0.04128248338124263,199,0.5,0.5488201718234537,0.507537688442211,0.6
bibtex,BR_SVM,2,6,0.0706059613804908,157,0.6,0.6502237957753952,0.5796178343949044,0.7
bibtex,BR_SVM,2,7,0.17455550607512982,170,0.7,0.7510260943104239,0.5764705882352941,0.8
bibtex,BR_SVM,2,8,0.2452942654490471,144,0.8,0.8494609321157137,0.6041666666666666,0.9
bibtex,BR_SVM,2,9,0.07497185326078859,627,0.9,0.9824678660199593,0.9074960127591707,1.0
bibtex,BR_SVM,3,0,0.0007555868860923765,236434,0.0,0.006844842832137658,0.007600429718230034,0.1
bibtex,BR_SVM,3,1,0.027742085645619224,2155,0.1,0.13884724150055247,0.1665893271461717,0.2
bibtex,BR_SVM,3,2,0.05342519220332023,710,0.2,0.24375790638822906,0.2971830985915493,0.3
bibtex,BR_SVM,3,3,0.006395092326225593,404,0.3,0.34302875569256225,0.33663366336633666,0.4
bibtex,BR_SVM,3,4,0.05528628266634156,261,0.4,0.44992229799201205,0.3946360153256705,0.5
bibtex,BR_SVM,3,5,0.06555978921444522,184,0.5,0.5492554413883582,0.483695652173913,0.6
bibtex,BR_SVM,3,6,0.11009014020227403,146,0.6,0.651186030613233,0.541095890410959,0.7
bibtex,BR_SVM,3,7,0.14317102555570937,145,0.7,0.7500675772798473,0.6068965517241379,0.8
bibtex,BR_SVM,3,8,0.23013722858367824,156,0.8,0.85193210037855,0.6217948717948718,0.9
bibtex,BR_SVM,3,9,0.08254047110676765,608,0.9,0.9822115237383466,0.899671052631579,1.0
bibtex,BR_SVM,4,0,0.001482168889249822,228127,0.0,0.006570363252934136,0.008052532142183958,0.1
bibtex,BR_SVM,4,1,0.033741018461763944,2029,0.1,0.13875774940417987,0.17249876786594381,0.2
bibtex,BR_SVM,4,2,0.03585674398012095,715,0.2,0.2438635357401588,0.27972027972027974,0.3
bibtex,BR_SVM,4,3,0.005078400085395285,389,0.3,0.34710668988889776,0.35218508997429304,0.4
bibtex,BR_SVM,4,4,0.06519999725874082,215,0.4,0.4512465088866478,0.386046511627907,0.5
bibtex,BR_SVM,4,5,0.08788367515893153,197,0.5,0.5447364670371041,0.45685279187817257,0.6
bibtex,BR_SVM,4,6,0.10023373881975817,150,0.6,0.6469004054864248,0.5466666666666666,0.7
bibtex,BR_SVM,4,7,0.09423387050628662,138,0.7,0.7464077835497649,0.6521739130434783,0.8
bibtex,BR_SVM,4,8,0.1795018510571842,174,0.8,0.8519156441606325,0.6724137931034483,0.9
bibtex,BR_SVM,4,9,0.06015174587567651,642,0.9,0.9822701259379818,0.9221183800623053,1.0
bibtex,BR_SVM,5,0,0.0010984297047566226,228674,0.0,0.0068736178389081585,0.007972047543664781,0.1
bibtex,BR_SVM,5,1,0.022386457703780976,2104,0.1,0.13778464495781598,0.16017110266159695,0.2
bibtex,BR_SVM,5,2,0.036204715377953584,699,0.2,0.24276524170359146,0.27896995708154504,0.3
bibtex,BR_SVM,5,3,0.003815311225170759,376,0.3,0.3469004176081495,0.34308510638297873,0.4
bibtex,BR_SVM,5,4,0.010871542887833263,262,0.4,0.44714372428773924,0.4580152671755725,0.5
bibtex,BR_SVM,5,5,9.966678306660981e-06,183,0.5,0.5464580541100007,0.546448087431694,0.6
bibtex,BR_SVM,5,6,0.08818146804483917,164,0.6,0.6491570778009368,0.5609756097560976,0.7
bibtex,BR_SVM,5,7,0.19514509640544297,166,0.7,0.7493619638753225,0.5542168674698795,0.8
bibtex,BR_SVM,5,8,0.151360726434421,153,0.8,0.8507071316631791,0.6993464052287581,0.9
bibtex,BR_SVM,5,9,0.07486913623598224,631,0.9,0.9845363311646669,0.9096671949286846,1.0
bibtex,CC_SVM,1,0,0.002192525589359476,228821,0.0,0.0060803165011829126,0.008272842090542389,0.1
bibtex,CC_SVM,1,1,0.01627239537962033,1888,0.1,0.13785896055258307,0.1541313559322034,0.2
bibtex,CC_SVM,1,2,0.009341529000023913,764,0.2,0.24458517257065673,0.25392670157068065,0.3
bibtex,CC_SVM,1,3,0.025788696437347214,410,0.3,0.34530089155929844,0.3195121951219512,0.4
bibtex,CC_SVM,1,4,0.026035900245844623,257,0.4,0.45016041386452166,0.42412451361867703,0.5
bibtex,CC_SVM,1,5,0.1271383392183404,190,0.5,0.5481909707972877,0.42105263157894735,0.6
bibtex,CC_SVM,1,6,0.0998446224611016,158,0.6,0.6504775338535067,0.5506329113924051,0.7
bibtex,CC_SVM,1,7,0.18742030909937668,117,0.7,0.7515228732019408,0.5641025641025641,0.8
bibtex,CC_SVM,1,8,0.18429304510355005,160,0.8,0.85304304510355,0.66875,0.9
bibtex,CC_SVM,1,9,0.07097993272902237,647,0.9,0.9828810146455602,0.9119010819165378,1.0
bibtex,CC_SVM,2,0,0.0016267339417771042,230433,0.0,0.006267100708641889,0.007893834650418994,0.1
bibtex,CC_SVM,2,1,0.04665837301590747,1916,0.1,0.13914538481290256,0.18580375782881003,0.2
bibtex,CC_SVM,2,2,0.04487197495819559,672,0.2,0.24530659647037587,0.29017857142857145,0.3
bibtex,CC_SVM,2,3,0.006073361308607361,365,0.3,0.3485391147332649,0.3424657534246575,0.4
bibtex,CC_SVM,2,4,0.038728116549176295,278,0.4,0.44880005899521946,0.41007194244604317,0.5
bibtex,CC_SVM,2,5,0.12228937424146208,195,0.5,0.5479303998824877,0.4256410256410256,0.6
bibtex,CC_SVM,2,6,0.07531743824102322,157,0.6,0.6485658458843353,0.5732484076433121,0.7
bibtex,CC_SVM,2,7,0.20404960324124588,164,0.7,0.7467325300705142,0.5426829268292683,0.8
bibtex,CC_SVM,2,8,0.22648488683036605,158,0.8,0.8530671653113787,0.6265822784810127,0.9
bibtex,CC_SVM,2,9,0.09235283606741806,664,0.9,0.9824130770312735,0.8900602409638554,1.0
bibtex,CC_SVM,3,0,0.001437334224554103,236583,0.0,0.006335836290656204,0.007773170515210307,0.1
bibtex,CC_SVM,3,1,0.0303899562909761,2007,0.1,0.13752235063478374,0.16791230692575984,0.2
bibtex,CC_SVM,3,2,0.00865206668134752,699,0.2,0.2431362022743034,0.25178826895565093,0.3
bibtex,CC_SVM,3,3,0.03493401128549034,373,0.3,0.34308207450539435,0.3780160857908847,0.4
bibtex,CC_SVM,3,4,0.012866653381816806,248,0.4,0.4443182662850426,0.4314516129032258,0.5
bibtex,CC_SVM,3,5,0.16304312990261954,182,0.5,0.5476585145180042,0.38461538461538464,0.6
bibtex,CC_SVM,3,6,0.1865287502127958,166,0.6,0.6503841718995428,0.463855421686747,0.7
bibtex,CC_SVM,3,7,0.14256333430608115,150,0.7,0.7492300009727478,0.6066666666666667,0.8
bibtex,CC_SVM,3,8,0.21318314762304957,151,0.8,0.8555672535833144,0.6423841059602649,0.9
bibtex,CC_SVM,3,9,0.09442222756998875,644,0.9,0.981068190302908,0.8866459627329193,1.0
bibtex,CC_SVM,4,0,0.002142359593489379,228317,0.0,0.006087426186807314,0.008229785780296693,0.1
bibtex,CC_SVM,4,1,0.03081069486443347,1882,0.1,0.1397525357413051,0.17056323060573858,0.2
bibtex,CC_SVM,4,2,0.04267465681691693,663,0.2,0.24540980773813584,0.28808446455505277,0.3
bibtex,CC_SVM,4,3,0.03618519951371435,376,0.3,0.3473554122796718,0.31117021276595747,0.4
bibtex,CC_SVM,4,4,0.05607953113792219,226,0.4,0.4454600621113735,0.3893805309734513,0.5
bibtex,CC_SVM,4,5,0.033103402826812234,182,0.5,0.5495869193103288,0.5164835164835165,0.6
bibtex,CC_SVM,4,6,0.13541606914849924,162,0.6,0.647761748160845,0.5123456790123457,0.7
bibtex,CC_SVM,4,7,0.088728975165974,154,0.7,0.7510666375036363,0.6623376623376623,0.8
bibtex,CC_SVM,4,8,0.21024319368439748,148,0.8,0.8521350855762894,0.6418918918918919,0.9
bibtex,CC_SVM,4,9,0.06906795680701916,666,0.9,0.981980869719932,0.9129129129129129,1.0
bibtex,CC_SVM,5,0,0.001645295722113022,228797,0.0,0.006353060899695831,0.007998356621808853,0.1
bibtex,CC_SVM,5,1,0.031632727709374114,2014,0.1,0.13917164170472718,0.1708043694141013,0.2
bibtex,CC_SVM,5,2,0.05770223761073051,662,0.2,0.24441256601464711,0.3021148036253776,0.3
bibtex,CC_SVM,5,3,0.018077849277428226,364,0.3,0.34500092620050515,0.3269230769230769,0.4
bibtex,CC_SVM,5,4,0.0665174624864659,259,0.4,0.4448958408648443,0.3783783783783784,0.5
bibtex,CC_SVM,5,5,0.014184605394090832,175,0.5,0.5456131768226623,0.5314285714285715,0.6
bibtex,CC_SVM,5,6,0.13391301206722384,157,0.6,0.6498365789462047,0.5159235668789809,0.7
bibtex,CC_SVM,5,7,0.1493113710169206,171,0.7,0.7516505523034703,0.6023391812865497,0.8
bibtex,CC_SVM,5,8,0.1338660407783393,133,0.8,0.8481517550640536,0.7142857142857143,0.9
bibtex,CC_SVM,5,9,0.09062657505273819,680,0.9,0.9818030456409735,0.8911764705882353,1.0
bibtex,MLC_PA_SVM,1,0,0.0015164444594658322,228624,0.0,0.006610436357946163,0.008126880817411995,0.1
bibtex,MLC_PA_SVM,1,1,0.002304653963621922,2125,0.1,0.13793064015402515,0.14023529411764707,0.2
bibtex,MLC_PA_SVM,1,2,0.04925694201136485,729,0.2,0.2429241279474829,0.29218106995884774,0.3
bibtex,MLC_PA_SVM,1,3,0.0032548611585180853,402,0.3,0.34500384530914363,0.3482587064676617,0.4
bibtex,MLC_PA_SVM,1,4,0.0648145829409677,283,0.4,0.44644002463708077,0.38162544169611307,0.5
bibtex,MLC_PA_SVM,1,5,0.06738005578517914,196,0.5,0.546971892519873,0.47959183673469385,0.6
bibtex,MLC_PA_SVM,1,6,0.16417538519385905,139,0.6,0.6533840182873842,0.4892086330935252,0.7
bibtex,MLC_PA_SVM,1,7,0.08878950896086524,135,0.7,0.7480487682201244,0.6592592592592592,0.8
bibtex,MLC_PA_SVM,1,8,0.12269856841177551,148,0.8,0.8524282981415052,0.7297297297297297,0.9
bibtex,MLC_PA_SVM,1,9,0.07586306371326113,631,0.9,0.9823606865341803,0.9064976228209192,1.0
bibtex,MLC_PA_SVM,2,0,0.001024985539893792,230275,0.0,0.0067309584401300925,0.0077559439800238845,0.1
bibtex,MLC_PA_SVM,2,1,0.034232698033643316,2038,0.1,0.13848565329118495,0.17271835132482827,0.2
bibtex,MLC_PA_SVM,2,2,0.04325552846392833,711,0.2,0.24366430275970036,0.2869198312236287,0.3
bibtex,MLC_PA_SVM,2,3,0.03132520918616183,394,0.3,0.34430930858033565,0.3756345177664975,0.4
bibtex,MLC_PA_SVM,2,4,0.009188570938874652,287,0.4,0.4447286406252858,0.4355400696864111,0.5
bibtex,MLC_PA_SVM,2,5,0.04128248338124263,199,0.5,0.5488201718234537,0.507537688442211,0.6
bibtex,MLC_PA_SVM,2,6,0.0706059613804908,157,0.6,0.6502237957753952,0.5796178343949044,0.7
bibtex,MLC_PA_SVM,2,7,0.17455550607512982,170,0.7,0.7510260943104239,0.5764705882352941,0.8
bibtex,MLC_PA_SVM,2,8,0.2452942654490471,144,0.8,0.8494609321157137,0.6041666666666666,0.9
bibtex,MLC_PA_SVM,2,9,0.07497185326078859,627,0.9,0.9824678660199593,0.9074960127591707,1.0
bibtex,MLC_PA_SVM,3,0,0.0007555868860923765,236434,0.0,0.006844842832137658,0.007600429718230034,0.1
bibtex,MLC_PA_SVM,3,1,0.027742085645619224,2155,0.1,0.13884724150055247,0.1665893271461717,0.2
bibtex,MLC_PA_SVM,3,2,0.05342519220332023,710,0.2,0.24375790638822906,0.2971830985915493,0.3
bibtex,MLC_PA_SVM,3,3,0.006395092326225593,404,0.3,0.34302875569256225,0.33663366336633666,0.4
bibtex,MLC_PA_SVM,3,4,0.05528628266634156,261,0.4,0.44992229799201205,0.3946360153256705,0.5
bibtex,MLC_PA_SVM,3,5,0.06555978921444522,184,0.5,0.5492554413883582,0.483695652173913,0.6
bibtex,MLC_PA_SVM,3,6,0.11009014020227403,146,0.6,0.651186030613233,0.541095890410959,0.7
bibtex,MLC_PA_SVM,3,7,0.14317102555570937,145,0.7,0.7500675772798473,0.6068965517241379,0.8
bibtex,MLC_PA_SVM,3,8,0.23013722858367824,156,0.8,0.85193210037855,0.6217948717948718,0.9
bibtex,MLC_PA_SVM,3,9,0.08254047110676765,608,0.9,0.9822115237383466,0.899671052631579,1.0
bibtex,MLC_PA_SVM,4,0,0.001482168889249822,228127,0.0,0.006570363252934136,0.008052532142183958,0.1
bibtex,MLC_PA_SVM,4,1,0.033741018461763944,2029,0.1,0.13875774940417987,0.17249876786594381,0.2
bibtex,MLC_PA_SVM,4,2,0.03585674398012095,715,0.2,0.2438635357401588,0.27972027972027974,0.3
bibtex,MLC_PA_SVM,4,3,0.005078400085395285,389,0.3,0.34710668988889776,0.35218508997429304,0.4
bibtex,MLC_PA_SVM,4,4,0.06519999725874082,215,0.4,0.4512465088866478,0.386046511627907,0.5
bibtex,MLC_PA_SVM,4,5,0.08788367515893153,197,0.5,0.5447364670371041,0.45685279187817257,0.6
bibtex,MLC_PA_SVM,4,6,0.10023373881975817,150,0.6,0.6469004054864248,0.5466666666666666,0.7
bibtex,MLC_PA_SVM,4,7,0.09423387050628662,138,0.7,0.7464077835497649,0.6521739130434783,0.8
bibtex,MLC_PA_SVM,4,8,0.1795018510571842,174,0.8,0.8519156441606325,0.6724137931034483,0.9
bibtex,MLC_PA_SVM,4,9,0.06015174587567651,642,0.9,0.9822701259379818,0.9221183800623053,1.0
bibtex,MLC_PA_SVM,5,0,0.0010984297047566226,228674,0.0,0.0068736178389081585,0.007972047543664781,0.1
bibtex,MLC_PA_SVM,5,1,0.022386457703780976,2104,0.1,0.13778464495781598,0.16017110266159695,0.2
bibtex,MLC_PA_SVM,5,2,0.036204715377953584,699,0.2,0.24276524170359146,0.27896995708154504,0.3
bibtex,MLC_PA_SVM,5,3,0.003815311225170759,376,0.3,0.3469004176081495,0.34308510638297873,0.4
bibtex,MLC_PA_SVM,5,4,0.010871542887833263,262,0.4,0.44714372428773924,0.4580152671755725,0.5
bibtex,MLC_PA_SVM,5,5,9.966678306660981e-06,183,0.5,0.5464580541100007,0.546448087431694,0.6
bibtex,MLC_PA_SVM,5,6,0.08818146804483917,164,0.6,0.6491570778009368,0.5609756097560976,0.7
bibtex,MLC_PA_SVM,5,7,0.19514509640544297,166,0.7,0.7493619638753225,0.5542168674698795,0.8
bibtex,MLC_PA_SVM,5,8,0.151360726434421,153,0.8,0.8507071316631791,0.6993464052287581,0.9
bibtex,MLC_PA_SVM,5,9,0.07486913623598224,631,0.9,0.9845363311646669,0.9096671949286846,1.0
bibtex,GSI_MLC_PA_SVM,1,0,0.002110021280886161,228710,0.0,0.006031293047302375,0.008141314328188536,0.1
bibtex,GSI_MLC_PA_SVM,1,1,0.010731750531637413,2012,0.1,0.13837361726160313,0.14910536779324055,0.2
bibtex,GSI_MLC_PA_SVM,1,2,0.002229891262573225,702,0.2,0.2458196348523168,0.24358974358974358,0.3
bibtex,GSI_MLC_PA_SVM,1,3,0.02384464495265648,438,0.3,0.34601836874597364,0.3698630136986301,0.4
bibtex,GSI_MLC_PA_SVM,1,4,0.06358273590732416,261,0.4,0.44672449835943145,0.3831417624521073,0.5
bibtex,GSI_MLC_PA_SVM,1,5,0.09380259051665618,211,0.5,0.5440395573413007,0.45023696682464454,0.6
bibtex,GSI_MLC_PA_SVM,1,6,0.06586625867696616,143,0.6,0.6532788460895536,0.5874125874125874,0.7
bibtex,GSI_MLC_PA_SVM,1,7,0.15184898823275206,140,0.7,0.7447061310898949,0.5928571428571429,0.8
bibtex,GSI_MLC_PA_SVM,1,8,0.1298646521556105,155,0.8,0.8524452973169008,0.7225806451612903,0.9
bibtex,GSI_MLC_PA_SVM,1,9,0.07838034259766236,640,0.9,0.9830678425976623,0.9046875,1.0
bibtex,GSI_MLC_PA_SVM,2,0,0.0016489134835051926,230313,0.0,0.00616219574610842,0.007811109229613613,0.1
bibtex,GSI_MLC_PA_SVM,2,1,0.035357200161262425,1971,0.1,0.13917349491737785,0.17453069507864027,0.2
bibtex,GSI_MLC_PA_SVM,2,2,0.02853426387313726,694,0.2,0.24380003007498954,0.2723342939481268,0.3
bibtex,GSI_MLC_PA_SVM,2,3,0.030788084459282106,403,0.3,0.3463831314216112,0.3771712158808933,0.4
bibtex,GSI_MLC_PA_SVM,2,4,0.03490357840739872,267,0.4,0.4468885971339905,0.41198501872659177,0.5
bibtex,GSI_MLC_PA_SVM,2,5,0.07612006750924716,224,0.5,0.5493343532235329,0.4732142857142857,0.6
bibtex,GSI_MLC_PA_SVM,2,6,0.10079232691696938,155,0.6,0.6491794236911629,0.5483870967741935,0.7
bibtex,GSI_MLC_PA_SVM,2,7,0.17309410828006733,172,0.7,0.7486755036289046,0.5755813953488372,0.8
bibtex,GSI_MLC_PA_SVM,2,8,0.22522414738111574,152,0.8,0.8502241473811157,0.625,0.9
bibtex,GSI_MLC_PA_SVM,2,9,0.08904508324183791,651,0.9,0.9830542998316997,0.8940092165898618,1.0
bibtex,GSI_MLC_PA_SVM,3,0,0.0012919154627636254,236502,0.0,0.006302100655493303,0.007594016118256928,0.1
bibtex,GSI_MLC_PA_SVM,3,1,0.03185496264332402,2053,0.1,0.13960144261727023,0.17145640526059425,0.2
bibtex,GSI_MLC_PA_SVM,3,2,0.03295695404603127,706,0.2,0.24324701195963444,0.2762039660056657,0.3
bibtex,GSI_MLC_PA_SVM,3,3,0.007370998581040511,392,0.3,0.3446698177454901,0.3520408163265306,0.4
bibtex,GSI_MLC_PA_SVM,3,4,0.08188980670327917,267,0.4,0.44893100520515183,0.36704119850187267,0.5
bibtex,GSI_MLC_PA_SVM,3,5,0.08515869183847025,212,0.5,0.5474228427818665,0.46226415094339623,0.6
bibtex,GSI_MLC_PA_SVM,3,6,0.03486699924795311,133,0.6,0.6514083526314117,0.6165413533834586,0.7
bibtex,GSI_MLC_PA_SVM,3,7,0.1737707383718623,153,0.7,0.7489341370646727,0.5751633986928104,0.8
bibtex,GSI_MLC_PA_SVM,3,8,0.2237437244967645,160,0.8,0.8549937244967645,0.63125,0.9
bibtex,GSI_MLC_PA_SVM,3,9,0.08833737977713241,625,0.9,0.9811373797771324,0.8928,1.0
bibtex,GSI_MLC_PA_SVM,4,0,0.002056099010427072,228220,0.0,0.006036969081764672,0.008093068092191744,0.1
bibtex,GSI_MLC_PA_SVM,4,1,0.029821886447165907,1930,0.1,0.1401263000813315,0.1699481865284974,0.2
bibtex,GSI_MLC_PA_SVM,4,2,0.0339210545482459,680,0.2,0.24402012192234235,0.27794117647058825,0.3
bibtex,GSI_MLC_PA_SVM,4,3,0.03443624576579174,404,0.3,0.34675187304608945,0.3811881188118812,0.4
bibtex,GSI_MLC_PA_SVM,4,4,0.058844711658716464,201,0.4,0.4518795375293632,0.39303482587064675,0.5
bibtex,GSI_MLC_PA_SVM,4,5,0.10897681393912967,207,0.5,0.548590340509178,0.4396135265700483,0.6
bibtex,GSI_MLC_PA_SVM,4,6,0.13012211665570306,158,0.6,0.649109458427855,0.5189873417721519,0.7
bibtex,GSI_MLC_PA_SVM,4,7,0.1474255571220684,158,0.7,0.7486913799068785,0.6012658227848101,0.8
bibtex,GSI_MLC_PA_SVM,4,8,0.17140188525149358,163,0.8,0.8523834803435181,0.6809815950920245,0.9
bibtex,GSI_MLC_PA_SVM,4,9,0.0635110286295435,655,0.9,0.9825949980951924,0.9190839694656489,1.0
bibtex,GSI_MLC_PA_SVM,5,0,0.001701718962657031,228765,0.0,0.006267157395177429,0.00796887635783446,0.1
bibtex,GSI_MLC_PA_SVM,5,1,0.016157609701317077,1988,0.1,0.13726291343751593,0.153420523138833,0.2
bibtex,GSI_MLC_PA_SVM,5,2,0.05630646332964928,693,0.2,0.24383783681465088,0.30014430014430016,0.3
bibtex,GSI_MLC_PA_SVM,5,3,0.00846613150769121,359,0.3,0.34529431417476003,0.35376044568245124,0.4
bibtex,GSI_MLC_PA_SVM,5,4,0.013251348598899204,277,0.4,0.4452324059137362,0.4584837545126354,0.5
bibtex,GSI_MLC_PA_SVM,5,5,0.07884059991290898,196,0.5,0.5482283550149498,0.46938775510204084,0.6
bibtex,GSI_MLC_PA_SVM,5,6,0.058060600717730226,180,0.6,0.6525050451621747,0.5944444444444444,0.7
bibtex,GSI_MLC_PA_SVM,5,7,0.20874747297995266,135,0.7,0.7494882137206934,0.5407407407407407,0.8
bibtex,GSI_MLC_PA_SVM,5,8,0.12295863312662991,166,0.8,0.8458501993916901,0.7228915662650602,0.9
bibtex,GSI_MLC_PA_SVM,5,9,0.08462745613050215,653,0.9,0.9835554806327993,0.8989280245022971,1.0
