Dataset,Model,Cost,Fold,AABS,ABS,AURC,Abstained Position Count,Coverage,Decided Position Count,Error Capture Rate,Errors Avoided,Full Error Count,Generalized Loss,Optimistic Hamming Accuracy,Optimistic Instance Jaccard,Optimistic Instance-F1,Optimistic Macro-F1,Optimistic Micro-F1,Oracle Gain Hamming Accuracy,Oracle Gain Instance Jaccard,Oracle Gain Instance-F1,Oracle Gain Macro-F1,Oracle Gain Micro-F1,Rejected Counterfactual Macro-F1,Rejected Error Count,Rejected Error Rate,Rejected Position Count,Risk at Coverage,Selective Hamming Accuracy,Selective Macro-F1,Selective Micro-F1,Total Position Count
emotions,MLC_PA_Logistic,0.20,1,0.5027322404371585,0.9836065573770492,0.09918327797138865,368,0.4972677595628415,364,0.7101449275362319,98,138,0.15519125683060106,0.9453551912568307,0.8306010928961749,0.8633879781420766,0.9015715170706096,0.9056603773584906,0.13387978142076506,0.3258196721311476,0.294808743169399,0.29045429826943325,0.2577011936850212,0.604654403567447,98,0.266304347826087,368,0.10989010989010989,0.8901098901098901,0.5220132358063393,0.6428571428571429,732
emotions,MLC_PA_Logistic,0.20,2,0.5266106442577031,0.9831932773109243,0.08176419246389666,376,0.4733893557422969,338,0.8206896551724138,119,145,0.14173669467787112,0.9635854341736695,0.9061624649859945,0.9296918767507002,0.9378939438519392,0.9392523364485982,0.16666666666666663,0.457983193277311,0.41540616246498596,0.347584623542619,0.3322062659878936,0.5828457570525217,119,0.31648936170212766,376,0.07692307692307693,0.9230769230769231,0.45615013006317356,0.6666666666666666,714
emotions,MLC_PA_Logistic,0.20,3,0.516260162601626,0.983739837398374,0.09321133655128853,381,0.483739837398374,357,0.7777777777777778,119,153,0.14932249322493224,0.9539295392953929,0.8495934959349595,0.8807588075880758,0.9085668648807127,0.919047619047619,0.1612466124661246,0.39159891598916,0.3444444444444442,0.33431644227040147,0.30059375371096064,0.569269343447723,119,0.3123359580052493,381,0.09523809523809523,0.9047619047619048,0.5885323826500297,0.6458333333333334,738
emotions,MLC_PA_Logistic,0.20,4,0.5208333333333334,1.0,0.08396164582477526,375,0.4791666666666667,345,0.8551724137931035,124,145,0.13333333333333333,0.9708333333333333,0.9138888888888889,0.9383333333333334,0.9498455160150082,0.9517241379310345,0.17222222222222217,0.4444444444444444,0.3944444444444445,0.3465494971617138,0.3264011405150138,0.583110064055186,124,0.33066666666666666,375,0.06086956521739131,0.9391304347826087,0.5945809092867916,0.7407407407407407,720
emotions,MLC_PA_Logistic,0.20,5,0.481651376146789,0.963302752293578,0.08933963791229649,315,0.518348623853211,339,0.7851851851851852,106,135,0.14067278287461776,0.9556574923547401,0.8914373088685016,0.9220183486238531,0.9298809779902265,0.9333333333333333,0.1620795107033639,0.4013761467889909,0.35779816513761464,0.3229107966552198,0.2876640419947507,0.5734454568807894,106,0.33650793650793653,315,0.0855457227138643,0.9144542772861357,0.6514277389277389,0.7238095238095238,654
emotions,MLC_PA_Logistic,0.25,1,0.4030054644808743,0.9262295081967213,0.09918327797138865,295,0.5969945355191257,437,0.6159420289855072,85,138,0.17315573770491804,0.9275956284153005,0.7855191256830601,0.8292349726775956,0.8643170355060311,0.8747044917257684,0.11612021857923494,0.28073770491803285,0.260655737704918,0.2531998167048548,0.22674530805229898,0.5819313240365872,85,0.288135593220339,295,0.12128146453089245,0.8787185354691076,0.6153904789307162,0.6787878787878788,732
emotions,MLC_PA_Logistic,0.25,2,0.42296918767507,0.9663865546218487,0.08176419246389666,302,0.5770308123249299,412,0.7517241379310344,109,145,0.1561624649859944,0.9495798319327731,0.858543417366947,0.8843137254901959,0.9132506553374052,0.9138755980861244,0.1526610644257702,0.41036414565826346,0.3700280112044817,0.322941335028085,0.3068295276254198,0.5712915672835129,109,0.3609271523178808,302,0.08737864077669903,0.912621359223301,0.5789022805151837,0.6896551724137931,714
emotions,MLC_PA_Logistic,0.25,3,0.4132791327913279,0.975609756097561,0.09321133655128853,305,0.5867208672086721,433,0.7124183006535948,109,153,0.16294037940379405,0.940379403794038,0.8197831978319783,0.8601626016260162,0.8800796146979025,0.8952380952380953,0.14769647696476962,0.36178861788617883,0.32384823848238464,0.3058291920875913,0.2767842299014369,0.5253120110843688,109,0.35737704918032787,305,0.10161662817551963,0.8983833718244804,0.642949542949543,0.7027027027027027,738
emotions,MLC_PA_Logistic,0.25,4,0.42777777777777776,0.9916666666666667,0.08396164582477526,308,0.5722222222222222,412,0.7862068965517242,114,145,0.15,0.9569444444444445,0.8777777777777778,0.9049999999999999,0.9238678127093366,0.9277389277389277,0.15833333333333333,0.4083333333333333,0.36111111111111105,0.3205717938560422,0.30241593032290703,0.560767603290068,114,0.37012987012987014,308,0.07524271844660194,0.9247572815533981,0.6146708683473389,0.743801652892562,720
emotions,MLC_PA_Logistic,0.25,5,0.39143730886850153,0.9357798165137615,0.08933963791229649,256,0.6085626911314985,398,0.6888888888888889,93,135,0.1620795107033639,0.9357798165137614,0.8486238532110092,0.8896024464831804,0.8944294740972963,0.9009433962264151,0.14220183486238525,0.3585626911314985,0.32538226299694195,0.28745929276228965,0.2552741048878324,0.5489855104101592,93,0.36328125,256,0.10552763819095477,0.8944723618090452,0.6537955281827831,0.7162162162162162,654
emotions,MLC_PA_Logistic,0.30,1,0.3046448087431694,0.8852459016393442,0.09918327797138865,223,0.6953551912568307,509,0.5217391304347826,72,138,0.1815573770491803,0.9098360655737705,0.7349726775956285,0.7877049180327869,0.8262955413164917,0.8421052631578947,0.09836065573770492,0.23019125683060115,0.21912568306010927,0.21517832251531543,0.1941460794844253,0.5510536398467433,72,0.32286995515695066,223,0.12966601178781925,0.8703339882121808,0.6369809992962702,0.6826923076923077,732
emotions,MLC_PA_Logistic,0.30,2,0.35014005602240894,0.9243697478991597,0.08176419246389666,250,0.6498599439775911,464,0.6620689655172414,96,145,0.17366946778711484,0.9313725490196079,0.8011204481792719,0.8406162464985993,0.8800697455532173,0.8801955990220048,0.134453781512605,0.35294117647058837,0.3263305322128851,0.289760425243897,0.27314952856130026,0.5591329145576412,96,0.384,250,0.10560344827586207,0.8943965517241379,0.5855662035097519,0.6838709677419355,714
emotions,MLC_PA_Logistic,0.30,3,0.32113821138211385,0.9349593495934959,0.09321133655128853,237,0.6788617886178862,501,0.5947712418300654,91,153,0.18035230352303522,0.9159891598915989,0.7560975609756098,0.8130081300813008,0.8253375855805435,0.8509615384615384,0.12330623306233057,0.2981029810298103,0.2766937669376692,0.25108716297023226,0.23250767312488008,0.507919977274816,91,0.38396624472573837,237,0.12375249500998003,0.87624750499002,0.6415269243898276,0.69,738
emotions,MLC_PA_Logistic,0.30,4,0.3527777777777778,0.975,0.08396164582477526,254,0.6472222222222223,466,0.696551724137931,101,145,0.16694444444444442,0.9388888888888889,0.8263888888888888,0.8680555555555555,0.8921179119591577,0.8967136150234741,0.14027777777777772,0.3569444444444444,0.3241666666666666,0.28882189310586326,0.2713906176074534,0.554611434682274,101,0.39763779527559057,254,0.0944206008583691,0.9055793991416309,0.5954358877206277,0.7215189873417721,720
emotions,MLC_PA_Logistic,0.30,5,0.2966360856269113,0.8990825688073395,0.08933963791229649,194,0.7033639143730887,460,0.5703703703703704,77,135,0.1776758409785933,0.9113149847094801,0.7660550458715596,0.8122324159021407,0.8482771500348187,0.8585365853658536,0.11773700305810397,0.2759938837920489,0.2480122324159022,0.24130696869981205,0.212867294027271,0.547628544295211,77,0.39690721649484534,194,0.12608695652173912,0.8739130434782609,0.6264785468414501,0.6947368421052632,654
emotions,MLC_PA_Logistic,0.35,1,0.21994535519125682,0.7622950819672131,0.09918327797138865,161,0.7800546448087432,571,0.39855072463768115,55,138,0.19036885245901636,0.8866120218579235,0.6844262295081968,0.7475409836065573,0.774160516425729,0.7980535279805353,0.07513661202185795,0.17964480874316946,0.1789617486338797,0.16304329762455272,0.15009434430706592,0.5664890346382455,55,0.3416149068322981,161,0.14535901926444833,0.8546409807355517,0.6248164089484032,0.6693227091633466,732
emotions,MLC_PA_Logistic,0.35,2,0.24789915966386555,0.865546218487395,0.08176419246389666,177,0.7521008403361344,537,0.5103448275862069,74,145,0.18620448179271706,0.9005602240896359,0.7044817927170868,0.7582633053221288,0.8188255373780132,0.8193384223918575,0.10364145658263302,0.2563025210084033,0.2439775910364146,0.22851621706869296,0.21229235193115292,0.554779711029711,74,0.4180790960451977,177,0.13221601489757914,0.8677839851024208,0.6071156583692746,0.6635071090047393,714
emotions,MLC_PA_Logistic,0.35,3,0.22493224932249323,0.8292682926829268,0.09321133655128853,166,0.7750677506775068,572,0.4444444444444444,68,153,0.1939024390243902,0.8848238482384824,0.6693766937669376,0.737669376693767,0.75018952328992,0.7941888619854721,0.09214092140921404,0.2113821138211382,0.2013550135501354,0.17593910067960872,0.17573499664881376,0.49092382111250027,68,0.40963855421686746,166,0.1486013986013986,0.8513986013986015,0.6274844695835261,0.6640316205533597,738
emotions,MLC_PA_Logistic,0.35,4,0.25555555555555554,0.8833333333333333,0.08396164582477526,184,0.7444444444444445,536,0.5379310344827586,78,145,0.18249999999999997,0.9069444444444444,0.7194444444444446,0.7786111111111111,0.8240164529915798,0.837772397094431,0.10833333333333328,0.2500000000000001,0.23472222222222228,0.22072043413828535,0.21244939967841026,0.5719228252830403,78,0.42391304347826086,184,0.125,0.875,0.5714569609134826,0.6699507389162561,720
emotions,MLC_PA_Logistic,0.35,5,0.22018348623853212,0.7981651376146789,0.08933963791229649,144,0.7798165137614679,510,0.4222222222222222,57,135,0.19633027522935775,0.8807339449541285,0.6827217125382262,0.7357798165137615,0.7881505028392147,0.8040201005025126,0.08715596330275233,0.19266055045871555,0.17155963302752297,0.18118032150420804,0.15835080916392996,0.5279942279942279,57,0.3958333333333333,144,0.15294117647058825,0.8470588235294118,0.6239957264505989,0.6776859504132231,654
emotions,MLC_PA_Logistic,0.40,1,0.15437158469945356,0.639344262295082,0.09918327797138865,113,0.8456284153005464,619,0.2753623188405797,38,138,0.19836065573770495,0.8633879781420765,0.616120218579235,0.6868852459016394,0.7168337895269307,0.7512437810945274,0.051912568306010876,0.11133879781420775,0.11830601092896176,0.10571657072575436,0.103284597421058,0.5859185975315008,38,0.336283185840708,113,0.16155088852988692,0.8384491114701131,0.6086303289370746,0.6575342465753424,732
emotions,MLC_PA_Logistic,0.40,2,0.16246498599439776,0.6722689075630253,0.08176419246389666,116,0.8375350140056023,598,0.3586206896551724,52,145,0.1952380952380953,0.8697478991596639,0.6260504201680671,0.6789915966386555,0.7482265295281224,0.7546174142480211,0.07282913165266103,0.17787114845938362,0.16470588235294126,0.15791720921880215,0.1475713437873165,0.5145002658160552,52,0.4482758620689655,116,0.15551839464882944,0.8444816053511706,0.60060488354148,0.6463878326996197,714
emotions,MLC_PA_Logistic,0.40,3,0.15311653116531165,0.6910569105691057,0.09321133655128853,113,0.8468834688346883,625,0.33986928104575165,52,153,0.19810298102981036,0.8631436314363143,0.6165311653116531,0.6883468834688348,0.6981009757599609,0.749379652605459,0.07046070460704601,0.15853658536585363,0.1520325203252032,0.12385055314964966,0.13092578726880066,0.45991683754841645,52,0.46017699115044247,113,0.1616,0.8384,0.6201976416735585,0.6644518272425249,738
emotions,MLC_PA_Logistic,0.40,4,0.1388888888888889,0.6,0.08396164582477526,100,0.8611111111111112,620,0.31724137931034485,46,145,0.19305555555555556,0.8625,0.6041666666666666,0.6833333333333333,0.7342286537678033,0.7531172069825436,0.06388888888888888,0.1347222222222222,0.13944444444444448,0.1309326349145089,0.12779420956652288,0.5862433862433862,46,0.46,100,0.1596774193548387,0.8403225806451613,0.5932865679794379,0.6451612903225806,720
emotions,MLC_PA_Logistic,0.40,5,0.15137614678899083,0.6422018348623854,0.08933963791229649,99,0.8486238532110092,555,0.2814814814814815,38,135,0.20886850152905198,0.8516819571865444,0.6123853211009175,0.6773700305810398,0.7259868385737184,0.7519181585677749,0.05810397553516822,0.12232415902140681,0.11314984709480136,0.11901665723871169,0.10624886722919225,0.5132059511369856,38,0.3838383838383838,99,0.17477477477477477,0.8252252252252252,0.6110370248668121,0.662020905923345,654
emotions,MLC_PA_Logistic,0.50,1,0.0,0.0,0.09918327797138865,0,1.0,732,0.0,0,138,0.1885245901639344,0.8114754098360656,0.5047814207650273,0.5685792349726776,0.6111172188011763,0.6479591836734694,0.0,0.0,0.0,0.0,0.0,,0,,0,0.1885245901639344,0.8114754098360656,0.6111172188011763,0.6479591836734694,732
emotions,MLC_PA_Logistic,0.50,2,0.0,0.0,0.08176419246389666,0,1.0,714,0.0,0,145,0.2030812324929972,0.7969187675070029,0.4481792717086835,0.5142857142857142,0.5903093203093203,0.6070460704607046,0.0,0.0,0.0,0.0,0.0,,0,,0,0.2030812324929972,0.7969187675070029,0.5903093203093203,0.6070460704607046,714
emotions,MLC_PA_Logistic,0.50,3,0.0,0.0,0.09321133655128853,0,1.0,738,0.0,0,153,0.2073170731707317,0.7926829268292683,0.45799457994579945,0.5363143631436316,0.5742504226103112,0.6184538653366584,0.0,0.0,0.0,0.0,0.0,,0,,0,0.2073170731707317,0.7926829268292683,0.5742504226103112,0.6184538653366584,738
emotions,MLC_PA_Logistic,0.50,4,0.0,0.0,0.08396164582477526,0,1.0,720,0.0,0,145,0.2013888888888889,0.7986111111111112,0.46944444444444444,0.5438888888888889,0.6032960188532944,0.6253229974160207,0.0,0.0,0.0,0.0,0.0,,0,,0,0.2013888888888889,0.7986111111111112,0.6032960188532944,0.6253229974160207,720
emotions,MLC_PA_Logistic,0.50,5,0.0,0.0,0.08933963791229649,0,1.0,654,0.0,0,135,0.20642201834862386,0.7935779816513762,0.49006116207951067,0.5642201834862385,0.6069701813350067,0.6456692913385826,0.0,0.0,0.0,0.0,0.0,,0,,0,0.20642201834862386,0.7935779816513762,0.6069701813350067,0.6456692913385826,654
emotions,GSI_MLC_PA_Logistic,0.20,1,0.7199453551912568,1.0,0.09560462843519942,527,0.28005464480874315,205,0.8759124087591241,120,137,0.16721311475409836,0.976775956284153,0.948087431693989,0.9642076502732241,0.9667740474171197,0.9624724061810155,0.16393442622950827,0.4433060109289617,0.39153005464480883,0.35082968104902457,0.3146574961553086,0.5603929828581333,120,0.22770398481973433,527,0.08292682926829269,0.9170731707317074,0.664608223815213,0.8282828282828283,732
emotions,GSI_MLC_PA_Logistic,0.20,2,0.6078431372549019,0.9915966386554622,0.07871821327807783,434,0.39215686274509803,280,0.8472222222222222,122,144,0.15238095238095237,0.969187675070028,0.9131652661064428,0.9400560224089635,0.9544685785074649,0.9488372093023256,0.17086834733893552,0.45378151260504224,0.4201680672268907,0.3550952267763897,0.33802639849151483,0.5259158615136875,122,0.28110599078341014,434,0.07857142857142857,0.9214285714285715,0.7935802469135803,0.78,714
emotions,GSI_MLC_PA_Logistic,0.20,3,0.7018970189701897,1.0,0.08973832816545323,518,0.2981029810298103,220,0.8783783783783784,130,148,0.164769647696477,0.975609756097561,0.9241192411924118,0.9411924119241193,0.959097605471674,0.9590909090909091,0.17615176151761514,0.46747967479674785,0.41490514905149056,0.3839788001641894,0.34053420805998125,0.5417982852765463,130,0.25096525096525096,518,0.08181818181818182,0.9181818181818182,0.5718777601130544,0.7567567567567568,738
emotions,GSI_MLC_PA_Logistic,0.20,4,0.5958333333333333,0.9916666666666667,0.08058472741703561,429,0.4041666666666667,291,0.8639455782312925,127,147,0.14694444444444446,0.9722222222222222,0.9194444444444444,0.9444444444444444,0.9511856759376114,0.9551569506726457,0.17638888888888882,0.4666666666666666,0.4113888888888888,0.3631119771764538,0.33896896111651,0.43217235214499233,127,0.29603729603729606,429,0.06872852233676977,0.9312714776632303,0.7758331891829556,0.8360655737704918,720
emotions,GSI_MLC_PA_Logistic,0.20,5,0.6330275229357798,0.9908256880733946,0.09238640949357338,414,0.3669724770642202,240,0.8928571428571429,125,140,0.14954128440366976,0.9770642201834863,0.9480122324159023,0.9666666666666666,0.9672695758902655,0.9664429530201343,0.191131498470948,0.47859327217125397,0.42752293577981637,0.38073197084564936,0.3387833785520492,0.5243034308299079,125,0.30193236714975846,414,0.0625,0.9375,0.8263047138047138,0.8148148148148148,654
emotions,GSI_MLC_PA_Logistic,0.25,1,0.7199453551912568,1.0,0.09560462843519942,527,0.28005464480874315,205,0.8759124087591241,120,137,0.2032103825136612,0.976775956284153,0.948087431693989,0.9642076502732241,0.9667740474171197,0.9624724061810155,0.16393442622950827,0.4433060109289617,0.39153005464480883,0.35082968104902457,0.3146574961553086,0.5603929828581333,120,0.22770398481973433,527,0.08292682926829269,0.9170731707317074,0.664608223815213,0.8282828282828283,732
emotions,GSI_MLC_PA_Logistic,0.25,2,0.6078431372549019,0.9915966386554622,0.07871821327807783,434,0.39215686274509803,280,0.8472222222222222,122,144,0.18277310924369747,0.969187675070028,0.9131652661064428,0.9400560224089635,0.9544685785074649,0.9488372093023256,0.17086834733893552,0.45378151260504224,0.4201680672268907,0.3550952267763897,0.33802639849151483,0.5259158615136875,122,0.28110599078341014,434,0.07857142857142857,0.9214285714285715,0.7935802469135803,0.78,714
emotions,GSI_MLC_PA_Logistic,0.25,3,0.7018970189701897,1.0,0.08973832816545323,518,0.2981029810298103,220,0.8783783783783784,130,148,0.19986449864498645,0.975609756097561,0.9241192411924118,0.9411924119241193,0.959097605471674,0.9590909090909091,0.17615176151761514,0.46747967479674785,0.41490514905149056,0.3839788001641894,0.34053420805998125,0.5417982852765463,130,0.25096525096525096,518,0.08181818181818182,0.9181818181818182,0.5718777601130544,0.7567567567567568,738
emotions,GSI_MLC_PA_Logistic,0.25,4,0.5958333333333333,0.9916666666666667,0.08058472741703561,429,0.4041666666666667,291,0.8639455782312925,127,147,0.17673611111111112,0.9722222222222222,0.9194444444444444,0.9444444444444444,0.9511856759376114,0.9551569506726457,0.17638888888888882,0.4666666666666666,0.4113888888888888,0.3631119771764538,0.33896896111651,0.43217235214499233,127,0.29603729603729606,429,0.06872852233676977,0.9312714776632303,0.7758331891829556,0.8360655737704918,720
emotions,GSI_MLC_PA_Logistic,0.25,5,0.6330275229357798,0.9908256880733946,0.09238640949357338,414,0.3669724770642202,240,0.8928571428571429,125,140,0.1811926605504587,0.9770642201834863,0.9480122324159023,0.9666666666666666,0.9672695758902655,0.9664429530201343,0.191131498470948,0.47859327217125397,0.42752293577981637,0.38073197084564936,0.3387833785520492,0.5243034308299079,125,0.30193236714975846,414,0.0625,0.9375,0.8263047138047138,0.8148148148148148,654
emotions,GSI_MLC_PA_Logistic,0.30,1,0.7199453551912568,1.0,0.09560462843519942,527,0.28005464480874315,205,0.8759124087591241,120,137,0.23920765027322405,0.976775956284153,0.948087431693989,0.9642076502732241,0.9667740474171197,0.9624724061810155,0.16393442622950827,0.4433060109289617,0.39153005464480883,0.35082968104902457,0.3146574961553086,0.5603929828581333,120,0.22770398481973433,527,0.08292682926829269,0.9170731707317074,0.664608223815213,0.8282828282828283,732
emotions,GSI_MLC_PA_Logistic,0.30,2,0.6078431372549019,0.9915966386554622,0.07871821327807783,434,0.39215686274509803,280,0.8472222222222222,122,144,0.2131652661064426,0.969187675070028,0.9131652661064428,0.9400560224089635,0.9544685785074649,0.9488372093023256,0.17086834733893552,0.45378151260504224,0.4201680672268907,0.3550952267763897,0.33802639849151483,0.5259158615136875,122,0.28110599078341014,434,0.07857142857142857,0.9214285714285715,0.7935802469135803,0.78,714
emotions,GSI_MLC_PA_Logistic,0.30,3,0.7018970189701897,1.0,0.08973832816545323,518,0.2981029810298103,220,0.8783783783783784,130,148,0.234959349593496,0.975609756097561,0.9241192411924118,0.9411924119241193,0.959097605471674,0.9590909090909091,0.17615176151761514,0.46747967479674785,0.41490514905149056,0.3839788001641894,0.34053420805998125,0.5417982852765463,130,0.25096525096525096,518,0.08181818181818182,0.9181818181818182,0.5718777601130544,0.7567567567567568,738
emotions,GSI_MLC_PA_Logistic,0.30,4,0.5958333333333333,0.9916666666666667,0.08058472741703561,429,0.4041666666666667,291,0.8639455782312925,127,147,0.20652777777777775,0.9722222222222222,0.9194444444444444,0.9444444444444444,0.9511856759376114,0.9551569506726457,0.17638888888888882,0.4666666666666666,0.4113888888888888,0.3631119771764538,0.33896896111651,0.43217235214499233,127,0.29603729603729606,429,0.06872852233676977,0.9312714776632303,0.7758331891829556,0.8360655737704918,720
emotions,GSI_MLC_PA_Logistic,0.30,5,0.6330275229357798,0.9908256880733946,0.09238640949357338,414,0.3669724770642202,240,0.8928571428571429,125,140,0.2128440366972477,0.9770642201834863,0.9480122324159023,0.9666666666666666,0.9672695758902655,0.9664429530201343,0.191131498470948,0.47859327217125397,0.42752293577981637,0.38073197084564936,0.3387833785520492,0.5243034308299079,125,0.30193236714975846,414,0.0625,0.9375,0.8263047138047138,0.8148148148148148,654
emotions,GSI_MLC_PA_Logistic,0.35,1,0.7199453551912568,1.0,0.09560462843519942,527,0.28005464480874315,205,0.8759124087591241,120,137,0.27520491803278685,0.976775956284153,0.948087431693989,0.9642076502732241,0.9667740474171197,0.9624724061810155,0.16393442622950827,0.4433060109289617,0.39153005464480883,0.35082968104902457,0.3146574961553086,0.5603929828581333,120,0.22770398481973433,527,0.08292682926829269,0.9170731707317074,0.664608223815213,0.8282828282828283,732
emotions,GSI_MLC_PA_Logistic,0.35,2,0.6078431372549019,0.9915966386554622,0.07871821327807783,434,0.39215686274509803,280,0.8472222222222222,122,144,0.24355742296918767,0.969187675070028,0.9131652661064428,0.9400560224089635,0.9544685785074649,0.9488372093023256,0.17086834733893552,0.45378151260504224,0.4201680672268907,0.3550952267763897,0.33802639849151483,0.5259158615136875,122,0.28110599078341014,434,0.07857142857142857,0.9214285714285715,0.7935802469135803,0.78,714
emotions,GSI_MLC_PA_Logistic,0.35,3,0.7018970189701897,1.0,0.08973832816545323,518,0.2981029810298103,220,0.8783783783783784,130,148,0.27005420054200535,0.975609756097561,0.9241192411924118,0.9411924119241193,0.959097605471674,0.9590909090909091,0.17615176151761514,0.46747967479674785,0.41490514905149056,0.3839788001641894,0.34053420805998125,0.5417982852765463,130,0.25096525096525096,518,0.08181818181818182,0.9181818181818182,0.5718777601130544,0.7567567567567568,738
emotions,GSI_MLC_PA_Logistic,0.35,4,0.5958333333333333,0.9916666666666667,0.08058472741703561,429,0.4041666666666667,291,0.8639455782312925,127,147,0.23631944444444444,0.9722222222222222,0.9194444444444444,0.9444444444444444,0.9511856759376114,0.9551569506726457,0.17638888888888882,0.4666666666666666,0.4113888888888888,0.3631119771764538,0.33896896111651,0.43217235214499233,127,0.29603729603729606,429,0.06872852233676977,0.9312714776632303,0.7758331891829556,0.8360655737704918,720
emotions,GSI_MLC_PA_Logistic,0.35,5,0.6330275229357798,0.9908256880733946,0.09238640949357338,414,0.3669724770642202,240,0.8928571428571429,125,140,0.24449541284403667,0.9770642201834863,0.9480122324159023,0.9666666666666666,0.9672695758902655,0.9664429530201343,0.191131498470948,0.47859327217125397,0.42752293577981637,0.38073197084564936,0.3387833785520492,0.5243034308299079,125,0.30193236714975846,414,0.0625,0.9375,0.8263047138047138,0.8148148148148148,654
emotions,GSI_MLC_PA_Logistic,0.40,1,0.2677595628415301,0.8524590163934426,0.09560462843519942,196,0.73224043715847,536,0.36496350364963503,50,137,0.4882513661202185,0.6188524590163935,0.43825136612021853,0.5942427790788448,0.6904315179670565,0.6108786610878661,-0.19398907103825125,-0.06653005464480877,0.02156518345042957,0.07448715159896135,-0.036936248937840754,0.6459259259259259,50,0.25510204081632654,196,0.5205223880597015,0.4794776119402985,0.6364306666053978,0.4991023339317774,732
emotions,GSI_MLC_PA_Logistic,0.40,2,0.6078431372549019,0.9915966386554622,0.07871821327807783,434,0.39215686274509803,280,0.8472222222222222,122,144,0.27394957983193274,0.969187675070028,0.9131652661064428,0.9400560224089635,0.9544685785074649,0.9488372093023256,0.17086834733893552,0.45378151260504224,0.4201680672268907,0.3550952267763897,0.33802639849151483,0.5259158615136875,122,0.28110599078341014,434,0.07857142857142857,0.9214285714285715,0.7935802469135803,0.78,714
emotions,GSI_MLC_PA_Logistic,0.40,3,0.4241192411924119,0.983739837398374,0.08973832816545323,313,0.575880758807588,425,0.5472972972972973,81,148,0.43116531165311667,0.7384823848238482,0.521680216802168,0.6661246612466125,0.7794550258290941,0.6892109500805152,-0.060975609756097615,0.06504065040650403,0.1398373983739838,0.2043362205216095,0.07065424904958739,0.6285482437656351,81,0.25878594249201275,313,0.4541176470588235,0.5458823529411765,0.6573478455831396,0.49076517150395776,738
emotions,GSI_MLC_PA_Logistic,0.40,4,0.46111111111111114,0.9666666666666667,0.08058472741703561,332,0.5388888888888889,388,0.7210884353741497,106,147,0.3288888888888889,0.8555555555555556,0.6770833333333334,0.7865873015873016,0.8630140436483321,0.8045112781954887,0.05972222222222223,0.2243055555555556,0.253531746031746,0.27494034488717456,0.188323288639353,0.4009597637504615,106,0.3192771084337349,332,0.26804123711340205,0.731958762886598,0.7383151516649181,0.6148148148148148,720
emotions,GSI_MLC_PA_Logistic,0.40,5,0.4908256880733945,0.9908256880733946,0.09238640949357338,321,0.5091743119266054,333,0.75,105,140,0.3262996941896025,0.8700305810397554,0.7477064220183486,0.8403669724770643,0.8889352118416157,0.8355899419729207,0.08409785932721714,0.2782874617737003,0.3012232415902141,0.30239760679699956,0.20793036750483562,0.4981296342372688,105,0.32710280373831774,321,0.2552552552552553,0.7447447447447447,0.7643243661100804,0.6118721461187214,654
emotions,GSI_MLC_PA_Logistic,0.50,1,0.1557377049180328,0.7295081967213115,0.09560462843519942,114,0.8442622950819673,618,0.17518248175182483,24,137,0.5437158469945356,0.5341530054644809,0.39248633879781425,0.5490632318501172,0.6352277427632812,0.5633802816901409,-0.2786885245901639,-0.11229508196721305,-0.023614363778298064,0.01928337639518607,-0.08443462833556603,0.6355555555555557,24,0.21052631578947367,114,0.551779935275081,0.44822006472491904,0.6139262574343219,0.5163120567375886,732
emotions,GSI_MLC_PA_Logistic,0.50,2,0.3543417366946779,0.9411764705882353,0.07871821327807783,253,0.6456582633053222,461,0.4722222222222222,68,144,0.44047619047619047,0.7366946778711485,0.5322128851540616,0.673389355742297,0.7786746596169346,0.68561872909699,-0.06162464985994398,0.07282913165266108,0.1535014005602242,0.1793013078858594,0.07480791828617916,0.6036886070853461,68,0.26877470355731226,253,0.4078091106290672,0.5921908893709328,0.6972617992793432,0.5204081632653061,714
emotions,GSI_MLC_PA_Logistic,0.50,3,0.08807588075880758,0.5284552845528455,0.08973832816545323,65,0.9119241192411924,673,0.14189189189189189,21,148,0.6307588075880759,0.4132791327913279,0.33495934959349594,0.48799845141308545,0.5410586124401914,0.49942196531791905,-0.38617886178861793,-0.12168021680216806,-0.03828881145954327,-0.034060192867293226,-0.11913473571300881,0.6181818181818182,21,0.3230769230769231,65,0.6433878157503715,0.3566121842496285,0.44875092013249906,0.462111801242236,738
emotions,GSI_MLC_PA_Logistic,0.50,4,0.21944444444444444,0.7916666666666666,0.08058472741703561,158,0.7805555555555556,562,0.32653061224489793,48,147,0.4597222222222222,0.65,0.47388888888888897,0.6215674603174602,0.7180737408718301,0.6326530612244898,-0.14583333333333337,0.02111111111111119,0.08851190476190463,0.1300000421106725,0.016465071668354092,0.42135269267052217,48,0.3037974683544304,158,0.4483985765124555,0.5516014234875445,0.6678855925580384,0.5625,720
emotions,GSI_MLC_PA_Logistic,0.50,5,0.1559633027522936,0.7981651376146789,0.09238640949357338,102,0.8440366972477065,552,0.2642857142857143,37,140,0.5107033639143731,0.5672782874617737,0.4321100917431192,0.5914373088685015,0.6708066326019253,0.6085753803596127,-0.21865443425076458,-0.03730886850152909,0.05229357798165135,0.08426902755730914,-0.019084194108472397,0.4854932301740812,37,0.3627450980392157,102,0.5126811594202898,0.4873188405797102,0.6328961235707268,0.5557299843014128,654
music,MLC_PA_Logistic,0.20,1,0.530812324929972,1.0,0.08025642006140722,379,0.469187675070028,335,0.8214285714285714,115,140,0.14117647058823524,0.9649859943977591,0.8907563025210085,0.9162464985994397,0.9363305917513717,0.9414519906323185,0.1610644257703081,0.41708683473389363,0.3689075630252101,0.3490681540482934,0.30987304326389753,0.5728359657453225,115,0.3034300791556728,379,0.07462686567164178,0.9253731343283582,0.613536558788275,0.7058823529411765,714
music,MLC_PA_Logistic,0.20,2,0.47150997150997154,0.9572649572649573,0.09332544192625317,331,0.5284900284900285,371,0.7397260273972602,108,146,0.14843304843304844,0.9458689458689459,0.849002849002849,0.8851851851851853,0.9005900506264722,0.9095238095238095,0.15384615384615385,0.3497150997150996,0.31794871794871804,0.307683835067596,0.2745238095238095,0.5786354003399486,108,0.32628398791540786,331,0.10242587601078167,0.8975741239892183,0.6063338701019861,0.6666666666666666,702
music,MLC_PA_Logistic,0.20,3,0.5028248587570622,0.9745762711864406,0.08068723086453489,356,0.4971751412429379,352,0.7906976744186046,102,129,0.13870056497175143,0.961864406779661,0.8968926553672317,0.9254237288135593,0.930043144820848,0.936768149882904,0.14406779661016944,0.370762711864407,0.32090395480225986,0.2926418517821817,0.26335042836391664,0.6163438463195026,102,0.28651685393258425,356,0.07670454545454546,0.9232954545454546,0.6148088023088022,0.7326732673267327,708
music,MLC_PA_Logistic,0.20,4,0.5126050420168067,0.9915966386554622,0.08610172993231471,366,0.48739495798319327,348,0.8333333333333334,115,138,0.13473389355742296,0.9677871148459384,0.9117647058823529,0.9280112044817926,0.9469864465702424,0.9471264367816092,0.1610644257703081,0.4061624649859944,0.3490196078431371,0.3330946584247231,0.29916725310813985,0.5953160806404393,115,0.31420765027322406,366,0.06609195402298851,0.9339080459770115,0.6990740740740741,0.684931506849315,714
music,MLC_PA_Logistic,0.20,5,0.4943977591036415,0.9831932773109243,0.09089608165224691,353,0.5056022408963585,361,0.7816901408450704,111,142,0.14229691876750702,0.9565826330532213,0.8837535014005603,0.9148459383753502,0.9264215285403706,0.9280742459396751,0.15546218487394958,0.4159663865546219,0.3655462184873951,0.3241796660878611,0.29786591260634177,0.5678134667265101,111,0.31444759206798867,353,0.08587257617728532,0.9141274238227147,0.6117306606437042,0.7350427350427351,714
music,MLC_PA_Logistic,0.25,1,0.41316526610644255,0.9831932773109243,0.08025642006140722,295,0.5868347338935574,419,0.7214285714285714,101,140,0.15791316526610644,0.9453781512605042,0.8375350140056022,0.8778711484593837,0.9008170227990141,0.9073634204275535,0.14145658263305316,0.3638655462184873,0.3305322128851541,0.3135545850959358,0.27578447305913245,0.5542606831731748,101,0.3423728813559322,295,0.09307875894988067,0.9069212410501193,0.6335016835016835,0.7111111111111111,714
music,MLC_PA_Logistic,0.25,2,0.37464387464387466,0.9145299145299145,0.09332544192625317,263,0.6253561253561254,439,0.6232876712328768,91,146,0.172008547008547,0.9216524216524217,0.7806267806267806,0.8284900284900285,0.8463178287949891,0.8661800486618005,0.12962962962962965,0.28133903133903126,0.26125356125356125,0.25341161323611283,0.23118004866180053,0.5643735872022257,91,0.34600760456273766,263,0.1252847380410023,0.8747152619589977,0.62627688172043,0.6625766871165644,702
music,MLC_PA_Logistic,0.25,3,0.4194915254237288,0.9322033898305084,0.08068723086453489,297,0.5805084745762712,411,0.7209302325581395,93,129,0.15572033898305085,0.9491525423728814,0.8601694915254238,0.8980225988700565,0.9032755596187864,0.9142857142857143,0.1313559322033898,0.33403954802259905,0.2935028248587571,0.26587426658012003,0.24086799276672688,0.5956169017314528,93,0.31313131313131315,297,0.08759124087591241,0.9124087591240876,0.6582355561302929,0.7464788732394366,708
music,MLC_PA_Logistic,0.25,4,0.41316526610644255,0.9495798319327731,0.08610172993231471,295,0.5868347338935574,419,0.7246376811594203,100,138,0.1565126050420168,0.9467787114845938,0.8613445378151262,0.8946778711484594,0.9119390422735382,0.9120370370370371,0.14005602240896353,0.3557422969187677,0.3156862745098039,0.2980472541280188,0.2640778533635677,0.578497811256432,100,0.3389830508474576,295,0.09069212410501193,0.9093078758949881,0.6857920597356143,0.7076923076923077,714
music,MLC_PA_Logistic,0.25,5,0.4103641456582633,0.957983193277311,0.09089608165224691,293,0.5896358543417367,421,0.7394366197183099,105,142,0.15441176470588236,0.9481792717086834,0.8529411764705883,0.8890756302521008,0.9094618581843439,0.9133489461358314,0.1470588235294117,0.38515406162464993,0.3397759103641457,0.30721999573183434,0.283140612802498,0.5423294208981372,105,0.3583617747440273,293,0.08788598574821853,0.9121140142517815,0.6205706574127626,0.7375886524822695,714
music,MLC_PA_Logistic,0.30,1,0.3333333333333333,0.9411764705882353,0.08025642006140722,238,0.6666666666666666,476,0.6428571428571429,90,140,0.17002801120448177,0.9299719887955182,0.7927170868347339,0.8397759103641456,0.8676052570789413,0.8792270531400966,0.12605042016806722,0.319047619047619,0.2924369747899159,0.28034281937586303,0.24764810577167562,0.5181059970875072,90,0.37815126050420167,238,0.10504201680672269,0.8949579831932774,0.6409247757073845,0.7126436781609196,714
music,MLC_PA_Logistic,0.30,2,0.2948717948717949,0.8888888888888888,0.09332544192625317,207,0.7051282051282052,495,0.5136986301369864,75,146,0.18960113960113964,0.8988603988603988,0.725071225071225,0.780911680911681,0.7934505234813876,0.8229426433915212,0.10683760683760679,0.22578347578347568,0.2136752136752137,0.20054430792251132,0.18794264339152122,0.5745630122477413,75,0.36231884057971014,207,0.14343434343434344,0.8565656565656565,0.6158771674900708,0.6570048309178744,702
music,MLC_PA_Logistic,0.30,3,0.3149717514124294,0.8728813559322034,0.08068723086453489,223,0.6850282485875706,485,0.5813953488372093,75,129,0.17076271186440678,0.923728813559322,0.8022598870056498,0.8511299435028249,0.8566473150701528,0.8701923076923077,0.10593220338983045,0.27612994350282505,0.24661016949152548,0.21924602203148646,0.19677458617332033,0.6073911630929175,75,0.336322869955157,223,0.11134020618556702,0.8886597938144329,0.6216900341038273,0.7127659574468085,708
music,MLC_PA_Logistic,0.30,4,0.30532212885154064,0.8907563025210085,0.08610172993231471,218,0.6946778711484594,496,0.5869565217391305,81,138,0.17142857142857146,0.9201680672268908,0.7913165266106443,0.8358543417366947,0.8598787037028885,0.8652482269503546,0.11344537815126055,0.2857142857142858,0.2568627450980392,0.24598691555736918,0.21728904327688525,0.5498714856312895,81,0.37155963302752293,218,0.11491935483870967,0.8850806451612904,0.6738978716341628,0.6984126984126984,714
music,MLC_PA_Logistic,0.30,5,0.3081232492997199,0.8823529411764706,0.09089608165224691,220,0.6918767507002801,494,0.5774647887323944,82,142,0.17647058823529413,0.9159663865546218,0.7591036414565827,0.8162464985994398,0.8458443304390032,0.8564593301435407,0.11484593837535007,0.29131652661064433,0.26694677871148464,0.24360246798649365,0.22625099681020733,0.5030642109749616,82,0.37272727272727274,220,0.1214574898785425,0.8785425101214575,0.6352324803136161,0.696969696969697,714
music,MLC_PA_Logistic,0.35,1,0.2549019607843137,0.8487394957983193,0.08025642006140722,182,0.7450980392156863,532,0.5571428571428572,78,140,0.17605042016806718,0.9131652661064426,0.7436974789915966,0.8042016806722689,0.8278195071486355,0.8472906403940886,0.10924369747899154,0.2700280112044817,0.2568627450980393,0.24055706944555721,0.21571169302566762,0.48772267368758593,78,0.42857142857142855,182,0.11654135338345864,0.8834586466165414,0.6508216305248781,0.7047619047619048,714
music,MLC_PA_Logistic,0.35,2,0.21794871794871795,0.7863247863247863,0.09332544192625317,153,0.782051282051282,549,0.410958904109589,60,146,0.1987891737891737,0.8774928774928775,0.6623931623931624,0.7253561253561254,0.7459702682093806,0.7828282828282829,0.0854700854700855,0.16310541310541304,0.1581196581196581,0.15306405265050438,0.14782828282828286,0.5722273757988043,60,0.39215686274509803,153,0.15664845173041894,0.843351548269581,0.6103801169590642,0.6532258064516129,702
music,MLC_PA_Logistic,0.35,3,0.2245762711864407,0.788135593220339,0.08068723086453489,159,0.7754237288135594,549,0.4573643410852713,59,129,0.17747175141242938,0.9011299435028248,0.7401129943502824,0.7980225988700564,0.8157251436012499,0.8309178743961353,0.08333333333333326,0.21398305084745772,0.19350282485875703,0.1783238505625836,0.15750015287714791,0.5603313840155945,59,0.3710691823899371,159,0.12750455373406194,0.872495446265938,0.6400938057906183,0.72,708
music,MLC_PA_Logistic,0.35,4,0.21288515406162464,0.8151260504201681,0.08610172993231471,152,0.7871148459383753,562,0.4782608695652174,66,138,0.1753501400560224,0.8991596638655462,0.7394957983193278,0.7957983193277312,0.8171538550848895,0.8277511961722488,0.09243697478991597,0.23389355742296924,0.21680672268907564,0.2032620669393701,0.1797920124987794,0.5176690770870996,66,0.4342105263157895,152,0.12811387900355872,0.8718861209964412,0.6737447546068235,0.7073170731707317,714
music,MLC_PA_Logistic,0.35,5,0.226890756302521,0.773109243697479,0.09089608165224691,162,0.773109243697479,552,0.4507042253521127,64,142,0.18865546218487386,0.8907563025210083,0.6834733893557424,0.7526610644257703,0.7834957181758723,0.806930693069307,0.0896358543417366,0.21568627450980404,0.20336134453781518,0.18125385572336272,0.1767223597359736,0.47517789586959597,64,0.3950617283950617,162,0.14130434782608695,0.8586956521739131,0.6304414592458071,0.6776859504132231,714
music,MLC_PA_Logistic,0.40,1,0.1568627450980392,0.6722689075630253,0.08025642006140722,112,0.8431372549019608,602,0.42142857142857143,59,140,0.1761904761904762,0.8865546218487395,0.6694677871148459,0.7355742296918767,0.7665779939922097,0.7959697732997482,0.08263305322128844,0.19579831932773106,0.18823529411764706,0.17931555628913143,0.16439082593132714,0.451880145997793,59,0.5267857142857143,112,0.1345514950166113,0.8654485049833887,0.6447399233992942,0.7011070110701108,714
music,MLC_PA_Logistic,0.40,2,0.1339031339031339,0.6239316239316239,0.09332544192625317,94,0.8660968660968661,608,0.2465753424657534,36,146,0.2102564102564103,0.8433048433048433,0.5933048433048433,0.666951566951567,0.6817054251083122,0.7263681592039801,0.05128205128205132,0.09401709401709402,0.09971509971509973,0.08879920954943599,0.09136815920398011,0.5994800218938149,36,0.3829787234042553,94,0.18092105263157895,0.819078947368421,0.5942786045087836,0.6428571428571429,702
music,MLC_PA_Logistic,0.40,3,0.16242937853107345,0.6949152542372882,0.08068723086453489,115,0.8375706214689266,593,0.32558139534883723,42,129,0.1878531073446328,0.8771186440677966,0.673728813559322,0.7443502824858756,0.7624512193726325,0.7841191066997518,0.05932203389830504,0.1475988700564973,0.13983050847457623,0.12504992633396617,0.11070138518076444,0.5704874835309618,42,0.3652173913043478,115,0.1467116357504216,0.8532883642495784,0.6365116232404611,0.6968641114982579,708
music,MLC_PA_Logistic,0.40,4,0.12324929971988796,0.6050420168067226,0.08610172993231471,88,0.876750700280112,626,0.30434782608695654,42,138,0.18375350140056024,0.865546218487395,0.6428571428571429,0.7112044817927171,0.7404859161356704,0.7635467980295566,0.05882352941176472,0.13725490196078438,0.1322128851540616,0.12659412799015102,0.11558761435608722,0.5489651416122004,42,0.4772727272727273,88,0.15335463258785942,0.8466453674121406,0.63409970270738,0.673469387755102,714
music,MLC_PA_Logistic,0.40,5,0.14565826330532214,0.6050420168067226,0.09089608165224691,104,0.8543417366946778,610,0.323943661971831,46,142,0.19271708683473396,0.865546218487395,0.6092436974789918,0.6871148459383755,0.7253497877153792,0.7551020408163265,0.06442577030812324,0.14145658263305338,0.13781512605042034,0.12310792526286962,0.12489370748299311,0.49164457562073266,46,0.4423076923076923,104,0.15737704918032788,0.8426229508196721,0.6215104628585514,0.6643356643356644,714
music,MLC_PA_Logistic,0.50,1,0.0,0.0,0.08025642006140722,0,1.0,714,0.0,0,140,0.19607843137254902,0.803921568627451,0.47366946778711483,0.5473389355742296,0.5872624377030783,0.631578947368421,0.0,0.0,0.0,0.0,0.0,,0,,0,0.19607843137254902,0.803921568627451,0.5872624377030783,0.631578947368421,714
music,MLC_PA_Logistic,0.50,2,0.0,0.0,0.09332544192625317,0,1.0,702,0.0,0,146,0.20797720797720798,0.792022792022792,0.4992877492877493,0.5672364672364673,0.5929062155588762,0.635,0.0,0.0,0.0,0.0,0.0,,0,,0,0.20797720797720798,0.792022792022792,0.5929062155588762,0.635,702
music,MLC_PA_Logistic,0.50,3,0.0,0.0,0.08068723086453489,0,1.0,708,0.0,0,129,0.18220338983050846,0.8177966101694916,0.5261299435028247,0.6045197740112994,0.6374012930386663,0.6734177215189874,0.0,0.0,0.0,0.0,0.0,,0,,0,0.18220338983050846,0.8177966101694916,0.6374012930386663,0.6734177215189874,708
music,MLC_PA_Logistic,0.50,4,0.0,0.0,0.08610172993231471,0,1.0,714,0.0,0,138,0.19327731092436976,0.8067226890756303,0.5056022408963585,0.5789915966386555,0.6138917881455194,0.6479591836734694,0.0,0.0,0.0,0.0,0.0,,0,,0,0.19327731092436976,0.8067226890756303,0.6138917881455194,0.6479591836734694,714
music,MLC_PA_Logistic,0.50,5,0.0,0.0,0.09089608165224691,0,1.0,714,0.0,0,142,0.19887955182072828,0.8011204481792717,0.4677871148459384,0.5492997198879551,0.6022418624525095,0.6302083333333334,0.0,0.0,0.0,0.0,0.0,,0,,0,0.19887955182072828,0.8011204481792717,0.6022418624525095,0.6302083333333334,714
music,GSI_MLC_PA_Logistic,0.20,1,0.7212885154061625,1.0,0.07672132074738414,515,0.27871148459383754,199,0.9637681159420289,133,138,0.1512605042016807,0.9929971988795518,0.9761904761904762,0.9815126050420168,0.9894199635761286,0.9888143176733781,0.18627450980392157,0.4899159663865546,0.42577030812324923,0.4038206735832742,0.35389368275274324,0.5194133059093774,133,0.258252427184466,515,0.02512562814070352,0.9748743718592965,0.9492796679497447,0.935064935064935,714
music,GSI_MLC_PA_Logistic,0.20,2,0.51994301994302,0.9914529914529915,0.09182466601172114,365,0.48005698005698005,337,0.7432432432432432,110,148,0.1581196581196581,0.9458689458689459,0.8618233618233618,0.9,0.8940212370044852,0.910377358490566,0.15669515669515677,0.36538461538461536,0.33789173789173776,0.3204193218842163,0.28792837889872924,0.49783266842090373,110,0.3013698630136986,365,0.11275964391691394,0.887240356083086,0.6951738942061523,0.7397260273972602,702
music,GSI_MLC_PA_Logistic,0.20,3,0.672316384180791,0.9915254237288136,0.08622354261806289,476,0.327683615819209,232,0.8809523809523809,111,126,0.1556497175141243,0.978813559322034,0.9477401129943503,0.9652542372881355,0.9625764022389897,0.965675057208238,0.15677966101694918,0.4180790960451979,0.36101694915254245,0.31531059100247183,0.2871036286368094,0.616348064540159,111,0.23319327731092437,476,0.06465517241379311,0.9353448275862069,0.6664682539682539,0.8,708
music,GSI_MLC_PA_Logistic,0.20,4,0.6162464985994398,0.9831932773109243,0.0845933729283384,440,0.38375350140056025,274,0.8848920863309353,123,139,0.14565826330532217,0.9775910364145658,0.9439775910364145,0.957703081232493,0.9635414014090485,0.9638009049773756,0.17226890756302515,0.4425770308123249,0.38011204481792715,0.34152121397712343,0.3192996262049971,0.47601346730008204,123,0.27954545454545454,440,0.058394160583941604,0.9416058394160584,0.7849146957378664,0.873015873015873,714
music,GSI_MLC_PA_Logistic,0.20,5,0.5462184873949579,0.9495798319327731,0.08071712223045675,390,0.453781512605042,324,0.7872340425531915,111,141,0.15266106442577032,0.9565826330532213,0.8837535014005603,0.9212885154061625,0.9282981890116621,0.9318681318681319,0.15406162464985995,0.41876750700280124,0.3781512605042018,0.32434761888462127,0.3019468720256122,0.3666420027130349,111,0.2846153846153846,390,0.09567901234567901,0.904320987654321,0.7565866307640059,0.8121212121212121,714
music,GSI_MLC_PA_Logistic,0.25,1,0.7212885154061625,1.0,0.07672132074738414,515,0.27871148459383754,199,0.9637681159420289,133,138,0.1873249299719888,0.9929971988795518,0.9761904761904762,0.9815126050420168,0.9894199635761286,0.9888143176733781,0.18627450980392157,0.4899159663865546,0.42577030812324923,0.4038206735832742,0.35389368275274324,0.5194133059093774,133,0.258252427184466,515,0.02512562814070352,0.9748743718592965,0.9492796679497447,0.935064935064935,714
music,GSI_MLC_PA_Logistic,0.25,2,0.51994301994302,0.9914529914529915,0.09182466601172114,365,0.48005698005698005,337,0.7432432432432432,110,148,0.1841168091168091,0.9458689458689459,0.8618233618233618,0.9,0.8940212370044852,0.910377358490566,0.15669515669515677,0.36538461538461536,0.33789173789173776,0.3204193218842163,0.28792837889872924,0.49783266842090373,110,0.3013698630136986,365,0.11275964391691394,0.887240356083086,0.6951738942061523,0.7397260273972602,702
music,GSI_MLC_PA_Logistic,0.25,3,0.672316384180791,0.9915254237288136,0.08622354261806289,476,0.327683615819209,232,0.8809523809523809,111,126,0.18926553672316385,0.978813559322034,0.9477401129943503,0.9652542372881355,0.9625764022389897,0.965675057208238,0.15677966101694918,0.4180790960451979,0.36101694915254245,0.31531059100247183,0.2871036286368094,0.616348064540159,111,0.23319327731092437,476,0.06465517241379311,0.9353448275862069,0.6664682539682539,0.8,708
music,GSI_MLC_PA_Logistic,0.25,4,0.6162464985994398,0.9831932773109243,0.0845933729283384,440,0.38375350140056025,274,0.8848920863309353,123,139,0.17647058823529413,0.9775910364145658,0.9439775910364145,0.957703081232493,0.9635414014090485,0.9638009049773756,0.17226890756302515,0.4425770308123249,0.38011204481792715,0.34152121397712343,0.3192996262049971,0.47601346730008204,123,0.27954545454545454,440,0.058394160583941604,0.9416058394160584,0.7849146957378664,0.873015873015873,714
music,GSI_MLC_PA_Logistic,0.25,5,0.5462184873949579,0.9495798319327731,0.08071712223045675,390,0.453781512605042,324,0.7872340425531915,111,141,0.1799719887955182,0.9565826330532213,0.8837535014005603,0.9212885154061625,0.9282981890116621,0.9318681318681319,0.15406162464985995,0.41876750700280124,0.3781512605042018,0.32434761888462127,0.3019468720256122,0.3666420027130349,111,0.2846153846153846,390,0.09567901234567901,0.904320987654321,0.7565866307640059,0.8121212121212121,714
music,GSI_MLC_PA_Logistic,0.30,1,0.7212885154061625,1.0,0.07672132074738414,515,0.27871148459383754,199,0.9637681159420289,133,138,0.22338935574229696,0.9929971988795518,0.9761904761904762,0.9815126050420168,0.9894199635761286,0.9888143176733781,0.18627450980392157,0.4899159663865546,0.42577030812324923,0.4038206735832742,0.35389368275274324,0.5194133059093774,133,0.258252427184466,515,0.02512562814070352,0.9748743718592965,0.9492796679497447,0.935064935064935,714
music,GSI_MLC_PA_Logistic,0.30,2,0.51994301994302,0.9914529914529915,0.09182466601172114,365,0.48005698005698005,337,0.7432432432432432,110,148,0.21011396011396008,0.9458689458689459,0.8618233618233618,0.9,0.8940212370044852,0.910377358490566,0.15669515669515677,0.36538461538461536,0.33789173789173776,0.3204193218842163,0.28792837889872924,0.49783266842090373,110,0.3013698630136986,365,0.11275964391691394,0.887240356083086,0.6951738942061523,0.7397260273972602,702
music,GSI_MLC_PA_Logistic,0.30,3,0.672316384180791,0.9915254237288136,0.08622354261806289,476,0.327683615819209,232,0.8809523809523809,111,126,0.22288135593220332,0.978813559322034,0.9477401129943503,0.9652542372881355,0.9625764022389897,0.965675057208238,0.15677966101694918,0.4180790960451979,0.36101694915254245,0.31531059100247183,0.2871036286368094,0.616348064540159,111,0.23319327731092437,476,0.06465517241379311,0.9353448275862069,0.6664682539682539,0.8,708
music,GSI_MLC_PA_Logistic,0.30,4,0.6162464985994398,0.9831932773109243,0.0845933729283384,440,0.38375350140056025,274,0.8848920863309353,123,139,0.20728291316526615,0.9775910364145658,0.9439775910364145,0.957703081232493,0.9635414014090485,0.9638009049773756,0.17226890756302515,0.4425770308123249,0.38011204481792715,0.34152121397712343,0.3192996262049971,0.47601346730008204,123,0.27954545454545454,440,0.058394160583941604,0.9416058394160584,0.7849146957378664,0.873015873015873,714
music,GSI_MLC_PA_Logistic,0.30,5,0.5462184873949579,0.9495798319327731,0.08071712223045675,390,0.453781512605042,324,0.7872340425531915,111,141,0.20728291316526612,0.9565826330532213,0.8837535014005603,0.9212885154061625,0.9282981890116621,0.9318681318681319,0.15406162464985995,0.41876750700280124,0.3781512605042018,0.32434761888462127,0.3019468720256122,0.3666420027130349,111,0.2846153846153846,390,0.09567901234567901,0.904320987654321,0.7565866307640059,0.8121212121212121,714
music,GSI_MLC_PA_Logistic,0.35,1,0.7212885154061625,1.0,0.07672132074738414,515,0.27871148459383754,199,0.9637681159420289,133,138,0.259453781512605,0.9929971988795518,0.9761904761904762,0.9815126050420168,0.9894199635761286,0.9888143176733781,0.18627450980392157,0.4899159663865546,0.42577030812324923,0.4038206735832742,0.35389368275274324,0.5194133059093774,133,0.258252427184466,515,0.02512562814070352,0.9748743718592965,0.9492796679497447,0.935064935064935,714
music,GSI_MLC_PA_Logistic,0.35,2,0.51994301994302,0.9914529914529915,0.09182466601172114,365,0.48005698005698005,337,0.7432432432432432,110,148,0.2361111111111111,0.9458689458689459,0.8618233618233618,0.9,0.8940212370044852,0.910377358490566,0.15669515669515677,0.36538461538461536,0.33789173789173776,0.3204193218842163,0.28792837889872924,0.49783266842090373,110,0.3013698630136986,365,0.11275964391691394,0.887240356083086,0.6951738942061523,0.7397260273972602,702
music,GSI_MLC_PA_Logistic,0.35,3,0.672316384180791,0.9915254237288136,0.08622354261806289,476,0.327683615819209,232,0.8809523809523809,111,126,0.25649717514124293,0.978813559322034,0.9477401129943503,0.9652542372881355,0.9625764022389897,0.965675057208238,0.15677966101694918,0.4180790960451979,0.36101694915254245,0.31531059100247183,0.2871036286368094,0.616348064540159,111,0.23319327731092437,476,0.06465517241379311,0.9353448275862069,0.6664682539682539,0.8,708
music,GSI_MLC_PA_Logistic,0.35,4,0.6162464985994398,0.9831932773109243,0.0845933729283384,440,0.38375350140056025,274,0.8848920863309353,123,139,0.23809523809523803,0.9775910364145658,0.9439775910364145,0.957703081232493,0.9635414014090485,0.9638009049773756,0.17226890756302515,0.4425770308123249,0.38011204481792715,0.34152121397712343,0.3192996262049971,0.47601346730008204,123,0.27954545454545454,440,0.058394160583941604,0.9416058394160584,0.7849146957378664,0.873015873015873,714
music,GSI_MLC_PA_Logistic,0.35,5,0.5462184873949579,0.9495798319327731,0.08071712223045675,390,0.453781512605042,324,0.7872340425531915,111,141,0.23459383753501398,0.9565826330532213,0.8837535014005603,0.9212885154061625,0.9282981890116621,0.9318681318681319,0.15406162464985995,0.41876750700280124,0.3781512605042018,0.32434761888462127,0.3019468720256122,0.3666420027130349,111,0.2846153846153846,390,0.09567901234567901,0.904320987654321,0.7565866307640059,0.8121212121212121,714
music,GSI_MLC_PA_Logistic,0.40,1,0.41456582633053224,1.0,0.07672132074738414,296,0.5854341736694678,418,0.6666666666666666,92,138,0.40812324929971994,0.757703081232493,0.5595238095238096,0.7006002400960384,0.8082656979148206,0.71869918699187,-0.0490196078431373,0.07324929971988808,0.14485794317727085,0.22266640792196624,0.08377855207123508,0.48006692856103594,92,0.3108108108108108,296,0.4138755980861244,0.5861244019138756,0.7842965029665798,0.5336927223719676,714
music,GSI_MLC_PA_Logistic,0.40,2,0.51994301994302,0.9914529914529915,0.09182466601172114,365,0.48005698005698005,337,0.7432432432432432,110,148,0.2621082621082621,0.9458689458689459,0.8618233618233618,0.9,0.8940212370044852,0.910377358490566,0.15669515669515677,0.36538461538461536,0.33789173789173776,0.3204193218842163,0.28792837889872924,0.49783266842090373,110,0.3013698630136986,365,0.11275964391691394,0.887240356083086,0.6951738942061523,0.7397260273972602,702
music,GSI_MLC_PA_Logistic,0.40,3,0.3870056497175141,0.940677966101695,0.08622354261806289,274,0.6129943502824858,434,0.5555555555555556,70,126,0.40762711864406775,0.7471751412429379,0.5453389830508475,0.6915254237288136,0.7858514347855454,0.703150912106136,-0.07485875706214684,0.01567796610169503,0.08728813559322057,0.1385856235490276,0.024579483534707403,0.6286944634313055,70,0.25547445255474455,274,0.41244239631336405,0.5875576036866359,0.6538458506173738,0.5226666666666666,708
music,GSI_MLC_PA_Logistic,0.40,4,0.6162464985994398,0.9831932773109243,0.0845933729283384,440,0.38375350140056025,274,0.8848920863309353,123,139,0.2689075630252102,0.9775910364145658,0.9439775910364145,0.957703081232493,0.9635414014090485,0.9638009049773756,0.17226890756302515,0.4425770308123249,0.38011204481792715,0.34152121397712343,0.3192996262049971,0.47601346730008204,123,0.27954545454545454,440,0.058394160583941604,0.9416058394160584,0.7849146957378664,0.873015873015873,714
music,GSI_MLC_PA_Logistic,0.40,5,0.5462184873949579,0.9495798319327731,0.08071712223045675,390,0.453781512605042,324,0.7872340425531915,111,141,0.2619047619047619,0.9565826330532213,0.8837535014005603,0.9212885154061625,0.9282981890116621,0.9318681318681319,0.15406162464985995,0.41876750700280124,0.3781512605042018,0.32434761888462127,0.3019468720256122,0.3666420027130349,111,0.2846153846153846,390,0.09567901234567901,0.904320987654321,0.7565866307640059,0.8121212121212121,714
music,GSI_MLC_PA_Logistic,0.50,1,0.27310924369747897,0.8907563025210085,0.07672132074738414,195,0.726890756302521,519,0.427536231884058,59,138,0.49789915966386555,0.6386554621848739,0.45994397759103645,0.6151060424169669,0.715673105322228,0.6314285714285715,-0.16806722689075637,-0.026330532212885116,0.05936374549819934,0.13007381532937368,-0.0034920634920634352,0.6400892380813813,59,0.30256410256410254,195,0.49710982658959535,0.5028901734104047,0.6917039103739872,0.5057471264367817,714
music,GSI_MLC_PA_Logistic,0.50,2,0.39316239316239315,0.9829059829059829,0.09182466601172114,276,0.6068376068376068,426,0.5945945945945946,88,148,0.3646723646723647,0.8319088319088319,0.6331908831908832,0.7452177452177452,0.8104918252397794,0.766798418972332,0.042735042735042805,0.13675213675213677,0.18310948310948294,0.23688991011951044,0.14434943938049527,0.5268109668109668,88,0.3188405797101449,276,0.27699530516431925,0.7230046948356808,0.6296183386505967,0.5661764705882353,702
music,GSI_MLC_PA_Logistic,0.50,3,0.1426553672316384,0.7627118644067796,0.08622354261806289,101,0.8573446327683616,607,0.21428571428571427,27,126,0.527542372881356,0.5437853107344632,0.3975988700564973,0.5548829701372074,0.6422409444820799,0.5721854304635762,-0.27824858757062154,-0.13206214689265516,-0.04935431799838563,-0.005024866754437918,-0.10638599810785243,0.6057142857142856,27,0.26732673267326734,101,0.5321252059308073,0.46787479406919275,0.5871502300353816,0.5200594353640416,708
music,GSI_MLC_PA_Logistic,0.50,4,0.37254901960784315,0.9327731092436975,0.0845933729283384,266,0.6274509803921569,448,0.5611510791366906,78,139,0.43137254901960786,0.7549019607843137,0.5682072829131651,0.7020208083233295,0.8007499444999446,0.7116968698517299,-0.050420168067226934,0.0668067226890755,0.12442977190876359,0.17872975706801952,0.06719559107935136,0.47347515089450576,78,0.2932330827067669,266,0.390625,0.609375,0.682279526029526,0.5501285347043702,714
music,GSI_MLC_PA_Logistic,0.50,5,0.4481792717086835,0.9327731092436975,0.08071712223045675,320,0.5518207282913166,394,0.6808510638297872,96,141,0.37815126050420167,0.84593837535014,0.6652661064425772,0.779311724689876,0.8509081559580135,0.7955390334572491,0.04341736694677867,0.20028011204481816,0.23617446978791523,0.24695758583097271,0.1656177736147294,0.43997040325564185,96,0.3,320,0.27918781725888325,0.7208121827411167,0.6907436697028162,0.6014492753623188,714
scene,MLC_PA_Logistic,0.20,1,0.18336812804453723,0.7181628392484343,0.02297466372388421,527,0.8166318719554627,2347,0.6223021582733813,173,278,0.07320807237299931,0.9634655532359081,0.8298538622129437,0.8385525400139178,0.8912132008693477,0.891640866873065,0.06019485038274175,0.21433542101600556,0.2014613778705635,0.1781198212265931,0.1830454790323941,0.6171432979943617,173,0.32827324478178366,527,0.04473796335747763,0.9552620366425224,0.752066748324839,0.7961165048543689,2874
scene,MLC_PA_Logistic,0.20,2,0.1799163179916318,0.7112970711297071,0.018241874290723627,516,0.8200836820083682,2352,0.6428571428571429,171,266,0.06910739191073921,0.9668758716875872,0.8594839609483961,0.8699442119944213,0.9055276011742618,0.9037487335359676,0.05962343096234313,0.23361227336122736,0.22629009762900987,0.18184308727269904,0.18672745694022297,0.6313677928494769,171,0.3313953488372093,516,0.04039115646258504,0.9596088435374149,0.749495987173865,0.8111332007952287,2868
scene,MLC_PA_Logistic,0.20,3,0.18681693989071038,0.7336065573770492,0.021757297205718343,547,0.8131830601092896,2381,0.6828478964401294,211,309,0.07083333333333335,0.9665300546448088,0.8329918032786885,0.83948087431694,0.8991554139516049,0.8983402489626556,0.07206284153005471,0.2766393442622951,0.2619535519125684,0.22540201060601694,0.23024143048789736,0.5077018247560587,211,0.3857404021937843,547,0.04115917681646367,0.9588408231835364,0.7754286217262513,0.8063241106719368,2928
scene,MLC_PA_Logistic,0.20,4,0.1794871794871795,0.7255717255717256,0.026393754188994745,518,0.8205128205128205,2368,0.6065573770491803,185,305,0.07747747747747749,0.9584199584199584,0.8187803187803189,0.8326403326403327,0.8781316040575149,0.8773006134969326,0.0641025641025641,0.24497574497574504,0.23665973665973672,0.20125271941989265,0.20703034322666225,0.5439313532086725,185,0.35714285714285715,518,0.05067567567567568,0.9493243243243243,0.7377081026149349,0.7674418604651163,2886
scene,MLC_PA_Logistic,0.20,5,0.19092169092169092,0.7505197505197505,0.021812235939739,551,0.8090783090783091,2335,0.6436363636363637,177,275,0.07214137214137215,0.966042966042966,0.8562023562023563,0.8645183645183645,0.9025036805873202,0.9004065040650406,0.06133056133056136,0.24636174636174646,0.2356202356202356,0.19296841912604867,0.1951546283951585,0.5946135261924735,177,0.32123411978221417,551,0.04197002141327623,0.9580299785867238,0.7675198915347402,0.8024193548387096,2886
scene,MLC_PA_Logistic,0.25,1,0.14509394572025053,0.6221294363256785,0.02297466372388421,417,0.8549060542797495,2457,0.539568345323741,150,278,0.0808107167710508,0.9554627696590118,0.7985386221294363,0.8093249826026444,0.8677388601551116,0.8672199170124482,0.05219206680584543,0.18302018093249817,0.17223382045929014,0.15464548051235694,0.15862452917177727,0.5941342234923038,150,0.3597122302158273,417,0.052096052096052094,0.9479039479039479,0.7614486493151307,0.7845117845117845,2874
scene,MLC_PA_Logistic,0.25,2,0.1398186889818689,0.6108786610878661,0.018241874290723627,401,0.8601813110181311,2467,0.5338345864661654,142,266,0.07819037656903766,0.9567642956764295,0.8155509065550907,0.8274058577405857,0.8758153991038674,0.8732106339468303,0.049511854951185486,0.18967921896792195,0.1837517433751743,0.15213088520230467,0.15618935735108563,0.6365032991177156,142,0.3541147132169576,401,0.05026347790839076,0.9497365220916092,0.7461486683473101,0.7854671280276817,2868
scene,MLC_PA_Logistic,0.25,3,0.14856557377049182,0.6454918032786885,0.021757297205718343,435,0.8514344262295082,2493,0.5889967637540453,182,309,0.08051571038251366,0.9566256830601093,0.7879098360655737,0.7957650273224044,0.8670698412801396,0.8664563617245006,0.06215846994535523,0.23155737704918034,0.21823770491803285,0.19331643793455167,0.1983575432497423,0.48657926671860396,182,0.41839080459770117,435,0.05094263939029282,0.9490573606097071,0.7556010145164104,0.779896013864818,2928
scene,MLC_PA_Logistic,0.25,4,0.13963963963963963,0.6153846153846154,0.026393754188994745,403,0.8603603603603603,2483,0.5147540983606558,157,305,0.0861919611919612,0.9487179487179487,0.7751212751212752,0.7889812889812889,0.8480930669564716,0.8461538461538461,0.05440055440055436,0.20131670131670132,0.193000693000693,0.17121418231884933,0.17588357588357584,0.5280421310969458,157,0.38957816377171217,403,0.05960531614981877,0.9403946838501812,0.7353753315051669,0.75,2886
scene,MLC_PA_Logistic,0.25,5,0.15384615384615385,0.6611226611226612,0.021812235939739,444,0.8461538461538461,2442,0.5527272727272727,152,275,0.08108108108108109,0.9573804573804574,0.8125433125433126,0.822938322938323,0.874776891401285,0.8733264675592173,0.052668052668052745,0.20270270270270274,0.19404019404019412,0.16524162994001346,0.16807459188933516,0.5718600843600844,152,0.34234234234234234,444,0.05036855036855037,0.9496314496314496,0.7587091581812989,0.7853403141361257,2886
scene,MLC_PA_Logistic,0.30,1,0.116214335421016,0.5407098121085595,0.02297466372388421,334,0.883785664578984,2540,0.4784172661870504,133,278,0.08531663187195546,0.9495476687543494,0.7755741127348643,0.7891440501043842,0.8499816131202076,0.8494288681204569,0.04627696590118302,0.16005567153792621,0.1520528879610299,0.13688823347745294,0.14083348027978604,0.5790755226953307,133,0.39820359281437123,334,0.05708661417322835,0.9429133858267716,0.7620553048120637,0.7772657450076805,2874
scene,MLC_PA_Logistic,0.30,2,0.10669456066945607,0.5062761506276151,0.018241874290723627,306,0.893305439330544,2562,0.462406015037594,123,266,0.0818688981868898,0.950139470013947,0.7852161785216178,0.7995118549511854,0.8561398762728659,0.8527291452111225,0.04288702928870303,0.15934449093444913,0.15585774058577395,0.13245536237130318,0.13570786861537787,0.5773927498927499,123,0.4019607843137255,306,0.05581576893052303,0.944184231069477,0.7528821811242311,0.7830045523520486,2868
scene,MLC_PA_Logistic,0.30,3,0.11099726775956284,0.5430327868852459,0.021757297205718343,325,0.8890027322404371,2603,0.47572815533980584,147,309,0.08862704918032786,0.944672131147541,0.7366803278688525,0.7472677595628414,0.8272880207819903,0.8265524625267666,0.05020491803278693,0.1803278688524591,0.16974043715846987,0.1535346174364023,0.15845364405200835,0.47613847412206206,147,0.4523076923076923,325,0.0622358816749904,0.9377641183250096,0.7347111108303207,0.75,2928
scene,MLC_PA_Logistic,0.30,4,0.11122661122661123,0.5114345114345115,0.026393754188994745,321,0.8887733887733887,2565,0.4131147540983607,126,305,0.09539154539154537,0.9379764379764379,0.7210672210672211,0.737006237006237,0.8128232872959485,0.8093716719914803,0.043659043659043606,0.14726264726264726,0.14102564102564108,0.1359444026583263,0.13910140172121,0.5213580246913581,126,0.3925233644859813,321,0.06978557504873294,0.930214424951267,0.7150771843373813,0.7258805513016845,2886
scene,MLC_PA_Logistic,0.30,5,0.1191961191961192,0.5571725571725572,0.021812235939739,344,0.8808038808038808,2542,0.4581818181818182,126,275,0.08738738738738738,0.9483714483714484,0.7726957726957726,0.7844767844767846,0.8466153497270666,0.8443051201671892,0.04365904365904372,0.16285516285516277,0.1555786555786557,0.1370800882657951,0.13905324449730705,0.548579274780436,126,0.36627906976744184,344,0.05861526357199056,0.9413847364280095,0.750944904618352,0.7697063369397218,2886
scene,MLC_PA_Logistic,0.35,1,0.08455114822546973,0.42379958246346555,0.02297466372388421,243,0.9154488517745303,2631,0.34532374100719426,96,278,0.09291927627000694,0.9366736256089074,0.7240779401530968,0.7407794015309672,0.8112781025839607,0.8096234309623431,0.03340292275574108,0.10855949895615868,0.10368823938761296,0.09818472294120606,0.10102804312167224,0.609221848110737,96,0.3950617283950617,243,0.06917521854808058,0.9308247814519194,0.7427175665215637,0.7506849315068493,2874
scene,MLC_PA_Logistic,0.35,2,0.07182705718270571,0.3682008368200837,0.018241874290723627,206,0.9281729428172942,2662,0.29699248120300753,79,266,0.09034170153417016,0.9347977684797768,0.7235006973500697,0.7395397489539749,0.8093113907502466,0.8041884816753927,0.027545327754532778,0.09762900976290101,0.09588563458856347,0.08562687684868386,0.08716720507964804,0.5700699018591807,79,0.38349514563106796,206,0.07024793388429752,0.9297520661157025,0.7375858835761675,0.749665327978581,2868
scene,MLC_PA_Logistic,0.35,3,0.07991803278688525,0.41598360655737704,0.021757297205718343,234,0.9200819672131147,2694,0.34627831715210355,107,309,0.0969603825136612,0.9310109289617486,0.6810109289617486,0.6943306010928962,0.7840014084307527,0.7818574514038877,0.03654371584699456,0.12465846994535523,0.11680327868852469,0.11024800508516475,0.11375863292912947,0.5035078756917837,107,0.45726495726495725,234,0.07498144023756496,0.9250185597624351,0.7075256045296067,0.7162921348314607,2928
scene,MLC_PA_Logistic,0.35,4,0.08489258489258489,0.41372141372141374,0.026393754188994745,245,0.9151074151074151,2641,0.32459016393442625,99,305,0.10109147609147609,0.9286209286209286,0.6826056826056827,0.6988911988911988,0.7826161088759139,0.7780172413793104,0.03430353430353428,0.10880110880110883,0.10291060291060283,0.10573722423829168,0.10774697110904008,0.4903133816907613,99,0.40408163265306124,245,0.07800075728890572,0.9219992427110942,0.7133365049760975,0.7154696132596685,2886
scene,MLC_PA_Logistic,0.35,5,0.08142758142758143,0.4074844074844075,0.021812235939739,235,0.9185724185724186,2651,0.3490909090909091,96,275,0.09052321552321552,0.9379764379764379,0.731115731115731,0.7442827442827443,0.8140292730975914,0.8109820485744457,0.033264033264033266,0.12127512127512119,0.11538461538461542,0.10449401163631988,0.10573017290456355,0.4850912778904666,96,0.4085106382978723,235,0.06752168992832894,0.932478310071671,0.747975814032024,0.7577807848443843,2886
scene,MLC_PA_Logistic,0.40,1,0.054627696590118305,0.2839248434237996,0.02297466372388421,157,0.9453723034098817,2717,0.22661870503597123,63,278,0.0966597077244259,0.9251913709116214,0.6812804453723035,0.6990257480862909,0.776126811499411,0.7729672650475184,0.02192066805845505,0.06576200417536537,0.06193458594293666,0.06303343185665633,0.06437187720684756,0.5092616959064328,63,0.4012738853503185,157,0.07913139492086861,0.9208686050791314,0.7285608505551071,0.7329192546583851,2874
scene,MLC_PA_Logistic,0.40,2,0.04358437935843794,0.2405857740585774,0.018241874290723627,125,0.956415620641562,2743,0.20676691729323307,55,266,0.09100418410041841,0.9264295676429568,0.6963040446304044,0.7137377963737795,0.7846601363695878,0.7790575916230367,0.019177126917712783,0.0704323570432357,0.07008368200836812,0.060975622468025015,0.06203631502729201,0.4689236343329924,55,0.44,125,0.07692307692307693,0.9230769230769231,0.7373665647005937,0.7429963459196103,2868
scene,MLC_PA_Logistic,0.40,3,0.05430327868852459,0.2930327868852459,0.021757297205718343,159,0.9456967213114754,2769,0.2686084142394822,83,309,0.09890710382513662,0.9228142076502732,0.6564207650273224,0.6711065573770492,0.7601674646450164,0.7564655172413793,0.028346994535519143,0.10006830601092898,0.09357923497267762,0.08641406129942841,0.08836669876662107,0.4511917494270435,83,0.5220125786163522,159,0.0816179126038281,0.9183820873961719,0.7060880779962052,0.7087628865979382,2928
scene,MLC_PA_Logistic,0.40,4,0.05474705474705475,0.2806652806652807,0.026393754188994745,158,0.9452529452529452,2728,0.21639344262295082,66,305,0.10471240471240473,0.9171864171864172,0.6410256410256411,0.658004158004158,0.7459192855216635,0.740499457111835,0.022869022869022926,0.06722106722106724,0.06202356202356207,0.06904040088404129,0.07022918684156465,0.5047039948355738,66,0.4177215189873418,158,0.08760997067448681,0.9123900293255132,0.6983271773460916,0.697084917617237,2886
scene,MLC_PA_Logistic,0.40,5,0.05162855162855163,0.2765072765072765,0.021812235939739,149,0.9483714483714484,2737,0.2545454545454545,70,275,0.09168399168399169,0.928967428967429,0.6950796950796951,0.7117117117117118,0.7870985552276668,0.783068783068783,0.02425502425502435,0.0852390852390853,0.08281358281358286,0.07756329376639526,0.0778169073989009,0.4874127804274863,70,0.4697986577181208,149,0.07489952502740227,0.9251004749725977,0.7424613906497964,0.7459727385377943,2886
scene,MLC_PA_Logistic,0.50,1,0.0,0.0,0.02297466372388421,0,1.0,2874,0.0,0,278,0.09672929714683368,0.9032707028531664,0.6155184411969381,0.6370911621433543,0.7130933796427547,0.7085953878406709,0.0,0.0,0.0,0.0,0.0,,0,,0,0.09672929714683368,0.9032707028531664,0.7130933796427547,0.7085953878406709,2874
scene,MLC_PA_Logistic,0.50,2,0.0,0.0,0.018241874290723627,0,1.0,2868,0.0,0,266,0.09274755927475593,0.907252440725244,0.6258716875871687,0.6436541143654114,0.7236845139015627,0.7170212765957447,0.0,0.0,0.0,0.0,0.0,,0,,0,0.09274755927475593,0.907252440725244,0.7236845139015627,0.7170212765957447,2868
scene,MLC_PA_Logistic,0.50,3,0.0,0.0,0.021757297205718343,0,1.0,2928,0.0,0,309,0.10553278688524591,0.8944672131147541,0.5563524590163934,0.5775273224043715,0.673753403345588,0.6680988184747583,0.0,0.0,0.0,0.0,0.0,,0,,0,0.10553278688524591,0.8944672131147541,0.673753403345588,0.6680988184747583,2928
scene,MLC_PA_Logistic,0.50,4,0.0,0.0,0.026393754188994745,0,1.0,2886,0.0,0,305,0.10568260568260568,0.8943173943173943,0.5738045738045738,0.5959805959805959,0.6768788846376222,0.6702702702702703,0.0,0.0,0.0,0.0,0.0,,0,,0,0.10568260568260568,0.8943173943173943,0.6768788846376222,0.6702702702702703,2886
scene,MLC_PA_Logistic,0.50,5,0.0,0.0,0.021812235939739,0,1.0,2886,0.0,0,275,0.09528759528759528,0.9047124047124047,0.6098406098406098,0.6288981288981289,0.7095352614612715,0.7052518756698821,0.0,0.0,0.0,0.0,0.0,,0,,0,0.09528759528759528,0.9047124047124047,0.7095352614612715,0.7052518756698821,2886
scene,GSI_MLC_PA_Logistic,0.20,1,0.3977035490605428,0.9373695198329853,0.020974837931636292,1143,0.6022964509394572,1731,0.8773946360153256,229,261,0.09067501739735559,0.988865692414753,0.9519832985386222,0.9547668754349339,0.965002027745563,0.9686274509803922,0.0796798886569241,0.3006263048016702,0.28740431454418935,0.23488125738083465,0.24249943419130504,0.6321150973839461,229,0.20034995625546806,1143,0.01848642403235124,0.9815135759676488,0.8575029549641981,0.9075144508670521,2874
scene,GSI_MLC_PA_Logistic,0.20,2,0.40794979079497906,0.9372384937238494,0.017056957988370487,1170,0.5920502092050209,1698,0.9186046511627907,237,258,0.08891213389121339,0.9926778242677824,0.9686192468619247,0.9728033472803347,0.979780810504236,0.979631425800194,0.08263598326359833,0.3141562064156207,0.30299860529986045,0.2505241100356731,0.2552724514412197,0.5275773273080511,237,0.20256410256410257,1170,0.012367491166077738,0.9876325088339223,0.7955815218532879,0.9311475409836065,2868
scene,GSI_MLC_PA_Logistic,0.20,3,0.48941256830601093,0.9631147540983607,0.020308765055560053,1433,0.5105874316939891,1495,0.9119718309859155,259,284,0.10642076502732241,0.9914617486338798,0.9610655737704918,0.9644808743169399,0.9752690445872103,0.9755142017629774,0.08845628415300555,0.3500683060109291,0.3415300546448087,0.27241023735728076,0.27958272424691744,0.6262529063431991,259,0.1807397069085834,1433,0.016722408026755852,0.9832775919732442,0.858614165065778,0.9034749034749034,2928
scene,GSI_MLC_PA_Logistic,0.20,4,0.40055440055440056,0.9293139293139293,0.022839273014812273,1156,0.5994455994455995,1730,0.8450704225352113,240,284,0.09535689535689536,0.9847539847539848,0.9417879417879418,0.9487179487179488,0.9560495863483939,0.9575289575289575,0.08316008316008316,0.3212058212058212,0.3153153153153153,0.2565702986212428,0.26555498789772103,0.49481618975546016,240,0.20761245674740483,1156,0.025433526011560695,0.9745664739884393,0.7478401870066157,0.8921568627450981,2886
scene,GSI_MLC_PA_Logistic,0.20,5,0.402979902979903,0.9085239085239085,0.017843307070792073,1163,0.5970200970200971,1723,0.8429752066115702,204,242,0.09376299376299377,0.9868329868329868,0.9532224532224532,0.9611919611919613,0.9646748775226438,0.963531669865643,0.07068607068607069,0.29002079002079006,0.2830907830907833,0.21999137074927633,0.2220786784126515,0.5085941617015063,204,0.17540842648323302,1163,0.022054556006964595,0.9779454439930354,0.8750046485232207,0.910377358490566,2886
scene,GSI_MLC_PA_Logistic,0.25,1,0.3977035490605428,0.9373695198329853,0.020974837931636292,1143,0.6022964509394572,1731,0.8773946360153256,229,261,0.11056019485038274,0.988865692414753,0.9519832985386222,0.9547668754349339,0.965002027745563,0.9686274509803922,0.0796798886569241,0.3006263048016702,0.28740431454418935,0.23488125738083465,0.24249943419130504,0.6321150973839461,229,0.20034995625546806,1143,0.01848642403235124,0.9815135759676488,0.8575029549641981,0.9075144508670521,2874
scene,GSI_MLC_PA_Logistic,0.25,2,0.40794979079497906,0.9372384937238494,0.017056957988370487,1170,0.5920502092050209,1698,0.9186046511627907,237,258,0.10930962343096234,0.9926778242677824,0.9686192468619247,0.9728033472803347,0.979780810504236,0.979631425800194,0.08263598326359833,0.3141562064156207,0.30299860529986045,0.2505241100356731,0.2552724514412197,0.5275773273080511,237,0.20256410256410257,1170,0.012367491166077738,0.9876325088339223,0.7955815218532879,0.9311475409836065,2868
scene,GSI_MLC_PA_Logistic,0.25,3,0.48941256830601093,0.9631147540983607,0.020308765055560053,1433,0.5105874316939891,1495,0.9119718309859155,259,284,0.13089139344262296,0.9914617486338798,0.9610655737704918,0.9644808743169399,0.9752690445872103,0.9755142017629774,0.08845628415300555,0.3500683060109291,0.3415300546448087,0.27241023735728076,0.27958272424691744,0.6262529063431991,259,0.1807397069085834,1433,0.016722408026755852,0.9832775919732442,0.858614165065778,0.9034749034749034,2928
scene,GSI_MLC_PA_Logistic,0.25,4,0.40055440055440056,0.9293139293139293,0.022839273014812273,1156,0.5994455994455995,1730,0.8450704225352113,240,284,0.11538461538461539,0.9847539847539848,0.9417879417879418,0.9487179487179488,0.9560495863483939,0.9575289575289575,0.08316008316008316,0.3212058212058212,0.3153153153153153,0.2565702986212428,0.26555498789772103,0.49481618975546016,240,0.20761245674740483,1156,0.025433526011560695,0.9745664739884393,0.7478401870066157,0.8921568627450981,2886
scene,GSI_MLC_PA_Logistic,0.25,5,0.402979902979903,0.9085239085239085,0.017843307070792073,1163,0.5970200970200971,1723,0.8429752066115702,204,242,0.1139119889119889,0.9868329868329868,0.9532224532224532,0.9611919611919613,0.9646748775226438,0.963531669865643,0.07068607068607069,0.29002079002079006,0.2830907830907833,0.21999137074927633,0.2220786784126515,0.5085941617015063,204,0.17540842648323302,1163,0.022054556006964595,0.9779454439930354,0.8750046485232207,0.910377358490566,2886
scene,GSI_MLC_PA_Logistic,0.30,1,0.3977035490605428,0.9373695198329853,0.020974837931636292,1143,0.6022964509394572,1731,0.8773946360153256,229,261,0.13044537230340988,0.988865692414753,0.9519832985386222,0.9547668754349339,0.965002027745563,0.9686274509803922,0.0796798886569241,0.3006263048016702,0.28740431454418935,0.23488125738083465,0.24249943419130504,0.6321150973839461,229,0.20034995625546806,1143,0.01848642403235124,0.9815135759676488,0.8575029549641981,0.9075144508670521,2874
scene,GSI_MLC_PA_Logistic,0.30,2,0.40794979079497906,0.9372384937238494,0.017056957988370487,1170,0.5920502092050209,1698,0.9186046511627907,237,258,0.1297071129707113,0.9926778242677824,0.9686192468619247,0.9728033472803347,0.979780810504236,0.979631425800194,0.08263598326359833,0.3141562064156207,0.30299860529986045,0.2505241100356731,0.2552724514412197,0.5275773273080511,237,0.20256410256410257,1170,0.012367491166077738,0.9876325088339223,0.7955815218532879,0.9311475409836065,2868
scene,GSI_MLC_PA_Logistic,0.30,3,0.48941256830601093,0.9631147540983607,0.020308765055560053,1433,0.5105874316939891,1495,0.9119718309859155,259,284,0.1553620218579235,0.9914617486338798,0.9610655737704918,0.9644808743169399,0.9752690445872103,0.9755142017629774,0.08845628415300555,0.3500683060109291,0.3415300546448087,0.27241023735728076,0.27958272424691744,0.6262529063431991,259,0.1807397069085834,1433,0.016722408026755852,0.9832775919732442,0.858614165065778,0.9034749034749034,2928
scene,GSI_MLC_PA_Logistic,0.30,4,0.40055440055440056,0.9293139293139293,0.022839273014812273,1156,0.5994455994455995,1730,0.8450704225352113,240,284,0.1354123354123354,0.9847539847539848,0.9417879417879418,0.9487179487179488,0.9560495863483939,0.9575289575289575,0.08316008316008316,0.3212058212058212,0.3153153153153153,0.2565702986212428,0.26555498789772103,0.49481618975546016,240,0.20761245674740483,1156,0.025433526011560695,0.9745664739884393,0.7478401870066157,0.8921568627450981,2886
scene,GSI_MLC_PA_Logistic,0.30,5,0.402979902979903,0.9085239085239085,0.017843307070792073,1163,0.5970200970200971,1723,0.8429752066115702,204,242,0.13406098406098405,0.9868329868329868,0.9532224532224532,0.9611919611919613,0.9646748775226438,0.963531669865643,0.07068607068607069,0.29002079002079006,0.2830907830907833,0.21999137074927633,0.2220786784126515,0.5085941617015063,204,0.17540842648323302,1163,0.022054556006964595,0.9779454439930354,0.8750046485232207,0.910377358490566,2886
scene,GSI_MLC_PA_Logistic,0.35,1,0.3977035490605428,0.9373695198329853,0.020974837931636292,1143,0.6022964509394572,1731,0.8773946360153256,229,261,0.150330549756437,0.988865692414753,0.9519832985386222,0.9547668754349339,0.965002027745563,0.9686274509803922,0.0796798886569241,0.3006263048016702,0.28740431454418935,0.23488125738083465,0.24249943419130504,0.6321150973839461,229,0.20034995625546806,1143,0.01848642403235124,0.9815135759676488,0.8575029549641981,0.9075144508670521,2874
scene,GSI_MLC_PA_Logistic,0.35,2,0.40794979079497906,0.9372384937238494,0.017056957988370487,1170,0.5920502092050209,1698,0.9186046511627907,237,258,0.1501046025104602,0.9926778242677824,0.9686192468619247,0.9728033472803347,0.979780810504236,0.979631425800194,0.08263598326359833,0.3141562064156207,0.30299860529986045,0.2505241100356731,0.2552724514412197,0.5275773273080511,237,0.20256410256410257,1170,0.012367491166077738,0.9876325088339223,0.7955815218532879,0.9311475409836065,2868
scene,GSI_MLC_PA_Logistic,0.35,3,0.48941256830601093,0.9631147540983607,0.020308765055560053,1433,0.5105874316939891,1495,0.9119718309859155,259,284,0.17983265027322404,0.9914617486338798,0.9610655737704918,0.9644808743169399,0.9752690445872103,0.9755142017629774,0.08845628415300555,0.3500683060109291,0.3415300546448087,0.27241023735728076,0.27958272424691744,0.6262529063431991,259,0.1807397069085834,1433,0.016722408026755852,0.9832775919732442,0.858614165065778,0.9034749034749034,2928
scene,GSI_MLC_PA_Logistic,0.35,4,0.40055440055440056,0.9293139293139293,0.022839273014812273,1156,0.5994455994455995,1730,0.8450704225352113,240,284,0.1554400554400554,0.9847539847539848,0.9417879417879418,0.9487179487179488,0.9560495863483939,0.9575289575289575,0.08316008316008316,0.3212058212058212,0.3153153153153153,0.2565702986212428,0.26555498789772103,0.49481618975546016,240,0.20761245674740483,1156,0.025433526011560695,0.9745664739884393,0.7478401870066157,0.8921568627450981,2886
scene,GSI_MLC_PA_Logistic,0.35,5,0.402979902979903,0.9085239085239085,0.017843307070792073,1163,0.5970200970200971,1723,0.8429752066115702,204,242,0.1542099792099792,0.9868329868329868,0.9532224532224532,0.9611919611919613,0.9646748775226438,0.963531669865643,0.07068607068607069,0.29002079002079006,0.2830907830907833,0.21999137074927633,0.2220786784126515,0.5085941617015063,204,0.17540842648323302,1163,0.022054556006964595,0.9779454439930354,0.8750046485232207,0.910377358490566,2886
scene,GSI_MLC_PA_Logistic,0.40,1,0.3977035490605428,0.9373695198329853,0.020974837931636292,1143,0.6022964509394572,1731,0.8773946360153256,229,261,0.17021572720946415,0.988865692414753,0.9519832985386222,0.9547668754349339,0.965002027745563,0.9686274509803922,0.0796798886569241,0.3006263048016702,0.28740431454418935,0.23488125738083465,0.24249943419130504,0.6321150973839461,229,0.20034995625546806,1143,0.01848642403235124,0.9815135759676488,0.8575029549641981,0.9075144508670521,2874
scene,GSI_MLC_PA_Logistic,0.40,2,0.40794979079497906,0.9372384937238494,0.017056957988370487,1170,0.5920502092050209,1698,0.9186046511627907,237,258,0.17050209205020925,0.9926778242677824,0.9686192468619247,0.9728033472803347,0.979780810504236,0.979631425800194,0.08263598326359833,0.3141562064156207,0.30299860529986045,0.2505241100356731,0.2552724514412197,0.5275773273080511,237,0.20256410256410257,1170,0.012367491166077738,0.9876325088339223,0.7955815218532879,0.9311475409836065,2868
scene,GSI_MLC_PA_Logistic,0.40,3,0.48941256830601093,0.9631147540983607,0.020308765055560053,1433,0.5105874316939891,1495,0.9119718309859155,259,284,0.2043032786885246,0.9914617486338798,0.9610655737704918,0.9644808743169399,0.9752690445872103,0.9755142017629774,0.08845628415300555,0.3500683060109291,0.3415300546448087,0.27241023735728076,0.27958272424691744,0.6262529063431991,259,0.1807397069085834,1433,0.016722408026755852,0.9832775919732442,0.858614165065778,0.9034749034749034,2928
scene,GSI_MLC_PA_Logistic,0.40,4,0.40055440055440056,0.9293139293139293,0.022839273014812273,1156,0.5994455994455995,1730,0.8450704225352113,240,284,0.1754677754677755,0.9847539847539848,0.9417879417879418,0.9487179487179488,0.9560495863483939,0.9575289575289575,0.08316008316008316,0.3212058212058212,0.3153153153153153,0.2565702986212428,0.26555498789772103,0.49481618975546016,240,0.20761245674740483,1156,0.025433526011560695,0.9745664739884393,0.7478401870066157,0.8921568627450981,2886
scene,GSI_MLC_PA_Logistic,0.40,5,0.402979902979903,0.9085239085239085,0.017843307070792073,1163,0.5970200970200971,1723,0.8429752066115702,204,242,0.17435897435897438,0.9868329868329868,0.9532224532224532,0.9611919611919613,0.9646748775226438,0.963531669865643,0.07068607068607069,0.29002079002079006,0.2830907830907833,0.21999137074927633,0.2220786784126515,0.5085941617015063,204,0.17540842648323302,1163,0.022054556006964595,0.9779454439930354,0.8750046485232207,0.910377358490566,2886
scene,GSI_MLC_PA_Logistic,0.50,1,0.3977035490605428,0.9373695198329853,0.020974837931636292,1143,0.6022964509394572,1731,0.8773946360153256,229,261,0.20998608211551845,0.988865692414753,0.9519832985386222,0.9547668754349339,0.965002027745563,0.9686274509803922,0.0796798886569241,0.3006263048016702,0.28740431454418935,0.23488125738083465,0.24249943419130504,0.6321150973839461,229,0.20034995625546806,1143,0.01848642403235124,0.9815135759676488,0.8575029549641981,0.9075144508670521,2874
scene,GSI_MLC_PA_Logistic,0.50,2,0.29253835425383545,0.8828451882845189,0.017056957988370487,839,0.7074616457461645,2029,0.5930232558139535,153,258,0.2812064156206416,0.8650627615062761,0.6039051603905161,0.7300557880055788,0.8779587737984783,0.7237687366167024,-0.044979079497907914,-0.050557880055787874,0.06025104602510456,0.14870207332991536,-0.0005902377422719596,0.5394219066937119,153,0.18235995232419547,839,0.19073435189748644,0.8092656481025136,0.7337431652780891,0.5556831228473019,2868
scene,GSI_MLC_PA_Logistic,0.50,3,0.375,0.930327868852459,0.020308765055560053,1098,0.625,1830,0.6373239436619719,181,284,0.32479508196721313,0.8627049180327868,0.5925546448087432,0.7195355191256829,0.8720355511483456,0.7136752136752137,-0.04030054644808745,-0.018442622950819554,0.09658469945355175,0.16917674391841608,0.0177437361591537,0.6502376648270288,181,0.16484517304189436,1098,0.21967213114754097,0.7803278688524591,0.7783129449796117,0.5109489051094891,2928
scene,GSI_MLC_PA_Logistic,0.50,4,0.27997227997227997,0.8586278586278586,0.022839273014812273,808,0.72002772002772,2078,0.573943661971831,163,284,0.2841302841302841,0.8558558558558559,0.5807345807345807,0.7078309078309076,0.851598148452363,0.7049645390070922,-0.04573804573804574,-0.03984753984753986,0.07442827442827415,0.15211886072521197,0.012990569375855743,0.4859949965688276,163,0.20173267326732675,808,0.20019249278152068,0.7998075072184794,0.8084977833784978,0.5814889336016097,2886
scene,GSI_MLC_PA_Logistic,0.50,5,0.402979902979903,0.9085239085239085,0.017843307070792073,1163,0.5970200970200971,1723,0.8429752066115702,204,242,0.21465696465696466,0.9868329868329868,0.9532224532224532,0.9611919611919613,0.9646748775226438,0.963531669865643,0.07068607068607069,0.29002079002079006,0.2830907830907833,0.21999137074927633,0.2220786784126515,0.5085941617015063,204,0.17540842648323302,1163,0.022054556006964595,0.9779454439930354,0.8750046485232207,0.910377358490566,2886
yeast,MLC_PA_Logistic,0.20,1,0.42739322533136964,0.9896907216494846,0.09668849678122457,2902,0.5726067746686303,3888,0.6886314265025344,951,1381,0.14880706921944037,0.9366715758468336,0.8171101292750776,0.8723167421593901,0.7174679220327332,0.889118102114492,0.1400589101620029,0.32505236458844694,0.2707414903779528,0.35750160480468934,0.2604544828620048,0.396722842453202,951,0.3277050310130944,2902,0.11059670781893004,0.88940329218107,0.3327227536411121,0.660347551342812,6790
yeast,MLC_PA_Logistic,0.20,2,0.4207658321060383,0.9896907216494846,0.09840471072938678,2857,0.5792341678939618,3933,0.6809905316824472,935,1373,0.148659793814433,0.9354933726067747,0.8058877434135167,0.8632495797444251,0.6920826330673027,0.8864107883817427,0.13770250368188508,0.2998870888561611,0.24806402074443312,0.3142760871573058,0.24935025441399228,0.4002798253349442,935,0.3272663633181659,2857,0.11136536994660565,0.8886346300533944,0.3495185728506928,0.6711711711711712,6790
yeast,MLC_PA_Logistic,0.20,3,0.4098924088463837,0.9874476987447699,0.09638980024228028,2743,0.5901075911536162,3949,0.6636771300448431,888,1338,0.14922295277943812,0.9327555289898386,0.805338878926745,0.8625819035614752,0.6841371172235725,0.8821989528795812,0.13269575612671847,0.2960948396094839,0.245469262599462,0.3051217125397157,0.2388087609819266,0.4442270732131925,888,0.32373313889901567,2743,0.1139528994682198,0.8860471005317802,0.32578877032427694,0.6710526315789473,6692
yeast,MLC_PA_Logistic,0.20,4,0.4010077059869591,0.9896265560165975,0.1011276320689305,2706,0.5989922940130409,4042,0.6547445255474452,897,1370,0.1502963841138115,0.9299051570835803,0.7952551597779814,0.8550293128530735,0.6879124717029509,0.8768549856808123,0.1329282750444576,0.2957117110644082,0.24703469681903845,0.31504893634881137,0.24414721088188474,0.41154301749675276,897,0.33148558758314856,2706,0.11702127659574468,0.8829787234042553,0.3263886781887872,0.6726643598615917,6748
yeast,MLC_PA_Logistic,0.20,5,0.4251980052801408,0.9835728952772074,0.09905467013700371,2899,0.5748019947198592,3919,0.691970802919708,948,1370,0.1469345849222646,0.9381050161337636,0.8147020957595905,0.8735699714625468,0.7034277369283066,0.8899895724713243,0.13904370783220887,0.3219541409993154,0.26929568084328703,0.31932290611299396,0.2564957254943312,0.44194870615135595,948,0.3270093135563988,2899,0.10768053074763971,0.8923194692523603,0.3521032113348725,0.6793313069908815,6818
yeast,MLC_PA_Logistic,0.25,1,0.3341678939617084,0.9587628865979382,0.09668849678122457,2269,0.6658321060382916,4521,0.5887038377986966,813,1381,0.1671944035346097,0.9163475699558173,0.7597324496809033,0.8285273031664786,0.6491612245600435,0.8513867085295657,0.11973490427098665,0.26767468499427255,0.22695205138504126,0.28919490733199965,0.2227230892770784,0.3924435052881716,813,0.35830762450418685,2269,0.12563592125635922,0.8743640787436407,0.3552845885938289,0.6712962962962963,6790
yeast,MLC_PA_Logistic,0.25,2,0.32665684830633285,0.9690721649484536,0.09840471072938678,2218,0.6733431516936672,4572,0.5775673707210488,793,1373,0.1670839469808542,0.914580265095729,0.7469579446899035,0.8191799380459175,0.6361655910163913,0.8480083857442348,0.11678939617083939,0.24095729013254796,0.20399437904592554,0.2583590451063944,0.21094785177648434,0.4349884174194152,793,0.3575293056807935,2218,0.1268591426071741,0.8731408573928259,0.35932769828341676,0.6799116997792495,6790
yeast,MLC_PA_Logistic,0.25,3,0.31081888822474596,0.9686192468619247,0.09638980024228028,2080,0.689181111775254,4612,0.5575485799701047,746,1338,0.1661685594739988,0.9115361625821877,0.7536619180447632,0.8217730668844377,0.624329504908836,0.8442105263157895,0.11147638971906759,0.2444178787275021,0.2046604259224245,0.24531410022497918,0.20082033441813496,0.46020767456932893,746,0.35865384615384616,2080,0.12836079791847355,0.8716392020815265,0.3535789840423021,0.6786102062975027,6692
yeast,MLC_PA_Logistic,0.25,4,0.30809128630705396,0.966804979253112,0.1011276320689305,2079,0.691908713692946,4669,0.527007299270073,722,1370,0.17305127445168939,0.9039715471250741,0.7261606132456755,0.8022189950012619,0.6106992318792477,0.8293838862559242,0.10699466508595135,0.22661716453210223,0.19422437896722688,0.23783569652510816,0.1966761114569966,0.4691472816103875,722,0.3472823472823473,2079,0.13878774898265153,0.8612122510173484,0.3391153859406543,0.6596638655462185,6748
yeast,MLC_PA_Logistic,0.25,5,0.33176884716925786,0.9609856262833676,0.09905467013700371,2262,0.6682311528307422,4556,0.5722627737226277,784,1370,0.1688911704312115,0.9140510413611029,0.7455640298556111,0.8186972735227356,0.6319153672648855,0.8448093220338984,0.11498973305954818,0.252816075095336,0.21442298290347583,0.24781053644957285,0.2113154750569053,0.47465944447041925,784,0.34659593280282935,2262,0.1286215978928885,0.8713784021071115,0.3619786225283878,0.6722595078299777,6818
yeast,MLC_PA_Logistic,0.30,1,0.2564064801178203,0.931958762886598,0.09668849678122457,1741,0.7435935198821797,5049,0.4945691527878349,683,1381,0.17972017673048601,0.8972017673048601,0.7081688757977418,0.7866744481177472,0.596320355631054,0.8146574614976102,0.10058910162002943,0.2161111111111111,0.1850991963363099,0.2363540384030101,0.18599384224512294,0.38614720340363246,683,0.392303273980471,1741,0.13824519706872648,0.8617548029312735,0.3627737231847003,0.6741363211951448,6790
yeast,MLC_PA_Logistic,0.30,2,0.24742268041237114,0.9484536082474226,0.09840471072938678,1680,0.7525773195876289,5110,0.46613255644573925,640,1373,0.18217967599410897,0.8920471281296023,0.6959687448862707,0.7766975979347113,0.5796629272851762,0.8069528575190941,0.0942562592047127,0.18996809032891515,0.16151203893471933,0.20185638137517936,0.16989232355134365,0.4375344622049426,640,0.38095238095238093,1680,0.14344422700587084,0.8565557729941291,0.36336572849941845,0.6723290120697363,6790
yeast,MLC_PA_Logistic,0.30,3,0.23102211595935446,0.9309623430962343,0.09638980024228028,1546,0.7689778840406456,5146,0.4499252615844544,602,1338,0.17928870292887025,0.8900179318589361,0.6986418277213257,0.7794928456016322,0.5646583433407247,0.8048780487804879,0.08995815899581594,0.18939778840406452,0.162380204639619,0.18564293865686793,0.1614878568828333,0.4794601337446313,602,0.38939197930142305,1546,0.14302370773416245,0.8569762922658375,0.354317667773823,0.6805555555555556,6692
yeast,MLC_PA_Logistic,0.30,4,0.23029045643153526,0.9356846473029046,0.1011276320689305,1554,0.7697095435684648,5194,0.41605839416058393,570,1370,0.18764078245406046,0.8814463544754001,0.6731424350200284,0.7592946363885947,0.5526082830750637,0.7875730217737653,0.08446947243627734,0.1735989863064551,0.1513000203545597,0.1797447477209242,0.15486524697483772,0.45298166194550965,570,0.3667953667953668,1554,0.15402387370042356,0.8459761262995764,0.35113358037153825,0.6530789245446661,6748
yeast,MLC_PA_Logistic,0.30,5,0.2534467585802288,0.946611909650924,0.09905467013700371,1728,0.7465532414197712,5090,0.481021897810219,659,1370,0.1803168084482253,0.8957172191258433,0.6988290798865747,0.782648437576569,0.5896850168449185,0.8111553784860558,0.0966559108242886,0.2060811251262996,0.17837414695730924,0.20558018602960582,0.17766153150906272,0.5165332851134219,659,0.38136574074074076,1728,0.13968565815324166,0.8603143418467584,0.360877982516298,0.6821636119803308,6818
yeast,MLC_PA_Logistic,0.35,1,0.18321060382916052,0.8865979381443299,0.09668849678122457,1244,0.8167893961708395,5546,0.3787110789283128,523,1381,0.1904860088365243,0.8736377025036819,0.6550458190148911,0.7434261614673986,0.5316338376386925,0.7708333333333334,0.0770250368188512,0.1629880543282604,0.14185090968596126,0.17166752041064864,0.1421697140808461,0.3902216136281798,523,0.4204180064308682,1244,0.1547060944825099,0.8452939055174901,0.3599065620433897,0.6679566563467493,6790
yeast,MLC_PA_Logistic,0.35,2,0.17761413843888071,0.8783505154639175,0.09840471072938678,1206,0.8223858615611193,5584,0.3452294246176256,474,1373,0.19456553755522826,0.86759941089838,0.6436049746359025,0.7346728986935173,0.5266346930511726,0.7624834874504623,0.0698085419734904,0.13760432007854695,0.11948733969352532,0.14882814714117576,0.12542295348271193,0.4535872887959798,474,0.39303482587064675,1206,0.16099570200573066,0.8390042979942693,0.35971295426355526,0.6593406593406593,6790
yeast,MLC_PA_Logistic,0.35,3,0.16826060968320383,0.8619246861924686,0.09638980024228028,1126,0.8317393903167962,5566,0.351270553064275,470,1338,0.18859832635983262,0.8702928870292888,0.6498480773062363,0.7396583541981032,0.5183290105197977,0.7681623931623932,0.07023311416616862,0.14060403798897514,0.12254571323608998,0.13931360583594093,0.12477220126473865,0.4857716349341557,470,0.41740674955595025,1126,0.15594681997844054,0.8440531800215595,0.3550200938073469,0.6731927710843374,6692
yeast,MLC_PA_Logistic,0.35,4,0.16790160047421457,0.8817427385892116,0.1011276320689305,1133,0.8320983995257855,5615,0.3167883211678832,434,1370,0.19747332542975696,0.8612922347362182,0.6311348517780053,0.7247855533125243,0.5033887169552658,0.7501334757074213,0.06431535269709543,0.13159140306443207,0.11679093727848922,0.13052518160112625,0.11742570090849369,0.46113273282695305,434,0.383053839364519,1133,0.16669634906500444,0.8333036509349956,0.35852286386417526,0.6483846731780616,6748
yeast,MLC_PA_Logistic,0.35,5,0.17879143443825168,0.8891170431211499,0.09905467013700371,1219,0.8212085655617483,5599,0.36934306569343067,506,1370,0.1893003813435025,0.8732766207098857,0.6443751833382224,0.7390494743677495,0.5340596471434518,0.7693539775760811,0.0742153124083309,0.1516272285779473,0.13477518374848974,0.14995481632813912,0.13586013059908808,0.5363450398243242,506,0.41509433962264153,1219,0.15431327022682623,0.8456867297731738,0.36920224045683925,0.6759189797449362,6818
yeast,MLC_PA_Logistic,0.40,1,0.12120765832106038,0.7793814432989691,0.09668849678122457,823,0.8787923416789396,5967,0.2664735698769008,368,1381,0.19767304860088367,0.8508100147275405,0.6049386352479137,0.7016104628475762,0.47336840487891657,0.7287817938420348,0.054197349042709786,0.11288087056128299,0.10003521106613888,0.11340208765087267,0.10011817458954753,0.40642403469677874,368,0.4471445929526124,823,0.1697670521199933,0.8302329478800067,0.3532988064030153,0.6567265333785157,6790
yeast,MLC_PA_Logistic,0.40,2,0.11060382916053019,0.7814432989690722,0.09840471072938678,751,0.8893961708394698,6039,0.22796795338674436,313,1373,0.20035346097201762,0.8438880706921944,0.5921886761577483,0.6932234546667536,0.472494921670004,0.7180851063829787,0.04609720176730481,0.08618802160039274,0.07803789566676167,0.09468837576000716,0.08102457241522831,0.5262842334229582,313,0.4167776298268975,751,0.1755257492962411,0.8244742507037589,0.3549061039949967,0.6508563899868248,6790
yeast,MLC_PA_Logistic,0.40,3,0.10968320382546325,0.7426778242677824,0.09638980024228028,734,0.8903167961745367,5958,0.2399103139013453,321,1338,0.19584578601315,0.8480274955170353,0.6019915985920169,0.7001639225488598,0.47488464643333383,0.7284379172229639,0.047967722653915135,0.09274755927475575,0.0830512815868466,0.09586924174947703,0.08504772532530935,0.5341064095829536,321,0.4373297002724796,734,0.17069486404833836,0.8293051359516617,0.36152444013173884,0.663801652892562,6692
yeast,MLC_PA_Logistic,0.40,4,0.11232957913455839,0.7697095435684648,0.1011276320689305,758,0.8876704208654416,5990,0.22992700729927007,315,1370,0.20127445168938943,0.8436573799644339,0.5940011406297713,0.6924848535783367,0.4599089065121074,0.717838994383525,0.04668049792531115,0.09445769191619802,0.08449023754430163,0.0870453711579679,0.08513121958459746,0.4743723538239334,315,0.4155672823218997,758,0.17612687813021702,0.823873121869783,0.362202312008113,0.6472751588097626,6748
yeast,MLC_PA_Logistic,0.40,5,0.11953652097389264,0.7782340862422998,0.09905467013700371,815,0.8804634790261073,6003,0.26277372262773724,360,1370,0.19595189205045468,0.8518627163391024,0.5958924089827581,0.6983249923701669,0.4798058309718859,0.7287862513426423,0.052801408037547626,0.10314445422248297,0.09405070175090713,0.09570100015657323,0.09529240436564923,0.47608687238162317,360,0.44171779141104295,815,0.16824920872896884,0.8317507912710311,0.3742332365243592,0.6633333333333333,6818
yeast,MLC_PA_Logistic,0.50,1,0.0,0.0,0.09668849678122457,0,1.0,6790,0.0,0,1381,0.20338733431516937,0.7966126656848307,0.4920577646866307,0.6015752517814373,0.3599663172280439,0.6286636192524873,0.0,0.0,0.0,0.0,0.0,,0,,0,0.20338733431516937,0.7966126656848307,0.3599663172280439,0.6286636192524873,6790
yeast,MLC_PA_Logistic,0.50,2,0.0,0.0,0.09840471072938678,0,1.0,6790,0.0,0,1373,0.20220913107511046,0.7977908689248896,0.5060006545573555,0.6151855589999919,0.37780654590999685,0.6370605339677504,0.0,0.0,0.0,0.0,0.0,,0,,0,0.20220913107511046,0.7977908689248896,0.37780654590999685,0.6370605339677504,6790
yeast,MLC_PA_Logistic,0.50,3,0.0,0.0,0.09638980024228028,0,1.0,6692,0.0,0,1338,0.19994022713687987,0.8000597728631201,0.5092440393172611,0.6171126409620132,0.3790154046838568,0.6433901918976546,0.0,0.0,0.0,0.0,0.0,,0,,0,0.19994022713687987,0.8000597728631201,0.3790154046838568,0.6433901918976546,6692
yeast,MLC_PA_Logistic,0.50,4,0.0,0.0,0.1011276320689305,0,1.0,6748,0.0,0,1370,0.2030231179608773,0.7969768820391228,0.49954344871357326,0.607994616034035,0.3728635353541395,0.6327077747989276,0.0,0.0,0.0,0.0,0.0,,0,,0,0.2030231179608773,0.7969768820391228,0.3728635353541395,0.6327077747989276,6748
yeast,MLC_PA_Logistic,0.50,5,0.0,0.0,0.09905467013700371,0,1.0,6818,0.0,0,1370,0.2009386916984453,0.7990613083015548,0.4927479547602751,0.6042742906192597,0.38410483081531266,0.6334938469769931,0.0,0.0,0.0,0.0,0.0,,0,,0,0.2009386916984453,0.7990613083015548,0.38410483081531266,0.6334938469769931,6818
yeast,GSI_MLC_PA_Logistic,0.20,1,0.8702503681885125,1.0,0.10568772765485399,5909,0.1297496318114875,881,0.9607293127629734,1370,1426,0.182739322533137,0.9913107511045656,0.9720733104238258,0.9829566787905174,0.9727440135027486,0.9855356705074774,0.20132547864506634,0.46872934053346416,0.3711510846137892,0.5889481694896717,0.3502415528604186,0.37590877364847675,1370,0.23184972076493485,5909,0.06696935300794551,0.9330306469920545,0.4235974551764025,0.7064676616915423,6790
yeast,GSI_MLC_PA_Logistic,0.20,2,0.8652430044182622,1.0,0.10986563625667438,5875,0.13475699558173784,915,0.9724381625441696,1376,1415,0.17952871870397644,0.993519882179676,0.9813917525773196,0.9892663808127726,0.9628524747185336,0.9892525647288715,0.2019145802650958,0.4774668630338734,0.37600314919902555,0.5764872718665313,0.35291229230532994,0.37671902285995057,1376,0.2342127659574468,5875,0.048087431693989074,0.9519125683060109,0.4235969072922501,0.7864077669902912,6790
yeast,GSI_MLC_PA_Logistic,0.20,3,0.8368200836820083,1.0,0.10898196883775516,5600,0.16317991631799164,1092,0.9497450837581938,1304,1373,0.1776748356246264,0.9896891811117753,0.9692543335325763,0.9817344287101855,0.9049667327954858,0.9831006612784717,0.19485953377166776,0.4558187221890151,0.3613682653523903,0.5209199377611392,0.34018778741631306,0.3614970861056537,1304,0.23285714285714285,5600,0.06318681318681318,0.9368131868131868,0.4460844581001356,0.7795527156549521,6692
yeast,GSI_MLC_PA_Logistic,0.20,4,0.8526970954356846,1.0,0.11431602701243448,5754,0.14730290456431536,994,0.9633544749823819,1367,1419,0.1783935981031417,0.9921458209839953,0.9721670618454851,0.9825628958409042,0.9648344012342841,0.9870447323392814,0.20243034973325436,0.4624979043547508,0.36551138024777274,0.5814504641073708,0.34912689615658166,0.35683267157201876,1367,0.2375738616614529,5754,0.05331991951710262,0.9466800804828974,0.4580878556323394,0.8498583569405099,6748
yeast,GSI_MLC_PA_Logistic,0.20,5,0.8841302434731593,1.0,0.10457053813789911,6028,0.11586975652684071,790,0.9671428571428572,1354,1400,0.18357289527720744,0.9932531534174245,0.9789796616798669,0.9877456789161102,0.9428134888156491,0.9887750122010737,0.19859196245233202,0.4765147811349042,0.37434149241130776,0.5674253219405581,0.352789572783497,0.35171058489140383,1354,0.22461844724618446,6028,0.05822784810126582,0.9417721518987342,0.4412376088400019,0.8391608391608392,6818
yeast,GSI_MLC_PA_Logistic,0.25,1,0.8702503681885125,1.0,0.10568772765485399,5909,0.1297496318114875,881,0.9607293127629734,1370,1426,0.2262518409425626,0.9913107511045656,0.9720733104238258,0.9829566787905174,0.9727440135027486,0.9855356705074774,0.20132547864506634,0.46872934053346416,0.3711510846137892,0.5889481694896717,0.3502415528604186,0.37590877364847675,1370,0.23184972076493485,5909,0.06696935300794551,0.9330306469920545,0.4235974551764025,0.7064676616915423,6790
yeast,GSI_MLC_PA_Logistic,0.25,2,0.8652430044182622,1.0,0.10986563625667438,5875,0.13475699558173784,915,0.9724381625441696,1376,1415,0.22279086892488956,0.993519882179676,0.9813917525773196,0.9892663808127726,0.9628524747185336,0.9892525647288715,0.2019145802650958,0.4774668630338734,0.37600314919902555,0.5764872718665313,0.35291229230532994,0.37671902285995057,1376,0.2342127659574468,5875,0.048087431693989074,0.9519125683060109,0.4235969072922501,0.7864077669902912,6790
yeast,GSI_MLC_PA_Logistic,0.25,3,0.8368200836820083,1.0,0.10898196883775516,5600,0.16317991631799164,1092,0.9497450837581938,1304,1373,0.21951583980872683,0.9896891811117753,0.9692543335325763,0.9817344287101855,0.9049667327954858,0.9831006612784717,0.19485953377166776,0.4558187221890151,0.3613682653523903,0.5209199377611392,0.34018778741631306,0.3614970861056537,1304,0.23285714285714285,5600,0.06318681318681318,0.9368131868131868,0.4460844581001356,0.7795527156549521,6692
yeast,GSI_MLC_PA_Logistic,0.25,4,0.8526970954356846,1.0,0.11431602701243448,5754,0.14730290456431536,994,0.9633544749823819,1367,1419,0.2210284528749259,0.9921458209839953,0.9721670618454851,0.9825628958409042,0.9648344012342841,0.9870447323392814,0.20243034973325436,0.4624979043547508,0.36551138024777274,0.5814504641073708,0.34912689615658166,0.35683267157201876,1367,0.2375738616614529,5754,0.05331991951710262,0.9466800804828974,0.4580878556323394,0.8498583569405099,6748
yeast,GSI_MLC_PA_Logistic,0.25,5,0.8841302434731593,1.0,0.10457053813789911,6028,0.11586975652684071,790,0.9671428571428572,1354,1400,0.22777940745086536,0.9932531534174245,0.9789796616798669,0.9877456789161102,0.9428134888156491,0.9887750122010737,0.19859196245233202,0.4765147811349042,0.37434149241130776,0.5674253219405581,0.352789572783497,0.35171058489140383,1354,0.22461844724618446,6028,0.05822784810126582,0.9417721518987342,0.4412376088400019,0.8391608391608392,6818
yeast,GSI_MLC_PA_Logistic,0.30,1,0.8702503681885125,1.0,0.10568772765485399,5909,0.1297496318114875,881,0.9607293127629734,1370,1426,0.26976435935198817,0.9913107511045656,0.9720733104238258,0.9829566787905174,0.9727440135027486,0.9855356705074774,0.20132547864506634,0.46872934053346416,0.3711510846137892,0.5889481694896717,0.3502415528604186,0.37590877364847675,1370,0.23184972076493485,5909,0.06696935300794551,0.9330306469920545,0.4235974551764025,0.7064676616915423,6790
yeast,GSI_MLC_PA_Logistic,0.30,2,0.8652430044182622,1.0,0.10986563625667438,5875,0.13475699558173784,915,0.9724381625441696,1376,1415,0.26605301914580265,0.993519882179676,0.9813917525773196,0.9892663808127726,0.9628524747185336,0.9892525647288715,0.2019145802650958,0.4774668630338734,0.37600314919902555,0.5764872718665313,0.35291229230532994,0.37671902285995057,1376,0.2342127659574468,5875,0.048087431693989074,0.9519125683060109,0.4235969072922501,0.7864077669902912,6790
yeast,GSI_MLC_PA_Logistic,0.30,3,0.8368200836820083,1.0,0.10898196883775516,5600,0.16317991631799164,1092,0.9497450837581938,1304,1373,0.26135684399282727,0.9896891811117753,0.9692543335325763,0.9817344287101855,0.9049667327954858,0.9831006612784717,0.19485953377166776,0.4558187221890151,0.3613682653523903,0.5209199377611392,0.34018778741631306,0.3614970861056537,1304,0.23285714285714285,5600,0.06318681318681318,0.9368131868131868,0.4460844581001356,0.7795527156549521,6692
yeast,GSI_MLC_PA_Logistic,0.30,4,0.8526970954356846,1.0,0.11431602701243448,5754,0.14730290456431536,994,0.9633544749823819,1367,1419,0.2636633076467101,0.9921458209839953,0.9721670618454851,0.9825628958409042,0.9648344012342841,0.9870447323392814,0.20243034973325436,0.4624979043547508,0.36551138024777274,0.5814504641073708,0.34912689615658166,0.35683267157201876,1367,0.2375738616614529,5754,0.05331991951710262,0.9466800804828974,0.4580878556323394,0.8498583569405099,6748
yeast,GSI_MLC_PA_Logistic,0.30,5,0.8841302434731593,1.0,0.10457053813789911,6028,0.11586975652684071,790,0.9671428571428572,1354,1400,0.2719859196245233,0.9932531534174245,0.9789796616798669,0.9877456789161102,0.9428134888156491,0.9887750122010737,0.19859196245233202,0.4765147811349042,0.37434149241130776,0.5674253219405581,0.352789572783497,0.35171058489140383,1354,0.22461844724618446,6028,0.05822784810126582,0.9417721518987342,0.4412376088400019,0.8391608391608392,6818
yeast,GSI_MLC_PA_Logistic,0.35,1,0.5936671575846834,1.0,0.10568772765485399,4031,0.40633284241531664,2759,0.5792426367461431,826,1426,0.3460751104565537,0.8617083946980855,0.6702569137620685,0.7854148832772242,0.8820638884671074,0.8111803740197064,0.07172312223858623,0.16691294387170685,0.173609289100496,0.4982680444540304,0.17588625637264765,0.26443296057773275,826,0.20491193252294715,4031,0.34034070315331644,0.6596592968466836,0.46342879633244605,0.7000958160332162,6790
yeast,GSI_MLC_PA_Logistic,0.35,2,0.585419734904271,1.0,0.10986563625667438,3975,0.41458026509572904,2815,0.6070671378091873,859,1415,0.3789764359351988,0.825920471281296,0.6174447717231223,0.7513006935329873,0.8358780911469853,0.7742551566080977,0.03431516936671575,0.11351988217967612,0.13803746191924027,0.44951288829498287,0.13791488418455622,0.31705789405429574,859,0.2161006289308176,3975,0.41989342806394314,0.5801065719360569,0.45299766103229405,0.596862210095498,6790
yeast,GSI_MLC_PA_Logistic,0.35,3,0.4245367603108189,1.0,0.10898196883775516,2841,0.5754632396891811,3851,0.4668608885651857,641,1373,0.4036685594739989,0.7449193066347878,0.5341121163819909,0.6810672947062639,0.7140985434743582,0.7022501308215594,-0.049910340705319745,0.02067650503842966,0.06070113134846877,0.3300517484400116,0.05933725695940073,0.2559430152493065,641,0.22562478000703978,2841,0.44326149052194236,0.5567385094780577,0.4980471952699533,0.6014475834695308,6692
yeast,GSI_MLC_PA_Logistic,0.35,4,0.6458209839952579,1.0,0.11431602701243448,4358,0.35417901600474216,2390,0.6659619450317125,945,1419,0.37289567279193836,0.8531416716064019,0.6562297545700035,0.7814939711241089,0.8614116246578837,0.8030995430160938,0.06342620035566093,0.14656059707926927,0.16444245553097747,0.47802768753097036,0.16518170683339406,0.3013933229088632,945,0.21684258834327674,4358,0.4146443514644351,0.5853556485355649,0.4381823413825563,0.5636283575517393,6748
yeast,GSI_MLC_PA_Logistic,0.35,5,0.5357876210032267,1.0,0.10457053813789911,3653,0.46421237899677326,3165,0.5692857142857143,797,1400,0.45695951892050446,0.7305661484306248,0.5139065930647039,0.6672389013082969,0.7326069796467952,0.6884856706800068,-0.06409504253446763,0.011441712519741132,0.05383471480349444,0.35721881277170414,0.052500231262430086,0.38000312301902994,797,0.21817684095264167,3653,0.5804107424960505,0.4195892575039495,0.5284761852057128,0.4461863129333735,6818
yeast,GSI_MLC_PA_Logistic,0.40,1,0.13932253313696613,0.9711340206185567,0.10568772765485399,946,0.8606774668630339,5844,0.09887798036465638,141,1426,0.5710456553755522,0.4846833578792342,0.3678345709273544,0.5228704222874533,0.5783232358547128,0.5375974626668428,-0.305301914580265,-0.1355093989630073,-0.08893517188927491,0.1945273918416358,-0.09769665498021596,0.1765601217656012,141,0.14904862579281183,946,0.5987337440109514,0.40126625598904864,0.4274421083892674,0.5163787145818935,6790
yeast,GSI_MLC_PA_Logistic,0.40,2,0.12916053019145804,0.9360824742268041,0.10986563625667438,877,0.870839469808542,5913,0.06148409893992933,87,1415,0.5510751104565537,0.5005891016200295,0.3753814913608728,0.5324729461276332,0.5858885102852079,0.546475859301859,-0.2910162002945508,-0.12854339818257338,-0.08079028548611389,0.1995233074332055,-0.08986441312168247,0.0,87,0.09920182440136831,877,0.5734821579570438,0.4265178420429562,0.39888691538887633,0.5356702724907573,6790
yeast,GSI_MLC_PA_Logistic,0.40,3,0.10325762104004782,0.9016736401673641,0.10898196883775516,691,0.8967423789599522,6001,0.1143481427530954,157,1373,0.5601315002988644,0.4811715481171548,0.3680082121504716,0.5246414965262525,0.5058339580209349,0.5384206328104227,-0.31365809922295274,-0.1454273991930896,-0.09572466683154268,0.12178716298658832,-0.10449224105173593,0.22604422604422603,157,0.2272069464544139,691,0.5785702382936178,0.42142976170638224,0.4273767941310012,0.5119482710149001,6692
yeast,GSI_MLC_PA_Logistic,0.40,4,0.06594546532305869,0.7676348547717843,0.11431602701243448,445,0.9340545346769413,6303,0.023960535588442564,34,1419,0.5877296976882039,0.43864848844101956,0.3498909458453027,0.5044510497125054,0.5341959832292404,0.5185561769191662,-0.3510669828097214,-0.15977821164543154,-0.112600465880626,0.15081204610232712,-0.11936165926353348,0.0,34,0.07640449438202247,445,0.6009836585752816,0.3990163414247184,0.4321730062062635,0.5143589743589744,6748
yeast,GSI_MLC_PA_Logistic,0.40,5,0.07641537107656204,0.9034907597535934,0.10457053813789911,521,0.923584628923438,6297,0.037142857142857144,52,1400,0.5970079202112057,0.43355822821941914,0.34514031485284047,0.5001804235092506,0.5095152702808997,0.5137245026441702,-0.36110296274567333,-0.15732456569212228,-0.11322376299555181,0.13412710340580863,-0.12226093677340644,0.0,52,0.09980806142034548,521,0.6133079244084485,0.3866920755915515,0.4070478806847972,0.5072722633324828,6818
yeast,GSI_MLC_PA_Logistic,0.50,1,0.02930780559646539,0.41030927835051545,0.10568772765485399,199,0.9706921944035346,6591,0.004207573632538569,6,1426,0.6424889543446245,0.37216494845360826,0.32464030814546274,0.4772555279509914,0.4884634814448389,0.4901327592393254,-0.417820324005891,-0.17870366174489893,-0.1345500662257368,0.10466763743176194,-0.14516135840773337,0.0,6,0.03015075376884422,199,0.6467910787437414,0.3532089212562586,0.42252941551077294,0.489399928135106,6790
yeast,GSI_MLC_PA_Logistic,0.50,2,0.013254786450662739,0.18556701030927836,0.10986563625667438,90,0.9867452135493373,6700,0.0028268551236749115,4,1415,0.6347569955817378,0.37187039764359353,0.3243570862127563,0.4780670585536373,0.4742988448236378,0.48977150376839335,-0.4197349042709867,-0.1795678033306899,-0.13519617306010978,0.08793364197163539,-0.14656876865514817,0.0,4,0.044444444444444446,90,0.6365671641791045,0.3634328358208955,0.42235079287558586,0.4892827206322596,6790
yeast,GSI_MLC_PA_Logistic,0.50,3,0.045277943813508664,0.6213389121338913,0.10898196883775516,303,0.9547220561864913,6389,0.018936635105608158,26,1373,0.5822624028690975,0.4403765690376569,0.35171923613346207,0.5075123742829418,0.4775788931855593,0.5205479452054794,-0.35445307830245065,-0.16171637521009913,-0.11285378907485333,0.09353209815121272,-0.12236492865667925,0.0,26,0.0858085808580858,303,0.5861637188918454,0.4138362811081546,0.4166889634431706,0.5173347080809383,6692
yeast,GSI_MLC_PA_Logistic,0.50,4,0.015115589804386485,0.21161825726141079,0.11431602701243448,102,0.9848844101956136,6646,0.0035236081747709656,5,1419,0.6341138114997036,0.37344398340248963,0.32614791847156993,0.4789652674531394,0.47918921393675695,0.49182692307692305,-0.4162714878482513,-0.18352123901916434,-0.13808624813999204,0.09580527680984363,-0.14609091310577665,0.0,5,0.049019607843137254,102,0.636172133614204,0.363827866385796,0.424244158991702,0.49121540312876055,6748
yeast,GSI_MLC_PA_Logistic,0.50,5,0.014520387210325609,0.2032854209445585,0.10457053813789911,99,0.9854796127896744,6719,0.0014285714285714286,2,1400,0.6376503373423291,0.3696098562628337,0.32182909492971096,0.47472049050486465,0.45209532238028366,0.48698973502029125,-0.42505133470225875,-0.1806357856152518,-0.1386836959999378,0.07670715550519258,-0.14899570439728543,0.0,2,0.020202020202020204,99,0.6396785235898199,0.3603214764101801,0.4203492906342519,0.4867446859326487,6818
genbase,MLC_PA_Logistic,0.20,1,0.003898635477582846,0.10526315789473684,0.0009745309228838965,14,0.9961013645224172,3577,0.5714285714285714,4,7,0.0016151489835700365,0.9991645781119465,0.9887218045112782,0.9924812030075187,0.7037037037037037,0.9908814589665653,0.001113895850737956,0.018796992481203034,0.017185821697099812,0.0444444444444444,0.012419920505026827,0.7777777777777778,4,0.2857142857142857,14,0.0008386916410399776,0.99916130835896,0.6296296296296297,0.9900332225913622,3591
genbase,MLC_PA_Logistic,0.20,2,0.004769921436588103,0.09848484848484848,0.0010918586728118492,17,0.995230078563412,3547,0.5,3,6,0.0017957351290684624,0.9991582491582491,0.991161616161616,0.9936868686868688,0.7407407407407407,0.9909365558912386,0.0008417508417508657,0.006944444444444198,0.004112554112554179,0.0864197530864198,0.00922923881806792,0.787878787878788,3,0.17647058823529413,17,0.0008457851705666761,0.9991542148294333,0.5555555555555556,0.9899665551839465,3564
genbase,MLC_PA_Logistic,0.20,3,0.005611672278338945,0.11363636363636363,4.61306107151492e-05,20,0.9943883277216611,3544,0.1111111111111111,1,9,0.003367003367003367,0.9977553310886644,0.9633838383838385,0.9681818181818181,0.7225401544242124,0.9751552795031055,0.0002805836139169182,0.002525252525252486,0.0015151515151514694,0.03703703703703709,0.0031926626806756397,0.9090909090909091,1,0.05,20,0.002257336343115124,0.9977426636568849,0.5442443761284341,0.972972972972973,3564
genbase,MLC_PA_Logistic,0.20,4,0.006172839506172839,0.12878787878787878,7.267208645524376e-05,22,0.9938271604938271,3542,0.6,3,5,0.0017957351290684624,0.999438832772166,0.9924242424242424,0.994949494949495,0.7407407407407407,0.9939393939393939,0.0008417508417507547,0.022727272727272707,0.02272727272727293,0.008122157244964234,0.009229913817069724,0.9142857142857144,3,0.13636363636363635,22,0.000564652738565782,0.9994353472614342,0.5925925925925926,0.9930555555555556,3564
genbase,MLC_PA_Logistic,0.20,5,0.006404901141743247,0.15037593984962405,0.001044132879304431,23,0.9935950988582567,3568,0.3333333333333333,2,6,0.002394876079086605,0.998886104149262,0.9849624060150376,0.9899749373433583,0.6984126984126985,0.9878048780487805,0.000556947925368978,0.006265664160401085,0.006516290726817031,0.03898635477582846,0.0062097860242406044,0.7272727272727273,2,0.08695652173913043,23,0.0011210762331838565,0.9988789237668162,0.6172839506172839,0.9863945578231292,3591
genbase,MLC_PA_Logistic,0.25,1,0.002506265664160401,0.06766917293233082,0.0009745309228838965,9,0.9974937343358395,3582,0.5714285714285714,4,7,0.0014619883040935672,0.9991645781119465,0.9887218045112782,0.9924812030075187,0.7037037037037037,0.9908814589665653,0.001113895850737956,0.018796992481203034,0.017185821697099812,0.0444444444444444,0.012419920505026827,0.6666666666666666,4,0.4444444444444444,9,0.0008375209380234506,0.9991624790619765,0.6296296296296297,0.9903536977491961,3591
genbase,MLC_PA_Logistic,0.25,2,0.004208754208754209,0.08333333333333333,0.0010918586728118492,15,0.9957912457912458,3549,0.5,3,6,0.001893939393939394,0.9991582491582491,0.991161616161616,0.9936868686868688,0.7407407407407407,0.9909365558912386,0.0008417508417508657,0.006944444444444198,0.004112554112554179,0.0864197530864198,0.00922923881806792,0.7666666666666667,3,0.2,15,0.0008453085376162299,0.9991546914623838,0.5555555555555556,0.9900990099009901,3564
genbase,MLC_PA_Logistic,0.25,3,0.003928170594837262,0.08333333333333333,4.61306107151492e-05,14,0.9960718294051627,3550,0.1111111111111111,1,9,0.0032267115600448934,0.9977553310886644,0.9633838383838385,0.9681818181818181,0.7225401544242124,0.9751552795031055,0.0002805836139169182,0.002525252525252486,0.0015151515151514694,0.03703703703703709,0.0031926626806756397,0.9,1,0.07142857142857142,14,0.0022535211267605635,0.9977464788732394,0.5447623766464346,0.9731543624161074,3564
genbase,MLC_PA_Logistic,0.25,4,0.004489337822671156,0.11363636363636363,7.267208645524376e-05,16,0.9955106621773289,3548,0.6,3,5,0.0016835016835016834,0.999438832772166,0.9924242424242424,0.994949494949495,0.7407407407407407,0.9939393939393939,0.0008417508417507547,0.022727272727272707,0.02272727272727293,0.008122157244964234,0.009229913817069724,0.8800000000000001,3,0.1875,16,0.0005636978579481398,0.9994363021420518,0.5925925925925926,0.9933333333333333,3564
genbase,MLC_PA_Logistic,0.25,5,0.004177109440267335,0.09774436090225563,0.001044132879304431,15,0.9958228905597326,3576,0.3333333333333333,2,6,0.0021581732108047896,0.998886104149262,0.9849624060150376,0.9899749373433583,0.6984126984126985,0.9878048780487805,0.000556947925368978,0.006265664160401085,0.006516290726817031,0.03898635477582846,0.0062097860242406044,0.8,2,0.13333333333333333,15,0.0011185682326621924,0.9988814317673378,0.6222222222222222,0.9866666666666667,3591
genbase,MLC_PA_Logistic,0.30,1,0.001113895850737956,0.03007518796992481,0.0009745309228838965,4,0.998886104149262,3587,0.2857142857142857,2,7,0.0017265385686438316,0.9986076301865776,0.9849624060150376,0.9903329752953813,0.6666666666666666,0.9847094801223242,0.000556947925369089,0.015037593984962405,0.015037593984962405,0.007407407407407307,0.006247941660785683,0.6666666666666666,2,0.5,4,0.0013939224979091162,0.9986060775020908,0.6666666666666666,0.9843260188087775,3591
genbase,MLC_PA_Logistic,0.30,2,0.003367003367003367,0.06818181818181818,0.0010918586728118492,12,0.9966329966329966,3552,0.5,3,6,0.0018518518518518517,0.9991582491582491,0.991161616161616,0.9936868686868688,0.7407407407407407,0.9909365558912386,0.0008417508417508657,0.006944444444444198,0.004112554112554179,0.0864197530864198,0.00922923881806792,0.7083333333333333,3,0.25,12,0.0008445945945945946,0.9991554054054054,0.5555555555555556,0.9902912621359223,3564
genbase,MLC_PA_Logistic,0.30,3,0.0025252525252525255,0.05303030303030303,4.61306107151492e-05,9,0.9974747474747475,3555,0.1111111111111111,1,9,0.0030022446689113354,0.9977553310886644,0.9633838383838385,0.9681818181818181,0.7225401544242124,0.9751552795031055,0.0002805836139169182,0.002525252525252486,0.0015151515151514694,0.03703703703703709,0.0031926626806756397,0.875,1,0.1111111111111111,9,0.002250351617440225,0.9977496483825598,0.6188364507205087,0.9736842105263158,3564
genbase,MLC_PA_Logistic,0.30,4,0.0025252525252525255,0.06818181818181818,7.267208645524376e-05,9,0.9974747474747475,3555,0.6,3,5,0.0013187429854096522,0.999438832772166,0.9924242424242424,0.994949494949495,0.7407407407407407,0.9939393939393939,0.0008417508417507547,0.022727272727272707,0.02272727272727293,0.008122157244964234,0.009229913817069724,0.8095238095238094,3,0.3333333333333333,9,0.0005625879043600563,0.99943741209564,0.6666666666666666,0.9935897435897436,3564
genbase,MLC_PA_Logistic,0.30,5,0.002227791701475912,0.05263157894736842,0.001044132879304431,8,0.9977722082985241,3583,0.16666666666666666,1,6,0.0020607073238652187,0.9986076301865776,0.981203007518797,0.9849624060150376,0.6964633806739071,0.9847094801223242,0.0002784739626845445,0.0025062656641604564,0.0015037593984963404,0.03703703703703709,0.003114388097784304,0.8,1,0.125,8,0.0013954786491766676,0.9986045213508233,0.65942634363687,0.9840255591054313,3591
genbase,MLC_PA_Logistic,0.35,1,0.001113895850737956,0.03007518796992481,0.0009745309228838965,4,0.998886104149262,3587,0.2857142857142857,2,7,0.0017822333611807297,0.9986076301865776,0.9849624060150376,0.9903329752953813,0.6666666666666666,0.9847094801223242,0.000556947925369089,0.015037593984962405,0.015037593984962405,0.007407407407407307,0.006247941660785683,0.6666666666666666,2,0.5,4,0.0013939224979091162,0.9986060775020908,0.6666666666666666,0.9843260188087775,3591
genbase,MLC_PA_Logistic,0.35,2,0.0030864197530864196,0.06818181818181818,0.0010918586728118492,11,0.9969135802469136,3553,0.5,3,6,0.0019219977553310886,0.9991582491582491,0.991161616161616,0.9936868686868688,0.7407407407407407,0.9909365558912386,0.0008417508417508657,0.006944444444444198,0.004112554112554179,0.0864197530864198,0.00922923881806792,0.7083333333333333,3,0.2727272727272727,11,0.0008443568815085843,0.9991556431184914,0.5925925925925926,0.9903536977491961,3564
genbase,MLC_PA_Logistic,0.35,3,0.0014029180695847362,0.03787878787878788,4.61306107151492e-05,5,0.9985970819304153,3559,0.0,0,9,0.003016273849607183,0.9974747474747475,0.960858585858586,0.9666666666666667,0.6855031173871753,0.9719626168224299,0.0,0.0,0.0,0.0,0.0,1.0,0,0.0,5,0.002528800224782242,0.9974711997752178,0.6435278087452,0.9710610932475884,3564
genbase,MLC_PA_Logistic,0.35,4,0.0016835016835016834,0.045454545454545456,7.267208645524376e-05,6,0.9983164983164983,3558,0.6,3,5,0.0011503928170594835,0.999438832772166,0.9924242424242424,0.994949494949495,0.7407407407407407,0.9939393939393939,0.0008417508417507547,0.022727272727272707,0.02272727272727293,0.008122157244964234,0.009229913817069724,0.6666666666666666,3,0.5,6,0.0005621135469364812,0.9994378864530635,0.7037037037037037,0.9937106918238994,3564
genbase,MLC_PA_Logistic,0.35,5,0.002227791701475912,0.05263157894736842,0.001044132879304431,8,0.9977722082985241,3583,0.16666666666666666,1,6,0.002172096908939014,0.9986076301865776,0.981203007518797,0.9849624060150376,0.6964633806739071,0.9847094801223242,0.0002784739626845445,0.0025062656641604564,0.0015037593984963404,0.03703703703703709,0.003114388097784304,0.8,1,0.125,8,0.0013954786491766676,0.9986045213508233,0.65942634363687,0.9840255591054313,3591
genbase,MLC_PA_Logistic,0.40,1,0.000835421888053467,0.022556390977443608,0.0009745309228838965,3,0.9991645781119465,3588,0.2857142857142857,2,7,0.0017265385686438318,0.9986076301865776,0.9849624060150376,0.9903329752953813,0.6666666666666666,0.9847094801223242,0.000556947925369089,0.015037593984962405,0.015037593984962405,0.007407407407407307,0.006247941660785683,0.5,2,0.6666666666666666,3,0.0013935340022296545,0.9986064659977704,0.6666666666666666,0.9844236760124611,3591
genbase,MLC_PA_Logistic,0.40,2,0.001964085297418631,0.05303030303030303,0.0010918586728118492,7,0.9980359147025814,3557,0.3333333333333333,2,6,0.0019079685746352412,0.9988776655443322,0.9886363636363636,0.9921717171717171,0.7037037037037037,0.9878787878787879,0.0005611672278339475,0.004419191919191823,0.0025974025974024872,0.049382716049382824,0.006171470805617196,0.7333333333333333,2,0.2857142857142857,7,0.001124543154343548,0.9988754568456565,0.5925925925925926,0.9873417721518988,3564
genbase,MLC_PA_Logistic,0.40,3,0.001122334455667789,0.030303030303030304,4.61306107151492e-05,4,0.9988776655443322,3560,0.0,0,9,0.0029741863075196415,0.9974747474747475,0.960858585858586,0.9666666666666667,0.6855031173871753,0.9719626168224299,0.0,0.0,0.0,0.0,0.0,1.0,0,0.0,4,0.0025280898876404493,0.9974719101123596,0.6435278087452,0.9712460063897763,3564
genbase,MLC_PA_Logistic,0.40,4,0.0005611672278338945,0.015151515151515152,7.267208645524376e-05,2,0.999438832772166,3562,0.2,1,5,0.0013468013468013467,0.9988776655443322,0.9772727272727273,0.9797979797979797,0.7345679012345679,0.9878048780487805,0.0002805836139169182,0.007575757575757569,0.007575757575757569,0.0019493177387914784,0.0030953979264563003,0.5,1,0.5,2,0.0011229646266142617,0.9988770353733858,0.7345679012345679,0.9876543209876543,3564
genbase,MLC_PA_Logistic,0.40,5,0.000835421888053467,0.022556390977443608,0.001044132879304431,3,0.9991645781119465,3588,0.16666666666666666,1,6,0.0017265385686438316,0.9986076301865776,0.981203007518797,0.9849624060150376,0.6964633806739071,0.9847094801223242,0.0002784739626845445,0.0025062656641604564,0.0015037593984963404,0.03703703703703709,0.003114388097784304,0.3333333333333333,1,0.3333333333333333,3,0.0013935340022296545,0.9986064659977704,0.65942634363687,0.9845201238390093,3591
genbase,MLC_PA_Logistic,0.50,1,0.0,0.0,0.0009745309228838965,0,1.0,3591,0.0,0,7,0.001949317738791423,0.9980506822612085,0.9699248120300752,0.9752953813104189,0.6592592592592593,0.9784615384615385,0.0,0.0,0.0,0.0,0.0,,0,,0,0.001949317738791423,0.9980506822612085,0.6592592592592593,0.9784615384615385,3591
genbase,MLC_PA_Logistic,0.50,2,0.0,0.0,0.0010918586728118492,0,1.0,3564,0.0,0,6,0.0016835016835016834,0.9983164983164983,0.9842171717171718,0.9895743145743147,0.6543209876543209,0.9817073170731707,0.0,0.0,0.0,0.0,0.0,,0,,0,0.0016835016835016834,0.9983164983164983,0.6543209876543209,0.9817073170731707,3564
genbase,MLC_PA_Logistic,0.50,3,0.0,0.0,4.61306107151492e-05,0,1.0,3564,0.0,0,9,0.0025252525252525255,0.9974747474747475,0.960858585858586,0.9666666666666667,0.6855031173871753,0.9719626168224299,0.0,0.0,0.0,0.0,0.0,,0,,0,0.0025252525252525255,0.9974747474747475,0.6855031173871753,0.9719626168224299,3564
genbase,MLC_PA_Logistic,0.50,4,0.0,0.0,7.267208645524376e-05,0,1.0,3564,0.0,0,5,0.0014029180695847362,0.9985970819304153,0.9696969696969697,0.9722222222222221,0.7326185834957765,0.9847094801223242,0.0,0.0,0.0,0.0,0.0,,0,,0,0.0014029180695847362,0.9985970819304153,0.7326185834957765,0.9847094801223242,3564
genbase,MLC_PA_Logistic,0.50,5,0.0,0.0,0.001044132879304431,0,1.0,3591,0.0,0,6,0.001670843776106934,0.9983291562238931,0.9786967418546365,0.9834586466165413,0.65942634363687,0.9815950920245399,0.0,0.0,0.0,0.0,0.0,,0,,0,0.001670843776106934,0.9983291562238931,0.65942634363687,0.9815950920245399,3591
genbase,GSI_MLC_PA_Logistic,0.20,1,0.000556947925368978,0.015037593984962405,0.0009735856760531828,2,0.999443052074631,3589,0.2857142857142857,2,7,0.0009468114731272626,0.9991645781119465,0.9887218045112782,0.9924812030075187,0.7037037037037037,0.9908814589665653,0.001113895850737956,0.018796992481203034,0.017185821697099812,0.0444444444444444,0.012419920505026827,0.0,2,1.0,2,0.0008358874338255781,0.9991641125661744,0.6666666666666666,0.9907692307692307,3591
genbase,GSI_MLC_PA_Logistic,0.20,2,0.001122334455667789,0.030303030303030304,0.0010908005460984126,4,0.9988776655443322,3560,0.16666666666666666,1,6,0.0019079685746352414,0.9983164983164983,0.9852272727272728,0.9902477152477153,0.6885090218423552,0.9817073170731707,0.0,0.0010101010101010166,0.0006734006734006037,0.03418803418803429,0.0,0.0,1,0.25,4,0.0016853932584269663,0.998314606741573,0.6514719848053182,0.9815950920245399,3564
genbase,GSI_MLC_PA_Logistic,0.20,3,0.0,0.0,4.925232074441015e-05,0,1.0,3564,0.0,0,9,0.0025252525252525255,0.9974747474747475,0.960858585858586,0.9666666666666667,0.6855031173871753,0.9719626168224299,0.0,0.0,0.0,0.0,0.0,,0,,0,0.0025252525252525255,0.9974747474747475,0.6855031173871753,0.9719626168224299,3564
genbase,GSI_MLC_PA_Logistic,0.20,4,0.0008417508417508417,0.022727272727272728,0.00010402998874344042,3,0.9991582491582491,3561,0.0,0,5,0.0018518518518518517,0.9983164983164983,0.9671717171717172,0.9707070707070706,0.7297695806467737,0.9815950920245399,-0.00028058361391702924,-0.002525252525252486,-0.0015151515151514694,-0.002849002849002802,-0.003114388097784304,0.0,0,0.0,3,0.0016849199663016006,0.9983150800336984,0.7297695806467737,0.9815950920245399,3564
genbase,GSI_MLC_PA_Logistic,0.20,5,0.002506265664160401,0.06766917293233082,0.001043565316979032,9,0.9974937343358395,3582,0.16666666666666666,1,6,0.0018936229462545252,0.9986076301865776,0.9824561403508771,0.9859649122807017,0.7306514148619412,0.9848024316109423,0.0002784739626845445,0.003759398496240629,0.0025062656641604564,0.07122507122507116,0.0032073395864024024,0.0,1,0.1111111111111111,9,0.0013958682300390843,0.9986041317699609,0.6936143778249041,0.9847094801223242,3591
genbase,GSI_MLC_PA_Logistic,0.25,1,0.000556947925368978,0.015037593984962405,0.0009735856760531828,2,0.999443052074631,3589,0.2857142857142857,2,7,0.0009746588693957114,0.9991645781119465,0.9887218045112782,0.9924812030075187,0.7037037037037037,0.9908814589665653,0.001113895850737956,0.018796992481203034,0.017185821697099812,0.0444444444444444,0.012419920505026827,0.0,2,1.0,2,0.0008358874338255781,0.9991641125661744,0.6666666666666666,0.9907692307692307,3591
genbase,GSI_MLC_PA_Logistic,0.25,2,0.001122334455667789,0.030303030303030304,0.0010908005460984126,4,0.9988776655443322,3560,0.16666666666666666,1,6,0.001964085297418631,0.9983164983164983,0.9852272727272728,0.9902477152477153,0.6885090218423552,0.9817073170731707,0.0,0.0010101010101010166,0.0006734006734006037,0.03418803418803429,0.0,0.0,1,0.25,4,0.0016853932584269663,0.998314606741573,0.6514719848053182,0.9815950920245399,3564
genbase,GSI_MLC_PA_Logistic,0.25,3,0.0,0.0,4.925232074441015e-05,0,1.0,3564,0.0,0,9,0.0025252525252525255,0.9974747474747475,0.960858585858586,0.9666666666666667,0.6855031173871753,0.9719626168224299,0.0,0.0,0.0,0.0,0.0,,0,,0,0.0025252525252525255,0.9974747474747475,0.6855031173871753,0.9719626168224299,3564
genbase,GSI_MLC_PA_Logistic,0.25,4,0.0008417508417508417,0.022727272727272728,0.00010402998874344042,3,0.9991582491582491,3561,0.0,0,5,0.001893939393939394,0.9983164983164983,0.9671717171717172,0.9707070707070706,0.7297695806467737,0.9815950920245399,-0.00028058361391702924,-0.002525252525252486,-0.0015151515151514694,-0.002849002849002802,-0.003114388097784304,0.0,0,0.0,3,0.0016849199663016006,0.9983150800336984,0.7297695806467737,0.9815950920245399,3564
genbase,GSI_MLC_PA_Logistic,0.25,5,0.002506265664160401,0.06766917293233082,0.001043565316979032,9,0.9974937343358395,3582,0.16666666666666666,1,6,0.002018936229462545,0.9986076301865776,0.9824561403508771,0.9859649122807017,0.7306514148619412,0.9848024316109423,0.0002784739626845445,0.003759398496240629,0.0025062656641604564,0.07122507122507116,0.0032073395864024024,0.0,1,0.1111111111111111,9,0.0013958682300390843,0.9986041317699609,0.6936143778249041,0.9847094801223242,3591
genbase,GSI_MLC_PA_Logistic,0.30,1,0.000556947925368978,0.015037593984962405,0.0009735856760531828,2,0.999443052074631,3589,0.2857142857142857,2,7,0.0010025062656641604,0.9991645781119465,0.9887218045112782,0.9924812030075187,0.7037037037037037,0.9908814589665653,0.001113895850737956,0.018796992481203034,0.017185821697099812,0.0444444444444444,0.012419920505026827,0.0,2,1.0,2,0.0008358874338255781,0.9991641125661744,0.6666666666666666,0.9907692307692307,3591
genbase,GSI_MLC_PA_Logistic,0.30,2,0.001122334455667789,0.030303030303030304,0.0010908005460984126,4,0.9988776655443322,3560,0.16666666666666666,1,6,0.00202020202020202,0.9983164983164983,0.9852272727272728,0.9902477152477153,0.6885090218423552,0.9817073170731707,0.0,0.0010101010101010166,0.0006734006734006037,0.03418803418803429,0.0,0.0,1,0.25,4,0.0016853932584269663,0.998314606741573,0.6514719848053182,0.9815950920245399,3564
genbase,GSI_MLC_PA_Logistic,0.30,3,0.0,0.0,4.925232074441015e-05,0,1.0,3564,0.0,0,9,0.0025252525252525255,0.9974747474747475,0.960858585858586,0.9666666666666667,0.6855031173871753,0.9719626168224299,0.0,0.0,0.0,0.0,0.0,,0,,0,0.0025252525252525255,0.9974747474747475,0.6855031173871753,0.9719626168224299,3564
genbase,GSI_MLC_PA_Logistic,0.30,4,0.0008417508417508417,0.022727272727272728,0.00010402998874344042,3,0.9991582491582491,3561,0.0,0,5,0.001936026936026936,0.9983164983164983,0.9671717171717172,0.9707070707070706,0.7297695806467737,0.9815950920245399,-0.00028058361391702924,-0.002525252525252486,-0.0015151515151514694,-0.002849002849002802,-0.003114388097784304,0.0,0,0.0,3,0.0016849199663016006,0.9983150800336984,0.7297695806467737,0.9815950920245399,3564
genbase,GSI_MLC_PA_Logistic,0.30,5,0.002506265664160401,0.06766917293233082,0.001043565316979032,9,0.9974937343358395,3582,0.16666666666666666,1,6,0.0021442495126705653,0.9986076301865776,0.9824561403508771,0.9859649122807017,0.7306514148619412,0.9848024316109423,0.0002784739626845445,0.003759398496240629,0.0025062656641604564,0.07122507122507116,0.0032073395864024024,0.0,1,0.1111111111111111,9,0.0013958682300390843,0.9986041317699609,0.6936143778249041,0.9847094801223242,3591
genbase,GSI_MLC_PA_Logistic,0.35,1,0.000556947925368978,0.015037593984962405,0.0009735856760531828,2,0.999443052074631,3589,0.2857142857142857,2,7,0.0010303536619326093,0.9991645781119465,0.9887218045112782,0.9924812030075187,0.7037037037037037,0.9908814589665653,0.001113895850737956,0.018796992481203034,0.017185821697099812,0.0444444444444444,0.012419920505026827,0.0,2,1.0,2,0.0008358874338255781,0.9991641125661744,0.6666666666666666,0.9907692307692307,3591
genbase,GSI_MLC_PA_Logistic,0.35,2,0.001122334455667789,0.030303030303030304,0.0010908005460984126,4,0.9988776655443322,3560,0.16666666666666666,1,6,0.0020763187429854095,0.9983164983164983,0.9852272727272728,0.9902477152477153,0.6885090218423552,0.9817073170731707,0.0,0.0010101010101010166,0.0006734006734006037,0.03418803418803429,0.0,0.0,1,0.25,4,0.0016853932584269663,0.998314606741573,0.6514719848053182,0.9815950920245399,3564
genbase,GSI_MLC_PA_Logistic,0.35,3,0.0,0.0,4.925232074441015e-05,0,1.0,3564,0.0,0,9,0.0025252525252525255,0.9974747474747475,0.960858585858586,0.9666666666666667,0.6855031173871753,0.9719626168224299,0.0,0.0,0.0,0.0,0.0,,0,,0,0.0025252525252525255,0.9974747474747475,0.6855031173871753,0.9719626168224299,3564
genbase,GSI_MLC_PA_Logistic,0.35,4,0.0008417508417508417,0.022727272727272728,0.00010402998874344042,3,0.9991582491582491,3561,0.0,0,5,0.001978114478114478,0.9983164983164983,0.9671717171717172,0.9707070707070706,0.7297695806467737,0.9815950920245399,-0.00028058361391702924,-0.002525252525252486,-0.0015151515151514694,-0.002849002849002802,-0.003114388097784304,0.0,0,0.0,3,0.0016849199663016006,0.9983150800336984,0.7297695806467737,0.9815950920245399,3564
genbase,GSI_MLC_PA_Logistic,0.35,5,0.002506265664160401,0.06766917293233082,0.001043565316979032,9,0.9974937343358395,3582,0.16666666666666666,1,6,0.0022695627958785854,0.9986076301865776,0.9824561403508771,0.9859649122807017,0.7306514148619412,0.9848024316109423,0.0002784739626845445,0.003759398496240629,0.0025062656641604564,0.07122507122507116,0.0032073395864024024,0.0,1,0.1111111111111111,9,0.0013958682300390843,0.9986041317699609,0.6936143778249041,0.9847094801223242,3591
genbase,GSI_MLC_PA_Logistic,0.40,1,0.000556947925368978,0.015037593984962405,0.0009735856760531828,2,0.999443052074631,3589,0.2857142857142857,2,7,0.001058201058201058,0.9991645781119465,0.9887218045112782,0.9924812030075187,0.7037037037037037,0.9908814589665653,0.001113895850737956,0.018796992481203034,0.017185821697099812,0.0444444444444444,0.012419920505026827,0.0,2,1.0,2,0.0008358874338255781,0.9991641125661744,0.6666666666666666,0.9907692307692307,3591
genbase,GSI_MLC_PA_Logistic,0.40,2,0.001122334455667789,0.030303030303030304,0.0010908005460984126,4,0.9988776655443322,3560,0.16666666666666666,1,6,0.002132435465768799,0.9983164983164983,0.9852272727272728,0.9902477152477153,0.6885090218423552,0.9817073170731707,0.0,0.0010101010101010166,0.0006734006734006037,0.03418803418803429,0.0,0.0,1,0.25,4,0.0016853932584269663,0.998314606741573,0.6514719848053182,0.9815950920245399,3564
genbase,GSI_MLC_PA_Logistic,0.40,3,0.0,0.0,4.925232074441015e-05,0,1.0,3564,0.0,0,9,0.0025252525252525255,0.9974747474747475,0.960858585858586,0.9666666666666667,0.6855031173871753,0.9719626168224299,0.0,0.0,0.0,0.0,0.0,,0,,0,0.0025252525252525255,0.9974747474747475,0.6855031173871753,0.9719626168224299,3564
genbase,GSI_MLC_PA_Logistic,0.40,4,0.0008417508417508417,0.022727272727272728,0.00010402998874344042,3,0.9991582491582491,3561,0.0,0,5,0.00202020202020202,0.9983164983164983,0.9671717171717172,0.9707070707070706,0.7297695806467737,0.9815950920245399,-0.00028058361391702924,-0.002525252525252486,-0.0015151515151514694,-0.002849002849002802,-0.003114388097784304,0.0,0,0.0,3,0.0016849199663016006,0.9983150800336984,0.7297695806467737,0.9815950920245399,3564
genbase,GSI_MLC_PA_Logistic,0.40,5,0.002506265664160401,0.06766917293233082,0.001043565316979032,9,0.9974937343358395,3582,0.16666666666666666,1,6,0.002394876079086605,0.9986076301865776,0.9824561403508771,0.9859649122807017,0.7306514148619412,0.9848024316109423,0.0002784739626845445,0.003759398496240629,0.0025062656641604564,0.07122507122507116,0.0032073395864024024,0.0,1,0.1111111111111111,9,0.0013958682300390843,0.9986041317699609,0.6936143778249041,0.9847094801223242,3591
genbase,GSI_MLC_PA_Logistic,0.50,1,0.000556947925368978,0.015037593984962405,0.0009735856760531828,2,0.999443052074631,3589,0.2857142857142857,2,7,0.001113895850737956,0.9991645781119465,0.9887218045112782,0.9924812030075187,0.7037037037037037,0.9908814589665653,0.001113895850737956,0.018796992481203034,0.017185821697099812,0.0444444444444444,0.012419920505026827,0.0,2,1.0,2,0.0008358874338255781,0.9991641125661744,0.6666666666666666,0.9907692307692307,3591
genbase,GSI_MLC_PA_Logistic,0.50,2,0.001122334455667789,0.030303030303030304,0.0010908005460984126,4,0.9988776655443322,3560,0.16666666666666666,1,6,0.002244668911335578,0.9983164983164983,0.9852272727272728,0.9902477152477153,0.6885090218423552,0.9817073170731707,0.0,0.0010101010101010166,0.0006734006734006037,0.03418803418803429,0.0,0.0,1,0.25,4,0.0016853932584269663,0.998314606741573,0.6514719848053182,0.9815950920245399,3564
genbase,GSI_MLC_PA_Logistic,0.50,3,0.0,0.0,4.925232074441015e-05,0,1.0,3564,0.0,0,9,0.0025252525252525255,0.9974747474747475,0.960858585858586,0.9666666666666667,0.6855031173871753,0.9719626168224299,0.0,0.0,0.0,0.0,0.0,,0,,0,0.0025252525252525255,0.9974747474747475,0.6855031173871753,0.9719626168224299,3564
genbase,GSI_MLC_PA_Logistic,0.50,4,0.0008417508417508417,0.022727272727272728,0.00010402998874344042,3,0.9991582491582491,3561,0.0,0,5,0.0021043771043771043,0.9983164983164983,0.9671717171717172,0.9707070707070706,0.7297695806467737,0.9815950920245399,-0.00028058361391702924,-0.002525252525252486,-0.0015151515151514694,-0.002849002849002802,-0.003114388097784304,0.0,0,0.0,3,0.0016849199663016006,0.9983150800336984,0.7297695806467737,0.9815950920245399,3564
genbase,GSI_MLC_PA_Logistic,0.50,5,0.002506265664160401,0.06766917293233082,0.001043565316979032,9,0.9974937343358395,3582,0.16666666666666666,1,6,0.0026455026455026454,0.9986076301865776,0.9824561403508771,0.9859649122807017,0.7306514148619412,0.9848024316109423,0.0002784739626845445,0.003759398496240629,0.0025062656641604564,0.07122507122507116,0.0032073395864024024,0.0,1,0.1111111111111111,9,0.0013958682300390843,0.9986041317699609,0.6936143778249041,0.9847094801223242,3591
medical,MLC_PA_Logistic,0.20,1,0.019212962962962963,0.625,0.0017764716334593635,166,0.9807870370370371,8474,0.45348837209302323,39,86,0.009282407407407408,0.9945601851851852,0.8307291666666666,0.8453125,0.37914295867237047,0.8962472406181016,0.004513888888888928,0.10590277777777768,0.09479166666666672,0.10821901149942459,0.08821152633238727,0.6207405996452648,39,0.23493975903614459,166,0.005546377153646448,0.9944536228463535,0.19589134125636673,0.7965367965367965,8640
medical,MLC_PA_Logistic,0.20,2,0.01717171717171717,0.5959595959595959,0.0015952033294489548,153,0.9828282828282828,8757,0.532608695652174,49,92,0.008260381593714929,0.9951739618406286,0.8577441077441077,0.8727272727272728,0.37440639367295653,0.9042316258351893,0.005499438832772263,0.1346801346801345,0.12104377104377106,0.09116274839854505,0.11050965274101898,0.527466775365935,49,0.3202614379084967,153,0.00491035742834304,0.995089642571657,0.28460018993352326,0.8436363636363636,8910
medical,MLC_PA_Logistic,0.20,3,0.01527065527065527,0.5230769230769231,0.0014158157955700163,134,0.9847293447293447,8641,0.4659090909090909,41,88,0.008410256410256412,0.9946438746438746,0.8555555555555556,0.875897435897436,0.4120537677474745,0.8976034858387799,0.004672364672364648,0.14273504273504278,0.13675213675213682,0.12137073281798205,0.09851672784791232,0.603503441003441,41,0.30597014925373134,134,0.005439185279481541,0.9945608147205185,0.26606929510155314,0.8185328185328186,8775
medical,MLC_PA_Logistic,0.20,4,0.01727172717271727,0.5891089108910891,0.0013914045808056288,157,0.9827282728272827,8933,0.55,55,100,0.008404840484048406,0.995049504950495,0.8655115511551155,0.8834983498349833,0.4329134637274057,0.9028077753779697,0.006050605060506031,0.17986798679867977,0.17557755775577544,0.14027252758529823,0.13008050265069704,0.5145601178209874,55,0.3503184713375796,157,0.005037501399305944,0.9949624986006941,0.2740829206672075,0.8275862068965517,9090
medical,MLC_PA_Logistic,0.20,5,0.01733566026759744,0.581151832460733,0.0015565187641119426,149,0.9826643397324025,8446,0.4725274725274725,43,91,0.009051774287376383,0.9944153577661431,0.856893542757417,0.8769633507853403,0.3679804917087397,0.8956521739130435,0.005002908667830153,0.11867364746945896,0.11483420593368232,0.08347457301372446,0.09742600983322092,0.597642464760925,43,0.28859060402684567,149,0.005683163627752783,0.9943168363722472,0.24196343655560285,0.8181818181818182,8595
medical,MLC_PA_Logistic,0.25,1,0.014467592592592593,0.5104166666666666,0.0017764716334593635,125,0.9855324074074074,8515,0.3488372093023256,30,86,0.010098379629629629,0.9935185185185185,0.8012152777777777,0.8184027777777777,0.36495429949696684,0.8761061946902655,0.00347222222222221,0.07638888888888873,0.0678819444444444,0.09403035232402096,0.06807048040455121,0.6227949765764891,30,0.24,125,0.006576629477392836,0.9934233705226072,0.21481798037353594,0.8,8640
medical,MLC_PA_Logistic,0.25,2,0.01335578002244669,0.46464646464646464,0.0015952033294489548,119,0.9866442199775534,8791,0.4891304347826087,45,92,0.008613916947250281,0.9947250280583614,0.8543771043771043,0.8702020202020203,0.37282477663430047,0.8962472406181016,0.005050505050505083,0.13131313131313116,0.11851851851851858,0.08958113135988899,0.10252526752393121,0.5409668109668109,45,0.37815126050420167,119,0.005346376976453191,0.9946536230235468,0.28655527708159284,0.8469055374592834,8910
medical,MLC_PA_Logistic,0.25,3,0.011737891737891738,0.441025641025641,0.0014158157955700163,103,0.9882621082621083,8672,0.4090909090909091,36,88,0.00886039886039886,0.9940740740740741,0.8350427350427351,0.8570940170940172,0.39755931879190143,0.8854625550660793,0.004102564102564155,0.12222222222222223,0.11794871794871808,0.106876283862409,0.0863757970752117,0.6047619047619048,36,0.34951456310679613,103,0.005996309963099631,0.9940036900369004,0.275065730823766,0.825503355704698,8775
medical,MLC_PA_Logistic,0.25,4,0.013421342134213421,0.45544554455445546,0.0013914045808056288,122,0.9865786578657866,8968,0.48,48,100,0.009075907590759076,0.9942794279427942,0.8382838283828382,0.8554455445544555,0.38617945117367136,0.8864628820960698,0.005280528052805211,0.15264026402640252,0.14752475247524766,0.0935385150315639,0.11373560936879712,0.526603699330972,48,0.39344262295081966,122,0.005798394290811775,0.9942016057091883,0.27313394630039023,0.8289473684210527,9090
medical,MLC_PA_Logistic,0.25,5,0.013263525305410123,0.4869109947643979,0.0015565187641119426,114,0.9867364746945899,8481,0.4065934065934066,37,91,0.009598603839441536,0.993717277486911,0.8394415357766142,0.8596858638743455,0.333239904608806,0.8820960698689956,0.004304828388598025,0.10122164048865612,0.09755671902268759,0.048733985913790745,0.08386990578917297,0.6442142309015374,37,0.32456140350877194,114,0.006367173682348779,0.9936328263176513,0.28572439558226237,0.8211920529801324,8595
medical,MLC_PA_Logistic,0.30,1,0.011342592592592593,0.4270833333333333,0.0017764716334593635,98,0.9886574074074074,8542,0.313953488372093,27,86,0.010231481481481479,0.9931712962962963,0.7942708333333334,0.8138888888888888,0.35759635025666464,0.869757174392936,0.0031250000000000444,0.06944444444444442,0.06336805555555547,0.08667240308371876,0.06172146010722168,0.5687001594896332,27,0.2755102040816326,98,0.006907047529852494,0.9930929524701475,0.22902035439669852,0.8150470219435737,8640
medical,MLC_PA_Logistic,0.30,2,0.009988776655443322,0.37373737373737376,0.0015952033294489548,89,0.9900112233445567,8821,0.358695652173913,33,92,0.00961840628507295,0.9933782267115601,0.81986531986532,0.8367003367003368,0.34386758277514584,0.8691796008869179,0.0037037037037037646,0.09680134680134678,0.0850168350168351,0.06062393750073436,0.07545762779274756,0.5731829573934837,33,0.3707865168539326,89,0.006688584060764086,0.9933114159392359,0.2722061075002251,0.8269794721407625,8910
medical,MLC_PA_Logistic,0.30,3,0.009116809116809116,0.3384615384615385,0.0014158157955700163,80,0.9908831908831909,8695,0.3522727272727273,31,88,0.009230769230769232,0.9935042735042735,0.8222222222222221,0.8449572649572649,0.39445395297029284,0.8747252747252747,0.00353276353276355,0.10940170940170924,0.10581196581196572,0.10377091804080041,0.07563851673440714,0.6021679378822237,31,0.3875,80,0.00655549166187464,0.9934445083381254,0.27689221345103704,0.8277945619335347,8775
medical,MLC_PA_Logistic,0.30,4,0.009900990099009901,0.33663366336633666,0.0013914045808056288,90,0.9900990099009901,9000,0.42,42,100,0.00935093509350935,0.9936193619361936,0.8143564356435643,0.8298679867986798,0.358632208291651,0.8716814159292036,0.0046204620462045876,0.1287128712871286,0.12194719471947191,0.06599127214954353,0.09895414320193086,0.5027336860670194,42,0.4666666666666667,90,0.0064444444444444445,0.9935555555555555,0.2957058682058682,0.8323699421965318,9090
medical,MLC_PA_Logistic,0.30,5,0.009773123909249564,0.3717277486910995,0.0015565187641119426,84,0.9902268760907504,8511,0.32967032967032966,30,91,0.010029086678301337,0.9929028504944736,0.81326352530541,0.8352530541012215,0.3258309423868417,0.8665207877461707,0.003490401396160636,0.07504363001745196,0.07312390924956358,0.041325023691826446,0.06829462366634809,0.6131572131572132,30,0.35714285714285715,84,0.007167195394195747,0.9928328046058043,0.2801601516669818,0.8231884057971014,8595
medical,MLC_PA_Logistic,0.35,1,0.0077546296296296295,0.3177083333333333,0.0017764716334593635,67,0.9922453703703704,8573,0.2441860465116279,21,86,0.010237268518518519,0.9924768518518519,0.7786458333333334,0.7982638888888888,0.3181557658028246,0.8558758314855875,0.0024305555555556024,0.05381944444444442,0.04774305555555547,0.04723181862987874,0.047840117199873244,0.6266046453546454,21,0.31343283582089554,67,0.007581943310393095,0.9924180566896069,0.23481879239658887,0.8189415041782729,8640
medical,MLC_PA_Logistic,0.35,2,0.00718294051627385,0.2828282828282828,0.0015952033294489548,64,0.9928170594837261,8846,0.29347826086956524,27,92,0.009809203142536476,0.9927048260381593,0.8047138047138047,0.8215488215488217,0.33637119375693797,0.8552338530066815,0.00303030303030305,0.08164983164983153,0.06986531986531996,0.05312754848252649,0.06151187991251117,0.5525132275132275,27,0.421875,64,0.007347953877458738,0.9926520461225412,0.2678453113934785,0.8238482384823849,8910
medical,MLC_PA_Logistic,0.35,3,0.006153846153846154,0.2358974358974359,0.0014158157955700163,54,0.9938461538461538,8721,0.2840909090909091,25,88,0.009333333333333334,0.9928205128205129,0.8,0.8218803418803418,0.3718011073449701,0.8596881959910914,0.002849002849002913,0.0871794871794872,0.08273504273504262,0.0811180724154777,0.06060143800022377,0.5789473684210525,25,0.46296296296296297,54,0.007223942208462332,0.9927760577915377,0.27836828942292485,0.8273972602739726,8775
medical,MLC_PA_Logistic,0.35,4,0.0070407040704070405,0.2722772277227723,0.0013914045808056288,64,0.992959295929593,9026,0.35,35,100,0.009614961496149616,0.9928492849284929,0.7896039603960396,0.8084158415841585,0.35224090695782095,0.8552338530066815,0.0038503850385038785,0.10396039603960394,0.10049504950495058,0.0595999708157135,0.08250658027940883,0.4226190476190476,35,0.546875,64,0.0072014181254154664,0.9927985818745846,0.29220727775313865,0.8257372654155496,9090
medical,MLC_PA_Logistic,0.35,5,0.007446189645142525,0.3036649214659686,0.0015565187641119426,64,0.9925538103548575,8531,0.2857142857142857,26,91,0.010168702734147762,0.9924374636416521,0.8080279232111692,0.8300174520069806,0.32420067808306097,0.8583877995642701,0.003025014543339144,0.06980802792321117,0.06788830715532268,0.03969475938804573,0.06016163548444753,0.5467687074829932,26,0.40625,64,0.007619270894385183,0.9923807291056148,0.28026622445811483,0.8275862068965517,8595
medical,MLC_PA_Logistic,0.40,1,0.005324074074074074,0.22395833333333334,0.0017764716334593635,46,0.9946759259259259,8594,0.1744186046511628,15,86,0.010347222222222221,0.9917824074074074,0.7612847222222223,0.7817708333333333,0.3113052113052113,0.8411633109619687,0.0017361111111111605,0.03645833333333337,0.03125,0.04038126413226545,0.03312759667625442,0.5753659039373326,15,0.32608695652173914,46,0.008261577845008146,0.9917384221549919,0.26940664915831003,0.8165374677002584,8640
medical,MLC_PA_Logistic,0.40,2,0.004152637485970819,0.16666666666666666,0.0015952033294489548,37,0.9958473625140292,8873,0.17391304347826086,16,92,0.010190796857463524,0.9914702581369248,0.7735690235690237,0.7971380471380474,0.3023171602060491,0.831858407079646,0.0017957351290684986,0.0505050505050505,0.045454545454545636,0.019073514931637614,0.038136433985475615,0.3944444444444445,16,0.43243243243243246,37,0.008565310492505354,0.9914346895074947,0.26449223045861703,0.812807881773399,8910
medical,MLC_PA_Logistic,0.40,3,0.0037606837606837607,0.13846153846153847,0.0014158157955700163,33,0.9962393162393163,8742,0.18181818181818182,16,88,0.00970940170940171,0.9917948717948718,0.7675213675213676,0.7929914529914529,0.3320998335906249,0.8378378378378378,0.0018233618233618465,0.05470085470085473,0.053846153846153766,0.04141679866113246,0.03875107984697024,0.5866666666666667,16,0.48484848484848486,33,0.008236101578586136,0.9917638984214139,0.2840165920773983,0.8181818181818182,8775
medical,MLC_PA_Logistic,0.40,4,0.0044004400440044,0.19306930693069307,0.0013914045808056288,40,0.9955995599559956,9050,0.23,23,100,0.01023102310231023,0.9915291529152915,0.75,0.7706270627062706,0.32054028513517974,0.8261851015801355,0.00253025302530252,0.0643564356435643,0.06270627062706269,0.02789934899307228,0.053457828852862765,0.43736263736263736,23,0.575,40,0.00850828729281768,0.9914917127071823,0.28867337745769117,0.8050632911392405,9090
medical,MLC_PA_Logistic,0.40,5,0.0050029086678301336,0.21465968586387435,0.0015565187641119426,43,0.9949970913321698,8552,0.1978021978021978,18,91,0.010494473531122745,0.9915066899360093,0.7870855148342059,0.8090750436300173,0.31103698781138583,0.8395604395604396,0.0020942408376963817,0.048865619546247796,0.04694589877835931,0.026531069116370598,0.04133427548061697,0.4267857142857143,18,0.4186046511627907,43,0.008536014967259122,0.9914639850327409,0.2909263478996506,0.8179551122194514,8595
medical,MLC_PA_Logistic,0.50,1,0.0,0.0,0.0017764716334593635,0,1.0,8640,0.0,0,86,0.009953703703703704,0.9900462962962963,0.724826388888889,0.7505208333333333,0.2709239471729459,0.8080357142857143,0.0,0.0,0.0,0.0,0.0,,0,,0,0.009953703703703704,0.9900462962962963,0.2709239471729459,0.8080357142857143,8640
medical,MLC_PA_Logistic,0.50,2,0.0,0.0,0.0015952033294489548,0,1.0,8910,0.0,0,92,0.010325476992143659,0.9896745230078563,0.7230639730639732,0.7516835016835017,0.2832436452744115,0.7937219730941704,0.0,0.0,0.0,0.0,0.0,,0,,0,0.010325476992143659,0.9896745230078563,0.2832436452744115,0.7937219730941704,8910
medical,MLC_PA_Logistic,0.50,3,0.0,0.0,0.0014158157955700163,0,1.0,8775,0.0,0,88,0.010028490028490029,0.98997150997151,0.7128205128205128,0.7391452991452991,0.29068303492949243,0.7990867579908676,0.0,0.0,0.0,0.0,0.0,,0,,0,0.010028490028490029,0.98997150997151,0.29068303492949243,0.7990867579908676,8775
medical,MLC_PA_Logistic,0.50,4,0.0,0.0,0.0013914045808056288,0,1.0,9090,0.0,0,100,0.011001100110011002,0.988998899889989,0.6856435643564357,0.7079207920792079,0.29264093614210746,0.7727272727272727,0.0,0.0,0.0,0.0,0.0,,0,,0,0.011001100110011002,0.988998899889989,0.29264093614210746,0.7727272727272727,9090
medical,MLC_PA_Logistic,0.50,5,0.0,0.0,0.0015565187641119426,0,1.0,8595,0.0,0,91,0.010587550901687027,0.9894124490983129,0.7382198952879581,0.762129144851658,0.28450591869501524,0.7982261640798226,0.0,0.0,0.0,0.0,0.0,,0,,0,0.010587550901687027,0.9894124490983129,0.28450591869501524,0.7982261640798226,8595
medical,GSI_MLC_PA_Logistic,0.20,1,0.0025462962962962965,0.11458333333333333,0.0017133656539960224,22,0.9974537037037037,8618,0.03333333333333333,3,90,0.00965277777777778,0.9908564814814815,0.748263888888889,0.7730902777777778,0.32756042838913724,0.8240534521158129,0.0012731481481481621,0.03298611111111116,0.03402777777777799,0.062992836616025,0.026756154818515676,0.2571428571428572,3,0.13636363636363635,22,0.009166860060338825,0.9908331399396612,0.29609157635953753,0.8175519630484989,8640
medical,GSI_MLC_PA_Logistic,0.20,2,0.00202020202020202,0.08585858585858586,0.0015859200793345365,18,0.997979797979798,8892,0.06382978723404255,6,94,0.01095398428731762,0.9894500561167228,0.7424242424242424,0.7710437710437711,0.3578331400036398,0.7929515418502202,0.0,0.024410774410774327,0.02441077441077444,0.0861664805200506,0.004663253561931868,0.13333333333333333,6,0.3333333333333333,18,0.010571300044984255,0.9894286999550157,0.29553548166637744,0.7873303167420814,8910
medical,GSI_MLC_PA_Logistic,0.20,3,0.002962962962962963,0.11794871794871795,0.001363308480904725,26,0.997037037037037,8749,0.05813953488372093,5,86,0.009595441595441597,0.990997150997151,0.7555555555555554,0.7849572649572649,0.3643585633424777,0.8240534521158129,0.0007977207977207801,0.03247863247863236,0.03555555555555556,0.07109890049184553,0.0204004840792833,0.16666666666666666,5,0.19230769230769232,26,0.009029603383243798,0.9909703966167562,0.34477083081356863,0.8175519630484989,8775
medical,GSI_MLC_PA_Logistic,0.20,4,0.011991199119911991,0.43564356435643564,0.0013955597409806627,109,0.988008800880088,8981,0.2653061224489796,26,98,0.00987898789878988,0.9925192519251925,0.7896039603960396,0.8100660066006601,0.37448785493227177,0.8521739130434782,0.0033003300330033403,0.09983498349834996,0.10297029702970306,0.0919866286518205,0.07591820528092119,0.15517241379310345,26,0.23853211009174313,109,0.00757153991760383,0.9924284600823962,0.3011898900857888,0.8210526315789474,9090
medical,GSI_MLC_PA_Logistic,0.20,5,0.003955788248981966,0.16753926701570682,0.0015224463712880916,34,0.996044211751018,8561,0.0898876404494382,8,89,0.01009889470622455,0.9906922629435718,0.7809773123909247,0.8116928446771379,0.3461998226042495,0.8290598290598291,0.0010471204188481353,0.03228621291448497,0.03909249563699824,0.06001302391912178,0.02552782022980704,0.08888888888888889,8,0.23529411764705882,34,0.009344702721644668,0.9906552972783553,0.29338455310417044,0.820627802690583,8595
medical,GSI_MLC_PA_Logistic,0.25,1,0.0025462962962962965,0.11458333333333333,0.0017133656539960224,22,0.9974537037037037,8618,0.03333333333333333,3,90,0.009780092592592592,0.9908564814814815,0.748263888888889,0.7730902777777778,0.32756042838913724,0.8240534521158129,0.0012731481481481621,0.03298611111111116,0.03402777777777799,0.062992836616025,0.026756154818515676,0.2571428571428572,3,0.13636363636363635,22,0.009166860060338825,0.9908331399396612,0.29609157635953753,0.8175519630484989,8640
medical,GSI_MLC_PA_Logistic,0.25,2,0.00202020202020202,0.08585858585858586,0.0015859200793345365,18,0.997979797979798,8892,0.06382978723404255,6,94,0.011054994388327721,0.9894500561167228,0.7424242424242424,0.7710437710437711,0.3578331400036398,0.7929515418502202,0.0,0.024410774410774327,0.02441077441077444,0.0861664805200506,0.004663253561931868,0.13333333333333333,6,0.3333333333333333,18,0.010571300044984255,0.9894286999550157,0.29553548166637744,0.7873303167420814,8910
medical,GSI_MLC_PA_Logistic,0.25,3,0.002962962962962963,0.11794871794871795,0.001363308480904725,26,0.997037037037037,8749,0.05813953488372093,5,86,0.009743589743589744,0.990997150997151,0.7555555555555554,0.7849572649572649,0.3643585633424777,0.8240534521158129,0.0007977207977207801,0.03247863247863236,0.03555555555555556,0.07109890049184553,0.0204004840792833,0.16666666666666666,5,0.19230769230769232,26,0.009029603383243798,0.9909703966167562,0.34477083081356863,0.8175519630484989,8775
medical,GSI_MLC_PA_Logistic,0.25,4,0.011991199119911991,0.43564356435643564,0.0013955597409806627,109,0.988008800880088,8981,0.2653061224489796,26,98,0.010478547854785478,0.9925192519251925,0.7896039603960396,0.8100660066006601,0.37448785493227177,0.8521739130434782,0.0033003300330033403,0.09983498349834996,0.10297029702970306,0.0919866286518205,0.07591820528092119,0.15517241379310345,26,0.23853211009174313,109,0.00757153991760383,0.9924284600823962,0.3011898900857888,0.8210526315789474,9090
medical,GSI_MLC_PA_Logistic,0.25,5,0.003955788248981966,0.16753926701570682,0.0015224463712880916,34,0.996044211751018,8561,0.0898876404494382,8,89,0.010296684118673648,0.9906922629435718,0.7809773123909247,0.8116928446771379,0.3461998226042495,0.8290598290598291,0.0010471204188481353,0.03228621291448497,0.03909249563699824,0.06001302391912178,0.02552782022980704,0.08888888888888889,8,0.23529411764705882,34,0.009344702721644668,0.9906552972783553,0.29338455310417044,0.820627802690583,8595
medical,GSI_MLC_PA_Logistic,0.30,1,0.0025462962962962965,0.11458333333333333,0.0017133656539960224,22,0.9974537037037037,8618,0.03333333333333333,3,90,0.009907407407407406,0.9908564814814815,0.748263888888889,0.7730902777777778,0.32756042838913724,0.8240534521158129,0.0012731481481481621,0.03298611111111116,0.03402777777777799,0.062992836616025,0.026756154818515676,0.2571428571428572,3,0.13636363636363635,22,0.009166860060338825,0.9908331399396612,0.29609157635953753,0.8175519630484989,8640
medical,GSI_MLC_PA_Logistic,0.30,2,0.00202020202020202,0.08585858585858586,0.0015859200793345365,18,0.997979797979798,8892,0.06382978723404255,6,94,0.011156004489337823,0.9894500561167228,0.7424242424242424,0.7710437710437711,0.3578331400036398,0.7929515418502202,0.0,0.024410774410774327,0.02441077441077444,0.0861664805200506,0.004663253561931868,0.13333333333333333,6,0.3333333333333333,18,0.010571300044984255,0.9894286999550157,0.29553548166637744,0.7873303167420814,8910
medical,GSI_MLC_PA_Logistic,0.30,3,0.002962962962962963,0.11794871794871795,0.001363308480904725,26,0.997037037037037,8749,0.05813953488372093,5,86,0.00989173789173789,0.990997150997151,0.7555555555555554,0.7849572649572649,0.3643585633424777,0.8240534521158129,0.0007977207977207801,0.03247863247863236,0.03555555555555556,0.07109890049184553,0.0204004840792833,0.16666666666666666,5,0.19230769230769232,26,0.009029603383243798,0.9909703966167562,0.34477083081356863,0.8175519630484989,8775
medical,GSI_MLC_PA_Logistic,0.30,4,0.011991199119911991,0.43564356435643564,0.0013955597409806627,109,0.988008800880088,8981,0.2653061224489796,26,98,0.011078107810781076,0.9925192519251925,0.7896039603960396,0.8100660066006601,0.37448785493227177,0.8521739130434782,0.0033003300330033403,0.09983498349834996,0.10297029702970306,0.0919866286518205,0.07591820528092119,0.15517241379310345,26,0.23853211009174313,109,0.00757153991760383,0.9924284600823962,0.3011898900857888,0.8210526315789474,9090
medical,GSI_MLC_PA_Logistic,0.30,5,0.003955788248981966,0.16753926701570682,0.0015224463712880916,34,0.996044211751018,8561,0.0898876404494382,8,89,0.010494473531122744,0.9906922629435718,0.7809773123909247,0.8116928446771379,0.3461998226042495,0.8290598290598291,0.0010471204188481353,0.03228621291448497,0.03909249563699824,0.06001302391912178,0.02552782022980704,0.08888888888888889,8,0.23529411764705882,34,0.009344702721644668,0.9906552972783553,0.29338455310417044,0.820627802690583,8595
medical,GSI_MLC_PA_Logistic,0.35,1,0.0025462962962962965,0.11458333333333333,0.0017133656539960224,22,0.9974537037037037,8618,0.03333333333333333,3,90,0.010034722222222221,0.9908564814814815,0.748263888888889,0.7730902777777778,0.32756042838913724,0.8240534521158129,0.0012731481481481621,0.03298611111111116,0.03402777777777799,0.062992836616025,0.026756154818515676,0.2571428571428572,3,0.13636363636363635,22,0.009166860060338825,0.9908331399396612,0.29609157635953753,0.8175519630484989,8640
medical,GSI_MLC_PA_Logistic,0.35,2,0.00202020202020202,0.08585858585858586,0.0015859200793345365,18,0.997979797979798,8892,0.06382978723404255,6,94,0.011257014590347923,0.9894500561167228,0.7424242424242424,0.7710437710437711,0.3578331400036398,0.7929515418502202,0.0,0.024410774410774327,0.02441077441077444,0.0861664805200506,0.004663253561931868,0.13333333333333333,6,0.3333333333333333,18,0.010571300044984255,0.9894286999550157,0.29553548166637744,0.7873303167420814,8910
medical,GSI_MLC_PA_Logistic,0.35,3,0.002962962962962963,0.11794871794871795,0.001363308480904725,26,0.997037037037037,8749,0.05813953488372093,5,86,0.010039886039886039,0.990997150997151,0.7555555555555554,0.7849572649572649,0.3643585633424777,0.8240534521158129,0.0007977207977207801,0.03247863247863236,0.03555555555555556,0.07109890049184553,0.0204004840792833,0.16666666666666666,5,0.19230769230769232,26,0.009029603383243798,0.9909703966167562,0.34477083081356863,0.8175519630484989,8775
medical,GSI_MLC_PA_Logistic,0.35,4,0.011991199119911991,0.43564356435643564,0.0013955597409806627,109,0.988008800880088,8981,0.2653061224489796,26,98,0.011677667766776678,0.9925192519251925,0.7896039603960396,0.8100660066006601,0.37448785493227177,0.8521739130434782,0.0033003300330033403,0.09983498349834996,0.10297029702970306,0.0919866286518205,0.07591820528092119,0.15517241379310345,26,0.23853211009174313,109,0.00757153991760383,0.9924284600823962,0.3011898900857888,0.8210526315789474,9090
medical,GSI_MLC_PA_Logistic,0.35,5,0.003955788248981966,0.16753926701570682,0.0015224463712880916,34,0.996044211751018,8561,0.0898876404494382,8,89,0.010692262943571845,0.9906922629435718,0.7809773123909247,0.8116928446771379,0.3461998226042495,0.8290598290598291,0.0010471204188481353,0.03228621291448497,0.03909249563699824,0.06001302391912178,0.02552782022980704,0.08888888888888889,8,0.23529411764705882,34,0.009344702721644668,0.9906552972783553,0.29338455310417044,0.820627802690583,8595
medical,GSI_MLC_PA_Logistic,0.40,1,0.0025462962962962965,0.11458333333333333,0.0017133656539960224,22,0.9974537037037037,8618,0.03333333333333333,3,90,0.010162037037037039,0.9908564814814815,0.748263888888889,0.7730902777777778,0.32756042838913724,0.8240534521158129,0.0012731481481481621,0.03298611111111116,0.03402777777777799,0.062992836616025,0.026756154818515676,0.2571428571428572,3,0.13636363636363635,22,0.009166860060338825,0.9908331399396612,0.29609157635953753,0.8175519630484989,8640
medical,GSI_MLC_PA_Logistic,0.40,2,0.00202020202020202,0.08585858585858586,0.0015859200793345365,18,0.997979797979798,8892,0.06382978723404255,6,94,0.011358024691358024,0.9894500561167228,0.7424242424242424,0.7710437710437711,0.3578331400036398,0.7929515418502202,0.0,0.024410774410774327,0.02441077441077444,0.0861664805200506,0.004663253561931868,0.13333333333333333,6,0.3333333333333333,18,0.010571300044984255,0.9894286999550157,0.29553548166637744,0.7873303167420814,8910
medical,GSI_MLC_PA_Logistic,0.40,3,0.002962962962962963,0.11794871794871795,0.001363308480904725,26,0.997037037037037,8749,0.05813953488372093,5,86,0.01018803418803419,0.990997150997151,0.7555555555555554,0.7849572649572649,0.3643585633424777,0.8240534521158129,0.0007977207977207801,0.03247863247863236,0.03555555555555556,0.07109890049184553,0.0204004840792833,0.16666666666666666,5,0.19230769230769232,26,0.009029603383243798,0.9909703966167562,0.34477083081356863,0.8175519630484989,8775
medical,GSI_MLC_PA_Logistic,0.40,4,0.011991199119911991,0.43564356435643564,0.0013955597409806627,109,0.988008800880088,8981,0.2653061224489796,26,98,0.012277227722772276,0.9925192519251925,0.7896039603960396,0.8100660066006601,0.37448785493227177,0.8521739130434782,0.0033003300330033403,0.09983498349834996,0.10297029702970306,0.0919866286518205,0.07591820528092119,0.15517241379310345,26,0.23853211009174313,109,0.00757153991760383,0.9924284600823962,0.3011898900857888,0.8210526315789474,9090
medical,GSI_MLC_PA_Logistic,0.40,5,0.003955788248981966,0.16753926701570682,0.0015224463712880916,34,0.996044211751018,8561,0.0898876404494382,8,89,0.010890052356020941,0.9906922629435718,0.7809773123909247,0.8116928446771379,0.3461998226042495,0.8290598290598291,0.0010471204188481353,0.03228621291448497,0.03909249563699824,0.06001302391912178,0.02552782022980704,0.08888888888888889,8,0.23529411764705882,34,0.009344702721644668,0.9906552972783553,0.29338455310417044,0.820627802690583,8595
medical,GSI_MLC_PA_Logistic,0.50,1,0.0025462962962962965,0.11458333333333333,0.0017133656539960224,22,0.9974537037037037,8618,0.03333333333333333,3,90,0.010416666666666666,0.9908564814814815,0.748263888888889,0.7730902777777778,0.32756042838913724,0.8240534521158129,0.0012731481481481621,0.03298611111111116,0.03402777777777799,0.062992836616025,0.026756154818515676,0.2571428571428572,3,0.13636363636363635,22,0.009166860060338825,0.9908331399396612,0.29609157635953753,0.8175519630484989,8640
medical,GSI_MLC_PA_Logistic,0.50,2,0.00202020202020202,0.08585858585858586,0.0015859200793345365,18,0.997979797979798,8892,0.06382978723404255,6,94,0.011560044893378228,0.9894500561167228,0.7424242424242424,0.7710437710437711,0.3578331400036398,0.7929515418502202,0.0,0.024410774410774327,0.02441077441077444,0.0861664805200506,0.004663253561931868,0.13333333333333333,6,0.3333333333333333,18,0.010571300044984255,0.9894286999550157,0.29553548166637744,0.7873303167420814,8910
medical,GSI_MLC_PA_Logistic,0.50,3,0.002962962962962963,0.11794871794871795,0.001363308480904725,26,0.997037037037037,8749,0.05813953488372093,5,86,0.010484330484330484,0.990997150997151,0.7555555555555554,0.7849572649572649,0.3643585633424777,0.8240534521158129,0.0007977207977207801,0.03247863247863236,0.03555555555555556,0.07109890049184553,0.0204004840792833,0.16666666666666666,5,0.19230769230769232,26,0.009029603383243798,0.9909703966167562,0.34477083081356863,0.8175519630484989,8775
medical,GSI_MLC_PA_Logistic,0.50,4,0.011991199119911991,0.43564356435643564,0.0013955597409806627,109,0.988008800880088,8981,0.2653061224489796,26,98,0.013476347634763476,0.9925192519251925,0.7896039603960396,0.8100660066006601,0.37448785493227177,0.8521739130434782,0.0033003300330033403,0.09983498349834996,0.10297029702970306,0.0919866286518205,0.07591820528092119,0.15517241379310345,26,0.23853211009174313,109,0.00757153991760383,0.9924284600823962,0.3011898900857888,0.8210526315789474,9090
medical,GSI_MLC_PA_Logistic,0.50,5,0.003955788248981966,0.16753926701570682,0.0015224463712880916,34,0.996044211751018,8561,0.0898876404494382,8,89,0.01128563118091914,0.9906922629435718,0.7809773123909247,0.8116928446771379,0.3461998226042495,0.8290598290598291,0.0010471204188481353,0.03228621291448497,0.03909249563699824,0.06001302391912178,0.02552782022980704,0.08888888888888889,8,0.23529411764705882,34,0.009344702721644668,0.9906552972783553,0.29338455310417044,0.820627802690583,8595
enron,MLC_PA_Logistic,0.20,1,0.04700526546731022,0.8662790697674418,0.014238911028391575,857,0.9529947345326898,17375,0.36884306987399773,322,873,0.03962264150943396,0.9697784115840281,0.6349783130306386,0.7300006679367145,0.3336519661534448,0.7295041728031418,0.017661254936375603,0.18993800934207905,0.1776980529160761,0.12307221525240439,0.1640487223302698,0.31611060190841817,322,0.3757292882147025,857,0.031712230215827336,0.9682877697841726,0.1736894432502456,0.5891126025354213,18232
enron,MLC_PA_Logistic,0.20,2,0.047337278106508875,0.9023668639053254,0.012484349218515387,848,0.9526627218934911,17066,0.37919463087248323,339,894,0.04044881098582114,0.9690186446354806,0.5941931999624307,0.6934616665385895,0.3454547006374769,0.725925925925926,0.01892374679021991,0.16246243073166144,0.14790695826198774,0.1153247612787528,0.16244936342592597,0.29052455953848183,339,0.39976415094339623,848,0.03252080159381226,0.9674791984061878,0.18737411503983173,0.5885841363973313,17914
enron,MLC_PA_Logistic,0.20,3,0.04500957068635494,0.8724637681159421,0.015162693273267386,823,0.9549904293136451,17462,0.3565217391304348,328,920,0.041378178835110746,0.9676237353021603,0.6110552732291862,0.7107575194531717,0.3239698541613379,0.7098039215686275,0.017938200710965302,0.17114028483593702,0.15950304124217174,0.09943422180998637,0.15253731906622137,0.3235168423390868,328,0.3985419198055893,823,0.03390218760737602,0.9660978123926239,0.16279799617886667,0.5795454545454546,18285
enron,MLC_PA_Logistic,0.20,4,0.042241622078287806,0.8477611940298507,0.01441397375583447,750,0.9577583779217121,17005,0.3417142857142857,299,875,0.04088989017178259,0.967558434243875,0.608622364368633,0.7065823562838488,0.2801261255673097,0.7145688800792864,0.01684032666854407,0.15717957829898127,0.14971514389424834,0.07453638009825436,0.15054297076189727,0.37404438437495824,299,0.39866666666666667,750,0.033872390473390177,0.9661276095266098,0.1705432492536891,0.5832127351664255,17755
enron,MLC_PA_Logistic,0.20,5,0.0437291897891232,0.8441176470588235,0.012837546655188107,788,0.9562708102108768,17232,0.3454746136865342,313,906,0.041653718091009984,0.9670921198668146,0.5808345004668535,0.6803518540283247,0.2946973909234115,0.7054148037754595,0.017369589345172076,0.16632819794584502,0.1555093109504876,0.08559854172977874,0.15977789304326295,0.31151927585730355,313,0.39720812182741116,788,0.03441272051996286,0.9655872794800371,0.18752508875918802,0.5623616236162362,18020
enron,MLC_PA_Logistic,0.25,1,0.0377906976744186,0.8081395348837209,0.014238911028391575,689,0.9622093023255814,17543,0.3138602520045819,274,873,0.04230199648968846,0.9671456779289161,0.6009903775165404,0.7010133519581194,0.31450477679302696,0.703905091448344,0.01502852128126364,0.15595007382798087,0.14871073693748105,0.10392502589198657,0.13844964097547197,0.3222743661006483,274,0.397677793904209,689,0.03414467308898136,0.9658553269110186,0.17666845716480675,0.5866114561766735,18232
enron,MLC_PA_Logistic,0.25,2,0.03745673774701351,0.8313609467455622,0.012484349218515387,671,0.9625432622529865,17243,0.31543624161073824,282,894,0.04352740873060176,0.9658367757061516,0.5657732225039916,0.6686858013781092,0.32604028415356273,0.6991150442477876,0.015741877860890874,0.1340424532732224,0.12313109310150738,0.09591034479483862,0.1356384817477876,0.3006290142603936,282,0.4202682563338301,671,0.03549266368961318,0.9645073363103869,0.18843869526950155,0.5831062670299727,17914
enron,MLC_PA_Logistic,0.25,3,0.03538419469510528,0.7971014492753623,0.015162693273267386,647,0.9646158053048948,17638,0.30869565217391304,284,920,0.043628657369428496,0.9652173913043478,0.5871111738503043,0.6897695862913253,0.3115091955629611,0.685459940652819,0.015531856713152825,0.14719618545705515,0.1385151080803254,0.08697356321160957,0.1281933381504129,0.32905509835698676,284,0.43894899536321486,647,0.03605851003515138,0.9639414899648486,0.1723062247933192,0.5815789473684211,18285
enron,MLC_PA_Logistic,0.25,4,0.03328639819769079,0.7970149253731343,0.01441397375583447,591,0.9667136018023093,17164,0.272,238,875,0.04419881723458181,0.9641227823148408,0.5737372660506989,0.6737393452318825,0.26346222713072714,0.6829268292682927,0.013404674739509903,0.12229447998104709,0.11687213284228204,0.057872481661671804,0.11890091995090357,0.30298840762238927,238,0.4027072758037225,591,0.03711256117455139,0.9628874388254486,0.19203131457440875,0.5828421741977734,17755
enron,MLC_PA_Logistic,0.25,5,0.03412874583795782,0.7941176470588235,0.012837546655188107,615,0.9658712541620422,17405,0.2869757174392936,260,906,0.04438124306326304,0.9641509433962264,0.5498984593837535,0.6526148034971565,0.27865100632862344,0.6760280842527583,0.014428412874583851,0.13539215686274503,0.12777226041931944,0.06955215713499066,0.13039117352056173,0.3009238952159695,260,0.42276422764227645,615,0.03711577133007756,0.9628842286699224,0.1963621355595764,0.5652759084791387,18020
enron,MLC_PA_Logistic,0.30,1,0.028576129881526986,0.7383720930232558,0.014238911028391575,521,0.971423870118473,17711,0.23940435280641467,209,873,0.04499232119350592,0.9635805177709522,0.5596282512706932,0.6629848107319039,0.29438371519499906,0.6696517412935323,0.011463361123299709,0.11458794758213364,0.11068219571126547,0.08380396429395867,0.10419629082066029,0.32000201909704173,209,0.40115163147792704,521,0.03749082491107222,0.9625091750889277,0.18426470277199997,0.5786802030456852,18232
enron,MLC_PA_Logistic,0.30,2,0.029920732388076365,0.7603550295857988,0.012484349218515387,536,0.9700792676119236,17378,0.25279642058165547,226,894,0.046265490677682264,0.9627107290387407,0.5405724617263079,0.6463347631986684,0.30633868462563374,0.6722276741903828,0.012615831193479976,0.10884169249553866,0.10078005492206665,0.07620874526690963,0.10875111169038276,0.28583720324657086,226,0.4216417910447761,536,0.03843940614570146,0.9615605938542986,0.20383686638264448,0.5782828282828283,17914
enron,MLC_PA_Logistic,0.30,3,0.028383921246923707,0.7304347826086957,0.015162693273267386,519,0.9716160787530763,17766,0.25217391304347825,232,920,0.04614164615805305,0.9623735302160241,0.5500649350649351,0.6540675427631949,0.29556932554586524,0.6594059405940594,0.01268799562482914,0.11014994667168598,0.10281306455219497,0.07103369319451372,0.10213933809165332,0.31602647438560755,232,0.44701348747591524,519,0.03872565574693234,0.9612743442530677,0.17701698809632985,0.5784313725490197,18285
enron,MLC_PA_Logistic,0.30,4,0.02590819487468319,0.7283582089552239,0.01441397375583447,460,0.9740918051253168,17295,0.21257142857142858,186,875,0.04657842861165869,0.9611940298507463,0.546107557450841,0.6504374564076056,0.24723333618443077,0.6580645161290323,0.010475922275415384,0.09466477138118928,0.09357024401800518,0.041643590715375434,0.09403860681164311,0.31704495232686913,186,0.4043478260869565,460,0.03983810349812084,0.9601618965018791,0.19309317699719797,0.576521204671174,17755
enron,MLC_PA_Logistic,0.30,5,0.02685904550499445,0.7176470588235294,0.012837546655188107,484,0.9731409544950056,17536,0.23730684326710816,215,906,0.04640399556048835,0.96165371809101,0.5247630718954248,0.6304237755708344,0.2705100857529256,0.6543271635817909,0.011931187569367396,0.11025676937441636,0.10558123249299733,0.06141123655929284,0.10869025284959433,0.30822430662265227,215,0.44421487603305787,484,0.039404653284671534,0.9605953467153284,0.1964753104098231,0.5640378548895899,18020
enron,MLC_PA_Logistic,0.35,1,0.021336112329969285,0.6744186046511628,0.014238911028391575,389,0.9786638876700308,17843,0.17983963344788087,157,873,0.04673924967090829,0.960728389644581,0.5307038326660419,0.6352691155743481,0.2622652177909202,0.6405622489959839,0.008611232996928453,0.08566352897748242,0.08296650055370969,0.05168546688987982,0.07510679852311186,0.30895447894450884,157,0.40359897172236503,389,0.04012778120271255,0.9598722187972875,0.18828978922654938,0.5722819593787336,18232
enron,MLC_PA_Logistic,0.35,2,0.02199397119571285,0.6627218934911243,0.012484349218515387,394,0.9780060288042871,17520,0.1890380313199105,169,894,0.04816902980908787,0.9595288601094116,0.5152331642716258,0.624107565675613,0.28689317175264417,0.6444335458558117,0.009433962264150941,0.08350239504085655,0.07855285739901119,0.05676323239392006,0.0809569833558117,0.2884731670445956,169,0.4289340101522843,394,0.04138127853881279,0.9586187214611872,0.2019268770469517,0.5747800586510264,17914
enron,MLC_PA_Logistic,0.35,3,0.0206726825266612,0.6318840579710145,0.015162693273267386,378,0.9793273174733388,17907,0.18369565217391304,169,920,0.048307355756084226,0.9589280831282472,0.5107102076667295,0.6176821568125916,0.27478673903025624,0.6295017266896892,0.009242548537052198,0.07079521927348031,0.06642767860159171,0.05025110667890473,0.07223512418728306,0.3343573438447388,169,0.4470899470899471,378,0.04193890657284861,0.9580610934271514,0.18598543392080377,0.5686387133831131,18285
enron,MLC_PA_Logistic,0.35,4,0.019712756969867642,0.6507462686567164,0.01441397375583447,350,0.9802872430301324,17405,0.1657142857142857,145,875,0.04801464376232047,0.9588848211771333,0.5238000473821369,0.627949562874936,0.23863492218873794,0.6378968253968254,0.008166713601802322,0.07235726131248515,0.07108235048533551,0.0330451767196826,0.07387091607943619,0.2585577144339603,145,0.4142857142857143,350,0.041941970698075266,0.9580580293019247,0.20060609923595957,0.5745920745920746,17755
enron,MLC_PA_Logistic,0.35,5,0.01925638179800222,0.611764705882353,0.012837546655188107,347,0.9807436182019977,17673,0.17549668874172186,159,906,0.04819367369589345,0.9585460599334074,0.4959780578898225,0.6050454121042357,0.24429661927411464,0.6255639097744361,0.008823529411764786,0.08147175536881407,0.08020286902639862,0.03519777008048186,0.07992699904223954,0.2907399643643224,159,0.45821325648414984,347,0.04226786623663215,0.9577321337633679,0.20422777953254026,0.5582495564754583,18020
enron,MLC_PA_Logistic,0.40,1,0.014754278192189557,0.5261627906976745,0.014238911028391575,269,0.9852457218078104,17963,0.12714776632302405,111,873,0.04769635805177709,0.9582053532250987,0.5075195395689581,0.6140488145575355,0.253445730379272,0.6167002012072434,0.006088196577446192,0.06247923588039861,0.061746199536897084,0.04286597947823159,0.0512447507343714,0.2707976299494157,111,0.41263940520446096,269,0.042420531091688474,0.9575794689083115,0.20020141726159257,0.5699774266365688,18232
enron,MLC_PA_Logistic,0.40,2,0.0143463213129396,0.5029585798816568,0.012484349218515387,257,0.9856536786870604,17657,0.12863534675615212,115,894,0.04922407055933906,0.9565144579658368,0.48910960834037764,0.6004124573651201,0.2635955771017619,0.6190709046454768,0.0064195601205760955,0.05737883910960839,0.05485774908851826,0.03346563774303779,0.05559434214547676,0.2620211526371449,115,0.4474708171206226,257,0.044118479922976725,0.9558815200770233,0.22782958580555981,0.5726823916620954,17914
enron,MLC_PA_Logistic,0.40,3,0.013344271260596117,0.4782608695652174,0.015162693273267386,244,0.9866557287394039,18041,0.12391304347826088,114,920,0.04941755537325676,0.9559201531309817,0.48476566911349517,0.5942265464004594,0.263640171567891,0.6052889324191969,0.006234618539786685,0.044850680720246006,0.04297206818945942,0.039104539216539475,0.048022329916790785,0.2540297444648357,114,0.4672131147540984,244,0.04467601574192118,0.9553239842580789,0.21210616271726693,0.5671321160042965,18285
enron,MLC_PA_Logistic,0.40,4,0.013010419600112644,0.4835820895522388,0.01441397375583447,231,0.9869895803998874,17524,0.11314285714285714,99,875,0.04891016615038017,0.9562940016896648,0.49739753612887944,0.6022230671484403,0.224190897915572,0.6127744510978044,0.005575894114333901,0.04595475005922767,0.04535585475883985,0.018601152446516667,0.04874854178041521,0.2604906204906205,99,0.42857142857142855,231,0.04428212736818078,0.9557178726318192,0.2008759161917123,0.5731573157315731,17755
enron,MLC_PA_Logistic,0.40,5,0.012874583795782464,0.47058823529411764,0.012837546655188107,232,0.9871254162042176,17788,0.12693156732891833,115,906,0.04904550499445061,0.9561043285238624,0.47139472455648923,0.5815932433579493,0.23279663093394132,0.6007067137809188,0.0063817980022198295,0.05688842203548078,0.0567507002801122,0.023697781740308538,0.05506980304872222,0.23012571447106553,115,0.4956896551724138,232,0.04446818079604228,0.9555318192039577,0.2114351003079761,0.5568627450980392,18020
enron,MLC_PA_Logistic,0.50,1,0.0,0.0,0.014238911028391575,0,1.0,18232,0.0,0,873,0.04788284335234752,0.9521171566476525,0.4450403036885595,0.5523026150206384,0.2105797509010404,0.565455450472872,0.0,0.0,0.0,0.0,0.0,,0,,0,0.04788284335234752,0.9521171566476525,0.2105797509010404,0.565455450472872,18232
enron,MLC_PA_Logistic,0.50,2,0.0,0.0,0.012484349218515387,0,1.0,17914,0.0,0,894,0.04990510215473931,0.9500948978452607,0.43173076923076925,0.5455547082766018,0.2301299393587241,0.5634765625,0.0,0.0,0.0,0.0,0.0,,0,,0,0.04990510215473931,0.9500948978452607,0.2301299393587241,0.5634765625,17914
enron,MLC_PA_Logistic,0.50,3,0.0,0.0,0.015162693273267386,0,1.0,18285,0.0,0,920,0.050314465408805034,0.949685534591195,0.43991498839324916,0.5512544782109999,0.22453563235135152,0.5572666025024061,0.0,0.0,0.0,0.0,0.0,,0,,0,0.050314465408805034,0.949685534591195,0.22453563235135152,0.5572666025024061,18285
enron,MLC_PA_Logistic,0.50,4,0.0,0.0,0.01441397375583447,0,1.0,17755,0.0,0,875,0.049281892424669106,0.9507181075753309,0.45144278606965177,0.5568672123896005,0.20558974546905534,0.5640259093173892,0.0,0.0,0.0,0.0,0.0,,0,,0,0.049281892424669106,0.9507181075753309,0.20558974546905534,0.5640259093173892,17755
enron,MLC_PA_Logistic,0.50,5,0.0,0.0,0.012837546655188107,0,1.0,18020,0.0,0,906,0.05027746947835738,0.9497225305216426,0.41450630252100845,0.5248425430778371,0.20909884919363278,0.5456369107321966,0.0,0.0,0.0,0.0,0.0,,0,,0,0.05027746947835738,0.9497225305216426,0.20909884919363278,0.5456369107321966,18020
enron,GSI_MLC_PA_Logistic,0.20,1,0.04261737604212374,0.8430232558139535,0.01380323433748883,777,0.9573826239578762,17455,0.25776754890678943,224,869,0.0444493198771391,0.9640741553312857,0.5866929501377176,0.6873025486825076,0.3152528111918703,0.6858513189448441,0.011737604212373909,0.14409589118891447,0.14177360249949167,0.10759682347800942,0.12056867762418377,0.12618789712567802,224,0.2882882882882883,777,0.03752506445144658,0.9624749355485535,0.23339440607420037,0.5630420280186791,18232
enron,GSI_MLC_PA_Logistic,0.20,2,0.0401920285809981,0.8668639053254438,0.012317898652888926,720,0.9598079714190019,17194,0.2745762711864407,243,885,0.045439321201295076,0.9625990845149045,0.5655008453085375,0.676292888570995,0.33386251871173467,0.6895273401297498,0.012001786312381357,0.12887198271813638,0.12963133185026676,0.09648392741248255,0.12313831514199869,0.11827469555465313,243,0.3375,720,0.03896708154007212,0.9610329184599279,0.2616996125976844,0.5944309927360775,17914
enron,GSI_MLC_PA_Logistic,0.20,3,0.04353295050587914,0.8608695652173913,0.014920024570040772,796,0.9564670494941209,17489,0.2884399551066218,257,891,0.043762646978397594,0.9649439431227782,0.6044780099127925,0.7065616187355317,0.331741777091653,0.6983529411764706,0.013672409078479553,0.1579860718991154,0.1499531869097086,0.09989689285592512,0.13150802139037432,0.17135601534733494,257,0.3228643216080402,796,0.03665160958316656,0.9633483904168334,0.24469319118691957,0.593015873015873,18285
enron,GSI_MLC_PA_Logistic,0.20,4,0.04635313996057448,0.8626865671641791,0.013999969526486565,823,0.9536468600394256,16932,0.30126002290950743,263,873,0.0443593353984793,0.9649112925936356,0.6071037668798862,0.7093301557480661,0.29205948045118246,0.7048792041686405,0.014080540692762655,0.15806443970623063,0.15515515993127926,0.08770674148243623,0.14335233324950436,0.14399092736124483,263,0.3195625759416768,823,0.036794235766595795,0.9632057642334042,0.23112855904864232,0.5804713804713805,17755
enron,GSI_MLC_PA_Logistic,0.20,5,0.0413984461709212,0.8558823529411764,0.012225440601721,746,0.9586015538290789,17274,0.28859060402684567,258,894,0.04401775804661487,0.9642619311875693,0.5715546218487395,0.6757103517397635,0.28899577360186357,0.6936251189343482,0.013873473917868973,0.14911181139122326,0.1434052548758431,0.07686465927392741,0.14062511893434815,0.10306365768991861,258,0.34584450402144773,746,0.03728146347111266,0.9627185365288874,0.22965703447011152,0.587708066581306,18020
enron,GSI_MLC_PA_Logistic,0.25,1,0.04261737604212374,0.8430232558139535,0.01380323433748883,777,0.9573826239578762,17455,0.25776754890678943,224,869,0.04658018867924528,0.9640741553312857,0.5866929501377176,0.6873025486825076,0.3152528111918703,0.6858513189448441,0.011737604212373909,0.14409589118891447,0.14177360249949167,0.10759682347800942,0.12056867762418377,0.12618789712567802,224,0.2882882882882883,777,0.03752506445144658,0.9624749355485535,0.23339440607420037,0.5630420280186791,18232
enron,GSI_MLC_PA_Logistic,0.25,2,0.0401920285809981,0.8668639053254438,0.012317898652888926,720,0.9598079714190019,17194,0.2745762711864407,243,885,0.04744892263034498,0.9625990845149045,0.5655008453085375,0.676292888570995,0.33386251871173467,0.6895273401297498,0.012001786312381357,0.12887198271813638,0.12963133185026676,0.09648392741248255,0.12313831514199869,0.11827469555465313,243,0.3375,720,0.03896708154007212,0.9610329184599279,0.2616996125976844,0.5944309927360775,17914
enron,GSI_MLC_PA_Logistic,0.25,3,0.04353295050587914,0.8608695652173913,0.014920024570040772,796,0.9564670494941209,17489,0.2884399551066218,257,891,0.04593929450369155,0.9649439431227782,0.6044780099127925,0.7065616187355317,0.331741777091653,0.6983529411764706,0.013672409078479553,0.1579860718991154,0.1499531869097086,0.09989689285592512,0.13150802139037432,0.17135601534733494,257,0.3228643216080402,796,0.03665160958316656,0.9633483904168334,0.24469319118691957,0.593015873015873,18285
enron,GSI_MLC_PA_Logistic,0.25,4,0.04635313996057448,0.8626865671641791,0.013999969526486565,823,0.9536468600394256,16932,0.30126002290950743,263,873,0.04667699239650803,0.9649112925936356,0.6071037668798862,0.7093301557480661,0.29205948045118246,0.7048792041686405,0.014080540692762655,0.15806443970623063,0.15515515993127926,0.08770674148243623,0.14335233324950436,0.14399092736124483,263,0.3195625759416768,823,0.036794235766595795,0.9632057642334042,0.23112855904864232,0.5804713804713805,17755
enron,GSI_MLC_PA_Logistic,0.25,5,0.0413984461709212,0.8558823529411764,0.012225440601721,746,0.9586015538290789,17274,0.28859060402684567,258,894,0.046087680355160934,0.9642619311875693,0.5715546218487395,0.6757103517397635,0.28899577360186357,0.6936251189343482,0.013873473917868973,0.14911181139122326,0.1434052548758431,0.07686465927392741,0.14062511893434815,0.10306365768991861,258,0.34584450402144773,746,0.03728146347111266,0.9627185365288874,0.22965703447011152,0.587708066581306,18020
enron,GSI_MLC_PA_Logistic,0.30,1,0.04261737604212374,0.8430232558139535,0.01380323433748883,777,0.9573826239578762,17455,0.25776754890678943,224,869,0.048711057481351475,0.9640741553312857,0.5866929501377176,0.6873025486825076,0.3152528111918703,0.6858513189448441,0.011737604212373909,0.14409589118891447,0.14177360249949167,0.10759682347800942,0.12056867762418377,0.12618789712567802,224,0.2882882882882883,777,0.03752506445144658,0.9624749355485535,0.23339440607420037,0.5630420280186791,18232
enron,GSI_MLC_PA_Logistic,0.30,2,0.0401920285809981,0.8668639053254438,0.012317898652888926,720,0.9598079714190019,17194,0.2745762711864407,243,885,0.04945852405939489,0.9625990845149045,0.5655008453085375,0.676292888570995,0.33386251871173467,0.6895273401297498,0.012001786312381357,0.12887198271813638,0.12963133185026676,0.09648392741248255,0.12313831514199869,0.11827469555465313,243,0.3375,720,0.03896708154007212,0.9610329184599279,0.2616996125976844,0.5944309927360775,17914
enron,GSI_MLC_PA_Logistic,0.30,3,0.04353295050587914,0.8608695652173913,0.014920024570040772,796,0.9564670494941209,17489,0.2884399551066218,257,891,0.04811594202898551,0.9649439431227782,0.6044780099127925,0.7065616187355317,0.331741777091653,0.6983529411764706,0.013672409078479553,0.1579860718991154,0.1499531869097086,0.09989689285592512,0.13150802139037432,0.17135601534733494,257,0.3228643216080402,796,0.03665160958316656,0.9633483904168334,0.24469319118691957,0.593015873015873,18285
enron,GSI_MLC_PA_Logistic,0.30,4,0.04635313996057448,0.8626865671641791,0.013999969526486565,823,0.9536468600394256,16932,0.30126002290950743,263,873,0.04899464939453676,0.9649112925936356,0.6071037668798862,0.7093301557480661,0.29205948045118246,0.7048792041686405,0.014080540692762655,0.15806443970623063,0.15515515993127926,0.08770674148243623,0.14335233324950436,0.14399092736124483,263,0.3195625759416768,823,0.036794235766595795,0.9632057642334042,0.23112855904864232,0.5804713804713805,17755
enron,GSI_MLC_PA_Logistic,0.30,5,0.0413984461709212,0.8558823529411764,0.012225440601721,746,0.9586015538290789,17274,0.28859060402684567,258,894,0.04815760266370699,0.9642619311875693,0.5715546218487395,0.6757103517397635,0.28899577360186357,0.6936251189343482,0.013873473917868973,0.14911181139122326,0.1434052548758431,0.07686465927392741,0.14062511893434815,0.10306365768991861,258,0.34584450402144773,746,0.03728146347111266,0.9627185365288874,0.22965703447011152,0.587708066581306,18020
enron,GSI_MLC_PA_Logistic,0.35,1,0.04261737604212374,0.8430232558139535,0.01380323433748883,777,0.9573826239578762,17455,0.25776754890678943,224,869,0.050841926283457656,0.9640741553312857,0.5866929501377176,0.6873025486825076,0.3152528111918703,0.6858513189448441,0.011737604212373909,0.14409589118891447,0.14177360249949167,0.10759682347800942,0.12056867762418377,0.12618789712567802,224,0.2882882882882883,777,0.03752506445144658,0.9624749355485535,0.23339440607420037,0.5630420280186791,18232
enron,GSI_MLC_PA_Logistic,0.35,2,0.0401920285809981,0.8668639053254438,0.012317898652888926,720,0.9598079714190019,17194,0.2745762711864407,243,885,0.051468125488444795,0.9625990845149045,0.5655008453085375,0.676292888570995,0.33386251871173467,0.6895273401297498,0.012001786312381357,0.12887198271813638,0.12963133185026676,0.09648392741248255,0.12313831514199869,0.11827469555465313,243,0.3375,720,0.03896708154007212,0.9610329184599279,0.2616996125976844,0.5944309927360775,17914
enron,GSI_MLC_PA_Logistic,0.35,3,0.04353295050587914,0.8608695652173913,0.014920024570040772,796,0.9564670494941209,17489,0.2884399551066218,257,891,0.05029258955427946,0.9649439431227782,0.6044780099127925,0.7065616187355317,0.331741777091653,0.6983529411764706,0.013672409078479553,0.1579860718991154,0.1499531869097086,0.09989689285592512,0.13150802139037432,0.17135601534733494,257,0.3228643216080402,796,0.03665160958316656,0.9633483904168334,0.24469319118691957,0.593015873015873,18285
enron,GSI_MLC_PA_Logistic,0.35,4,0.04635313996057448,0.8626865671641791,0.013999969526486565,823,0.9536468600394256,16932,0.30126002290950743,263,873,0.051312306392565475,0.9649112925936356,0.6071037668798862,0.7093301557480661,0.29205948045118246,0.7048792041686405,0.014080540692762655,0.15806443970623063,0.15515515993127926,0.08770674148243623,0.14335233324950436,0.14399092736124483,263,0.3195625759416768,823,0.036794235766595795,0.9632057642334042,0.23112855904864232,0.5804713804713805,17755
enron,GSI_MLC_PA_Logistic,0.35,5,0.0413984461709212,0.8558823529411764,0.012225440601721,746,0.9586015538290789,17274,0.28859060402684567,258,894,0.05022752497225305,0.9642619311875693,0.5715546218487395,0.6757103517397635,0.28899577360186357,0.6936251189343482,0.013873473917868973,0.14911181139122326,0.1434052548758431,0.07686465927392741,0.14062511893434815,0.10306365768991861,258,0.34584450402144773,746,0.03728146347111266,0.9627185365288874,0.22965703447011152,0.587708066581306,18020
enron,GSI_MLC_PA_Logistic,0.40,1,0.04261737604212374,0.8430232558139535,0.01380323433748883,777,0.9573826239578762,17455,0.25776754890678943,224,869,0.05297279508556385,0.9640741553312857,0.5866929501377176,0.6873025486825076,0.3152528111918703,0.6858513189448441,0.011737604212373909,0.14409589118891447,0.14177360249949167,0.10759682347800942,0.12056867762418377,0.12618789712567802,224,0.2882882882882883,777,0.03752506445144658,0.9624749355485535,0.23339440607420037,0.5630420280186791,18232
enron,GSI_MLC_PA_Logistic,0.40,2,0.0401920285809981,0.8668639053254438,0.012317898652888926,720,0.9598079714190019,17194,0.2745762711864407,243,885,0.053477726917494695,0.9625990845149045,0.5655008453085375,0.676292888570995,0.33386251871173467,0.6895273401297498,0.012001786312381357,0.12887198271813638,0.12963133185026676,0.09648392741248255,0.12313831514199869,0.11827469555465313,243,0.3375,720,0.03896708154007212,0.9610329184599279,0.2616996125976844,0.5944309927360775,17914
enron,GSI_MLC_PA_Logistic,0.40,3,0.04353295050587914,0.8608695652173913,0.014920024570040772,796,0.9564670494941209,17489,0.2884399551066218,257,891,0.052469237079573426,0.9649439431227782,0.6044780099127925,0.7065616187355317,0.331741777091653,0.6983529411764706,0.013672409078479553,0.1579860718991154,0.1499531869097086,0.09989689285592512,0.13150802139037432,0.17135601534733494,257,0.3228643216080402,796,0.03665160958316656,0.9633483904168334,0.24469319118691957,0.593015873015873,18285
enron,GSI_MLC_PA_Logistic,0.40,4,0.04635313996057448,0.8626865671641791,0.013999969526486565,823,0.9536468600394256,16932,0.30126002290950743,263,873,0.0536299633905942,0.9649112925936356,0.6071037668798862,0.7093301557480661,0.29205948045118246,0.7048792041686405,0.014080540692762655,0.15806443970623063,0.15515515993127926,0.08770674148243623,0.14335233324950436,0.14399092736124483,263,0.3195625759416768,823,0.036794235766595795,0.9632057642334042,0.23112855904864232,0.5804713804713805,17755
enron,GSI_MLC_PA_Logistic,0.40,5,0.0413984461709212,0.8558823529411764,0.012225440601721,746,0.9586015538290789,17274,0.28859060402684567,258,894,0.05229744728079911,0.9642619311875693,0.5715546218487395,0.6757103517397635,0.28899577360186357,0.6936251189343482,0.013873473917868973,0.14911181139122326,0.1434052548758431,0.07686465927392741,0.14062511893434815,0.10306365768991861,258,0.34584450402144773,746,0.03728146347111266,0.9627185365288874,0.22965703447011152,0.587708066581306,18020
enron,GSI_MLC_PA_Logistic,0.50,1,0.04261737604212374,0.8430232558139535,0.01380323433748883,777,0.9573826239578762,17455,0.25776754890678943,224,869,0.05723453268977622,0.9640741553312857,0.5866929501377176,0.6873025486825076,0.3152528111918703,0.6858513189448441,0.011737604212373909,0.14409589118891447,0.14177360249949167,0.10759682347800942,0.12056867762418377,0.12618789712567802,224,0.2882882882882883,777,0.03752506445144658,0.9624749355485535,0.23339440607420037,0.5630420280186791,18232
enron,GSI_MLC_PA_Logistic,0.50,2,0.0401920285809981,0.8668639053254438,0.012317898652888926,720,0.9598079714190019,17194,0.2745762711864407,243,885,0.05749692977559451,0.9625990845149045,0.5655008453085375,0.676292888570995,0.33386251871173467,0.6895273401297498,0.012001786312381357,0.12887198271813638,0.12963133185026676,0.09648392741248255,0.12313831514199869,0.11827469555465313,243,0.3375,720,0.03896708154007212,0.9610329184599279,0.2616996125976844,0.5944309927360775,17914
enron,GSI_MLC_PA_Logistic,0.50,3,0.04353295050587914,0.8608695652173913,0.014920024570040772,796,0.9564670494941209,17489,0.2884399551066218,257,891,0.056822532130161335,0.9649439431227782,0.6044780099127925,0.7065616187355317,0.331741777091653,0.6983529411764706,0.013672409078479553,0.1579860718991154,0.1499531869097086,0.09989689285592512,0.13150802139037432,0.17135601534733494,257,0.3228643216080402,796,0.03665160958316656,0.9633483904168334,0.24469319118691957,0.593015873015873,18285
enron,GSI_MLC_PA_Logistic,0.50,4,0.04635313996057448,0.8626865671641791,0.013999969526486565,823,0.9536468600394256,16932,0.30126002290950743,263,873,0.058265277386651645,0.9649112925936356,0.6071037668798862,0.7093301557480661,0.29205948045118246,0.7048792041686405,0.014080540692762655,0.15806443970623063,0.15515515993127926,0.08770674148243623,0.14335233324950436,0.14399092736124483,263,0.3195625759416768,823,0.036794235766595795,0.9632057642334042,0.23112855904864232,0.5804713804713805,17755
enron,GSI_MLC_PA_Logistic,0.50,5,0.0413984461709212,0.8558823529411764,0.012225440601721,746,0.9586015538290789,17274,0.28859060402684567,258,894,0.056437291897891234,0.9642619311875693,0.5715546218487395,0.6757103517397635,0.28899577360186357,0.6936251189343482,0.013873473917868973,0.14911181139122326,0.1434052548758431,0.07686465927392741,0.14062511893434815,0.10306365768991861,258,0.34584450402144773,746,0.03728146347111266,0.9627185365288874,0.22965703447011152,0.587708066581306,18020
cal500,MLC_PA_Logistic,0.20,1,0.2611812905428474,1.0,0.04811227737480026,4590,0.7388187094571527,12984,0.6424785976355483,1576,2453,0.1021395242972573,0.9500967338113122,0.6767394322311968,0.8015715357224834,0.346727613670658,0.8063590196511371,0.0896779333105725,0.4616016854775239,0.4542563032599561,0.2686197112738711,0.4575403310395098,0.1370991477637089,1576,0.34335511982570804,4590,0.06754467036352434,0.9324553296364757,0.05357406003957727,0.21486123545210384,17574
cal500,MLC_PA_Logistic,0.20,2,0.2602139524297257,1.0,0.05082551607143188,4573,0.7397860475702742,13001,0.6342975206611571,1535,2420,0.10240127461021967,0.9496415158757255,0.6723746208945701,0.7954619759731334,0.33996568050037934,0.7991831177671885,0.08734494139069082,0.4564185217576152,0.44728793609189343,0.26529514198794973,0.45253084994861403,0.13804194375837978,1535,0.3356658648589547,4573,0.0680716867933236,0.9319283132066765,0.03692118017849889,0.19909502262443438,17574
cal500,MLC_PA_Logistic,0.20,3,0.26372273047149897,1.0,0.04797935143812696,4497,0.736277269528501,12555,0.6549631556133507,1511,2307,0.09942528735632183,0.953319258737978,0.6907103242101529,0.8116041413957036,0.34612318797483493,0.8174311926605504,0.0886113065916021,0.47782865647370987,0.4665835637741213,0.2768982259718227,0.47078718246513834,0.13967631425453145,1511,0.3360017789637536,4497,0.0634010354440462,0.9365989645559538,0.024726189711741623,0.2180746561886051,17052
cal500,MLC_PA_Logistic,0.20,4,0.26048166392993977,1.0,0.04804013634873009,4759,0.7395183360700602,13511,0.6472978464039009,1593,2461,0.09960591133004927,0.9524904214559387,0.6860466128147636,0.8085259220607796,0.33612689348520014,0.8100656455142232,0.08719211822660089,0.4685642113102153,0.4590495922364667,0.26271738373565134,0.4623317467599163,0.1485578726378969,1593,0.3347341878545913,4759,0.06424394937458368,0.9357560506254163,0.04060391415470319,0.225,18270
cal500,MLC_PA_Logistic,0.20,5,0.26614527787652564,1.0,0.04962445852442563,4492,0.7338547221234744,12386,0.6314893617021277,1484,2350,0.1045384524232729,0.9486906031520322,0.6628865426485258,0.7914404463383322,0.34123766699703145,0.7960433349034385,0.08792510961014333,0.45605240141281406,0.4547823723432008,0.267367419052519,0.45838831799250274,0.0994347603544617,1484,0.3303650934995548,4492,0.06991764895850153,0.9300823510414985,0.044332722197980325,0.21415607985480944,16878
cal500,MLC_PA_Logistic,0.25,1,0.20245817685216796,1.0,0.04811227737480026,3558,0.7975418231478321,14016,0.5340399510803098,1310,2453,0.11565380675998635,0.9349607374530556,0.5809892088589251,0.7280132134096775,0.28086355363091026,0.7337526205450734,0.07454193695231592,0.3658514621052522,0.3806979809471502,0.2027556512341233,0.3849339319334461,0.1655326471323821,1310,0.36818437324339515,3558,0.08154965753424658,0.9184503424657534,0.05308330069780746,0.2197952218430034,17574
cal500,MLC_PA_Logistic,0.25,2,0.19932855354500967,1.0,0.05082551607143188,3503,0.8006714464549903,14071,0.5268595041322314,1275,2420,0.11498520541709344,0.934846932969159,0.5771087998139851,0.7215228238950903,0.2733181114561652,0.7264038231780168,0.07255035848412428,0.3611527006770302,0.3733487840138503,0.19864757294373558,0.37975155535944227,0.17013754987673627,1275,0.3639737367970311,3503,0.08137303674223581,0.9186269632577642,0.04586851940356381,0.2194955691888207,17574
cal500,MLC_PA_Logistic,0.25,3,0.20402298850574713,1.0,0.04797935143812696,3479,0.7959770114942529,13573,0.5474642392717816,1263,2307,0.11223023692235515,0.9387755102040817,0.5958643880628162,0.7401762073162192,0.2815830800845424,0.7473378509196515,0.07406755805770582,0.38298272032637315,0.39515562969463697,0.21235811808153013,0.40069384072423947,0.1591771278324983,1263,0.36303535498706524,3479,0.07691740956310322,0.9230825904368968,0.031216377653794307,0.21385542168674698,17052
cal500,MLC_PA_Logistic,0.25,4,0.1998905309250137,1.0,0.04804013634873009,3652,0.8001094690749864,14618,0.5359609914668834,1319,2461,0.11247947454844007,0.9374931581828133,0.5884442331302474,0.7337239882845,0.2728768937190813,0.7372296364473079,0.07219485495347555,0.37096183162569907,0.38424765846018716,0.1994673839695325,0.38949573769300094,0.1709995979920956,1319,0.3611719605695509,3652,0.07812286222465453,0.9218771377753454,0.05261728088969877,0.2376502002670227,18270
cal500,MLC_PA_Logistic,0.25,5,0.20784453134257613,1.0,0.04962445852442563,3508,0.7921554686574238,13370,0.5306382978723404,1247,2350,0.1173124777817277,0.9346486550539164,0.5739472072708788,0.7212272931277919,0.2789421277554717,0.7281242297263988,0.07388316151202745,0.3671130660351671,0.38456921913266046,0.20507187981095926,0.39046921281546304,0.11761187998476316,1247,0.3554732041049031,3508,0.0824981301421092,0.9175018698578908,0.04933235267286991,0.21270521056388295,16878
cal500,MLC_PA_Logistic,0.30,1,0.1536929555024468,1.0,0.04811227737480026,2701,0.8463070444975532,14873,0.4386465552384835,1076,2453,0.12446227381358829,0.9216456128371457,0.49914657223502523,0.6573771724707268,0.23039073954263042,0.6645554202192449,0.061226812336406033,0.2840088254813523,0.3100619400081995,0.15228283714584345,0.31573673160761756,0.1889610836533682,1076,0.3983709737134395,2701,0.09258387682377463,0.9074161231762253,0.057029239416243514,0.2337228714524207,17574
cal500,MLC_PA_Logistic,0.30,2,0.1485148514851485,1.0,0.05082551607143188,2610,0.8514851485148515,14964,0.42479338842975206,1028,2420,0.12376237623762373,0.9207920792079208,0.49308724677749666,0.6499750681220466,0.21729125061619337,0.6513026052104208,0.058495504722886116,0.2771311476405418,0.3018010282408067,0.14262071210376376,0.3046503373918463,0.19057434620604177,1028,0.3938697318007663,2610,0.09302325581395349,0.9069767441860466,0.0533667464592643,0.24919093851132687,17574
cal500,MLC_PA_Logistic,0.30,3,0.1503049495660333,1.0,0.04797935143812696,2563,0.8496950504339666,14489,0.435630689206762,1005,2307,0.12144616467276563,0.9236453201970444,0.5023673930640515,0.6607655163720413,0.22132985919135847,0.6680265170831209,0.058937368050668515,0.2894857253276085,0.315744938750459,0.1521048971883462,0.3213825068877088,0.18925313129982674,1005,0.39211861100273115,2563,0.08986127406998412,0.9101387259300159,0.042884967784005024,0.2259215219976219,17052
cal500,MLC_PA_Logistic,0.30,4,0.14690749863163657,1.0,0.04804013634873009,2684,0.8530925013683635,15586,0.4221861032100772,1039,2461,0.12190476190476189,0.922167487684729,0.49381280952363105,0.6534208782941564,0.2133698763299854,0.6546867411364741,0.05686918445539124,0.2763304080190827,0.30394454846984353,0.1399603665804366,0.30695284238216713,0.20520290924718967,1039,0.38710879284649774,2684,0.09123572436802259,0.9087642756319774,0.05652855404372457,0.25157894736842107,18270
cal500,MLC_PA_Logistic,0.30,5,0.1573053679345894,1.0,0.04962445852442563,2655,0.8426946320654106,14223,0.4327659574468085,1017,2350,0.12617016234150963,0.9210214480388672,0.491630475402313,0.6503467637163537,0.22796881796204238,0.6570620015436069,0.06025595449697829,0.28479633416660133,0.31368868972122227,0.1540985700175299,0.3194069846326712,0.1247465266778131,1017,0.38305084745762713,2655,0.09372143710890811,0.9062785628910919,0.05552937208397179,0.24561403508771928,16878
cal500,MLC_PA_Logistic,0.35,1,0.10936610902469557,1.0,0.04811227737480026,1922,0.8906338909753044,15652,0.3342845495311863,820,2453,0.13119949926027089,0.9070786388983726,0.41697492020633603,0.5798402057518777,0.17884444148775766,0.5856381629028166,0.04665983839763288,0.20183717345266308,0.23252497328935035,0.1007365390909707,0.23681947429118927,0.21780226737997105,820,0.4266389177939646,1922,0.10433171479683108,0.8956682852031689,0.06217282170371768,0.26672653794342166,17574
cal500,MLC_PA_Logistic,0.35,2,0.10521224536246727,1.0,0.05082551607143188,1849,0.8947877546375327,15725,0.31694214876033056,767,2420,0.13088369181745763,0.905940594059406,0.41023790006084676,0.5708192591999436,0.17260885880735755,0.5700910273081925,0.04364401957437125,0.19428180092389188,0.22264521931870362,0.09793832029492794,0.223438759489618,0.23195091304839205,767,0.41481882098431583,1849,0.10511923688394277,0.8948807631160572,0.05657135084686336,0.2759526938239159,17574
cal500,MLC_PA_Logistic,0.35,3,0.10591133004926108,1.0,0.04797935143812696,1806,0.8940886699507389,15246,0.32162982228001735,742,2307,0.12884705606380487,0.9082219094534365,0.4135127111327942,0.5769749483398604,0.17556939803758043,0.5818861875500935,0.04351395730706065,0.20063104339635118,0.23195437071827812,0.10634443603456814,0.2352421773546814,0.21154351285715303,742,0.4108527131782946,1806,0.1026498753771481,0.8973501246228519,0.047480540081544925,0.2529832935560859,17052
cal500,MLC_PA_Logistic,0.35,4,0.10415982484948003,1.0,0.04804013634873009,1903,0.89584017515052,16367,0.325477448191792,801,2461,0.1273152709359606,0.9091406677613574,0.41907806603195014,0.5822026905254422,0.17635603509327852,0.5833333333333334,0.04384236453201962,0.20159566452740182,0.2327263607011293,0.10294652534372974,0.23559943457902643,0.25890893623284184,801,0.4209143457698371,1903,0.10142359626076862,0.8985764037392314,0.05585684101918316,0.27510917030567683,18270
cal500,MLC_PA_Logistic,0.35,5,0.10966939210806968,1.0,0.04962445852442563,1851,0.8903306078919303,15027,0.3276595744680851,770,2350,0.131997274558597,0.9063870126792274,0.4089294489519831,0.5710562399099229,0.1822828360666747,0.5770877944325482,0.04562151913733847,0.20209530771627138,0.2343981659147915,0.10841258812216223,0.23943277752161246,0.1568003416807523,770,0.4159913560237709,1851,0.10514407400013309,0.894855925999867,0.06294878592595898,0.26579925650557623,16878
cal500,MLC_PA_Logistic,0.40,1,0.0699897575964493,1.0,0.04811227737480026,1230,0.9300102424035507,16344,0.2299225438238891,564,2453,0.13548423807898033,0.8925116649595994,0.34331233661733757,0.5028155657724405,0.13750160673917422,0.5064018813692187,0.03209286445885973,0.12817458986366462,0.15550033330991314,0.05939370434238726,0.15758319275759142,0.28744847776831134,564,0.4585365853658537,1230,0.11557758198727362,0.8844224180127264,0.06926248212979481,0.3021795345400813,17574
cal500,MLC_PA_Logistic,0.40,2,0.06623420962785934,1.0,0.05082551607143188,1164,0.9337657903721407,16410,0.20785123966942148,503,2420,0.13557528166609764,0.890918402185046,0.3335408795499424,0.4900499359394562,0.13165371382801122,0.48866364363830356,0.028621827700011315,0.1175847804129875,0.14187589605821627,0.05698317531558161,0.14201137581972906,0.2855078706981079,503,0.4321305841924399,1164,0.11681901279707495,0.883180987202925,0.05982163430770765,0.2975448882374496,17574
cal500,MLC_PA_Logistic,0.40,3,0.06644381890687309,1.0,0.04797935143812696,1133,0.9335561810931269,15919,0.21326397919375814,492,2307,0.13301665493783718,0.893560872624912,0.3381289961184358,0.49711042164295094,0.1362962463689999,0.5012366034624897,0.02885292047853616,0.12524732838199276,0.15208984402136866,0.06707128436598761,0.15459259326707758,0.21547978113947094,492,0.43424536628420124,1133,0.11401469941579245,0.8859853005842075,0.05650571226680766,0.29732868757259,17052
cal500,MLC_PA_Logistic,0.40,4,0.0658456486042693,1.0,0.04804013634873009,1203,0.9341543513957307,17067,0.21698496546119464,534,2461,0.13181171319102353,0.8945265462506842,0.34368370087849315,0.5026948299556241,0.13598214605154255,0.5032224800206239,0.02922824302134641,0.12620129937394484,0.15321850013131122,0.06257263630199376,0.15548858126631693,0.3208530933415849,534,0.44389027431421446,1203,0.1129079510165817,0.8870920489834183,0.05763310856093999,0.29336266960029334,18270
cal500,MLC_PA_Logistic,0.40,5,0.06807678634909349,1.0,0.04962445852442563,1149,0.9319232136509065,15729,0.21361702127659574,502,2350,0.13672236046924993,0.8905083540703875,0.32829130236262827,0.48509791405158426,0.13894262973857202,0.49034749034749037,0.029742860528498616,0.12145716112691657,0.14843984005645283,0.06507238179405955,0.15269247343655462,0.19295878362213656,502,0.43690165361183636,1149,0.11748998664886515,0.8825100133511349,0.06537813520869577,0.29357798165137616,16878
cal500,MLC_PA_Logistic,0.50,1,0.0,0.0,0.04811227737480026,0,1.0,17574,0.0,0,2453,0.13958119949926026,0.8604188005007397,0.21513774675367295,0.3473152324625273,0.07810790239678696,0.3488186886116273,0.0,0.0,0.0,0.0,0.0,,0,,0,0.13958119949926026,0.8604188005007397,0.07810790239678696,0.3488186886116273,17574
cal500,MLC_PA_Logistic,0.50,2,0.0,0.0,0.05082551607143188,0,1.0,17574,0.0,0,2420,0.13770342551496528,0.8622965744850347,0.21595609913695488,0.34817403988123996,0.07467053851242961,0.3466522678185745,0.0,0.0,0.0,0.0,0.0,,0,,0,0.13770342551496528,0.8622965744850347,0.07467053851242961,0.3466522678185745,17574
cal500,MLC_PA_Logistic,0.50,3,0.0,0.0,0.04797935143812696,0,1.0,17052,0.0,0,2307,0.1352920478536242,0.8647079521463759,0.21288166773644301,0.3450205776215823,0.06922496200301229,0.3466440101954121,0.0,0.0,0.0,0.0,0.0,,0,,0,0.1352920478536242,0.8647079521463759,0.06922496200301229,0.3466440101954121,17052
cal500,MLC_PA_Logistic,0.50,4,0.0,0.0,0.04804013634873009,0,1.0,18270,0.0,0,2461,0.1347016967706623,0.8652983032293378,0.2174824015045483,0.34947632982431287,0.07340950974954878,0.34773389875430694,0.0,0.0,0.0,0.0,0.0,,0,,0,0.1347016967706623,0.8652983032293378,0.07340950974954878,0.34773389875430694,18270
cal500,MLC_PA_Logistic,0.50,5,0.0,0.0,0.04962445852442563,0,1.0,16878,0.0,0,2350,0.13923450645811114,0.8607654935418889,0.2068341412357117,0.3366580739951314,0.07387024794451247,0.33765501691093575,0.0,0.0,0.0,0.0,0.0,,0,,0,0.13923450645811114,0.8607654935418889,0.07387024794451247,0.33765501691093575,16878
cal500,GSI_MLC_PA_Logistic,0.20,1,0.6121543188801639,1.0,0.050855261739628774,10758,0.38784568111983614,6816,0.8351151315789473,2031,2432,0.14843518834642083,0.973995675429612,0.8392683977919815,0.9063961857381373,0.7252766957669744,0.9120984804770148,0.1123819278479572,0.6246867501046698,0.5595049619599128,0.653145882959036,0.5641092043376046,0.0611468333894167,2031,0.18878973786949246,10758,0.0670481220657277,0.9329518779342723,0.13093848098883507,0.4087968952134541,17574
cal500,GSI_MLC_PA_Logistic,0.20,2,0.5732331853875042,1.0,0.053992237000666465,10074,0.4267668146124957,7500,0.8218106995884774,1997,2430,0.14292705132582226,0.9717195857516786,0.8272207075285256,0.8971519045915172,0.6945462860854005,0.9013693193093868,0.1099920336861272,0.6132902574601906,0.5516175254108047,0.6244470945072607,0.5577712642040383,0.06326913031995281,1997,0.19823307524320033,10074,0.06626666666666667,0.9337333333333333,0.10263985724406574,0.31448275862068964,17574
cal500,GSI_MLC_PA_Logistic,0.20,3,0.6187543983110485,1.0,0.05039118911288846,10551,0.38124560168895144,6501,0.8598533850797757,1994,2319,0.14744311517710537,0.9763077644851044,0.8476523022606328,0.9131739224947579,0.725945592692538,0.9190705128205128,0.11230354210649773,0.63324830024266,0.566589812682882,0.6574252704894039,0.5710244065511847,0.06675900367791802,1994,0.18898682589328025,10551,0.0621442854945393,0.9378557145054607,0.0779891864577463,0.2887323943661972,17052
cal500,GSI_MLC_PA_Logistic,0.20,4,0.5928297755883962,1.0,0.050679934653973156,10831,0.4071702244116037,7439,0.8227899432278994,2029,2466,0.14401751505199784,0.9745484400656814,0.8413018006607125,0.9092626164622456,0.6941175034799543,0.9099011819414842,0.10952380952380947,0.6225923195080576,0.5573450488893678,0.6221234242352216,0.5595323726685653,0.0646033334878436,2029,0.1873326562644262,10831,0.06250840166689071,0.9374915983331092,0.13162085828441117,0.37415881561238223,18270
cal500,GSI_MLC_PA_Logistic,0.20,5,0.6099063870126792,1.0,0.05469440195929346,10294,0.39009361298732076,6584,0.8232258064516129,1914,2325,0.1488209503495675,0.9731603270529684,0.8361092022264337,0.9045745880546425,0.7107559890924192,0.9068859198355601,0.11091361535726985,0.6189713832920747,0.5539559166983026,0.6321844871215544,0.5539774867712683,0.06541613391401863,1914,0.185933553526326,10294,0.06880315917375456,0.9311968408262454,0.1347867373221546,0.38866396761133604,16878
cal500,GSI_MLC_PA_Logistic,0.25,1,0.6121543188801639,1.0,0.050855261739628774,10758,0.38784568111983614,6816,0.8351151315789473,2031,2432,0.17904290429042904,0.973995675429612,0.8392683977919815,0.9063961857381373,0.7252766957669744,0.9120984804770148,0.1123819278479572,0.6246867501046698,0.5595049619599128,0.653145882959036,0.5641092043376046,0.0611468333894167,2031,0.18878973786949246,10758,0.0670481220657277,0.9329518779342723,0.13093848098883507,0.4087968952134541,17574
cal500,GSI_MLC_PA_Logistic,0.25,2,0.5732331853875042,1.0,0.053992237000666465,10074,0.4267668146124957,7500,0.8218106995884774,1997,2430,0.17158871059519745,0.9717195857516786,0.8272207075285256,0.8971519045915172,0.6945462860854005,0.9013693193093868,0.1099920336861272,0.6132902574601906,0.5516175254108047,0.6244470945072607,0.5577712642040383,0.06326913031995281,1997,0.19823307524320033,10074,0.06626666666666667,0.9337333333333333,0.10263985724406574,0.31448275862068964,17574
cal500,GSI_MLC_PA_Logistic,0.25,3,0.6187543983110485,1.0,0.05039118911288846,10551,0.38124560168895144,6501,0.8598533850797757,1994,2319,0.17838083509265776,0.9763077644851044,0.8476523022606328,0.9131739224947579,0.725945592692538,0.9190705128205128,0.11230354210649773,0.63324830024266,0.566589812682882,0.6574252704894039,0.5710244065511847,0.06675900367791802,1994,0.18898682589328025,10551,0.0621442854945393,0.9378557145054607,0.0779891864577463,0.2887323943661972,17052
cal500,GSI_MLC_PA_Logistic,0.25,4,0.5928297755883962,1.0,0.050679934653973156,10831,0.4071702244116037,7439,0.8227899432278994,2029,2466,0.17365900383141764,0.9745484400656814,0.8413018006607125,0.9092626164622456,0.6941175034799543,0.9099011819414842,0.10952380952380947,0.6225923195080576,0.5573450488893678,0.6221234242352216,0.5595323726685653,0.0646033334878436,2029,0.1873326562644262,10831,0.06250840166689071,0.9374915983331092,0.13162085828441117,0.37415881561238223,18270
cal500,GSI_MLC_PA_Logistic,0.25,5,0.6099063870126792,1.0,0.05469440195929346,10294,0.39009361298732076,6584,0.8232258064516129,1914,2325,0.17931626970020145,0.9731603270529684,0.8361092022264337,0.9045745880546425,0.7107559890924192,0.9068859198355601,0.11091361535726985,0.6189713832920747,0.5539559166983026,0.6321844871215544,0.5539774867712683,0.06541613391401863,1914,0.185933553526326,10294,0.06880315917375456,0.9311968408262454,0.1347867373221546,0.38866396761133604,16878
cal500,GSI_MLC_PA_Logistic,0.30,1,0.6121543188801639,1.0,0.050855261739628774,10758,0.38784568111983614,6816,0.8351151315789473,2031,2432,0.20965062023443723,0.973995675429612,0.8392683977919815,0.9063961857381373,0.7252766957669744,0.9120984804770148,0.1123819278479572,0.6246867501046698,0.5595049619599128,0.653145882959036,0.5641092043376046,0.0611468333894167,2031,0.18878973786949246,10758,0.0670481220657277,0.9329518779342723,0.13093848098883507,0.4087968952134541,17574
cal500,GSI_MLC_PA_Logistic,0.30,2,0.5732331853875042,1.0,0.053992237000666465,10074,0.4267668146124957,7500,0.8218106995884774,1997,2430,0.20025036986457265,0.9717195857516786,0.8272207075285256,0.8971519045915172,0.6945462860854005,0.9013693193093868,0.1099920336861272,0.6132902574601906,0.5516175254108047,0.6244470945072607,0.5577712642040383,0.06326913031995281,1997,0.19823307524320033,10074,0.06626666666666667,0.9337333333333333,0.10263985724406574,0.31448275862068964,17574
cal500,GSI_MLC_PA_Logistic,0.30,3,0.6187543983110485,1.0,0.05039118911288846,10551,0.38124560168895144,6501,0.8598533850797757,1994,2319,0.2093185550082102,0.9763077644851044,0.8476523022606328,0.9131739224947579,0.725945592692538,0.9190705128205128,0.11230354210649773,0.63324830024266,0.566589812682882,0.6574252704894039,0.5710244065511847,0.06675900367791802,1994,0.18898682589328025,10551,0.0621442854945393,0.9378557145054607,0.0779891864577463,0.2887323943661972,17052
cal500,GSI_MLC_PA_Logistic,0.30,4,0.5928297755883962,1.0,0.050679934653973156,10831,0.4071702244116037,7439,0.8227899432278994,2029,2466,0.20330049261083744,0.9745484400656814,0.8413018006607125,0.9092626164622456,0.6941175034799543,0.9099011819414842,0.10952380952380947,0.6225923195080576,0.5573450488893678,0.6221234242352216,0.5595323726685653,0.0646033334878436,2029,0.1873326562644262,10831,0.06250840166689071,0.9374915983331092,0.13162085828441117,0.37415881561238223,18270
cal500,GSI_MLC_PA_Logistic,0.30,5,0.6099063870126792,1.0,0.05469440195929346,10294,0.39009361298732076,6584,0.8232258064516129,1914,2325,0.20981158905083538,0.9731603270529684,0.8361092022264337,0.9045745880546425,0.7107559890924192,0.9068859198355601,0.11091361535726985,0.6189713832920747,0.5539559166983026,0.6321844871215544,0.5539774867712683,0.06541613391401863,1914,0.185933553526326,10294,0.06880315917375456,0.9311968408262454,0.1347867373221546,0.38866396761133604,16878
cal500,GSI_MLC_PA_Logistic,0.35,1,0.5897348355525208,1.0,0.050855261739628774,10364,0.41026516444747924,7210,0.8013980263157895,1949,2432,0.25062023443723686,0.9557869580061454,0.7506064745475183,0.8514040237832097,0.7100471232697529,0.8592646259735555,0.09417321042449067,0.5360248268602066,0.5045128000049852,0.6379163104618145,0.5112753498341454,0.062602710374879,1949,0.18805480509455808,10364,0.10776699029126213,0.8922330097087379,0.13277613245538933,0.3808764940239044,17574
cal500,GSI_MLC_PA_Logistic,0.35,2,0.5512689199954478,1.0,0.053992237000666465,9688,0.4487310800045522,7886,0.7810699588477367,1898,2430,0.23277569136223966,0.9601684306361671,0.7637588209234848,0.858047764542105,0.677813498774423,0.8636009353078722,0.09844087857061568,0.5498283708551498,0.5125133853613926,0.6077143071962832,0.5200028802025237,0.0617925566398565,1898,0.1959124690338563,9688,0.0887648998224702,0.9112351001775298,0.10426539409805652,0.32432432432432434,17574
cal500,GSI_MLC_PA_Logistic,0.35,3,0.5907811400422238,1.0,0.05039118911288846,10074,0.40921885995777624,6978,0.7874083656748598,1826,2319,0.24512667135819843,0.9616467276565799,0.7733322568691914,0.8673389383044309,0.7156720589392179,0.8753335874952345,0.09764250527797325,0.5589282548512186,0.5207548284925549,0.6471517367360838,0.5272874812259064,0.05700175088064932,1826,0.18125868572563034,10074,0.0937231298366294,0.9062768701633706,0.09128271650497831,0.49065420560747663,17052
cal500,GSI_MLC_PA_Logistic,0.35,4,0.5431855500821018,1.0,0.050679934653973156,9924,0.4568144499178982,8346,0.7120843471208435,1756,2466,0.24977558839627803,0.9403393541324576,0.6815222001693494,0.8068424894181572,0.6681494568248625,0.8118093922651933,0.07531472359058566,0.4628127190166945,0.45492492184527933,0.5961553775801298,0.4614405829922745,0.05469940349639359,1756,0.1769447803305119,9924,0.13060148574167266,0.8693985142583274,0.1263678520252049,0.4433094994892748,18270
cal500,GSI_MLC_PA_Logistic,0.35,5,0.5874511198009242,1.0,0.05469440195929346,9915,0.4125488801990757,6963,0.7870967741935484,1830,2325,0.24980744164000473,0.9558004502903188,0.748408548476373,0.8503175188774194,0.696279411571459,0.8553702985653354,0.09355373859462024,0.5312707295420139,0.49969884752107946,0.6177079096005942,0.5024618655010438,0.06428867039827005,1830,0.18456883509833585,9915,0.10713772799080856,0.8928622720091914,0.13463733964561564,0.385502471169687,16878
cal500,GSI_MLC_PA_Logistic,0.40,1,0.35205417093433483,1.0,0.050855261739628774,6187,0.6479458290656652,11387,0.3433388157894737,835,2432,0.37218618413565496,0.7686354842380789,0.3720660193587528,0.5379665250741793,0.5665857625288032,0.5446808510638298,-0.09297826334357584,0.15748437167144108,0.1910753012959549,0.4944549497208648,0.19669157492441963,0.034963779108763415,835,0.13496040084047195,6187,0.357073856151752,0.642926143848248,0.17897931177240367,0.42473118279569894,17574
cal500,GSI_MLC_PA_Logistic,0.40,2,0.3112552634573802,1.0,0.053992237000666465,5470,0.6887447365426198,12104,0.2979423868312757,724,2430,0.34636394673950155,0.7781381586434506,0.3734339019849587,0.537909256699761,0.5479329014738662,0.5459415395365087,-0.08358939342210081,0.15950345191662368,0.19237487751904853,0.4778337098957264,0.20234348443116024,0.011935989084899496,724,0.13235831809872028,5470,0.3221249173826834,0.6778750826173165,0.15471039505137493,0.45491402208863413,17574
cal500,GSI_MLC_PA_Logistic,0.40,3,0.2919892094768942,1.0,0.05039118911288846,4979,0.7080107905231058,12073,0.2147477360931436,498,2319,0.3838611306591603,0.7329345531315974,0.339686070699796,0.5028253005978328,0.5382882152378408,0.508207343412527,-0.13106966924700925,0.12528206868182318,0.15624119078595688,0.46976789303470673,0.16016123714319896,0.009063189063189063,498,0.10002008435428801,4979,0.3772053342168475,0.6227946657831525,0.17237023729552645,0.4490684732639729,17052
cal500,GSI_MLC_PA_Logistic,0.40,4,0.30766283524904214,1.0,0.050679934653973156,5621,0.6923371647509579,12649,0.29075425790754256,717,2466,0.37199781061850024,0.7510673234811166,0.34453220404671,0.5091388636895676,0.5205613075931257,0.514102564102564,-0.11395730706075535,0.1258227228940551,0.15722129611668978,0.448567228348393,0.1637337548296452,0.017955955495588902,717,0.1275573741327166,5621,0.3595541149497984,0.6404458850502016,0.17229632605575482,0.41989795918367345,18270
cal500,GSI_MLC_PA_Logistic,0.40,5,0.4116601493067899,1.0,0.05469440195929346,6948,0.58833985069321,9930,0.45376344086021503,1055,2325,0.3465576490105463,0.8181064107121697,0.4197223727414852,0.5871268602527019,0.5898007043956184,0.593915343915344,-0.044140300983528835,0.20258455380712617,0.236508188896362,0.5112292024247536,0.24100691085105225,0.03963489265077696,1055,0.15184225676453655,6948,0.30916414904330314,0.6908358509566969,0.168927784847818,0.41944024205748864,16878
cal500,GSI_MLC_PA_Logistic,0.50,1,0.1830545123477865,1.0,0.050855261739628774,3217,0.8169454876522135,14357,0.09169407894736842,223,2432,0.48432343234323433,0.607203823830659,0.2668090718215908,0.4183327687507891,0.444347148524969,0.42190771292186585,-0.2544099237509958,0.05222742413427911,0.07144154497256472,0.37221633571703056,0.07391843678245569,0.0,223,0.0693192415293752,3217,0.48081075433586407,0.5191892456641359,0.20578964336701414,0.3994780339277947,17574
cal500,GSI_MLC_PA_Logistic,0.50,2,0.16251280300443838,1.0,0.053992237000666465,2856,0.8374871969955616,14718,0.10205761316872428,248,2430,0.45942870149083875,0.6218277000113804,0.2668672102921727,0.4173214670436001,0.42897539754301967,0.42178527927614407,-0.23989985205417097,0.0529367602238377,0.07178708786288768,0.35887620596487985,0.0781872241707956,0.003968253968253968,248,0.08683473389355742,2856,0.4515559179236309,0.5484440820763691,0.19019555646974987,0.3959280130885294,17574
cal500,GSI_MLC_PA_Logistic,0.50,3,0.1499530846821487,1.0,0.05039118911288846,2557,0.8500469153178513,14495,0.06899525657611039,160,2319,0.49926694815857375,0.5757095941825006,0.24878028363854954,0.3955208448723392,0.40624317215532135,0.3986368547917879,-0.2882946281961061,0.03437628162057671,0.048936735060463254,0.3377228499521873,0.050590748522459816,0.0,160,0.06257332811888933,2557,0.49913763366678165,0.5008623663332183,0.19607687671595855,0.3823102535644156,17052
cal500,GSI_MLC_PA_Logistic,0.50,4,0.14991789819376025,1.0,0.050679934653973156,2739,0.8500821018062398,15531,0.064882400648824,160,2466,0.48672687465790915,0.588232074438971,0.25038916331440053,0.3979472975290471,0.3995057777561526,0.4007010276427945,-0.276792556102901,0.03167968216174566,0.046029729956169274,0.3275116985114199,0.05033221836987567,0.0,160,0.058415480102227094,2739,0.4843860665765244,0.5156139334234756,0.20758671529956488,0.38502411509850404,18270
cal500,GSI_MLC_PA_Logistic,0.50,5,0.15807560137457044,1.0,0.05469440195929346,2668,0.8419243986254296,14210,0.08688172043010753,202,2325,0.512975471027373,0.5660623296599123,0.2434026823195686,0.38895391798989853,0.3987925488290242,0.39199734351652,-0.29618438203578623,0.026264863385209558,0.03833524663355864,0.32022104685815933,0.03908891045222829,0.01166758392955421,202,0.07571214392803598,2668,0.515411681914145,0.484588318085855,0.20143867785412953,0.3661069759390687,16878
reuters-k500,MLC_PA_Logistic,0.20,1,0.01006354223784795,0.6112956810631229,0.0007064323653546826,1248,0.989936457762152,122764,0.355463347164592,514,1446,0.009528110182885527,0.992484598264684,0.526702657807309,0.549452222749565,0.3423972396852593,0.6437308868501529,0.004144760184498275,0.2520961873121342,0.25915401044138586,0.18414496995103338,0.2735218276167034,0.3229925510184688,514,0.41185897435897434,1248,0.007591802156984132,0.9924081978430158,0.11284563644445356,0.31771595900439237,124012
reuters-k500,MLC_PA_Logistic,0.20,2,0.009821536478266123,0.6381742738589211,0.0007706515313609158,1219,0.9901784635217339,122896,0.3401408450704225,483,1420,0.009513757402409055,0.9924505498932442,0.5243647500493973,0.5450339195152473,0.3186233744429947,0.6394767218160831,0.003891552189501768,0.2425943489428966,0.24872620694197456,0.14767819438121446,0.2541953365346978,0.37776969313328296,483,0.39622641509433965,1219,0.007624332769170681,0.9923756672308294,0.13219455803033428,0.30950626381724394,124115
reuters-k500,MLC_PA_Logistic,0.20,3,0.009554630913854214,0.6115288220551378,0.0007371355112617653,1178,0.9904453690861458,122113,0.32885431400282883,465,1414,0.009608162801826572,0.9923027633809443,0.520161514898357,0.5402321942422192,0.2900150360334675,0.6368159203980099,0.003771564834416097,0.2415900863269284,0.24446300937529009,0.13121659845629507,0.2442042365492127,0.40874998840097015,465,0.39473684210526316,1178,0.007771490340913744,0.9922285096590863,0.12086758371328281,0.3138105567606652,123291
reuters-k500,MLC_PA_Logistic,0.20,4,0.009724905620720597,0.6286427976686095,0.0007514498184252921,1203,0.9902750943792794,122500,0.3420101229211858,473,1383,0.00930131039667591,0.9926436707274682,0.5461097233786659,0.5676479917529043,0.30626157111277863,0.6558245083207261,0.00382367444605225,0.248834304746045,0.25308671345307476,0.1285170575054046,0.2450873971149315,0.4294066945669299,473,0.3931837073981712,1203,0.0074285714285714285,0.9925714285714285,0.12489058158991767,0.34057971014492755,123703
reuters-k500,MLC_PA_Logistic,0.20,5,0.009765704473506458,0.6286672254819782,0.0007319685605801014,1200,0.9902342955264936,121679,0.3304964539007092,466,1410,0.009635495080526371,0.9923176458141749,0.5265018161497625,0.5492342899719261,0.3291072988417598,0.6399694889397407,0.003792348570545001,0.23586197261804975,0.24229500126398695,0.1680521789152894,0.24201901925570996,0.39366659104303003,466,0.3883333333333333,1200,0.007758117670263563,0.9922418823297364,0.1097369535949461,0.3159420289855073,122879
reuters-k500,MLC_PA_Logistic,0.25,1,0.007378318227268329,0.5,0.0007064323653546826,915,0.9926216817727317,123097,0.27800829875518673,402,1446,0.010263119698093733,0.9915814598587234,0.4696290143964562,0.49142738490745125,0.29498309591529254,0.5870253164556962,0.0032416217785375956,0.19502254390128143,0.20112917259927215,0.1367308261810666,0.21681625722224673,0.36528031717171044,402,0.43934426229508194,915,0.008481116517868023,0.991518883482132,0.11901151149825581,0.3238341968911917,124012
reuters-k500,MLC_PA_Logistic,0.25,2,0.00742053740482617,0.5311203319502075,0.0007706515313609158,921,0.9925794625951738,123194,0.27887323943661974,396,1420,0.010105547274704911,0.9917495870765016,0.47782256471053147,0.4977112560100111,0.2695664279213649,0.5952569169960474,0.0031905893727591783,0.19605216360403077,0.20140354343673839,0.09862124785958468,0.20997553171466216,0.41214498331422517,396,0.42996742671009774,921,0.008312093121418252,0.9916879068785818,0.13870885034934977,0.32808398950131235,124115
reuters-k500,MLC_PA_Logistic,0.25,3,0.007324135581672628,0.5054302422723476,0.0007371355112617653,903,0.9926758644183273,122388,0.27015558698727016,382,1414,0.010201474560186875,0.9916295593352313,0.47440824282929545,0.49379467186484727,0.26313330143216523,0.5940204563335956,0.0030983607887031805,0.1958368142578668,0.1980254869979181,0.1043348638549928,0.20140877248479833,0.40715933563914947,382,0.4230343300110742,903,0.008432199235219139,0.9915678007647809,0.1281729997740459,0.3384615384615385,123291
reuters-k500,MLC_PA_Logistic,0.25,4,0.0074775874473537425,0.5287260616153205,0.0007514498184252921,925,0.9925224125526463,122778,0.27910339840925524,386,1383,0.009929023548337551,0.9919403733135009,0.4975529651216579,0.5179751001149836,0.28082661862817426,0.6119112495134293,0.003120377032085009,0.200277546489037,0.2034138218151541,0.10308210502080023,0.2011741383076347,0.4243319219331443,386,0.4172972972972973,925,0.008120347293489061,0.9918796527065109,0.14187495385581325,0.3604874919820398,123703
reuters-k500,MLC_PA_Logistic,0.25,5,0.007185930875088502,0.5222129086336965,0.0007319685605801014,883,0.9928140691249115,121996,0.26595744680851063,375,1410,0.010219402827171445,0.9915770798916007,0.47303716121821743,0.4940432948815178,0.28974491995316476,0.5926800472255017,0.003051782647970791,0.18239731768650463,0.18710400617357864,0.12868980002669433,0.19472957754147097,0.4145571419672103,375,0.4246885617214043,883,0.008483884717531722,0.9915161152824683,0.11885486488121816,0.3361128928800513,122879
reuters-k500,MLC_PA_Logistic,0.30,1,0.00535432054962423,0.40365448504983387,0.0007064323653546826,664,0.9946456794503757,123348,0.2095435684647303,303,1446,0.01082314614714705,0.9907831500177402,0.4206672203765227,0.44129686758424297,0.2633468737446824,0.5351769011793412,0.0024433119375544265,0.14606074988134793,0.15099865527606388,0.10509460401045648,0.16496784194589176,0.35032883701933787,303,0.4563253012048193,664,0.009266465609495088,0.9907335343905049,0.13055573613142898,0.33507853403141363,124012
reuters-k500,MLC_PA_Logistic,0.30,2,0.005502960963622447,0.4307053941908714,0.0007706515313609158,683,0.9944970390363775,123432,0.2211267605633803,314,1420,0.010561978809974622,0.9910889094791121,0.4302153724560363,0.4487169861028782,0.24512941205644864,0.5507717303005687,0.002529911775369653,0.1484449713495356,0.15240927352960548,0.07418423199466839,0.16549034501918342,0.42389070685764735,314,0.45973645680819913,683,0.008960399248169033,0.991039600751831,0.14264601988564246,0.34009546539379476,124115
reuters-k500,MLC_PA_Logistic,0.30,3,0.005320745228767712,0.39515455304928987,0.0007371355112617653,656,0.9946792547712323,122635,0.19872701555869873,281,1414,0.01078586433721845,0.9908103592314119,0.4161793372319688,0.43356804710188174,0.24004045122867865,0.5384928716904277,0.002279160684883763,0.13760790866054018,0.13779886223495258,0.08124201365150621,0.14588118784163046,0.4298432934390079,281,0.42835365853658536,656,0.009238798059281609,0.9907612019407184,0.13210570779611042,0.3454650491045638,123291
reuters-k500,MLC_PA_Logistic,0.30,4,0.005480869501952257,0.42714404662781014,0.0007514498184252921,678,0.9945191304980477,123025,0.2024584237165582,280,1383,0.010560778639159923,0.9910834822114257,0.43813026181885467,0.45849688751437284,0.24905864706942923,0.5572059413890004,0.002263485930009801,0.14085484318623376,0.14393560921454335,0.0713141334620552,0.14646883018320572,0.480935697657754,280,0.41297935103244837,678,0.008965657386710018,0.9910343426132899,0.14457837829941997,0.3613202084539664,123703
reuters-k500,MLC_PA_Logistic,0.30,5,0.005208375719203444,0.4090528080469405,0.0007319685605801014,640,0.9947916242807966,122239,0.20070921985815604,283,1410,0.010734136833795848,0.9908283758819652,0.423484213467449,0.4439155656674516,0.24904332541599464,0.5464788732394367,0.002303078638335232,0.13284436993573623,0.13697627695951242,0.08798820548952421,0.14852840355540592,0.44417972883143675,283,0.4421875,640,0.00921964348530338,0.9907803565146966,0.12510807993873543,0.3459082994776553,122879
reuters-k500,MLC_PA_Logistic,0.35,1,0.003749637131890462,0.3181063122923588,0.0007064323653546826,465,0.9962503628681095,123547,0.15560165975103735,225,1446,0.011158194368286939,0.9901541786278747,0.37906976744186044,0.39877195064072135,0.22767875787803088,0.4910379324718633,0.0018143405476889196,0.10446329694668566,0.10847373833254226,0.06942648814380495,0.12082887323841379,0.403574967959509,225,0.4838709677419355,465,0.009882878580621141,0.9901171214193789,0.1312515377907053,0.34248788368336025,124012
reuters-k500,MLC_PA_Logistic,0.35,2,0.003915723321113483,0.3360995850622407,0.0007706515313609158,486,0.9960842766788865,123629,0.1676056338028169,238,1420,0.0108939290174435,0.9904765741449462,0.3911282355265758,0.40857999077916085,0.22689420330564686,0.5099502487562189,0.0019175764412037166,0.10935783442007507,0.11227227820588814,0.05594902324386661,0.12466886347483358,0.4301075974251014,238,0.4897119341563786,486,0.009560863551432108,0.9904391364485678,0.14689268187847268,0.3576086956521739,124115
reuters-k500,MLC_PA_Logistic,0.35,3,0.0036904559132458978,0.29741019214703424,0.0007371355112617653,455,0.9963095440867541,122836,0.1371994342291372,194,1414,0.011186947952405286,0.9901047116172308,0.3691450849345586,0.38652583840553767,0.21456314194139137,0.49335548172757476,0.0015735130707026368,0.09057365636312997,0.09075665353860851,0.05576470436421893,0.10074379787877752,0.45011743183571334,194,0.42637362637362636,455,0.009931941776026573,0.9900680582239735,0.13890683878854485,0.3538135593220339,123291
reuters-k500,MLC_PA_Logistic,0.35,4,0.003969184255838581,0.32972522897585343,0.0007514498184252921,491,0.9960308157441614,123212,0.15328994938539406,212,1383,0.010855436003977268,0.9905337784855662,0.4000647608474419,0.42065342373418974,0.23400207171942186,0.5230142566191446,0.0017137822041503048,0.102789342214821,0.10609214543436024,0.05625755811204783,0.11227714541334993,0.5067512535719361,212,0.4317718940936864,491,0.009503944420997956,0.990496055579002,0.1553598101256148,0.37613212573255195,123703
reuters-k500,MLC_PA_Logistic,0.35,5,0.003743520048177475,0.31517183570829843,0.0007319685605801014,460,0.9962564799518225,122419,0.14397163120567377,203,1410,0.011132903099797361,0.9901773289170648,0.38148924280525287,0.4010344735826714,0.2158521753650258,0.504312114989733,0.0016520316734348617,0.09084939927354008,0.09409518487473223,0.05479705543855537,0.1063616453057023,0.43781003918728434,203,0.44130434782608696,460,0.00985958062065529,0.9901404193793447,0.13733359055857572,0.3535083020889127,122879
reuters-k500,MLC_PA_Logistic,0.40,1,0.0023546108441118603,0.21760797342192692,0.0007064323653546826,292,0.9976453891558882,123720,0.09820193637621023,142,1446,0.011456955778473051,0.9894848885591717,0.34150846385065653,0.36044138585666824,0.20244013003568626,0.44932432432432434,0.0011450504789859428,0.06690199335548175,0.07014317354848915,0.044187860301460324,0.07911526509087485,0.39006332624663675,142,0.4863013698630137,292,0.010539928871645652,0.9894600711283543,0.146531621930143,0.35124378109452736,124012
reuters-k500,MLC_PA_Logistic,0.40,2,0.002352656810216332,0.22655601659751037,0.0007706515313609158,292,0.9976473431897837,123823,0.10422535211267606,148,1420,0.011189622527494664,0.9897514401965919,0.3482928275044458,0.36525653691628795,0.20802094261225515,0.463743676222597,0.0011924424928494437,0.06652242639794509,0.06894882434301525,0.0370757625504749,0.07846229094121171,0.35660390378606543,148,0.5068493150684932,292,0.010272728006913093,0.9897272719930869,0.16587201461185744,0.37091988130563797,124115
reuters-k500,MLC_PA_Logistic,0.40,3,0.0023846022824050416,0.20551378446115287,0.0007371355112617653,294,0.997615397717595,122997,0.08981612446958982,127,1414,0.011392559067571844,0.9895612818453902,0.3329156223893066,0.34949476866770096,0.19765492685131492,0.4558139534883721,0.0010300832988620057,0.05434419381787797,0.0537255838007718,0.03885648927414248,0.06320226963957487,0.475627359903378,127,0.43197278911564624,294,0.01046366984560599,0.989536330154394,0.14710731589529194,0.36444444444444446,123291
reuters-k500,MLC_PA_Logistic,0.40,4,0.0024898345230107595,0.2248126561199001,0.0007514498184252921,308,0.9975101654769892,123395,0.10412147505422993,144,1383,0.011011859049497587,0.9899840747597067,0.3650939032287908,0.3847369255778914,0.21729491782788016,0.4861053504769805,0.0011640784782908087,0.0678184845961699,0.07017564727806191,0.039550404220506125,0.07536823927118586,0.5012540023656625,144,0.4675324675324675,308,0.010040925483204344,0.9899590745167957,0.16397441206023666,0.392349190779794,123703
reuters-k500,MLC_PA_Logistic,0.40,5,0.002262388203028996,0.20117351215423301,0.0007319685605801014,278,0.997737611796971,122601,0.08581560283687943,121,1410,0.011394949503169785,0.9895100057780418,0.3422464375523889,0.3600866163732886,0.19973787558730555,0.4608950230029277,0.0009847085344119044,0.05160659402067613,0.05314732766534941,0.03868275566083512,0.06294455331889692,0.43657741655406507,121,0.4352517985611511,278,0.010513780474873778,0.9894862195251263,0.14599840957347043,0.37213833414515346,122879
reuters-k500,MLC_PA_Logistic,0.50,1,0.0,0.0,0.0007064323653546826,0,1.0,124012,0.0,0,1446,0.011660161919814211,0.9883398380801858,0.2746064704951748,0.2902982123081791,0.15825226973422593,0.3702090592334495,0.0,0.0,0.0,0.0,0.0,,0,,0,0.011660161919814211,0.9883398380801858,0.15825226973422593,0.3702090592334495,124012
reuters-k500,MLC_PA_Logistic,0.50,2,0.0,0.0,0.0007706515313609158,0,1.0,124115,0.0,0,1420,0.011441002296257503,0.9885589977037424,0.2817704011065007,0.2963077125732727,0.17094518006178025,0.3852813852813853,0.0,0.0,0.0,0.0,0.0,,0,,0,0.011441002296257503,0.9885589977037424,0.17094518006178025,0.3852813852813853,124115
reuters-k500,MLC_PA_Logistic,0.50,3,0.0,0.0,0.0007371355112617653,0,1.0,123291,0.0,0,1414,0.011468801453471867,0.9885311985465282,0.27857142857142864,0.29576918486692916,0.15879843757717244,0.39261168384879724,0.0,0.0,0.0,0.0,0.0,,0,,0,0.011468801453471867,0.9885311985465282,0.15879843757717244,0.39261168384879724,123291
reuters-k500,MLC_PA_Logistic,0.50,4,0.0,0.0,0.0007514498184252921,0,1.0,123703,0.0,0,1383,0.011180003718584028,0.9888199962814159,0.2972754186326209,0.3145612782998295,0.17774451360737403,0.41073711120579465,0.0,0.0,0.0,0.0,0.0,,0,,0,0.011180003718584028,0.9888199962814159,0.17774451360737403,0.41073711120579465,123703
reuters-k500,MLC_PA_Logistic,0.50,5,0.0,0.0,0.0007319685605801014,0,1.0,122879,0.0,0,1410,0.011474702756370088,0.9885252972436299,0.2906398435317128,0.3069392887079392,0.16105511992647042,0.39795046968403075,0.0,0.0,0.0,0.0,0.0,,0,,0,0.011474702756370088,0.9885252972436299,0.16105511992647042,0.39795046968403075,122879
reuters-k500,GSI_MLC_PA_Logistic,0.20,1,0.12310099022675225,0.9966777408637874,0.0006871908186208775,15266,0.8768990097732478,108746,0.848318462594372,1236,1457,0.02635390123536432,0.9982662968099861,0.9108250276854929,0.9267764857881138,0.6629405000813218,0.9359165424739195,0.010015159823242858,0.6448920265780732,0.6474694141222381,0.5154161311554651,0.5826098402990416,0.09104005659981111,1236,0.08096423424603695,15266,0.001977084214591801,0.9980229157854082,0.24047378642388484,0.6083788706739527,124012
reuters-k500,GSI_MLC_PA_Logistic,0.20,2,0.12320025782540386,1.0,0.0007830235792031008,15291,0.8767997421745961,108824,0.8456140350877193,1205,1425,0.026348144865648793,0.998291906699432,0.9108298755186721,0.9262352631232299,0.6666536881663793,0.9366407650926479,0.009773194215042524,0.6318118948824342,0.6339089771454917,0.5070756115244891,0.5613667624622227,0.07619158966883992,1205,0.07880452553789812,15291,0.0019480996838932589,0.9980519003161067,0.23543095743563475,0.6738461538461539,124115
reuters-k500,GSI_MLC_PA_Logistic,0.20,3,0.13557356173605534,1.0,0.0007581705135519698,16715,0.8644264382639446,106576,0.8730496453900709,1231,1410,0.028582783820392404,0.9985319285268187,0.9237538290169869,0.9381625058316787,0.6738512391034215,0.9467490438364224,0.009968286411822458,0.6461013645224172,0.6441934562235314,0.5230096243330822,0.5592599039580558,0.08518984080455788,1231,0.07364642536643733,16715,0.0016983185707851675,0.9983016814292148,0.22463929036301014,0.7193798449612403,123291
reuters-k500,GSI_MLC_PA_Logistic,0.20,4,0.12286686660792381,1.0,0.000782676209056931,15199,0.8771331333920762,108504,0.8613718411552347,1193,1385,0.026117394080984294,0.9984559792406005,0.9254688553189804,0.9385649645016839,0.6879877497550551,0.9436411920920625,0.009652150715827479,0.6352014855345415,0.6319970250861175,0.5171299934069923,0.5413969106937027,0.08821879168638079,1193,0.0784920060530298,15199,0.0017603037676030377,0.998239696232397,0.2835136038150785,0.7203513909224012,123703
reuters-k500,GSI_MLC_PA_Logistic,0.20,5,0.14506953995393843,1.0,0.0007808941307166961,17826,0.8549304600460615,105053,0.8739436619718309,1241,1420,0.030340416181772318,0.9986734918090153,0.9326976809164572,0.9440041982791353,0.6995715735426973,0.952574919988362,0.010229575435998006,0.6518371053366863,0.6478979435391841,0.5464670687252993,0.5662309269027959,0.07232370451506379,1241,0.06961741276786716,17826,0.001551597764937698,0.9984484022350623,0.2901492522099562,0.762043795620438,122879
reuters-k500,GSI_MLC_PA_Logistic,0.25,1,0.12310099022675225,0.9966777408637874,0.0006871908186208775,15266,0.8768990097732478,108746,0.848318462594372,1236,1457,0.03250895074670193,0.9982662968099861,0.9108250276854929,0.9267764857881138,0.6629405000813218,0.9359165424739195,0.010015159823242858,0.6448920265780732,0.6474694141222381,0.5154161311554651,0.5826098402990416,0.09104005659981111,1236,0.08096423424603695,15266,0.001977084214591801,0.9980229157854082,0.24047378642388484,0.6083788706739527,124012
reuters-k500,GSI_MLC_PA_Logistic,0.25,2,0.12320025782540386,1.0,0.0007830235792031008,15291,0.8767997421745961,108824,0.8456140350877193,1205,1425,0.03250815775691899,0.998291906699432,0.9108298755186721,0.9262352631232299,0.6666536881663793,0.9366407650926479,0.009773194215042524,0.6318118948824342,0.6339089771454917,0.5070756115244891,0.5613667624622227,0.07619158966883992,1205,0.07880452553789812,15291,0.0019480996838932589,0.9980519003161067,0.23543095743563475,0.6738461538461539,124115
reuters-k500,GSI_MLC_PA_Logistic,0.25,3,0.13557356173605534,1.0,0.0007581705135519698,16715,0.8644264382639446,106576,0.8730496453900709,1231,1410,0.03536146190719517,0.9985319285268187,0.9237538290169869,0.9381625058316787,0.6738512391034215,0.9467490438364224,0.009968286411822458,0.6461013645224172,0.6441934562235314,0.5230096243330822,0.5592599039580558,0.08518984080455788,1231,0.07364642536643733,16715,0.0016983185707851675,0.9983016814292148,0.22463929036301014,0.7193798449612403,123291
reuters-k500,GSI_MLC_PA_Logistic,0.25,4,0.12286686660792381,1.0,0.000782676209056931,15199,0.8771331333920762,108504,0.8613718411552347,1193,1385,0.03226073741138048,0.9984559792406005,0.9254688553189804,0.9385649645016839,0.6879877497550551,0.9436411920920625,0.009652150715827479,0.6352014855345415,0.6319970250861175,0.5171299934069923,0.5413969106937027,0.08821879168638079,1193,0.0784920060530298,15199,0.0017603037676030377,0.998239696232397,0.2835136038150785,0.7203513909224012,123703
reuters-k500,GSI_MLC_PA_Logistic,0.25,5,0.14506953995393843,1.0,0.0007808941307166961,17826,0.8549304600460615,105053,0.8739436619718309,1241,1420,0.037593893179469234,0.9986734918090153,0.9326976809164572,0.9440041982791353,0.6995715735426973,0.952574919988362,0.010229575435998006,0.6518371053366863,0.6478979435391841,0.5464670687252993,0.5662309269027959,0.07232370451506379,1241,0.06961741276786716,17826,0.001551597764937698,0.9984484022350623,0.2901492522099562,0.762043795620438,122879
reuters-k500,GSI_MLC_PA_Logistic,0.30,1,0.12310099022675225,0.9966777408637874,0.0006871908186208775,15266,0.8768990097732478,108746,0.848318462594372,1236,1457,0.038664000258039545,0.9982662968099861,0.9108250276854929,0.9267764857881138,0.6629405000813218,0.9359165424739195,0.010015159823242858,0.6448920265780732,0.6474694141222381,0.5154161311554651,0.5826098402990416,0.09104005659981111,1236,0.08096423424603695,15266,0.001977084214591801,0.9980229157854082,0.24047378642388484,0.6083788706739527,124012
reuters-k500,GSI_MLC_PA_Logistic,0.30,2,0.12320025782540386,1.0,0.0007830235792031008,15291,0.8767997421745961,108824,0.8456140350877193,1205,1425,0.03866817064818918,0.998291906699432,0.9108298755186721,0.9262352631232299,0.6666536881663793,0.9366407650926479,0.009773194215042524,0.6318118948824342,0.6339089771454917,0.5070756115244891,0.5613667624622227,0.07619158966883992,1205,0.07880452553789812,15291,0.0019480996838932589,0.9980519003161067,0.23543095743563475,0.6738461538461539,124115
reuters-k500,GSI_MLC_PA_Logistic,0.30,3,0.13557356173605534,1.0,0.0007581705135519698,16715,0.8644264382639446,106576,0.8730496453900709,1231,1410,0.04214013999399794,0.9985319285268187,0.9237538290169869,0.9381625058316787,0.6738512391034215,0.9467490438364224,0.009968286411822458,0.6461013645224172,0.6441934562235314,0.5230096243330822,0.5592599039580558,0.08518984080455788,1231,0.07364642536643733,16715,0.0016983185707851675,0.9983016814292148,0.22463929036301014,0.7193798449612403,123291
reuters-k500,GSI_MLC_PA_Logistic,0.30,4,0.12286686660792381,1.0,0.000782676209056931,15199,0.8771331333920762,108504,0.8613718411552347,1193,1385,0.03840408074177668,0.9984559792406005,0.9254688553189804,0.9385649645016839,0.6879877497550551,0.9436411920920625,0.009652150715827479,0.6352014855345415,0.6319970250861175,0.5171299934069923,0.5413969106937027,0.08821879168638079,1193,0.0784920060530298,15199,0.0017603037676030377,0.998239696232397,0.2835136038150785,0.7203513909224012,123703
reuters-k500,GSI_MLC_PA_Logistic,0.30,5,0.14506953995393843,1.0,0.0007808941307166961,17826,0.8549304600460615,105053,0.8739436619718309,1241,1420,0.044847370177166154,0.9986734918090153,0.9326976809164572,0.9440041982791353,0.6995715735426973,0.952574919988362,0.010229575435998006,0.6518371053366863,0.6478979435391841,0.5464670687252993,0.5662309269027959,0.07232370451506379,1241,0.06961741276786716,17826,0.001551597764937698,0.9984484022350623,0.2901492522099562,0.762043795620438,122879
reuters-k500,GSI_MLC_PA_Logistic,0.35,1,0.12310099022675225,0.9966777408637874,0.0006871908186208775,15266,0.8768990097732478,108746,0.848318462594372,1236,1457,0.04481904976937716,0.9982662968099861,0.9108250276854929,0.9267764857881138,0.6629405000813218,0.9359165424739195,0.010015159823242858,0.6448920265780732,0.6474694141222381,0.5154161311554651,0.5826098402990416,0.09104005659981111,1236,0.08096423424603695,15266,0.001977084214591801,0.9980229157854082,0.24047378642388484,0.6083788706739527,124012
reuters-k500,GSI_MLC_PA_Logistic,0.35,2,0.12320025782540386,1.0,0.0007830235792031008,15291,0.8767997421745961,108824,0.8456140350877193,1205,1425,0.044828183539459374,0.998291906699432,0.9108298755186721,0.9262352631232299,0.6666536881663793,0.9366407650926479,0.009773194215042524,0.6318118948824342,0.6339089771454917,0.5070756115244891,0.5613667624622227,0.07619158966883992,1205,0.07880452553789812,15291,0.0019480996838932589,0.9980519003161067,0.23543095743563475,0.6738461538461539,124115
reuters-k500,GSI_MLC_PA_Logistic,0.35,3,0.13557356173605534,1.0,0.0007581705135519698,16715,0.8644264382639446,106576,0.8730496453900709,1231,1410,0.04891881808080071,0.9985319285268187,0.9237538290169869,0.9381625058316787,0.6738512391034215,0.9467490438364224,0.009968286411822458,0.6461013645224172,0.6441934562235314,0.5230096243330822,0.5592599039580558,0.08518984080455788,1231,0.07364642536643733,16715,0.0016983185707851675,0.9983016814292148,0.22463929036301014,0.7193798449612403,123291
reuters-k500,GSI_MLC_PA_Logistic,0.35,4,0.12286686660792381,1.0,0.000782676209056931,15199,0.8771331333920762,108504,0.8613718411552347,1193,1385,0.04454742407217286,0.9984559792406005,0.9254688553189804,0.9385649645016839,0.6879877497550551,0.9436411920920625,0.009652150715827479,0.6352014855345415,0.6319970250861175,0.5171299934069923,0.5413969106937027,0.08821879168638079,1193,0.0784920060530298,15199,0.0017603037676030377,0.998239696232397,0.2835136038150785,0.7203513909224012,123703
reuters-k500,GSI_MLC_PA_Logistic,0.35,5,0.14506953995393843,1.0,0.0007808941307166961,17826,0.8549304600460615,105053,0.8739436619718309,1241,1420,0.05210084717486307,0.9986734918090153,0.9326976809164572,0.9440041982791353,0.6995715735426973,0.952574919988362,0.010229575435998006,0.6518371053366863,0.6478979435391841,0.5464670687252993,0.5662309269027959,0.07232370451506379,1241,0.06961741276786716,17826,0.001551597764937698,0.9984484022350623,0.2901492522099562,0.762043795620438,122879
reuters-k500,GSI_MLC_PA_Logistic,0.40,1,0.12310099022675225,0.9966777408637874,0.0006871908186208775,15266,0.8768990097732478,108746,0.848318462594372,1236,1457,0.050974099280714766,0.9982662968099861,0.9108250276854929,0.9267764857881138,0.6629405000813218,0.9359165424739195,0.010015159823242858,0.6448920265780732,0.6474694141222381,0.5154161311554651,0.5826098402990416,0.09104005659981111,1236,0.08096423424603695,15266,0.001977084214591801,0.9980229157854082,0.24047378642388484,0.6083788706739527,124012
reuters-k500,GSI_MLC_PA_Logistic,0.40,2,0.12320025782540386,1.0,0.0007830235792031008,15291,0.8767997421745961,108824,0.8456140350877193,1205,1425,0.05098819643072956,0.998291906699432,0.9108298755186721,0.9262352631232299,0.6666536881663793,0.9366407650926479,0.009773194215042524,0.6318118948824342,0.6339089771454917,0.5070756115244891,0.5613667624622227,0.07619158966883992,1205,0.07880452553789812,15291,0.0019480996838932589,0.9980519003161067,0.23543095743563475,0.6738461538461539,124115
reuters-k500,GSI_MLC_PA_Logistic,0.40,3,0.13557356173605534,1.0,0.0007581705135519698,16715,0.8644264382639446,106576,0.8730496453900709,1231,1410,0.05569749616760347,0.9985319285268187,0.9237538290169869,0.9381625058316787,0.6738512391034215,0.9467490438364224,0.009968286411822458,0.6461013645224172,0.6441934562235314,0.5230096243330822,0.5592599039580558,0.08518984080455788,1231,0.07364642536643733,16715,0.0016983185707851675,0.9983016814292148,0.22463929036301014,0.7193798449612403,123291
reuters-k500,GSI_MLC_PA_Logistic,0.40,4,0.114411129883673,1.0,0.000782676209056931,14153,0.885588870116327,109550,0.8072202166064982,1118,1385,0.056330080919622,0.9894343710338472,0.5485884778557552,0.6891984414882001,0.67956243758063,0.7098779134295228,0.0006305425090742389,0.25832110807131625,0.3826305020726337,0.5087046812325672,0.30763363203116284,0.0854410795376991,1118,0.0789938528933795,14153,0.011930625285257873,0.9880693747147421,0.2750882916406534,0.33486005089058524,123703
reuters-k500,GSI_MLC_PA_Logistic,0.40,5,0.14506953995393843,1.0,0.0007808941307166961,17826,0.8549304600460615,105053,0.8739436619718309,1241,1420,0.05935432417256001,0.9986734918090153,0.9326976809164572,0.9440041982791353,0.6995715735426973,0.952574919988362,0.010229575435998006,0.6518371053366863,0.6478979435391841,0.5464670687252993,0.5662309269027959,0.07232370451506379,1241,0.06961741276786716,17826,0.001551597764937698,0.9984484022350623,0.2901492522099562,0.762043795620438,122879
reuters-k500,GSI_MLC_PA_Logistic,0.50,1,0.10929587459278134,0.9941860465116279,0.0006871908186208775,13554,0.8907041254072187,110458,0.7920384351407,1154,1457,0.0750653162597168,0.9795826210366738,0.37213949533301693,0.5284203568672008,0.6449371283201795,0.5535966149506347,-0.008668515950069455,0.10620649422559725,0.24911328520132514,0.49741275939432283,0.2002899127757568,0.0897657943501943,1154,0.08514091781024052,13554,0.022922739864926035,0.977077260135074,0.2321791525268203,0.16710526315789473,124012
reuters-k500,GSI_MLC_PA_Logistic,0.50,2,0.10237279941989284,0.9983402489626556,0.0007830235792031008,12706,0.8976272005801071,111409,0.7719298245614035,1100,1425,0.08114248882085164,0.9700439108890948,0.2865999353343752,0.43447977564160134,0.6394407594545054,0.45770128354725786,-0.018474801595294688,0.007581954698137272,0.1421534896638631,0.47986268281261524,0.0824272809168326,0.07888070459832837,1100,0.08657327246969936,12706,0.03337252825175704,0.9666274717482429,0.2371015238693919,0.14919908466819223,124115
reuters-k500,GSI_MLC_PA_Logistic,0.50,3,0.1281764281253295,1.0,0.0007581705135519698,15803,0.8718235718746705,107488,0.8524822695035461,1202,1410,0.07491625503889172,0.989171959023773,0.5336635238890878,0.6793319091564706,0.6649149412010122,0.7067867340215243,0.0006083169087767182,0.256011059394518,0.3853628595483232,0.5140733264306729,0.3192975941431576,0.08096408967956148,1202,0.07606150730873884,15803,0.012419991068770467,0.9875800089312295,0.2166675206667053,0.288,123291
reuters-k500,GSI_MLC_PA_Logistic,0.50,4,0.10732965247407096,1.0,0.000782676209056931,13277,0.892670347525929,110426,0.7747292418772563,1073,1385,0.07354308302951423,0.9801217432075212,0.3834755008152177,0.5406959910290468,0.6707915357220395,0.56547093125994,-0.008682085317251786,0.0932081310307788,0.23412805161348038,0.49993377937397676,0.16322664986158003,0.08645823524648122,1073,0.08081644949913384,13277,0.02226830637712133,0.9777316936228787,0.27096518982337686,0.23371766905578062,123703
reuters-k500,GSI_MLC_PA_Logistic,0.50,5,0.12948510323163437,1.0,0.0007808941307166961,15911,0.8705148967683656,106968,0.7859154929577464,1116,1420,0.08409492264748249,0.9806476289683347,0.39567317287350817,0.5532902368191556,0.6828370433488075,0.5792639773531493,-0.007796287404682634,0.11481259729373727,0.2571839820792043,0.5297325385314096,0.19291998426758317,0.06729595906829149,1116,0.07014015461001823,15911,0.022230947573105977,0.977769052426894,0.283246037919174,0.24699176694110198,122879
bibtex,MLC_PA_Logistic,0.20,1,0.008894144259935222,0.6920980926430518,0.0018034435302149306,2076,0.9911058557400648,231336,0.26464646464646463,786,2970,0.011135674258392883,0.9906431545935942,0.45129072978187423,0.5111410123331105,0.45108988144359563,0.5847908745247148,0.003367436121536227,0.13134964190321624,0.13478135359947357,0.17348076493655679,0.1583714075490485,0.3892823968263908,786,0.3786127167630058,2076,0.00944081336238199,0.990559186637618,0.2048964904535606,0.4019715224534502,233412
bibtex,MLC_PA_Logistic,0.20,2,0.008455247189385623,0.6745602165087957,0.0016878702046238356,1987,0.9915447528106144,233015,0.25787671232876713,753,2920,0.010912247555339953,0.9907788018825372,0.46249162242058045,0.5226930545773577,0.45200180120962286,0.5930516431924883,0.0032042280491230146,0.13056502210764726,0.13263996061784683,0.1589029378486213,0.14797372605071707,0.40805489033145304,753,0.3789632611977856,1987,0.009299830483016115,0.9907001695169839,0.2273237330799595,0.4207431168136862,235002
bibtex,MLC_PA_Logistic,0.20,3,0.008652462863231385,0.6888595912986157,0.001677850591107303,2087,0.9913475371367686,239116,0.2704339051463169,804,2973,0.01072291803999121,0.9910075745326551,0.4444792115523823,0.5018744642734675,0.44241367598363246,0.5840843720038351,0.0033332918744791717,0.13869292283926432,0.14029672098840718,0.17728699737984827,0.1666828434911955,0.3402467638658506,804,0.38524197412553907,2087,0.00907091118954817,0.9909290888104518,0.20644914494853522,0.4009942004971003,241203
bibtex,MLC_PA_Logistic,0.20,4,0.008634910815547995,0.6782786885245902,0.0017151798875022816,2010,0.991365089184452,230766,0.2623626373626374,764,2912,0.01095473760181462,0.990772244561295,0.45784230111918156,0.5171769563163006,0.4598245764704887,0.5968468468468469,0.0032821253050142607,0.13857817577079873,0.13972313926207364,0.1689063862193005,0.15749374711638864,0.3840386369162046,764,0.3800995024875622,2010,0.009308130313824393,0.9906918696861756,0.23785629557131668,0.42320085929108486,232776
bibtex,MLC_PA_Logistic,0.20,5,0.008705636385447192,0.6825613079019074,0.0016149834016957424,2032,0.9912943636145528,231380,0.2684903748733536,795,2961,0.011020855825750174,0.9907202714513392,0.4596615165346132,0.524304643282845,0.4640238871561397,0.5979955456570156,0.0034059945504086864,0.1306807285632599,0.13450558512189087,0.1740951248258401,0.15826044631926728,0.38527148527301336,795,0.391240157480315,2032,0.00936122396058432,0.9906387760394156,0.22583096646956263,0.41961414790996787,233412
bibtex,MLC_PA_Logistic,0.25,1,0.006829126180316351,0.6096730245231607,0.0018034435302149306,1594,0.9931708738196836,231818,0.21952861952861952,652,2970,0.011638219114698473,0.9900690624303806,0.4221429853071542,0.48181427261808735,0.4194624690115718,0.5550863723608446,0.002793343958322647,0.10220189742849622,0.10545461388445043,0.14185335250453296,0.12866690538517828,0.39064298524474794,652,0.4090338770388959,1594,0.009999223528802767,0.9900007764711972,0.21494653579986245,0.4065540194572453,233412
bibtex,MLC_PA_Logistic,0.25,2,0.006357392703040825,0.5926928281461434,0.0016878702046238356,1494,0.9936426072969592,233508,0.20582191780821918,601,2920,0.0114573492991549,0.9901319988766053,0.4323251474131042,0.4931050043025685,0.4173886691357862,0.5613769623605069,0.0025574250431911194,0.10039854710017099,0.1030519103430576,0.12428980577478466,0.11629904521873574,0.410375323233008,601,0.40227576974564927,1494,0.009931137262963153,0.9900688627370369,0.2369037472425206,0.4247085090548251,235002
bibtex,MLC_PA_Logistic,0.25,3,0.006562936613557875,0.5906394199077126,0.001677850591107303,1583,0.9934370633864421,239620,0.21594349142280525,642,2973,0.01130479305812946,0.99033594109526,0.40680094094728236,0.46513680436507593,0.3984474686165829,0.5472907360652554,0.0026616584370841023,0.10101465223416439,0.10355906108001561,0.13332079001279873,0.12988920755261574,0.33636664523711457,642,0.40555906506632977,1583,0.009727902512311159,0.9902720974876889,0.2179244530646513,0.4045977011494253,241203
bibtex,MLC_PA_Logistic,0.25,4,0.006680241949341857,0.592896174863388,0.0017151798875022816,1555,0.9933197580506582,231221,0.2125686813186813,619,2912,0.011520732377908375,0.9901493281094271,0.42604937675453586,0.4844080820515247,0.42391859900291123,0.564978182508063,0.002659208853146411,0.10678525140615303,0.10695426499729777,0.13300040875172303,0.12562508277760476,0.3809895816120619,619,0.39807073954983924,1555,0.00991691931096224,0.9900830806890377,0.2454038460337079,0.42631973980485366,232776
bibtex,MLC_PA_Logistic,0.25,5,0.006743440782821792,0.6001362397820164,0.0016149834016957424,1574,0.9932565592171783,231838,0.22019587977034785,652,2961,0.011578239336452282,0.9901076208592532,0.43310392524609537,0.49701327536597606,0.42645164209772896,0.5680074836295603,0.002793343958322647,0.1041231372747421,0.10721421720502194,0.13652287976742938,0.12827238429181198,0.3857817461311285,652,0.4142312579415502,1574,0.009959540713774273,0.9900404592862257,0.24268668930758427,0.424906600249066,233412
bibtex,MLC_PA_Logistic,0.30,1,0.005196819358045002,0.5143051771117166,0.0018034435302149306,1213,0.9948031806419549,232199,0.1750841750841751,520,2970,0.012055507000496976,0.9895035388069165,0.39837520090415185,0.4576997351724872,0.38854872576279526,0.5262954369682908,0.0022278203348585768,0.07843411302549386,0.08134007643885027,0.11093960925575641,0.09987596999262455,0.4007100971117947,520,0.42868920032976093,1213,0.01055129436388615,0.9894487056361139,0.2299407412417002,0.4121880998080614,233412
bibtex,MLC_PA_Logistic,0.30,2,0.004748895754078689,0.5081190798376184,0.0016878702046238356,1116,0.9952511042459213,233886,0.16027397260273973,468,2920,0.011858622479808683,0.989566046246415,0.40853472005366454,0.46950989232982726,0.3869408440536867,0.5343714394227117,0.0019914724130007944,0.07660811974073134,0.07945679837031638,0.09384198069268518,0.08929352228094051,0.4229772478084263,468,0.41935483870967744,1116,0.01048373994168099,0.989516260058319,0.24996371876225715,0.4268349696119682,235002
bibtex,MLC_PA_Logistic,0.30,3,0.004879707134654213,0.4970336189848385,0.001677850591107303,1177,0.9951202928653458,240026,0.16818028927009754,500,2973,0.011716686774210935,0.9897472253661853,0.3831017587115148,0.4419501724379773,0.36243531557947517,0.5153831079757005,0.0020729427080093954,0.07731546999839684,0.08037242915291698,0.09730863697569098,0.09798157946306091,0.33680778492608693,500,0.42480883602378927,1177,0.01030305050286219,0.9896969494971378,0.22312347189391551,0.40366530021702435,241203
bibtex,MLC_PA_Logistic,0.30,4,0.004923187957521394,0.4959016393442623,0.0017151798875022816,1146,0.9950768120424786,231630,0.16758241758241757,488,2912,0.011890401072275493,0.989586555314981,0.3973180670806033,0.45642154820071884,0.3934482784106227,0.5363427697016068,0.002096436058700246,0.07805394173222047,0.07896773114649192,0.10253008815943448,0.09698966997114855,0.3658550435549337,488,0.4258289703315881,1146,0.010464965678020981,0.989535034321979,0.2573042747606448,0.4317862165963432,232776
bibtex,MLC_PA_Logistic,0.30,5,0.005059722722053708,0.5088555858310627,0.0016149834016957424,1181,0.9949402772779463,232231,0.17359000337723743,514,2961,0.012001525200075403,0.9895163916165407,0.40608207241281447,0.46976792202580897,0.3899051212259584,0.5373416524862923,0.0022021147156101595,0.0771012844414612,0.07996886386485486,0.09997635889565881,0.09760655314854394,0.39016108595266724,514,0.43522438611346315,1181,0.01053692228858335,0.9894630777114166,0.24668817346550506,0.42760233918128654,233412
bibtex,MLC_PA_Logistic,0.35,1,0.0037787260295100507,0.41757493188010897,0.0018034435302149306,882,0.99622127397049,232530,0.13063973063973064,388,2970,0.012384538926876082,0.9889380151834525,0.3773415388017086,0.43584308499750984,0.3567044122912478,0.4996124031007752,0.0016622967113945064,0.05740045092305063,0.05948342626387293,0.07909529578420893,0.07319293612510891,0.37370080600921063,388,0.4399092970521542,882,0.011103943577172837,0.9888960564228272,0.24721066034888145,0.41846846846846847,233412
bibtex,MLC_PA_Logistic,0.35,2,0.0032893337077982317,0.3944519621109608,0.0016878702046238356,773,0.9967106662922017,234229,0.1160958904109589,339,2920,0.01213415204976979,0.9890171147479596,0.3846042733390501,0.44392519065263175,0.3540349670303489,0.5071605881229712,0.0014425409145454315,0.05267767302611692,0.053872096693120874,0.060936103669347375,0.06208267098119996,0.3702591805953151,339,0.4385510996119017,773,0.011019130850577853,0.9889808691494222,0.2639858402987772,0.4341153255864942,235002
bibtex,MLC_PA_Logistic,0.35,3,0.0034742519786238146,0.4034278180619644,0.001677850591107303,838,0.9965257480213762,240365,0.12546249579549276,373,2973,0.011995290274167403,0.9892206979183509,0.35822778627656676,0.4166954118173631,0.3306575978474569,0.48738170347003157,0.0015464152601749603,0.05244149756344879,0.055117668532302766,0.06553091924367271,0.06998017495739195,0.3165648677421307,373,0.4451073985680191,838,0.010816882657624862,0.9891831173423752,0.24073286109863054,0.4109651110104214,241203
bibtex,MLC_PA_Logistic,0.35,4,0.0035613637144722822,0.4036885245901639,0.0017151798875022816,829,0.9964386362855278,231947,0.12740384615384615,371,2912,0.012162551122108806,0.9890839261779565,0.3731577973260712,0.4319879027629751,0.36182216224564895,0.5097433918579973,0.0015938069216757667,0.05389367197768835,0.05453408570874818,0.07090397199446075,0.07039029212753911,0.36618210000562945,371,0.44752714113389624,829,0.01095508887806266,0.9890449111219374,0.2641398462277171,0.431924882629108,232776
bibtex,MLC_PA_Logistic,0.35,5,0.0037358833307627715,0.414850136239782,0.0016149834016957424,872,0.9962641166692372,232540,0.13171225937183384,390,2961,0.012322417013692525,0.9889851421520744,0.38633140697924717,0.4500095892749778,0.3626585595471853,0.5122367672168469,0.0016708652511439048,0.0573506190078939,0.06021053111402369,0.07272979721688572,0.07250166787909851,0.38738348929402605,390,0.44724770642201833,872,0.011056162380665691,0.9889438376193344,0.25612739921620026,0.43132050431320507,233412
bibtex,MLC_PA_Logistic,0.40,1,0.0024634551779685707,0.30994550408719346,0.0018034435302149306,575,0.9975365448220315,232837,0.08888888888888889,264,2970,0.012578616352201259,0.9884067657189862,0.3563237856514022,0.41506095327621206,0.33020803626031564,0.47497089639115253,0.0011310472469282518,0.03638269777274422,0.03870129454257515,0.052598919753276796,0.048551429415486236,0.3701591526218391,264,0.4591304347826087,575,0.011621864222610667,0.9883781357773893,0.25571491646314987,0.419811320754717,233412
bibtex,MLC_PA_Logistic,0.40,2,0.0020553016570071746,0.2699594046008119,0.0016878702046238356,483,0.9979446983429928,234519,0.07705479452054795,225,2920,0.012290108169292175,0.9885320124935107,0.3662332855837592,0.4244439802377271,0.3344828222209511,0.48598130841121495,0.0009574386600965656,0.03430668527082603,0.03439088627821624,0.041383958859949554,0.040903391269443756,0.3618289338527433,225,0.4658385093167702,483,0.011491606223802762,0.9885083937761973,0.27762509407257124,0.43912591050988553,235002
bibtex,MLC_PA_Logistic,0.40,3,0.0021848816142419456,0.2854317732366513,0.001677850591107303,527,0.9978151183857581,240676,0.08173562058526741,243,2973,0.0121922198314283,0.9886817328142685,0.3369883174761223,0.39435182806775343,0.30516294000499455,0.4600474683544304,0.0010074501560926041,0.03120202876300432,0.032774084782693114,0.04003626140121036,0.04264593984179077,0.32286405656410144,243,0.46110056925996207,527,0.011343050408017417,0.9886569495919826,0.2472674321248565,0.4113842173350582,241203
bibtex,MLC_PA_Logistic,0.40,4,0.002289754957555762,0.29030054644808745,0.0017151798875022816,533,0.9977102450424442,232243,0.08619505494505494,251,2912,0.012347492868680619,0.9885684091143416,0.3535715908033893,0.4137007861152027,0.3381263999843035,0.486194245993435,0.0010782898580609102,0.03430746545500646,0.0362469690609758,0.04720820973311529,0.04684114626297681,0.35294516089970634,251,0.4709193245778612,533,0.011457826500691087,0.988542173499309,0.27268904930878274,0.4339502233567326,232776
bibtex,MLC_PA_Logistic,0.40,5,0.002514866416465306,0.30994550408719346,0.0016149834016957424,587,0.9974851335835347,232825,0.09050996285038838,268,2961,0.012543485339228489,0.9884624612273576,0.3649409672645567,0.42782864616419813,0.33867274437310185,0.48889732397039287,0.0011481843264270486,0.03596017929320344,0.03802958800324402,0.04874398204280228,0.049162224632644524,0.3889302196300908,268,0.4565587734241908,587,0.011566627295178782,0.9884333727048212,0.2661976864291452,0.43149672788684823,233412
bibtex,MLC_PA_Logistic,0.50,1,0.0,0.0,0.0018034435302149306,0,1.0,233412,0.0,0,2970,0.012724281527942008,0.987275718472058,0.319941087878658,0.3763596587336369,0.27760911650703884,0.4264194669756663,0.0,0.0,0.0,0.0,0.0,,0,,0,0.012724281527942008,0.987275718472058,0.27760911650703884,0.4264194669756663,233412
bibtex,MLC_PA_Logistic,0.50,2,0.0,0.0,0.0016878702046238356,0,1.0,235002,0.0,0,2920,0.012425426166585816,0.9875745738334142,0.3319266003129332,0.3900530939595109,0.29309886336100155,0.4450779171417712,0.0,0.0,0.0,0.0,0.0,,0,,0,0.012425426166585816,0.9875745738334142,0.29309886336100155,0.4450779171417712,235002
bibtex,MLC_PA_Logistic,0.50,3,0.0,0.0,0.001677850591107303,0,1.0,241203,0.0,0,2973,0.012325717341824107,0.9876742826581759,0.30578628871311797,0.3615777432850603,0.2651266786037842,0.4174015285126396,0.0,0.0,0.0,0.0,0.0,,0,,0,0.012325717341824107,0.9876742826581759,0.2651266786037842,0.4174015285126396,241203
bibtex,MLC_PA_Logistic,0.50,4,0.0,0.0,0.0017151798875022816,0,1.0,232776,0.0,0,2912,0.012509880743719283,0.9874901192562807,0.31926412534838283,0.3774538170542269,0.2909181902511882,0.4393530997304582,0.0,0.0,0.0,0.0,0.0,,0,,0,0.012509880743719283,0.9874901192562807,0.2909181902511882,0.4393530997304582,232776
bibtex,MLC_PA_Logistic,0.50,5,0.0,0.0,0.0016149834016957424,0,1.0,233412,0.0,0,2961,0.012685723099069457,0.9873142769009305,0.3289807879713533,0.3897990581609541,0.28992876233029957,0.43973509933774835,0.0,0.0,0.0,0.0,0.0,,0,,0,0.012685723099069457,0.9873142769009305,0.28992876233029957,0.43973509933774835,233412
bibtex,GSI_MLC_PA_Logistic,0.20,1,0.013272668071907186,0.7506811989100818,0.0018098195621200357,3098,0.9867273319280928,230314,0.1837837837837838,544,2960,0.013150994807464912,0.9895035388069165,0.4404658367002091,0.5112879296281394,0.434942809063912,0.5686619718309859,0.0021849776361112516,0.12456072760208031,0.13999919716774484,0.16368475711572394,0.14611027460117704,0.015261044176706826,544,0.17559715945771465,3098,0.01063765120661358,0.9893623487933865,0.3013761364464543,0.4650655021834061,233412
bibtex,GSI_MLC_PA_Logistic,0.20,2,0.012127556361222458,0.7050067658998647,0.001685060229252163,2850,0.9878724436387776,232152,0.1820689655172414,528,2900,0.01269350899141284,0.9897320022808317,0.46603708462639454,0.5347323369670739,0.44739046446813424,0.5828867761452031,0.0020723227887422535,0.13952641855212905,0.15145715665197484,0.15607659996627588,0.13993633434727765,0.043629566899166965,528,0.18526315789473685,2850,0.010394052172714429,0.9896059478272856,0.32104079048230544,0.4816326530612245,235002
bibtex,GSI_MLC_PA_Logistic,0.20,3,0.014100156299880184,0.7277521423862887,0.0016752964046516858,3401,0.9858998437001198,237802,0.19342818428184283,571,2952,0.012720405633429103,0.990099625626547,0.4354079597982038,0.5043010056167951,0.4248611879889122,0.5698847262247838,0.002338279374634711,0.13497609107365216,0.14950604960232694,0.16949151321246309,0.15676345385897866,0.03475032626927846,571,0.16789179653043224,3401,0.010041967687403806,0.9899580323125962,0.2834288656376234,0.4572727272727273,241203
bibtex,GSI_MLC_PA_Logistic,0.20,4,0.015813485926384162,0.7506830601092896,0.0016983692046581682,3681,0.9841865140736158,229095,0.21988988300068824,639,2906,0.013000481149259373,0.9901622160360175,0.4790208114370361,0.5518861242734193,0.4690226869270534,0.6044905008635578,0.002646320926556034,0.16390329464099956,0.18046597831433897,0.18691121855032472,0.16876234552375202,0.03758735711509324,639,0.17359413202933985,3681,0.009995853248652306,0.9900041467513477,0.31770808157890074,0.49043168669336895,232776
bibtex,GSI_MLC_PA_Logistic,0.20,5,0.01353400853426559,0.702316076294278,0.0015999146590713934,3159,0.9864659914657344,230253,0.19110658520027154,563,2946,0.013006186485699107,0.989700615221154,0.4629571133217551,0.5327155933602227,0.4486300106395776,0.5843706777316736,0.0023220742721026255,0.13497895413799665,0.1467553073112015,0.16106761080893583,0.14658441818968887,0.02733893557422969,563,0.17822095599873378,3159,0.010440689154973008,0.989559310845027,0.3168294545824996,0.4856653829696192,233412
bibtex,GSI_MLC_PA_Logistic,0.25,1,0.013272668071907186,0.7506811989100818,0.0018098195621200357,3098,0.9867273319280928,230314,0.1837837837837838,544,2960,0.01381462821106027,0.9895035388069165,0.4404658367002091,0.5112879296281394,0.434942809063912,0.5686619718309859,0.0021849776361112516,0.12456072760208031,0.13999919716774484,0.16368475711572394,0.14611027460117704,0.015261044176706826,544,0.17559715945771465,3098,0.01063765120661358,0.9893623487933865,0.3013761364464543,0.4650655021834061,233412
bibtex,GSI_MLC_PA_Logistic,0.25,2,0.012127556361222458,0.7050067658998647,0.001685060229252163,2850,0.9878724436387776,232152,0.1820689655172414,528,2900,0.013299886809473962,0.9897320022808317,0.46603708462639454,0.5347323369670739,0.44739046446813424,0.5828867761452031,0.0020723227887422535,0.13952641855212905,0.15145715665197484,0.15607659996627588,0.13993633434727765,0.043629566899166965,528,0.18526315789473685,2850,0.010394052172714429,0.9896059478272856,0.32104079048230544,0.4816326530612245,235002
bibtex,GSI_MLC_PA_Logistic,0.25,3,0.014100156299880184,0.7277521423862887,0.0016752964046516858,3401,0.9858998437001198,237802,0.19342818428184283,571,2952,0.013425413448423112,0.990099625626547,0.4354079597982038,0.5043010056167951,0.4248611879889122,0.5698847262247838,0.002338279374634711,0.13497609107365216,0.14950604960232694,0.16949151321246309,0.15676345385897866,0.03475032626927846,571,0.16789179653043224,3401,0.010041967687403806,0.9899580323125962,0.2834288656376234,0.4572727272727273,241203
bibtex,GSI_MLC_PA_Logistic,0.25,4,0.015813485926384162,0.7506830601092896,0.0016983692046581682,3681,0.9841865140736158,229095,0.21988988300068824,639,2906,0.013791155445578582,0.9901622160360175,0.4790208114370361,0.5518861242734193,0.4690226869270534,0.6044905008635578,0.002646320926556034,0.16390329464099956,0.18046597831433897,0.18691121855032472,0.16876234552375202,0.03758735711509324,639,0.17359413202933985,3681,0.009995853248652306,0.9900041467513477,0.31770808157890074,0.49043168669336895,232776
bibtex,GSI_MLC_PA_Logistic,0.25,5,0.01353400853426559,0.702316076294278,0.0015999146590713934,3159,0.9864659914657344,230253,0.19110658520027154,563,2946,0.013682886912412387,0.989700615221154,0.4629571133217551,0.5327155933602227,0.4486300106395776,0.5843706777316736,0.0023220742721026255,0.13497895413799665,0.1467553073112015,0.16106761080893583,0.14658441818968887,0.02733893557422969,563,0.17822095599873378,3159,0.010440689154973008,0.989559310845027,0.3168294545824996,0.4856653829696192,233412
bibtex,GSI_MLC_PA_Logistic,0.30,1,0.013272668071907186,0.7506811989100818,0.0018098195621200357,3098,0.9867273319280928,230314,0.1837837837837838,544,2960,0.014478261614655631,0.9895035388069165,0.4404658367002091,0.5112879296281394,0.434942809063912,0.5686619718309859,0.0021849776361112516,0.12456072760208031,0.13999919716774484,0.16368475711572394,0.14611027460117704,0.015261044176706826,544,0.17559715945771465,3098,0.01063765120661358,0.9893623487933865,0.3013761364464543,0.4650655021834061,233412
bibtex,GSI_MLC_PA_Logistic,0.30,2,0.012127556361222458,0.7050067658998647,0.001685060229252163,2850,0.9878724436387776,232152,0.1820689655172414,528,2900,0.013906264627535084,0.9897320022808317,0.46603708462639454,0.5347323369670739,0.44739046446813424,0.5828867761452031,0.0020723227887422535,0.13952641855212905,0.15145715665197484,0.15607659996627588,0.13993633434727765,0.043629566899166965,528,0.18526315789473685,2850,0.010394052172714429,0.9896059478272856,0.32104079048230544,0.4816326530612245,235002
bibtex,GSI_MLC_PA_Logistic,0.30,3,0.014100156299880184,0.7277521423862887,0.0016752964046516858,3401,0.9858998437001198,237802,0.19342818428184283,571,2952,0.014130421263417122,0.990099625626547,0.4354079597982038,0.5043010056167951,0.4248611879889122,0.5698847262247838,0.002338279374634711,0.13497609107365216,0.14950604960232694,0.16949151321246309,0.15676345385897866,0.03475032626927846,571,0.16789179653043224,3401,0.010041967687403806,0.9899580323125962,0.2834288656376234,0.4572727272727273,241203
bibtex,GSI_MLC_PA_Logistic,0.30,4,0.015813485926384162,0.7506830601092896,0.0016983692046581682,3681,0.9841865140736158,229095,0.21988988300068824,639,2906,0.01458182974189779,0.9901622160360175,0.4790208114370361,0.5518861242734193,0.4690226869270534,0.6044905008635578,0.002646320926556034,0.16390329464099956,0.18046597831433897,0.18691121855032472,0.16876234552375202,0.03758735711509324,639,0.17359413202933985,3681,0.009995853248652306,0.9900041467513477,0.31770808157890074,0.49043168669336895,232776
bibtex,GSI_MLC_PA_Logistic,0.30,5,0.01353400853426559,0.702316076294278,0.0015999146590713934,3159,0.9864659914657344,230253,0.19110658520027154,563,2946,0.014359587339125665,0.989700615221154,0.4629571133217551,0.5327155933602227,0.4486300106395776,0.5843706777316736,0.0023220742721026255,0.13497895413799665,0.1467553073112015,0.16106761080893583,0.14658441818968887,0.02733893557422969,563,0.17822095599873378,3159,0.010440689154973008,0.989559310845027,0.3168294545824996,0.4856653829696192,233412
bibtex,GSI_MLC_PA_Logistic,0.35,1,0.013272668071907186,0.7506811989100818,0.0018098195621200357,3098,0.9867273319280928,230314,0.1837837837837838,544,2960,0.01514189501825099,0.9895035388069165,0.4404658367002091,0.5112879296281394,0.434942809063912,0.5686619718309859,0.0021849776361112516,0.12456072760208031,0.13999919716774484,0.16368475711572394,0.14611027460117704,0.015261044176706826,544,0.17559715945771465,3098,0.01063765120661358,0.9893623487933865,0.3013761364464543,0.4650655021834061,233412
bibtex,GSI_MLC_PA_Logistic,0.35,2,0.012127556361222458,0.7050067658998647,0.001685060229252163,2850,0.9878724436387776,232152,0.1820689655172414,528,2900,0.014512642445596208,0.9897320022808317,0.46603708462639454,0.5347323369670739,0.44739046446813424,0.5828867761452031,0.0020723227887422535,0.13952641855212905,0.15145715665197484,0.15607659996627588,0.13993633434727765,0.043629566899166965,528,0.18526315789473685,2850,0.010394052172714429,0.9896059478272856,0.32104079048230544,0.4816326530612245,235002
bibtex,GSI_MLC_PA_Logistic,0.35,3,0.014100156299880184,0.7277521423862887,0.0016752964046516858,3401,0.9858998437001198,237802,0.19342818428184283,571,2952,0.01483542907841113,0.990099625626547,0.4354079597982038,0.5043010056167951,0.4248611879889122,0.5698847262247838,0.002338279374634711,0.13497609107365216,0.14950604960232694,0.16949151321246309,0.15676345385897866,0.03475032626927846,571,0.16789179653043224,3401,0.010041967687403806,0.9899580323125962,0.2834288656376234,0.4572727272727273,241203
bibtex,GSI_MLC_PA_Logistic,0.35,4,0.015813485926384162,0.7506830601092896,0.0016983692046581682,3681,0.9841865140736158,229095,0.21988988300068824,639,2906,0.015372504038217,0.9901622160360175,0.4790208114370361,0.5518861242734193,0.4690226869270534,0.6044905008635578,0.002646320926556034,0.16390329464099956,0.18046597831433897,0.18691121855032472,0.16876234552375202,0.03758735711509324,639,0.17359413202933985,3681,0.009995853248652306,0.9900041467513477,0.31770808157890074,0.49043168669336895,232776
bibtex,GSI_MLC_PA_Logistic,0.35,5,0.01353400853426559,0.702316076294278,0.0015999146590713934,3159,0.9864659914657344,230253,0.19110658520027154,563,2946,0.015036287765838947,0.989700615221154,0.4629571133217551,0.5327155933602227,0.4486300106395776,0.5843706777316736,0.0023220742721026255,0.13497895413799665,0.1467553073112015,0.16106761080893583,0.14658441818968887,0.02733893557422969,563,0.17822095599873378,3159,0.010440689154973008,0.989559310845027,0.3168294545824996,0.4856653829696192,233412
bibtex,GSI_MLC_PA_Logistic,0.40,1,0.013272668071907186,0.7506811989100818,0.0018098195621200357,3098,0.9867273319280928,230314,0.1837837837837838,544,2960,0.01580552842184635,0.9895035388069165,0.4404658367002091,0.5112879296281394,0.434942809063912,0.5686619718309859,0.0021849776361112516,0.12456072760208031,0.13999919716774484,0.16368475711572394,0.14611027460117704,0.015261044176706826,544,0.17559715945771465,3098,0.01063765120661358,0.9893623487933865,0.3013761364464543,0.4650655021834061,233412
bibtex,GSI_MLC_PA_Logistic,0.40,2,0.012127556361222458,0.7050067658998647,0.001685060229252163,2850,0.9878724436387776,232152,0.1820689655172414,528,2900,0.01511902026365733,0.9897320022808317,0.46603708462639454,0.5347323369670739,0.44739046446813424,0.5828867761452031,0.0020723227887422535,0.13952641855212905,0.15145715665197484,0.15607659996627588,0.13993633434727765,0.043629566899166965,528,0.18526315789473685,2850,0.010394052172714429,0.9896059478272856,0.32104079048230544,0.4816326530612245,235002
bibtex,GSI_MLC_PA_Logistic,0.40,3,0.014100156299880184,0.7277521423862887,0.0016752964046516858,3401,0.9858998437001198,237802,0.19342818428184283,571,2952,0.015540436893405141,0.990099625626547,0.4354079597982038,0.5043010056167951,0.4248611879889122,0.5698847262247838,0.002338279374634711,0.13497609107365216,0.14950604960232694,0.16949151321246309,0.15676345385897866,0.03475032626927846,571,0.16789179653043224,3401,0.010041967687403806,0.9899580323125962,0.2834288656376234,0.4572727272727273,241203
bibtex,GSI_MLC_PA_Logistic,0.40,4,0.015813485926384162,0.7506830601092896,0.0016983692046581682,3681,0.9841865140736158,229095,0.21988988300068824,639,2906,0.016163178334536208,0.9901622160360175,0.4790208114370361,0.5518861242734193,0.4690226869270534,0.6044905008635578,0.002646320926556034,0.16390329464099956,0.18046597831433897,0.18691121855032472,0.16876234552375202,0.03758735711509324,639,0.17359413202933985,3681,0.009995853248652306,0.9900041467513477,0.31770808157890074,0.49043168669336895,232776
bibtex,GSI_MLC_PA_Logistic,0.40,5,0.01353400853426559,0.702316076294278,0.0015999146590713934,3159,0.9864659914657344,230253,0.19110658520027154,563,2946,0.015712988192552225,0.989700615221154,0.4629571133217551,0.5327155933602227,0.4486300106395776,0.5843706777316736,0.0023220742721026255,0.13497895413799665,0.1467553073112015,0.16106761080893583,0.14658441818968887,0.02733893557422969,563,0.17822095599873378,3159,0.010440689154973008,0.989559310845027,0.3168294545824996,0.4856653829696192,233412
bibtex,GSI_MLC_PA_Logistic,0.50,1,0.013272668071907186,0.7506811989100818,0.0018098195621200357,3098,0.9867273319280928,230314,0.1837837837837838,544,2960,0.017132795229037066,0.9895035388069165,0.4404658367002091,0.5112879296281394,0.434942809063912,0.5686619718309859,0.0021849776361112516,0.12456072760208031,0.13999919716774484,0.16368475711572394,0.14611027460117704,0.015261044176706826,544,0.17559715945771465,3098,0.01063765120661358,0.9893623487933865,0.3013761364464543,0.4650655021834061,233412
bibtex,GSI_MLC_PA_Logistic,0.50,2,0.012127556361222458,0.7050067658998647,0.001685060229252163,2850,0.9878724436387776,232152,0.1820689655172414,528,2900,0.016331775899779577,0.9897320022808317,0.46603708462639454,0.5347323369670739,0.44739046446813424,0.5828867761452031,0.0020723227887422535,0.13952641855212905,0.15145715665197484,0.15607659996627588,0.13993633434727765,0.043629566899166965,528,0.18526315789473685,2850,0.010394052172714429,0.9896059478272856,0.32104079048230544,0.4816326530612245,235002
bibtex,GSI_MLC_PA_Logistic,0.50,3,0.014100156299880184,0.7277521423862887,0.0016752964046516858,3401,0.9858998437001198,237802,0.19342818428184283,571,2952,0.01695045252339316,0.990099625626547,0.4354079597982038,0.5043010056167951,0.4248611879889122,0.5698847262247838,0.002338279374634711,0.13497609107365216,0.14950604960232694,0.16949151321246309,0.15676345385897866,0.03475032626927846,571,0.16789179653043224,3401,0.010041967687403806,0.9899580323125962,0.2834288656376234,0.4572727272727273,241203
bibtex,GSI_MLC_PA_Logistic,0.50,4,0.015813485926384162,0.7506830601092896,0.0016983692046581682,3681,0.9841865140736158,229095,0.21988988300068824,639,2906,0.017744526927174622,0.9901622160360175,0.4790208114370361,0.5518861242734193,0.4690226869270534,0.6044905008635578,0.002646320926556034,0.16390329464099956,0.18046597831433897,0.18691121855032472,0.16876234552375202,0.03758735711509324,639,0.17359413202933985,3681,0.009995853248652306,0.9900041467513477,0.31770808157890074,0.49043168669336895,232776
bibtex,GSI_MLC_PA_Logistic,0.50,5,0.01353400853426559,0.702316076294278,0.0015999146590713934,3159,0.9864659914657344,230253,0.19110658520027154,563,2946,0.017066389045978785,0.989700615221154,0.4629571133217551,0.5327155933602227,0.4486300106395776,0.5843706777316736,0.0023220742721026255,0.13497895413799665,0.1467553073112015,0.16106761080893583,0.14658441818968887,0.02733893557422969,563,0.17822095599873378,3159,0.010440689154973008,0.989559310845027,0.3168294545824996,0.4856653829696192,233412
