dataset,learner,model,fold,train_time_sec,infer_time_sec,Full_Macro_F1,Selective_Macro_F1,Coverage,Full_Micro_F1,Selective_Micro_F1,Hamming_Loss,Selective_Hamming_Loss,Subset_Accuracy
emotions,Logistic,BR,1,0.011108800000329211,0.004061900000124297,0.6111172188011763,0.6111172188011763,1.0,0.6479591836734694,0.6479591836734694,0.1885245901639344,0.1885245901639344,0.29508196721311475
emotions,Logistic,CC,1,0.011493199999677017,0.004042300000037358,0.5907550407550407,0.5907550407550407,1.0,0.6327944572748267,0.6327944572748267,0.21721311475409835,0.21721311475409835,0.3114754098360656
emotions,Logistic,MLC_PA,1,0.00997549999920011,0.011044899999433255,0.6111172188011763,0.6369809992962702,0.6953551912568307,0.6479591836734694,0.6826923076923077,0.1885245901639344,0.12966601178781925,0.29508196721311475
emotions,Logistic,ECC,1,0.11710440000024391,0.012404699999933655,0.6426963272233911,0.6426963272233911,1.0,0.671264367816092,0.671264367816092,0.1953551912568306,0.1953551912568306,0.3442622950819672
emotions,Logistic,GSI_v6,1,0.14187840000067808,0.010859199999686098,0.6007178280365524,0.6149073800212516,0.726775956284153,0.6318537859007833,0.6568627450980392,0.19262295081967212,0.13157894736842105,0.26229508196721313
emotions,Logistic,GSI_v6_2,1,0.18883099999948172,0.010935400000562367,0.6384832688391934,0.6597351540297139,0.7049180327868853,0.6633906633906634,0.7037037037037037,0.1871584699453552,0.12403100775193798,0.3114754098360656
emotions,Logistic,BR,2,0.012185600000520935,0.0026484999998501735,0.5903093203093203,0.5903093203093203,1.0,0.6070460704607046,0.6070460704607046,0.2030812324929972,0.2030812324929972,0.24369747899159663
emotions,Logistic,CC,2,0.012214500000482076,0.002846999999746913,0.6039173957071541,0.6039173957071541,1.0,0.634032634032634,0.634032634032634,0.21988795518207283,0.21988795518207283,0.31092436974789917
emotions,Logistic,MLC_PA,2,0.01167870000062976,0.008307699999932083,0.5903093203093203,0.5855662035097519,0.6498599439775911,0.6070460704607046,0.6838709677419355,0.2030812324929972,0.10560344827586207,0.24369747899159663
emotions,Logistic,ECC,2,0.135949200000141,0.0138029000008828,0.6510396277205436,0.6510396277205436,1.0,0.6556603773584906,0.6556603773584906,0.20448179271708683,0.20448179271708683,0.2773109243697479
emotions,Logistic,GSI_v6,2,0.13437509999948816,0.011045199999898614,0.5887533411671342,0.5850198412698412,0.6974789915966386,0.6,0.6455696202531646,0.20728291316526612,0.11244979919678715,0.2605042016806723
emotions,Logistic,GSI_v6_2,2,0.18883999999980006,0.010769900000013877,0.676854885156772,0.7216688948306595,0.6694677871148459,0.6699751861042184,0.7362637362637363,0.18627450980392157,0.100418410041841,0.31092436974789917
emotions,Logistic,BR,3,0.01165949999995064,0.003113800000392075,0.5742504226103112,0.5742504226103112,1.0,0.6184538653366584,0.6184538653366584,0.2073170731707317,0.2073170731707317,0.21138211382113822
emotions,Logistic,CC,3,0.011795299999903364,0.003145599999697879,0.5560457900544787,0.5560457900544787,1.0,0.6,0.6,0.23848238482384823,0.23848238482384823,0.21951219512195122
emotions,Logistic,MLC_PA,3,0.01207559999966179,0.008628700000372191,0.5742504226103112,0.6415269243898276,0.6788617886178862,0.6184538653366584,0.69,0.2073170731707317,0.12375249500998003,0.21138211382113822
emotions,Logistic,ECC,3,0.11538079999991169,0.011598699999922246,0.6016770419103765,0.6016770419103765,1.0,0.631578947368421,0.631578947368421,0.2181571815718157,0.2181571815718157,0.23577235772357724
emotions,Logistic,GSI_v6,3,0.16734029999952327,0.011283599999842409,0.594238683127572,0.6284854497354497,0.7154471544715447,0.6347607052896725,0.6633663366336634,0.19647696476964768,0.12878787878787878,0.24390243902439024
emotions,Logistic,GSI_v6_2,3,0.14070170000013604,0.011839300000247022,0.6019778503628633,0.6737081839904421,0.6978319783197832,0.6372549019607843,0.7203791469194313,0.2005420054200542,0.1145631067961165,0.24390243902439024
emotions,Logistic,BR,4,0.009770800000296731,0.004158599999755097,0.6032960188532944,0.6032960188532944,1.0,0.6253229974160207,0.6253229974160207,0.2013888888888889,0.2013888888888889,0.24166666666666667
emotions,Logistic,CC,4,0.010140500000488828,0.004400300000270363,0.6084556298111286,0.6084556298111286,1.0,0.6374133949191686,0.6374133949191686,0.21805555555555556,0.21805555555555556,0.2833333333333333
emotions,Logistic,MLC_PA,4,0.010026599999946484,0.01016540000000532,0.6032960188532944,0.5954358877206277,0.6472222222222223,0.6253229974160207,0.7215189873417721,0.2013888888888889,0.0944206008583691,0.24166666666666667
emotions,Logistic,ECC,4,0.12609279999924183,0.010444499999721302,0.6749662641560686,0.6749662641560686,1.0,0.6866359447004609,0.6866359447004609,0.18888888888888888,0.18888888888888888,0.31666666666666665
emotions,Logistic,GSI_v6,4,0.1332711000004565,0.01147820000005595,0.5963215118787873,0.5851948712360612,0.7,0.6174142480211082,0.6708074534161491,0.2013888888888889,0.10515873015873016,0.19166666666666668
emotions,Logistic,GSI_v6_2,4,0.19381439999961003,0.010863000000426837,0.6387485776015451,0.7061139073320483,0.6694444444444444,0.6464646464646465,0.75,0.19444444444444445,0.0954356846473029,0.275
emotions,Logistic,BR,5,0.012771599999723549,0.0027505000007295166,0.6069701813350067,0.6069701813350067,1.0,0.6456692913385826,0.6456692913385826,0.20642201834862386,0.20642201834862386,0.26605504587155965
emotions,Logistic,CC,5,0.013131099999554863,0.0031945999999152264,0.6067737361901421,0.6067737361901421,1.0,0.6509433962264151,0.6509433962264151,0.22629969418960244,0.22629969418960244,0.29357798165137616
emotions,Logistic,MLC_PA,5,0.012600000000020373,0.009141499999714142,0.6069701813350067,0.6264785468414501,0.7033639143730887,0.6456692913385826,0.6947368421052632,0.20642201834862386,0.12608695652173912,0.26605504587155965
emotions,Logistic,ECC,5,0.11445449999973789,0.012277999999241729,0.6375229747216248,0.6375229747216248,1.0,0.6619047619047619,0.6619047619047619,0.21712538226299694,0.21712538226299694,0.3119266055045872
emotions,Logistic,GSI_v6,5,0.17166879999967932,0.011328999999932421,0.5955838417743822,0.6061620160884867,0.7370030581039755,0.6417112299465241,0.6536585365853659,0.20489296636085627,0.14730290456431536,0.25688073394495414
emotions,Logistic,GSI_v6_2,5,0.199407500000234,0.011771200000112003,0.6451517447502307,0.7043324059453092,0.7110091743119266,0.67,0.7431192660550459,0.2018348623853211,0.12043010752688173,0.3119266055045872
scene,Logistic,BR,1,0.22349380000014207,0.004090899999937392,0.7130933796427547,0.7130933796427547,1.0,0.7085953878406709,0.7085953878406709,0.09672929714683368,0.09672929714683368,0.5511482254697286
scene,Logistic,CC,1,0.2272942999998122,0.004591700000673882,0.7188221335068672,0.7188221335068672,1.0,0.707631318136769,0.707631318136769,0.10264439805149617,0.10264439805149617,0.6597077244258872
scene,Logistic,MLC_PA,1,0.21895309999945312,0.012958499999513151,0.7130933796427547,0.7620553048120637,0.883785664578984,0.7085953878406709,0.7772657450076805,0.09672929714683368,0.05708661417322835,0.5511482254697286
scene,Logistic,ECC,1,2.120031399999789,0.027429299999312207,0.7340318931892608,0.7340318931892608,1.0,0.7283702213279678,0.7283702213279678,0.09394572025052192,0.09394572025052192,0.6450939457202505
scene,Logistic,GSI_v6,1,2.002437500000269,0.012508099999649858,0.7134729999904339,0.7630969086033157,0.9001391788448155,0.7078534031413612,0.7696709585121603,0.09707724425887265,0.0622342481638964,0.5970772442588727
scene,Logistic,GSI_v6_2,1,2.118019099999401,0.014152100000501378,0.7219685679270889,0.7718144081387798,0.8865692414752957,0.7170984455958549,0.7837837837837838,0.09498956158663883,0.0565149136577708,0.5762004175365344
scene,Logistic,BR,2,0.21725299999980052,0.006161299999803305,0.7236845139015627,0.7236845139015627,1.0,0.7170212765957447,0.7170212765957447,0.09274755927475593,0.09274755927475593,0.5732217573221757
scene,Logistic,CC,2,0.20838130000083765,0.006717199999911827,0.7562715671957158,0.7562715671957158,1.0,0.7425742574257426,0.7425742574257426,0.09065550906555091,0.09065550906555091,0.6924686192468619
scene,Logistic,MLC_PA,2,0.22493389999999636,0.013088300000163144,0.7236845139015627,0.7528821811242311,0.893305439330544,0.7170212765957447,0.7830045523520486,0.09274755927475593,0.05581576893052303,0.5732217573221757
scene,Logistic,ECC,2,2.0935237000003326,0.026658100000531704,0.7564715567163555,0.7564715567163555,1.0,0.7467204843592331,0.7467204843592331,0.08751743375174338,0.08751743375174338,0.6610878661087866
scene,Logistic,GSI_v6,2,1.9748865999999907,0.014087499999732245,0.7273783947936755,0.7584780524636893,0.9006276150627615,0.721627408993576,0.7835051546391752,0.09065550906555091,0.056910569105691054,0.5941422594142259
scene,Logistic,GSI_v6_2,2,2.405870400000822,0.014504899999337795,0.7437263668977802,0.7814018909688288,0.8999302649930265,0.7373949579831933,0.8034682080924855,0.08716875871687588,0.0526927547462224,0.6171548117154811
scene,Logistic,BR,3,0.21780310000031022,0.005618299999696319,0.673753403345588,0.673753403345588,1.0,0.6680988184747583,0.6680988184747583,0.10553278688524591,0.10553278688524591,0.49385245901639346
scene,Logistic,CC,3,0.20076009999957023,0.004467599999770755,0.7086802670074616,0.7086802670074616,1.0,0.6981317600786627,0.6981317600786627,0.10484972677595629,0.10484972677595629,0.6516393442622951
scene,Logistic,MLC_PA,3,0.21227230000022246,0.013213199999881908,0.673753403345588,0.7347111108303207,0.8890027322404371,0.6680988184747583,0.75,0.10553278688524591,0.0622358816749904,0.49385245901639346
scene,Logistic,ECC,3,2.066146899999694,0.02567529999942053,0.7329378096158027,0.7329378096158027,1.0,0.7252525252525253,0.7252525252525253,0.09289617486338798,0.09289617486338798,0.6454918032786885
scene,Logistic,GSI_v6,3,1.958760400000756,0.014360000000124273,0.686608635751171,0.7469932030233553,0.8934426229508197,0.6809881847475833,0.7571644042232277,0.1014344262295082,0.06154434250764526,0.5409836065573771
scene,Logistic,GSI_v6_2,3,2.050962199999958,0.014476199999990058,0.6927444290047714,0.7572460504044352,0.8845628415300546,0.6860215053763441,0.7699530516431925,0.09972677595628415,0.05675675675675676,0.5327868852459017
scene,Logistic,BR,4,0.20446480000009615,0.005299399999785237,0.6768788846376222,0.6768788846376222,1.0,0.6702702702702703,0.6702702702702703,0.10568260568260568,0.10568260568260568,0.5072765072765073
scene,Logistic,CC,4,0.20099470000059227,0.004427200000463927,0.703541463364357,0.703541463364357,1.0,0.6906187624750499,0.6906187624750499,0.10741510741510742,0.10741510741510742,0.6444906444906445
scene,Logistic,MLC_PA,4,0.21286179999970045,0.011950199999773758,0.6768788846376222,0.7150771843373813,0.8887733887733887,0.6702702702702703,0.7258805513016845,0.10568260568260568,0.06978557504873294,0.5072765072765073
scene,Logistic,ECC,4,2.0485008999994534,0.02716379999947094,0.7130144947918957,0.7130144947918957,1.0,0.7028688524590164,0.7028688524590164,0.10048510048510048,0.10048510048510048,0.6299376299376299
scene,Logistic,GSI_v6,4,1.9441428000000087,0.013922500000262517,0.6766964241950463,0.7134798384912284,0.8953568953568953,0.6688034188034188,0.7197640117994101,0.10741510741510742,0.07352941176470588,0.5467775467775468
scene,Logistic,GSI_v6_2,4,2.1415461999995387,0.014808500000071945,0.6888986990363634,0.7371046130059412,0.8922383922383922,0.683083511777302,0.7473841554559043,0.10256410256410256,0.06563106796116505,0.5426195426195426
scene,Logistic,BR,5,0.20847869999943214,0.003946600000745093,0.7095352614612715,0.7095352614612715,1.0,0.7052518756698821,0.7052518756698821,0.09528759528759528,0.09528759528759528,0.5550935550935551
scene,Logistic,CC,5,0.20697070000005624,0.0045821000003343215,0.7299095979600888,0.7299095979600888,1.0,0.7158308751229105,0.7158308751229105,0.10013860013860014,0.10013860013860014,0.6632016632016632
scene,Logistic,MLC_PA,5,0.21319609999954992,0.011959099999330647,0.7095352614612715,0.750944904618352,0.8808038808038808,0.7052518756698821,0.7697063369397218,0.09528759528759528,0.05861526357199056,0.5550935550935551
scene,Logistic,ECC,5,2.0415333999999348,0.024430499999652966,0.7555599736269714,0.7555599736269714,1.0,0.7445109780439122,0.7445109780439122,0.0887040887040887,0.0887040887040887,0.6735966735966736
scene,Logistic,GSI_v6,5,2.022184599999491,0.014493699999547971,0.6964400361907094,0.7442215381031833,0.893970893970894,0.692390139335477,0.7586206896551724,0.09944559944559944,0.0624031007751938,0.5738045738045738
scene,Logistic,GSI_v6_2,5,2.126139300000432,0.014067899999645306,0.7234917666349991,0.7808237921239837,0.8790713790713791,0.7177334732423925,0.7963246554364471,0.0932085932085932,0.052424122979897514,0.5883575883575883
chd49,Logistic,BR,1,0.012693299999227747,0.0028295000001890003,0.5057804940157882,0.5057804940157882,1.0,0.6586206896551724,0.6586206896551724,0.2972972972972973,0.2972972972972973,0.14414414414414414
chd49,Logistic,CC,1,0.011891400000422436,0.0028491000002759392,0.5021354653258425,0.5021354653258425,1.0,0.6531302876480541,0.6531302876480541,0.3078078078078078,0.3078078078078078,0.1891891891891892
chd49,Logistic,MLC_PA,1,0.011620399999628717,0.008219999999710126,0.5057804940157882,0.539562228858183,0.6591591591591591,0.6586206896551724,0.7298850574712644,0.2972972972972973,0.214123006833713,0.14414414414414414
chd49,Logistic,ECC,1,0.12370329999976093,0.007854599999518541,0.5152759020479722,0.5152759020479722,1.0,0.6666666666666666,0.6666666666666666,0.29429429429429427,0.29429429429429427,0.1981981981981982
chd49,Logistic,GSI_v6,1,0.1928053000001455,0.009278300000005402,0.5181056559999949,0.5205954113619536,0.6921921921921922,0.6736474694589878,0.7107438016528925,0.2807807807807808,0.227765726681128,0.17117117117117117
chd49,Logistic,GSI_v6_2,1,0.17451100000016595,0.010003699999288074,0.5149573686956864,0.5195244556339423,0.6606606606606606,0.6643598615916955,0.7183908045977011,0.2912912912912913,0.22272727272727272,0.15315315315315314
chd49,Logistic,BR,2,0.010847800000192365,0.0046472000003632274,0.49038259527774297,0.49038259527774297,1.0,0.6549295774647887,0.6549295774647887,0.296969696969697,0.296969696969697,0.2
chd49,Logistic,CC,2,0.011329999999361462,0.0037727999997514416,0.5072882974904459,0.5072882974904459,1.0,0.6561954624781849,0.6561954624781849,0.29848484848484846,0.29848484848484846,0.2
chd49,Logistic,MLC_PA,2,0.011492700000417244,0.010428399999909743,0.49038259527774297,0.5089681273891801,0.6318181818181818,0.6549295774647887,0.6792452830188679,0.296969696969697,0.2446043165467626,0.2
chd49,Logistic,ECC,2,0.13100959999974293,0.008006799999748182,0.5250409894652698,0.5250409894652698,1.0,0.6791808873720137,0.6791808873720137,0.28484848484848485,0.28484848484848485,0.23636363636363636
chd49,Logistic,GSI_v6,2,0.15854859999944892,0.008697299999766983,0.48138746293113727,0.5125634169751817,0.6833333333333333,0.648936170212766,0.6798866855524079,0.3,0.25055432372505543,0.19090909090909092
chd49,Logistic,GSI_v6_2,2,0.17770290000044042,0.010860999999749765,0.4873179843028346,0.510161510303314,0.6454545454545455,0.6537102473498233,0.6747720364741642,0.296969696969697,0.2511737089201878,0.19090909090909092
chd49,Logistic,BR,3,0.011119400000097812,0.00456199999916862,0.4935292357701115,0.4935292357701115,1.0,0.6701754385964912,0.6701754385964912,0.28484848484848485,0.28484848484848485,0.15454545454545454
chd49,Logistic,CC,3,0.011152299999594106,0.004789199999322591,0.5216563935993687,0.5216563935993687,1.0,0.6791808873720137,0.6791808873720137,0.28484848484848485,0.28484848484848485,0.19090909090909092
chd49,Logistic,MLC_PA,3,0.012114599999222264,0.010657499999979336,0.4935292357701115,0.542063492063492,0.6272727272727273,0.6701754385964912,0.746177370030581,0.28484848484848485,0.20048309178743962,0.15454545454545454
chd49,Logistic,ECC,3,0.1261408999998821,0.007910000000265427,0.5267758918389391,0.5267758918389391,1.0,0.6857142857142857,0.6857142857142857,0.2833333333333333,0.2833333333333333,0.17272727272727273
chd49,Logistic,GSI_v6,3,0.14481960000011895,0.0094080999997459,0.49679432433732185,0.5280578139114724,0.6772727272727272,0.671304347826087,0.711864406779661,0.2863636363636364,0.22818791946308725,0.16363636363636364
chd49,Logistic,GSI_v6_2,3,0.18002230000001873,0.010485700000572251,0.48415028997991,0.539597423510467,0.6303030303030303,0.6701754385964912,0.75,0.28484848484848485,0.19230769230769232,0.14545454545454545
chd49,Logistic,BR,4,0.012515499999608437,0.0026559999996607075,0.5699062361517692,0.5699062361517692,1.0,0.6655405405405406,0.6655405405405406,0.2894736842105263,0.2894736842105263,0.16666666666666666
chd49,Logistic,CC,4,0.014168599999720755,0.0034292000000277767,0.5091977802064439,0.5091977802064439,1.0,0.657672849915683,0.657672849915683,0.29678362573099415,0.29678362573099415,0.19298245614035087
chd49,Logistic,MLC_PA,4,0.014714400000229944,0.008871500000168453,0.5699062361517692,0.5196308321308322,0.6067251461988304,0.6655405405405406,0.7239263803680982,0.2894736842105263,0.21686746987951808,0.16666666666666666
chd49,Logistic,ECC,4,0.12352880000071309,0.007986099999470753,0.5772008620897331,0.5772008620897331,1.0,0.6644518272425249,0.6644518272425249,0.2953216374269006,0.2953216374269006,0.17543859649122806
chd49,Logistic,GSI_v6,4,0.14536769999995158,0.011908499999663036,0.5564862661805393,0.5232682400445559,0.6374269005847953,0.6655290102389079,0.717201166180758,0.28654970760233917,0.22247706422018348,0.16666666666666666
chd49,Logistic,GSI_v6_2,4,0.17825420000008307,0.009812500000407454,0.5786777580419152,0.5205868205868206,0.6111111111111112,0.6723259762308998,0.7239263803680982,0.2821637426900585,0.215311004784689,0.16666666666666666
chd49,Logistic,BR,5,0.012207199999465956,0.002715599999646656,0.492142597189168,0.492142597189168,1.0,0.6527050610820244,0.6527050610820244,0.3015151515151515,0.3015151515151515,0.12727272727272726
chd49,Logistic,CC,5,0.01285959999950137,0.0027162000005773734,0.49631516369291745,0.49631516369291745,1.0,0.6415094339622641,0.6415094339622641,0.31666666666666665,0.31666666666666665,0.16363636363636364
chd49,Logistic,MLC_PA,5,0.012109500000406115,0.008596399999987625,0.492142597189168,0.5106577229403316,0.6272727272727273,0.6527050610820244,0.7249190938511327,0.3015151515151515,0.20531400966183574,0.12727272727272726
chd49,Logistic,ECC,5,0.12702720000015688,0.0081054000002041,0.5100910969861082,0.5100910969861082,1.0,0.6609880749574105,0.6609880749574105,0.3015151515151515,0.3015151515151515,0.17272727272727273
chd49,Logistic,GSI_v6,5,0.14576010000018869,0.011132800000268617,0.49653366025817286,0.511460076287108,0.65,0.65625,0.7076923076923077,0.3,0.22144522144522144,0.12727272727272726
chd49,Logistic,GSI_v6_2,5,0.17243510000025708,0.010433200000079523,0.4964208995219144,0.5117713365539452,0.6181818181818182,0.6573426573426573,0.7350993377483444,0.296969696969697,0.19607843137254902,0.10909090909090909
music,Logistic,BR,1,0.01121089999924152,0.0029419000002235407,0.5872624377030783,0.5872624377030783,1.0,0.631578947368421,0.631578947368421,0.19607843137254902,0.19607843137254902,0.24369747899159663
music,Logistic,CC,1,0.010051600000224425,0.0037866000002395594,0.6013392307688709,0.6013392307688709,1.0,0.6526806526806527,0.6526806526806527,0.20868347338935575,0.20868347338935575,0.29411764705882354
music,Logistic,MLC_PA,1,0.009987500000534055,0.009250299999621348,0.5872624377030783,0.6409247757073845,0.6666666666666666,0.631578947368421,0.7126436781609196,0.19607843137254902,0.10504201680672269,0.24369747899159663
music,Logistic,ECC,1,0.11054459999922983,0.010093599999891012,0.673829371756724,0.673829371756724,1.0,0.6899766899766899,0.6899766899766899,0.18627450980392157,0.18627450980392157,0.3445378151260504
music,Logistic,GSI_v6,1,0.13399659999959113,0.011212000000341504,0.6151099027287535,0.6090752242926155,0.7128851540616247,0.6363636363636364,0.650887573964497,0.19047619047619047,0.11591355599214145,0.3025210084033613
music,Logistic,GSI_v6_2,1,0.17780499999935273,0.009535899999718822,0.653180747203595,0.6430760810071156,0.665266106442577,0.6700507614213198,0.7159090909090909,0.18207282913165265,0.10526315789473684,0.3025210084033613
music,Logistic,BR,2,0.011746400000447466,0.0026790000001710723,0.5929062155588762,0.5929062155588762,1.0,0.635,0.635,0.20797720797720798,0.20797720797720798,0.2905982905982906
music,Logistic,CC,2,0.011934999999539286,0.003084100000705803,0.5795877190297042,0.5795877190297042,1.0,0.62004662004662,0.62004662004662,0.23219373219373218,0.23219373219373218,0.26495726495726496
music,Logistic,MLC_PA,2,0.011064799999985553,0.00841350000064267,0.5929062155588762,0.6158771674900708,0.7051282051282052,0.635,0.6570048309178744,0.20797720797720798,0.14343434343434344,0.2905982905982906
music,Logistic,ECC,2,0.11135359999934735,0.008454599999822676,0.5671009962181439,0.5671009962181439,1.0,0.6179245283018868,0.6179245283018868,0.23076923076923078,0.23076923076923078,0.28205128205128205
music,Logistic,GSI_v6,2,0.12711899999976595,0.010727500000029977,0.573737201688147,0.6047660563789597,0.7193732193732194,0.6259541984732825,0.6534653465346535,0.2094017094017094,0.13861386138613863,0.2905982905982906
music,Logistic,GSI_v6_2,2,0.14259380000021338,0.010890799999287992,0.5909469595229049,0.6439241692212829,0.7051282051282052,0.635,0.6886792452830188,0.20797720797720798,0.13333333333333333,0.2905982905982906
music,Logistic,BR,3,0.011488800000734045,0.0028526999994937796,0.6374012930386663,0.6374012930386663,1.0,0.6734177215189874,0.6734177215189874,0.18220338983050846,0.18220338983050846,0.2796610169491525
music,Logistic,CC,3,0.011471600000731996,0.0036067999999431777,0.6128008867139302,0.6128008867139302,1.0,0.6496519721577726,0.6496519721577726,0.2132768361581921,0.2132768361581921,0.2711864406779661
music,Logistic,MLC_PA,3,0.010132200000043667,0.009765700000571087,0.6374012930386663,0.6216900341038273,0.6850282485875706,0.6734177215189874,0.7127659574468085,0.18220338983050846,0.11134020618556702,0.2796610169491525
music,Logistic,ECC,3,0.11388150000038877,0.008562200000596931,0.6803795449091895,0.6803795449091895,1.0,0.7086247086247086,0.7086247086247086,0.1765536723163842,0.1765536723163842,0.3474576271186441
music,Logistic,GSI_v6,3,0.1433299000000261,0.011582699999962642,0.6371857567902661,0.63447060609532,0.713276836158192,0.6666666666666666,0.6984126984126984,0.18361581920903955,0.11287128712871287,0.288135593220339
music,Logistic,GSI_v6_2,3,0.16686179999942397,0.009866800000054354,0.6573046603558267,0.6978510378510379,0.693502824858757,0.681592039800995,0.7378640776699029,0.1807909604519774,0.109979633401222,0.3220338983050847
music,Logistic,BR,4,0.012343300000793533,0.0029013000003033085,0.6138917881455194,0.6138917881455194,1.0,0.6479591836734694,0.6479591836734694,0.19327731092436976,0.19327731092436976,0.2773109243697479
music,Logistic,CC,4,0.012795600000572449,0.0028659999998126295,0.6177281309831962,0.6177281309831962,1.0,0.6606334841628959,0.6606334841628959,0.21008403361344538,0.21008403361344538,0.3277310924369748
music,Logistic,MLC_PA,4,0.012282000000595872,0.010913300000538584,0.6138917881455194,0.6738978716341628,0.6946778711484594,0.6479591836734694,0.6984126984126984,0.19327731092436976,0.11491935483870967,0.2773109243697479
music,Logistic,ECC,4,0.11665830000038113,0.008046400000239373,0.6889926437960906,0.6889926437960906,1.0,0.7004608294930875,0.7004608294930875,0.18207282913165265,0.18207282913165265,0.31932773109243695
music,Logistic,GSI_v6,4,0.1432832000000417,0.012040000000524742,0.6271570350535988,0.6375313326814169,0.7170868347338936,0.6512820512820513,0.6590909090909091,0.19047619047619047,0.1171875,0.2605042016806723
music,Logistic,GSI_v6_2,4,0.14031290000002627,0.011398999999983062,0.6566046326997618,0.6919207670369208,0.6946778711484594,0.6699507389162561,0.7243243243243244,0.1876750700280112,0.1028225806451613,0.29411764705882354
music,Logistic,BR,5,0.010039099999630707,0.004679000000578526,0.6022418624525095,0.6022418624525095,1.0,0.6302083333333334,0.6302083333333334,0.19887955182072828,0.19887955182072828,0.21008403361344538
music,Logistic,CC,5,0.011372799999662675,0.004759099999319005,0.6039309996458484,0.6039309996458484,1.0,0.6372093023255814,0.6372093023255814,0.2184873949579832,0.2184873949579832,0.2605042016806723
music,Logistic,MLC_PA,5,0.010213999999905354,0.010832599999957893,0.6022418624525095,0.6352324803136161,0.6918767507002801,0.6302083333333334,0.696969696969697,0.19887955182072828,0.1214574898785425,0.21008403361344538
music,Logistic,ECC,5,0.11633119999987684,0.009658500000114145,0.6296858545197729,0.6296858545197729,1.0,0.6495327102803738,0.6495327102803738,0.21008403361344538,0.21008403361344538,0.2689075630252101
music,Logistic,GSI_v6,5,0.1692616000000271,0.008906899999601592,0.5938078261607673,0.5877791087210767,0.7240896358543417,0.6243386243386243,0.6701030927835051,0.19887955182072828,0.12379110251450677,0.2184873949579832
music,Logistic,GSI_v6_2,5,0.1448025999998208,0.011234599999625061,0.625387059073132,0.6575186179001292,0.7002801120448179,0.6446700507614214,0.7219512195121951,0.19607843137254902,0.114,0.24369747899159663
gpositivepseaac,Logistic,BR,1,0.02059300000018993,0.0034399999995002872,0.5505434782608696,0.5505434782608696,1.0,0.7319587628865979,0.7319587628865979,0.125,0.125,0.6346153846153846
gpositivepseaac,Logistic,CC,1,0.021525799999835726,0.0029659000001629465,0.5626082251082252,0.5626082251082252,1.0,0.7439613526570048,0.7439613526570048,0.12740384615384615,0.12740384615384615,0.7403846153846154
gpositivepseaac,Logistic,MLC_PA,1,0.019458900000245194,0.009200800000144227,0.5505434782608696,0.6127450980392157,0.8509615384615384,0.7319587628865979,0.8,0.125,0.07909604519774012,0.6346153846153846
gpositivepseaac,Logistic,ECC,1,0.20218649999969784,0.008852699999806646,0.5873346686154568,0.5873346686154568,1.0,0.7707317073170732,0.7707317073170732,0.11298076923076923,0.11298076923076923,0.7403846153846154
gpositivepseaac,Logistic,GSI_v6,1,0.2076615000005404,0.009189299999889045,0.5744990892531876,0.6256127450980392,0.8581730769230769,0.7578947368421053,0.8175182481751825,0.11057692307692307,0.0700280112044818,0.6923076923076923
gpositivepseaac,Logistic,GSI_v6_2,1,0.26031109999985347,0.00950029999967228,0.5577127659574468,0.6127450980392157,0.8485576923076923,0.7384615384615385,0.8,0.12259615384615384,0.07932011331444759,0.6442307692307693
gpositivepseaac,Logistic,BR,2,0.019380400000045483,0.0026403000001664623,0.6054400858704138,0.6054400858704138,1.0,0.6631016042780749,0.6631016042780749,0.15144230769230768,0.15144230769230768,0.5576923076923077
gpositivepseaac,Logistic,CC,2,0.0198619000002509,0.003951499999857333,0.6537176024347848,0.6537176024347848,1.0,0.7142857142857143,0.7142857142857143,0.14423076923076922,0.14423076923076922,0.7019230769230769
gpositivepseaac,Logistic,MLC_PA,2,0.019946299999901385,0.00782230000004347,0.6054400858704138,0.4946175278622087,0.84375,0.6631016042780749,0.704,0.15144230769230768,0.10541310541310542,0.5576923076923077
gpositivepseaac,Logistic,ECC,2,0.1983921000000919,0.010521399999561254,0.6567078754578755,0.6567078754578755,1.0,0.7238095238095238,0.7238095238095238,0.13942307692307693,0.13942307692307693,0.6634615384615384
gpositivepseaac,Logistic,GSI_v6,2,0.18767620000016905,0.009649300000091898,0.49079205274411974,0.4946175278622087,0.8461538461538461,0.6631578947368421,0.704,0.15384615384615385,0.10511363636363637,0.5769230769230769
gpositivepseaac,Logistic,GSI_v6_2,2,0.2175489999999627,0.009565899999870453,0.6157920527441197,0.5005699088145896,0.8389423076923077,0.6701570680628273,0.7096774193548387,0.15144230769230768,0.10315186246418338,0.5769230769230769
gpositivepseaac,Logistic,BR,3,0.01872830000047543,0.002775400000246009,0.5207826611610762,0.5207826611610762,1.0,0.711340206185567,0.711340206185567,0.1346153846153846,0.1346153846153846,0.6153846153846154
gpositivepseaac,Logistic,CC,3,0.021154099999876053,0.004785400000400841,0.5367852274939963,0.5367852274939963,1.0,0.7238095238095238,0.7238095238095238,0.13942307692307693,0.13942307692307693,0.7115384615384616
gpositivepseaac,Logistic,MLC_PA,3,0.021966000000247732,0.0076447000001280685,0.5207826611610762,0.5429695635357472,0.8581730769230769,0.711340206185567,0.7605633802816901,0.1346153846153846,0.09523809523809523,0.6153846153846154
gpositivepseaac,Logistic,ECC,3,0.21049889999994775,0.013168399999813118,0.5277606481383036,0.5277606481383036,1.0,0.7075471698113207,0.7075471698113207,0.14903846153846154,0.14903846153846154,0.6923076923076923
gpositivepseaac,Logistic,GSI_v6,3,0.17881990000023507,0.007715100000496022,0.5207826611610762,0.5363906161673262,0.8677884615384616,0.711340206185567,0.7552447552447552,0.1346153846153846,0.09695290858725762,0.6346153846153846
gpositivepseaac,Logistic,GSI_v6_2,3,0.21087509999961185,0.007088299999850278,0.5229194132978283,0.5721049018816119,0.875,0.7106598984771574,0.7682119205298014,0.13701923076923078,0.09615384615384616,0.625
gpositivepseaac,Logistic,BR,4,0.020388400000229012,0.0037149999998291605,0.4888473182155709,0.4888473182155709,1.0,0.6526315789473685,0.6526315789473685,0.15865384615384615,0.15865384615384615,0.5769230769230769
gpositivepseaac,Logistic,CC,4,0.019780900000114343,0.002787499999612919,0.5410895986433013,0.5410895986433013,1.0,0.7115384615384616,0.7115384615384616,0.14423076923076922,0.14423076923076922,0.7115384615384616
gpositivepseaac,Logistic,MLC_PA,4,0.019865899999786052,0.00907299999926181,0.4888473182155709,0.5469783221206371,0.8701923076923077,0.6526315789473685,0.7338129496402878,0.15865384615384615,0.10220994475138122,0.5769230769230769
gpositivepseaac,Logistic,ECC,4,0.20017170000028273,0.009701700000732671,0.5276212052889581,0.5276212052889581,1.0,0.6990291262135923,0.6990291262135923,0.14903846153846154,0.14903846153846154,0.6730769230769231
gpositivepseaac,Logistic,GSI_v6,4,0.18779059999997116,0.007193799999186012,0.49366864549861117,0.547887413029728,0.8725961538461539,0.65625,0.7323943661971831,0.15865384615384615,0.1046831955922865,0.5961538461538461
gpositivepseaac,Logistic,GSI_v6_2,4,0.27883490000021993,0.00920510000014474,0.49523809523809526,0.5301385442514475,0.8774038461538461,0.6595744680851063,0.7183098591549296,0.15384615384615385,0.1095890410958904,0.5865384615384616
gpositivepseaac,Logistic,BR,5,0.01965139999992971,0.0026189000000158558,0.6021259506949908,0.6021259506949908,1.0,0.6732673267326733,0.6732673267326733,0.16019417475728157,0.16019417475728157,0.5922330097087378
gpositivepseaac,Logistic,CC,5,0.019571300000279734,0.003394299999854411,0.6013888888888889,0.6013888888888889,1.0,0.6698564593301436,0.6698564593301436,0.16747572815533981,0.16747572815533981,0.6504854368932039
gpositivepseaac,Logistic,MLC_PA,5,0.020150300000750576,0.007321600000068429,0.6021259506949908,0.4877381938690969,0.8689320388349514,0.6732673267326733,0.7114093959731543,0.16019417475728157,0.12011173184357542,0.5922330097087378
gpositivepseaac,Logistic,ECC,5,0.19717510000009497,0.009909800000059477,0.48067482345832857,0.48067482345832857,1.0,0.6666666666666666,0.6666666666666666,0.16747572815533981,0.16747572815533981,0.6504854368932039
gpositivepseaac,Logistic,GSI_v6,5,0.18925969999963854,0.008827600000586244,0.4861271121351767,0.4906793703396851,0.8932038834951457,0.6732673267326733,0.6962025316455697,0.16019417475728157,0.13043478260869565,0.6019417475728155
gpositivepseaac,Logistic,GSI_v6_2,5,0.2149505000006684,0.008173999999598891,0.4771259506949908,0.4919048605357636,0.8689320388349514,0.6666666666666666,0.7162162162162162,0.16262135922330098,0.11731843575418995,0.5922330097087378
genbase,Logistic,BR,1,0.0442696000000069,0.006637999999838939,0.6592592592592593,0.6592592592592593,1.0,0.9784615384615385,0.9784615384615385,0.001949317738791423,0.001949317738791423,0.9473684210526315
genbase,Logistic,CC,1,0.05046840000068187,0.009692200000245066,0.6592592592592593,0.6592592592592593,1.0,0.9784615384615385,0.9784615384615385,0.001949317738791423,0.001949317738791423,0.9473684210526315
genbase,Logistic,MLC_PA,1,0.044655300000158604,0.03514129999985016,0.6592592592592593,0.6666666666666666,0.998886104149262,0.9784615384615385,0.9843260188087775,0.001949317738791423,0.0013939224979091162,0.9473684210526315
genbase,Logistic,ECC,1,0.5045466999999917,0.10280719999991561,0.6592592592592593,0.6592592592592593,1.0,0.9784615384615385,0.9784615384615385,0.001949317738791423,0.001949317738791423,0.9473684210526315
genbase,Logistic,GSI_v6,1,0.5419198999998116,0.04274650000024849,0.6592592592592593,0.6666666666666666,0.998886104149262,0.9784615384615385,0.9843260188087775,0.001949317738791423,0.0013939224979091162,0.9473684210526315
genbase,Logistic,GSI_v6_2,1,0.6126549999999042,0.040324499999769614,0.6592592592592593,0.6666666666666666,0.998886104149262,0.9784615384615385,0.9843260188087775,0.001949317738791423,0.0013939224979091162,0.9473684210526315
genbase,Logistic,BR,2,0.04809500000010303,0.008798699999715609,0.6543209876543209,0.6543209876543209,1.0,0.9817073170731707,0.9817073170731707,0.0016835016835016834,0.0016835016835016834,0.9621212121212122
genbase,Logistic,CC,2,0.050929699999869626,0.007517000000007101,0.691358024691358,0.691358024691358,1.0,0.9848024316109423,0.9848024316109423,0.0014029180695847362,0.0014029180695847362,0.9696969696969697
genbase,Logistic,MLC_PA,2,0.04254120000041439,0.03583559999970021,0.6543209876543209,0.5555555555555556,0.9966329966329966,0.9817073170731707,0.9902912621359223,0.0016835016835016834,0.0008445945945945946,0.9621212121212122
genbase,Logistic,ECC,2,0.512468799999624,0.10433560000001307,0.6728395061728394,0.6728395061728394,1.0,0.9785932721712538,0.9785932721712538,0.001964085297418631,0.001964085297418631,0.9621212121212122
genbase,Logistic,GSI_v6,2,0.5572062999999616,0.043746899999860034,0.6543209876543209,0.5555555555555556,0.9966329966329966,0.9817073170731707,0.9902912621359223,0.0016835016835016834,0.0008445945945945946,0.9621212121212122
genbase,Logistic,GSI_v6_2,2,0.5719594000001962,0.036745999999766354,0.691358024691358,0.5555555555555556,0.9966329966329966,0.9848024316109423,0.9902912621359223,0.0014029180695847362,0.0008445945945945946,0.9696969696969697
genbase,Logistic,BR,3,0.04511999999976979,0.008743400000639667,0.6855031173871753,0.6855031173871753,1.0,0.9719626168224299,0.9719626168224299,0.0025252525252525255,0.0025252525252525255,0.9393939393939394
genbase,Logistic,CC,3,0.052840599999399274,0.008995799999865994,0.6855031173871753,0.6855031173871753,1.0,0.9719626168224299,0.9719626168224299,0.0025252525252525255,0.0025252525252525255,0.9393939393939394
genbase,Logistic,MLC_PA,3,0.04418729999997595,0.03482910000002448,0.6855031173871753,0.6188364507205087,0.9974747474747475,0.9719626168224299,0.9736842105263158,0.0025252525252525255,0.002250351617440225,0.9393939393939394
genbase,Logistic,ECC,3,0.5232294000006732,0.10142279999945458,0.6743920062760643,0.6743920062760643,1.0,0.96875,0.96875,0.0028058361391694723,0.0028058361391694723,0.9393939393939394
genbase,Logistic,GSI_v6,3,0.6384317000001829,0.03957840000020951,0.6855031173871753,0.6188364507205087,0.9977553310886644,0.9719626168224299,0.9704918032786886,0.0025252525252525255,0.002530933633295838,0.9393939393939394
genbase,Logistic,GSI_v6_2,3,0.5993644000000131,0.037607099999149796,0.6855031173871753,0.6188364507205087,0.9974747474747475,0.9719626168224299,0.9736842105263158,0.0025252525252525255,0.002250351617440225,0.9393939393939394
genbase,Logistic,BR,4,0.04365050000069459,0.008846500000800006,0.7326185834957765,0.7326185834957765,1.0,0.9847094801223242,0.9847094801223242,0.0014029180695847362,0.0014029180695847362,0.9621212121212122
genbase,Logistic,CC,4,0.05322139999952924,0.008795499999905587,0.7326185834957765,0.7326185834957765,1.0,0.9847094801223242,0.9847094801223242,0.0014029180695847362,0.0014029180695847362,0.9621212121212122
genbase,Logistic,MLC_PA,4,0.044342799999867566,0.03606359999957931,0.7326185834957765,0.6666666666666666,0.9974747474747475,0.9847094801223242,0.9935897435897436,0.0014029180695847362,0.0005625879043600563,0.9621212121212122
genbase,Logistic,ECC,4,0.5224651000007725,0.1053117999999813,0.7326185834957765,0.7326185834957765,1.0,0.9847094801223242,0.9847094801223242,0.0014029180695847362,0.0014029180695847362,0.9621212121212122
genbase,Logistic,GSI_v6,4,0.5719669000000067,0.04024019999997108,0.7326185834957765,0.6666666666666666,0.9974747474747475,0.9847094801223242,0.9935897435897436,0.0014029180695847362,0.0005625879043600563,0.9621212121212122
genbase,Logistic,GSI_v6_2,4,0.6964735999999903,0.039644700000280864,0.7326185834957765,0.7037037037037037,0.9977553310886644,0.9847094801223242,0.9936305732484076,0.0014029180695847362,0.0005624296962879641,0.9621212121212122
genbase,Logistic,BR,5,0.04410219999954279,0.008512299999893003,0.65942634363687,0.65942634363687,1.0,0.9815950920245399,0.9815950920245399,0.001670843776106934,0.001670843776106934,0.9624060150375939
genbase,Logistic,CC,5,0.0499614999998812,0.007865300000048592,0.6964633806739071,0.6964633806739071,1.0,0.9847094801223242,0.9847094801223242,0.001392369813422445,0.001392369813422445,0.9699248120300752
genbase,Logistic,MLC_PA,5,0.0438136000002487,0.03512810000029276,0.65942634363687,0.65942634363687,0.9977722082985241,0.9815950920245399,0.9840255591054313,0.001670843776106934,0.0013954786491766676,0.9624060150375939
genbase,Logistic,ECC,5,0.5084091999997327,0.10406639999928302,0.65942634363687,0.65942634363687,1.0,0.9815950920245399,0.9815950920245399,0.001670843776106934,0.001670843776106934,0.9624060150375939
genbase,Logistic,GSI_v6,5,0.6141316999992341,0.04085129999930359,0.65942634363687,0.65942634363687,0.9977722082985241,0.9815950920245399,0.9840255591054313,0.001670843776106934,0.0013954786491766676,0.9624060150375939
genbase,Logistic,GSI_v6_2,5,0.5067808999992849,0.038971500000116066,0.65942634363687,0.65942634363687,0.9977722082985241,0.9815950920245399,0.9840255591054313,0.001670843776106934,0.0013954786491766676,0.9624060150375939
humanpseaac,Logistic,BR,1,0.5192181000002165,0.007353300000431773,0.11278123595117061,0.11278123595117061,1.0,0.28410159924741296,0.28410159924741296,0.08925639221205724,0.08925639221205724,0.14614121510673234
humanpseaac,Logistic,CC,1,0.5418771000004199,0.010069099999782338,0.14076472669806545,0.14076472669806545,1.0,0.3742690058479532,0.3742690058479532,0.10039878020173587,0.10039878020173587,0.2824302134646962
humanpseaac,Logistic,MLC_PA,1,0.5063475999995717,0.028920600000674312,0.11278123595117061,0.09050683772219899,0.921064977715224,0.28410159924741296,0.20735785953177258,0.08925639221205724,0.060359098433719595,0.14614121510673234
humanpseaac,Logistic,ECC,1,5.087921000000279,0.08964009999999689,0.14683674755318257,0.14683674755318257,1.0,0.3711340206185567,0.3711340206185567,0.09300961764015951,0.09300961764015951,0.2348111658456486
humanpseaac,Logistic,GSI_v6,1,3.232694399999673,0.037021699999968405,0.10417523034462171,0.0742702891995504,0.9309171944639925,0.2722007722007722,0.18451400329489293,0.08843537414965986,0.062366133299735414,0.1412151067323481
humanpseaac,Logistic,GSI_v6_2,1,4.9979686999995465,0.025666200000159733,0.11278123595117061,0.09050683772219899,0.921064977715224,0.28410159924741296,0.20735785953177258,0.08925639221205724,0.060359098433719595,0.14614121510673234
humanpseaac,Logistic,BR,2,0.5178907999998046,0.00727900000038062,0.09397442140394943,0.09397442140394943,1.0,0.24807692307692308,0.24807692307692308,0.08866213151927438,0.08866213151927438,0.13015873015873017
humanpseaac,Logistic,CC,2,0.5208843999998862,0.008581400000366557,0.14261219532057062,0.14261219532057062,1.0,0.38226744186046513,0.38226744186046513,0.0963718820861678,0.0963718820861678,0.30634920634920637
humanpseaac,Logistic,MLC_PA,2,0.5315355000002455,0.026815000000169675,0.09397442140394943,0.07637958438402694,0.9233560090702948,0.24807692307692308,0.17555938037865748,0.08866213151927438,0.05881630648330059,0.13015873015873017
humanpseaac,Logistic,ECC,2,5.2717609999999695,0.09656450000056793,0.13390549173115862,0.13390549173115862,1.0,0.35275080906148865,0.35275080906148865,0.09070294784580499,0.09070294784580499,0.24285714285714285
humanpseaac,Logistic,GSI_v6,2,3.342521200000192,0.03731400000015128,0.07971489742785266,0.05438828762124033,0.9307256235827664,0.23471400394477318,0.1426086956521739,0.08798185941043084,0.06005603605798514,0.1253968253968254
humanpseaac,Logistic,GSI_v6_2,2,5.003658599999653,0.0273827999999412,0.09397442140394943,0.07637958438402694,0.9233560090702948,0.24807692307692308,0.17555938037865748,0.08866213151927438,0.05881630648330059,0.13015873015873017
humanpseaac,Logistic,BR,3,0.5079215999994631,0.0075123000005987706,0.11379649056194753,0.11379649056194753,1.0,0.27956989247311825,0.27956989247311825,0.08395989974937343,0.08395989974937343,0.14992025518341306
humanpseaac,Logistic,CC,3,0.518872999999985,0.010824300000422227,0.13619559637304524,0.13619559637304524,1.0,0.3761939750183688,0.3761939750183688,0.09671907040328093,0.09671907040328093,0.27751196172248804
humanpseaac,Logistic,MLC_PA,3,0.5059432999996716,0.027344999999513675,0.11379649056194753,0.07915986239014691,0.9242424242424242,0.27956989247311825,0.18118466898954705,0.08395989974937343,0.05793171453223222,0.14992025518341306
humanpseaac,Logistic,ECC,3,5.128866500000186,0.09398510000028182,0.14580846958666507,0.14580846958666507,1.0,0.3633440514469453,0.3633440514469453,0.09022556390977443,0.09022556390977443,0.2503987240829346
humanpseaac,Logistic,GSI_v6,3,3.209498899999744,0.03697059999922203,0.10466227612981903,0.06413723827200588,0.9317612212349055,0.27064676616915423,0.1559792027729636,0.08350421508316246,0.05954273138525492,0.14513556618819776
humanpseaac,Logistic,GSI_v6_2,3,4.873683900000287,0.026223400000162655,0.11379649056194753,0.07915986239014691,0.9242424242424242,0.27956989247311825,0.18118466898954705,0.08395989974937343,0.05793171453223222,0.14992025518341306
humanpseaac,Logistic,BR,4,0.5162158999992243,0.00839929999983724,0.11259601261527442,0.11259601261527442,1.0,0.2804995196926033,0.2804995196926033,0.08685064935064934,0.08685064935064934,0.1590909090909091
humanpseaac,Logistic,CC,4,0.5045223999995869,0.010046000000329514,0.1309903817187493,0.1309903817187493,1.0,0.36229749631811486,0.36229749631811486,0.10041743970315399,0.10041743970315399,0.2922077922077922
humanpseaac,Logistic,MLC_PA,4,0.5157461999997395,0.026255200000377954,0.11259601261527442,0.09246279946455793,0.9239332096474954,0.2804995196926033,0.20069204152249134,0.08685064935064934,0.05798192771084337,0.1590909090909091
humanpseaac,Logistic,ECC,4,5.553122000000258,0.09241459999975632,0.1588803081213493,0.1588803081213493,1.0,0.3834281072298944,0.3834281072298944,0.08801020408163265,0.08801020408163265,0.26785714285714285
humanpseaac,Logistic,GSI_v6,4,3.5699267999998483,0.044448300000112795,0.10745307306975452,0.08061227673927902,0.9312384044526901,0.27944111776447106,0.1793103448275862,0.08371985157699444,0.05927032748101108,0.17045454545454544
humanpseaac,Logistic,GSI_v6_2,4,5.411050599999726,0.027338500000041677,0.11259601261527442,0.09246279946455793,0.9239332096474954,0.2804995196926033,0.20069204152249134,0.08685064935064934,0.05798192771084337,0.1590909090909091
humanpseaac,Logistic,BR,5,0.5607930999995006,0.010385900000073889,0.12877824807822688,0.12877824807822688,1.0,0.3333333333333333,0.3333333333333333,0.0815018315018315,0.0815018315018315,0.1778846153846154
humanpseaac,Logistic,CC,5,0.5833282999992662,0.010938100000203121,0.14777281292605998,0.14777281292605998,1.0,0.39215686274509803,0.39215686274509803,0.09581043956043957,0.09581043956043957,0.3060897435897436
humanpseaac,Logistic,MLC_PA,5,0.5493431999993845,0.02534319999995205,0.12877824807822688,0.09592439249952915,0.9196428571428571,0.3333333333333333,0.19439252336448598,0.0815018315018315,0.053647000248942,0.1778846153846154
humanpseaac,Logistic,ECC,5,5.758701300000212,0.09764349999932165,0.16388561894817635,0.16388561894817635,1.0,0.4060031595576619,0.4060031595576619,0.08608058608058608,0.08608058608058608,0.296474358974359
humanpseaac,Logistic,GSI_v6,5,3.5173953000003166,0.038796499999989464,0.11496312776689296,0.0792360646771859,0.9279990842490843,0.3233878729547642,0.17562724014336917,0.08047161172161173,0.05674108794868632,0.1858974358974359
humanpseaac,Logistic,GSI_v6_2,5,5.311156399999163,0.028613200000108918,0.12877824807822688,0.09592439249952915,0.9196428571428571,0.3333333333333333,0.19439252336448598,0.0815018315018315,0.053647000248942,0.1778846153846154
plantpseaac,Logistic,BR,1,0.11329660000046715,0.005805300000247371,0.16641766372088104,0.16641766372088104,1.0,0.2967741935483871,0.2967741935483871,0.09268707482993198,0.09268707482993198,0.15816326530612246
plantpseaac,Logistic,CC,1,0.11230310000064492,0.007233299999825249,0.2005509000354361,0.2005509000354361,1.0,0.33810888252148996,0.33810888252148996,0.09821428571428571,0.09821428571428571,0.25
plantpseaac,Logistic,MLC_PA,1,0.11333569999987958,0.01816750000034517,0.16641766372088104,0.08215731636784268,0.9251700680272109,0.2967741935483871,0.19148936170212766,0.09268707482993198,0.06985294117647059,0.15816326530612246
plantpseaac,Logistic,ECC,1,1.1347069000003103,0.03472169999986363,0.2094586457064734,0.2094586457064734,1.0,0.33707865168539325,0.33707865168539325,0.10034013605442177,0.10034013605442177,0.25510204081632654
plantpseaac,Logistic,GSI_v6,1,0.836926200000562,0.02161660000001575,0.14880925613847815,0.0763661872071483,0.9345238095238095,0.27986348122866894,0.18478260869565216,0.0897108843537415,0.06824385805277525,0.17346938775510204
plantpseaac,Logistic,GSI_v6_2,1,1.229896099999678,0.02042040000014822,0.1672755996157159,0.08009077980342348,0.9226190476190477,0.30128205128205127,0.1827956989247312,0.09268707482993198,0.07004608294930875,0.14285714285714285
plantpseaac,Logistic,BR,2,0.11187109999991662,0.004895400000350492,0.13743469438815367,0.13743469438815367,1.0,0.27564102564102566,0.27564102564102566,0.09511784511784512,0.09511784511784512,0.17676767676767677
plantpseaac,Logistic,CC,2,0.1151756999997815,0.004780199999913748,0.15044985317032242,0.15044985317032242,1.0,0.32558139534883723,0.32558139534883723,0.09764309764309764,0.09764309764309764,0.25757575757575757
plantpseaac,Logistic,MLC_PA,2,0.1110674999999901,0.018852700000024925,0.13743469438815367,0.10035496957403651,0.928030303030303,0.27564102564102566,0.2222222222222222,0.09511784511784512,0.06984126984126984,0.17676767676767677
plantpseaac,Logistic,ECC,2,1.1391334999998435,0.03576510000038979,0.13840811370085374,0.13840811370085374,1.0,0.327683615819209,0.327683615819209,0.10016835016835017,0.10016835016835017,0.2676767676767677
plantpseaac,Logistic,GSI_v6,2,0.828520899999603,0.023208200000226498,0.09745670995670996,0.0922465290652165,0.9347643097643098,0.2560553633217993,0.20618556701030927,0.09048821548821549,0.06933813597478614,0.1717171717171717
plantpseaac,Logistic,GSI_v6_2,2,1.2184087000005093,0.018818200000168872,0.14414154108303046,0.10072126493695122,0.9292929292929293,0.2765273311897106,0.22448979591836735,0.0946969696969697,0.06884057971014493,0.16161616161616163
plantpseaac,Logistic,BR,3,0.11144830000012007,0.004594499999257096,0.12039179461424404,0.12039179461424404,1.0,0.24573378839590443,0.24573378839590443,0.09493127147766323,0.09493127147766323,0.14432989690721648
plantpseaac,Logistic,CC,3,0.11900220000006811,0.006075799999962328,0.16519890324379588,0.16519890324379588,1.0,0.3333333333333333,0.3333333333333333,0.09965635738831616,0.09965635738831616,0.2422680412371134
plantpseaac,Logistic,MLC_PA,3,0.11298669999996491,0.01870710000002873,0.12039179461424404,0.078125,0.9317010309278351,0.24573378839590443,0.2131979695431472,0.09493127147766323,0.0714615029967727,0.14432989690721648
plantpseaac,Logistic,ECC,3,1.1606988000003184,0.035220400000071095,0.13502478343809612,0.13502478343809612,1.0,0.32492997198879553,0.32492997198879553,0.10352233676975946,0.10352233676975946,0.23195876288659795
plantpseaac,Logistic,GSI_v6,3,0.8281016000000818,0.02341679999972257,0.07797029702970297,0.0739247311827957,0.9377147766323024,0.23487544483985764,0.20100502512562815,0.09235395189003437,0.0728355474118186,0.14948453608247422
plantpseaac,Logistic,GSI_v6_2,3,1.2439383000000817,0.02019399999971938,0.13525132275132276,0.07514880952380952,0.9317010309278351,0.2465753424657534,0.20618556701030927,0.09450171821305842,0.07100046104195482,0.12886597938144329
plantpseaac,Logistic,BR,4,0.10960200000045006,0.00454749999971682,0.11815263522015189,0.11815263522015189,1.0,0.2222222222222222,0.2222222222222222,0.09671848013816926,0.09671848013816926,0.13989637305699482
plantpseaac,Logistic,CC,4,0.11462289999963104,0.006929700000000594,0.15897338440505496,0.15897338440505496,1.0,0.32448377581120946,0.32448377581120946,0.09887737478411053,0.09887737478411053,0.23316062176165803
plantpseaac,Logistic,MLC_PA,4,0.10994720000053348,0.017595100000107777,0.11815263522015189,0.0705012077294686,0.9326424870466321,0.2222222222222222,0.15469613259668508,0.09671848013816926,0.07083333333333333,0.13989637305699482
plantpseaac,Logistic,ECC,4,1.1705050000000483,0.03536369999983435,0.14515872896936602,0.14515872896936602,1.0,0.32653061224489793,0.32653061224489793,0.09974093264248704,0.09974093264248704,0.23834196891191708
plantpseaac,Logistic,GSI_v6,4,0.8402134999996633,0.021947999999611056,0.08730047016888265,0.0643366778149387,0.9365284974093264,0.21052631578947367,0.14285714285714285,0.09715025906735751,0.07192254495159059,0.13471502590673576
plantpseaac,Logistic,GSI_v6_2,4,1.2364699999998265,0.019024500000341504,0.11671111768825271,0.06786616161616162,0.9335060449050087,0.21678321678321677,0.1452513966480447,0.09671848013816926,0.07076780758556891,0.13471502590673576
plantpseaac,Logistic,BR,5,0.11574479999944742,0.003968799999711337,0.1625369769119769,0.1625369769119769,1.0,0.26174496644295303,0.26174496644295303,0.09306260575296109,0.09306260575296109,0.15736040609137056
plantpseaac,Logistic,CC,5,0.11358000000018365,0.005878199999642675,0.18237637022297526,0.18237637022297526,1.0,0.31085043988269795,0.31085043988269795,0.0994077834179357,0.0994077834179357,0.233502538071066
plantpseaac,Logistic,MLC_PA,5,0.11376500000005763,0.020187199999782024,0.1625369769119769,0.15658638934501,0.9302030456852792,0.26174496644295303,0.22439024390243903,0.09306260575296109,0.0723055934515689,0.15736040609137056
plantpseaac,Logistic,ECC,5,1.157117599999765,0.03256169999986014,0.18136713188165973,0.18136713188165973,1.0,0.3076923076923077,0.3076923076923077,0.09898477157360407,0.09898477157360407,0.22842639593908629
plantpseaac,Logistic,GSI_v6,5,0.8462626000000455,0.024782800000139105,0.1318148395721925,0.11414835164835165,0.9407783417935702,0.22614840989399293,0.18,0.09263959390862944,0.0737410071942446,0.13705583756345177
plantpseaac,Logistic,GSI_v6_2,5,1.2351071000002776,0.018549499999608088,0.15406685906685905,0.15179802955665023,0.9293570219966159,0.24242424242424243,0.22330097087378642,0.09517766497461928,0.07282658170232134,0.1218274111675127
viruspseaac,Logistic,BR,1,0.014087000000472472,0.002603800000542833,0.35936285936285933,0.35936285936285933,1.0,0.37037037037037035,0.37037037037037035,0.2125,0.2125,0.25
viruspseaac,Logistic,CC,1,0.013737399999627087,0.0026959000006172573,0.4070346320346321,0.4070346320346321,1.0,0.4888888888888889,0.4888888888888889,0.19166666666666668,0.19166666666666668,0.35
viruspseaac,Logistic,MLC_PA,1,0.013014800000746618,0.00992820000010397,0.35936285936285933,0.3898090637221072,0.8583333333333333,0.37037037037037035,0.45614035087719296,0.2125,0.15048543689320387,0.25
viruspseaac,Logistic,ECC,1,0.13364580000052229,0.009109099999477621,0.3590556073314694,0.3590556073314694,1.0,0.41379310344827586,0.41379310344827586,0.2125,0.2125,0.3
viruspseaac,Logistic,GSI_v6,1,0.1852169000003414,0.009651999999732652,0.38329702251270875,0.3994708994708995,0.8666666666666667,0.4146341463414634,0.4745762711864407,0.2,0.14903846153846154,0.275
viruspseaac,Logistic,GSI_v6_2,1,0.19955469999968045,0.011041100000511506,0.369806663924311,0.3855820105820105,0.85,0.3902439024390244,0.4482758620689655,0.20833333333333334,0.1568627450980392,0.225
viruspseaac,Logistic,BR,2,0.012980800000150339,0.0026993000001311884,0.346696127946128,0.346696127946128,1.0,0.3764705882352941,0.3764705882352941,0.22083333333333333,0.22083333333333333,0.175
viruspseaac,Logistic,CC,2,0.012812099999791826,0.0030687999997098814,0.3414351851851852,0.3414351851851852,1.0,0.36363636363636365,0.36363636363636365,0.23333333333333334,0.23333333333333334,0.225
viruspseaac,Logistic,MLC_PA,2,0.012259699999958684,0.00970210000014049,0.346696127946128,0.32857142857142857,0.8125,0.3764705882352941,0.40816326530612246,0.22083333333333333,0.14871794871794872,0.175
viruspseaac,Logistic,ECC,2,0.13164849999975559,0.011637199999313452,0.3558441558441558,0.3558441558441558,1.0,0.4,0.4,0.225,0.225,0.25
viruspseaac,Logistic,GSI_v6,2,0.16018669999994017,0.01114400000005844,0.34732142857142856,0.3385964912280701,0.8083333333333333,0.38636363636363635,0.4166666666666667,0.225,0.14432989690721648,0.175
viruspseaac,Logistic,GSI_v6_2,2,0.2042553000001135,0.011564200000066194,0.34973262032085567,0.3163742690058479,0.8166666666666667,0.38636363636363635,0.3829787234042553,0.225,0.14795918367346939,0.2
viruspseaac,Logistic,BR,3,0.013699699999961013,0.002500000000509317,0.4120471014492754,0.4120471014492754,1.0,0.41025641025641024,0.41025641025641024,0.19658119658119658,0.19658119658119658,0.3076923076923077
viruspseaac,Logistic,CC,3,0.013745600000220293,0.002705500000047323,0.4340595497458242,0.4340595497458242,1.0,0.4523809523809524,0.4523809523809524,0.19658119658119658,0.19658119658119658,0.3333333333333333
viruspseaac,Logistic,MLC_PA,3,0.014313700000457175,0.010047800000393181,0.4120471014492754,0.3333333333333333,0.8290598290598291,0.41025641025641024,0.3829787234042553,0.19658119658119658,0.14948453608247422,0.3076923076923077
viruspseaac,Logistic,ECC,3,0.13723490000029415,0.010966799999550858,0.40845117845117845,0.40845117845117845,1.0,0.4,0.4,0.21794871794871795,0.21794871794871795,0.28205128205128205
viruspseaac,Logistic,GSI_v6,3,0.15728450000005978,0.010853900000256544,0.4165530303030303,0.3333333333333333,0.8333333333333334,0.41975308641975306,0.3829787234042553,0.20085470085470086,0.14871794871794872,0.3076923076923077
viruspseaac,Logistic,GSI_v6_2,3,0.2253393999999389,0.008984400000372261,0.40902777777777777,0.3269230769230769,0.8247863247863247,0.4050632911392405,0.36363636363636365,0.20085470085470086,0.14507772020725387,0.2564102564102564
viruspseaac,Logistic,BR,4,0.01107750000028318,0.0028379000004861155,0.3575757575757576,0.3575757575757576,1.0,0.4235294117647059,0.4235294117647059,0.18992248062015504,0.18992248062015504,0.23255813953488372
viruspseaac,Logistic,CC,4,0.01281219999964378,0.003163000000313332,0.3499862145023435,0.3499862145023435,1.0,0.41304347826086957,0.41304347826086957,0.20930232558139536,0.20930232558139536,0.27906976744186046
viruspseaac,Logistic,MLC_PA,4,0.012353600000096776,0.010384100000010221,0.3575757575757576,0.31,0.8798449612403101,0.4235294117647059,0.39344262295081966,0.18992248062015504,0.16299559471365638,0.23255813953488372
viruspseaac,Logistic,ECC,4,0.12737079999988055,0.010956699999951525,0.3751221896383187,0.3751221896383187,1.0,0.4222222222222222,0.4222222222222222,0.20155038759689922,0.20155038759689922,0.3023255813953488
viruspseaac,Logistic,GSI_v6,4,0.15991219999978057,0.008690200000273762,0.34838035527690697,0.3154320987654321,0.8798449612403101,0.40476190476190477,0.4126984126984127,0.1937984496124031,0.16299559471365638,0.2558139534883721
viruspseaac,Logistic,GSI_v6_2,4,0.20148990000052436,0.010643200000231445,0.35720081135902637,0.3011204481792717,0.8682170542635659,0.4235294117647059,0.37037037037037035,0.18992248062015504,0.15178571428571427,0.18604651162790697
viruspseaac,Logistic,BR,5,0.01295620000018971,0.002548200000092038,0.3705069124423963,0.3705069124423963,1.0,0.45454545454545453,0.45454545454545453,0.17777777777777778,0.17777777777777778,0.3333333333333333
viruspseaac,Logistic,CC,5,0.014120400000138034,0.0030781000004935777,0.3857142857142857,0.3857142857142857,1.0,0.4948453608247423,0.4948453608247423,0.1814814814814815,0.1814814814814815,0.37777777777777777
viruspseaac,Logistic,MLC_PA,5,0.013315099999999802,0.008718199999748322,0.3705069124423963,0.40957190957190953,0.837037037037037,0.45454545454545453,0.5172413793103449,0.17777777777777778,0.12389380530973451,0.3333333333333333
viruspseaac,Logistic,ECC,5,0.12896180000007007,0.011688900000081048,0.4129768866610972,0.4129768866610972,1.0,0.5531914893617021,0.5531914893617021,0.15555555555555556,0.15555555555555556,0.4222222222222222
viruspseaac,Logistic,GSI_v6,5,0.15317099999992934,0.01136080000014772,0.38082437275985664,0.41335978835978837,0.8407407407407408,0.4772727272727273,0.5245901639344263,0.17037037037037037,0.1277533039647577,0.35555555555555557
viruspseaac,Logistic,GSI_v6_2,5,0.19784059999983583,0.009118699999817181,0.3705069124423963,0.40957190957190953,0.837037037037037,0.45454545454545453,0.5172413793103449,0.17777777777777778,0.12389380530973451,0.3333333333333333
yeast,Logistic,BR,1,0.15165090000027703,0.004827799999475246,0.3599663172280439,0.3599663172280439,1.0,0.6286636192524873,0.6286636192524873,0.20338733431516937,0.20338733431516937,0.13814432989690723
yeast,Logistic,CC,1,0.16486189999977796,0.0049658999996609055,0.4001976550631749,0.4001976550631749,1.0,0.6095490716180372,0.6095490716180372,0.21678939617083948,0.21678939617083948,0.19381443298969073
yeast,Logistic,MLC_PA,1,0.15409100000033504,0.020155700000032084,0.3599663172280439,0.3627737231847003,0.7435935198821797,0.6286636192524873,0.6741363211951448,0.20338733431516937,0.13824519706872648,0.13814432989690723
yeast,Logistic,ECC,1,1.6093081999997594,0.03547049999997398,0.3730266665582522,0.3730266665582522,1.0,0.6378996620743437,0.6378996620743437,0.20515463917525772,0.20515463917525772,0.1979381443298969
yeast,Logistic,GSI_v6,1,1.607344799999737,0.03011069999956817,0.37617836420634093,0.3623506765637732,0.793519882179676,0.6311887741593858,0.6491007946465914,0.20515463917525772,0.15571640682999258,0.15051546391752577
yeast,Logistic,GSI_v6_2,1,2.2456405000002633,0.024129700000230514,0.35166638011361284,0.36291824345133444,0.7440353460972018,0.6266882766072394,0.6716839134524929,0.20353460972017673,0.1381631037212985,0.13402061855670103
yeast,Logistic,BR,2,0.16263400000025285,0.004624299999704817,0.37780654590999685,0.37780654590999685,1.0,0.6370605339677504,0.6370605339677504,0.20220913107511046,0.20220913107511046,0.15876288659793814
yeast,Logistic,CC,2,0.16333169999961683,0.00577160000011645,0.402104014661902,0.402104014661902,1.0,0.6139486647653617,0.6139486647653617,0.21929307805596465,0.21929307805596465,0.22268041237113403
yeast,Logistic,MLC_PA,2,0.16097950000039418,0.02111140000033629,0.37780654590999685,0.36336572849941845,0.7525773195876289,0.6370605339677504,0.6723290120697363,0.20220913107511046,0.14344422700587084,0.15876288659793814
yeast,Logistic,ECC,2,1.6356464999998934,0.033874800000376126,0.3893567944690072,0.3893567944690072,1.0,0.6420835482207323,0.6420835482207323,0.2044182621502209,0.2044182621502209,0.19381443298969073
yeast,Logistic,GSI_v6,2,1.6236775999996098,0.026454499999999825,0.37373354735749825,0.36478727346422113,0.8066273932253314,0.6355188435725349,0.6476868327402135,0.20795287187039765,0.1626802994339967,0.14432989690721648
yeast,Logistic,GSI_v6_2,2,2.277780499999608,0.027405800000451563,0.36053133884154315,0.35834785603631564,0.74860088365243,0.6327833954230974,0.6687782805429864,0.203240058910162,0.14400944324217982,0.14845360824742268
yeast,Logistic,BR,3,0.15551770000001852,0.006204900000739144,0.3790154046838568,0.3790154046838568,1.0,0.6433901918976546,0.6433901918976546,0.19994022713687987,0.19994022713687987,0.15481171548117154
yeast,Logistic,CC,3,0.1683833000006416,0.005525399999896763,0.4080957297530268,0.4080957297530268,1.0,0.6311389759665622,0.6311389759665622,0.2109982068141064,0.2109982068141064,0.21338912133891214
yeast,Logistic,MLC_PA,3,0.15687199999956647,0.020314300000791263,0.3790154046838568,0.354317667773823,0.7689778840406456,0.6433901918976546,0.6805555555555556,0.19994022713687987,0.14302370773416245,0.15481171548117154
yeast,Logistic,ECC,3,1.6563704000000143,0.03405219999967812,0.38287910873327924,0.38287910873327924,1.0,0.6472424557752341,0.6472424557752341,0.2026300059772863,0.2026300059772863,0.2112970711297071
yeast,Logistic,GSI_v6,3,1.642024599999786,0.027513400000316324,0.3834778076547156,0.36925486704655797,0.8141063956963539,0.643510054844607,0.6753745678063773,0.20397489539748953,0.1551027900146843,0.17364016736401675
yeast,Logistic,GSI_v6_2,3,2.2498155000002953,0.02347049999934825,0.36275826008642903,0.3469146548167406,0.766288105200239,0.6380236305048335,0.6778021978021977,0.20143454871488345,0.14294071762870514,0.15481171548117154
yeast,Logistic,BR,4,0.15237539999998262,0.006530999999995402,0.3728635353541395,0.3728635353541395,1.0,0.6327077747989276,0.6327077747989276,0.2030231179608773,0.2030231179608773,0.14730290456431536
yeast,Logistic,CC,4,0.1593427999996493,0.0073683999999047955,0.39025167635524977,0.39025167635524977,1.0,0.6202629543696829,0.6202629543696829,0.21828689982216953,0.21828689982216953,0.1887966804979253
yeast,Logistic,MLC_PA,4,0.15185750000000553,0.021697600000152306,0.3728635353541395,0.35113358037153825,0.7697095435684648,0.6327077747989276,0.6530789245446661,0.2030231179608773,0.15402387370042356,0.14730290456431536
yeast,Logistic,ECC,4,1.6566216999999597,0.036496400000032736,0.3742219621627951,0.3742219621627951,1.0,0.6345006485084306,0.6345006485084306,0.20880260818020155,0.20880260818020155,0.2012448132780083
yeast,Logistic,GSI_v6,4,1.6464826000001267,0.02352210000026389,0.37401008333482216,0.3563010232166449,0.8177237700059277,0.6306306306306306,0.6442006269592476,0.20657972732661528,0.16455237404856832,0.15975103734439833
yeast,Logistic,GSI_v6_2,4,2.237927299999683,0.02595359999941138,0.3648861855191102,0.34170920362468316,0.7658565500889153,0.6294197031039136,0.6544181977252843,0.20346769413159455,0.15286377708978327,0.14107883817427386
yeast,Logistic,BR,5,0.1678460000002815,0.005692199999430159,0.38410483081531266,0.38410483081531266,1.0,0.6334938469769931,0.6334938469769931,0.2009386916984453,0.2009386916984453,0.13347022587268995
yeast,Logistic,CC,5,0.1637193999995361,0.007386499999483931,0.40800626421397734,0.40800626421397734,1.0,0.6240581969342687,0.6240581969342687,0.21223232619536522,0.21223232619536522,0.19096509240246407
yeast,Logistic,MLC_PA,5,0.15363439999964612,0.020403800000167394,0.38410483081531266,0.360877982516298,0.7465532414197712,0.6334938469769931,0.6821636119803308,0.2009386916984453,0.13968565815324166,0.13347022587268995
yeast,Logistic,ECC,5,1.6343620999996347,0.03436079999937647,0.4001848509797143,0.4001848509797143,1.0,0.645010395010395,0.645010395010395,0.200352009386917,0.200352009386917,0.1868583162217659
yeast,Logistic,GSI_v6,5,1.6476941000000807,0.02677300000050309,0.377130259477768,0.3775384663117797,0.8059548254620124,0.6296883254094031,0.6677215189873418,0.20563215019067174,0.15286624203821655,0.14168377823408623
yeast,Logistic,GSI_v6_2,5,2.264290500000243,0.023892199999863806,0.3675684402336353,0.36051587021255865,0.7433264887063655,0.6344231288840854,0.6825112107623318,0.19844529187444998,0.13970007892659828,0.13141683778234087
emotions,SVM,BR,1,0.06410340000002179,0.004866100000072038,0.597602612390748,0.597602612390748,1.0,0.6424870466321243,0.6424870466321243,0.1885245901639344,0.1885245901639344,0.32786885245901637
emotions,SVM,CC,1,0.05908709999948769,0.0040348999991692835,0.576146178239184,0.576146178239184,1.0,0.6244131455399061,0.6244131455399061,0.2185792349726776,0.2185792349726776,0.319672131147541
emotions,SVM,MLC_PA,1,0.06150690000049508,0.012130500000239408,0.597602612390748,0.5871170548529038,0.6967213114754098,0.6424870466321243,0.6598984771573604,0.1885245901639344,0.13137254901960785,0.32786885245901637
emotions,SVM,ECC,1,0.5888795000000755,0.03886279999915132,0.6294518593369167,0.6294518593369167,1.0,0.6634844868735084,0.6634844868735084,0.19262295081967212,0.19262295081967212,0.3114754098360656
emotions,SVM,GSI_v6,1,0.6643028999997114,0.012981499999114021,0.5906623931623932,0.6067229322915987,0.7185792349726776,0.6217616580310881,0.6565656565656566,0.1994535519125683,0.12927756653992395,0.2786885245901639
emotions,SVM,GSI_v6_2,1,0.7740017999994961,0.013326400000551075,0.6007037485297723,0.5584524194080828,0.680327868852459,0.639386189258312,0.6408839779005525,0.19262295081967212,0.13052208835341367,0.3114754098360656
emotions,SVM,BR,2,0.05940069999996922,0.0039071000001058565,0.5472967449301249,0.5472967449301249,1.0,0.5888888888888889,0.5888888888888889,0.20728291316526612,0.20728291316526612,0.23529411764705882
emotions,SVM,CC,2,0.060846200000014505,0.004320699999880162,0.5270942400579857,0.5270942400579857,1.0,0.5784313725490197,0.5784313725490197,0.24089635854341737,0.24089635854341737,0.25210084033613445
emotions,SVM,MLC_PA,2,0.05722059999970952,0.011645399999906658,0.5472967449301249,0.5025493025493025,0.6666666666666666,0.5888888888888889,0.6086956521739131,0.20728291316526612,0.1134453781512605,0.23529411764705882
emotions,SVM,ECC,2,0.5789746000000378,0.03736239999943791,0.6262725221539117,0.6262725221539117,1.0,0.6421568627450981,0.6421568627450981,0.20448179271708683,0.20448179271708683,0.29411764705882354
emotions,SVM,GSI_v6,2,0.6667943000002197,0.01457380000010744,0.5942707401243293,0.5206349206349207,0.6764705882352942,0.6022099447513812,0.6027397260273972,0.20168067226890757,0.12008281573498965,0.25210084033613445
emotions,SVM,GSI_v6_2,2,0.7863782000003994,0.0124614999995174,0.5464679329117968,0.5053571428571428,0.6582633053221288,0.5879120879120879,0.6131386861313869,0.21008403361344538,0.1127659574468085,0.226890756302521
emotions,SVM,BR,3,0.05742319999990286,0.003995500000200991,0.5754488038510298,0.5754488038510298,1.0,0.6262626262626263,0.6262626262626263,0.2005420054200542,0.2005420054200542,0.25203252032520324
emotions,SVM,CC,3,0.05910790000052657,0.00420029999986582,0.5698511055867169,0.5698511055867169,1.0,0.62004662004662,0.62004662004662,0.22086720867208673,0.22086720867208673,0.25203252032520324
emotions,SVM,MLC_PA,3,0.05918599999949947,0.010863200000130746,0.5754488038510298,0.6321824009324009,0.6707317073170732,0.6262626262626263,0.6810810810810811,0.2005420054200542,0.1191919191919192,0.25203252032520324
emotions,SVM,ECC,3,0.5852410999996209,0.034858600000006845,0.6124934465264301,0.6124934465264301,1.0,0.6463700234192038,0.6463700234192038,0.2046070460704607,0.2046070460704607,0.2845528455284553
emotions,SVM,GSI_v6,3,0.6769810000005236,0.01538299999992887,0.6050250310199291,0.6254607892107892,0.6842818428184282,0.6391752577319587,0.6589595375722543,0.1897018970189702,0.11683168316831684,0.2601626016260163
emotions,SVM,GSI_v6_2,3,0.9802564000001439,0.014019100000041362,0.5867555864210275,0.6532051282051281,0.6639566395663956,0.6464646464646465,0.7182320441988951,0.1897018970189702,0.10408163265306122,0.2926829268292683
emotions,SVM,BR,4,0.05912290000014764,0.005240200000116602,0.5779402789841044,0.5779402789841044,1.0,0.6145833333333334,0.6145833333333334,0.20555555555555555,0.20555555555555555,0.225
emotions,SVM,CC,4,0.058958099999472324,0.004462299999431707,0.5721042935234072,0.5721042935234072,1.0,0.6208530805687204,0.6208530805687204,0.2222222222222222,0.2222222222222222,0.25
emotions,SVM,MLC_PA,4,0.059651100000337465,0.012731300000268675,0.5779402789841044,0.5432667624600249,0.6513888888888889,0.6145833333333334,0.6666666666666666,0.20555555555555555,0.10874200426439233,0.225
emotions,SVM,ECC,4,0.5892866000003778,0.04187699999965844,0.6456162624148015,0.6456162624148015,1.0,0.6682577565632458,0.6682577565632458,0.19305555555555556,0.19305555555555556,0.25833333333333336
emotions,SVM,GSI_v6,4,0.6606184000002031,0.01292479999938223,0.5807124478004672,0.5835685231539424,0.6819444444444445,0.6068601583113457,0.6625,0.20694444444444443,0.109979633401222,0.19166666666666668
emotions,SVM,GSI_v6_2,4,0.7680028000004313,0.015641400000276917,0.6194970315192869,0.5745098417103505,0.6569444444444444,0.6445012787723785,0.7006369426751592,0.19305555555555556,0.09936575052854123,0.25833333333333336
emotions,SVM,BR,5,0.05901099999937287,0.00426430000061373,0.5648692244675182,0.5648692244675182,1.0,0.6162162162162163,0.6162162162162163,0.21712538226299694,0.21712538226299694,0.2018348623853211
emotions,SVM,CC,5,0.05831320000015694,0.004012500000499131,0.5637931304885476,0.5637931304885476,1.0,0.6274509803921569,0.6274509803921569,0.2324159021406728,0.2324159021406728,0.25688073394495414
emotions,SVM,MLC_PA,5,0.05888810000033118,0.01062270000056742,0.5648692244675182,0.5700048657037904,0.6697247706422018,0.6162162162162163,0.675,0.21712538226299694,0.1187214611872146,0.2018348623853211
emotions,SVM,ECC,5,0.58285479999995,0.033204899999873305,0.6189938023405012,0.6189938023405012,1.0,0.6584158415841584,0.6584158415841584,0.21100917431192662,0.21100917431192662,0.26605504587155965
emotions,SVM,GSI_v6,5,0.8843550999999934,0.015200199999526376,0.5892780754652175,0.5200652841781873,0.6804281345565749,0.6149732620320856,0.620253164556962,0.22018348623853212,0.1348314606741573,0.21100917431192662
emotions,SVM,GSI_v6_2,5,0.8963555999998789,0.012748799999826588,0.5644774897293973,0.5377489177489178,0.6636085626911316,0.6162162162162163,0.6540880503144654,0.21712538226299694,0.12672811059907835,0.2018348623853211
scene,SVM,BR,1,0.6679187999998248,0.005379499999435211,0.6046583638264269,0.6046583638264269,1.0,0.6118500604594922,0.6118500604594922,0.11169102296450939,0.11169102296450939,0.4405010438413361
scene,SVM,CC,1,0.5971087999996598,0.005928500000663917,0.691820740417887,0.691820740417887,1.0,0.6820461384152458,0.6820461384152458,0.11029923451635351,0.11029923451635351,0.6430062630480167
scene,SVM,MLC_PA,1,0.7037936000006084,0.01328879999982746,0.6046583638264269,0.5552353486605872,0.8573416840640222,0.6118500604594922,0.656319290465632,0.11169102296450939,0.06290584415584416,0.4405010438413361
scene,SVM,ECC,1,5.73357759999999,0.05579369999941264,0.7343455632011081,0.7343455632011081,1.0,0.728,0.728,0.09464161447459986,0.09464161447459986,0.6325678496868476
scene,SVM,GSI_v6,1,6.981303599999592,0.015687200000684243,0.6383155622877622,0.6196886567991442,0.8792623521224774,0.6458797327394209,0.6932409012131716,0.11064718162839249,0.07004352987732489,0.511482254697286
scene,SVM,GSI_v6_2,1,8.956570199999987,0.018127999999705935,0.6164356111724533,0.5922162886306578,0.8590814196242171,0.6282973621103117,0.6905263157894737,0.10786360473208072,0.05953827460510328,0.4780793319415449
scene,SVM,BR,2,0.6796826999998302,0.005458399999952235,0.6006731832511968,0.6006731832511968,1.0,0.6111111111111112,0.6111111111111112,0.11227336122733612,0.11227336122733612,0.4602510460251046
scene,SVM,CC,2,0.5946192000001247,0.0055385000005117035,0.6928998869043691,0.6928998869043691,1.0,0.6852589641434262,0.6852589641434262,0.1101813110181311,0.1101813110181311,0.6359832635983264
scene,SVM,MLC_PA,2,0.6925671999997576,0.013958900000034191,0.6006731832511968,0.5822041412762922,0.8657601115760112,0.6111111111111112,0.6754385964912281,0.11227336122733612,0.05960531614981877,0.4602510460251046
scene,SVM,ECC,2,5.776504399999794,0.0530202999998437,0.7402499713443683,0.7402499713443683,1.0,0.7311178247734139,0.7311178247734139,0.09309623430962342,0.09309623430962342,0.6234309623430963
scene,SVM,GSI_v6,2,7.093000199999551,0.016276500000458327,0.6459697066438025,0.6651114613149687,0.8947001394700139,0.654627539503386,0.714765100671141,0.10669456066945607,0.06625097427903351,0.5209205020920502
scene,SVM,GSI_v6_2,2,7.76578309999968,0.014781699999730336,0.6231662843395438,0.606922805733184,0.8647140864714087,0.6334519572953736,0.7063829787234043,0.10774058577405858,0.055645161290322584,0.48535564853556484
scene,SVM,BR,3,0.6871898999997939,0.0055320000001302105,0.5973662690468077,0.5973662690468077,1.0,0.603680981595092,0.603680981595092,0.11031420765027322,0.11031420765027322,0.444672131147541
scene,SVM,CC,3,0.5780279000000519,0.005712900000617083,0.6551256005070316,0.6551256005070316,1.0,0.6435643564356436,0.6435643564356436,0.12295081967213115,0.12295081967213115,0.610655737704918
scene,SVM,MLC_PA,3,0.6833810999996786,0.01369169999998121,0.5973662690468077,0.5645583680725793,0.8702185792349727,0.603680981595092,0.6556701030927835,0.11031420765027322,0.06554160125588697,0.444672131147541
scene,SVM,ECC,3,5.7515889999995125,0.0554879000001165,0.6961472808862513,0.6961472808862513,1.0,0.6888888888888889,0.6888888888888889,0.1051912568306011,0.1051912568306011,0.5942622950819673
scene,SVM,GSI_v6,3,6.941704599999866,0.018172000000049593,0.6347607905647895,0.6519224551017916,0.8845628415300546,0.6385404789053591,0.6991596638655462,0.10826502732240437,0.06911196911196911,0.4959016393442623
scene,SVM,GSI_v6_2,3,7.722535900000366,0.016063199999734934,0.6171903565020913,0.6034680149416206,0.869535519125683,0.6246973365617433,0.6895161290322581,0.10587431693989072,0.060487038491751764,0.4651639344262295
scene,SVM,BR,4,0.6769328000000314,0.0050101000006179675,0.5894999657131329,0.5894999657131329,1.0,0.5949820788530465,0.5949820788530465,0.11746361746361747,0.11746361746361747,0.4365904365904366
scene,SVM,CC,4,0.5599535000001197,0.006059100000129547,0.662546943532871,0.662546943532871,1.0,0.6488625123639961,0.6488625123639961,0.12300762300762301,0.12300762300762301,0.5966735966735967
scene,SVM,MLC_PA,4,0.6737685999996756,0.013725200000408222,0.5894999657131329,0.5730370932673564,0.8669438669438669,0.5949820788530465,0.6390532544378699,0.11746361746361747,0.07314148681055156,0.4365904365904366
scene,SVM,ECC,4,5.680828699999438,0.05701310000040394,0.7041987303812641,0.7041987303812641,1.0,0.6941649899396378,0.6941649899396378,0.10533610533610534,0.10533610533610534,0.6029106029106029
scene,SVM,GSI_v6,4,5.775392800000191,0.017072399999960908,0.655430688153776,0.674630719106098,0.9009009009009009,0.6555183946488294,0.7225609756097561,0.10706860706860707,0.07,0.5405405405405406
scene,SVM,GSI_v6_2,4,8.763966900000014,0.015408400000524125,0.6294004690324817,0.6070841526433288,0.8738738738738738,0.6309662398137369,0.6691312384473198,0.10984060984060984,0.07097541633624108,0.49064449064449067
scene,SVM,BR,5,0.6448561999995945,0.005227000000559201,0.5916310138406764,0.5916310138406764,1.0,0.6002460024600246,0.6002460024600246,0.11261261261261261,0.11261261261261261,0.4407484407484408
scene,SVM,CC,5,0.5573553000003812,0.005684700000529119,0.6858497681106789,0.6858497681106789,1.0,0.6758893280632411,0.6758893280632411,0.11365211365211365,0.11365211365211365,0.6278586278586279
scene,SVM,MLC_PA,5,0.6426343000002817,0.013873099999727856,0.5916310138406764,0.5748380700463017,0.8575883575883576,0.6002460024600246,0.6567164179104478,0.11261261261261261,0.06505050505050505,0.4407484407484408
scene,SVM,ECC,5,5.608021899999585,0.05815470000015921,0.7404270983614829,0.7404270983614829,1.0,0.7297830374753451,0.7297830374753451,0.09494109494109494,0.09494109494109494,0.6403326403326404
scene,SVM,GSI_v6,5,5.6699271000006775,0.019615799999883166,0.6809306117272813,0.6867972548174084,0.887040887040887,0.6838565022421524,0.7373572593800979,0.09771309771309772,0.062890625,0.5654885654885655
scene,SVM,GSI_v6_2,5,7.518544900000052,0.015345099999649392,0.6332516770432592,0.6193261429682563,0.8589743589743589,0.6379928315412187,0.6985446985446986,0.104989604989605,0.058491327148043566,0.4885654885654886
chd49,SVM,BR,1,0.06321190000016941,0.0038115999996080063,0.4373272310908893,0.4373272310908893,1.0,0.6606498194945848,0.6606498194945848,0.2822822822822823,0.2822822822822823,0.18018018018018017
chd49,SVM,CC,1,0.06179880000036064,0.004004800000075193,0.5030421736101599,0.5030421736101599,1.0,0.6813559322033899,0.6813559322033899,0.2822822822822823,0.2822822822822823,0.1981981981981982
chd49,SVM,MLC_PA,1,0.061977200000001176,0.009283200000027136,0.4373272310908893,0.29636752136752137,0.4339339339339339,0.6606498194945848,0.8189655172413793,0.2822822822822823,0.1453287197231834,0.18018018018018017
chd49,SVM,ECC,1,0.6358134000001883,0.03755150000051799,0.5032965026056082,0.5032965026056082,1.0,0.6825938566552902,0.6825938566552902,0.27927927927927926,0.27927927927927926,0.1981981981981982
chd49,SVM,GSI_v6,1,0.7135282999997798,0.013023399999838148,0.4994533204809955,0.34234453286177424,0.4864864864864865,0.6815834767641996,0.7734375,0.2777777777777778,0.17901234567901234,0.17117117117117117
chd49,SVM,GSI_v6_2,1,0.9920194999995147,0.011699399999997695,0.4463880131059487,0.29636752136752137,0.46096096096096095,0.6583184257602862,0.7851239669421488,0.28678678678678676,0.16938110749185667,0.16216216216216217
chd49,SVM,BR,2,0.0659563999997772,0.004116699999940465,0.3699709647078068,0.3699709647078068,1.0,0.6212121212121212,0.6212121212121212,0.30303030303030304,0.30303030303030304,0.15454545454545454
chd49,SVM,CC,2,0.06489849999979924,0.004057999999531603,0.35927269248582944,0.35927269248582944,1.0,0.6159420289855072,0.6159420289855072,0.3212121212121212,0.3212121212121212,0.16363636363636364
chd49,SVM,MLC_PA,2,0.06410449999930279,0.010175899999921967,0.3699709647078068,0.3383609854198089,0.46060606060606063,0.6212121212121212,0.8016194331983806,0.30303030303030304,0.1611842105263158,0.15454545454545454
chd49,SVM,ECC,2,0.6295305000003282,0.03599339999982476,0.4379406221797526,0.4379406221797526,1.0,0.6438848920863309,0.6438848920863309,0.3,0.3,0.2
chd49,SVM,GSI_v6,2,0.9889980999996624,0.012711600000329781,0.4740141822455164,0.33485958485958484,0.5166666666666667,0.660958904109589,0.746268656716418,0.3,0.19941348973607037,0.16363636363636364
chd49,SVM,GSI_v6_2,2,0.8591537000002063,0.012701499999820953,0.3957035654404075,0.3187531422825541,0.48333333333333334,0.6296296296296297,0.7808764940239044,0.30303030303030304,0.1724137931034483,0.16363636363636364
chd49,SVM,BR,3,0.06340300000010757,0.004217900000185182,0.3455726817609995,0.3455726817609995,1.0,0.6190476190476191,0.6190476190476191,0.2909090909090909,0.2909090909090909,0.12727272727272726
chd49,SVM,CC,3,0.06645699999990029,0.00456060000033176,0.46480207439198157,0.46480207439198157,1.0,0.6654611211573237,0.6654611211573237,0.2803030303030303,0.2803030303030303,0.15454545454545454
chd49,SVM,MLC_PA,3,0.06430229999932635,0.010257099999762431,0.3455726817609995,0.2702991452991453,0.45454545454545453,0.6190476190476191,0.8,0.2909090909090909,0.15666666666666668,0.12727272727272726
chd49,SVM,ECC,3,0.6363508000004003,0.041213100000277336,0.49819652020076194,0.49819652020076194,1.0,0.6862068965517242,0.6862068965517242,0.27575757575757576,0.27575757575757576,0.16363636363636364
chd49,SVM,GSI_v6,3,0.71964989999924,0.014562399999704212,0.4744035591982318,0.29499050332383664,0.49696969696969695,0.671353251318102,0.758893280632411,0.2833333333333333,0.18597560975609756,0.14545454545454545
chd49,SVM,GSI_v6_2,3,0.852478599999813,0.011643600000752485,0.3634626289330318,0.2702991452991453,0.4621212121212121,0.6235294117647059,0.7866108786610879,0.2909090909090909,0.16721311475409836,0.13636363636363635
chd49,SVM,BR,4,0.06397170000036567,0.004083700000592216,0.36208096839470794,0.36208096839470794,1.0,0.6214689265536724,0.6214689265536724,0.29385964912280704,0.29385964912280704,0.13157894736842105
chd49,SVM,CC,4,0.06072539999968285,0.004333500000029744,0.47001422249718255,0.47001422249718255,1.0,0.658703071672355,0.658703071672355,0.29239766081871343,0.29239766081871343,0.16666666666666666
chd49,SVM,MLC_PA,4,0.06407250000029308,0.010871499999666412,0.36208096839470794,0.29526029526029524,0.4371345029239766,0.6214689265536724,0.8135593220338984,0.29385964912280704,0.14715719063545152,0.13157894736842105
chd49,SVM,ECC,4,0.6428594999997586,0.03806090000034601,0.46784450467796246,0.46784450467796246,1.0,0.6565656565656566,0.6565656565656566,0.2982456140350877,0.2982456140350877,0.15789473684210525
chd49,SVM,GSI_v6,4,0.7117039999993722,0.01349819999995816,0.45489636533592576,0.29526029526029524,0.47514619883040937,0.6515679442508711,0.7804878048780488,0.29239766081871343,0.16615384615384615,0.14912280701754385
chd49,SVM,GSI_v6_2,4,0.7649181999995562,0.011908200000107172,0.3660363768961054,0.29526029526029524,0.4502923976608187,0.6210720887245841,0.7868852459016393,0.2997076023391813,0.16883116883116883,0.13157894736842105
chd49,SVM,BR,5,0.0620333999995637,0.004882100000031642,0.4001047288341222,0.4001047288341222,1.0,0.6353383458646616,0.6353383458646616,0.29393939393939394,0.29393939393939394,0.11818181818181818
chd49,SVM,CC,5,0.05899279999994178,0.006260799999836308,0.45050984163569224,0.45050984163569224,1.0,0.6484517304189436,0.6484517304189436,0.2924242424242424,0.2924242424242424,0.16363636363636364
chd49,SVM,MLC_PA,5,0.059745200000179466,0.011259599999903003,0.4001047288341222,0.30435347628330084,0.43636363636363634,0.6353383458646616,0.8333333333333334,0.29393939393939394,0.13194444444444445,0.11818181818181818
chd49,SVM,ECC,5,0.62564889999976,0.03640720000021247,0.4642738263958411,0.4642738263958411,1.0,0.6631578947368421,0.6631578947368421,0.2909090909090909,0.2909090909090909,0.13636363636363635
chd49,SVM,GSI_v6,5,0.7651531000001341,0.011858200000460783,0.4135928827163647,0.35563552756535216,0.47575757575757577,0.6395563770794824,0.8048780487804879,0.29545454545454547,0.15286624203821655,0.11818181818181818
chd49,SVM,GSI_v6_2,5,0.8342335999996067,0.012127300000429386,0.40591343004540303,0.3299945019243265,0.4484848484848485,0.6390977443609023,0.8240343347639485,0.2909090909090909,0.13851351351351351,0.12727272727272726
music,SVM,BR,1,0.061274300000150106,0.003760399999919173,0.5688568681361986,0.5688568681361986,1.0,0.6170798898071626,0.6170798898071626,0.19467787114845939,0.19467787114845939,0.2689075630252101
music,SVM,CC,1,0.0614982000006421,0.004681899999923189,0.5788969188534194,0.5788969188534194,1.0,0.6354679802955665,0.6354679802955665,0.20728291316526612,0.20728291316526612,0.3025210084033613
music,SVM,MLC_PA,1,0.05925160000060714,0.01066609999998036,0.5688568681361986,0.6038159371492705,0.6484593837535014,0.6170798898071626,0.6712328767123288,0.19467787114845939,0.10367170626349892,0.2689075630252101
music,SVM,ECC,1,0.5988470000002053,0.03889710000021296,0.6299301637658775,0.6299301637658775,1.0,0.6731707317073171,0.6731707317073171,0.1876750700280112,0.1876750700280112,0.3025210084033613
music,SVM,GSI_v6,1,0.6735433000003468,0.013098200000058569,0.5713663126069141,0.6095238095238095,0.6764705882352942,0.5977653631284916,0.6620689655172414,0.20168067226890757,0.10144927536231885,0.24369747899159663
music,SVM,GSI_v6_2,1,0.78652079999938,0.012887599999885424,0.5899976256809517,0.5909439219784048,0.6526610644257703,0.631578947368421,0.6575342465753424,0.18627450980392157,0.1072961373390558,0.2773109243697479
music,SVM,BR,2,0.0614674999997078,0.004241000000547501,0.5549989850491104,0.5549989850491104,1.0,0.5953002610966057,0.5953002610966057,0.2207977207977208,0.2207977207977208,0.2222222222222222
music,SVM,CC,2,0.06150829999933194,0.0044372000002113055,0.5606554655844002,0.5606554655844002,1.0,0.6095238095238096,0.6095238095238096,0.2336182336182336,0.2336182336182336,0.28205128205128205
music,SVM,MLC_PA,2,0.061464800000067044,0.010525300000153948,0.5549989850491104,0.6143499518120348,0.6709401709401709,0.5953002610966057,0.655367231638418,0.2207977207977208,0.12951167728237792,0.2222222222222222
music,SVM,ECC,2,0.5900365000006786,0.035681299999851035,0.5900371079691213,0.5900371079691213,1.0,0.6298076923076923,0.6298076923076923,0.21937321937321938,0.21937321937321938,0.27350427350427353
music,SVM,GSI_v6,2,0.8656736999992063,0.014450899999246758,0.5724460042418968,0.5548476516800495,0.6780626780626781,0.6015831134564644,0.6265060240963856,0.2150997150997151,0.13025210084033614,0.21367521367521367
music,SVM,GSI_v6_2,2,0.6850719000003664,0.01198480000039126,0.5648629464557214,0.6034084242038404,0.6652421652421653,0.6005221932114883,0.6705202312138728,0.21794871794871795,0.12205567451820129,0.2222222222222222
music,SVM,BR,3,0.06197060000067722,0.004084600000169303,0.5643269836731432,0.5643269836731432,1.0,0.6329787234042553,0.6329787234042553,0.19491525423728814,0.19491525423728814,0.2542372881355932
music,SVM,CC,3,0.06164759999956004,0.0043462000003273715,0.5639809913327033,0.5639809913327033,1.0,0.6313253012048192,0.6313253012048192,0.21610169491525424,0.21610169491525424,0.2711864406779661
music,SVM,MLC_PA,3,0.062086099999760336,0.010774500000479748,0.5643269836731432,0.5980489268532747,0.655367231638418,0.6329787234042553,0.7108433734939759,0.19491525423728814,0.10344827586206896,0.2542372881355932
music,SVM,ECC,3,0.6043287000002238,0.0374919999994745,0.6600339361555527,0.6600339361555527,1.0,0.6932084309133489,0.6932084309133489,0.1850282485875706,0.1850282485875706,0.3305084745762712
music,SVM,GSI_v6,3,0.6609879999996338,0.016976099999737926,0.6205886450652996,0.6660522448565928,0.6822033898305084,0.6529562982005142,0.7209302325581395,0.1906779661016949,0.09937888198757763,0.2796610169491525
music,SVM,GSI_v6_2,3,0.7908152999998492,0.012758300000314193,0.5990457203615098,0.5902317690361168,0.6468926553672316,0.6492146596858639,0.7096774193548387,0.18926553672316385,0.0982532751091703,0.2711864406779661
music,SVM,BR,4,0.06092960000023595,0.004258099999788101,0.5832296582296582,0.5832296582296582,1.0,0.6256684491978609,0.6256684491978609,0.19607843137254902,0.19607843137254902,0.25210084033613445
music,SVM,CC,4,0.06063390000053914,0.004237799999827985,0.5908188693465991,0.5908188693465991,1.0,0.6370023419203747,0.6370023419203747,0.21708683473389356,0.21708683473389356,0.29411764705882354
music,SVM,MLC_PA,4,0.05900240000028134,0.011120899999696121,0.5832296582296582,0.5834859584859585,0.6666666666666666,0.6256684491978609,0.6708074534161491,0.19607843137254902,0.11134453781512606,0.25210084033613445
music,SVM,ECC,4,0.5884810000006837,0.034611999999469845,0.6325153356869775,0.6325153356869775,1.0,0.6507177033492823,0.6507177033492823,0.20448179271708683,0.20448179271708683,0.2605042016806723
music,SVM,GSI_v6,4,0.7958100999994713,0.012729099999887694,0.6156882059364329,0.6156204906204906,0.6876750700280112,0.6351706036745407,0.6547619047619048,0.19467787114845939,0.11812627291242363,0.25210084033613445
music,SVM,GSI_v6_2,4,0.8996633000006113,0.012297399999624758,0.5940117567494835,0.6009842407691871,0.6568627450980392,0.6329787234042553,0.6956521739130435,0.19327731092436976,0.1044776119402985,0.2689075630252101
music,SVM,BR,5,0.06255220000002737,0.004056699999637203,0.5606102601764424,0.5606102601764424,1.0,0.6133333333333333,0.6133333333333333,0.2030812324929972,0.2030812324929972,0.19327731092436976
music,SVM,CC,5,0.060361400000147114,0.004134599999815691,0.5396917785489438,0.5396917785489438,1.0,0.6009615384615384,0.6009615384615384,0.23249299719887956,0.23249299719887956,0.226890756302521
music,SVM,MLC_PA,5,0.058701499999187945,0.010601199999655364,0.5606102601764424,0.5778906082097571,0.6820728291316527,0.6133333333333333,0.6595744680851063,0.2030812324929972,0.13141683778234087,0.19327731092436976
music,SVM,ECC,5,0.5911300999996456,0.03530380000029254,0.5962866494766353,0.5962866494766353,1.0,0.6255924170616114,0.6255924170616114,0.22128851540616246,0.22128851540616246,0.23529411764705882
music,SVM,GSI_v6,5,0.6624801999996635,0.014222599999811791,0.5679983299333278,0.5898625443196243,0.7184873949579832,0.601063829787234,0.6428571428571429,0.21008403361344538,0.1364522417153996,0.17647058823529413
music,SVM,GSI_v6_2,5,0.7767530999999508,0.01411530000041239,0.5596926488015598,0.5798881584631214,0.6778711484593838,0.6117021276595744,0.6631016042780749,0.20448179271708683,0.13016528925619836,0.20168067226890757
gpositivepseaac,SVM,BR,1,0.09624929999972665,0.003790400000070804,0.6072180926611307,0.6072180926611307,1.0,0.7058823529411765,0.7058823529411765,0.13221153846153846,0.13221153846153846,0.5961538461538461
gpositivepseaac,SVM,CC,1,0.08375200000045879,0.0037265999999362975,0.5694382852919438,0.5694382852919438,1.0,0.7536231884057971,0.7536231884057971,0.12259615384615384,0.12259615384615384,0.7403846153846154
gpositivepseaac,SVM,MLC_PA,1,0.09144490000016958,0.008868199999596982,0.6072180926611307,0.5643702355216749,0.8076923076923077,0.7058823529411765,0.7747747747747747,0.13221153846153846,0.0744047619047619,0.5961538461538461
gpositivepseaac,SVM,ECC,1,0.8508711000004041,0.027480600000671984,0.6616308007612356,0.6616308007612356,1.0,0.75,0.75,0.12980769230769232,0.12980769230769232,0.7211538461538461
gpositivepseaac,SVM,GSI_v6,1,0.7809446999999636,0.010013400000389083,0.6036520265950646,0.6339780786589297,0.8293269230769231,0.7171717171717171,0.7401574803149606,0.1346153846153846,0.09565217391304348,0.6442307692307693
gpositivepseaac,SVM,GSI_v6_2,1,0.9547643999994762,0.01185890000033396,0.6032051282051282,0.5471590909090909,0.8028846153846154,0.6892655367231638,0.7636363636363637,0.13221153846153846,0.07784431137724551,0.5576923076923077
gpositivepseaac,SVM,BR,2,0.09068300000035379,0.0036682999998447485,0.4529281693915841,0.4529281693915841,1.0,0.6222222222222222,0.6222222222222222,0.16346153846153846,0.16346153846153846,0.49038461538461536
gpositivepseaac,SVM,CC,2,0.08109650000005786,0.003993000000264146,0.5484453476932636,0.5484453476932636,1.0,0.7333333333333333,0.7333333333333333,0.1346153846153846,0.1346153846153846,0.7211538461538461
gpositivepseaac,SVM,MLC_PA,2,0.08805170000050566,0.008395899999413814,0.4529281693915841,0.42086038961038963,0.8004807692307693,0.6222222222222222,0.6326530612244898,0.16346153846153846,0.10810810810810811,0.49038461538461536
gpositivepseaac,SVM,ECC,2,0.8112482999995336,0.029526899999837042,0.5315061475409836,0.5315061475409836,1.0,0.7053571428571429,0.7053571428571429,0.15865384615384615,0.15865384615384615,0.625
gpositivepseaac,SVM,GSI_v6,2,0.8374063999999635,0.01114060000054451,0.5841885756519902,0.7107371794871794,0.8149038461538461,0.5945945945945946,0.6666666666666666,0.18028846153846154,0.10914454277286136,0.5096153846153846
gpositivepseaac,SVM,GSI_v6_2,2,1.0933364000002257,0.011264300000220828,0.43949983359482714,0.4534313725490196,0.7884615384615384,0.6101694915254238,0.6534653465346535,0.1658653846153846,0.10670731707317073,0.4807692307692308
gpositivepseaac,SVM,BR,3,0.09189960000003339,0.004527399999460613,0.46969153515064566,0.46969153515064566,1.0,0.648936170212766,0.648936170212766,0.15865384615384615,0.15865384615384615,0.5480769230769231
gpositivepseaac,SVM,CC,3,0.08315510000011272,0.0038359999998647254,0.5404438119333755,0.5404438119333755,1.0,0.7142857142857143,0.7142857142857143,0.14423076923076922,0.14423076923076922,0.7019230769230769
gpositivepseaac,SVM,MLC_PA,3,0.09854519999953482,0.009294600000430364,0.46969153515064566,0.38,0.8052884615384616,0.648936170212766,0.6545454545454545,0.15865384615384615,0.11343283582089553,0.5480769230769231
gpositivepseaac,SVM,ECC,3,0.8384259000004022,0.02716379999947094,0.5278528421751292,0.5278528421751292,1.0,0.7009345794392523,0.7009345794392523,0.15384615384615385,0.15384615384615385,0.6826923076923077
gpositivepseaac,SVM,GSI_v6,3,0.7958981000001586,0.010139400000298338,0.4770444763271162,0.505,0.8173076923076923,0.6461538461538462,0.6771653543307087,0.1658653846153846,0.12058823529411765,0.5673076923076923
gpositivepseaac,SVM,GSI_v6_2,3,0.8764184000001478,0.009823600000345323,0.4909333652160051,0.4254545454545455,0.7980769230769231,0.6631578947368421,0.6727272727272727,0.15384615384615385,0.10843373493975904,0.5576923076923077
gpositivepseaac,SVM,BR,4,0.09681079999973008,0.003927800000383286,0.4538909950145409,0.4538909950145409,1.0,0.632768361581921,0.632768361581921,0.15625,0.15625,0.5192307692307693
gpositivepseaac,SVM,CC,4,0.0843205000001035,0.004074699999364384,0.5179597701149425,0.5179597701149425,1.0,0.6857142857142857,0.6857142857142857,0.15865384615384615,0.15865384615384615,0.6826923076923077
gpositivepseaac,SVM,MLC_PA,4,0.09704620000047726,0.008618500000011409,0.4538909950145409,0.5109337203676826,0.8221153846153846,0.632768361581921,0.7027027027027027,0.15625,0.09649122807017543,0.5192307692307693
gpositivepseaac,SVM,ECC,4,0.8383383000000322,0.028756200000316312,0.5185582126553194,0.5185582126553194,1.0,0.6880733944954128,0.6880733944954128,0.16346153846153846,0.16346153846153846,0.6538461538461539
gpositivepseaac,SVM,GSI_v6,4,0.8844411000000036,0.012501799999881769,0.5372391822930821,0.49819738263134494,0.8413461538461539,0.6382978723404256,0.671875,0.16346153846153846,0.12,0.5480769230769231
gpositivepseaac,SVM,GSI_v6_2,4,1.12818949999928,0.011714899999788031,0.44749778334115686,0.4668632075471698,0.8293269230769231,0.625,0.672566371681416,0.15865384615384615,0.1072463768115942,0.5192307692307693
gpositivepseaac,SVM,BR,5,0.09404270000050019,0.004020899999886751,0.3903913260219342,0.3903913260219342,1.0,0.5869565217391305,0.5869565217391305,0.18446601941747573,0.18446601941747573,0.46601941747572817
gpositivepseaac,SVM,CC,5,0.08404070000051433,0.003668600000310107,0.46505147358611454,0.46505147358611454,1.0,0.6346153846153846,0.6346153846153846,0.18446601941747573,0.18446601941747573,0.6213592233009708
gpositivepseaac,SVM,MLC_PA,5,0.09297570000035194,0.008507399999871268,0.3903913260219342,0.44365401332946974,0.8131067961165048,0.5869565217391305,0.6548672566371682,0.18446601941747573,0.11641791044776119,0.46601941747572817
gpositivepseaac,SVM,ECC,5,0.8263653999993039,0.02935449999949924,0.48891494522792667,0.48891494522792667,1.0,0.6574074074074074,0.6574074074074074,0.1796116504854369,0.1796116504854369,0.6019417475728155
gpositivepseaac,SVM,GSI_v6,5,0.7921790000000328,0.010405200000604964,0.5368309545049064,0.46479371921182266,0.8446601941747572,0.6210526315789474,0.640625,0.17475728155339806,0.13218390804597702,0.5145631067961165
gpositivepseaac,SVM,GSI_v6_2,5,1.1303084000001036,0.012063400000442925,0.3991228070175439,0.42684729064039406,0.808252427184466,0.6,0.6324786324786325,0.17475728155339806,0.12912912912912913,0.4563106796116505
genbase,SVM,BR,1,0.2767585000001418,0.012150800000199524,0.7777777777777778,0.7777777777777778,1.0,0.9969788519637462,0.9969788519637462,0.000278473962684489,0.000278473962684489,0.9924812030075187
genbase,SVM,CC,1,0.2777545999997528,0.015058300000418967,0.7777777777777778,0.7777777777777778,1.0,0.9969788519637462,0.9969788519637462,0.000278473962684489,0.000278473962684489,0.9924812030075187
genbase,SVM,MLC_PA,1,0.27466889999959676,0.04700369999955001,0.7777777777777778,0.7407407407407407,0.999443052074631,0.9969788519637462,0.9969418960244648,0.000278473962684489,0.00027862914460852607,0.9924812030075187
genbase,SVM,ECC,1,2.708888599999227,0.22204729999975825,0.7777777777777778,0.7777777777777778,1.0,0.9969788519637462,0.9969788519637462,0.000278473962684489,0.000278473962684489,0.9924812030075187
genbase,SVM,GSI_v6,1,2.3873232000005373,0.04827529999965918,0.7777777777777778,0.7407407407407407,0.999443052074631,0.9969788519637462,0.9969418960244648,0.000278473962684489,0.00027862914460852607,0.9924812030075187
genbase,SVM,GSI_v6_2,1,1.9111199000008128,0.047275099999751546,0.7777777777777778,0.7407407407407407,0.999443052074631,0.9969788519637462,0.9969418960244648,0.000278473962684489,0.00027862914460852607,0.9924812030075187
genbase,SVM,BR,2,0.25907720000031986,0.01252459999977873,0.7654320987654321,0.7654320987654321,1.0,0.990990990990991,0.990990990990991,0.0008417508417508417,0.0008417508417508417,0.9848484848484849
genbase,SVM,CC,2,0.27863929999966786,0.012846900000113237,0.7654320987654321,0.7654320987654321,1.0,0.990990990990991,0.990990990990991,0.0008417508417508417,0.0008417508417508417,0.9848484848484849
genbase,SVM,MLC_PA,2,0.2687063000003036,0.045253900000716385,0.7654320987654321,0.7654320987654321,1.0,0.990990990990991,0.990990990990991,0.0008417508417508417,0.0008417508417508417,0.9848484848484849
genbase,SVM,ECC,2,2.6802631999998994,0.21079720000034285,0.7654320987654321,0.7654320987654321,1.0,0.990990990990991,0.990990990990991,0.0008417508417508417,0.0008417508417508417,0.9848484848484849
genbase,SVM,GSI_v6,2,2.135833399999683,0.04570199999943725,0.7654320987654321,0.7654320987654321,1.0,0.990990990990991,0.990990990990991,0.0008417508417508417,0.0008417508417508417,0.9848484848484849
genbase,SVM,GSI_v6_2,2,1.8655223999994632,0.04602649999924324,0.7654320987654321,0.7654320987654321,1.0,0.990990990990991,0.990990990990991,0.0008417508417508417,0.0008417508417508417,0.9848484848484849
genbase,SVM,BR,3,0.25440549999984796,0.011562700000467885,0.7669845988686569,0.7669845988686569,1.0,0.9814814814814815,0.9814814814814815,0.0016835016835016834,0.0016835016835016834,0.9545454545454546
genbase,SVM,CC,3,0.28621000000021013,0.013353500000448548,0.7669845988686569,0.7669845988686569,1.0,0.9814814814814815,0.9814814814814815,0.0016835016835016834,0.0016835016835016834,0.9545454545454546
genbase,SVM,MLC_PA,3,0.2652533999998923,0.04582219999974768,0.7669845988686569,0.7669845988686569,0.9997194163860831,0.9814814814814815,0.9845201238390093,0.0016835016835016834,0.0014033118158854898,0.9545454545454546
genbase,SVM,ECC,3,2.645343099999991,0.21257689999947615,0.7669845988686569,0.7669845988686569,1.0,0.9814814814814815,0.9814814814814815,0.0016835016835016834,0.0016835016835016834,0.9545454545454546
genbase,SVM,GSI_v6,3,2.264015400000062,0.046073900000010326,0.7669845988686569,0.7669845988686569,1.0,0.9814814814814815,0.9814814814814815,0.0016835016835016834,0.0016835016835016834,0.9545454545454546
genbase,SVM,GSI_v6_2,3,1.7324329000002763,0.04545640000014828,0.7669845988686569,0.7669845988686569,0.9997194163860831,0.9814814814814815,0.9845201238390093,0.0016835016835016834,0.0014033118158854898,0.9545454545454546
genbase,SVM,BR,4,0.2518297000005987,0.012049699999806762,0.7654320987654322,0.7654320987654322,1.0,0.9939759036144579,0.9939759036144579,0.0005611672278338945,0.0005611672278338945,0.9848484848484849
genbase,SVM,CC,4,0.2681343000003835,0.01297690000046714,0.7654320987654322,0.7654320987654322,1.0,0.9939759036144579,0.9939759036144579,0.0005611672278338945,0.0005611672278338945,0.9848484848484849
genbase,SVM,MLC_PA,4,0.264031800000339,0.04668249999940599,0.7654320987654322,0.7283950617283951,0.9997194163860831,0.9939759036144579,0.9939393939393939,0.0005611672278338945,0.000561324726354196,0.9848484848484849
genbase,SVM,ECC,4,2.6741124999998647,0.21751559999938763,0.7654320987654322,0.7654320987654322,1.0,0.9939759036144579,0.9939759036144579,0.0005611672278338945,0.0005611672278338945,0.9848484848484849
genbase,SVM,GSI_v6,4,2.3462502000002132,0.04728120000072522,0.7654320987654322,0.7283950617283951,0.9997194163860831,0.9939759036144579,0.9939393939393939,0.0005611672278338945,0.000561324726354196,0.9848484848484849
genbase,SVM,GSI_v6_2,4,1.7414511999995739,0.04855130000032659,0.7654320987654322,0.7283950617283951,0.9997194163860831,0.9939759036144579,0.9939393939393939,0.0005611672278338945,0.000561324726354196,0.9848484848484849
genbase,SVM,BR,5,0.26437780000014754,0.0133761000006416,0.7326007326007327,0.7326007326007327,1.0,0.9878787878787879,0.9878787878787879,0.001113895850737956,0.001113895850737956,0.9699248120300752
genbase,SVM,CC,5,0.26801939999950264,0.01315230000000156,0.7326007326007327,0.7326007326007327,1.0,0.9878787878787879,0.9878787878787879,0.001113895850737956,0.001113895850737956,0.9699248120300752
genbase,SVM,MLC_PA,5,0.2667827999994188,0.047136500000306114,0.7326007326007327,0.7326007326007327,0.999443052074631,0.9878787878787879,0.9877300613496932,0.001113895850737956,0.0011145165784341043,0.9699248120300752
genbase,SVM,ECC,5,2.667069099999935,0.21699290000015026,0.7326007326007327,0.7326007326007327,1.0,0.9878787878787879,0.9878787878787879,0.001113895850737956,0.001113895850737956,0.9699248120300752
genbase,SVM,GSI_v6,5,2.267857200000435,0.052040699999452045,0.7326007326007327,0.7326007326007327,0.999443052074631,0.9878787878787879,0.9877300613496932,0.001113895850737956,0.0011145165784341043,0.9699248120300752
genbase,SVM,GSI_v6_2,5,1.7195474999998623,0.0472314999997252,0.7326007326007327,0.7326007326007327,0.999443052074631,0.9878787878787879,0.9877300613496932,0.001113895850737956,0.0011145165784341043,0.9699248120300752
humanpseaac,SVM,BR,1,1.8785471999999572,0.010213499999736086,0.018586983792463246,0.018586983792463246,1.0,0.056921086675291076,0.056921086675291076,0.08550316678395496,0.08550316678395496,0.03284072249589491
humanpseaac,SVM,CC,1,1.7473592000005738,0.011666100000184088,0.08246032750739112,0.08246032750739112,1.0,0.3070539419087137,0.3070539419087137,0.09793572601454374,0.09793572601454374,0.22660098522167488
humanpseaac,SVM,MLC_PA,1,1.8208506000000853,0.03228020000005927,0.018586983792463246,0.002695417789757412,0.9365470326061459,0.056921086675291076,0.0038022813688212928,0.08550316678395496,0.06562304320601127,0.03284072249589491
humanpseaac,SVM,ECC,1,17.401720200000454,0.17188679999981105,0.06588133709730502,0.06588133709730502,1.0,0.208955223880597,0.208955223880597,0.08702791461412152,0.08702791461412152,0.11494252873563218
humanpseaac,SVM,GSI_v6,1,11.913341800000126,0.052529100000356266,0.02184293862128223,0.008546313600085271,0.926460239268121,0.0632111251580278,0.015968063872255488,0.08691062631949331,0.062412963666286875,0.034482758620689655
humanpseaac,SVM,GSI_v6_2,1,17.9976501000001,0.034455699999853096,0.018586983792463246,0.002695417789757412,0.9365470326061459,0.056921086675291076,0.0038022813688212928,0.08550316678395496,0.06562304320601127,0.03284072249589491
humanpseaac,SVM,BR,2,1.8754562000003716,0.010123999999450461,0.014614876809583883,0.014614876809583883,1.0,0.04669260700389105,0.04669260700389105,0.08333333333333333,0.08333333333333333,0.023809523809523808
humanpseaac,SVM,CC,2,1.7625575000001845,0.011687800000800053,0.07216556402771433,0.07216556402771433,1.0,0.28547990155865466,0.28547990155865466,0.09875283446712019,0.09875283446712019,0.20952380952380953
humanpseaac,SVM,MLC_PA,2,1.846409599999788,0.031373700000585814,0.014614876809583883,0.0021008403361344537,0.935374149659864,0.04669260700389105,0.003898635477582846,0.08333333333333333,0.06193939393939394,0.023809523809523808
humanpseaac,SVM,ECC,2,17.512426299999788,0.16474639999978535,0.06832282461484229,0.06832282461484229,1.0,0.20490928495197439,0.20490928495197439,0.0844671201814059,0.0844671201814059,0.1111111111111111
humanpseaac,SVM,GSI_v6,2,12.019669100000101,0.049053900000217254,0.024119654396575756,0.0021008403361344537,0.9275510204081633,0.06345177664974619,0.004048582995951417,0.0836734693877551,0.06013934726806014,0.031746031746031744
humanpseaac,SVM,GSI_v6_2,2,18.103914700000132,0.03237449999960518,0.014614876809583883,0.0021008403361344537,0.935374149659864,0.04669260700389105,0.003898635477582846,0.08333333333333333,0.06193939393939394,0.023809523809523808
humanpseaac,SVM,BR,3,1.842566700000134,0.00989190000018425,0.015013482998196265,0.015013482998196265,1.0,0.04736842105263158,0.04736842105263158,0.08247892458418775,0.08247892458418775,0.02711323763955343
humanpseaac,SVM,CC,3,1.7463859999998022,0.011571799999728682,0.07359234184171771,0.07359234184171771,1.0,0.2847341337907376,0.2847341337907376,0.09501025290498975,0.09501025290498975,0.19617224880382775
humanpseaac,SVM,MLC_PA,3,1.8437035999995715,0.029421199999887904,0.015013482998196265,0.0021645021645021645,0.9403053087263613,0.04736842105263158,0.003875968992248062,0.08247892458418775,0.0622728374121638,0.02711323763955343
humanpseaac,SVM,ECC,3,17.27567640000052,0.17574169999988953,0.060868051391721315,0.060868051391721315,1.0,0.20066152149944874,0.20066152149944874,0.08259284575074048,0.08259284575074048,0.10366826156299841
humanpseaac,SVM,GSI_v6,3,11.740144499999587,0.05097320000004402,0.022723105683466218,0.004364339019189765,0.9311916154021417,0.057291666666666664,0.008,0.08247892458418775,0.06068020552972841,0.03349282296650718
humanpseaac,SVM,GSI_v6_2,3,17.889623899999606,0.03598150000016176,0.01442314121257944,0.0,0.9404192298929142,0.04479578392621871,0.0,0.08259284575074048,0.06250757116898849,0.025518341307814992
humanpseaac,SVM,BR,4,1.8704332000006616,0.00980359999994107,0.014325396825396824,0.014325396825396824,1.0,0.03926701570680628,0.03926701570680628,0.0851113172541744,0.0851113172541744,0.022727272727272728
humanpseaac,SVM,CC,4,1.7339967999996588,0.012368200000310026,0.08954736208117334,0.08954736208117334,1.0,0.30098684210526316,0.30098684210526316,0.0985621521335807,0.0985621521335807,0.22727272727272727
humanpseaac,SVM,MLC_PA,4,1.8630269999994198,0.031361099999230646,0.014325396825396824,0.0,0.9430658627087198,0.03926701570680628,0.0,0.0851113172541744,0.06418295831796385,0.022727272727272728
humanpseaac,SVM,ECC,4,17.49423200000001,0.16638399999919784,0.0740830867143477,0.0740830867143477,1.0,0.2245762711864407,0.2245762711864407,0.08487940630797773,0.08487940630797773,0.12824675324675325
humanpseaac,SVM,GSI_v6,4,11.990132999999332,0.04939809999996214,0.026814339770996117,0.0,0.9315862708719852,0.061224489795918366,0.0,0.08534322820037106,0.06298232511824745,0.032467532467532464
humanpseaac,SVM,GSI_v6_2,4,18.0362611999999,0.03540139999950043,0.016590720151659945,0.0,0.9430658627087198,0.04432855280312908,0.0,0.08499536178107607,0.06418295831796385,0.024350649350649352
humanpseaac,SVM,BR,5,1.8886192999998457,0.011136899999655725,0.006625337611253105,0.006625337611253105,1.0,0.0214190093708166,0.0214190093708166,0.08367673992673992,0.08367673992673992,0.009615384615384616
humanpseaac,SVM,CC,5,1.780826000000161,0.012426100000084261,0.07731471665821334,0.07731471665821334,1.0,0.31655844155844154,0.31655844155844154,0.09638278388278389,0.09638278388278389,0.2387820512820513
humanpseaac,SVM,MLC_PA,5,1.8951273000002402,0.029445800000758027,0.006625337611253105,0.0,0.929945054945055,0.0214190093708166,0.0,0.08367673992673992,0.060315115706548496,0.009615384615384616
humanpseaac,SVM,ECC,5,17.47253180000007,0.1699146999999357,0.06929090903049369,0.06929090903049369,1.0,0.20568927789934355,0.20568927789934355,0.0831043956043956,0.0831043956043956,0.10576923076923077
humanpseaac,SVM,GSI_v6,5,11.894120400000247,0.05095069999970292,0.014947965395357438,0.002304147465437788,0.9276556776556777,0.033854166666666664,0.004166666666666667,0.08493589743589744,0.05898321816386969,0.014423076923076924
humanpseaac,SVM,GSI_v6_2,5,18.20390270000007,0.03166090000013355,0.006625337611253105,0.0,0.929945054945055,0.0214190093708166,0.0,0.08367673992673992,0.060315115706548496,0.009615384615384616
plantpseaac,SVM,BR,1,0.44894469999962894,0.009421499999916705,0.019540229885057474,0.019540229885057474,1.0,0.018433179723502304,0.018433179723502304,0.09056122448979592,0.09056122448979592,0.01020408163265306
plantpseaac,SVM,CC,1,0.43902800000068964,0.00775939999948605,0.11843072735395765,0.11843072735395765,1.0,0.20846905537459284,0.20846905537459284,0.10331632653061225,0.10331632653061225,0.1326530612244898
plantpseaac,SVM,MLC_PA,1,0.4484973999997237,0.020147199999883014,0.019540229885057474,0.0,0.9451530612244898,0.018433179723502304,0.0,0.09056122448979592,0.0724246513720198,0.01020408163265306
plantpseaac,SVM,ECC,1,4.453195099999903,0.08921029999964958,0.13128632805103393,0.13128632805103393,1.0,0.2874617737003058,0.2874617737003058,0.09906462585034014,0.09906462585034014,0.17857142857142858
plantpseaac,SVM,GSI_v6,1,3.0741725000007136,0.03539999999975407,0.035553301780482306,0.020833333333333332,0.9370748299319728,0.03524229074889868,0.012121212121212121,0.09311224489795919,0.07395644283121597,0.015306122448979591
plantpseaac,SVM,GSI_v6_2,1,4.507233600000291,0.023270900000170514,0.025000000000000005,0.0,0.9438775510204082,0.0365296803652968,0.0,0.0897108843537415,0.07297297297297298,0.02040816326530612
plantpseaac,SVM,BR,2,0.4438872000000629,0.006969900000513007,0.10054184619402011,0.10054184619402011,1.0,0.13278008298755187,0.13278008298755187,0.08796296296296297,0.08796296296296297,0.0707070707070707
plantpseaac,SVM,CC,2,0.4275484999998298,0.007085799999913434,0.1356170280695694,0.1356170280695694,1.0,0.21359223300970873,0.21359223300970873,0.10227272727272728,0.10227272727272728,0.15151515151515152
plantpseaac,SVM,MLC_PA,2,0.45914059999995516,0.022794100000282924,0.10054184619402011,0.020833333333333332,0.944023569023569,0.13278008298755187,0.011976047904191617,0.08796296296296297,0.07356219349086046,0.0707070707070707
plantpseaac,SVM,ECC,2,4.38952800000061,0.09599019999950542,0.1579923053137339,0.1579923053137339,1.0,0.3044776119402985,0.3044776119402985,0.09806397306397306,0.09806397306397306,0.2222222222222222
plantpseaac,SVM,GSI_v6,2,3.0770376999998916,0.03627009999945585,0.12054372254264568,0.03333333333333333,0.9356060606060606,0.15261044176706828,0.03529411764705882,0.0888047138047138,0.07377417903733693,0.08585858585858586
plantpseaac,SVM,GSI_v6_2,2,4.566454500000873,0.02701269999943179,0.10079049637873168,0.020833333333333332,0.9427609427609428,0.13333333333333333,0.012195121951219513,0.08754208754208755,0.07232142857142858,0.0707070707070707
plantpseaac,SVM,BR,3,0.47182840000004944,0.006522599999698286,0.03995601173020528,0.03995601173020528,1.0,0.10344827586206896,0.10344827586206896,0.08934707903780069,0.08934707903780069,0.061855670103092786
plantpseaac,SVM,CC,3,0.4431900999998106,0.007898900000327558,0.11593012787865731,0.11593012787865731,1.0,0.1981981981981982,0.1981981981981982,0.11469072164948453,0.11469072164948453,0.13917525773195877
plantpseaac,SVM,MLC_PA,3,0.4779631999999765,0.023700900000221736,0.03995601173020528,0.006172839506172839,0.9450171821305842,0.10344827586206896,0.012048192771084338,0.08934707903780069,0.07454545454545454,0.061855670103092786
plantpseaac,SVM,ECC,3,4.402009000000362,0.09367900000052032,0.09033117103418394,0.09033117103418394,1.0,0.2536873156342183,0.2536873156342183,0.10867697594501718,0.10867697594501718,0.1958762886597938
plantpseaac,SVM,GSI_v6,3,3.1181871999997384,0.03353270000025077,0.04415450068479179,0.005376344086021505,0.9304123711340206,0.07468879668049792,0.011627906976744186,0.09579037800687286,0.07848568790397045,0.030927835051546393
plantpseaac,SVM,GSI_v6_2,3,4.613940199999888,0.022499499999867112,0.04446386946386947,0.006172839506172839,0.9437285223367697,0.11914893617021277,0.012048192771084338,0.08891752577319588,0.07464724624487938,0.07216494845360824
plantpseaac,SVM,BR,4,0.44813150000027235,0.006804399999964517,0.024041984568300357,0.024041984568300357,1.0,0.02631578947368421,0.02631578947368421,0.09585492227979274,0.09585492227979274,0.015544041450777202
plantpseaac,SVM,CC,4,0.42942889999994804,0.008316400000694557,0.11274701990898024,0.11274701990898024,1.0,0.22641509433962265,0.22641509433962265,0.10621761658031088,0.10621761658031088,0.15544041450777202
plantpseaac,SVM,MLC_PA,4,0.4574764999997569,0.021766699999716366,0.024041984568300357,0.0,0.9512089810017271,0.02631578947368421,0.0,0.09585492227979274,0.07807535179300953,0.015544041450777202
plantpseaac,SVM,ECC,4,4.416548199999852,0.09404429999995045,0.10928502151906407,0.10928502151906407,1.0,0.2392638036809816,0.2392638036809816,0.1070811744386874,0.1070811744386874,0.17098445595854922
plantpseaac,SVM,GSI_v6,4,3.142542099999446,0.028587400000105845,0.036330409356725143,0.020833333333333332,0.940846286701209,0.03389830508474576,0.011560693641618497,0.09844559585492228,0.07847636530518587,0.02072538860103627
plantpseaac,SVM,GSI_v6_2,4,4.605498599999919,0.02484930000082386,0.026730156611311107,0.0,0.9499136442141624,0.034782608695652174,0.0,0.09585492227979274,0.07863636363636364,0.02072538860103627
plantpseaac,SVM,BR,5,0.4791328999999678,0.006762600000001839,0.09418820558526442,0.09418820558526442,1.0,0.08733624454148471,0.08733624454148471,0.08840947546531303,0.08840947546531303,0.03553299492385787
plantpseaac,SVM,CC,5,0.44574069999998756,0.007991899999979069,0.1477743530717501,0.1477743530717501,1.0,0.19101123595505617,0.19101123595505617,0.1218274111675127,0.1218274111675127,0.1218274111675127
plantpseaac,SVM,MLC_PA,5,0.45289039999988745,0.019720799999959127,0.09418820558526442,0.047619047619047616,0.9378172588832487,0.08733624454148471,0.023952095808383235,0.08840947546531303,0.07352277852954443,0.03553299492385787
plantpseaac,SVM,ECC,5,4.356728900000235,0.09356609999940702,0.15935525826830177,0.15935525826830177,1.0,0.29295774647887324,0.29295774647887324,0.10617597292724196,0.10617597292724196,0.20304568527918782
plantpseaac,SVM,GSI_v6,5,3.0286640999993324,0.03589240000019345,0.08994020152556738,0.07407407407407407,0.9352791878172588,0.1078838174273859,0.06779661016949153,0.09094754653130288,0.07462686567164178,0.04060913705583756
plantpseaac,SVM,GSI_v6_2,5,4.576025500000469,0.023379299999760406,0.10679504319210202,0.047619047619047616,0.9348561759729273,0.12875536480686695,0.024539877300613498,0.08587140439932318,0.07194570135746606,0.06091370558375635
viruspseaac,SVM,BR,1,0.08527810000032332,0.004221600000164472,0.2889655172413793,0.2889655172413793,1.0,0.3013698630136986,0.3013698630136986,0.2125,0.2125,0.175
viruspseaac,SVM,CC,1,0.07984989999931713,0.004874500000369153,0.3569078947368421,0.3569078947368421,1.0,0.47191011235955055,0.47191011235955055,0.19583333333333333,0.19583333333333333,0.3
viruspseaac,SVM,MLC_PA,1,0.08054449999963254,0.010820399999829533,0.2889655172413793,0.3333333333333333,0.7083333333333334,0.3013698630136986,0.2727272727272727,0.2125,0.09411764705882353,0.175
viruspseaac,SVM,ECC,1,0.8046883999995771,0.03891479999947478,0.3601250601250601,0.3601250601250601,1.0,0.4044943820224719,0.4044943820224719,0.22083333333333333,0.22083333333333333,0.275
viruspseaac,SVM,GSI_v6,1,0.8903473000000304,0.014118199999757053,0.3057142857142857,0.31666666666666665,0.7208333333333333,0.35443037974683544,0.25,0.2125,0.10404624277456648,0.225
viruspseaac,SVM,GSI_v6_2,1,1.1596532000003208,0.015388499999971827,0.2889655172413793,0.3333333333333333,0.7125,0.3055555555555556,0.2608695652173913,0.20833333333333334,0.09941520467836257,0.175
viruspseaac,SVM,BR,2,0.08046500000000378,0.004445300000043062,0.29650915283099194,0.29650915283099194,1.0,0.3116883116883117,0.3116883116883117,0.22083333333333333,0.22083333333333333,0.175
viruspseaac,SVM,CC,2,0.0795151000002079,0.004047000000355183,0.30134680134680136,0.30134680134680136,1.0,0.3333333333333333,0.3333333333333333,0.25,0.25,0.2
viruspseaac,SVM,MLC_PA,2,0.07711740000013378,0.01124329999947804,0.29650915283099194,0.2824074074074074,0.75,0.3116883116883117,0.23529411764705882,0.22083333333333333,0.14444444444444443,0.175
viruspseaac,SVM,ECC,2,0.7496006000001216,0.03760569999940344,0.3210084033613445,0.3210084033613445,1.0,0.37362637362637363,0.37362637362637363,0.2375,0.2375,0.2
viruspseaac,SVM,GSI_v6,2,0.8497686999999132,0.014581700000235287,0.3069584736251403,0.2972222222222222,0.7791666666666667,0.345679012345679,0.2926829268292683,0.22083333333333333,0.15508021390374332,0.225
viruspseaac,SVM,GSI_v6_2,2,1.0600149999991118,0.014748399999916728,0.2850148999574287,0.26666666666666666,0.7541666666666667,0.2857142857142857,0.25,0.22916666666666666,0.13259668508287292,0.175
viruspseaac,SVM,BR,3,0.08039540000027046,0.004530200000772311,0.2733333333333333,0.2733333333333333,1.0,0.18461538461538463,0.18461538461538463,0.2264957264957265,0.2264957264957265,0.10256410256410256
viruspseaac,SVM,CC,3,0.08504810000067664,0.003932099999474303,0.3625,0.3625,1.0,0.35,0.35,0.2222222222222222,0.2222222222222222,0.23076923076923078
viruspseaac,SVM,MLC_PA,3,0.07710570000017469,0.012305000000196742,0.2733333333333333,0.16666666666666666,0.6794871794871795,0.18461538461538463,0.17391304347826086,0.2264957264957265,0.11949685534591195,0.10256410256410256
viruspseaac,SVM,ECC,3,0.7650945000004867,0.03545419999954902,0.3523809523809524,0.3523809523809524,1.0,0.3170731707317073,0.3170731707317073,0.23931623931623933,0.23931623931623933,0.23076923076923078
viruspseaac,SVM,GSI_v6,3,0.8179616000006718,0.014028599999619473,0.3019047619047619,0.16666666666666666,0.7094017094017094,0.2571428571428571,0.18181818181818182,0.2222222222222222,0.10843373493975904,0.1282051282051282
viruspseaac,SVM,GSI_v6_2,3,1.0675296999997954,0.01229960000000574,0.2733333333333333,0.16666666666666666,0.6837606837606838,0.18461538461538463,0.16666666666666666,0.2264957264957265,0.125,0.10256410256410256
viruspseaac,SVM,BR,4,0.07592639999984385,0.004341400000157591,0.27729885057471265,0.27729885057471265,1.0,0.30985915492957744,0.30985915492957744,0.18992248062015504,0.18992248062015504,0.16279069767441862
viruspseaac,SVM,CC,4,0.0731445999999778,0.004040599999825645,0.2812865497076023,0.2812865497076023,1.0,0.32558139534883723,0.32558139534883723,0.2248062015503876,0.2248062015503876,0.23255813953488372
viruspseaac,SVM,MLC_PA,4,0.07460439999977098,0.010591999999633117,0.27729885057471265,0.2272727272727273,0.7170542635658915,0.30985915492957744,0.26666666666666666,0.18992248062015504,0.11891891891891893,0.16279069767441862
viruspseaac,SVM,ECC,4,0.7245960000000196,0.037898999999924854,0.2881087919038583,0.2881087919038583,1.0,0.3373493975903614,0.3373493975903614,0.2131782945736434,0.2131782945736434,0.18604651162790697
viruspseaac,SVM,GSI_v6,4,0.8596820000002481,0.017022799999722338,0.28914141414141414,0.2435897435897436,0.7364341085271318,0.3466666666666667,0.3125,0.18992248062015504,0.11578947368421053,0.18604651162790697
viruspseaac,SVM,GSI_v6_2,4,1.065100199999506,0.013947999999800231,0.2791104447776112,0.2272727272727273,0.7286821705426356,0.3142857142857143,0.25806451612903225,0.18604651162790697,0.12234042553191489,0.16279069767441862
viruspseaac,SVM,BR,5,0.07533640000019659,0.004002600000603707,0.2925438596491228,0.2925438596491228,1.0,0.28125,0.28125,0.17037037037037037,0.17037037037037037,0.2
viruspseaac,SVM,CC,5,0.07095850000041537,0.005304500000420376,0.38714851214851215,0.38714851214851215,1.0,0.4888888888888889,0.4888888888888889,0.17037037037037037,0.17037037037037037,0.35555555555555557
viruspseaac,SVM,MLC_PA,5,0.0740206999998918,0.010955699999612989,0.2925438596491228,0.16666666666666666,0.6555555555555556,0.28125,0.23529411764705882,0.17037037037037037,0.07344632768361582,0.2
viruspseaac,SVM,ECC,5,0.7147441999995863,0.03639949999978853,0.3720797720797721,0.3720797720797721,1.0,0.4444444444444444,0.4444444444444444,0.18518518518518517,0.18518518518518517,0.3111111111111111
viruspseaac,SVM,GSI_v6,5,0.8175404000003255,0.014604099999814935,0.35833333333333334,0.16666666666666666,0.674074074074074,0.410958904109589,0.2222222222222222,0.15925925925925927,0.07692307692307693,0.26666666666666666
viruspseaac,SVM,GSI_v6_2,5,1.083850999999413,0.01389389999985724,0.2792105263157895,0.16666666666666666,0.6592592592592592,0.25,0.23529411764705882,0.17777777777777778,0.07303370786516854,0.17777777777777778
yeast,SVM,BR,1,0.5982279999998354,0.007568999999421067,0.3245912961869378,0.3245912961869378,1.0,0.6258953168044077,0.6258953168044077,0.2,0.2,0.1463917525773196
yeast,SVM,CC,1,0.5726967000000514,0.009468300000662566,0.3783483381507624,0.3783483381507624,1.0,0.625832223701731,0.625832223701731,0.20692194403534608,0.20692194403534608,0.18969072164948453
yeast,SVM,MLC_PA,1,0.5989164000002347,0.026626099999703,0.3245912961869378,0.29964085518531974,0.7749631811487482,0.6258953168044077,0.6561125769569042,0.2,0.14861269479285444,0.1463917525773196
yeast,SVM,ECC,1,5.5052944999997635,0.1064472999996724,0.34912523775514853,0.34912523775514853,1.0,0.6408984068947506,0.6408984068947506,0.2025036818851252,0.2025036818851252,0.2
yeast,SVM,GSI_v6,1,6.0561596999996254,0.03492920000007871,0.3550978096746017,0.3355368107143116,0.7946980854197349,0.6307406424210247,0.6584493041749503,0.204860088365243,0.15919199406968124,0.15051546391752577
yeast,SVM,GSI_v6_2,1,9.011957599999732,0.03559769999992568,0.3207360200314861,0.30542561307880656,0.7776141384388807,0.6206327372764787,0.6522116218560278,0.20309278350515464,0.1518939393939394,0.12577319587628866
yeast,SVM,BR,2,0.5627665000010893,0.008567900000343798,0.3262694215574274,0.3262694215574274,1.0,0.6271094175285792,0.6271094175285792,0.20176730486008837,0.20176730486008837,0.1463917525773196
yeast,SVM,CC,2,0.5634752000005392,0.01367500000014843,0.3807577340546436,0.3807577340546436,1.0,0.6233359436178544,0.6233359436178544,0.21251840942562591,0.21251840942562591,0.2
yeast,SVM,MLC_PA,2,0.5772729000000254,0.027029799999581883,0.3262694215574274,0.2960559763653495,0.7653902798232695,0.6271094175285792,0.6506691278264882,0.20176730486008837,0.14566095824514141,0.1463917525773196
yeast,SVM,ECC,2,5.495980300000156,0.10822569999982079,0.35032801906570005,0.35032801906570005,1.0,0.6433385173665112,0.6433385173665112,0.20265095729013255,0.20265095729013255,0.19381443298969073
yeast,SVM,GSI_v6,2,5.99411180000061,0.03642089999993914,0.35661071684124523,0.3368193804059003,0.793519882179676,0.6335078534031413,0.6561232765612328,0.20618556701030927,0.15738678544914625,0.1463917525773196
yeast,SVM,GSI_v6_2,2,10.129036899999846,0.08561900000131573,0.330155998638283,0.3117549692519456,0.7658321060382917,0.6306355241716458,0.6531165311653117,0.20029455081001474,0.1476923076923077,0.12371134020618557
yeast,SVM,BR,3,1.0665116000000125,0.015500800000154413,0.32755703666674346,0.32755703666674346,1.0,0.6337289539056031,0.6337289539056031,0.19829647340107592,0.19829647340107592,0.1401673640167364
yeast,SVM,CC,3,0.5860850999997638,0.008533100000931881,0.38714290678027796,0.38714290678027796,1.0,0.6433087460484721,0.6433087460484721,0.2023311416616856,0.2023311416616856,0.21548117154811716
yeast,SVM,MLC_PA,3,0.6141054999989137,0.02671360000022105,0.32755703666674346,0.2881282761152783,0.7763000597728631,0.6337289539056031,0.6657836644591612,0.19829647340107592,0.14571703561116459,0.1401673640167364
yeast,SVM,ECC,3,4.983373400000346,0.08475229999930889,0.35959195588746556,0.35959195588746556,1.0,0.6534653465346535,0.6534653465346535,0.19874476987447698,0.19874476987447698,0.20502092050209206
yeast,SVM,GSI_v6,3,5.547265100000004,0.02994060000128229,0.35972669328729684,0.35188785198122463,0.810818888224746,0.6401485017236808,0.6749226006191951,0.20277943813508667,0.15481017323995577,0.15271966527196654
yeast,SVM,GSI_v6_2,3,8.060170300001118,0.032199399998717126,0.32424003312738947,0.30235733687578203,0.7815301852958757,0.6261298274445357,0.6600517687661778,0.20397489539748953,0.15066921606118547,0.1192468619246862
yeast,SVM,BR,4,0.5246291999992536,0.007130600000891718,0.3251970254060056,0.3251970254060056,1.0,0.6268656716417911,0.6268656716417911,0.2000592768227623,0.2000592768227623,0.12863070539419086
yeast,SVM,CC,4,0.5331025000014051,0.008456599998680758,0.38582934808256547,0.38582934808256547,1.0,0.6326211568525274,0.6326211568525274,0.2089508002371073,0.2089508002371073,0.1950207468879668
yeast,SVM,MLC_PA,4,0.5195822000005137,0.022879199999806588,0.3251970254060056,0.2839843350030277,0.780823947836396,0.6268656716417911,0.6513043478260869,0.2000592768227623,0.15221104573922944,0.12863070539419086
yeast,SVM,ECC,4,4.90910729999996,0.08891819999917061,0.35516839845316667,0.35516839845316667,1.0,0.6435695538057743,0.6435695538057743,0.2012448132780083,0.2012448132780083,0.1991701244813278
yeast,SVM,GSI_v6,4,5.353659000000334,0.03111489999901096,0.3588444363764612,0.3322712262525561,0.8152045050385299,0.629105473965287,0.6519721577726219,0.20583876704208653,0.16360661697873113,0.14315352697095435
yeast,SVM,GSI_v6_2,4,7.885933100000329,0.03060919999916223,0.3248481782734798,0.29166507850919077,0.782009484291642,0.6225530741659774,0.648578811369509,0.20287492590397155,0.15463331438317227,0.12240663900414937
yeast,SVM,BR,5,0.5135278999987349,0.007425199999488541,0.32637148296031065,0.32637148296031065,1.0,0.6254162042175361,0.6254162042175361,0.19800528014080376,0.19800528014080376,0.1293634496919918
yeast,SVM,CC,5,0.48862000000008265,0.008296099998915452,0.3823191011564904,0.3823191011564904,1.0,0.6313291139240507,0.6313291139240507,0.20504546787914343,0.20504546787914343,0.188911704312115
yeast,SVM,MLC_PA,5,0.569255800000974,0.02418969999962428,0.32637148296031065,0.29398798189884306,0.7726606042827808,0.6254162042175361,0.6611135466900482,0.19800528014080376,0.14673500379650722,0.1293634496919918
yeast,SVM,ECC,5,4.84531590000006,0.09321689999887894,0.34787171721650695,0.34787171721650695,1.0,0.6421386977236633,0.6421386977236633,0.19829862129656792,0.19829862129656792,0.17659137577002054
yeast,SVM,GSI_v6,5,5.479245300000912,0.03232390000084706,0.371868889318774,0.3434791071419078,0.8012613669697859,0.6371681415929203,0.6685104701698933,0.19844529187444998,0.1535786198059674,0.13141683778234087
yeast,SVM,GSI_v6_2,5,8.359961000000112,0.03134140000111074,0.31904584847666195,0.30732073579989383,0.7684071575242006,0.617859123682751,0.6623544631306598,0.20211205632150192,0.14945600305401793,0.10472279260780287
emotions,MLP,BR,1,11.351659100000688,0.004394600000523496,0.46109140282347433,0.46109140282347433,1.0,0.5146198830409356,0.5146198830409356,0.226775956284153,0.226775956284153,0.20491803278688525
emotions,MLP,CC,1,0.3196800000005169,0.004762999999002204,0.48605798050445476,0.48605798050445476,1.0,0.5319693094629157,0.5319693094629157,0.25,0.25,0.16393442622950818
emotions,MLP,MLC_PA,1,0.10071520000019518,0.008906700000807177,0.46109140282347433,0.2907051282051282,0.5983606557377049,0.5146198830409356,0.275,0.226775956284153,0.1324200913242009,0.20491803278688525
emotions,MLP,ECC,1,2.332285200000115,0.04163200000039069,0.4917763794710657,0.4917763794710657,1.0,0.5297297297297298,0.5297297297297298,0.23770491803278687,0.23770491803278687,0.1557377049180328
emotions,MLP,GSI_v6,1,2.6898369999998977,0.01258360000065295,0.4837263861393735,0.4408307092517618,0.6120218579234973,0.532967032967033,0.47619047619047616,0.23224043715846995,0.14732142857142858,0.21311475409836064
emotions,MLP,GSI_v6_2,1,3.3656740999995236,0.014679800000521936,0.4994103142297656,0.46843280868526316,0.639344262295082,0.5303867403314917,0.5534591194968553,0.23224043715846995,0.1517094017094017,0.13934426229508196
emotions,MLP,BR,2,0.07803319999948144,0.0032652000008965842,0.42683934468853196,0.42683934468853196,1.0,0.46496815286624205,0.46496815286624205,0.23529411764705882,0.23529411764705882,0.15966386554621848
emotions,MLP,CC,2,0.2316265999997995,0.006082899999455549,0.4884615687810507,0.4884615687810507,1.0,0.5372340425531915,0.5372340425531915,0.24369747899159663,0.24369747899159663,0.15966386554621848
emotions,MLP,MLC_PA,2,0.07888120000097842,0.009804100000110338,0.42683934468853196,0.3009259259259259,0.5882352941176471,0.46496815286624205,0.26865671641791045,0.23529411764705882,0.11666666666666667,0.15966386554621848
emotions,MLP,ECC,2,2.199334999999337,0.03176600000006147,0.49326274104799356,0.49326274104799356,1.0,0.5236768802228412,0.5236768802228412,0.23949579831932774,0.23949579831932774,0.15966386554621848
emotions,MLP,GSI_v6,2,2.7161105000013777,0.01194249999934982,0.4594520602853936,0.46665371665371663,0.6246498599439776,0.4880952380952381,0.5245901639344263,0.24089635854341737,0.13004484304932734,0.14285714285714285
emotions,MLP,GSI_v6_2,2,3.3835359000004246,0.015021199998955126,0.4920562137667401,0.5330434347978208,0.6274509803921569,0.5042492917847026,0.6142857142857143,0.24509803921568626,0.12053571428571429,0.14285714285714285
emotions,MLP,BR,3,0.07599259999915375,0.003229500000088592,0.4819383970327366,0.4819383970327366,1.0,0.5459770114942529,0.5459770114942529,0.2140921409214092,0.2140921409214092,0.2032520325203252
emotions,MLP,CC,3,0.22096219999912137,0.00582610000128625,0.5247019457996317,0.5247019457996317,1.0,0.5594059405940595,0.5594059405940595,0.24119241192411925,0.24119241192411925,0.16260162601626016
emotions,MLP,MLC_PA,3,0.07966690000102972,0.009759299999132054,0.4819383970327366,0.3849206349206349,0.5975609756097561,0.5459770114942529,0.3055555555555556,0.2140921409214092,0.11337868480725624,0.2032520325203252
emotions,MLP,ECC,3,2.0936289000001125,0.032398000001194305,0.5343255447262999,0.5343255447262999,1.0,0.5647668393782384,0.5647668393782384,0.22764227642276422,0.22764227642276422,0.1951219512195122
emotions,MLP,GSI_v6,3,2.584204700000555,0.012490899998738314,0.47886888889978807,0.4901163164321059,0.6436314363143631,0.5205479452054794,0.5170068027210885,0.23712737127371275,0.14947368421052631,0.17886178861788618
emotions,MLP,GSI_v6_2,3,3.3382575000014185,0.018575899999632384,0.5291765386743675,0.529099692445676,0.6639566395663956,0.5593667546174143,0.5575757575757576,0.22628726287262874,0.1489795918367347,0.17073170731707318
emotions,MLP,BR,4,0.07725349999964237,0.003831699999864213,0.3923735780171424,0.3923735780171424,1.0,0.4605678233438486,0.4605678233438486,0.2375,0.2375,0.11666666666666667
emotions,MLP,CC,4,0.2134728000000905,0.004815899999812245,0.4884535906470104,0.4884535906470104,1.0,0.5291005291005291,0.5291005291005291,0.24722222222222223,0.24722222222222223,0.18333333333333332
emotions,MLP,MLC_PA,4,0.07573059999958787,0.008853700001054676,0.3923735780171424,0.2065934065934066,0.6027777777777777,0.4605678233438486,0.1935483870967742,0.2375,0.1152073732718894,0.11666666666666667
emotions,MLP,ECC,4,2.0603556000005483,0.03262160000122094,0.4964102164689677,0.4964102164689677,1.0,0.5260273972602739,0.5260273972602739,0.24027777777777778,0.24027777777777778,0.19166666666666668
emotions,MLP,GSI_v6,4,2.46029819999967,0.012640700000702054,0.4602425020152421,0.3868094465920553,0.6569444444444444,0.4843304843304843,0.47761194029850745,0.2513888888888889,0.14799154334038056,0.11666666666666667
emotions,MLP,GSI_v6_2,4,3.2267307000001892,0.01620849999926577,0.5277775101897308,0.48557949125011945,0.6597222222222222,0.5355191256830601,0.5786163522012578,0.2361111111111111,0.14105263157894737,0.2
emotions,MLP,BR,5,0.07415140000011888,0.003103299999565934,0.4432086825703847,0.4432086825703847,1.0,0.4876543209876543,0.4876543209876543,0.25382262996941896,0.25382262996941896,0.1559633027522936
emotions,MLP,CC,5,0.20824050000010175,0.004085600001417333,0.5532606001763531,0.5532606001763531,1.0,0.6134020618556701,0.6134020618556701,0.22935779816513763,0.22935779816513763,0.25688073394495414
emotions,MLP,MLC_PA,5,0.07421769999928074,0.008667299998705857,0.4432086825703847,0.3839181286549707,0.5871559633027523,0.4876543209876543,0.3950617283950617,0.25382262996941896,0.12760416666666666,0.1559633027522936
emotions,MLP,ECC,5,2.0810038999989047,0.03161560000080499,0.5564703447517628,0.5564703447517628,1.0,0.6058981233243967,0.6058981233243967,0.22477064220183487,0.22477064220183487,0.23853211009174313
emotions,MLP,GSI_v6,5,2.537798199999088,0.012388400000418187,0.46245502981722897,0.5313810620828164,0.6345565749235474,0.5161290322580645,0.5671641791044776,0.25229357798165136,0.13975903614457832,0.1651376146788991
emotions,MLP,GSI_v6_2,5,3.2102196000014374,0.015626099999280996,0.5350961560809696,0.5863483738483739,0.6253822629969419,0.5722222222222222,0.6231884057971014,0.23547400611620795,0.1271393643031785,0.2018348623853211
scene,MLP,BR,1,0.07699010000033013,0.0036481000006460818,0.6540925287229632,0.6540925287229632,1.0,0.654292343387471,0.654292343387471,0.10368823938761308,0.10368823938761308,0.5031315240083507
scene,MLP,CC,1,0.20745140000144602,0.00637520000054792,0.6156268668211858,0.6156268668211858,1.0,0.6106696935300795,0.6106696935300795,0.11934585942936674,0.11934585942936674,0.4112734864300626
scene,MLP,MLC_PA,1,0.07569530000000668,0.009928400000717374,0.6540925287229632,0.6486956228323287,0.789839944328462,0.654292343387471,0.7302452316076294,0.10368823938761308,0.04361233480176212,0.5031315240083507
scene,MLP,ECC,1,2.0992781999993895,0.06274870000015653,0.6072949860872399,0.6072949860872399,1.0,0.6022727272727273,0.6022727272727273,0.12178148921363953,0.12178148921363953,0.40083507306889354
scene,MLP,GSI_v6,1,2.47090500000013,0.0155813000001217,0.5843414397435788,0.5658061961611534,0.8319415448851775,0.5768321513002365,0.642512077294686,0.12456506610995129,0.06189878711836052,0.3778705636743215
scene,MLP,GSI_v6_2,1,3.109128000000055,0.016975900000034017,0.5507963197187936,0.5277523489841752,0.8302018093249826,0.5504151838671412,0.6339285714285714,0.13187195546276967,0.06873428331936295,0.33402922755741127
scene,MLP,BR,2,0.08280369999920367,0.0036610999995900784,0.6645591431765089,0.6645591431765089,1.0,0.6689576174112256,0.6689576174112256,0.1007670850767085,0.1007670850767085,0.5271966527196653
scene,MLP,CC,2,0.22806069999933243,0.00641639999957988,0.597143420935199,0.597143420935199,1.0,0.5971143174250833,0.5971143174250833,0.12656903765690378,0.12656903765690378,0.3891213389121339
scene,MLP,MLC_PA,2,0.08264969999981986,0.010512200000448502,0.6645591431765089,0.6824341651927859,0.7890516039051604,0.6689576174112256,0.7584269662921348,0.1007670850767085,0.03800265134776845,0.5271966527196653
scene,MLP,ECC,2,2.175395700000081,0.04462229999990086,0.5999133701445118,0.5999133701445118,1.0,0.5988950276243094,0.5988950276243094,0.12656903765690378,0.12656903765690378,0.38702928870292885
scene,MLP,GSI_v6,2,2.5586972999990394,0.015106299999388284,0.6045933708824703,0.5818765821384574,0.8291492329149233,0.6022727272727273,0.6276346604215457,0.12203626220362622,0.06686291000841042,0.39748953974895396
scene,MLP,GSI_v6_2,2,2.980845899999622,0.017027399999278714,0.570414799805656,0.5537115430734707,0.8357740585774058,0.5786452353616532,0.6271186440677966,0.12796373779637377,0.07342511472674176,0.36610878661087864
scene,MLP,BR,3,0.08319750000009662,0.003899599998476333,0.6318730627230557,0.6318730627230557,1.0,0.6375442739079102,0.6375442739079102,0.10484972677595629,0.10484972677595629,0.47540983606557374
scene,MLP,CC,3,0.23524480000014591,0.0062319000007846626,0.580742523055673,0.580742523055673,1.0,0.5771812080536913,0.5771812080536913,0.1290983606557377,0.1290983606557377,0.3709016393442623
scene,MLP,MLC_PA,3,0.08686750000015309,0.009551099999953294,0.6318730627230557,0.6564205675244797,0.7862021857923497,0.6375442739079102,0.7446808510638298,0.10484972677595629,0.04170286707211121,0.47540983606557374
scene,MLP,ECC,3,2.3913415999995777,0.07124380000095698,0.570287848802861,0.570287848802861,1.0,0.568561872909699,0.568561872909699,0.13217213114754098,0.13217213114754098,0.35450819672131145
scene,MLP,GSI_v6,3,2.439490599999772,0.016139099998326856,0.5628217889899443,0.556562090003689,0.8295765027322405,0.5569917743830788,0.6132723112128147,0.1287568306010929,0.06957595718402634,0.35655737704918034
scene,MLP,GSI_v6_2,3,2.992068700001255,0.0167356000001746,0.5450266251393884,0.5228937845698014,0.8370901639344263,0.54524627720504,0.6137787056367432,0.13558743169398907,0.07547939616483068,0.32581967213114754
scene,MLP,BR,4,0.07968840000103228,0.003927300000214018,0.612576942639233,0.612576942639233,1.0,0.616822429906542,0.616822429906542,0.11365211365211365,0.11365211365211365,0.4698544698544699
scene,MLP,CC,4,0.21861379999972996,0.007105200000296463,0.5914175438375138,0.5914175438375138,1.0,0.5853658536585366,0.5853658536585366,0.1295911295911296,0.1295911295911296,0.37422037422037424
scene,MLP,MLC_PA,4,0.08353300000089803,0.010666399999536225,0.612576942639233,0.6273297491039428,0.7955647955647955,0.616822429906542,0.6836734693877551,0.11365211365211365,0.05400696864111498,0.4698544698544699
scene,MLP,ECC,4,2.2138992000000144,0.0594928999998956,0.5927025392903408,0.5927025392903408,1.0,0.5866666666666667,0.5866666666666667,0.1288981288981289,0.1288981288981289,0.3700623700623701
scene,MLP,GSI_v6,4,2.5840504999996483,0.016073999999207444,0.5797835051362331,0.5733635366968701,0.8298683298683299,0.5717566016073479,0.6241457858769932,0.12924462924462923,0.06889352818371608,0.3659043659043659
scene,MLP,GSI_v6_2,4,3.0374252000001434,0.02101310000034573,0.5589472121390261,0.5415528210132721,0.8326403326403327,0.5571095571095571,0.6147368421052631,0.13167013167013167,0.07615480649188515,0.3367983367983368
scene,MLP,BR,5,0.08168290000139677,0.0037765999986731913,0.6659686920693536,0.6659686920693536,1.0,0.6643598615916955,0.6643598615916955,0.10083160083160084,0.10083160083160084,0.5239085239085239
scene,MLP,CC,5,0.2211901000009675,0.007149899998694309,0.6008505751680534,0.6008505751680534,1.0,0.5993340732519423,0.5993340732519423,0.12508662508662508,0.12508662508662508,0.38461538461538464
scene,MLP,MLC_PA,5,0.0777472999998281,0.01017390000015439,0.6659686920693536,0.6844717383630129,0.7855162855162855,0.6643598615916955,0.7576601671309192,0.10083160083160084,0.038376709307454786,0.5239085239085239
scene,MLP,ECC,5,1.775030799999513,0.041570299999875715,0.6033663827235222,0.6033663827235222,1.0,0.6028921023359288,0.6028921023359288,0.12370062370062371,0.12370062370062371,0.38461538461538464
scene,MLP,GSI_v6,5,2.000492099999974,0.013141900000846363,0.5788192610847073,0.5793712635113144,0.8253638253638254,0.572429906542056,0.6230248306997742,0.12681912681912683,0.07010915197313182,0.3700623700623701
scene,MLP,GSI_v6_2,5,2.4415382999995927,0.014592599998650257,0.5579201364289855,0.5534136929279787,0.8295218295218295,0.5586206896551724,0.6307385229540918,0.13305613305613306,0.0772765246449457,0.33471933471933474
chd49,MLP,BR,1,0.06445220000023255,0.00319859999945038,0.5074020576320738,0.5074020576320738,1.0,0.6677685950413224,0.6677685950413224,0.30180180180180183,0.30180180180180183,0.15315315315315314
chd49,MLP,CC,1,0.17192219999924419,0.004202899999654619,0.5129310562538979,0.5129310562538979,1.0,0.673469387755102,0.673469387755102,0.2882882882882883,0.2882882882882883,0.18018018018018017
chd49,MLP,MLC_PA,1,0.05958210000062536,0.00885790000029374,0.5074020576320738,0.47232587278353866,0.581081081081081,0.6677685950413224,0.7248322147651006,0.30180180180180183,0.21188630490956073,0.15315315315315314
chd49,MLP,ECC,1,1.7657290999995894,0.03533109999989392,0.5083388116118547,0.5083388116118547,1.0,0.6757215619694398,0.6757215619694398,0.28678678678678676,0.28678678678678676,0.18018018018018017
chd49,MLP,GSI_v6,1,1.9365373000000545,0.011692600000969833,0.5252961824886268,0.5457319447309851,0.6051051051051051,0.6819672131147541,0.7428571428571429,0.2912912912912913,0.20099255583126552,0.16216216216216217
chd49,MLP,GSI_v6_2,1,2.321968000000197,0.012195399998745415,0.5163716389835948,0.5289199174941385,0.6471471471471472,0.6736111111111112,0.7311178247734139,0.2822822822822823,0.20649651972157773,0.1891891891891892
chd49,MLP,BR,2,0.06323460000021441,0.0032226000002992805,0.48293185612026196,0.48293185612026196,1.0,0.673469387755102,0.673469387755102,0.2909090909090909,0.2909090909090909,0.16363636363636364
chd49,MLP,CC,2,0.16889359999913722,0.004176700000243727,0.4767145534035369,0.4767145534035369,1.0,0.658703071672355,0.658703071672355,0.30303030303030304,0.30303030303030304,0.2
chd49,MLP,MLC_PA,2,0.06218009999975038,0.00997079999979178,0.48293185612026196,0.43041887125220457,0.5727272727272728,0.673469387755102,0.7010309278350515,0.2909090909090909,0.23015873015873015,0.16363636363636364
chd49,MLP,ECC,2,1.7472038000014436,0.03144650000103866,0.4941882644757021,0.4941882644757021,1.0,0.6678082191780822,0.6678082191780822,0.29393939393939394,0.29393939393939394,0.22727272727272727
chd49,MLP,GSI_v6,2,2.0834261999989394,0.012589599999046186,0.47562302238550663,0.46585710041592393,0.6590909090909091,0.6438356164383562,0.6934097421203438,0.3151515151515151,0.24597701149425288,0.2
chd49,MLP,GSI_v6_2,2,2.326546199999939,0.013920899998993264,0.4807689202850493,0.5133494022382911,0.656060606060606,0.660958904109589,0.7272727272727273,0.3,0.22170900692840648,0.21818181818181817
chd49,MLP,BR,3,0.062382500000239816,0.0031238000010489486,0.4696827213427281,0.4696827213427281,1.0,0.6528497409326425,0.6528497409326425,0.30454545454545456,0.30454545454545456,0.12727272727272726
chd49,MLP,CC,3,0.17062409999925876,0.004137500000069849,0.47181545593878776,0.47181545593878776,1.0,0.6449399656946827,0.6449399656946827,0.31363636363636366,0.31363636363636366,0.1
chd49,MLP,MLC_PA,3,0.061475399999835645,0.008774300000368385,0.4696827213427281,0.4607636043058038,0.5681818181818182,0.6528497409326425,0.7342657342657343,0.30454545454545456,0.20266666666666666,0.12727272727272726
chd49,MLP,ECC,3,1.7129014000001916,0.03525619999891205,0.4870085253077144,0.4870085253077144,1.0,0.6553480475382003,0.6553480475382003,0.30757575757575756,0.30757575757575756,0.11818181818181818
chd49,MLP,GSI_v6,3,1.9224575999996887,0.012913799999296316,0.48300973875943926,0.476982433561381,0.6075757575757575,0.6565143824027073,0.72,0.30757575757575756,0.20947630922693267,0.09090909090909091
chd49,MLP,GSI_v6_2,3,2.32876430000033,0.01240479999978561,0.48321840439948144,0.492568083617886,0.6515151515151515,0.6518010291595198,0.7218934911242604,0.30757575757575756,0.2186046511627907,0.13636363636363635
chd49,MLP,BR,4,0.060822200000984594,0.0033191000002261717,0.4816457958581246,0.4816457958581246,1.0,0.6599664991624791,0.6599664991624791,0.29678362573099415,0.29678362573099415,0.10526315789473684
chd49,MLP,CC,4,0.1705602000001818,0.005298700001731049,0.5063055539999483,0.5063055539999483,1.0,0.6632653061224489,0.6632653061224489,0.2894736842105263,0.2894736842105263,0.13157894736842105
chd49,MLP,MLC_PA,4,0.061124199999539996,0.008745500001168693,0.4816457958581246,0.4237028823637325,0.5716374269005848,0.6599664991624791,0.7050359712230215,0.29678362573099415,0.20971867007672634,0.10526315789473684
chd49,MLP,ECC,4,1.7183994999995775,0.032797399999253685,0.5020104685494376,0.5020104685494376,1.0,0.6644295302013423,0.6644295302013423,0.29239766081871343,0.29239766081871343,0.13157894736842105
chd49,MLP,GSI_v6,4,2.704844099998809,0.011322400001517963,0.5170558874364991,0.5062867407391488,0.6140350877192983,0.6775777414075287,0.717948717948718,0.2880116959064328,0.20952380952380953,0.14035087719298245
chd49,MLP,GSI_v6_2,4,2.774744499998633,0.011910100000022794,0.5002679393435696,0.5104675390716581,0.618421052631579,0.6678141135972461,0.7323076923076923,0.2821637426900585,0.20567375886524822,0.15789473684210525
chd49,MLP,BR,5,0.06705169999986538,0.003332899999804795,0.49887830098392244,0.49887830098392244,1.0,0.6587837837837838,0.6587837837837838,0.30606060606060603,0.30606060606060603,0.13636363636363635
chd49,MLP,CC,5,0.22110980000070413,0.004075099999681697,0.5160440866280904,0.5160440866280904,1.0,0.685025817555938,0.685025817555938,0.2772727272727273,0.2772727272727273,0.22727272727272727
chd49,MLP,MLC_PA,5,0.07698970000092231,0.009709600000860519,0.49887830098392244,0.5159093634083225,0.5363636363636364,0.6587837837837838,0.7632508833922261,0.30606060606060603,0.18926553672316385,0.13636363636363635
chd49,MLP,ECC,5,2.118669999999838,0.04711470000074769,0.5030821530017623,0.5030821530017623,1.0,0.6666666666666666,0.6666666666666666,0.29393939393939394,0.29393939393939394,0.19090909090909092
chd49,MLP,GSI_v6,5,2.1171033999999054,0.011702499999955762,0.5028981304754501,0.4861216060864399,0.5833333333333334,0.6644182124789207,0.7284768211920529,0.3015151515151515,0.21298701298701297,0.16363636363636364
chd49,MLP,GSI_v6_2,5,2.8291819999994914,0.015030700000352226,0.49994390503002745,0.4824958613302171,0.6424242424242425,0.6689655172413793,0.7325581395348837,0.2909090909090909,0.2169811320754717,0.17272727272727273
music,MLP,BR,1,0.059462100000018836,0.003214000000298256,0.4455064529834167,0.4455064529834167,1.0,0.5120481927710844,0.5120481927710844,0.226890756302521,0.226890756302521,0.15126050420168066
music,MLP,CC,1,0.1716404999988299,0.0051057000000582775,0.5114499388689729,0.5114499388689729,1.0,0.5699481865284974,0.5699481865284974,0.23249299719887956,0.23249299719887956,0.24369747899159663
music,MLP,MLC_PA,1,0.07668749999902502,0.008793400000286056,0.4455064529834167,0.3769230769230769,0.5700280112044818,0.5120481927710844,0.4117647058823529,0.226890756302521,0.09828009828009827,0.15126050420168066
music,MLP,ECC,1,1.9535722000000533,0.030752900000152295,0.5005085336119819,0.5005085336119819,1.0,0.5522788203753352,0.5522788203753352,0.2338935574229692,0.2338935574229692,0.20168067226890757
music,MLP,GSI_v6,1,2.4500111999986984,0.013832799999363488,0.4629412815908572,0.48704710144927543,0.6624649859943977,0.5084745762711864,0.4864864864864865,0.24369747899159663,0.160676532769556,0.11764705882352941
music,MLP,GSI_v6_2,1,2.767508099999759,0.01568569999835745,0.45287888822964456,0.47971149623323533,0.6400560224089635,0.5057471264367817,0.5035971223021583,0.24089635854341737,0.15098468271334792,0.13445378151260504
music,MLP,BR,2,0.07884410000042408,0.0031362999998236774,0.460180420499114,0.460180420499114,1.0,0.514792899408284,0.514792899408284,0.2336182336182336,0.2336182336182336,0.19658119658119658
music,MLP,CC,2,0.22699849999844446,0.005388699999457458,0.5322479286826219,0.5322479286826219,1.0,0.5707070707070707,0.5707070707070707,0.24216524216524216,0.24216524216524216,0.20512820512820512
music,MLP,MLC_PA,2,0.08277260000068054,0.010107800000696443,0.460180420499114,0.4376556776556777,0.5897435897435898,0.514792899408284,0.4090909090909091,0.2336182336182336,0.12560386473429952,0.19658119658119658
music,MLP,ECC,2,1.9982204999996611,0.050831999998990796,0.5251607199956627,0.5251607199956627,1.0,0.5578947368421052,0.5578947368421052,0.23931623931623933,0.23931623931623933,0.20512820512820512
music,MLP,GSI_v6,2,2.4270441999997274,0.012861100000009174,0.5120441395149364,0.554721879950713,0.6495726495726496,0.5351351351351351,0.5838509316770186,0.245014245014245,0.14692982456140352,0.1794871794871795
music,MLP,GSI_v6_2,2,3.1454950000006647,0.017066399999748683,0.5127437706692434,0.518065620384557,0.6467236467236467,0.546448087431694,0.5534591194968553,0.23646723646723647,0.15638766519823788,0.18803418803418803
music,MLP,BR,3,0.08283470000060333,0.0035006999987672316,0.4168552609208518,0.4168552609208518,1.0,0.49557522123893805,0.49557522123893805,0.24152542372881355,0.24152542372881355,0.1440677966101695
music,MLP,CC,3,0.22070130000065546,0.005476299998917966,0.4865448081055335,0.4865448081055335,1.0,0.5292620865139949,0.5292620865139949,0.2612994350282486,0.2612994350282486,0.211864406779661
music,MLP,MLC_PA,3,0.0779246999991301,0.009524099999907776,0.4168552609208518,0.40151515151515144,0.5889830508474576,0.49557522123893805,0.48717948717948717,0.24152542372881355,0.09592326139088729,0.1440677966101695
music,MLP,ECC,3,2.031612700000551,0.04924690000007104,0.5402877558101249,0.5402877558101249,1.0,0.5625,0.5625,0.23728813559322035,0.23728813559322035,0.19491525423728814
music,MLP,GSI_v6,3,2.405153399999108,0.013886599999750615,0.5199762511676269,0.5453574203574204,0.6468926553672316,0.5489130434782609,0.5975609756097561,0.2344632768361582,0.14410480349344978,0.19491525423728814
music,MLP,GSI_v6_2,3,2.6376361999991786,0.016555199999856995,0.4873558980701838,0.4979138951974266,0.634180790960452,0.5207756232686981,0.575,0.2443502824858757,0.1514476614699332,0.15254237288135594
music,MLP,BR,4,0.06192120000014256,0.0030077999999775784,0.4361033787248106,0.4361033787248106,1.0,0.5074626865671642,0.5074626865671642,0.23109243697478993,0.23109243697478993,0.18487394957983194
music,MLP,CC,4,0.18299040000056266,0.005882299999939278,0.5498030676413448,0.5498030676413448,1.0,0.6057692307692307,0.6057692307692307,0.22969187675070027,0.22969187675070027,0.2773109243697479
music,MLP,MLC_PA,4,0.06361920000017562,0.008759400001508766,0.4361033787248106,0.3748538011695906,0.5868347338935574,0.5074626865671642,0.375,0.23109243697478993,0.0954653937947494,0.18487394957983194
music,MLP,ECC,4,1.74313710000024,0.035831400000461144,0.5484910129730753,0.5484910129730753,1.0,0.5920398009950248,0.5920398009950248,0.22969187675070027,0.22969187675070027,0.226890756302521
music,MLP,GSI_v6,4,1.9533996999998635,0.011121399998955894,0.556335268572586,0.4637299771167048,0.6106442577030813,0.5941644562334217,0.4716981132075472,0.21428571428571427,0.12844036697247707,0.25210084033613445
music,MLP,GSI_v6_2,4,2.6851385999998456,0.013334299999769428,0.5102157102157102,0.42884746832115256,0.6498599439775911,0.5546666666666666,0.5578231292517006,0.2338935574229692,0.1400862068965517,0.19327731092436976
music,MLP,BR,5,0.06543899999996938,0.0032207999993261183,0.46787227464917075,0.46787227464917075,1.0,0.5357142857142857,0.5357142857142857,0.2184873949579832,0.2184873949579832,0.14285714285714285
music,MLP,CC,5,0.17128560000128346,0.004417599999214872,0.5325199047119566,0.5325199047119566,1.0,0.576,0.576,0.22268907563025211,0.22268907563025211,0.20168067226890757
music,MLP,MLC_PA,5,0.06200899999930698,0.008777200000622543,0.46787227464917075,0.3704991087344029,0.5756302521008403,0.5357142857142857,0.45,0.2184873949579832,0.1070559610705596,0.14285714285714285
music,MLP,ECC,5,1.8052396000002773,0.032990800000334275,0.5444263744977392,0.5444263744977392,1.0,0.5737265415549598,0.5737265415549598,0.22268907563025211,0.22268907563025211,0.18487394957983194
music,MLP,GSI_v6,5,2.14720429999943,0.012009300000499934,0.5541656320364576,0.5366704374057315,0.6722689075630253,0.5768194070080862,0.5569620253164557,0.21988795518207283,0.14583333333333334,0.15126050420168066
music,MLP,GSI_v6_2,5,2.691650499999014,0.014515699998810305,0.5378307232895335,0.5031569645875397,0.6694677871148459,0.5659340659340659,0.5609756097560976,0.22128851540616246,0.1506276150627615,0.16806722689075632
gpositivepseaac,MLP,BR,1,0.06991449999986799,0.003146099999867147,0.5989214489214489,0.5989214489214489,1.0,0.7039106145251397,0.7039106145251397,0.12740384615384615,0.12740384615384615,0.5865384615384616
gpositivepseaac,MLP,CC,1,0.11964830000033544,0.004172400000243215,0.5706558641975309,0.5706558641975309,1.0,0.75,0.75,0.1201923076923077,0.1201923076923077,0.6826923076923077
gpositivepseaac,MLP,MLC_PA,1,0.06476579999980459,0.007272400000147172,0.5989214489214489,0.55,0.7403846153846154,0.7039106145251397,0.7368421052631579,0.12740384615384615,0.06493506493506493,0.5865384615384616
gpositivepseaac,MLP,ECC,1,1.166295099999843,0.025227300000551622,0.5879442771084338,0.5879442771084338,1.0,0.7722772277227723,0.7722772277227723,0.11057692307692307,0.11057692307692307,0.7019230769230769
gpositivepseaac,MLP,GSI_v6,1,1.2479658999982348,0.008909199999834527,0.5509622652479795,0.5875,0.78125,0.7243243243243244,0.7555555555555555,0.12259615384615384,0.06769230769230769,0.6442307692307693
gpositivepseaac,MLP,GSI_v6_2,1,1.428429399999004,0.009720400001242524,0.583125,0.6090384615384615,0.8629807692307693,0.7638190954773869,0.8029197080291971,0.11298076923076923,0.07520891364902507,0.6730769230769231
gpositivepseaac,MLP,BR,2,0.06334139999853505,0.0030533999997715,0.5190143180599173,0.5190143180599173,1.0,0.5697674418604651,0.5697674418604651,0.1778846153846154,0.1778846153846154,0.4423076923076923
gpositivepseaac,MLP,CC,2,0.1156327999997302,0.0038805000003776513,0.6927710843373495,0.6927710843373495,1.0,0.6767676767676768,0.6767676767676768,0.15384615384615385,0.15384615384615385,0.5961538461538461
gpositivepseaac,MLP,MLC_PA,2,0.05944190000082017,0.007410300000628922,0.5190143180599173,0.5416666666666666,0.6778846153846154,0.5697674418604651,0.44,0.1778846153846154,0.09929078014184398,0.4423076923076923
gpositivepseaac,MLP,ECC,2,1.1633441999983916,0.023581999999805703,0.6193421225887156,0.6193421225887156,1.0,0.673469387755102,0.673469387755102,0.15384615384615385,0.15384615384615385,0.5961538461538461
gpositivepseaac,MLP,GSI_v6,2,1.2592083000017738,0.008595899998908862,0.5718874799756324,0.37962962962962965,0.7355769230769231,0.6256983240223464,0.5,0.16105769230769232,0.10457516339869281,0.5192307692307693
gpositivepseaac,MLP,GSI_v6_2,2,1.3629225000004226,0.010608299999148585,0.5945478723404256,0.4638694638694639,0.8533653846153846,0.6387434554973822,0.64,0.1658653846153846,0.1267605633802817,0.5480769230769231
gpositivepseaac,MLP,BR,3,0.05851960000109102,0.003135900000415859,0.4475369458128079,0.4475369458128079,1.0,0.6666666666666666,0.6666666666666666,0.14423076923076922,0.14423076923076922,0.5673076923076923
gpositivepseaac,MLP,CC,3,0.11297709999962535,0.0036313000000518514,0.5486330698287221,0.5486330698287221,1.0,0.746268656716418,0.746268656716418,0.12259615384615384,0.12259615384615384,0.6826923076923077
gpositivepseaac,MLP,MLC_PA,3,0.05923319999965315,0.007147700000132318,0.4475369458128079,0.5329391891891893,0.7307692307692307,0.6666666666666666,0.6865671641791045,0.14423076923076922,0.06907894736842106,0.5673076923076923
gpositivepseaac,MLP,ECC,3,1.141079200000604,0.023932600000989623,0.5497877122877123,0.5497877122877123,1.0,0.746268656716418,0.746268656716418,0.12259615384615384,0.12259615384615384,0.6826923076923077
gpositivepseaac,MLP,GSI_v6,3,1.2311093999996956,0.008389900000111084,0.5364661654135339,0.5641891891891893,0.7668269230769231,0.723404255319149,0.6753246753246753,0.125,0.07836990595611286,0.6538461538461539
gpositivepseaac,MLP,GSI_v6_2,3,1.8065430999995442,0.009846599999946193,0.5433699119339852,0.5441919191919192,0.8966346153846154,0.7437185929648241,0.7848101265822784,0.12259615384615384,0.09115281501340483,0.6730769230769231
gpositivepseaac,MLP,BR,4,0.06309529999998631,0.003062800000407151,0.4991161616161616,0.4991161616161616,1.0,0.6813186813186813,0.6813186813186813,0.13942307692307693,0.13942307692307693,0.5865384615384616
gpositivepseaac,MLP,CC,4,0.11533179999969434,0.004004500000519329,0.5506776306409815,0.5506776306409815,1.0,0.7244897959183674,0.7244897959183674,0.12980769230769232,0.12980769230769232,0.6730769230769231
gpositivepseaac,MLP,MLC_PA,4,0.05827839999983553,0.0073517000000720145,0.4991161616161616,0.5595238095238095,0.7235576923076923,0.6813186813186813,0.704225352112676,0.13942307692307693,0.06976744186046512,0.5865384615384616
gpositivepseaac,MLP,ECC,4,1.1528586000003997,0.023106599999664468,0.5588965693804404,0.5588965693804404,1.0,0.7282051282051282,0.7282051282051282,0.12740384615384615,0.12740384615384615,0.6634615384615384
gpositivepseaac,MLP,GSI_v6,4,1.2265271999985998,0.008466499999485677,0.5420454545454545,0.6089743589743589,0.7692307692307693,0.7311827956989247,0.7294117647058823,0.1201923076923077,0.071875,0.6538461538461539
gpositivepseaac,MLP,GSI_v6_2,4,1.418854100000317,0.00823579999996582,0.5571625794054271,0.5840620782726046,0.8725961538461539,0.723404255319149,0.7591240875912408,0.125,0.09090909090909091,0.6442307692307693
gpositivepseaac,MLP,BR,5,0.058385799999086885,0.0034636000000318745,0.576796145120666,0.576796145120666,1.0,0.6519337016574586,0.6519337016574586,0.1529126213592233,0.1529126213592233,0.5533980582524272
gpositivepseaac,MLP,CC,5,0.11542290000033972,0.0036723000011988916,0.6098818983742801,0.6098818983742801,1.0,0.6735751295336787,0.6735751295336787,0.1529126213592233,0.1529126213592233,0.6116504854368932
gpositivepseaac,MLP,MLC_PA,5,0.05970989999877929,0.007097100000464707,0.576796145120666,0.6868315508021391,0.7305825242718447,0.6519337016574586,0.5714285714285714,0.1529126213592233,0.08970099667774087,0.5533980582524272
gpositivepseaac,MLP,ECC,5,1.1404179999990447,0.025362300000779214,0.6092770224126156,0.6092770224126156,1.0,0.673469387755102,0.673469387755102,0.1553398058252427,0.1553398058252427,0.6116504854368932
gpositivepseaac,MLP,GSI_v6,5,1.2661578999995982,0.008990300000732532,0.5936880370125579,0.49933155080213903,0.7572815533980582,0.6630434782608695,0.5866666666666667,0.15048543689320387,0.09935897435897435,0.5728155339805825
gpositivepseaac,MLP,GSI_v6_2,5,1.3560768999996071,0.010280700000294019,0.606974921630094,0.6417885638297872,0.866504854368932,0.6736842105263158,0.7272727272727273,0.15048543689320387,0.1092436974789916,0.6019417475728155
genbase,MLP,BR,1,0.07791600000018661,0.0042697000008047326,0.0,0.0,1.0,0.0,0.0,0.04622667780562517,0.04622667780562517,0.0
genbase,MLP,CC,1,0.7985035999990941,0.012405500001477776,0.4596992481203007,0.4596992481203007,1.0,0.9042904290429042,0.9042904290429042,0.00807574491785018,0.00807574491785018,0.7969924812030075
genbase,MLP,MLC_PA,1,0.06398930000068503,0.02442730000075244,0.0,0.0,0.9888610414926204,0.0,0.0,0.04622667780562517,0.036609405801182764,0.0
genbase,MLP,ECC,1,7.625195200000235,0.16902910000135307,0.4306471941169797,0.4306471941169797,1.0,0.8970099667774086,0.8970099667774086,0.008632692843219159,0.008632692843219159,0.7969924812030075
genbase,MLP,GSI_v6,1,11.0940470000005,0.037558500000159256,0.027777777777777776,0.014814814814814815,0.9844054580896686,0.03550295857988166,0.017391304347826087,0.045391255917571705,0.031966053748231964,0.0
genbase,MLP,GSI_v6_2,1,11.817175399999542,0.04514039999958186,0.4338818394205905,0.38580246913580246,0.9780005569479253,0.8350877192982457,0.926829268292683,0.013088276246170982,0.003416856492027335,0.6541353383458647
genbase,MLP,BR,2,0.06637079999927664,0.003650700000434881,0.0,0.0,1.0,0.0,0.0,0.04685746352413019,0.04685746352413019,0.0
genbase,MLP,CC,2,0.7720487999995385,0.012418899999829591,0.43220219625448386,0.43220219625448386,1.0,0.8903654485049833,0.8903654485049833,0.009259259259259259,0.009259259259259259,0.7878787878787878
genbase,MLP,MLC_PA,2,0.06578390000140644,0.024098400001093978,0.0,0.0,0.989337822671156,0.0,0.0,0.04685746352413019,0.0368689733408962,0.0
genbase,MLP,ECC,2,7.679945099998804,0.17412400000102934,0.42023731790967717,0.42023731790967717,1.0,0.882943143812709,0.882943143812709,0.009820426487093154,0.009820426487093154,0.7878787878787878
genbase,MLP,GSI_v6,2,11.85884729999998,0.04336399999920104,0.03950617283950617,0.043209876543209874,0.9834455667789002,0.06936416184971098,0.05357142857142857,0.04517396184062851,0.030242510699001426,0.022727272727272728
genbase,MLP,GSI_v6_2,2,16.396558800001003,0.049862000001667184,0.40946542685104775,0.4403292181069959,0.9797979797979798,0.8639455782312925,0.9333333333333333,0.01122334455667789,0.003436426116838488,0.7272727272727273
genbase,MLP,BR,3,0.08503769999879296,0.0037075999989610864,0.0,0.0,1.0,0.0,0.0,0.04601571268237935,0.04601571268237935,0.0
genbase,MLP,CC,3,1.0254031999993458,0.012913399999888497,0.4185883723050623,0.4185883723050623,1.0,0.8888888888888888,0.8888888888888888,0.009259259259259259,0.009259259259259259,0.7954545454545454
genbase,MLP,MLC_PA,3,0.08092310000029102,0.02554699999927834,0.0,0.0,0.9896184062850729,0.0,0.0,0.04601571268237935,0.036007938758151406,0.0
genbase,MLP,ECC,3,10.43524989999969,0.20617490000040561,0.4138831804125473,0.4138831804125473,1.0,0.8775510204081632,0.8775510204081632,0.010101010101010102,0.010101010101010102,0.7727272727272727
genbase,MLP,GSI_v6,3,13.291133600001558,0.03810749999865948,0.026748971193415638,0.0,0.9859708193041526,0.03592814371257485,0.0,0.04517396184062851,0.032441661923733635,0.007575757575757576
genbase,MLP,GSI_v6_2,3,14.69117279999955,0.04574330000104965,0.3723493458161608,0.38053740014524323,0.978675645342312,0.8172043010752689,0.9132947976878613,0.01430976430976431,0.0043004587155963305,0.6439393939393939
genbase,MLP,BR,4,0.07703179999953136,0.0034176999997725943,0.0,0.0,1.0,0.0,0.0,0.04657687991021325,0.04657687991021325,0.0
genbase,MLP,CC,4,0.9536232999998902,0.01264910000099917,0.442389107945639,0.442389107945639,1.0,0.8783783783783784,0.8783783783783784,0.010101010101010102,0.010101010101010102,0.7803030303030303
genbase,MLP,MLC_PA,4,0.07203840000147466,0.024143499998899642,0.0,0.0,0.9890572390572391,0.0,0.0,0.04657687991021325,0.03602836879432624,0.0
genbase,MLP,ECC,4,10.122374099999433,0.2247380000007979,0.41210948563355954,0.41210948563355954,1.0,0.863013698630137,0.863013698630137,0.01122334455667789,0.01122334455667789,0.7575757575757576
genbase,MLP,GSI_v6,4,14.280484500000966,0.04025100000035309,0.034567901234567905,0.021164021164021163,0.9868125701459035,0.047058823529411764,0.03305785123966942,0.045454545454545456,0.03326698891100369,0.0
genbase,MLP,GSI_v6_2,4,13.931554499999038,0.047458900000492577,0.36160191389537505,0.31633986928104574,0.9769921436588104,0.7838827838827839,0.88,0.01655443322109989,0.005169442848937392,0.6136363636363636
genbase,MLP,BR,5,0.06273300000066229,0.0035415999991528224,0.0,0.0,1.0,0.0,0.0,0.04622667780562517,0.04622667780562517,0.0
genbase,MLP,CC,5,0.7434837000000698,0.012297100000068895,0.44560418499989646,0.44560418499989646,1.0,0.8668941979522184,0.8668941979522184,0.01086048454469507,0.01086048454469507,0.7669172932330827
genbase,MLP,MLC_PA,5,0.062276399999973364,0.024897700001019984,0.0,0.0,0.9894179894179894,0.0,0.0,0.04622667780562517,0.03630734590486912,0.0
genbase,MLP,ECC,5,7.639355399998749,0.1710938999985956,0.41191036913979534,0.41191036913979534,1.0,0.8432055749128919,0.8432055749128919,0.012531328320802004,0.012531328320802004,0.7293233082706767
genbase,MLP,GSI_v6,5,10.709181999998691,0.04007319999982428,0.06255144032921811,0.054320987654320994,0.9855193539404066,0.09195402298850575,0.08333333333333333,0.04399888610414926,0.031082226617688613,0.015037593984962405
genbase,MLP,GSI_v6_2,5,14.658410699999877,0.05565930000011576,0.4002756988501543,0.36630965258416237,0.9780005569479253,0.8268551236749117,0.8875,0.01364522417153996,0.005125284738041002,0.6917293233082706
humanpseaac,MLP,BR,1,0.08864960000028077,0.004003000000011525,0.01098901098901099,0.01098901098901099,1.0,0.010738255033557046,0.010738255033557046,0.08644147314098052,0.08644147314098052,0.0049261083743842365
humanpseaac,MLP,CC,1,0.5114277000011498,0.009929200001352001,0.12771826805485445,0.12771826805485445,1.0,0.30945558739255014,0.30945558739255014,0.08479943701618578,0.08479943701618578,0.16912972085385877
humanpseaac,MLP,MLC_PA,1,0.0636331000005157,0.016994999999951688,0.01098901098901099,0.003968253968253968,0.9245836265540699,0.010738255033557046,0.004140786749482402,0.08644147314098052,0.06101737917036661,0.0049261083743842365
humanpseaac,MLP,ECC,1,5.05050300000039,0.1334084999998595,0.12325473132697458,0.12325473132697458,1.0,0.29615384615384616,0.29615384615384616,0.08585503166783955,0.08585503166783955,0.14942528735632185
humanpseaac,MLP,GSI_v6,1,4.010729300000094,0.03892900000028021,0.10806783003652101,0.06275393375671537,0.922824302134647,0.26532663316582916,0.1367837338262477,0.08573774337321136,0.05935434672089476,0.13136288998357964
humanpseaac,MLP,GSI_v6_2,1,6.023932399999467,0.02509949999875971,0.09740153799116516,0.0385082920424251,0.9218859957776214,0.24668705402650357,0.09746588693957114,0.08667604973023692,0.0589058524173028,0.11494252873563218
humanpseaac,MLP,BR,2,0.06657980000090902,0.003995999999460764,0.011204481792717087,0.011204481792717087,1.0,0.010796221322537112,0.010796221322537112,0.08310657596371882,0.08310657596371882,0.0031746031746031746
humanpseaac,MLP,CC,2,0.5065268000016658,0.012054700000589946,0.11061749526868789,0.11061749526868789,1.0,0.2749273959341723,0.2749273959341723,0.08492063492063492,0.08492063492063492,0.15873015873015872
humanpseaac,MLP,MLC_PA,2,0.08266849999927217,0.01722180000069784,0.011204481792717087,0.0,0.9282312925170068,0.010796221322537112,0.0,0.08310657596371882,0.06131672163185538,0.0031746031746031746
humanpseaac,MLP,ECC,2,4.448343799998838,0.11431889999948908,0.11781930061203509,0.11781930061203509,1.0,0.2791145332050048,0.2791145332050048,0.08492063492063492,0.08492063492063492,0.15396825396825398
humanpseaac,MLP,GSI_v6,2,3.105637399999978,0.030794700000114972,0.10263889795121132,0.044386309140620014,0.9196145124716554,0.25324027916251246,0.09236947791164658,0.08492063492063492,0.055726790777955865,0.13174603174603175
humanpseaac,MLP,GSI_v6_2,2,5.097938500000964,0.028799699999581208,0.09081254586607565,0.02848289482645116,0.9197278911564626,0.2358974358974359,0.07039337474120083,0.0844671201814059,0.05535009861932939,0.12222222222222222
humanpseaac,MLP,BR,3,0.06288169999970705,0.004096799999388168,0.0019569471624266144,0.0019569471624266144,1.0,0.0027137042062415195,0.0027137042062415195,0.08373205741626795,0.08373205741626795,0.001594896331738437
humanpseaac,MLP,CC,3,0.4147350000002916,0.00988570000117761,0.11563334402065087,0.11563334402065087,1.0,0.2981132075471698,0.2981132075471698,0.08475734791524266,0.08475734791524266,0.17703349282296652
humanpseaac,MLP,MLC_PA,3,0.06416010000066308,0.016298399999868707,0.0019569471624266144,0.0,0.9326725905673274,0.0027137042062415195,0.0,0.08373205741626795,0.06327103945279101,0.001594896331738437
humanpseaac,MLP,ECC,3,4.210656100000051,0.11458529999981693,0.11904480919119033,0.11904480919119033,1.0,0.2881516587677725,0.2881516587677725,0.08555479608111187,0.08555479608111187,0.15629984051036683
humanpseaac,MLP,GSI_v6,3,3.176732300000367,0.02919620000102441,0.1062648185865698,0.049407547173404634,0.9201412622465254,0.2704837117472853,0.11834319526627218,0.08418774208247892,0.055342330073046925,0.14354066985645933
humanpseaac,MLP,GSI_v6_2,3,5.171612000000096,0.026882099999056663,0.08990590461671492,0.03924276781419639,0.9199134199134199,0.25025432349949134,0.09795918367346938,0.08395989974937343,0.05473684210526316,0.12280701754385964
humanpseaac,MLP,BR,4,0.065075300000899,0.0041347999995196005,0.005494505494505495,0.005494505494505495,1.0,0.005376344086021506,0.005376344086021506,0.08580705009276438,0.08580705009276438,0.003246753246753247
humanpseaac,MLP,CC,4,0.4384006000000227,0.010242099999231868,0.11372753503136095,0.11372753503136095,1.0,0.27730294396961064,0.27730294396961064,0.08824211502782932,0.08824211502782932,0.1590909090909091
humanpseaac,MLP,MLC_PA,4,0.06392050000067684,0.01637750000008964,0.005494505494505495,0.0,0.9346011131725418,0.005376344086021506,0.0,0.08580705009276438,0.06476426799007444,0.003246753246753247
humanpseaac,MLP,ECC,4,4.213646000000153,0.11369679999916116,0.1205541196459676,0.1205541196459676,1.0,0.27845719661335844,0.27845719661335844,0.0889378478664193,0.0889378478664193,0.16071428571428573
humanpseaac,MLP,GSI_v6,4,3.170752599999105,0.031233799998517497,0.1031793501656327,0.05378269832000198,0.923469387755102,0.24260355029585798,0.10714285714285714,0.08905380333951762,0.05650426921145153,0.12987012987012986
humanpseaac,MLP,GSI_v6_2,4,5.124814599999809,0.02522270000008575,0.08807397621880163,0.027743064438890314,0.923121521335807,0.22515212981744423,0.06557377049180328,0.08858998144712431,0.057279236276849645,0.1185064935064935
humanpseaac,MLP,BR,5,0.06197550000069896,0.004065400000399677,0.002976190476190476,0.002976190476190476,1.0,0.0027100271002710027,0.0027100271002710027,0.08424908424908426,0.08424908424908426,0.0016025641025641025
humanpseaac,MLP,CC,5,0.41178860000036366,0.009436199999981909,0.12374752264994224,0.12374752264994224,1.0,0.3123236124176858,0.3123236124176858,0.08367673992673992,0.08367673992673992,0.18108974358974358
humanpseaac,MLP,MLC_PA,5,0.06085949999942386,0.016945500001384062,0.002976190476190476,0.0,0.9218177655677655,0.0027100271002710027,0.0,0.08424908424908426,0.05985347075623991,0.0016025641025641025
humanpseaac,MLP,ECC,5,4.271485700000994,0.11253529999885359,0.11663804133490034,0.11663804133490034,1.0,0.2988505747126437,0.2988505747126437,0.08379120879120878,0.08379120879120878,0.16346153846153846
humanpseaac,MLP,GSI_v6,5,3.0457303000002867,0.031119799999942188,0.10724782347735652,0.05615458069233254,0.9123168498168498,0.27091633466135456,0.10690423162583519,0.08379120879120878,0.05031367628607277,0.14102564102564102
humanpseaac,MLP,GSI_v6_2,5,5.110888500001238,0.02762049999910232,0.10433018862584123,0.040828978266665206,0.9135760073260073,0.26476578411405294,0.0821917808219178,0.08264652014652014,0.05036962786618218,0.13782051282051283
plantpseaac,MLP,BR,1,0.06392520000008517,0.0032029000012698816,0.03376490312965723,0.03376490312965723,1.0,0.05429864253393665,0.05429864253393665,0.08886054421768708,0.08886054421768708,0.030612244897959183
plantpseaac,MLP,CC,1,0.3409315000008064,0.006732599998940714,0.16123418780745755,0.16123418780745755,1.0,0.27586206896551724,0.27586206896551724,0.09821428571428571,0.09821428571428571,0.15816326530612246
plantpseaac,MLP,MLC_PA,1,0.06165730000066105,0.013703199998417404,0.03376490312965723,0.0,0.9009353741496599,0.05429864253393665,0.0,0.08886054421768708,0.06701274185936762,0.030612244897959183
plantpseaac,MLP,ECC,1,3.4744957000002614,0.06741970000075526,0.14683087354175287,0.14683087354175287,1.0,0.2777777777777778,0.2777777777777778,0.09948979591836735,0.09948979591836735,0.16326530612244897
plantpseaac,MLP,GSI_v6,1,2.6448538999993616,0.022239199999603443,0.1529508906615648,0.12020676691729322,0.9302721088435374,0.2662337662337662,0.25510204081632654,0.09608843537414966,0.06672760511882998,0.15306122448979592
plantpseaac,MLP,GSI_v6_2,1,4.325069599999551,0.023366800000076182,0.13977627558518768,0.10596143426603198,0.9277210884353742,0.24675324675324675,0.23157894736842105,0.09863945578231292,0.06691109074243813,0.1326530612244898
plantpseaac,MLP,BR,2,0.06077320000076725,0.0033450999999331543,0.013573065397496914,0.013573065397496914,1.0,0.03669724770642202,0.03669724770642202,0.08838383838383838,0.08838383838383838,0.020202020202020204
plantpseaac,MLP,CC,2,0.34809779999886814,0.007537199999205768,0.15374999999999997,0.15374999999999997,1.0,0.3116883116883117,0.3116883116883117,0.08922558922558922,0.08922558922558922,0.19696969696969696
plantpseaac,MLP,MLC_PA,2,0.06044849999852886,0.013724700000238954,0.013573065397496914,0.0,0.9255050505050505,0.03669724770642202,0.0,0.08838383838383838,0.06639381537062301,0.020202020202020204
plantpseaac,MLP,ECC,2,3.587355800000296,0.07239320000007865,0.14912828385091517,0.14912828385091517,1.0,0.31746031746031744,0.31746031746031744,0.09048821548821549,0.09048821548821549,0.20707070707070707
plantpseaac,MLP,GSI_v6,2,2.7055842999998276,0.0239648999995552,0.14863589309241484,0.09644069664902999,0.9351851851851852,0.2905405405405405,0.21649484536082475,0.08838383838383838,0.06840684068406841,0.15656565656565657
plantpseaac,MLP,GSI_v6_2,2,4.408132400001705,0.023428799999237526,0.133270778701374,0.1044497188957217,0.9343434343434344,0.27303754266211605,0.22340425531914893,0.08964646464646464,0.06576576576576576,0.15656565656565657
plantpseaac,MLP,BR,3,0.06221980000009353,0.0034907000008388422,0.005208333333333333,0.005208333333333333,1.0,0.009478672985781991,0.009478672985781991,0.0897766323024055,0.0897766323024055,0.005154639175257732
plantpseaac,MLP,CC,3,0.3586847000005946,0.006548999999722582,0.217507693045207,0.217507693045207,1.0,0.3510971786833856,0.3510971786833856,0.08891752577319588,0.08891752577319588,0.23711340206185566
plantpseaac,MLP,MLC_PA,3,0.0596547000004648,0.013500000000931323,0.005208333333333333,0.0,0.9317010309278351,0.009478672985781991,0.0,0.0897766323024055,0.07053941908713693,0.005154639175257732
plantpseaac,MLP,ECC,3,3.4950220999999146,0.07076899999992747,0.18601707442484483,0.18601707442484483,1.0,0.34415584415584416,0.34415584415584416,0.08676975945017182,0.08676975945017182,0.2268041237113402
plantpseaac,MLP,GSI_v6,3,2.6046611000001576,0.023525099999460508,0.17076171501004125,0.1557179125237201,0.9415807560137457,0.3087248322147651,0.27751196172248804,0.08848797250859107,0.06888686131386862,0.18041237113402062
plantpseaac,MLP,GSI_v6_2,3,4.4089139999996405,0.023471900000004098,0.1562549089114554,0.15348535409714495,0.9398625429553265,0.2945205479452055,0.27184466019417475,0.08848797250859107,0.06855575868372943,0.18041237113402062
plantpseaac,MLP,BR,4,0.06273920000057842,0.0034469999991415534,0.012348668280871672,0.012348668280871672,1.0,0.027149321266968326,0.027149321266968326,0.09283246977547496,0.09283246977547496,0.015544041450777202
plantpseaac,MLP,CC,4,0.36020900000039546,0.006669700000202283,0.13806485237773272,0.13806485237773272,1.0,0.27741935483870966,0.27741935483870966,0.09671848013816926,0.09671848013816926,0.18134715025906736
plantpseaac,MLP,MLC_PA,4,0.05955570000151056,0.013688899998669513,0.012348668280871672,0.0,0.9278929188255614,0.027149321266968326,0.0,0.09283246977547496,0.07119590507212657,0.015544041450777202
plantpseaac,MLP,ECC,4,3.4665494999990187,0.07902929999909247,0.12703592703592703,0.12703592703592703,1.0,0.26058631921824105,0.26058631921824105,0.09801381692573402,0.09801381692573402,0.15544041450777202
plantpseaac,MLP,GSI_v6,4,3.154097799999363,0.027771299999585608,0.1255293252052594,0.09204980842911877,0.9378238341968912,0.23529411764705882,0.19895287958115182,0.09542314335060449,0.07044198895027624,0.12435233160621761
plantpseaac,MLP,GSI_v6_2,4,5.634749299999385,0.02378369999860297,0.1251596151281025,0.10156517094017094,0.9382556131260794,0.23448275862068965,0.2153846153846154,0.09585492227979274,0.0704095720202485,0.12435233160621761
plantpseaac,MLP,BR,5,0.08082409999951778,0.003196699999534758,0.038809707241910636,0.038809707241910636,1.0,0.04608294930875576,0.04608294930875576,0.08756345177664974,0.08756345177664974,0.025380710659898477
plantpseaac,MLP,CC,5,0.45388809999894875,0.00893509999878006,0.18109725774367716,0.18109725774367716,1.0,0.2939297124600639,0.2939297124600639,0.09348561759729272,0.09348561759729272,0.18274111675126903
plantpseaac,MLP,MLC_PA,5,0.0746913000002678,0.013725200000408222,0.038809707241910636,0.0,0.9137055837563451,0.04608294930875576,0.0,0.08756345177664974,0.0712962962962963,0.025380710659898477
plantpseaac,MLP,ECC,5,4.483808599999975,0.11133159999917552,0.20328572085399818,0.20328572085399818,1.0,0.31545741324921134,0.31545741324921134,0.09179357021996616,0.09179357021996616,0.19796954314720813
plantpseaac,MLP,GSI_v6,5,3.398833699999159,0.02445160000024771,0.18520810085551834,0.12704617830366713,0.9378172588832487,0.292358803986711,0.21052631578947367,0.0901015228426396,0.07442489851150202,0.17766497461928935
plantpseaac,MLP,GSI_v6_2,5,5.7708231000015076,0.027844199999890407,0.1898148148148148,0.12227126243519686,0.9335871404399323,0.30405405405405406,0.20618556701030927,0.08714043993231811,0.069777979157227,0.17766497461928935
viruspseaac,MLP,BR,1,0.08087069999965024,0.0037207000004855217,0.44727272727272727,0.44727272727272727,1.0,0.44155844155844154,0.44155844155844154,0.17916666666666667,0.17916666666666667,0.275
viruspseaac,MLP,CC,1,0.23124429999916174,0.005110999998578336,0.4131868131868131,0.4131868131868131,1.0,0.4835164835164835,0.4835164835164835,0.19583333333333333,0.19583333333333333,0.325
viruspseaac,MLP,MLC_PA,1,0.08284899999853224,0.009037899999384535,0.44727272727272727,0.3611111111111111,0.6541666666666667,0.44155844155844154,0.3333333333333333,0.17916666666666667,0.07643312101910828,0.275
viruspseaac,MLP,ECC,1,2.219951900000524,0.05200850000073842,0.41842661520080876,0.41842661520080876,1.0,0.4946236559139785,0.4946236559139785,0.19583333333333333,0.19583333333333333,0.325
viruspseaac,MLP,GSI_v6,1,2.728144099999554,0.01465470000039204,0.45042016806722684,0.40060606060606063,0.875,0.45454545454545453,0.46875,0.2,0.1619047619047619,0.275
viruspseaac,MLP,GSI_v6_2,1,3.4180807000011555,0.012178999999377993,0.31980056980056976,0.37745587745587744,0.8666666666666667,0.40476190476190477,0.4406779661016949,0.20833333333333334,0.15865384615384615,0.225
viruspseaac,MLP,BR,2,0.07187069999963569,0.0034446999998181127,0.32362637362637364,0.32362637362637364,1.0,0.32432432432432434,0.32432432432432434,0.20833333333333334,0.20833333333333334,0.175
viruspseaac,MLP,CC,2,0.20967899999959627,0.004761700000017299,0.4444444444444444,0.4444444444444444,1.0,0.46153846153846156,0.46153846153846156,0.20416666666666666,0.20416666666666666,0.225
viruspseaac,MLP,MLC_PA,2,0.07839440000134346,0.0103625000010652,0.32362637362637364,0.16666666666666666,0.6333333333333333,0.32432432432432434,0.14285714285714285,0.20833333333333334,0.07894736842105263,0.175
viruspseaac,MLP,ECC,2,2.0912209000016446,0.036058800000319025,0.4431644880174292,0.4431644880174292,1.0,0.449438202247191,0.449438202247191,0.20416666666666666,0.20416666666666666,0.25
viruspseaac,MLP,GSI_v6,2,2.596729700000651,0.011904599999979837,0.43703703703703706,0.4510101010101009,0.8666666666666667,0.4367816091954023,0.4262295081967213,0.20416666666666666,0.16826923076923078,0.2
viruspseaac,MLP,GSI_v6_2,2,3.2194286999983888,0.013098400000671973,0.4465247030711926,0.38888888888888884,0.8666666666666667,0.449438202247191,0.4262295081967213,0.20416666666666666,0.16826923076923078,0.225
viruspseaac,MLP,BR,3,0.07155520000014803,0.00293969999984256,0.3365663322185061,0.3365663322185061,1.0,0.36619718309859156,0.36619718309859156,0.19230769230769232,0.19230769230769232,0.2564102564102564
viruspseaac,MLP,CC,3,0.20566500000131782,0.005447200001071906,0.4017926517926518,0.4017926517926518,1.0,0.4050632911392405,0.4050632911392405,0.20085470085470086,0.20085470085470086,0.23076923076923078
viruspseaac,MLP,MLC_PA,3,0.07541899999887391,0.008339699999851291,0.3365663322185061,0.3888888888888889,0.6581196581196581,0.36619718309859156,0.4166666666666667,0.19230769230769232,0.09090909090909091,0.2564102564102564
viruspseaac,MLP,ECC,3,2.0157622000006086,0.03532369999993534,0.3882458537630951,0.3882458537630951,1.0,0.375,0.375,0.21367521367521367,0.21367521367521367,0.1794871794871795
viruspseaac,MLP,GSI_v6,3,2.557462200000373,0.013068400001429836,0.39736652236652237,0.38651218062982773,0.8803418803418803,0.4,0.35714285714285715,0.20512820512820512,0.17475728155339806,0.20512820512820512
viruspseaac,MLP,GSI_v6_2,3,3.233076599999549,0.010656899999958114,0.3978243978243978,0.4099128540305011,0.8675213675213675,0.3950617283950617,0.37735849056603776,0.2094017094017094,0.1625615763546798,0.20512820512820512
viruspseaac,MLP,BR,4,0.07401260000006005,0.0032143999997060746,0.36944444444444446,0.36944444444444446,1.0,0.39473684210526316,0.39473684210526316,0.17829457364341086,0.17829457364341086,0.27906976744186046
viruspseaac,MLP,CC,4,0.20822019999832264,0.003954199999498087,0.39763014763014765,0.39763014763014765,1.0,0.4421052631578947,0.4421052631578947,0.2054263565891473,0.2054263565891473,0.2558139534883721
viruspseaac,MLP,MLC_PA,4,0.07372940000095696,0.008378399999855901,0.36944444444444446,0.3333333333333333,0.627906976744186,0.39473684210526316,0.35294117647058826,0.17829457364341086,0.06790123456790123,0.27906976744186046
viruspseaac,MLP,ECC,4,2.0394644000007247,0.03411020000021381,0.40404040404040403,0.40404040404040403,1.0,0.44680851063829785,0.44680851063829785,0.20155038759689922,0.20155038759689922,0.2558139534883721
viruspseaac,MLP,GSI_v6,4,2.5486486999998306,0.011805300000560237,0.39080459770114945,0.42943409247757075,0.8992248062015504,0.4222222222222222,0.5,0.20155038759689922,0.14655172413793102,0.2558139534883721
viruspseaac,MLP,GSI_v6_2,4,3.3353922000005696,0.012081400000170106,0.4125553447185326,0.3987654320987654,0.9031007751937985,0.4666666666666667,0.4507042253521127,0.18604651162790697,0.16738197424892703,0.27906976744186046
viruspseaac,MLP,BR,5,0.07729980000112846,0.003359799999088864,0.4931386514719847,0.4931386514719847,1.0,0.4533333333333333,0.4533333333333333,0.15185185185185185,0.15185185185185185,0.3111111111111111
viruspseaac,MLP,CC,5,0.2178020999999717,0.0047094000001379754,0.4611111111111111,0.4611111111111111,1.0,0.5227272727272727,0.5227272727272727,0.15555555555555556,0.15555555555555556,0.4
viruspseaac,MLP,MLC_PA,5,0.07644219999929192,0.00804710000011255,0.4931386514719847,0.3055555555555555,0.6481481481481481,0.4533333333333333,0.38095238095238093,0.15185185185185185,0.07428571428571429,0.3111111111111111
viruspseaac,MLP,ECC,5,2.0493752000002132,0.034880700000940124,0.4862433862433862,0.4862433862433862,1.0,0.5777777777777777,0.5777777777777777,0.14074074074074075,0.14074074074074075,0.4
viruspseaac,MLP,GSI_v6,5,2.556000900000072,0.012155700000221259,0.47318899782135077,0.47896270396270396,0.8814814814814815,0.5454545454545454,0.5507246376811594,0.14814814814814814,0.13025210084033614,0.37777777777777777
viruspseaac,MLP,GSI_v6_2,5,3.171732599999814,0.012266299998373142,0.4697167755991285,0.4773809523809524,0.8740740740740741,0.5393258426966292,0.5507246376811594,0.15185185185185185,0.13135593220338984,0.4
yeast,MLP,BR,1,0.08097009999983129,0.004121699999814155,0.27991835720306296,0.27991835720306296,1.0,0.5809033733562036,0.5809033733562036,0.2159057437407953,0.2159057437407953,0.09072164948453608
yeast,MLP,CC,1,0.4937520000003133,0.009868299999652663,0.34832904586502406,0.34832904586502406,1.0,0.6112869198312236,0.6112869198312236,0.2170839469808542,0.2170839469808542,0.15051546391752577
yeast,MLP,MLC_PA,1,0.07730509999964852,0.016400000000430737,0.27991835720306296,0.25882261190189565,0.7300441826215022,0.5809033733562036,0.6611872146118721,0.2159057437407953,0.1496873108735122,0.09072164948453608
yeast,MLP,ECC,1,4.998603199999707,0.09453380000013567,0.3575196304622961,0.3575196304622961,1.0,0.6276843467011642,0.6276843467011642,0.21192930780559646,0.21192930780559646,0.16288659793814433
yeast,MLP,GSI_v6,1,5.92916139999943,0.028166099998998106,0.34462509344627495,0.32650734892837535,0.7784977908689249,0.6153437748871782,0.6730923694779116,0.2134020618556701,0.15399167612561482,0.13814432989690723
yeast,MLP,GSI_v6_2,1,7.96785109999837,0.03313219999836292,0.3120352459417675,0.2781976258992106,0.7220913107511046,0.6082698585418934,0.6277450455275844,0.21207658321060383,0.1417499490108097,0.13402061855670103
yeast,MLP,BR,2,0.08181940000031318,0.004353300000730087,0.27640417044420873,0.27640417044420873,1.0,0.5805350028457599,0.5805350028457599,0.2170839469808542,0.2170839469808542,0.0865979381443299
yeast,MLP,CC,2,0.5101183000006131,0.009120799999436713,0.3505899647878488,0.3505899647878488,1.0,0.6194225721784777,0.6194225721784777,0.21354933726067746,0.21354933726067746,0.12989690721649486
yeast,MLP,MLC_PA,2,0.07755859999997483,0.016675599999871338,0.27640417044420873,0.23843252842026338,0.7176730486008837,0.5805350028457599,0.6583373378183566,0.2170839469808542,0.14590601272316847,0.0865979381443299
yeast,MLP,ECC,2,4.944938900000125,0.09679460000006657,0.3471911500763171,0.3471911500763171,1.0,0.620174987133299,0.620174987133299,0.21737849779086893,0.21737849779086893,0.14432989690721648
yeast,MLP,GSI_v6,2,4.8276274999989255,0.02512659999956668,0.35252079996352226,0.334090109458438,0.7677466863033874,0.6218399791503779,0.6725239616613419,0.21369661266568482,0.15729906004220218,0.13195876288659794
yeast,MLP,GSI_v6_2,2,6.448222099999839,0.035354200001165736,0.32159720072635256,0.2957654106402717,0.7245949926362297,0.6155501748722088,0.6340710241893979,0.21045655375552283,0.1445121951219512,0.13814432989690723
yeast,MLP,BR,3,0.06846279999990657,0.004302999999708845,0.2878319324111546,0.2878319324111546,1.0,0.5974175035868006,0.5974175035868006,0.20965331739390317,0.20965331739390317,0.09832635983263599
yeast,MLP,CC,3,0.41902680000021064,0.008892300000297837,0.3573864997858954,0.3573864997858954,1.0,0.6275644397685429,0.6275644397685429,0.21159593544530783,0.21159593544530783,0.1589958158995816
yeast,MLP,MLC_PA,3,0.06730040000002191,0.016163399999641115,0.2878319324111546,0.2500181016732782,0.7298266586969516,0.5974175035868006,0.6530028598665396,0.20965331739390317,0.14905814905814907,0.09832635983263599
yeast,MLP,ECC,3,4.118686400001025,0.09550149999995483,0.3630645812812484,0.3630645812812484,1.0,0.6342221071705928,0.6342221071705928,0.21114763897190675,0.21114763897190675,0.1694560669456067
yeast,MLP,GSI_v6,3,4.84851720000006,0.027287500000966247,0.3581764306182845,0.3378249817641478,0.780035863717872,0.6339920948616601,0.676923076923077,0.20756126718469814,0.1528735632183908,0.1506276150627615
yeast,MLP,GSI_v6_2,3,6.376925500000652,0.034304400000110036,0.32551769415816395,0.2902290797954632,0.7374476987447699,0.6253398586188146,0.6509291813159217,0.2059175134488942,0.1408308004052685,0.14225941422594143
yeast,MLP,BR,4,0.06825899999967078,0.0041722999994817656,0.28933060316860393,0.28933060316860393,1.0,0.5955377574370709,0.5955377574370709,0.2095435684647303,0.2095435684647303,0.12863070539419086
yeast,MLP,CC,4,0.41832419999991544,0.009045400000104564,0.357437481466699,0.357437481466699,1.0,0.6186596583442838,0.6186596583442838,0.21502667457024305,0.21502667457024305,0.15145228215767634
yeast,MLP,MLC_PA,4,0.06888059999982943,0.016280199999528122,0.28933060316860393,0.254094456099019,0.7301422643746295,0.5955377574370709,0.6569136385087305,0.2095435684647303,0.1475542926730262,0.12863070539419086
yeast,MLP,ECC,4,4.563071599999603,0.10225050000008196,0.3525899822075963,0.3525899822075963,1.0,0.6293814432989691,0.6293814432989691,0.21310017783046828,0.21310017783046828,0.16182572614107885
yeast,MLP,GSI_v6,4,5.734379600000466,0.026614799999151728,0.34936390874753886,0.3326057716141361,0.7882335506816834,0.6196367465122401,0.664559462662979,0.21413752222880852,0.15961646926113932,0.14522821576763487
yeast,MLP,GSI_v6_2,4,7.742314999999508,0.035884100001567276,0.3244581530293521,0.30823884986976957,0.7465915826911678,0.6184281842818428,0.6429615197272285,0.2086544161232958,0.14549424374751885,0.14315352697095435
yeast,MLP,BR,5,0.08269319999999425,0.004039100000227336,0.2872054601748592,0.2872054601748592,1.0,0.5832614322691976,0.5832614322691976,0.21252566735112938,0.21252566735112938,0.08418891170431211
yeast,MLP,CC,5,0.5208354000005784,0.010024799999882816,0.37013712826556333,0.37013712826556333,1.0,0.6217481789802289,0.6217481789802289,0.21325902024053975,0.21325902024053975,0.13347022587268995
yeast,MLP,MLC_PA,5,0.08287950000158162,0.01726290000078734,0.2872054601748592,0.2610516659184095,0.7255793487826342,0.5832614322691976,0.6596136154553818,0.21252566735112938,0.14958560743885183,0.08418891170431211
yeast,MLP,ECC,5,5.063829599999735,0.12469419999979436,0.38276524527307043,0.38276524527307043,1.0,0.6371771925338788,0.6371771925338788,0.20812555001466707,0.20812555001466707,0.1540041067761807
yeast,MLP,GSI_v6,5,5.8402781000004325,0.030977799999163835,0.3658577962989165,0.3246484871877094,0.7758873569961866,0.6232073011734028,0.668777206173328,0.21193898503960107,0.15822306238185255,0.12320328542094455
yeast,MLP,GSI_v6_2,5,6.684322400000383,0.03231190000042261,0.32906235012650253,0.2996966109382289,0.7333528894103842,0.6194977045638671,0.6583541147132169,0.2066588442358463,0.137,0.1293634496919918
