Dataset,Model,Fold,Hamming Accuracy,Hamming Loss,Instance Jaccard,Instance-F1,Macro Precision,Macro Recall,Macro-F1,Micro-F1,Subset Accuracy
emotions,BR_Logistic,1,0.8114754098360656,0.1885245901639344,0.5047814207650273,0.5685792349726776,0.7269035249427406,0.5557807468929614,0.6111172188011763,0.6479591836734694,0.29508196721311475
emotions,BR_Logistic,2,0.7969187675070029,0.2030812324929972,0.4481792717086835,0.5142857142857142,0.7445689666084404,0.5056979670863518,0.5903093203093203,0.6070460704607046,0.24369747899159663
emotions,BR_Logistic,3,0.7926829268292683,0.2073170731707317,0.45799457994579945,0.5363143631436316,0.6337012987012988,0.5451540377580409,0.5742504226103112,0.6184538653366584,0.21138211382113822
emotions,BR_Logistic,4,0.7986111111111112,0.2013888888888889,0.46944444444444444,0.5438888888888889,0.7363181553045598,0.5343888595129905,0.6032960188532944,0.6253229974160207,0.24166666666666667
emotions,BR_Logistic,5,0.7935779816513762,0.20642201834862386,0.49006116207951067,0.5642201834862385,0.7499873043276342,0.5282374452594675,0.6069701813350067,0.6456692913385826,0.26605504587155965
emotions,BR_MLP,1,0.7035519125683061,0.296448087431694,0.4826502732240437,0.6032006245120999,0.5177543967840621,0.7966968003535561,0.6184258283840555,0.6226086956521739,0.10655737704918032
emotions,BR_MLP,2,0.7380952380952381,0.2619047619047619,0.5162464985994398,0.619607843137255,0.5586756746939813,0.7850089011613512,0.6464928858477245,0.649155722326454,0.18487394957983194
emotions,BR_MLP,3,0.7330623306233062,0.2669376693766938,0.49444444444444446,0.6139372822299652,0.5190502527507862,0.7779531503363261,0.6204836267779792,0.6385321100917432,0.13008130081300814
emotions,BR_MLP,4,0.7527777777777778,0.24722222222222223,0.5527777777777778,0.6678174603174604,0.5800766108446705,0.8556800596318093,0.6829624072591506,0.6821428571428572,0.175
emotions,BR_MLP,5,0.7492354740061162,0.25076452599388377,0.5707951070336391,0.6805591961555265,0.5984034383299127,0.8351293513102029,0.6920664096228006,0.6962962962962963,0.2018348623853211
emotions,CC_Logistic,1,0.7827868852459017,0.21721311475409835,0.5273224043715846,0.594808743169399,0.6449762280391084,0.60235213281244,0.5907550407550407,0.6327944572748267,0.3114754098360656
emotions,CC_Logistic,2,0.7801120448179272,0.21988795518207283,0.5289915966386555,0.6008403361344539,0.635802893747809,0.617851013676785,0.6039173957071541,0.634032634032634,0.31092436974789917
emotions,CC_Logistic,3,0.7615176151761518,0.23848238482384823,0.475609756097561,0.5588075880758806,0.5551111259156478,0.583139619009725,0.5560457900544787,0.6,0.21951219512195122
emotions,CC_Logistic,4,0.7819444444444444,0.21805555555555556,0.5252777777777778,0.6080555555555556,0.6696673353020103,0.6097012155047087,0.6084556298111286,0.6374133949191686,0.2833333333333333
emotions,CC_Logistic,5,0.7737003058103975,0.22629969418960244,0.531651376146789,0.6162079510703365,0.6656288421165567,0.5995996743616347,0.6067737361901421,0.6509433962264151,0.29357798165137616
emotions,CC_MLP,1,0.7117486338797814,0.28825136612021857,0.4733606557377049,0.5591725214676034,0.5252769698989187,0.6899628034536617,0.5865889368380244,0.5950095969289827,0.19672131147540983
emotions,CC_MLP,2,0.7408963585434174,0.25910364145658266,0.5287114845938375,0.6291716686674671,0.5559155518533988,0.7798668210192711,0.6448236819185409,0.6489563567362429,0.21008403361344538
emotions,CC_MLP,3,0.7168021680216803,0.28319783197831977,0.48414634146341473,0.5872241579558652,0.5048957964282038,0.7364833494229951,0.5962454467424938,0.6093457943925233,0.17886178861788618
emotions,CC_MLP,4,0.7305555555555556,0.26944444444444443,0.5093055555555556,0.6091666666666666,0.5534108477949058,0.7434170887818882,0.622776382821555,0.6311787072243346,0.2
emotions,CC_MLP,5,0.7370030581039755,0.26299694189602446,0.5466360856269113,0.6322411533420709,0.5908847286972286,0.7697294939160703,0.6624502351392815,0.667953667953668,0.26605504587155965
emotions,MLC_PA_Logistic,1,0.8114754098360656,0.1885245901639344,0.5047814207650273,0.5685792349726776,0.7269035249427406,0.5557807468929614,0.6111172188011763,0.6479591836734694,0.29508196721311475
emotions,MLC_PA_Logistic,2,0.7969187675070029,0.2030812324929972,0.4481792717086835,0.5142857142857142,0.7445689666084404,0.5056979670863518,0.5903093203093203,0.6070460704607046,0.24369747899159663
emotions,MLC_PA_Logistic,3,0.7926829268292683,0.2073170731707317,0.45799457994579945,0.5363143631436316,0.6337012987012988,0.5451540377580409,0.5742504226103112,0.6184538653366584,0.21138211382113822
emotions,MLC_PA_Logistic,4,0.7986111111111112,0.2013888888888889,0.46944444444444444,0.5438888888888889,0.7363181553045598,0.5343888595129905,0.6032960188532944,0.6253229974160207,0.24166666666666667
emotions,MLC_PA_Logistic,5,0.7935779816513762,0.20642201834862386,0.49006116207951067,0.5642201834862385,0.7499873043276342,0.5282374452594675,0.6069701813350067,0.6456692913385826,0.26605504587155965
emotions,MLC_PA_MLP,1,0.7035519125683061,0.296448087431694,0.4826502732240437,0.6032006245120999,0.5177543967840621,0.7966968003535561,0.6184258283840555,0.6226086956521739,0.10655737704918032
emotions,MLC_PA_MLP,2,0.7380952380952381,0.2619047619047619,0.5162464985994398,0.619607843137255,0.5586756746939813,0.7850089011613512,0.6464928858477245,0.649155722326454,0.18487394957983194
emotions,MLC_PA_MLP,3,0.7330623306233062,0.2669376693766938,0.49444444444444446,0.6139372822299652,0.5190502527507862,0.7779531503363261,0.6204836267779792,0.6385321100917432,0.13008130081300814
emotions,MLC_PA_MLP,4,0.7527777777777778,0.24722222222222223,0.5527777777777778,0.6678174603174604,0.5800766108446705,0.8556800596318093,0.6829624072591506,0.6821428571428572,0.175
emotions,MLC_PA_MLP,5,0.7492354740061162,0.25076452599388377,0.5707951070336391,0.6805591961555265,0.5984034383299127,0.8351293513102029,0.6920664096228006,0.6962962962962963,0.2018348623853211
emotions,GSI_MLC_PA_Logistic,1,0.8128415300546448,0.1871584699453552,0.5047814207650273,0.5726775956284152,0.764945054945055,0.5545419437673658,0.6159443663680951,0.6478149100257069,0.28688524590163933
emotions,GSI_MLC_PA_Logistic,2,0.7983193277310925,0.20168067226890757,0.45938375350140054,0.5198879551820728,0.7789953102453103,0.5113256727140575,0.5993733517310752,0.6108108108108108,0.2689075630252101
emotions,GSI_MLC_PA_Logistic,3,0.7994579945799458,0.2005420054200542,0.456639566395664,0.5262872628726287,0.688038178038178,0.5272845640062144,0.5751188053074846,0.6185567010309279,0.24390243902439024
emotions,GSI_MLC_PA_Logistic,4,0.7958333333333334,0.20416666666666666,0.4527777777777778,0.5330555555555556,0.7409053043844933,0.519814544938676,0.5880736987611576,0.6161879895561357,0.20833333333333334
emotions,GSI_MLC_PA_Logistic,5,0.7859327217125383,0.21406727828746178,0.4694189602446483,0.5391437308868502,0.7515423864470087,0.5091396174490981,0.5865376050446162,0.6276595744680851,0.25688073394495414
emotions,GSI_MLC_PA_MLP,1,0.7349726775956285,0.2650273224043716,0.47909836065573774,0.5927400468384076,0.5556101688155116,0.7415543660213325,0.6289174778713248,0.6311787072243346,0.11475409836065574
emotions,GSI_MLC_PA_MLP,2,0.7773109243697479,0.22268907563025211,0.5369747899159665,0.6235694277711085,0.6180728088336783,0.712317416400901,0.6594727273234656,0.6638477801268499,0.2689075630252101
emotions,GSI_MLC_PA_MLP,3,0.7560975609756098,0.24390243902439024,0.5047425474254743,0.6075106465350367,0.5320631436173414,0.7022416745234303,0.5956883051405523,0.6385542168674698,0.1951219512195122
emotions,GSI_MLC_PA_MLP,4,0.7569444444444444,0.24305555555555555,0.5466666666666666,0.6643253968253968,0.5960204883956909,0.8167911707429204,0.6788791079533114,0.6777163904235728,0.15833333333333333
emotions,GSI_MLC_PA_MLP,5,0.7660550458715596,0.23394495412844038,0.5515290519877676,0.6487549148099607,0.6126667454136724,0.7017493326360666,0.6408670402212228,0.6778947368421052,0.25688073394495414
emotions,BR_SVM,1,0.8114754098360656,0.1885245901639344,0.5259562841530055,0.5890710382513661,0.721218487394958,0.5426068028848565,0.597602612390748,0.6424870466321243,0.32786885245901637
emotions,BR_SVM,2,0.7927170868347339,0.20728291316526612,0.44537815126050423,0.5131652661064425,0.6543827160493827,0.4757918125431737,0.5472967449301249,0.5888888888888889,0.23529411764705882
emotions,BR_SVM,3,0.7994579945799458,0.2005420054200542,0.486449864498645,0.5628726287262873,0.6285058895353013,0.5462460388500421,0.5754488038510298,0.6262626262626263,0.25203252032520324
emotions,BR_SVM,4,0.7944444444444445,0.20555555555555555,0.4631944444444444,0.5433333333333333,0.7085987088969089,0.5119856362393894,0.5779402789841044,0.6145833333333334,0.225
emotions,BR_SVM,5,0.7828746177370031,0.21712538226299694,0.44954128440366975,0.5324159021406728,0.7308080808080808,0.4950813493222513,0.5648692244675182,0.6162162162162163,0.2018348623853211
emotions,CC_SVM,1,0.7814207650273224,0.2185792349726776,0.5286885245901639,0.5967213114754099,0.6360783424077435,0.5871372466413065,0.576146178239184,0.6244131455399061,0.319672131147541
emotions,CC_SVM,2,0.7591036414565826,0.24089635854341737,0.47647058823529415,0.5501400560224089,0.5351338880824138,0.5322944699986443,0.5270942400579857,0.5784313725490197,0.25210084033613445
emotions,CC_SVM,3,0.7791327913279132,0.22086720867208673,0.497289972899729,0.5772357723577236,0.5762716977629259,0.5907925964089613,0.5698511055867169,0.62004662004662,0.25203252032520324
emotions,CC_SVM,4,0.7777777777777778,0.2222222222222222,0.5023611111111111,0.5875,0.6430627548552077,0.5723634077626718,0.5721042935234072,0.6208530805687204,0.25
emotions,CC_SVM,5,0.7675840978593272,0.2324159021406728,0.49954128440366974,0.5859327217125382,0.6590533794162826,0.5547531889286665,0.5637931304885476,0.6274509803921569,0.25688073394495414
emotions,MLC_PA_SVM,1,0.8114754098360656,0.1885245901639344,0.5259562841530055,0.5890710382513661,0.721218487394958,0.5426068028848565,0.597602612390748,0.6424870466321243,0.32786885245901637
emotions,MLC_PA_SVM,2,0.7927170868347339,0.20728291316526612,0.44537815126050423,0.5131652661064425,0.6543827160493827,0.4757918125431737,0.5472967449301249,0.5888888888888889,0.23529411764705882
emotions,MLC_PA_SVM,3,0.7994579945799458,0.2005420054200542,0.486449864498645,0.5628726287262873,0.6285058895353013,0.5462460388500421,0.5754488038510298,0.6262626262626263,0.25203252032520324
emotions,MLC_PA_SVM,4,0.7944444444444445,0.20555555555555555,0.4631944444444444,0.5433333333333333,0.7085987088969089,0.5119856362393894,0.5779402789841044,0.6145833333333334,0.225
emotions,MLC_PA_SVM,5,0.7828746177370031,0.21712538226299694,0.44954128440366975,0.5324159021406728,0.7308080808080808,0.4950813493222513,0.5648692244675182,0.6162162162162163,0.2018348623853211
emotions,GSI_MLC_PA_SVM,1,0.7978142076502732,0.20218579234972678,0.47404371584699456,0.542896174863388,0.7047291235334714,0.5179619077627139,0.5755224297673475,0.6145833333333334,0.2459016393442623
emotions,GSI_MLC_PA_SVM,2,0.8011204481792717,0.19887955182072828,0.49299719887955185,0.5669467787114846,0.778262924814649,0.523608031412024,0.6132266689058673,0.6182795698924731,0.2605042016806723
emotions,GSI_MLC_PA_SVM,3,0.8035230352303523,0.19647696476964768,0.47696476964769646,0.550948509485095,0.68467832820774,0.5361408756008627,0.5916959688146128,0.6272493573264781,0.25203252032520324
emotions,GSI_MLC_PA_SVM,4,0.7958333333333334,0.20416666666666666,0.4715277777777777,0.5544444444444444,0.7110496892890658,0.5167475410012942,0.5828422397684181,0.6181818181818182,0.225
emotions,GSI_MLC_PA_SVM,5,0.7752293577981652,0.22477064220183487,0.46024464831804274,0.5437308868501529,0.7105354233580039,0.49573740121669324,0.5677191523174459,0.608,0.22018348623853212
music,BR_Logistic,1,0.803921568627451,0.19607843137254902,0.47366946778711483,0.5473389355742296,0.8128484277853865,0.525142557108451,0.5872624377030783,0.631578947368421,0.24369747899159663
music,BR_Logistic,2,0.792022792022792,0.20797720797720798,0.4992877492877493,0.5672364672364673,0.6559259259259259,0.5614408587304202,0.5929062155588762,0.635,0.2905982905982906
music,BR_Logistic,3,0.8177966101694916,0.18220338983050846,0.5261299435028247,0.6045197740112994,0.744079860021889,0.5809856258714253,0.6374012930386663,0.6734177215189874,0.2796610169491525
music,BR_Logistic,4,0.8067226890756303,0.19327731092436976,0.5056022408963585,0.5789915966386555,0.7438421917588584,0.5619870864063141,0.6138917881455194,0.6479591836734694,0.2773109243697479
music,BR_Logistic,5,0.8011204481792717,0.19887955182072828,0.4677871148459384,0.5492997198879551,0.7189362690449647,0.5349334875650665,0.6022418624525095,0.6302083333333334,0.21008403361344538
music,BR_MLP,1,0.7002801120448179,0.29971988795518206,0.5149859943977592,0.6358943577430973,0.518320994769913,0.8523918775468274,0.6391926871185691,0.6421404682274248,0.15966386554621848
music,BR_MLP,2,0.7051282051282051,0.2948717948717949,0.5055555555555555,0.6142450142450142,0.5189481965384692,0.7663576001855107,0.6130857818666612,0.6243194192377496,0.1794871794871795
music,BR_MLP,3,0.7231638418079096,0.2768361581920904,0.5324858757062148,0.652502017756255,0.5389482047279215,0.8645584886778882,0.6586276194323453,0.6632302405498282,0.17796610169491525
music,BR_MLP,4,0.7296918767507004,0.2703081232492997,0.526890756302521,0.6388955582232894,0.537972388518701,0.8424362151332185,0.6519415682477319,0.6596119929453262,0.19327731092436976
music,BR_MLP,5,0.7240896358543417,0.2759103641456583,0.5313725490196078,0.6489395758303322,0.5387564271679471,0.851913145334198,0.6552130430146197,0.6573913043478261,0.14285714285714285
music,CC_Logistic,1,0.7913165266106442,0.20868347338935575,0.542296918767507,0.6215686274509804,0.6841978411870886,0.6155920677348775,0.6013392307688709,0.6526806526806527,0.29411764705882354
music,CC_Logistic,2,0.7678062678062678,0.23219373219373218,0.5035612535612536,0.5871794871794871,0.6055263867894525,0.5904148087570017,0.5795877190297042,0.62004662004662,0.26495726495726496
music,CC_Logistic,3,0.786723163841808,0.2132768361581921,0.5233050847457628,0.6090395480225989,0.6598153308679625,0.615586851634518,0.6128008867139302,0.6496519721577726,0.2711864406779661
music,CC_Logistic,4,0.7899159663865546,0.21008403361344538,0.5570028011204482,0.6341736694677871,0.6579901142401142,0.6526056528467642,0.6177281309831962,0.6606334841628959,0.3277310924369748
music,CC_Logistic,5,0.7815126050420168,0.2184873949579832,0.5163865546218487,0.6000000000000001,0.6480866355866356,0.6111163690111059,0.6039309996458484,0.6372093023255814,0.2605042016806723
music,CC_MLP,1,0.73109243697479,0.2689075630252101,0.511624649859944,0.6165666266506603,0.5600267279348442,0.7730847028398045,0.6387982996716297,0.6444444444444445,0.19327731092436976
music,CC_MLP,2,0.7236467236467237,0.27635327635327633,0.4881766381766382,0.5942612942612943,0.5414541376497898,0.7304323095432389,0.6183111200444602,0.6269230769230769,0.1282051282051282
music,CC_MLP,3,0.713276836158192,0.2867231638418079,0.4995762711864407,0.5958030669895077,0.5310230142854256,0.7353006966681832,0.6085961899127468,0.6191369606003753,0.19491525423728814
music,CC_MLP,4,0.73109243697479,0.2689075630252101,0.5201680672268908,0.6296118447378953,0.5432195388590738,0.7987889665470131,0.6388629171869433,0.6496350364963503,0.18487394957983194
music,CC_MLP,5,0.7226890756302521,0.2773109243697479,0.5067226890756303,0.6186474589835934,0.5379427586662205,0.7689890518837887,0.626442136258099,0.6319702602230484,0.14285714285714285
music,MLC_PA_Logistic,1,0.803921568627451,0.19607843137254902,0.47366946778711483,0.5473389355742296,0.8128484277853865,0.525142557108451,0.5872624377030783,0.631578947368421,0.24369747899159663
music,MLC_PA_Logistic,2,0.792022792022792,0.20797720797720798,0.4992877492877493,0.5672364672364673,0.6559259259259259,0.5614408587304202,0.5929062155588762,0.635,0.2905982905982906
music,MLC_PA_Logistic,3,0.8177966101694916,0.18220338983050846,0.5261299435028247,0.6045197740112994,0.744079860021889,0.5809856258714253,0.6374012930386663,0.6734177215189874,0.2796610169491525
music,MLC_PA_Logistic,4,0.8067226890756303,0.19327731092436976,0.5056022408963585,0.5789915966386555,0.7438421917588584,0.5619870864063141,0.6138917881455194,0.6479591836734694,0.2773109243697479
music,MLC_PA_Logistic,5,0.8011204481792717,0.19887955182072828,0.4677871148459384,0.5492997198879551,0.7189362690449647,0.5349334875650665,0.6022418624525095,0.6302083333333334,0.21008403361344538
music,MLC_PA_MLP,1,0.7002801120448179,0.29971988795518206,0.5149859943977592,0.6358943577430973,0.518320994769913,0.8523918775468274,0.6391926871185691,0.6421404682274248,0.15966386554621848
music,MLC_PA_MLP,2,0.7051282051282051,0.2948717948717949,0.5055555555555555,0.6142450142450142,0.5189481965384692,0.7663576001855107,0.6130857818666612,0.6243194192377496,0.1794871794871795
music,MLC_PA_MLP,3,0.7231638418079096,0.2768361581920904,0.5324858757062148,0.652502017756255,0.5389482047279215,0.8645584886778882,0.6586276194323453,0.6632302405498282,0.17796610169491525
music,MLC_PA_MLP,4,0.7296918767507004,0.2703081232492997,0.526890756302521,0.6388955582232894,0.537972388518701,0.8424362151332185,0.6519415682477319,0.6596119929453262,0.19327731092436976
music,MLC_PA_MLP,5,0.7240896358543417,0.2759103641456583,0.5313725490196078,0.6489395758303322,0.5387564271679471,0.851913145334198,0.6552130430146197,0.6573913043478261,0.14285714285714285
music,GSI_MLC_PA_Logistic,1,0.8067226890756303,0.19327731092436976,0.48627450980392156,0.5557422969187675,0.8234476511744128,0.5266197517598964,0.5855992899928544,0.6349206349206349,0.2689075630252101
music,GSI_MLC_PA_Logistic,2,0.7891737891737891,0.21082621082621084,0.49643874643874647,0.5621082621082623,0.6579779440417738,0.5396435291639451,0.5736019151202689,0.6224489795918368,0.29914529914529914
music,GSI_MLC_PA_Logistic,3,0.8220338983050848,0.17796610169491525,0.5296610169491525,0.6042372881355931,0.7838063171396504,0.5811341701376166,0.6472658112365178,0.6785714285714286,0.2966101694915254
music,GSI_MLC_PA_Logistic,4,0.8053221288515406,0.19467787114845939,0.5014005602240896,0.5775910364145659,0.7597137339784399,0.5590664402195651,0.6220201874319251,0.6445012787723785,0.2689075630252101
music,GSI_MLC_PA_Logistic,5,0.8025210084033614,0.19747899159663865,0.46498599439775906,0.5431372549019607,0.7307073486351933,0.5332851359167149,0.6039505701270408,0.6299212598425197,0.226890756302521
music,GSI_MLC_PA_MLP,1,0.7394957983193278,0.2605042016806723,0.519887955182073,0.6340736294517807,0.5639654888915532,0.8033339980515027,0.6579646525240825,0.6593406593406593,0.15966386554621848
music,GSI_MLC_PA_MLP,2,0.7279202279202279,0.2720797720797721,0.5042735042735044,0.6041921041921042,0.5527982220328055,0.7151107724242838,0.6200470913002882,0.6262230919765166,0.20512820512820512
music,GSI_MLC_PA_MLP,3,0.7485875706214689,0.2514124293785311,0.5387005649717514,0.6577280064568201,0.5673590756552398,0.8054675795869791,0.6614903363244246,0.6715867158671587,0.17796610169491525
music,GSI_MLC_PA_MLP,4,0.7464985994397759,0.2535014005602241,0.5323529411764706,0.6399159663865547,0.5646858273473335,0.8113341191224003,0.6620369539872261,0.6666666666666666,0.20168067226890757
music,GSI_MLC_PA_MLP,5,0.7591036414565826,0.24089635854341737,0.5336134453781513,0.641016406562625,0.5975525757693316,0.7755922440132966,0.6693432353435668,0.6653696498054474,0.16806722689075632
music,BR_SVM,1,0.8053221288515406,0.19467787114845939,0.47507002801120446,0.5369747899159664,0.8379461912356648,0.4894126318129896,0.5688568681361986,0.6170798898071626,0.2689075630252101
music,BR_SVM,2,0.7792022792022792,0.2207977207977208,0.44871794871794873,0.5236467236467236,0.6351679578128854,0.5043976773400222,0.5549989850491104,0.5953002610966057,0.2222222222222222
music,BR_SVM,3,0.8050847457627118,0.19491525423728814,0.4774011299435027,0.5499999999999998,0.8068354437291485,0.5124989010379513,0.5643269836731432,0.6329787234042553,0.2542372881355932
music,BR_SVM,4,0.803921568627451,0.19607843137254902,0.4824929971988796,0.557422969187675,0.7289236199846666,0.5177747127917437,0.5832296582296582,0.6256684491978609,0.25210084033613445
music,BR_SVM,5,0.7969187675070029,0.2030812324929972,0.4362745098039216,0.5173669467787113,0.6817202050381774,0.5031458307774098,0.5606102601764424,0.6133333333333333,0.19327731092436976
music,CC_SVM,1,0.7927170868347339,0.20728291316526612,0.5247899159663866,0.5955182072829133,0.7756827497306061,0.5633989533902113,0.5788969188534194,0.6354679802955665,0.3025210084033613
music,CC_SVM,2,0.7663817663817664,0.2336182336182336,0.5021367521367521,0.5789173789173789,0.5857383218767974,0.5665695449736573,0.5606554655844002,0.6095238095238096,0.28205128205128205
music,CC_SVM,3,0.7838983050847458,0.21610169491525424,0.49999999999999994,0.5754237288135593,0.7376996097584333,0.5794975870038666,0.5639809913327033,0.6313253012048192,0.2711864406779661
music,CC_SVM,4,0.7829131652661064,0.21708683473389356,0.5289915966386555,0.6061624649859945,0.6412041522794212,0.6093054202759893,0.5908188693465991,0.6370023419203747,0.29411764705882354
music,CC_SVM,5,0.7675070028011204,0.23249299719887956,0.47507002801120446,0.5543417366946779,0.5482434640522876,0.5547100560258456,0.5396917785489438,0.6009615384615384,0.226890756302521
music,MLC_PA_SVM,1,0.8053221288515406,0.19467787114845939,0.47507002801120446,0.5369747899159664,0.8379461912356648,0.4894126318129896,0.5688568681361986,0.6170798898071626,0.2689075630252101
music,MLC_PA_SVM,2,0.7792022792022792,0.2207977207977208,0.44871794871794873,0.5236467236467236,0.6351679578128854,0.5043976773400222,0.5549989850491104,0.5953002610966057,0.2222222222222222
music,MLC_PA_SVM,3,0.8050847457627118,0.19491525423728814,0.4774011299435027,0.5499999999999998,0.8068354437291485,0.5124989010379513,0.5643269836731432,0.6329787234042553,0.2542372881355932
music,MLC_PA_SVM,4,0.803921568627451,0.19607843137254902,0.4824929971988796,0.557422969187675,0.7289236199846666,0.5177747127917437,0.5832296582296582,0.6256684491978609,0.25210084033613445
music,MLC_PA_SVM,5,0.7969187675070029,0.2030812324929972,0.4362745098039216,0.5173669467787113,0.6817202050381774,0.5031458307774098,0.5606102601764424,0.6133333333333333,0.19327731092436976
music,GSI_MLC_PA_SVM,1,0.8025210084033614,0.19747899159663865,0.4715686274509803,0.534453781512605,0.7865392648287385,0.48969274385780753,0.575519357693425,0.6136986301369863,0.2605042016806723
music,GSI_MLC_PA_SVM,2,0.7777777777777778,0.2222222222222222,0.4515669515669516,0.5282051282051282,0.6325329116995784,0.4994957165557084,0.5506130201368297,0.5916230366492147,0.2222222222222222
music,GSI_MLC_PA_SVM,3,0.8135593220338984,0.1864406779661017,0.5204802259887006,0.5943502824858757,0.7693577253690772,0.5583208980983384,0.6283928447593617,0.6597938144329897,0.2966101694915254
music,GSI_MLC_PA_SVM,4,0.7997198879551821,0.20028011204481794,0.4852941176470589,0.5719887955182074,0.7282776251526251,0.5401711842448188,0.6119859245459794,0.6285714285714286,0.2184873949579832
music,GSI_MLC_PA_SVM,5,0.788515406162465,0.211484593837535,0.44047619047619047,0.5257703081232492,0.6768649295946667,0.5090621366937156,0.5724763294893203,0.6057441253263708,0.18487394957983194
scene,BR_Logistic,1,0.9032707028531664,0.09672929714683368,0.6155184411969381,0.6370911621433543,0.7834443066914832,0.6629973288283304,0.7130933796427547,0.7085953878406709,0.5511482254697286
scene,BR_Logistic,2,0.907252440725244,0.09274755927475593,0.6258716875871687,0.6436541143654114,0.7988288121405899,0.6666357215124367,0.7236845139015627,0.7170212765957447,0.5732217573221757
scene,BR_Logistic,3,0.8944672131147541,0.10553278688524591,0.5563524590163934,0.5775273224043715,0.7532994309349732,0.6110760655010651,0.673753403345588,0.6680988184747583,0.49385245901639346
scene,BR_Logistic,4,0.8943173943173943,0.10568260568260568,0.5738045738045738,0.5959805959805959,0.7644018028102212,0.6119326472972489,0.6768788846376222,0.6702702702702703,0.5072765072765073
scene,BR_Logistic,5,0.9047124047124047,0.09528759528759528,0.6098406098406098,0.6288981288981289,0.7903441888125871,0.6482103809263343,0.7095352614612715,0.7052518756698821,0.5550935550935551
scene,BR_MLP,1,0.779401530967293,0.22059846903270702,0.4981558803061934,0.626026443980515,0.47883906161730944,0.923077988010106,0.620086486026653,0.6007556675062973,0.162839248434238
scene,BR_MLP,2,0.7820781032078103,0.21792189679218968,0.4925034867503487,0.6301952580195258,0.49123643065501693,0.9417108925750316,0.6345399486224451,0.6086412022542267,0.13179916317991633
scene,BR_MLP,3,0.7653688524590164,0.2346311475409836,0.4689207650273224,0.6062841530054645,0.4535490051689039,0.9423969782963887,0.604403253419782,0.5858951175406871,0.1168032786885246
scene,BR_MLP,4,0.7775467775467775,0.22245322245322247,0.49185724185724183,0.6219681219681219,0.4841238822438481,0.9205974881768951,0.6213163116366608,0.5962264150943396,0.158004158004158
scene,BR_MLP,5,0.782051282051282,0.21794871794871795,0.5015592515592515,0.6322938322938323,0.48374374060831116,0.9419170980786761,0.6305022796120133,0.6061365059486538,0.16632016632016633
scene,CC_Logistic,1,0.8973556019485038,0.10264439805149617,0.697286012526096,0.7098121085594989,0.7446217041968469,0.6992822006827749,0.7188221335068672,0.707631318136769,0.6597077244258872
scene,CC_Logistic,2,0.9093444909344491,0.09065550906555091,0.7297768479776848,0.742329149232915,0.7786123856414267,0.7371355281964994,0.7562715671957158,0.7425742574257426,0.6924686192468619
scene,CC_Logistic,3,0.8951502732240437,0.10484972677595629,0.6810109289617486,0.690915300546448,0.7354835084001751,0.6931222846030104,0.7086802670074616,0.6981317600786627,0.6516393442622951
scene,CC_Logistic,4,0.8925848925848926,0.10741510741510742,0.6787941787941788,0.6902286902286903,0.7467285844817524,0.6792703293458221,0.703541463364357,0.6906187624750499,0.6444906444906445
scene,CC_Logistic,5,0.8998613998613999,0.10013860013860014,0.704088704088704,0.717948717948718,0.7491325936224774,0.7156681636906307,0.7299095979600888,0.7158308751229105,0.6632016632016632
scene,CC_MLP,1,0.8162839248434238,0.1837160751565762,0.5274878218510787,0.6352122477383437,0.5120943297685406,0.8533815901510601,0.6368758064833443,0.625,0.23173277661795408
scene,CC_MLP,2,0.8270571827057183,0.17294281729428174,0.5564853556485355,0.6610181311018131,0.5282542853336597,0.8763775108376097,0.6573315161334382,0.6452074391988555,0.26569037656903766
scene,CC_MLP,3,0.8131830601092896,0.18681693989071038,0.5175887978142076,0.6224043715846994,0.5025121220919184,0.8469168631375684,0.6265512949847994,0.6145172656800564,0.22540983606557377
scene,CC_MLP,4,0.816008316008316,0.183991683991684,0.5197505197505198,0.6210672210672211,0.5111120632272054,0.8254017283419636,0.6271405184994205,0.6160520607375272,0.2390852390852391
scene,CC_MLP,5,0.8094248094248094,0.19057519057519057,0.5114345114345115,0.6203049203049203,0.5005452359075248,0.8445696603581555,0.6269478700573081,0.611032531824611,0.21205821205821207
scene,MLC_PA_Logistic,1,0.9032707028531664,0.09672929714683368,0.6155184411969381,0.6370911621433543,0.7834443066914832,0.6629973288283304,0.7130933796427547,0.7085953878406709,0.5511482254697286
scene,MLC_PA_Logistic,2,0.907252440725244,0.09274755927475593,0.6258716875871687,0.6436541143654114,0.7988288121405899,0.6666357215124367,0.7236845139015627,0.7170212765957447,0.5732217573221757
scene,MLC_PA_Logistic,3,0.8944672131147541,0.10553278688524591,0.5563524590163934,0.5775273224043715,0.7532994309349732,0.6110760655010651,0.673753403345588,0.6680988184747583,0.49385245901639346
scene,MLC_PA_Logistic,4,0.8943173943173943,0.10568260568260568,0.5738045738045738,0.5959805959805959,0.7644018028102212,0.6119326472972489,0.6768788846376222,0.6702702702702703,0.5072765072765073
scene,MLC_PA_Logistic,5,0.9047124047124047,0.09528759528759528,0.6098406098406098,0.6288981288981289,0.7903441888125871,0.6482103809263343,0.7095352614612715,0.7052518756698821,0.5550935550935551
scene,MLC_PA_MLP,1,0.779401530967293,0.22059846903270702,0.4981558803061934,0.626026443980515,0.47883906161730944,0.923077988010106,0.620086486026653,0.6007556675062973,0.162839248434238
scene,MLC_PA_MLP,2,0.7820781032078103,0.21792189679218968,0.4925034867503487,0.6301952580195258,0.49123643065501693,0.9417108925750316,0.6345399486224451,0.6086412022542267,0.13179916317991633
scene,MLC_PA_MLP,3,0.7653688524590164,0.2346311475409836,0.4689207650273224,0.6062841530054645,0.4535490051689039,0.9423969782963887,0.604403253419782,0.5858951175406871,0.1168032786885246
scene,MLC_PA_MLP,4,0.7775467775467775,0.22245322245322247,0.49185724185724183,0.6219681219681219,0.4841238822438481,0.9205974881768951,0.6213163116366608,0.5962264150943396,0.158004158004158
scene,MLC_PA_MLP,5,0.782051282051282,0.21794871794871795,0.5015592515592515,0.6322938322938323,0.48374374060831116,0.9419170980786761,0.6305022796120133,0.6061365059486538,0.16632016632016633
scene,GSI_MLC_PA_Logistic,1,0.9091858037578289,0.09081419624217119,0.651356993736952,0.6673625608907445,0.8039101253585635,0.679182982676433,0.7301207703647283,0.7261280167890871,0.6033402922755741
scene,GSI_MLC_PA_Logistic,2,0.9100418410041841,0.0899581589958159,0.654463040446304,0.6698047419804742,0.8102970916537612,0.6708994065456375,0.729256700468563,0.7243589743589743,0.608786610878661
scene,GSI_MLC_PA_Logistic,3,0.9030054644808743,0.09699453551912568,0.6109972677595628,0.6229508196721312,0.7877207302068987,0.6383355508498398,0.7028588072299295,0.69593147751606,0.5758196721311475
scene,GSI_MLC_PA_Logistic,4,0.9015939015939016,0.0984060984060984,0.6205821205821206,0.6334026334026335,0.7966924976264219,0.6295760353172234,0.6994792877271511,0.6919739696312365,0.5821205821205822
scene,GSI_MLC_PA_Logistic,5,0.9161469161469161,0.08385308385308385,0.6632016632016632,0.678101178101178,0.8280324894270018,0.6856699040349595,0.7446835067733675,0.7414529914529915,0.6195426195426196
scene,GSI_MLC_PA_MLP,1,0.8239387613082811,0.17606123869171886,0.5483646485734167,0.6476687543493389,0.5327429958555834,0.8572067816464236,0.6493447890936662,0.6370157819225251,0.2776617954070981
scene,GSI_MLC_PA_MLP,2,0.8190376569037657,0.1809623430962343,0.5484658298465829,0.6634588563458856,0.5448846623593148,0.9022945276981096,0.6674002912282258,0.642315644383184,0.23430962343096234
scene,GSI_MLC_PA_MLP,3,0.798155737704918,0.20184426229508196,0.5151980874316939,0.6241803278688525,0.4968648125157231,0.8721516772450985,0.6205679714592861,0.6041527126590757,0.22336065573770492
scene,GSI_MLC_PA_MLP,4,0.8246708246708246,0.17532917532917533,0.5464310464310463,0.6437976437976437,0.5300833705967545,0.8398383479486471,0.6417862595246188,0.6317321688500728,0.2785862785862786
scene,GSI_MLC_PA_MLP,5,0.8142758142758143,0.18572418572418573,0.5171517671517671,0.6230769230769231,0.5110322720581811,0.8431289516749866,0.6338675285324935,0.6182336182336182,0.2286902286902287
scene,BR_SVM,1,0.8883089770354906,0.11169102296450939,0.4801670146137787,0.49338900487125953,0.8131723246327708,0.5074753967173978,0.6046583638264269,0.6118500604594922,0.4405010438413361
scene,BR_SVM,2,0.8877266387726639,0.11227336122733612,0.49198047419804747,0.50278940027894,0.7927367089875541,0.5106875462685244,0.6006731832511968,0.6111111111111112,0.4602510460251046
scene,BR_SVM,3,0.8896857923497268,0.11031420765027322,0.4702868852459016,0.4788251366120219,0.8091751815436027,0.4923105655733715,0.5973662690468077,0.603680981595092,0.444672131147541
scene,BR_SVM,4,0.8825363825363826,0.11746361746361747,0.4757449757449757,0.48891198891198895,0.7669576136892472,0.4997826509563028,0.5894999657131329,0.5949820788530465,0.4365904365904366
scene,BR_SVM,5,0.8873873873873874,0.11261261261261261,0.4705474705474706,0.4809424809424809,0.8083694083694084,0.4889154778569184,0.5916310138406764,0.6002460024600246,0.4407484407484408
scene,CC_SVM,1,0.8897007654836465,0.11029923451635351,0.675365344467641,0.686151704940849,0.7569787427479621,0.6692331792584246,0.691820740417887,0.6820461384152458,0.6430062630480167
scene,CC_SVM,2,0.8898186889818689,0.1101813110181311,0.6743375174337517,0.6872384937238494,0.7452967631506326,0.683218252842202,0.6928998869043691,0.6852589641434262,0.6359832635983264
scene,CC_SVM,3,0.8770491803278688,0.12295081967213115,0.6352459016393442,0.6434426229508197,0.7324607356641458,0.6434034555896208,0.6551256005070316,0.6435643564356436,0.610655737704918
scene,CC_SVM,4,0.876992376992377,0.12300762300762301,0.6361746361746362,0.6493416493416494,0.7120595151640902,0.6473275475285593,0.662546943532871,0.6488625123639961,0.5966735966735967
scene,CC_SVM,5,0.8863478863478863,0.11365211365211365,0.667013167013167,0.6801801801801801,0.726935005058813,0.6764823594405748,0.6858497681106789,0.6758893280632411,0.6278586278586279
scene,MLC_PA_SVM,1,0.8883089770354906,0.11169102296450939,0.4801670146137787,0.49338900487125953,0.8131723246327708,0.5074753967173978,0.6046583638264269,0.6118500604594922,0.4405010438413361
scene,MLC_PA_SVM,2,0.8877266387726639,0.11227336122733612,0.49198047419804747,0.50278940027894,0.7927367089875541,0.5106875462685244,0.6006731832511968,0.6111111111111112,0.4602510460251046
scene,MLC_PA_SVM,3,0.8896857923497268,0.11031420765027322,0.4702868852459016,0.4788251366120219,0.8091751815436027,0.4923105655733715,0.5973662690468077,0.603680981595092,0.444672131147541
scene,MLC_PA_SVM,4,0.8825363825363826,0.11746361746361747,0.4757449757449757,0.48891198891198895,0.7669576136892472,0.4997826509563028,0.5894999657131329,0.5949820788530465,0.4365904365904366
scene,MLC_PA_SVM,5,0.8873873873873874,0.11261261261261261,0.4705474705474706,0.4809424809424809,0.8083694083694084,0.4889154778569184,0.5916310138406764,0.6002460024600246,0.4407484407484408
scene,GSI_MLC_PA_SVM,1,0.8903966597077244,0.10960334029227557,0.5664578983994433,0.5793319415448852,0.7617282121932699,0.5879465652103767,0.6467815230110312,0.6519337016574586,0.5281837160751566
scene,GSI_MLC_PA_SVM,2,0.8947001394700139,0.10529986052998605,0.556834030683403,0.5690376569037657,0.7993067152074506,0.5747416328706123,0.6509490372601489,0.6568181818181819,0.5209205020920502
scene,GSI_MLC_PA_SVM,3,0.8903688524590164,0.1096311475409836,0.5290300546448087,0.5382513661202186,0.7669178380722625,0.5489718182409619,0.6244211198769855,0.6314580941446614,0.5020491803278688
scene,GSI_MLC_PA_SVM,4,0.8967428967428968,0.10325710325710326,0.5758835758835759,0.586971586971587,0.7937347313966813,0.5852754478667982,0.6625515926609246,0.6636568848758465,0.5426195426195426
scene,GSI_MLC_PA_SVM,5,0.9022869022869022,0.09771309771309772,0.5949410949410948,0.604989604989605,0.8094191919191919,0.6088659335864467,0.6809306117272813,0.6838565022421524,0.5654885654885655
yeast,BR_Logistic,1,0.7966126656848307,0.20338733431516937,0.4920577646866307,0.6015752517814373,0.4811652487100995,0.34002876704615176,0.3599663172280439,0.6286636192524873,0.13814432989690723
yeast,BR_Logistic,2,0.7977908689248896,0.20220913107511046,0.5060006545573555,0.6151855589999919,0.5170031394579077,0.3584552882323734,0.37780654590999685,0.6370605339677504,0.15876288659793814
yeast,BR_Logistic,3,0.8000597728631201,0.19994022713687987,0.5092440393172611,0.6171126409620132,0.527147979542926,0.35781993029497255,0.3790154046838568,0.6433901918976546,0.15481171548117154
yeast,BR_Logistic,4,0.7969768820391228,0.2030231179608773,0.49954344871357326,0.607994616034035,0.5643431757366029,0.3500881726948924,0.3728635353541395,0.6327077747989276,0.14730290456431536
yeast,BR_Logistic,5,0.7990613083015548,0.2009386916984453,0.4927479547602751,0.6042742906192597,0.5764687912596943,0.3548430941029081,0.38410483081531266,0.6334938469769931,0.13347022587268995
yeast,BR_MLP,1,0.6195876288659794,0.3804123711340206,0.38831334759169805,0.5278445327187787,0.3766053313669297,0.6421681509077778,0.4444402474484832,0.5348460291734197,0.049484536082474224
yeast,BR_MLP,2,0.6111929307805597,0.38880706921944036,0.3813074439878564,0.520411598037432,0.3669151544595287,0.6246284135058854,0.43585529442721727,0.525691699604743,0.03917525773195876
yeast,BR_MLP,3,0.6286610878661087,0.3713389121338912,0.39755306292963194,0.5359784126905907,0.38340530140420853,0.621644153865273,0.44539872451444856,0.5424415393113607,0.04602510460251046
yeast,BR_MLP,4,0.6264078245406046,0.3735921754593954,0.39448203939905185,0.5295345740947787,0.37483595011374365,0.62994798418563,0.4386900493423611,0.5352995391705069,0.06639004149377593
yeast,BR_MLP,5,0.6122029920797888,0.3877970079202112,0.37830035011759855,0.516932021030056,0.3594439697118286,0.6176879978847962,0.4268297734342711,0.5227436823104693,0.045174537987679675
yeast,CC_Logistic,1,0.7832106038291605,0.21678939617083948,0.4739544933874831,0.5654951920931302,0.48337067636226416,0.36926264497121897,0.4001976550631749,0.6095490716180372,0.19381443298969073
yeast,CC_Logistic,2,0.7807069219440353,0.21929307805596465,0.49139755433569865,0.5832539282023818,0.4606211386385292,0.38193903682008706,0.402104014661902,0.6139486647653617,0.22268041237113403
yeast,CC_Logistic,3,0.7890017931858936,0.2109982068141064,0.5034053928405393,0.6011683342227275,0.49436629880560196,0.3837892210950873,0.4080957297530268,0.6311389759665622,0.21338912133891214
yeast,CC_Logistic,4,0.7817131001778305,0.21828689982216953,0.48748218701538204,0.588616639239046,0.4298920664893067,0.3776610577196596,0.39025167635524977,0.6202629543696829,0.1887966804979253
yeast,CC_Logistic,5,0.7877676738046347,0.21223232619536522,0.48917652618884644,0.589332000420296,0.47889194227980475,0.3851991916260996,0.40800626421397734,0.6240581969342687,0.19096509240246407
yeast,CC_MLP,1,0.6910162002945508,0.3089837997054492,0.46175094092619867,0.5892100416933649,0.39790468105653093,0.6173593518337904,0.4654449032712928,0.59684857801691,0.08247422680412371
yeast,CC_MLP,2,0.6846833578792342,0.3153166421207658,0.4540779094902806,0.5834368811567114,0.3804666695640252,0.5745745336109004,0.44452449349366485,0.5851579151327262,0.07216494845360824
yeast,CC_MLP,3,0.692916915720263,0.307083084279737,0.46871677253476424,0.5957957233231855,0.39299248200149794,0.5858337111517142,0.4564893815149476,0.5974534769833496,0.08786610878661087
yeast,CC_MLP,4,0.7018375815056312,0.2981624184943687,0.46972937735385867,0.5935863664445553,0.3999297323336655,0.5866489536050474,0.4644240502622606,0.6012683313515655,0.0995850622406639
yeast,CC_MLP,5,0.6956585508946905,0.30434144910530947,0.46601871776409765,0.5948653468683537,0.39371733009793897,0.6029875931135849,0.46227404188102367,0.597478176527643,0.08624229979466119
yeast,MLC_PA_Logistic,1,0.7966126656848307,0.20338733431516937,0.4920577646866307,0.6015752517814373,0.4811652487100995,0.34002876704615176,0.3599663172280439,0.6286636192524873,0.13814432989690723
yeast,MLC_PA_Logistic,2,0.7977908689248896,0.20220913107511046,0.5060006545573555,0.6151855589999919,0.5170031394579077,0.3584552882323734,0.37780654590999685,0.6370605339677504,0.15876288659793814
yeast,MLC_PA_Logistic,3,0.8000597728631201,0.19994022713687987,0.5092440393172611,0.6171126409620132,0.527147979542926,0.35781993029497255,0.3790154046838568,0.6433901918976546,0.15481171548117154
yeast,MLC_PA_Logistic,4,0.7969768820391228,0.2030231179608773,0.49954344871357326,0.607994616034035,0.5643431757366029,0.3500881726948924,0.3728635353541395,0.6327077747989276,0.14730290456431536
yeast,MLC_PA_Logistic,5,0.7990613083015548,0.2009386916984453,0.4927479547602751,0.6042742906192597,0.5764687912596943,0.3548430941029081,0.38410483081531266,0.6334938469769931,0.13347022587268995
yeast,MLC_PA_MLP,1,0.6195876288659794,0.3804123711340206,0.38831334759169805,0.5278445327187787,0.3766053313669297,0.6421681509077778,0.4444402474484832,0.5348460291734197,0.049484536082474224
yeast,MLC_PA_MLP,2,0.6111929307805597,0.38880706921944036,0.3813074439878564,0.520411598037432,0.3669151544595287,0.6246284135058854,0.43585529442721727,0.525691699604743,0.03917525773195876
yeast,MLC_PA_MLP,3,0.6286610878661087,0.3713389121338912,0.39755306292963194,0.5359784126905907,0.38340530140420853,0.621644153865273,0.44539872451444856,0.5424415393113607,0.04602510460251046
yeast,MLC_PA_MLP,4,0.6264078245406046,0.3735921754593954,0.39448203939905185,0.5295345740947787,0.37483595011374365,0.62994798418563,0.4386900493423611,0.5352995391705069,0.06639004149377593
yeast,MLC_PA_MLP,5,0.6122029920797888,0.3877970079202112,0.37830035011759855,0.516932021030056,0.3594439697118286,0.6176879978847962,0.4268297734342711,0.5227436823104693,0.045174537987679675
yeast,GSI_MLC_PA_Logistic,1,0.7899852724594992,0.21001472754050074,0.5033439698903617,0.6118055941767282,0.4610549088955274,0.37545753305267954,0.383795844013077,0.6352941176470588,0.15257731958762888
yeast,GSI_MLC_PA_Logistic,2,0.7916053019145802,0.20839469808541974,0.5039248895434462,0.6132632316137471,0.4385899542964529,0.37592541810779034,0.38636520285200243,0.6363402724235415,0.16082474226804125
yeast,GSI_MLC_PA_Logistic,3,0.7948296473401075,0.20517035265989242,0.5134356113435612,0.6203661633577952,0.5265339298870019,0.3718247162401004,0.3840467950343466,0.6429128738621587,0.1589958158995816
yeast,GSI_MLC_PA_Logistic,4,0.7897154712507409,0.21028452874925904,0.5096691574907343,0.6170515155931314,0.5546224546637435,0.3799418788550697,0.3833839371269133,0.6379178361826997,0.16390041493775934
yeast,GSI_MLC_PA_Logistic,5,0.7946611909650925,0.2053388090349076,0.5024648805449627,0.6134041865048024,0.4975031440506014,0.36480842909531713,0.3753881668750911,0.6359854394175767,0.15811088295687886
yeast,GSI_MLC_PA_MLP,1,0.627540500736377,0.372459499263623,0.39805678285059726,0.5289991144330298,0.4041901995734478,0.6367933001466757,0.4359641516891866,0.5400981996726678,0.05567010309278351
yeast,GSI_MLC_PA_MLP,2,0.6589101620029455,0.3410898379970545,0.4395888761868143,0.5763412227624989,0.3744234539890022,0.6038240335242466,0.4435873341600319,0.575045871559633,0.05360824742268041
yeast,GSI_MLC_PA_MLP,3,0.6839509862522415,0.3160490137477585,0.4519523537828977,0.5834694372675123,0.4011530204314408,0.5961515883043175,0.455033941940227,0.5908299477655252,0.06485355648535565
yeast,GSI_MLC_PA_MLP,4,0.6907231772377,0.30927682276229995,0.44156038751474436,0.5636951500754284,0.4158357894144226,0.5602484065974384,0.4399848885692225,0.5771023302938196,0.0995850622406639
yeast,GSI_MLC_PA_MLP,5,0.6534174244646525,0.3465825755353476,0.4085054119961717,0.5395257294007142,0.40121682387700314,0.58023011204346,0.42952976683167615,0.5474047117410458,0.0513347022587269
yeast,BR_SVM,1,0.8,0.2,0.4934519718540337,0.6003921279179011,0.3995451006590667,0.31027394786088014,0.3245912961869378,0.6258953168044077,0.1463917525773196
yeast,BR_SVM,2,0.7982326951399117,0.20176730486008837,0.4935607920144003,0.6017391772030948,0.39500122510476726,0.31679294643925565,0.3262694215574274,0.6271094175285792,0.1463917525773196
yeast,BR_SVM,3,0.8017035265989241,0.19829647340107592,0.4984600185960018,0.6066725812541712,0.39828274697207433,0.3151104491210437,0.32755703666674346,0.6337289539056031,0.1401673640167364
yeast,BR_SVM,4,0.7999407231772377,0.2000592768227623,0.4921214216857371,0.6037527018854819,0.39624451505865765,0.3115885034906713,0.3251970254060056,0.6268656716417911,0.12863070539419086
yeast,BR_SVM,5,0.8019947198591962,0.19800528014080376,0.4834482252860076,0.597150009470338,0.40249413976805354,0.30850670552787623,0.32637148296031065,0.6254162042175361,0.1293634496919918
yeast,CC_SVM,1,0.793078055964654,0.20692194403534608,0.4939175257731959,0.5942364165044577,0.48922442837479085,0.35263882667719054,0.3783483381507624,0.625832223701731,0.18969072164948453
yeast,CC_SVM,2,0.7874815905743741,0.21251840942562591,0.4948748159057437,0.5937127362900559,0.45022159165859826,0.36347312911013624,0.3807577340546436,0.6233359436178544,0.2
yeast,CC_SVM,3,0.7976688583383145,0.2023311416616856,0.5172320183303447,0.6154947214570644,0.5340478258667929,0.36660243809685344,0.38714290678027796,0.6433087460484721,0.21548117154811716
yeast,CC_SVM,4,0.7910491997628927,0.2089508002371073,0.500421000161664,0.6028619375092406,0.5723374235214841,0.3688761030834824,0.38582934808256547,0.6326211568525274,0.1950207468879668
yeast,CC_SVM,5,0.7949545321208565,0.20504546787914343,0.49588996447312667,0.6005076032796772,0.5429617056051755,0.3601000481764901,0.3823191011564904,0.6313291139240507,0.188911704312115
yeast,MLC_PA_SVM,1,0.8,0.2,0.4934519718540337,0.6003921279179011,0.3995451006590667,0.31027394786088014,0.3245912961869378,0.6258953168044077,0.1463917525773196
yeast,MLC_PA_SVM,2,0.7982326951399117,0.20176730486008837,0.4935607920144003,0.6017391772030948,0.39500122510476726,0.31679294643925565,0.3262694215574274,0.6271094175285792,0.1463917525773196
yeast,MLC_PA_SVM,3,0.8017035265989241,0.19829647340107592,0.4984600185960018,0.6066725812541712,0.39828274697207433,0.3151104491210437,0.32755703666674346,0.6337289539056031,0.1401673640167364
yeast,MLC_PA_SVM,4,0.7999407231772377,0.2000592768227623,0.4921214216857371,0.6037527018854819,0.39624451505865765,0.3115885034906713,0.3251970254060056,0.6268656716417911,0.12863070539419086
yeast,MLC_PA_SVM,5,0.8019947198591962,0.19800528014080376,0.4834482252860076,0.597150009470338,0.40249413976805354,0.30850670552787623,0.32637148296031065,0.6254162042175361,0.1293634496919918
yeast,GSI_MLC_PA_SVM,1,0.796759941089838,0.203240058910162,0.4976159979768227,0.6060602398746728,0.5136707109015086,0.3353521493339549,0.3572979011934926,0.6300268096514745,0.1463917525773196
yeast,GSI_MLC_PA_SVM,2,0.7964653902798233,0.20353460972017673,0.5107731958762887,0.6219771522864307,0.43032015871900936,0.35526413970382803,0.3596836698482819,0.640665626625065,0.15463917525773196
yeast,GSI_MLC_PA_SVM,3,0.7988643156007172,0.20113568439928273,0.5207904659264492,0.6277714614534698,0.415839574011622,0.35393321533474076,0.3491903512843018,0.6481965499215891,0.18200836820083682
yeast,GSI_MLC_PA_SVM,4,0.7941612329579135,0.20583876704208653,0.49687509355559145,0.6083362810541233,0.5111254118491748,0.33871225859252524,0.3588444363764612,0.629105473965287,0.14315352697095435
yeast,GSI_MLC_PA_SVM,5,0.7987679671457906,0.20123203285420946,0.5066898080245102,0.6205658475679009,0.4996845639254269,0.35887830836527085,0.36896008479152037,0.6419624217118998,0.1437371663244353
genbase,BR_Logistic,1,0.9980506822612085,0.001949317738791423,0.9699248120300752,0.9752953813104189,0.6666666666666666,0.6543209876543209,0.6592592592592593,0.9784615384615385,0.9473684210526315
genbase,BR_Logistic,2,0.9983164983164983,0.0016835016835016834,0.9842171717171718,0.9895743145743147,0.6666666666666666,0.6481481481481481,0.6543209876543209,0.9817073170731707,0.9621212121212122
genbase,BR_Logistic,3,0.9974747474747475,0.0025252525252525255,0.960858585858586,0.9666666666666667,0.6984126984126985,0.6779541446208113,0.6855031173871753,0.9719626168224299,0.9393939393939394
genbase,BR_Logistic,4,0.9985970819304153,0.0014029180695847362,0.9696969696969697,0.9722222222222221,0.7407407407407407,0.7264550264550265,0.7326185834957765,0.9847094801223242,0.9621212121212122
genbase,BR_Logistic,5,0.9983291562238931,0.001670843776106934,0.9786967418546365,0.9834586466165413,0.6666666666666666,0.6537037037037037,0.65942634363687,0.9815950920245399,0.9624060150375939
genbase,BR_MLP,1,0.8777499303815093,0.12225006961849066,0.20501253132832079,0.31565819310180215,0.32986846453327406,0.3439153439153439,0.2809200364112225,0.327718223583461,0.0
genbase,BR_MLP,2,0.9012345679012346,0.09876543209876543,0.2500841750841751,0.3673520923520923,0.2831605952618054,0.30556233889567225,0.23807963690796713,0.3669064748201439,0.0
genbase,BR_MLP,3,0.8827160493827161,0.11728395061728394,0.20476190476190473,0.3140271765271765,0.2722754636635082,0.3040632207298874,0.2372986200271524,0.3258064516129032,0.0
genbase,BR_MLP,4,0.8832772166105499,0.11672278338945005,0.20082371332371332,0.3102295852295852,0.290141164878007,0.3265228598561932,0.2617556127849394,0.3268608414239482,0.0
genbase,BR_MLP,5,0.8852687273739905,0.11473127262600946,0.19921231650554957,0.30776942355889725,0.3015972223592134,0.3117521367521367,0.2531668227637062,0.32679738562091504,0.0
genbase,CC_Logistic,1,0.9980506822612085,0.001949317738791423,0.9699248120300752,0.9752953813104189,0.6666666666666666,0.6543209876543209,0.6592592592592593,0.9784615384615385,0.9473684210526315
genbase,CC_Logistic,2,0.9985970819304153,0.0014029180695847362,0.9861111111111113,0.9906565656565656,0.7037037037037037,0.6851851851851852,0.691358024691358,0.9848024316109423,0.9696969696969697
genbase,CC_Logistic,3,0.9974747474747475,0.0025252525252525255,0.960858585858586,0.9666666666666667,0.6984126984126985,0.6779541446208113,0.6855031173871753,0.9719626168224299,0.9393939393939394
genbase,CC_Logistic,4,0.9985970819304153,0.0014029180695847362,0.9696969696969697,0.9722222222222221,0.7407407407407407,0.7264550264550265,0.7326185834957765,0.9847094801223242,0.9621212121212122
genbase,CC_Logistic,5,0.9986076301865776,0.001392369813422445,0.981203007518797,0.9849624060150376,0.7037037037037037,0.6907407407407407,0.6964633806739071,0.9847094801223242,0.9699248120300752
genbase,CC_MLP,1,0.9883040935672515,0.011695906432748537,0.8847117794486214,0.9200859291084854,0.5312084520417854,0.7037037037037037,0.5823895737874233,0.8858695652173914,0.7819548872180451
genbase,CC_MLP,2,0.9879349046015713,0.012065095398428732,0.8756313131313131,0.909989505444051,0.5430153542898641,0.7015250544662309,0.5924980802173784,0.8821917808219178,0.7651515151515151
genbase,CC_MLP,3,0.9851290684624018,0.014870931537598204,0.8497474747474747,0.887081857536403,0.5101495133748615,0.6947971781305115,0.560312207086672,0.8547945205479452,0.7348484848484849
genbase,CC_MLP,4,0.9870931537598204,0.012906846240179574,0.8661616161616161,0.9010461760461761,0.5339526214526215,0.6981580510992276,0.5816935619803003,0.8743169398907104,0.7575757575757576
genbase,CC_MLP,5,0.9849624060150376,0.015037593984962405,0.8352130325814537,0.8702470461868957,0.4951117921052562,0.637493715434892,0.536555958779964,0.850828729281768,0.7293233082706767
genbase,MLC_PA_Logistic,1,0.9980506822612085,0.001949317738791423,0.9699248120300752,0.9752953813104189,0.6666666666666666,0.6543209876543209,0.6592592592592593,0.9784615384615385,0.9473684210526315
genbase,MLC_PA_Logistic,2,0.9983164983164983,0.0016835016835016834,0.9842171717171718,0.9895743145743147,0.6666666666666666,0.6481481481481481,0.6543209876543209,0.9817073170731707,0.9621212121212122
genbase,MLC_PA_Logistic,3,0.9974747474747475,0.0025252525252525255,0.960858585858586,0.9666666666666667,0.6984126984126985,0.6779541446208113,0.6855031173871753,0.9719626168224299,0.9393939393939394
genbase,MLC_PA_Logistic,4,0.9985970819304153,0.0014029180695847362,0.9696969696969697,0.9722222222222221,0.7407407407407407,0.7264550264550265,0.7326185834957765,0.9847094801223242,0.9621212121212122
genbase,MLC_PA_Logistic,5,0.9983291562238931,0.001670843776106934,0.9786967418546365,0.9834586466165413,0.6666666666666666,0.6537037037037037,0.65942634363687,0.9815950920245399,0.9624060150375939
genbase,MLC_PA_MLP,1,0.8777499303815093,0.12225006961849066,0.20501253132832079,0.31565819310180215,0.32986846453327406,0.3439153439153439,0.2809200364112225,0.327718223583461,0.0
genbase,MLC_PA_MLP,2,0.9012345679012346,0.09876543209876543,0.2500841750841751,0.3673520923520923,0.2831605952618054,0.30556233889567225,0.23807963690796713,0.3669064748201439,0.0
genbase,MLC_PA_MLP,3,0.8827160493827161,0.11728395061728394,0.20476190476190473,0.3140271765271765,0.2722754636635082,0.3040632207298874,0.2372986200271524,0.3258064516129032,0.0
genbase,MLC_PA_MLP,4,0.8832772166105499,0.11672278338945005,0.20082371332371332,0.3102295852295852,0.290141164878007,0.3265228598561932,0.2617556127849394,0.3268608414239482,0.0
genbase,MLC_PA_MLP,5,0.8852687273739905,0.11473127262600946,0.19921231650554957,0.30776942355889725,0.3015972223592134,0.3117521367521367,0.2531668227637062,0.32679738562091504,0.0
genbase,GSI_MLC_PA_Logistic,1,0.9980506822612085,0.001949317738791423,0.9699248120300752,0.9752953813104189,0.6666666666666666,0.6543209876543209,0.6592592592592593,0.9784615384615385,0.9473684210526315
genbase,GSI_MLC_PA_Logistic,2,0.9983164983164983,0.0016835016835016834,0.9842171717171718,0.9895743145743147,0.6666666666666666,0.6481481481481481,0.6543209876543209,0.9817073170731707,0.9621212121212122
genbase,GSI_MLC_PA_Logistic,3,0.9974747474747475,0.0025252525252525255,0.960858585858586,0.9666666666666667,0.6984126984126985,0.6779541446208113,0.6855031173871753,0.9719626168224299,0.9393939393939394
genbase,GSI_MLC_PA_Logistic,4,0.9985970819304153,0.0014029180695847362,0.9696969696969697,0.9722222222222221,0.7407407407407407,0.7264550264550265,0.7326185834957765,0.9847094801223242,0.9621212121212122
genbase,GSI_MLC_PA_Logistic,5,0.9983291562238931,0.001670843776106934,0.9786967418546365,0.9834586466165413,0.6666666666666666,0.6537037037037037,0.65942634363687,0.9815950920245399,0.9624060150375939
genbase,GSI_MLC_PA_MLP,1,0.9342801448064606,0.0657198551935394,0.316344432509846,0.40472059269051747,0.4828124632035069,0.4496031746031746,0.4169521437495294,0.4537037037037037,0.05263157894736842
genbase,GSI_MLC_PA_MLP,2,0.9377104377104377,0.06228956228956229,0.22664141414141412,0.268629476584022,0.3408673630895854,0.344590851535296,0.3211704773151163,0.37988826815642457,0.08333333333333333
genbase,GSI_MLC_PA_MLP,3,0.9618406285072951,0.038159371492704826,0.48484848484848486,0.5117063492063492,0.3915681639085894,0.32237993487993494,0.32571874484019187,0.5723270440251572,0.4090909090909091
genbase,GSI_MLC_PA_MLP,4,0.9371492704826038,0.06285072951739619,0.33805916305916306,0.41274697524697523,0.47860948667966213,0.39442409442409443,0.3961775024600765,0.4563106796116505,0.10606060606060606
genbase,GSI_MLC_PA_MLP,5,0.9721526037315511,0.0278473962684489,0.3483709273182957,0.3568922305764411,0.4391534391534392,0.38060932350148036,0.38192191316650587,0.5867768595041323,0.3233082706766917
genbase,BR_SVM,1,0.9997215260373156,0.000278473962684489,0.9962406015037594,0.9974937343358398,0.7777777777777778,0.7777777777777778,0.7777777777777778,0.9969788519637462,0.9924812030075187
genbase,BR_SVM,2,0.9991582491582491,0.0008417508417508417,0.9924242424242424,0.9946969696969697,0.7592592592592593,0.7777777777777778,0.7654320987654321,0.990990990990991,0.9848484848484849
genbase,BR_SVM,3,0.9983164983164983,0.0016835016835016834,0.9722222222222223,0.9767676767676768,0.7724867724867726,0.7643738977072311,0.7669845988686569,0.9814814814814815,0.9545454545454546
genbase,BR_SVM,4,0.999438832772166,0.0005611672278338945,0.9924242424242424,0.9949494949494948,0.7592592592592593,0.7777777777777778,0.7654320987654322,0.9939759036144579,0.9848484848484849
genbase,BR_SVM,5,0.998886104149262,0.001113895850737956,0.9862155388471178,0.9909774436090226,0.7354497354497355,0.7314814814814815,0.7326007326007327,0.9878787878787879,0.9699248120300752
genbase,CC_SVM,1,0.9997215260373156,0.000278473962684489,0.9962406015037594,0.9974937343358398,0.7777777777777778,0.7777777777777778,0.7777777777777778,0.9969788519637462,0.9924812030075187
genbase,CC_SVM,2,0.9991582491582491,0.0008417508417508417,0.9924242424242424,0.9946969696969697,0.7592592592592593,0.7777777777777778,0.7654320987654321,0.990990990990991,0.9848484848484849
genbase,CC_SVM,3,0.9983164983164983,0.0016835016835016834,0.9722222222222223,0.9767676767676768,0.7724867724867726,0.7643738977072311,0.7669845988686569,0.9814814814814815,0.9545454545454546
genbase,CC_SVM,4,0.999438832772166,0.0005611672278338945,0.9924242424242424,0.9949494949494948,0.7592592592592593,0.7777777777777778,0.7654320987654322,0.9939759036144579,0.9848484848484849
genbase,CC_SVM,5,0.998886104149262,0.001113895850737956,0.9862155388471178,0.9909774436090226,0.7354497354497355,0.7314814814814815,0.7326007326007327,0.9878787878787879,0.9699248120300752
genbase,MLC_PA_SVM,1,0.9997215260373156,0.000278473962684489,0.9962406015037594,0.9974937343358398,0.7777777777777778,0.7777777777777778,0.7777777777777778,0.9969788519637462,0.9924812030075187
genbase,MLC_PA_SVM,2,0.9991582491582491,0.0008417508417508417,0.9924242424242424,0.9946969696969697,0.7592592592592593,0.7777777777777778,0.7654320987654321,0.990990990990991,0.9848484848484849
genbase,MLC_PA_SVM,3,0.9983164983164983,0.0016835016835016834,0.9722222222222223,0.9767676767676768,0.7724867724867726,0.7643738977072311,0.7669845988686569,0.9814814814814815,0.9545454545454546
genbase,MLC_PA_SVM,4,0.999438832772166,0.0005611672278338945,0.9924242424242424,0.9949494949494948,0.7592592592592593,0.7777777777777778,0.7654320987654322,0.9939759036144579,0.9848484848484849
genbase,MLC_PA_SVM,5,0.998886104149262,0.001113895850737956,0.9862155388471178,0.9909774436090226,0.7354497354497355,0.7314814814814815,0.7326007326007327,0.9878787878787879,0.9699248120300752
genbase,GSI_MLC_PA_SVM,1,0.9997215260373156,0.000278473962684489,0.9962406015037594,0.9974937343358398,0.7777777777777778,0.7777777777777778,0.7777777777777778,0.9969788519637462,0.9924812030075187
genbase,GSI_MLC_PA_SVM,2,0.9991582491582491,0.0008417508417508417,0.9924242424242424,0.9946969696969697,0.7592592592592593,0.7777777777777778,0.7654320987654321,0.990990990990991,0.9848484848484849
genbase,GSI_MLC_PA_SVM,3,0.9983164983164983,0.0016835016835016834,0.9722222222222223,0.9767676767676768,0.7724867724867726,0.7643738977072311,0.7669845988686569,0.9814814814814815,0.9545454545454546
genbase,GSI_MLC_PA_SVM,4,0.999438832772166,0.0005611672278338945,0.9924242424242424,0.9949494949494948,0.7592592592592593,0.7777777777777778,0.7654320987654322,0.9939759036144579,0.9848484848484849
genbase,GSI_MLC_PA_SVM,5,0.998886104149262,0.001113895850737956,0.9862155388471178,0.9909774436090226,0.7354497354497355,0.7314814814814815,0.7326007326007327,0.9878787878787879,0.9699248120300752
medical,BR_Logistic,1,0.9900462962962963,0.009953703703703704,0.724826388888889,0.7505208333333333,0.3103855818336693,0.2537665009887232,0.2709239471729459,0.8080357142857143,0.6458333333333334
medical,BR_Logistic,2,0.9896745230078563,0.010325476992143659,0.7230639730639732,0.7516835016835017,0.31507217546433236,0.2682513133470202,0.2832436452744115,0.7937219730941704,0.6414141414141414
medical,BR_Logistic,3,0.98997150997151,0.010028490028490029,0.7128205128205128,0.7391452991452991,0.3416755478846982,0.2643826834960277,0.29068303492949243,0.7990867579908676,0.6358974358974359
medical,BR_Logistic,4,0.988998899889989,0.011001100110011002,0.6856435643564357,0.7079207920792079,0.32778010715117634,0.273538217353731,0.29264093614210746,0.7727272727272727,0.6188118811881188
medical,BR_Logistic,5,0.9894124490983129,0.010587550901687027,0.7382198952879581,0.762129144851658,0.3288083534822665,0.2653359578571501,0.28450591869501524,0.7982261640798226,0.6649214659685864
medical,BR_MLP,1,0.8385416666666666,0.16145833333333334,0.11529587310837312,0.19888916060791062,0.13977138426078126,0.301873897707231,0.14806353928438823,0.19689119170984457,0.0
medical,BR_MLP,2,0.8459034792368125,0.15409652076318742,0.11859522351946594,0.2045145931509568,0.17550109941667322,0.367461371224474,0.1748324936074994,0.20313406848520024,0.0
medical,BR_MLP,3,0.8454700854700855,0.15452991452991452,0.12324027824027824,0.20991017529479067,0.14755802020505435,0.2910647189632697,0.14949121286409162,0.20329024676850763,0.0
medical,BR_MLP,4,0.851045104510451,0.14895489548954896,0.1251030460188876,0.21449070731248948,0.1755963407204385,0.35057344433654714,0.1837839551052951,0.2100350058343057,0.0
medical,BR_MLP,5,0.8361838278068645,0.16381617219313555,0.11199459353909615,0.19334868156857682,0.17597681340914803,0.3013143778764506,0.15110163326848544,0.189873417721519,0.0
medical,CC_Logistic,1,0.9895833333333334,0.010416666666666666,0.7152777777777778,0.7390625000000001,0.3111377185858061,0.24177355566244454,0.2625654709030668,0.7963800904977375,0.640625
medical,CC_Logistic,2,0.9897867564534231,0.01021324354657688,0.7432659932659934,0.7668350168350169,0.29268188262959505,0.2685267267866849,0.276205832998504,0.7973273942093542,0.6767676767676768
medical,CC_Logistic,3,0.9905413105413106,0.009458689458689459,0.735897435897436,0.7613675213675214,0.34275862118999373,0.2692724542191318,0.2940421960536333,0.8109339407744874,0.6615384615384615
medical,CC_Logistic,4,0.9888888888888889,0.011111111111111112,0.6905940594059405,0.7077557755775578,0.3266753817361061,0.27469261850813215,0.29294922233061144,0.7699316628701595,0.6386138613861386
medical,CC_Logistic,5,0.9898778359511344,0.01012216404886562,0.7696335078534031,0.794240837696335,0.34999729417120723,0.2765264340476263,0.29527885803510273,0.8104575163398693,0.6910994764397905
medical,CC_MLP,1,0.9753472222222223,0.024652777777777777,0.49262152777777773,0.5640625,0.20585721868802595,0.2063148682593127,0.18805685183860163,0.6091743119266055,0.2916666666666667
medical,CC_MLP,2,0.9730639730639731,0.026936026936026935,0.4595959595959596,0.5446127946127947,0.22458176690398593,0.19967279296693208,0.18175268356061228,0.574468085106383,0.21717171717171718
medical,CC_MLP,3,0.9757264957264957,0.024273504273504273,0.48205128205128206,0.5528205128205127,0.22403612500103726,0.18776550878000156,0.18278736564682802,0.6033519553072626,0.28205128205128205
medical,CC_MLP,4,0.9752475247524752,0.024752475247524754,0.5028877887788779,0.5699669966996699,0.23084634243560972,0.22783266174775604,0.21346851593954813,0.5960502692998204,0.3069306930693069
medical,CC_MLP,5,0.974869109947644,0.025130890052356022,0.5359511343804538,0.607155322862129,0.2731168576351407,0.22441086385029507,0.2162444682999898,0.6129032258064516,0.33507853403141363
medical,MLC_PA_Logistic,1,0.9900462962962963,0.009953703703703704,0.724826388888889,0.7505208333333333,0.3103855818336693,0.2537665009887232,0.2709239471729459,0.8080357142857143,0.6458333333333334
medical,MLC_PA_Logistic,2,0.9896745230078563,0.010325476992143659,0.7230639730639732,0.7516835016835017,0.31507217546433236,0.2682513133470202,0.2832436452744115,0.7937219730941704,0.6414141414141414
medical,MLC_PA_Logistic,3,0.98997150997151,0.010028490028490029,0.7128205128205128,0.7391452991452991,0.3416755478846982,0.2643826834960277,0.29068303492949243,0.7990867579908676,0.6358974358974359
medical,MLC_PA_Logistic,4,0.988998899889989,0.011001100110011002,0.6856435643564357,0.7079207920792079,0.32778010715117634,0.273538217353731,0.29264093614210746,0.7727272727272727,0.6188118811881188
medical,MLC_PA_Logistic,5,0.9894124490983129,0.010587550901687027,0.7382198952879581,0.762129144851658,0.3288083534822665,0.2653359578571501,0.28450591869501524,0.7982261640798226,0.6649214659685864
medical,MLC_PA_MLP,1,0.8385416666666666,0.16145833333333334,0.11529587310837312,0.19888916060791062,0.13977138426078126,0.301873897707231,0.14806353928438823,0.19689119170984457,0.0
medical,MLC_PA_MLP,2,0.8459034792368125,0.15409652076318742,0.11859522351946594,0.2045145931509568,0.17550109941667322,0.367461371224474,0.1748324936074994,0.20313406848520024,0.0
medical,MLC_PA_MLP,3,0.8454700854700855,0.15452991452991452,0.12324027824027824,0.20991017529479067,0.14755802020505435,0.2910647189632697,0.14949121286409162,0.20329024676850763,0.0
medical,MLC_PA_MLP,4,0.851045104510451,0.14895489548954896,0.1251030460188876,0.21449070731248948,0.1755963407204385,0.35057344433654714,0.1837839551052951,0.2100350058343057,0.0
medical,MLC_PA_MLP,5,0.8361838278068645,0.16381617219313555,0.11199459353909615,0.19334868156857682,0.17597681340914803,0.3013143778764506,0.15110163326848544,0.189873417721519,0.0
medical,GSI_MLC_PA_Logistic,1,0.9895833333333334,0.010416666666666666,0.7152777777777778,0.7390624999999998,0.3103855818336693,0.2449481588370477,0.26456759177311223,0.7972972972972973,0.640625
medical,GSI_MLC_PA_Logistic,2,0.9894500561167228,0.010549943883277216,0.7180134680134681,0.7466329966329966,0.29275498648047665,0.26002086067212304,0.2716666594835892,0.7882882882882883,0.6363636363636364
medical,GSI_MLC_PA_Logistic,3,0.9901994301994302,0.0098005698005698,0.7230769230769231,0.7494017094017094,0.34343364207554095,0.26768515263183024,0.29325966285063215,0.8036529680365296,0.6461538461538462
medical,GSI_MLC_PA_Logistic,4,0.9892189218921892,0.01078107810781078,0.6897689768976897,0.707095709570957,0.3066856600189934,0.2669538552138133,0.28250122628045127,0.776255707762557,0.6386138613861386
medical,GSI_MLC_PA_Logistic,5,0.9896451425247237,0.010354857475276324,0.7486910994764397,0.7726003490401396,0.32903627371018673,0.26811373563492785,0.2861867986851277,0.8035320088300221,0.675392670157068
medical,GSI_MLC_PA_MLP,1,0.9369212962962963,0.0630787037037037,0.2029141865079365,0.27315228174603173,0.16212798633419506,0.19393151087595528,0.1243390942537113,0.2684563758389262,0.041666666666666664
medical,GSI_MLC_PA_MLP,2,0.940628507295174,0.059371492704826036,0.18073593073593072,0.24559884559884562,0.1995739055617187,0.23126438436300797,0.1553860905604944,0.27034482758620687,0.04040404040404041
medical,GSI_MLC_PA_MLP,3,0.9486039886039886,0.051396011396011396,0.22846153846153844,0.32031746031746033,0.1448329286048584,0.16315830117785274,0.14416839158719089,0.35294117647058826,0.0
medical,GSI_MLC_PA_MLP,4,0.9602860286028603,0.03971397139713971,0.23679867986798678,0.2983498349834983,0.1514937124947445,0.1749845817665524,0.13793851876843727,0.35879218472468916,0.06930693069306931
medical,GSI_MLC_PA_MLP,5,0.9512507271669576,0.048749272833042465,0.2494764397905759,0.3398903016704063,0.1802360484275378,0.17955511861719134,0.14846730064479413,0.37369207772795215,0.010471204188481676
medical,BR_SVM,1,0.9893518518518518,0.010648148148148148,0.7274305555555555,0.7560763888888888,0.3549086099086099,0.33124619207952544,0.3391908004050476,0.7991266375545851,0.6458333333333334
medical,BR_SVM,2,0.9905723905723905,0.009427609427609427,0.750841750841751,0.7752525252525253,0.40212657980773925,0.365748756100137,0.3745228243371942,0.8141592920353983,0.6818181818181818
medical,BR_SVM,3,0.9908831908831909,0.009116809116809116,0.7487179487179487,0.7738461538461541,0.45760645911612097,0.39976487435128405,0.41473645962085526,0.8214285714285714,0.6717948717948717
medical,BR_SVM,4,0.9902090209020902,0.009790979097909791,0.7289603960396039,0.7569306930693068,0.47711516878183546,0.39229591512610384,0.41787103850445834,0.8052516411378556,0.6485148514851485
medical,BR_SVM,5,0.9891797556719023,0.010820244328097731,0.74956369982548,0.780628272251309,0.391801996288008,0.36062229716727945,0.369419920783162,0.8008565310492506,0.6596858638743456
medical,CC_SVM,1,0.9901620370370371,0.009837962962962963,0.765625,0.7940972222222222,0.3874291569943744,0.3554863449307894,0.36390015266485853,0.8195329087048833,0.6822916666666666
medical,CC_SVM,2,0.9906846240179573,0.00931537598204265,0.7803030303030303,0.803030303030303,0.3954471883457391,0.37456709825181256,0.37657453642664207,0.821505376344086,0.7171717171717171
medical,CC_SVM,3,0.9916809116809117,0.008319088319088319,0.7957264957264957,0.8234188034188034,0.47869254323502697,0.41872047591558115,0.43501606324927217,0.841648590021692,0.7128205128205128
medical,CC_SVM,4,0.9906490649064906,0.00935093509350935,0.76996699669967,0.7919141914191419,0.4860118929726773,0.4099216433073875,0.4317730668447515,0.8179871520342612,0.7079207920792079
medical,CC_SVM,5,0.9895287958115183,0.010471204188481676,0.7739965095986038,0.8041884816753926,0.4144827255204614,0.36824134478632703,0.37899942509950846,0.8085106382978723,0.6858638743455497
medical,MLC_PA_SVM,1,0.9893518518518518,0.010648148148148148,0.7274305555555555,0.7560763888888888,0.3549086099086099,0.33124619207952544,0.3391908004050476,0.7991266375545851,0.6458333333333334
medical,MLC_PA_SVM,2,0.9905723905723905,0.009427609427609427,0.750841750841751,0.7752525252525253,0.40212657980773925,0.365748756100137,0.3745228243371942,0.8141592920353983,0.6818181818181818
medical,MLC_PA_SVM,3,0.9908831908831909,0.009116809116809116,0.7487179487179487,0.7738461538461541,0.45760645911612097,0.39976487435128405,0.41473645962085526,0.8214285714285714,0.6717948717948717
medical,MLC_PA_SVM,4,0.9902090209020902,0.009790979097909791,0.7289603960396039,0.7569306930693068,0.47711516878183546,0.39229591512610384,0.41787103850445834,0.8052516411378556,0.6485148514851485
medical,MLC_PA_SVM,5,0.9891797556719023,0.010820244328097731,0.74956369982548,0.780628272251309,0.391801996288008,0.36062229716727945,0.369419920783162,0.8008565310492506,0.6596858638743456
medical,GSI_MLC_PA_SVM,1,0.9905092592592593,0.00949074074074074,0.759548611111111,0.7881944444444445,0.38622832333358653,0.3528628881406659,0.3622289810013677,0.8225108225108225,0.6770833333333334
medical,GSI_MLC_PA_SVM,2,0.9910213243546577,0.008978675645342313,0.7744107744107744,0.797979797979798,0.3959426188411696,0.3729797966645109,0.37609796408158536,0.8260869565217391,0.7070707070707071
medical,GSI_MLC_PA_SVM,3,0.9915669515669515,0.008433048433048432,0.7846153846153846,0.8131623931623931,0.4772189888301,0.4174897420761517,0.43416535001903905,0.8384279475982532,0.6974358974358974
medical,GSI_MLC_PA_SVM,4,0.98998899889989,0.01001100110011001,0.7483498349834983,0.772112211221122,0.4744761217393477,0.41113962828847533,0.43161329366018597,0.8026030368763557,0.6831683168316832
medical,GSI_MLC_PA_SVM,5,0.9899941826643397,0.010005817335660267,0.7792321116928446,0.8101221640488655,0.3941050999254445,0.36767313682681474,0.37431198519039366,0.8177966101694916,0.6858638743455497
enron,BR_Logistic,1,0.9521171566476525,0.04788284335234752,0.4450403036885595,0.5523026150206384,0.26590178032927225,0.1818127616718556,0.2105797509010404,0.565455450472872,0.16279069767441862
enron,BR_Logistic,2,0.9500948978452607,0.04990510215473931,0.43173076923076925,0.5455547082766018,0.31918253507379235,0.1938125889206876,0.2301299393587241,0.5634765625,0.10650887573964497
enron,BR_Logistic,3,0.949685534591195,0.050314465408805034,0.43991498839324916,0.5512544782109999,0.3086279765125275,0.19351142307402142,0.22453563235135152,0.5572666025024061,0.13333333333333333
enron,BR_Logistic,4,0.9507181075753309,0.049281892424669106,0.45144278606965177,0.5568672123896005,0.3204059886528889,0.17555138618883978,0.20558974546905534,0.5640259093173892,0.16716417910447762
enron,BR_Logistic,5,0.9497225305216426,0.05027746947835738,0.41450630252100845,0.5248425430778371,0.2881121928075999,0.1745950201345063,0.20909884919363278,0.5456369107321966,0.11764705882352941
enron,BR_MLP,1,0.7858161474330847,0.2141838525669153,0.1682392285112034,0.2789862062752284,0.13728700484072634,0.42139076447139834,0.17024759122370803,0.287538770297391,0.0
enron,BR_MLP,2,0.7812883778050687,0.21871162219493134,0.15718869929957274,0.2614786550898808,0.1358017506780376,0.4138668714823783,0.16432338973559546,0.2690298507462687,0.0
enron,BR_MLP,3,0.7934919332786436,0.2065080667213563,0.16820248342963376,0.27792286835825963,0.1333974898390485,0.39324779509492525,0.16978052168490276,0.2862003780718336,0.0
enron,BR_MLP,4,0.791044776119403,0.208955223880597,0.16428929864399577,0.2709043135906959,0.11622885013208678,0.37153216021640945,0.15038848782015102,0.27905169063350177,0.0
enron,BR_MLP,5,0.7912874583795783,0.20871254162042174,0.15877479580709866,0.26256325685853443,0.11579173372443177,0.35891004773620055,0.1493842336888977,0.2715475498741042,0.0
enron,CC_Logistic,1,0.9514589732338745,0.04854102676612549,0.4682234432234433,0.5711673904261114,0.28676276392700256,0.19788452580537264,0.226804503054223,0.5655375552282769,0.2005813953488372
enron,CC_Logistic,2,0.9469688511778497,0.05303114882215027,0.418302103879027,0.5321100168733305,0.2951862760699122,0.1885302670222668,0.21940806435898055,0.5419479267116682,0.10650887573964497
enron,CC_Logistic,3,0.9493573967733114,0.050642603226688544,0.4513069619591359,0.5600415365632756,0.31919873544129207,0.20726542582732785,0.2353052655550733,0.5577841451766953,0.14492753623188406
enron,CC_Logistic,4,0.9488031540411151,0.051196845958884823,0.45613124851930825,0.561242041540549,0.31460291795833845,0.17765221912866722,0.20560187048273998,0.5563689604685212,0.1701492537313433
enron,CC_Logistic,5,0.9493340732519423,0.05066592674805771,0.43439075630252105,0.5413821472645002,0.28457183064404257,0.18056883649297267,0.2131020693786764,0.5531081742535487,0.1264705882352941
enron,CC_MLP,1,0.940598946906538,0.059401053093462046,0.46203688914444724,0.5833334543363613,0.23628078866370747,0.24063473397698146,0.220932761888757,0.5781067393844955,0.10174418604651163
enron,CC_MLP,2,0.9409400468907,0.05905995310929999,0.4471717385178924,0.5737163559648767,0.2615910631506607,0.2587189280207597,0.23648396042432435,0.584446190102121,0.0621301775147929
enron,CC_MLP,3,0.9388022969647252,0.06119770303527482,0.44969633426155164,0.5752953568170959,0.25484252998404866,0.24719549321727038,0.225002004222207,0.5697808535178778,0.0782608695652174
enron,CC_MLP,4,0.9404674739509997,0.05953252604900028,0.4651437865616971,0.5864056604794093,0.20400687235762097,0.2126609230308377,0.19071293233075454,0.5777067518977227,0.10746268656716418
enron,CC_MLP,5,0.9412874583795783,0.058712541620421756,0.44483119005177824,0.5705412561294915,0.19448484501077373,0.23800842185095533,0.2058338621269735,0.5811559778305622,0.07941176470588235
enron,MLC_PA_Logistic,1,0.9521171566476525,0.04788284335234752,0.4450403036885595,0.5523026150206384,0.26590178032927225,0.1818127616718556,0.2105797509010404,0.565455450472872,0.16279069767441862
enron,MLC_PA_Logistic,2,0.9500948978452607,0.04990510215473931,0.43173076923076925,0.5455547082766018,0.31918253507379235,0.1938125889206876,0.2301299393587241,0.5634765625,0.10650887573964497
enron,MLC_PA_Logistic,3,0.949685534591195,0.050314465408805034,0.43991498839324916,0.5512544782109999,0.3086279765125275,0.19351142307402142,0.22453563235135152,0.5572666025024061,0.13333333333333333
enron,MLC_PA_Logistic,4,0.9507181075753309,0.049281892424669106,0.45144278606965177,0.5568672123896005,0.3204059886528889,0.17555138618883978,0.20558974546905534,0.5640259093173892,0.16716417910447762
enron,MLC_PA_Logistic,5,0.9497225305216426,0.05027746947835738,0.41450630252100845,0.5248425430778371,0.2881121928075999,0.1745950201345063,0.20909884919363278,0.5456369107321966,0.11764705882352941
enron,MLC_PA_MLP,1,0.7858161474330847,0.2141838525669153,0.1682392285112034,0.2789862062752284,0.13728700484072634,0.42139076447139834,0.17024759122370803,0.287538770297391,0.0
enron,MLC_PA_MLP,2,0.7812883778050687,0.21871162219493134,0.15718869929957274,0.2614786550898808,0.1358017506780376,0.4138668714823783,0.16432338973559546,0.2690298507462687,0.0
enron,MLC_PA_MLP,3,0.7934919332786436,0.2065080667213563,0.16820248342963376,0.27792286835825963,0.1333974898390485,0.39324779509492525,0.16978052168490276,0.2862003780718336,0.0
enron,MLC_PA_MLP,4,0.791044776119403,0.208955223880597,0.16428929864399577,0.2709043135906959,0.11622885013208678,0.37153216021640945,0.15038848782015102,0.27905169063350177,0.0
enron,MLC_PA_MLP,5,0.7912874583795783,0.20871254162042174,0.15877479580709866,0.26256325685853443,0.11579173372443177,0.35891004773620055,0.1493842336888977,0.2715475498741042,0.0
enron,GSI_MLC_PA_Logistic,1,0.9523365511189118,0.0476634488810882,0.44259705894880313,0.545528946183016,0.2744247003219022,0.17825442837298247,0.2076559877138609,0.5652826413206603,0.16569767441860464
enron,GSI_MLC_PA_Logistic,2,0.9505972982025231,0.049402701797476835,0.4366288625904011,0.5466615567207282,0.3333365664733589,0.19823614942753773,0.23737859129925212,0.5663890249877511,0.10946745562130178
enron,GSI_MLC_PA_Logistic,3,0.9512715340442987,0.04872846595570139,0.44649193801367715,0.5566084318258231,0.3241842396813891,0.1978133419956428,0.23184488423572785,0.5668449197860963,0.13333333333333333
enron,GSI_MLC_PA_Logistic,4,0.950830751900873,0.049169248099127004,0.4490393271736556,0.5541749958167869,0.3295245938128116,0.17359059600103652,0.20435273896874623,0.5615268709191361,0.1701492537313433
enron,GSI_MLC_PA_Logistic,5,0.9503884572697003,0.04961154273029967,0.42244281045751625,0.5323050968639204,0.2927327466371049,0.17709144659462453,0.21213111432793616,0.553,0.12058823529411765
enron,GSI_MLC_PA_MLP,1,0.9181110136024572,0.08188898639754279,0.31387479606956353,0.437350195404231,0.25422172911119706,0.227810467217903,0.20951632218127061,0.47558833860203725,0.011627906976744186
enron,GSI_MLC_PA_MLP,2,0.9099028692642626,0.09009713073573741,0.27753484188395433,0.40060967960376237,0.22643244697701298,0.2500096652717032,0.19124860095917112,0.4372384937238494,0.0029585798816568047
enron,GSI_MLC_PA_MLP,3,0.8788624555646705,0.12113754443532951,0.18724955351553818,0.2889836274363129,0.23068021852102,0.26704155645902855,0.19019542010384213,0.3269522941355211,0.002898550724637681
enron,GSI_MLC_PA_MLP,4,0.9078569417065615,0.09214305829343847,0.2667546466800198,0.38449364897126087,0.21289349129778318,0.2291697538071513,0.17915498355611362,0.4161313347608851,0.005970149253731343
enron,GSI_MLC_PA_MLP,5,0.9153718091009989,0.08462819089900112,0.29493548934725405,0.4223059864971629,0.214716885043787,0.2206044500077991,0.18850914443744604,0.46397188049209137,0.0029411764705882353
enron,BR_SVM,1,0.9501426064063185,0.04985739359368144,0.30573994803645965,0.41273994093761535,0.0992912152249428,0.0657685176771094,0.07214188304236094,0.45536249251048533,0.05813953488372093
enron,BR_SVM,2,0.9473037847493581,0.052696215250641956,0.29742767915844837,0.39941532826148207,0.10764544882802356,0.060870333383149386,0.0680647775594541,0.42926239419588874,0.05029585798816568
enron,BR_SVM,3,0.948318293683347,0.051681706316652996,0.31003346090302614,0.4141269841269842,0.10272123616695118,0.05828169199045519,0.06581805458703902,0.44181925575900766,0.06376811594202898
enron,BR_SVM,4,0.9481272880878626,0.05187271191213742,0.30915778251599146,0.4114951217936293,0.11700151907389343,0.06377130690963395,0.07192754363433806,0.44283121597096187,0.06567164179104477
enron,BR_SVM,5,0.947780244173141,0.052219755826859046,0.27381185807656394,0.3739627366097954,0.13666733862937286,0.06798161273576968,0.08084142424109651,0.4251679902260232,0.029411764705882353
enron,CC_SVM,1,0.9500877577885037,0.04991224221149627,0.3562673034330011,0.4582532131950737,0.1277920484330468,0.07536678425095387,0.08419923031342537,0.4647058823529412,0.11918604651162791
enron,CC_SVM,2,0.9483644077258011,0.05163559227419895,0.3383664412510567,0.4427096407865638,0.19150843032758236,0.07910312995575508,0.09180861525131429,0.4631456761462565,0.07692307692307693
enron,CC_SVM,3,0.9478807765928356,0.05211922340716434,0.3429745697137001,0.4489108476064998,0.127362566865612,0.08049884994269448,0.09320536105850845,0.45821489482660605,0.08405797101449275
enron,CC_SVM,4,0.9470571669952126,0.05294283300478738,0.34608505093579717,0.45348818677176894,0.12412521543839186,0.08315650126704631,0.08769646464216777,0.4547563805104408,0.08955223880597014
enron,CC_SVM,5,0.9482796892341843,0.051720310765815763,0.3079890289449113,0.4107959850606909,0.12798492952720708,0.0676081835918723,0.08002680436877652,0.44786729857819907,0.05
enron,MLC_PA_SVM,1,0.9501426064063185,0.04985739359368144,0.30573994803645965,0.41273994093761535,0.0992912152249428,0.0657685176771094,0.07214188304236094,0.45536249251048533,0.05813953488372093
enron,MLC_PA_SVM,2,0.9473037847493581,0.052696215250641956,0.29742767915844837,0.39941532826148207,0.10764544882802356,0.060870333383149386,0.0680647775594541,0.42926239419588874,0.05029585798816568
enron,MLC_PA_SVM,3,0.948318293683347,0.051681706316652996,0.31003346090302614,0.4141269841269842,0.10272123616695118,0.05828169199045519,0.06581805458703902,0.44181925575900766,0.06376811594202898
enron,MLC_PA_SVM,4,0.9481272880878626,0.05187271191213742,0.30915778251599146,0.4114951217936293,0.11700151907389343,0.06377130690963395,0.07192754363433806,0.44283121597096187,0.06567164179104477
enron,MLC_PA_SVM,5,0.947780244173141,0.052219755826859046,0.27381185807656394,0.3739627366097954,0.13666733862937286,0.06798161273576968,0.08084142424109651,0.4251679902260232,0.029411764705882353
enron,GSI_MLC_PA_SVM,1,0.9500329091706889,0.049967090829311105,0.32246677740863783,0.4272316185106883,0.1556931691000409,0.08321621581103061,0.0962347821334104,0.4706565950029053,0.07267441860465117
enron,GSI_MLC_PA_SVM,2,0.9468572066540136,0.05314279334598638,0.2955010801164647,0.39849722926646003,0.19708558138421173,0.08340201520847136,0.0985294571928563,0.431980906921241,0.05029585798816568
enron,GSI_MLC_PA_SVM,3,0.9478807765928356,0.05211922340716434,0.31325752347491476,0.42024050024050025,0.16243845078262062,0.0920941208389072,0.105947533985037,0.445607911576498,0.06086956521739131
enron,GSI_MLC_PA_SVM,4,0.9479583215995494,0.052041678400450576,0.3238130774697939,0.4278606965174129,0.1454196845664758,0.07222059538879823,0.08391654163538877,0.45964912280701753,0.06865671641791045
enron,GSI_MLC_PA_SVM,5,0.9482796892341843,0.051720310765815763,0.28925653594771245,0.39138337153043035,0.15681853487490377,0.06489651267964651,0.07864128961132484,0.4378769601930036,0.03529411764705882
cal500,BR_Logistic,1,0.8604188005007397,0.13958119949926026,0.21513774675367295,0.3473152324625273,0.14579166274922223,0.07062199689553342,0.07810790239678696,0.3488186886116273,0.0
cal500,BR_Logistic,2,0.8622965744850347,0.13770342551496528,0.21595609913695488,0.34817403988123996,0.12309124821441797,0.07014888376161224,0.07467053851242961,0.3466522678185745,0.0
cal500,BR_Logistic,3,0.8647079521463759,0.1352920478536242,0.21288166773644301,0.3450205776215823,0.12686358005185758,0.06445849058724147,0.06922496200301229,0.3466440101954121,0.0
cal500,BR_Logistic,4,0.8652983032293378,0.1347016967706623,0.2174824015045483,0.34947632982431287,0.13932133819506265,0.06798460544554821,0.07340950974954878,0.34773389875430694,0.0
cal500,BR_Logistic,5,0.8607654935418889,0.13923450645811114,0.2068341412357117,0.3366580739951314,0.1177759836480929,0.06858029558678315,0.07387024794451247,0.33765501691093575,0.0
cal500,BR_MLP,1,0.6514737680664618,0.34852623193353816,0.17124312238809505,0.2900003921270512,0.16053197098371302,0.3414691293766155,0.16539216186445097,0.2928068352384251,0.0
cal500,BR_MLP,2,0.658188232616365,0.3418117673836349,0.1749050672835538,0.2946411462303944,0.14683095630338375,0.3467479597008311,0.1663054902558128,0.2980016360874138,0.0
cal500,BR_MLP,3,0.6564039408866995,0.3435960591133005,0.17569839953827784,0.2966467482933191,0.15057010370109863,0.3359725855856701,0.16159492131067724,0.2980711632922008,0.0
cal500,BR_MLP,4,0.6527093596059113,0.3472906403940887,0.17237835052243336,0.29239072795000737,0.15268699856492593,0.3386976681289863,0.1620752481155112,0.294137278896429,0.0
cal500,BR_MLP,5,0.6487143026424932,0.3512856973575068,0.17647796507056995,0.29815919349216097,0.15292527958443103,0.36834466946532674,0.1693104183767985,0.2997519782685721,0.0
cal500,CC_Logistic,1,0.8481279162398998,0.15187208376010014,0.20456032138643243,0.3276746304575786,0.15505090016587497,0.08901076210251233,0.10111741714367692,0.33457990526053355,0.0
cal500,CC_Logistic,2,0.8537043359508365,0.14629566404916353,0.20042544524199124,0.3190880691124405,0.18573484684465844,0.08384610585845795,0.09076731157781676,0.3250196902074035,0.0
cal500,CC_Logistic,3,0.8550316678395496,0.14496833216045038,0.18555932038560066,0.30384324654280065,0.1295615403014233,0.0668654531354662,0.06909591127585922,0.3044456949915588,0.0
cal500,CC_Logistic,4,0.8570881226053639,0.142911877394636,0.1988690261903217,0.3180640492063172,0.16407731510514256,0.07773224871984005,0.08153348252624373,0.32445019404915915,0.0
cal500,CC_Logistic,5,0.8463088043607062,0.15369119563929376,0.18536178913870582,0.3018562648365577,0.13143997179221995,0.07705929090489656,0.07733689044828795,0.30381105743424586,0.0
cal500,CC_MLP,1,0.7397291453283259,0.26027085467167405,0.24043610485850483,0.3719911895756746,0.1616595688437628,0.29337543347083456,0.1913327734209007,0.37632942459776386,0.0
cal500,CC_MLP,2,0.7403550699897576,0.2596449300102424,0.2277955227561137,0.3562327069799193,0.16024462946705706,0.2878958273485063,0.18627892032056384,0.3617289131347042,0.0
cal500,CC_MLP,3,0.7447806708890452,0.25521932911095474,0.2444016825277007,0.3787404367420794,0.1744185280324382,0.3288460747910995,0.20402146439849944,0.38531073446327685,0.0
cal500,CC_MLP,4,0.7383689107827038,0.2616310892172961,0.22983481873944175,0.35610647549622665,0.1677205870408479,0.3039506577854558,0.1863169008931944,0.36181575433911883,0.0
cal500,CC_MLP,5,0.7365209148003318,0.26347908519966823,0.23100332481014196,0.35962290880239367,0.1590218679770165,0.30139182076964866,0.1849292144767409,0.36225440986662844,0.0
cal500,MLC_PA_Logistic,1,0.8604188005007397,0.13958119949926026,0.21513774675367295,0.3473152324625273,0.14579166274922223,0.07062199689553342,0.07810790239678696,0.3488186886116273,0.0
cal500,MLC_PA_Logistic,2,0.8622965744850347,0.13770342551496528,0.21595609913695488,0.34817403988123996,0.12309124821441797,0.07014888376161224,0.07467053851242961,0.3466522678185745,0.0
cal500,MLC_PA_Logistic,3,0.8647079521463759,0.1352920478536242,0.21288166773644301,0.3450205776215823,0.12686358005185758,0.06445849058724147,0.06922496200301229,0.3466440101954121,0.0
cal500,MLC_PA_Logistic,4,0.8652983032293378,0.1347016967706623,0.2174824015045483,0.34947632982431287,0.13932133819506265,0.06798460544554821,0.07340950974954878,0.34773389875430694,0.0
cal500,MLC_PA_Logistic,5,0.8607654935418889,0.13923450645811114,0.2068341412357117,0.3366580739951314,0.1177759836480929,0.06858029558678315,0.07387024794451247,0.33765501691093575,0.0
cal500,MLC_PA_MLP,1,0.6514737680664618,0.34852623193353816,0.17124312238809505,0.2900003921270512,0.16053197098371302,0.3414691293766155,0.16539216186445097,0.2928068352384251,0.0
cal500,MLC_PA_MLP,2,0.658188232616365,0.3418117673836349,0.1749050672835538,0.2946411462303944,0.14683095630338375,0.3467479597008311,0.1663054902558128,0.2980016360874138,0.0
cal500,MLC_PA_MLP,3,0.6564039408866995,0.3435960591133005,0.17569839953827784,0.2966467482933191,0.15057010370109863,0.3359725855856701,0.16159492131067724,0.2980711632922008,0.0
cal500,MLC_PA_MLP,4,0.6527093596059113,0.3472906403940887,0.17237835052243336,0.29239072795000737,0.15268699856492593,0.3386976681289863,0.1620752481155112,0.294137278896429,0.0
cal500,MLC_PA_MLP,5,0.6487143026424932,0.3512856973575068,0.17647796507056995,0.29815919349216097,0.15292527958443103,0.36834466946532674,0.1693104183767985,0.2997519782685721,0.0
cal500,GSI_MLC_PA_Logistic,1,0.8616137475816548,0.1383862524183453,0.2145816476873117,0.3468912237782244,0.12515746090617064,0.06759763181449689,0.07213081280793841,0.34798927613941016,0.0
cal500,GSI_MLC_PA_Logistic,2,0.8617275520655514,0.13827244793444862,0.213930450068335,0.34553437918071245,0.12283897758662313,0.06806054455998327,0.07009919157813982,0.34359805510534847,0.0
cal500,GSI_MLC_PA_Logistic,3,0.8640042223786066,0.1359957776213934,0.21440400201797283,0.34658410981187593,0.11619498318935396,0.06507631954463552,0.06852032220313405,0.3480461062693281,0.0
cal500,GSI_MLC_PA_Logistic,4,0.865024630541872,0.13497536945812807,0.21870948115265487,0.35191756757287784,0.1274366487481017,0.06845791307696648,0.07199407924473265,0.35036880927291886,0.0
cal500,GSI_MLC_PA_Logistic,5,0.8622467116956986,0.13775328830430145,0.21713781893435904,0.3506186713563399,0.13626351021596916,0.07445738280579813,0.07857150197086486,0.3529084330642917,0.0
cal500,GSI_MLC_PA_MLP,1,0.7564584044611358,0.24354159553886423,0.21781675884568086,0.3529516644440097,0.13826905055465782,0.2254203914455117,0.13418859695451923,0.35697115384615385,0.0
cal500,GSI_MLC_PA_MLP,2,0.7371685444406509,0.26283145555934906,0.21732464374393273,0.35259744468599996,0.1283682410409667,0.2734191097382997,0.14766687161654377,0.3562369337979094,0.0
cal500,GSI_MLC_PA_MLP,3,0.7364532019704433,0.26354679802955666,0.23950564008900202,0.38166566255647894,0.11993151769049042,0.2889009872617252,0.149939182087226,0.38572990705303445,0.0
cal500,GSI_MLC_PA_MLP,4,0.7469622331691297,0.25303776683087026,0.21191643770156984,0.3466371224345284,0.11262279064530034,0.24102720487924598,0.12693867303871667,0.34878151852373573,0.0
cal500,GSI_MLC_PA_MLP,5,0.728759331674369,0.271240668325631,0.20876451921657335,0.34175188166858556,0.12292410518537202,0.28393565067219756,0.13748600799669045,0.3433734939759036,0.0
cal500,BR_SVM,1,0.8634346193240013,0.13656538067599863,0.1985370497912647,0.3253219313502743,0.06550989506495344,0.05070286492570577,0.04498803982684317,0.32088285229202035,0.0
cal500,BR_SVM,2,0.8617844543074997,0.13821554569250027,0.1952070491936342,0.3199795934573434,0.06822631024354242,0.05337218587773225,0.04614124728785616,0.3132598247102064,0.0
cal500,BR_SVM,3,0.8650598170302604,0.1349401829697396,0.1989285353122312,0.32735056373730076,0.05813542098850108,0.05156946735273394,0.04565067955829888,0.3246257704725565,0.0
cal500,BR_SVM,4,0.8645867542419267,0.13541324575807334,0.18399309614522974,0.3037759836952108,0.06429695476040938,0.046883213197933635,0.03991639762110667,0.29795686719636777,0.0
cal500,BR_SVM,5,0.862009716791089,0.13799028320891102,0.18856135895041776,0.31309115844535257,0.06717939433764404,0.052125054625976185,0.04664271762074257,0.30910708988430735,0.0
cal500,CC_SVM,1,0.8583703197905997,0.14162968020940025,0.2042383508603572,0.33286781472381805,0.10528670726054926,0.06293744684897597,0.06532564383824166,0.33109379199140015,0.0
cal500,CC_SVM,2,0.8585979287583931,0.14140207124160692,0.18621614594401742,0.30737555708501785,0.0988220828089392,0.05540150366706739,0.05312863526571938,0.30216231395675375,0.0
cal500,CC_SVM,3,0.8620103213699273,0.13798967863007272,0.19348436135006766,0.3192658615447473,0.08789075190838579,0.05408550808957404,0.052242988710039545,0.31737742964897014,0.0
cal500,CC_SVM,4,0.8608648056923919,0.1391351943076081,0.19228725936618468,0.3140594531722899,0.08169268462113255,0.056042050533557666,0.05501311490623084,0.3111111111111111,0.0
cal500,CC_SVM,5,0.8556701030927836,0.14432989690721648,0.18809996325678421,0.31119012086257913,0.10004754026257891,0.061439178601906994,0.061587825543043914,0.3103057757644394,0.0
cal500,MLC_PA_SVM,1,0.8634346193240013,0.13656538067599863,0.1985370497912647,0.3253219313502743,0.06550989506495344,0.05070286492570577,0.04498803982684317,0.32088285229202035,0.0
cal500,MLC_PA_SVM,2,0.8617844543074997,0.13821554569250027,0.1952070491936342,0.3199795934573434,0.06822631024354242,0.05337218587773225,0.04614124728785616,0.3132598247102064,0.0
cal500,MLC_PA_SVM,3,0.8650598170302604,0.1349401829697396,0.1989285353122312,0.32735056373730076,0.05813542098850108,0.05156946735273394,0.04565067955829888,0.3246257704725565,0.0
cal500,MLC_PA_SVM,4,0.8645867542419267,0.13541324575807334,0.18399309614522974,0.3037759836952108,0.06429695476040938,0.046883213197933635,0.03991639762110667,0.29795686719636777,0.0
cal500,MLC_PA_SVM,5,0.862009716791089,0.13799028320891102,0.18856135895041776,0.31309115844535257,0.06717939433764404,0.052125054625976185,0.04664271762074257,0.30910708988430735,0.0
cal500,GSI_MLC_PA_SVM,1,0.8612723341299647,0.13872766587003527,0.20244069893747715,0.3319247302330899,0.06748936107268066,0.05404292442765575,0.048144248104101575,0.32837465564738294,0.0
cal500,GSI_MLC_PA_SVM,2,0.8621258677591896,0.1378741322408103,0.20751450977160646,0.3371551095979246,0.10877129910440317,0.06051729002802573,0.056223410718688575,0.3326907188102451,0.0
cal500,GSI_MLC_PA_SVM,3,0.8625967628430683,0.13740323715693173,0.20482229638417873,0.33540037655804555,0.05853398277778559,0.05590845215613045,0.049520735258942246,0.3326687553403589,0.0
cal500,GSI_MLC_PA_SVM,4,0.8628899835796388,0.13711001642036125,0.19758264449269755,0.3240322744939079,0.08567816424295574,0.05446661519146654,0.04935068350092257,0.3198479500407277,0.0
cal500,GSI_MLC_PA_SVM,5,0.8602915037326697,0.13970849626733026,0.19223760971918652,0.3186789201744713,0.07953295843435501,0.05574540376916216,0.05108765849777103,0.3165217391304348,0.0
bibtex,BR_Logistic,1,0.987275718472058,0.012724281527942008,0.319941087878658,0.3763596587336369,0.49943268128575563,0.21261632554594426,0.27760911650703884,0.4264194669756663,0.17643051771117166
bibtex,BR_Logistic,2,0.9875745738334142,0.012425426166585816,0.3319266003129332,0.3900530939595109,0.5158478669677705,0.2279223959811141,0.29309886336100155,0.4450779171417712,0.18064952638700948
bibtex,BR_Logistic,3,0.9876742826581759,0.012325717341824107,0.30578628871311797,0.3615777432850603,0.5051006568003492,0.2010424332103378,0.2651266786037842,0.4174015285126396,0.16282135794330915
bibtex,BR_Logistic,4,0.9874901192562807,0.012509880743719283,0.31926412534838283,0.3774538170542269,0.5517486782869722,0.22341772294472276,0.2909181902511882,0.4393530997304582,0.16734972677595628
bibtex,BR_Logistic,5,0.9873142769009305,0.012685723099069457,0.3289807879713533,0.3897990581609541,0.5140441488648596,0.2245613246393599,0.28992876233029957,0.43973509933774835,0.1709809264305177
bibtex,BR_MLP,1,0.8690470070090655,0.1309529929909345,0.05023651023018512,0.09242998552001946,0.08379002939588273,0.3603804224838585,0.09833078710167796,0.09664262915238207,0.0
bibtex,BR_MLP,2,0.8655883779712513,0.13441162202874868,0.048181084315331385,0.0887110304466365,0.08797842663508515,0.360082813838655,0.10163690604359751,0.09318749461717336,0.0
bibtex,BR_MLP,3,0.8676633375206776,0.1323366624793224,0.047236986490872775,0.08707244961744172,0.09341799967877887,0.3576857904592142,0.09992770993154937,0.09090909090909091,0.0
bibtex,BR_MLP,4,0.8690328899886586,0.13096711001134137,0.050165119885236,0.09220104230234219,0.08607311794695388,0.36637861178269565,0.10328061297501341,0.09729953807888192,0.0
bibtex,BR_MLP,5,0.8699766935718815,0.13002330642811852,0.05028985363962716,0.0924302202017549,0.08539210751893388,0.35720314924858304,0.10250976958684684,0.09689034369885434,0.0
bibtex,CC_Logistic,1,0.9872885712816821,0.012711428718317824,0.3118262122910304,0.36428156312352494,0.49097526624960686,0.19581649609074234,0.2593619443607955,0.41375222288085356,0.17779291553133514
bibtex,CC_Logistic,2,0.9876298925115531,0.012370107488446906,0.3232004689041225,0.3774278336426688,0.5282159555979392,0.22102778338534418,0.28795353283993275,0.43847788294378987,0.18064952638700948
bibtex,CC_Logistic,3,0.9877157415123361,0.012284258487663917,0.2931106577448041,0.34548501011915644,0.5054112488882015,0.19297472326511783,0.2558122304110763,0.4089367644125274,0.15622940013183917
bibtex,CC_Logistic,4,0.9874213836477987,0.012578616352201259,0.3098644592888807,0.36411565627754156,0.5517105467773509,0.2095232208696562,0.2750791320501952,0.4267815191855912,0.1680327868852459
bibtex,CC_Logistic,5,0.9872842870118075,0.012715712988192553,0.3215891475124499,0.37779049485110044,0.5128288074291426,0.21654358998300546,0.2824983069795441,0.42901115813774526,0.17302452316076294
bibtex,CC_MLP,1,0.9816419035867907,0.01835809641320926,0.23372821596953966,0.29068242817402207,0.2089140611795656,0.18368116128284007,0.15454305267698332,0.34530175706646293,0.1008174386920981
bibtex,CC_MLP,2,0.9820214296048544,0.017978570395145572,0.23874204561789136,0.2974361150851115,0.20893783433054094,0.18994395030653258,0.15944663426836453,0.3583902809415338,0.09945872801082543
bibtex,CC_MLP,3,0.982189276252783,0.017810723747217073,0.2260599830004421,0.28302863777265347,0.22864169865115866,0.18612680939406026,0.15744891886420104,0.34631771150334756,0.09492419248516809
bibtex,CC_MLP,4,0.9820342303330241,0.017965769666975977,0.2386828530723179,0.2973707331128578,0.21970330952873887,0.1896363499452157,0.157812793207207,0.35602094240837695,0.09562841530054644
bibtex,CC_MLP,5,0.9820274878755163,0.017972512124483746,0.2427286406886292,0.3026420549876195,0.22912199442074022,0.18611911256798944,0.16252226297576947,0.35511145272867023,0.10149863760217984
bibtex,MLC_PA_Logistic,1,0.987275718472058,0.012724281527942008,0.319941087878658,0.3763596587336369,0.49943268128575563,0.21261632554594426,0.27760911650703884,0.4264194669756663,0.17643051771117166
bibtex,MLC_PA_Logistic,2,0.9875745738334142,0.012425426166585816,0.3319266003129332,0.3900530939595109,0.5158478669677705,0.2279223959811141,0.29309886336100155,0.4450779171417712,0.18064952638700948
bibtex,MLC_PA_Logistic,3,0.9876742826581759,0.012325717341824107,0.30578628871311797,0.3615777432850603,0.5051006568003492,0.2010424332103378,0.2651266786037842,0.4174015285126396,0.16282135794330915
bibtex,MLC_PA_Logistic,4,0.9874901192562807,0.012509880743719283,0.31926412534838283,0.3774538170542269,0.5517486782869722,0.22341772294472276,0.2909181902511882,0.4393530997304582,0.16734972677595628
bibtex,MLC_PA_Logistic,5,0.9873142769009305,0.012685723099069457,0.3289807879713533,0.3897990581609541,0.5140441488648596,0.2245613246393599,0.28992876233029957,0.43973509933774835,0.1709809264305177
bibtex,MLC_PA_MLP,1,0.8690470070090655,0.1309529929909345,0.05023651023018512,0.09242998552001946,0.08379002939588273,0.3603804224838585,0.09833078710167796,0.09664262915238207,0.0
bibtex,MLC_PA_MLP,2,0.8655883779712513,0.13441162202874868,0.048181084315331385,0.0887110304466365,0.08797842663508515,0.360082813838655,0.10163690604359751,0.09318749461717336,0.0
bibtex,MLC_PA_MLP,3,0.8676633375206776,0.1323366624793224,0.047236986490872775,0.08707244961744172,0.09341799967877887,0.3576857904592142,0.09992770993154937,0.09090909090909091,0.0
bibtex,MLC_PA_MLP,4,0.8690328899886586,0.13096711001134137,0.050165119885236,0.09220104230234219,0.08607311794695388,0.36637861178269565,0.10328061297501341,0.09729953807888192,0.0
bibtex,MLC_PA_MLP,5,0.8699766935718815,0.13002330642811852,0.05028985363962716,0.0924302202017549,0.08539210751893388,0.35720314924858304,0.10250976958684684,0.09689034369885434,0.0
bibtex,GSI_MLC_PA_Logistic,1,0.9873185611708053,0.012681438829194728,0.3159051090981288,0.37128873246039457,0.5131578750614093,0.20526155310574307,0.27125805194818803,0.42255169722980884,0.17574931880108993
bibtex,GSI_MLC_PA_Logistic,2,0.9876596794920894,0.012340320507910571,0.3265106660742655,0.38327518031509905,0.5333951485905517,0.22433404705255847,0.29131386450185837,0.4429504417979255,0.17794316644113667
bibtex,GSI_MLC_PA_Logistic,3,0.9877613462519123,0.01223865374808771,0.30043186872455163,0.3547949560144682,0.5052655023839774,0.19205902820750234,0.2553696747764491,0.41312127236580515,0.16150296638101516
bibtex,GSI_MLC_PA_Logistic,4,0.9875158951094615,0.012484104890538543,0.31511751679603656,0.37142014595908035,0.5710878246475298,0.21587348945900708,0.2821114683767287,0.4357281553398058,0.16598360655737704
bibtex,GSI_MLC_PA_Logistic,5,0.9873785409490514,0.012621459050948537,0.32797815918375844,0.38596028604902116,0.5154174089570194,0.22100284220982247,0.28756239983064175,0.43778625954198475,0.17506811989100818
bibtex,GSI_MLC_PA_MLP,1,0.9754125751889363,0.0245874248110637,0.12335364387175575,0.18074591767691622,0.17747004334161176,0.13201543764314316,0.11595882231181733,0.22811028917283122,0.006811989100817439
bibtex,GSI_MLC_PA_MLP,2,0.9719789618811755,0.02802103811882452,0.1017146926145573,0.15380215363038774,0.15799526681454942,0.12923814048424073,0.11270650934367117,0.20075251850952786,0.0027063599458728013
bibtex,GSI_MLC_PA_MLP,3,0.9770773995348316,0.022922600465168343,0.11466955643784912,0.16783400949941765,0.18331168883581475,0.12434529351972236,0.11292761281842327,0.23090833217415496,0.005932762030323006
bibtex,GSI_MLC_PA_MLP,4,0.9784986424717325,0.02150135752826752,0.1402460847739644,0.1992599902520029,0.15384853418720199,0.13670446629440755,0.11843675872057098,0.2677395757132407,0.010245901639344262
bibtex,GSI_MLC_PA_MLP,5,0.9728205919147259,0.027179408085274106,0.11267599367605377,0.16988473243822658,0.1573297225035924,0.11920622070960732,0.09823132638037115,0.20301507537688443,0.004087193460490463
bibtex,BR_SVM,1,0.9874256679176735,0.01257433208232653,0.2894724617646961,0.34069392989692715,0.42372281110664156,0.18869080058485346,0.23666589848133404,0.3881592662080467,0.1600817438692098
bibtex,BR_SVM,2,0.9873788308184611,0.012621169181538881,0.2845414884318809,0.33603126312869214,0.41751620120596894,0.18969624692206863,0.23851872752087094,0.38946068340881024,0.15223274695534506
bibtex,BR_SVM,3,0.9877903674498244,0.012209632550175578,0.272159774598799,0.3204615607054631,0.4039957506627668,0.17988832978018937,0.22702813132258604,0.3793466807165437,0.14897824653922215
bibtex,BR_SVM,4,0.9873827198680276,0.012617280131972369,0.29472593785817025,0.34497945512289774,0.43828000617465845,0.19809083540416267,0.24739331235402906,0.3980323836851814,0.16325136612021857
bibtex,BR_SVM,5,0.9874213836477987,0.012578616352201259,0.2979975897550829,0.3509734458259992,0.4203610093372609,0.19471533201915453,0.24158495466830554,0.39662967529798604,0.16076294277929154
bibtex,CC_SVM,1,0.9873185611708053,0.012681438829194728,0.29179500865468166,0.34058694862509575,0.4245999184264382,0.1887493709367243,0.23382661750168748,0.38589211618257263,0.17029972752043596
bibtex,CC_SVM,2,0.987255427613382,0.012744572386617987,0.28747986339325987,0.336918325247148,0.42862030599882256,0.19083639104071973,0.23846408175603134,0.3886507450500102,0.15899864682002707
bibtex,CC_SVM,3,0.9876162402623516,0.01238375973764837,0.27431046028607003,0.3202868690673568,0.38965156683212837,0.1786385395326795,0.22228236928612474,0.3775786622212961,0.15622940013183917
bibtex,CC_SVM,4,0.987429975598859,0.012570024401141012,0.30002790924922074,0.3487270736246146,0.4272477764925753,0.2011069341042593,0.24964300798606615,0.4016359918200409,0.17349726775956284
bibtex,CC_SVM,5,0.9874513735369218,0.012548626463078163,0.30108239057740177,0.35085151859432484,0.43469335245651036,0.20009187925343322,0.2483240369189897,0.4004094165813715,0.16961852861035423
bibtex,MLC_PA_SVM,1,0.9874256679176735,0.01257433208232653,0.2894724617646961,0.34069392989692715,0.42372281110664156,0.18869080058485346,0.23666589848133404,0.3881592662080467,0.1600817438692098
bibtex,MLC_PA_SVM,2,0.9873788308184611,0.012621169181538881,0.2845414884318809,0.33603126312869214,0.41751620120596894,0.18969624692206863,0.23851872752087094,0.38946068340881024,0.15223274695534506
bibtex,MLC_PA_SVM,3,0.9877903674498244,0.012209632550175578,0.272159774598799,0.3204615607054631,0.4039957506627668,0.17988832978018937,0.22702813132258604,0.3793466807165437,0.14897824653922215
bibtex,MLC_PA_SVM,4,0.9873827198680276,0.012617280131972369,0.29472593785817025,0.34497945512289774,0.43828000617465845,0.19809083540416267,0.24739331235402906,0.3980323836851814,0.16325136612021857
bibtex,MLC_PA_SVM,5,0.9874213836477987,0.012578616352201259,0.2979975897550829,0.3509734458259992,0.4203610093372609,0.19471533201915453,0.24158495466830554,0.39662967529798604,0.16076294277929154
bibtex,GSI_MLC_PA_SVM,1,0.9874428049971724,0.012557195002827619,0.29363546213852754,0.3441337800383405,0.4278388257915252,0.1954892091740565,0.24474636793326798,0.3940458962166632,0.16416893732970028
bibtex,GSI_MLC_PA_SVM,2,0.9873150015744547,0.012684998425545314,0.29143545711543006,0.3428889859201091,0.4356484112167601,0.1954590105057107,0.24606856703562907,0.39348931841302137,0.16035182679296348
bibtex,GSI_MLC_PA_SVM,3,0.9878318263039846,0.01216817369601539,0.28032752422996327,0.32872233969794945,0.4322537351709905,0.1884344982882511,0.23701855537173797,0.3871371893923575,0.15688859591298615
bibtex,GSI_MLC_PA_SVM,4,0.9872968003574252,0.012703199642574835,0.2981425519817516,0.3475231432198645,0.43553894365016116,0.20186559496430584,0.25208333509076997,0.39886155722707867,0.16939890710382513
bibtex,GSI_MLC_PA_SVM,5,0.9873999622984251,0.012600037701574897,0.3020230078242179,0.35483381355235005,0.43296585375806407,0.19783754497025005,0.24644172640326842,0.3996734027352521,0.164850136239782
reuters-k500,BR_Logistic,1,0.9883398380801858,0.011660161919814211,0.2746064704951748,0.2902982123081791,0.3230745991557328,0.1155174867001975,0.15825226973422593,0.3702090592334495,0.2292358803986711
reuters-k500,BR_Logistic,2,0.9885589977037424,0.011441002296257503,0.2817704011065007,0.2963077125732727,0.34393737602041663,0.12360032380664047,0.17094518006178025,0.3852813852813853,0.23817427385892115
reuters-k500,BR_Logistic,3,0.9885311985465282,0.011468801453471867,0.27857142857142864,0.29576918486692916,0.2922319089760355,0.11699719081935882,0.15879843757717244,0.39261168384879724,0.22890559732664995
reuters-k500,BR_Logistic,4,0.9888199962814159,0.011180003718584028,0.2972754186326209,0.3145612782998295,0.36721357914366853,0.12782023728605194,0.17774451360737403,0.41073711120579465,0.2472939217318901
reuters-k500,BR_Logistic,5,0.9885252972436299,0.011474702756370088,0.2906398435317128,0.3069392887079392,0.3355698794232635,0.11560827502075433,0.16105511992647042,0.39795046968403075,0.24224643755238895
reuters-k500,BR_MLP,1,0.840515433990259,0.15948456600974098,0.03349765687944327,0.06239939155362192,0.08368770686857958,0.22431901351865965,0.04831256415832949,0.06265402843601896,0.0
reuters-k500,BR_MLP,2,0.8551343512065424,0.14486564879345767,0.03903095458183263,0.07230964179993414,0.0921778117036176,0.2088418801353041,0.05770934318522173,0.07252656556277726,0.0
reuters-k500,BR_MLP,3,0.8408642966639901,0.15913570333600993,0.032988294428089905,0.061319760534536485,0.08284698137786863,0.20391169199069964,0.050163190633022235,0.06169296987087518,0.0
reuters-k500,BR_MLP,4,0.8332215063498865,0.16677849365011357,0.03291284903634379,0.061453053540586826,0.07172952098762204,0.232503114542006,0.056119067999955266,0.06235513339090124,0.0
reuters-k500,BR_MLP,5,0.8432604432002213,0.15673955679977863,0.0352340021697165,0.06530621236880445,0.07289638688209878,0.20620688234559822,0.05070225276074553,0.06604597032295606,0.0
reuters-k500,CC_Logistic,1,0.9885575589459085,0.01144244105409154,0.3345238095238095,0.3492366714127511,0.3436100769383467,0.1286927818624587,0.17092279730020982,0.41339396444811904,0.2915282392026578
reuters-k500,CC_Logistic,2,0.9886798533618015,0.011320146638198445,0.34969571230982016,0.36491470723835867,0.3059156147313976,0.13186853420474334,0.17373368629411773,0.4295574502639058,0.30456431535269707
reuters-k500,CC_Logistic,3,0.9885960856834644,0.011403914316535676,0.33638262322472845,0.35237100688228506,0.2935768496802004,0.12221598344799008,0.1613796966834502,0.42518397383483236,0.28905597326649957
reuters-k500,CC_Logistic,4,0.9889735899695238,0.011026410030476221,0.3620964011471921,0.3767594464930018,0.360715280293853,0.13164427757389952,0.1779491389287432,0.44642857142857145,0.3189009159034138
reuters-k500,CC_Logistic,5,0.9886148162013038,0.011385183798696278,0.3490779547359598,0.3646329780864567,0.3408906813421074,0.12929365774616458,0.17250534070610368,0.4352038756560355,0.3034367141659681
reuters-k500,CC_MLP,1,0.9835580427700545,0.01644195722994549,0.22684108527131783,0.25316603385540265,0.20061666438458783,0.09314957241572151,0.10253430023204671,0.2947077135939121,0.15614617940199335
reuters-k500,CC_MLP,2,0.9839584256536277,0.016041574346372316,0.2160462359217546,0.2397602581834947,0.18821437745252903,0.08619455151026537,0.09759577841042158,0.29120683517265933,0.15352697095435686
reuters-k500,CC_MLP,3,0.9839728771767606,0.01602712282323933,0.21995265942634362,0.24484425349087002,0.1990853090661251,0.09033348443044736,0.10100441383356189,0.3012729844413013,0.15538847117794485
reuters-k500,CC_MLP,4,0.984390030961254,0.015609969038746029,0.2337866592654269,0.2584294833670354,0.1502490587552771,0.08903130440833892,0.09752247320258399,0.3130558520099609,0.16486261448792672
reuters-k500,CC_MLP,5,0.9844888060612472,0.015511193938752757,0.25551830120145297,0.27965978791628415,0.19331443920064614,0.09568224684954488,0.10482629615430396,0.33075842696629215,0.18943839061190276
reuters-k500,MLC_PA_Logistic,1,0.9883398380801858,0.011660161919814211,0.2746064704951748,0.2902982123081791,0.3230745991557328,0.1155174867001975,0.15825226973422593,0.3702090592334495,0.2292358803986711
reuters-k500,MLC_PA_Logistic,2,0.9885589977037424,0.011441002296257503,0.2817704011065007,0.2963077125732727,0.34393737602041663,0.12360032380664047,0.17094518006178025,0.3852813852813853,0.23817427385892115
reuters-k500,MLC_PA_Logistic,3,0.9885311985465282,0.011468801453471867,0.27857142857142864,0.29576918486692916,0.2922319089760355,0.11699719081935882,0.15879843757717244,0.39261168384879724,0.22890559732664995
reuters-k500,MLC_PA_Logistic,4,0.9888199962814159,0.011180003718584028,0.2972754186326209,0.3145612782998295,0.36721357914366853,0.12782023728605194,0.17774451360737403,0.41073711120579465,0.2472939217318901
reuters-k500,MLC_PA_Logistic,5,0.9885252972436299,0.011474702756370088,0.2906398435317128,0.3069392887079392,0.3355698794232635,0.11560827502075433,0.16105511992647042,0.39795046968403075,0.24224643755238895
reuters-k500,MLC_PA_MLP,1,0.840515433990259,0.15948456600974098,0.03349765687944327,0.06239939155362192,0.08368770686857958,0.22431901351865965,0.04831256415832949,0.06265402843601896,0.0
reuters-k500,MLC_PA_MLP,2,0.8551343512065424,0.14486564879345767,0.03903095458183263,0.07230964179993414,0.0921778117036176,0.2088418801353041,0.05770934318522173,0.07252656556277726,0.0
reuters-k500,MLC_PA_MLP,3,0.8408642966639901,0.15913570333600993,0.032988294428089905,0.061319760534536485,0.08284698137786863,0.20391169199069964,0.050163190633022235,0.06169296987087518,0.0
reuters-k500,MLC_PA_MLP,4,0.8332215063498865,0.16677849365011357,0.03291284903634379,0.061453053540586826,0.07172952098762204,0.232503114542006,0.056119067999955266,0.06235513339090124,0.0
reuters-k500,MLC_PA_MLP,5,0.8432604432002213,0.15673955679977863,0.0352340021697165,0.06530621236880445,0.07289638688209878,0.20620688234559822,0.05070225276074553,0.06604597032295606,0.0
reuters-k500,GSI_MLC_PA_Logistic,1,0.9882511369867433,0.011748863013256781,0.2659330011074197,0.27930707166587565,0.3173952110667954,0.10787645969775729,0.1475243689258566,0.3533067021748779,0.22757475083056478
reuters-k500,GSI_MLC_PA_Logistic,2,0.9885187124843895,0.011481287515610523,0.27901798063623795,0.29232628597773824,0.32478000820124436,0.11514983858201787,0.1595780766418902,0.37527400263042526,0.24066390041493776
reuters-k500,GSI_MLC_PA_Logistic,3,0.9885636421149963,0.011436357885003771,0.27765246449456976,0.29396904960814735,0.29206671685233726,0.11119128218715064,0.1508416147703393,0.38748913987836664,0.23141186299081035
reuters-k500,GSI_MLC_PA_Logistic,4,0.988803828524773,0.011196171475226955,0.2902673697844389,0.30656793941556637,0.3668173620637519,0.12254107530351581,0.17085775634806277,0.40224428139835994,0.24313072439633637
reuters-k500,GSI_MLC_PA_Logistic,5,0.9884439163730173,0.011556083626982641,0.2808605755797709,0.2961062547399513,0.318364319285574,0.1095340667250335,0.15310450481739796,0.3863439930855661,0.2355406538139145
reuters-k500,GSI_MLC_PA_MLP,1,0.8672870367383801,0.13271296326161985,0.03821787600024874,0.0704090734192922,0.06280574811815565,0.19187776319585922,0.04462400118730045,0.07048458149779736,0.0
reuters-k500,GSI_MLC_PA_MLP,2,0.8593804133263505,0.14061958667364943,0.03901244068006012,0.07212213398980352,0.056800453213051556,0.20065967754595423,0.04878395498271843,0.07199447014409528,0.0
reuters-k500,GSI_MLC_PA_MLP,3,0.8687089893017332,0.1312910106982667,0.03697514043473757,0.06776333187834076,0.06420009911452228,0.1715369335237082,0.04353128941577566,0.067944953071918,0.0
reuters-k500,GSI_MLC_PA_MLP,4,0.8541587512024769,0.1458412487975231,0.033850367664094314,0.06274333311382685,0.05667299501759729,0.20194492375898046,0.04629900269749548,0.06334042884585432,0.0
reuters-k500,GSI_MLC_PA_MLP,5,0.8589995035766893,0.14100049642331072,0.037905507871142025,0.06971632653298666,0.05961750467117773,0.19739350586231882,0.04542618353964951,0.06969501718213059,0.0
reuters-k500,BR_SVM,1,0.9884607941166984,0.011539205883301616,0.35493790539471604,0.37733546907134946,0.3758256774269106,0.22786188987172787,0.2642136281100129,0.44166991806476785,0.29401993355481726
reuters-k500,BR_SVM,2,0.9888248801514724,0.011175119848527575,0.36711717051966014,0.38902390831851413,0.43413245821705254,0.22703023036427386,0.2816208055055723,0.4626113909337466,0.3078838174273859
reuters-k500,BR_SVM,3,0.9888637451233261,0.011136254876673886,0.35505430242272346,0.37699009428332736,0.38999916496875664,0.21955400972126346,0.2668585569344978,0.4609344326658814,0.29239766081871343
reuters-k500,BR_SVM,4,0.9892080224408463,0.01079197755915378,0.3789712276806365,0.40199400932123663,0.39677987787505803,0.22644838750594856,0.2717309113289825,0.4815533980582524,0.31140716069941715
reuters-k500,BR_SVM,5,0.9888426826390189,0.011157317360981129,0.3672394523609947,0.3899233624715603,0.41543854901711647,0.2376764085766639,0.28711278306456706,0.4654970760233918,0.30092204526404026
reuters-k500,CC_SVM,1,0.987960842499113,0.01203915750088701,0.4323643410852713,0.4558930548963771,0.390387618019563,0.25036737884460264,0.2843656430424716,0.47485051002462186,0.36627906976744184
reuters-k500,CC_SVM,2,0.9880433468960238,0.011956653103976152,0.4326565896067971,0.4542211684120398,0.4214732262775889,0.23456623376553978,0.28222382531417145,0.47783251231527096,0.37261410788381744
reuters-k500,CC_SVM,3,0.9877606637954108,0.012239336204589142,0.43114731272626006,0.4545172454946892,0.34948664945792274,0.2273396056703442,0.2574967776660619,0.4732984293193717,0.366750208855472
reuters-k500,CC_SVM,4,0.9882702925555564,0.011729707444443547,0.44639883430474603,0.46973968302028246,0.39430483398855565,0.23631747109483395,0.27163354829622427,0.49141254819488256,0.38051623646960864
reuters-k500,CC_SVM,5,0.9879474930622808,0.01205250693771922,0.4358759430008382,0.4582049644497256,0.40864884479314384,0.23201771137652658,0.27442490931150854,0.47796968628833275,0.3721709974853311
reuters-k500,MLC_PA_SVM,1,0.9884607941166984,0.011539205883301616,0.35493790539471604,0.37733546907134946,0.3758256774269106,0.22786188987172787,0.2642136281100129,0.44166991806476785,0.29401993355481726
reuters-k500,MLC_PA_SVM,2,0.9888248801514724,0.011175119848527575,0.36711717051966014,0.38902390831851413,0.43413245821705254,0.22703023036427386,0.2816208055055723,0.4626113909337466,0.3078838174273859
reuters-k500,MLC_PA_SVM,3,0.9888637451233261,0.011136254876673886,0.35505430242272346,0.37699009428332736,0.38999916496875664,0.21955400972126346,0.2668585569344978,0.4609344326658814,0.29239766081871343
reuters-k500,MLC_PA_SVM,4,0.9892080224408463,0.01079197755915378,0.3789712276806365,0.40199400932123663,0.39677987787505803,0.22644838750594856,0.2717309113289825,0.4815533980582524,0.31140716069941715
reuters-k500,MLC_PA_SVM,5,0.9888426826390189,0.011157317360981129,0.3672394523609947,0.3899233624715603,0.41543854901711647,0.2376764085766639,0.28711278306456706,0.4654970760233918,0.30092204526404026
reuters-k500,GSI_MLC_PA_SVM,1,0.9887430248685611,0.011256975131438893,0.35892857142857143,0.37917853187786743,0.4159948921148096,0.24226002252757195,0.28618107162372874,0.4455917394757744,0.3023255813953488
reuters-k500,GSI_MLC_PA_SVM,2,0.9890424203359788,0.01095757966402127,0.3719027860106698,0.3917763287887769,0.4516115873346524,0.23078599285856138,0.2875398143345856,0.4645669291338583,0.31784232365145226
reuters-k500,GSI_MLC_PA_SVM,3,0.9889448540444964,0.011055145955503646,0.3531467557783347,0.3722222222222222,0.3920883090949322,0.2115637827397613,0.259271012923423,0.45501799280287886,0.29908103592314117
reuters-k500,GSI_MLC_PA_SVM,4,0.9893777838855969,0.010622216114403046,0.3847372559903784,0.40684963107943956,0.4142835482603224,0.2284450787866204,0.27672717142502895,0.4859154929577465,0.3205661948376353
reuters-k500,GSI_MLC_PA_SVM,5,0.9887613017684063,0.011238698231593682,0.35538791096209366,0.37590375071515053,0.4235179934746558,0.21831395768917328,0.2742380493102616,0.4522015073383578,0.2958927074601844
