Dataset,Model,Cost,Fold,AABS,ABS,AURC,Abstained Position Count,Coverage,Decided Position Count,Error Capture Rate,Errors Avoided,Full Error Count,Generalized Loss,Optimistic Hamming Accuracy,Optimistic Instance Jaccard,Optimistic Instance-F1,Optimistic Macro-F1,Optimistic Micro-F1,Oracle Gain Hamming Accuracy,Oracle Gain Instance Jaccard,Oracle Gain Instance-F1,Oracle Gain Macro-F1,Oracle Gain Micro-F1,Rejected Counterfactual Macro-F1,Rejected Error Count,Rejected Error Rate,Rejected Position Count,Risk at Coverage,Selective Hamming Accuracy,Selective Macro-F1,Selective Micro-F1,Total Position Count
emotions,MLC_PA_Logistic,0.20,1,0.5027322404371585,0.9836065573770492,0.09918327797138865,368,0.4972677595628415,364,0.7101449275362319,98,138,0.15519125683060106,0.9453551912568307,0.8306010928961749,0.8633879781420766,0.9015715170706096,0.9056603773584906,0.13387978142076506,0.3258196721311476,0.294808743169399,0.29045429826943325,0.2577011936850212,0.604654403567447,98,0.266304347826087,368,0.10989010989010989,0.8901098901098901,0.5220132358063393,0.6428571428571429,732
emotions,MLC_PA_Logistic,0.20,2,0.5266106442577031,0.9831932773109243,0.08176419246389666,376,0.4733893557422969,338,0.8206896551724138,119,145,0.14173669467787112,0.9635854341736695,0.9061624649859945,0.9296918767507002,0.9378939438519392,0.9392523364485982,0.16666666666666663,0.457983193277311,0.41540616246498596,0.347584623542619,0.3322062659878936,0.5828457570525217,119,0.31648936170212766,376,0.07692307692307693,0.9230769230769231,0.45615013006317356,0.6666666666666666,714
emotions,MLC_PA_Logistic,0.20,3,0.516260162601626,0.983739837398374,0.09321133655128853,381,0.483739837398374,357,0.7777777777777778,119,153,0.14932249322493224,0.9539295392953929,0.8495934959349595,0.8807588075880758,0.9085668648807127,0.919047619047619,0.1612466124661246,0.39159891598916,0.3444444444444442,0.33431644227040147,0.30059375371096064,0.569269343447723,119,0.3123359580052493,381,0.09523809523809523,0.9047619047619048,0.5885323826500297,0.6458333333333334,738
emotions,MLC_PA_Logistic,0.20,4,0.5208333333333334,1.0,0.08396164582477526,375,0.4791666666666667,345,0.8551724137931035,124,145,0.13333333333333333,0.9708333333333333,0.9138888888888889,0.9383333333333334,0.9498455160150082,0.9517241379310345,0.17222222222222217,0.4444444444444444,0.3944444444444445,0.3465494971617138,0.3264011405150138,0.583110064055186,124,0.33066666666666666,375,0.06086956521739131,0.9391304347826087,0.5945809092867916,0.7407407407407407,720
emotions,MLC_PA_Logistic,0.20,5,0.481651376146789,0.963302752293578,0.08933963791229649,315,0.518348623853211,339,0.7851851851851852,106,135,0.14067278287461776,0.9556574923547401,0.8914373088685016,0.9220183486238531,0.9298809779902265,0.9333333333333333,0.1620795107033639,0.4013761467889909,0.35779816513761464,0.3229107966552198,0.2876640419947507,0.5734454568807894,106,0.33650793650793653,315,0.0855457227138643,0.9144542772861357,0.6514277389277389,0.7238095238095238,654
emotions,MLC_PA_Logistic,0.25,1,0.4030054644808743,0.9262295081967213,0.09918327797138865,295,0.5969945355191257,437,0.6159420289855072,85,138,0.17315573770491804,0.9275956284153005,0.7855191256830601,0.8292349726775956,0.8643170355060311,0.8747044917257684,0.11612021857923494,0.28073770491803285,0.260655737704918,0.2531998167048548,0.22674530805229898,0.5819313240365872,85,0.288135593220339,295,0.12128146453089245,0.8787185354691076,0.6153904789307162,0.6787878787878788,732
emotions,MLC_PA_Logistic,0.25,2,0.42296918767507,0.9663865546218487,0.08176419246389666,302,0.5770308123249299,412,0.7517241379310344,109,145,0.1561624649859944,0.9495798319327731,0.858543417366947,0.8843137254901959,0.9132506553374052,0.9138755980861244,0.1526610644257702,0.41036414565826346,0.3700280112044817,0.322941335028085,0.3068295276254198,0.5712915672835129,109,0.3609271523178808,302,0.08737864077669903,0.912621359223301,0.5789022805151837,0.6896551724137931,714
emotions,MLC_PA_Logistic,0.25,3,0.4132791327913279,0.975609756097561,0.09321133655128853,305,0.5867208672086721,433,0.7124183006535948,109,153,0.16294037940379405,0.940379403794038,0.8197831978319783,0.8601626016260162,0.8800796146979025,0.8952380952380953,0.14769647696476962,0.36178861788617883,0.32384823848238464,0.3058291920875913,0.2767842299014369,0.5253120110843688,109,0.35737704918032787,305,0.10161662817551963,0.8983833718244804,0.642949542949543,0.7027027027027027,738
emotions,MLC_PA_Logistic,0.25,4,0.42777777777777776,0.9916666666666667,0.08396164582477526,308,0.5722222222222222,412,0.7862068965517242,114,145,0.15,0.9569444444444445,0.8777777777777778,0.9049999999999999,0.9238678127093366,0.9277389277389277,0.15833333333333333,0.4083333333333333,0.36111111111111105,0.3205717938560422,0.30241593032290703,0.560767603290068,114,0.37012987012987014,308,0.07524271844660194,0.9247572815533981,0.6146708683473389,0.743801652892562,720
emotions,MLC_PA_Logistic,0.25,5,0.39143730886850153,0.9357798165137615,0.08933963791229649,256,0.6085626911314985,398,0.6888888888888889,93,135,0.1620795107033639,0.9357798165137614,0.8486238532110092,0.8896024464831804,0.8944294740972963,0.9009433962264151,0.14220183486238525,0.3585626911314985,0.32538226299694195,0.28745929276228965,0.2552741048878324,0.5489855104101592,93,0.36328125,256,0.10552763819095477,0.8944723618090452,0.6537955281827831,0.7162162162162162,654
emotions,MLC_PA_Logistic,0.30,1,0.3046448087431694,0.8852459016393442,0.09918327797138865,223,0.6953551912568307,509,0.5217391304347826,72,138,0.1815573770491803,0.9098360655737705,0.7349726775956285,0.7877049180327869,0.8262955413164917,0.8421052631578947,0.09836065573770492,0.23019125683060115,0.21912568306010927,0.21517832251531543,0.1941460794844253,0.5510536398467433,72,0.32286995515695066,223,0.12966601178781925,0.8703339882121808,0.6369809992962702,0.6826923076923077,732
emotions,MLC_PA_Logistic,0.30,2,0.35014005602240894,0.9243697478991597,0.08176419246389666,250,0.6498599439775911,464,0.6620689655172414,96,145,0.17366946778711484,0.9313725490196079,0.8011204481792719,0.8406162464985993,0.8800697455532173,0.8801955990220048,0.134453781512605,0.35294117647058837,0.3263305322128851,0.289760425243897,0.27314952856130026,0.5591329145576412,96,0.384,250,0.10560344827586207,0.8943965517241379,0.5855662035097519,0.6838709677419355,714
emotions,MLC_PA_Logistic,0.30,3,0.32113821138211385,0.9349593495934959,0.09321133655128853,237,0.6788617886178862,501,0.5947712418300654,91,153,0.18035230352303522,0.9159891598915989,0.7560975609756098,0.8130081300813008,0.8253375855805435,0.8509615384615384,0.12330623306233057,0.2981029810298103,0.2766937669376692,0.25108716297023226,0.23250767312488008,0.507919977274816,91,0.38396624472573837,237,0.12375249500998003,0.87624750499002,0.6415269243898276,0.69,738
emotions,MLC_PA_Logistic,0.30,4,0.3527777777777778,0.975,0.08396164582477526,254,0.6472222222222223,466,0.696551724137931,101,145,0.16694444444444442,0.9388888888888889,0.8263888888888888,0.8680555555555555,0.8921179119591577,0.8967136150234741,0.14027777777777772,0.3569444444444444,0.3241666666666666,0.28882189310586326,0.2713906176074534,0.554611434682274,101,0.39763779527559057,254,0.0944206008583691,0.9055793991416309,0.5954358877206277,0.7215189873417721,720
emotions,MLC_PA_Logistic,0.30,5,0.2966360856269113,0.8990825688073395,0.08933963791229649,194,0.7033639143730887,460,0.5703703703703704,77,135,0.1776758409785933,0.9113149847094801,0.7660550458715596,0.8122324159021407,0.8482771500348187,0.8585365853658536,0.11773700305810397,0.2759938837920489,0.2480122324159022,0.24130696869981205,0.212867294027271,0.547628544295211,77,0.39690721649484534,194,0.12608695652173912,0.8739130434782609,0.6264785468414501,0.6947368421052632,654
emotions,MLC_PA_Logistic,0.35,1,0.21994535519125682,0.7622950819672131,0.09918327797138865,161,0.7800546448087432,571,0.39855072463768115,55,138,0.19036885245901636,0.8866120218579235,0.6844262295081968,0.7475409836065573,0.774160516425729,0.7980535279805353,0.07513661202185795,0.17964480874316946,0.1789617486338797,0.16304329762455272,0.15009434430706592,0.5664890346382455,55,0.3416149068322981,161,0.14535901926444833,0.8546409807355517,0.6248164089484032,0.6693227091633466,732
emotions,MLC_PA_Logistic,0.35,2,0.24789915966386555,0.865546218487395,0.08176419246389666,177,0.7521008403361344,537,0.5103448275862069,74,145,0.18620448179271706,0.9005602240896359,0.7044817927170868,0.7582633053221288,0.8188255373780132,0.8193384223918575,0.10364145658263302,0.2563025210084033,0.2439775910364146,0.22851621706869296,0.21229235193115292,0.554779711029711,74,0.4180790960451977,177,0.13221601489757914,0.8677839851024208,0.6071156583692746,0.6635071090047393,714
emotions,MLC_PA_Logistic,0.35,3,0.22493224932249323,0.8292682926829268,0.09321133655128853,166,0.7750677506775068,572,0.4444444444444444,68,153,0.1939024390243902,0.8848238482384824,0.6693766937669376,0.737669376693767,0.75018952328992,0.7941888619854721,0.09214092140921404,0.2113821138211382,0.2013550135501354,0.17593910067960872,0.17573499664881376,0.49092382111250027,68,0.40963855421686746,166,0.1486013986013986,0.8513986013986015,0.6274844695835261,0.6640316205533597,738
emotions,MLC_PA_Logistic,0.35,4,0.25555555555555554,0.8833333333333333,0.08396164582477526,184,0.7444444444444445,536,0.5379310344827586,78,145,0.18249999999999997,0.9069444444444444,0.7194444444444446,0.7786111111111111,0.8240164529915798,0.837772397094431,0.10833333333333328,0.2500000000000001,0.23472222222222228,0.22072043413828535,0.21244939967841026,0.5719228252830403,78,0.42391304347826086,184,0.125,0.875,0.5714569609134826,0.6699507389162561,720
emotions,MLC_PA_Logistic,0.35,5,0.22018348623853212,0.7981651376146789,0.08933963791229649,144,0.7798165137614679,510,0.4222222222222222,57,135,0.19633027522935775,0.8807339449541285,0.6827217125382262,0.7357798165137615,0.7881505028392147,0.8040201005025126,0.08715596330275233,0.19266055045871555,0.17155963302752297,0.18118032150420804,0.15835080916392996,0.5279942279942279,57,0.3958333333333333,144,0.15294117647058825,0.8470588235294118,0.6239957264505989,0.6776859504132231,654
emotions,MLC_PA_Logistic,0.40,1,0.15437158469945356,0.639344262295082,0.09918327797138865,113,0.8456284153005464,619,0.2753623188405797,38,138,0.19836065573770495,0.8633879781420765,0.616120218579235,0.6868852459016394,0.7168337895269307,0.7512437810945274,0.051912568306010876,0.11133879781420775,0.11830601092896176,0.10571657072575436,0.103284597421058,0.5859185975315008,38,0.336283185840708,113,0.16155088852988692,0.8384491114701131,0.6086303289370746,0.6575342465753424,732
emotions,MLC_PA_Logistic,0.40,2,0.16246498599439776,0.6722689075630253,0.08176419246389666,116,0.8375350140056023,598,0.3586206896551724,52,145,0.1952380952380953,0.8697478991596639,0.6260504201680671,0.6789915966386555,0.7482265295281224,0.7546174142480211,0.07282913165266103,0.17787114845938362,0.16470588235294126,0.15791720921880215,0.1475713437873165,0.5145002658160552,52,0.4482758620689655,116,0.15551839464882944,0.8444816053511706,0.60060488354148,0.6463878326996197,714
emotions,MLC_PA_Logistic,0.40,3,0.15311653116531165,0.6910569105691057,0.09321133655128853,113,0.8468834688346883,625,0.33986928104575165,52,153,0.19810298102981036,0.8631436314363143,0.6165311653116531,0.6883468834688348,0.6981009757599609,0.749379652605459,0.07046070460704601,0.15853658536585363,0.1520325203252032,0.12385055314964966,0.13092578726880066,0.45991683754841645,52,0.46017699115044247,113,0.1616,0.8384,0.6201976416735585,0.6644518272425249,738
emotions,MLC_PA_Logistic,0.40,4,0.1388888888888889,0.6,0.08396164582477526,100,0.8611111111111112,620,0.31724137931034485,46,145,0.19305555555555556,0.8625,0.6041666666666666,0.6833333333333333,0.7342286537678033,0.7531172069825436,0.06388888888888888,0.1347222222222222,0.13944444444444448,0.1309326349145089,0.12779420956652288,0.5862433862433862,46,0.46,100,0.1596774193548387,0.8403225806451613,0.5932865679794379,0.6451612903225806,720
emotions,MLC_PA_Logistic,0.40,5,0.15137614678899083,0.6422018348623854,0.08933963791229649,99,0.8486238532110092,555,0.2814814814814815,38,135,0.20886850152905198,0.8516819571865444,0.6123853211009175,0.6773700305810398,0.7259868385737184,0.7519181585677749,0.05810397553516822,0.12232415902140681,0.11314984709480136,0.11901665723871169,0.10624886722919225,0.5132059511369856,38,0.3838383838383838,99,0.17477477477477477,0.8252252252252252,0.6110370248668121,0.662020905923345,654
emotions,MLC_PA_Logistic,0.50,1,0.0,0.0,0.09918327797138865,0,1.0,732,0.0,0,138,0.1885245901639344,0.8114754098360656,0.5047814207650273,0.5685792349726776,0.6111172188011763,0.6479591836734694,0.0,0.0,0.0,0.0,0.0,,0,,0,0.1885245901639344,0.8114754098360656,0.6111172188011763,0.6479591836734694,732
emotions,MLC_PA_Logistic,0.50,2,0.0,0.0,0.08176419246389666,0,1.0,714,0.0,0,145,0.2030812324929972,0.7969187675070029,0.4481792717086835,0.5142857142857142,0.5903093203093203,0.6070460704607046,0.0,0.0,0.0,0.0,0.0,,0,,0,0.2030812324929972,0.7969187675070029,0.5903093203093203,0.6070460704607046,714
emotions,MLC_PA_Logistic,0.50,3,0.0,0.0,0.09321133655128853,0,1.0,738,0.0,0,153,0.2073170731707317,0.7926829268292683,0.45799457994579945,0.5363143631436316,0.5742504226103112,0.6184538653366584,0.0,0.0,0.0,0.0,0.0,,0,,0,0.2073170731707317,0.7926829268292683,0.5742504226103112,0.6184538653366584,738
emotions,MLC_PA_Logistic,0.50,4,0.0,0.0,0.08396164582477526,0,1.0,720,0.0,0,145,0.2013888888888889,0.7986111111111112,0.46944444444444444,0.5438888888888889,0.6032960188532944,0.6253229974160207,0.0,0.0,0.0,0.0,0.0,,0,,0,0.2013888888888889,0.7986111111111112,0.6032960188532944,0.6253229974160207,720
emotions,MLC_PA_Logistic,0.50,5,0.0,0.0,0.08933963791229649,0,1.0,654,0.0,0,135,0.20642201834862386,0.7935779816513762,0.49006116207951067,0.5642201834862385,0.6069701813350067,0.6456692913385826,0.0,0.0,0.0,0.0,0.0,,0,,0,0.20642201834862386,0.7935779816513762,0.6069701813350067,0.6456692913385826,654
emotions,MLC_PA_MLP,0.20,1,0.9986338797814208,1.0,0.18041669886265319,731,0.001366120218579235,1,1.0,217,217,0.19972677595628405,1.0,1.0,1.0,1.0,1.0,0.29644808743169393,0.5173497267759564,0.3967993754879001,0.38157417161594454,0.3773913043478261,0.617055641755187,217,0.2968536251709986,731,0.0,1.0,0.16666666666666666,1.0,732
emotions,MLC_PA_MLP,0.20,2,1.0,1.0,0.14952307989235247,714,0.0,0,1.0,187,187,0.19999999999999984,1.0,1.0,1.0,1.0,1.0,0.26190476190476186,0.48375350140056017,0.38039215686274497,0.35350711415227554,0.350844277673546,0.6464928858477245,187,0.2619047619047619,714,,,0.0,0.0,714
emotions,MLC_PA_MLP,0.20,3,1.0,1.0,0.15153367508051271,738,0.0,0,1.0,197,197,0.19999999999999993,1.0,1.0,1.0,1.0,1.0,0.26693766937669383,0.5055555555555555,0.38606271777003476,0.3795163732220208,0.36146788990825685,0.6204836267779792,197,0.2669376693766938,738,,,0.0,0.0,738
emotions,MLC_PA_MLP,0.20,4,1.0,1.0,0.1445517228493241,720,0.0,0,1.0,178,178,0.19999999999999996,1.0,1.0,1.0,1.0,1.0,0.24722222222222223,0.4472222222222222,0.33218253968253963,0.3170375927408494,0.31785714285714284,0.6829624072591506,178,0.24722222222222223,720,,,0.0,0.0,720
emotions,MLC_PA_MLP,0.20,5,1.0,1.0,0.1503124663314044,654,0.0,0,1.0,164,164,0.19999999999999993,1.0,1.0,1.0,1.0,1.0,0.25076452599388377,0.4292048929663609,0.3194408038444735,0.30793359037719936,0.3037037037037037,0.6920664096228006,164,0.25076452599388377,654,,,0.0,0.0,654
emotions,MLC_PA_MLP,0.25,1,0.9972677595628415,1.0,0.18041669886265319,730,0.00273224043715847,2,1.0,217,217,0.24931693989071038,1.0,1.0,1.0,1.0,1.0,0.29644808743169393,0.5173497267759564,0.3967993754879001,0.38157417161594454,0.3773913043478261,0.617055641755187,217,0.29726027397260274,730,0.0,1.0,0.16666666666666666,1.0,732
emotions,MLC_PA_MLP,0.25,2,1.0,1.0,0.14952307989235247,714,0.0,0,1.0,187,187,0.25,1.0,1.0,1.0,1.0,1.0,0.26190476190476186,0.48375350140056017,0.38039215686274497,0.35350711415227554,0.350844277673546,0.6464928858477245,187,0.2619047619047619,714,,,0.0,0.0,714
emotions,MLC_PA_MLP,0.25,3,1.0,1.0,0.15153367508051271,738,0.0,0,1.0,197,197,0.25,1.0,1.0,1.0,1.0,1.0,0.26693766937669383,0.5055555555555555,0.38606271777003476,0.3795163732220208,0.36146788990825685,0.6204836267779792,197,0.2669376693766938,738,,,0.0,0.0,738
emotions,MLC_PA_MLP,0.25,4,1.0,1.0,0.1445517228493241,720,0.0,0,1.0,178,178,0.25,1.0,1.0,1.0,1.0,1.0,0.24722222222222223,0.4472222222222222,0.33218253968253963,0.3170375927408494,0.31785714285714284,0.6829624072591506,178,0.24722222222222223,720,,,0.0,0.0,720
emotions,MLC_PA_MLP,0.25,5,0.9923547400611621,1.0,0.1503124663314044,649,0.00764525993883792,5,1.0,164,164,0.24808868501529052,1.0,1.0,1.0,1.0,1.0,0.25076452599388377,0.4292048929663609,0.3194408038444735,0.30793359037719936,0.3037037037037037,0.6870735589727205,164,0.2526964560862866,649,0.0,1.0,0.3333333333333333,1.0,654
emotions,MLC_PA_MLP,0.30,1,0.9808743169398907,1.0,0.18041669886265319,718,0.01912568306010929,14,1.0,217,217,0.29426229508196733,1.0,1.0,1.0,1.0,1.0,0.29644808743169393,0.5173497267759564,0.3967993754879001,0.38157417161594454,0.3773913043478261,0.6075097749836881,217,0.3022284122562674,718,0.0,1.0,0.3333333333333333,1.0,732
emotions,MLC_PA_MLP,0.30,2,0.9831932773109243,1.0,0.14952307989235247,702,0.01680672268907563,12,1.0,187,187,0.29495798319327743,1.0,1.0,1.0,1.0,1.0,0.26190476190476186,0.48375350140056017,0.38039215686274497,0.35350711415227554,0.350844277673546,0.6393760824922964,187,0.26638176638176636,702,0.0,1.0,0.3333333333333333,1.0,714
emotions,MLC_PA_MLP,0.30,3,0.989159891598916,1.0,0.15153367508051271,730,0.01084010840108401,8,1.0,197,197,0.2967479674796749,1.0,1.0,1.0,1.0,1.0,0.26693766937669383,0.5055555555555555,0.38606271777003476,0.3795163732220208,0.36146788990825685,0.6158278580772666,197,0.26986301369863014,730,0.0,1.0,0.3333333333333333,1.0,738
emotions,MLC_PA_MLP,0.30,4,0.9986111111111111,1.0,0.1445517228493241,719,0.001388888888888889,1,1.0,178,178,0.2995833333333334,1.0,1.0,1.0,1.0,1.0,0.24722222222222223,0.4472222222222222,0.33218253968253963,0.3170375927408494,0.31785714285714284,0.6817414060381494,178,0.24756606397774686,719,0.0,1.0,0.16666666666666666,1.0,720
emotions,MLC_PA_MLP,0.30,5,0.9740061162079511,1.0,0.1503124663314044,637,0.02599388379204893,17,1.0,164,164,0.29220183486238543,1.0,1.0,1.0,1.0,1.0,0.25076452599388377,0.4292048929663609,0.3194408038444735,0.30793359037719936,0.3037037037037037,0.6729951298159729,164,0.25745682888540034,637,0.0,1.0,0.6666666666666666,1.0,654
emotions,MLC_PA_MLP,0.35,1,0.9262295081967213,1.0,0.18041669886265319,678,0.07377049180327869,54,0.9861751152073732,214,217,0.3282786885245902,0.9959016393442623,0.9849726775956283,0.987431693989071,0.9923647384365887,0.9932584269662922,0.2923497267759563,0.5023224043715846,0.38423106947697117,0.3739389100525332,0.37064973131411827,0.5783780519347108,214,0.31563421828908556,678,0.05555555555555555,0.9444444444444444,0.484448951994591,0.9387755102040817,732
emotions,MLC_PA_MLP,0.35,2,0.9411764705882353,1.0,0.14952307989235247,672,0.058823529411764705,42,0.9893048128342246,185,187,0.33221288515406167,0.9971988795518207,0.9936974789915967,0.9959983993597439,0.9949494949494949,0.9954545454545455,0.2591036414565826,0.47745098039215683,0.37639055622248885,0.34845660910177045,0.34629882312809146,0.6202454513649959,185,0.27529761904761907,672,0.047619047619047616,0.9523809523809523,0.6428571428571429,0.9473684210526315,714
emotions,MLC_PA_MLP,0.35,3,0.9281842818428184,1.0,0.15153367508051271,685,0.07181571815718157,53,0.9949238578680203,196,197,0.32621951219512196,0.9986449864498645,0.9959349593495935,0.997289972899729,0.9977777777777778,0.9977220956719818,0.2655826558265584,0.5014905149051491,0.38335269066976374,0.37729415099979857,0.3591899855802386,0.5888912333014225,196,0.28613138686131384,685,0.018867924528301886,0.9811320754716981,0.8095238095238094,0.9777777777777777,738
emotions,MLC_PA_MLP,0.35,4,0.9416666666666667,1.0,0.1445517228493241,678,0.058333333333333334,42,0.9831460674157303,175,178,0.33375,0.9958333333333333,0.9888888888888888,0.9927777777777779,0.9930149010002042,0.9932885906040269,0.24305555555555558,0.436111111111111,0.3249603174603175,0.3100524937410536,0.3111457334611697,0.6692686588234821,175,0.2581120943952802,678,0.07142857142857142,0.9285714285714286,0.7037037037037037,0.9032258064516129,720
emotions,MLC_PA_MLP,0.35,5,0.9281345565749235,1.0,0.1503124663314044,607,0.07186544342507645,47,0.9817073170731707,161,164,0.3294342507645259,0.9954128440366973,0.9892966360856269,0.9932721712538226,0.9924368416884454,0.9933184855233853,0.24617737003058104,0.4185015290519878,0.3127129750982961,0.30037043206564473,0.297022189227089,0.668990519667492,161,0.2652388797364086,607,0.06382978723404255,0.9361702127659575,0.6212647002120687,0.926829268292683,654
emotions,MLC_PA_MLP,0.40,1,0.7800546448087432,0.9918032786885246,0.18041669886265319,571,0.21994535519125682,161,0.8940092165898618,194,217,0.3434426229508197,0.9685792349726776,0.9296448087431693,0.9493754879000781,0.9507970756388477,0.9498910675381264,0.26502732240437155,0.44699453551912566,0.3461748633879782,0.3323712472547923,0.32728237188595244,0.5399689090293479,194,0.3397548161120841,571,0.14285714285714285,0.8571428571428572,0.6502694165737644,0.816,732
emotions,MLC_PA_MLP,0.40,2,0.8053221288515406,1.0,0.14952307989235247,575,0.19467787114845939,139,0.9572192513368984,179,187,0.3333333333333333,0.988795518207283,0.9712885154061625,0.9814325730292117,0.980842995558152,0.9819819819819819,0.2507002801120448,0.4550420168067226,0.3618247298919567,0.33435010971042756,0.3328262596555279,0.5606018789258678,179,0.31130434782608696,575,0.05755395683453238,0.9424460431654677,0.8866801893171061,0.9285714285714286,714
emotions,MLC_PA_MLP,0.40,3,0.7533875338753387,0.991869918699187,0.15153367508051271,556,0.24661246612466126,182,0.8934010152284264,176,197,0.329810298102981,0.9715447154471545,0.9254742547425475,0.9479674796747967,0.9526045356810107,0.9540481400437637,0.23848238482384831,0.43102981029810306,0.3340301974448314,0.3321209089030315,0.31551602995202055,0.5383881578947368,176,0.31654676258992803,556,0.11538461538461539,0.8846153846153846,0.7234769189479334,0.8531468531468531,738
emotions,MLC_PA_MLP,0.40,4,0.8069444444444445,1.0,0.1445517228493241,581,0.19305555555555556,139,0.9269662921348315,165,178,0.3408333333333333,0.9819444444444444,0.9555555555555555,0.9716666666666666,0.9718953766339459,0.9714285714285714,0.22916666666666663,0.4027777777777777,0.3038492063492062,0.2889329693747953,0.28928571428571426,0.624913210782776,165,0.28399311531841653,581,0.09352517985611511,0.9064748201438849,0.7117010735431788,0.8785046728971962,720
emotions,MLC_PA_MLP,0.40,5,0.746177370030581,0.981651376146789,0.1503124663314044,488,0.25382262996941896,166,0.8902439024390244,146,164,0.32599388379204897,0.9724770642201834,0.9373088685015291,0.9599388379204894,0.9597546612772326,0.9606986899563319,0.2232415902140672,0.36651376146788994,0.2793796417649629,0.267688251654432,0.2644023936600356,0.6247184737669422,146,0.29918032786885246,488,0.10843373493975904,0.891566265060241,0.8381791819291818,0.8636363636363636,654
emotions,MLC_PA_MLP,0.50,1,0.0,0.0,0.18041669886265319,0,1.0,732,0.0,0,217,0.296448087431694,0.7035519125683061,0.4826502732240437,0.6032006245120999,0.6184258283840555,0.6226086956521739,0.0,0.0,0.0,0.0,0.0,,0,,0,0.296448087431694,0.7035519125683061,0.6184258283840555,0.6226086956521739,732
emotions,MLC_PA_MLP,0.50,2,0.0,0.0,0.14952307989235247,0,1.0,714,0.0,0,187,0.2619047619047619,0.7380952380952381,0.5162464985994398,0.619607843137255,0.6464928858477245,0.649155722326454,0.0,0.0,0.0,0.0,0.0,,0,,0,0.2619047619047619,0.7380952380952381,0.6464928858477245,0.649155722326454,714
emotions,MLC_PA_MLP,0.50,3,0.0,0.0,0.15153367508051271,0,1.0,738,0.0,0,197,0.2669376693766938,0.7330623306233062,0.49444444444444446,0.6139372822299652,0.6204836267779792,0.6385321100917432,0.0,0.0,0.0,0.0,0.0,,0,,0,0.2669376693766938,0.7330623306233062,0.6204836267779792,0.6385321100917432,738
emotions,MLC_PA_MLP,0.50,4,0.0,0.0,0.1445517228493241,0,1.0,720,0.0,0,178,0.24722222222222223,0.7527777777777778,0.5527777777777778,0.6678174603174604,0.6829624072591506,0.6821428571428572,0.0,0.0,0.0,0.0,0.0,,0,,0,0.24722222222222223,0.7527777777777778,0.6829624072591506,0.6821428571428572,720
emotions,MLC_PA_MLP,0.50,5,0.0,0.0,0.1503124663314044,0,1.0,654,0.0,0,164,0.25076452599388377,0.7492354740061162,0.5707951070336391,0.6805591961555265,0.6920664096228006,0.6962962962962963,0.0,0.0,0.0,0.0,0.0,,0,,0,0.25076452599388377,0.7492354740061162,0.6920664096228006,0.6962962962962963,654
emotions,GSI_MLC_PA_Logistic,0.20,1,0.4344262295081967,0.9836065573770492,0.09560462843519942,318,0.5655737704918032,414,0.6861313868613139,94,137,0.14562841530054643,0.9412568306010929,0.8114754098360656,0.8502732240437159,0.8907443624239714,0.8963855421686747,0.12841530054644812,0.3066939890710383,0.2775956284153006,0.27479999605587624,0.24857063214296782,0.6199574350899908,94,0.29559748427672955,318,0.10386473429951691,0.8961352657004831,0.49595959595959593,0.6194690265486725,732
emotions,GSI_MLC_PA_Logistic,0.20,2,0.47619047619047616,0.9831932773109243,0.07871821327807783,340,0.5238095238095238,374,0.8055555555555556,116,144,0.134453781512605,0.9607843137254902,0.8935574229691877,0.9184873949579831,0.9313661153292259,0.9339622641509434,0.16246498599439774,0.4341736694677872,0.3985994397759104,0.33199276359815066,0.3231514533401326,0.5982937065420688,116,0.3411764705882353,340,0.0748663101604278,0.9251336898395722,0.44589371980676323,0.6410256410256411,714
emotions,GSI_MLC_PA_Logistic,0.20,3,0.46883468834688347,0.983739837398374,0.08973832816545323,346,0.5311653116531165,392,0.7635135135135135,113,148,0.14119241192411922,0.9525745257452575,0.8414634146341462,0.8718157181571816,0.8997303650779913,0.9148418491484185,0.15311653116531165,0.3848238482384822,0.3455284552845529,0.3246115597705067,0.2962851481174906,0.5796266198679276,113,0.3265895953757225,346,0.08928571428571429,0.9107142857142857,0.5818669348081112,0.6153846153846154,738
emotions,GSI_MLC_PA_Logistic,0.20,4,0.45555555555555555,1.0,0.08058472741703561,328,0.5444444444444444,392,0.8299319727891157,122,147,0.12583333333333335,0.9652777777777778,0.898611111111111,0.9255555555555557,0.9392069171411151,0.9422632794457275,0.1694444444444444,0.44583333333333325,0.39250000000000007,0.3511332183799576,0.3260752898895918,0.5712326564371472,122,0.3719512195121951,328,0.06377551020408163,0.9362244897959183,0.5377356711915535,0.7058823529411765,720
emotions,GSI_MLC_PA_Logistic,0.20,5,0.41284403669724773,0.9724770642201835,0.09238640949357338,270,0.5871559633027523,384,0.6857142857142857,96,140,0.1498470948012232,0.9327217125382263,0.8333333333333333,0.8788990825688073,0.8850371227091066,0.8952380952380953,0.14678899082568808,0.36391437308868496,0.33975535168195714,0.29849951766449045,0.2675785207700102,0.567068472898597,96,0.35555555555555557,270,0.11458333333333333,0.8854166666666666,0.5842560217560218,0.6333333333333333,654
emotions,GSI_MLC_PA_Logistic,0.25,1,0.34153005464480873,0.9098360655737705,0.09560462843519942,250,0.6584699453551912,482,0.5620437956204379,77,137,0.16734972677595628,0.9180327868852459,0.7540983606557377,0.8032786885245902,0.8399314220776688,0.855072463768116,0.10519125683060115,0.24931693989071035,0.23060109289617492,0.22398705570957367,0.20725755374240906,0.6049479601782234,77,0.308,250,0.12448132780082988,0.8755186721991701,0.5964610234337638,0.6511627906976745,732
emotions,GSI_MLC_PA_Logistic,0.25,2,0.3795518207282913,0.957983193277311,0.07871821327807783,271,0.6204481792717087,443,0.7013888888888888,101,144,0.15511204481792717,0.9397759103641457,0.8291316526610646,0.8647058823529412,0.8919420451409009,0.8953771289537713,0.14145658263305316,0.36974789915966405,0.34481792717086845,0.2925686934098257,0.2845663181429605,0.5972571513182059,101,0.3726937269372694,271,0.09706546275395034,0.9029345372460497,0.5662791278058241,0.6504065040650406,714
emotions,GSI_MLC_PA_Logistic,0.25,3,0.37533875338753386,0.983739837398374,0.08973832816545323,277,0.6246612466124661,461,0.6756756756756757,100,148,0.15887533875338752,0.9349593495934959,0.7994579945799457,0.8411924119241193,0.8538300128241253,0.8823529411764706,0.1355013550135501,0.3428184281842817,0.3149051490514906,0.2787112075166407,0.2637962401455427,0.5635988931361958,100,0.36101083032490977,277,0.10412147505422993,0.89587852494577,0.631304745978659,0.6470588235294118,738
emotions,GSI_MLC_PA_Logistic,0.25,4,0.375,0.9833333333333333,0.08058472741703561,270,0.625,450,0.7278911564625851,107,147,0.14930555555555555,0.9444444444444444,0.8319444444444444,0.868888888888889,0.8964797444526229,0.9056603773584906,0.14861111111111103,0.3791666666666666,0.33583333333333343,0.30840604569146535,0.28947238780235485,0.566658001328174,107,0.3962962962962963,270,0.08888888888888889,0.9111111111111111,0.5776789984286398,0.6875,720
emotions,GSI_MLC_PA_Logistic,0.25,5,0.3333333333333333,0.944954128440367,0.09238640949357338,218,0.6666666666666666,436,0.6285714285714286,88,140,0.1628440366972477,0.9204892966360856,0.8042813455657492,0.8562691131498469,0.8592908705045211,0.8743961352657005,0.13455657492354733,0.33486238532110085,0.3171253822629967,0.27275326545990497,0.2467365607976154,0.541592157550257,88,0.4036697247706422,218,0.11926605504587157,0.8807339449541285,0.6273136545066369,0.6708860759493671,654
emotions,GSI_MLC_PA_Logistic,0.30,1,0.26639344262295084,0.860655737704918,0.09560462843519942,195,0.7336065573770492,537,0.45255474452554745,62,137,0.18237704918032788,0.8975409836065573,0.7103825136612022,0.7715846994535519,0.7964135979574462,0.8175182481751825,0.08469945355191255,0.2056010928961749,0.19890710382513666,0.18046923158935102,0.16970333814947558,0.6093035619351409,62,0.31794871794871793,195,0.13966480446927373,0.8603351955307262,0.6072304324028462,0.6445497630331753,732
emotions,GSI_MLC_PA_Logistic,0.30,2,0.2969187675070028,0.9159663865546218,0.07871821327807783,212,0.7030812324929971,502,0.5972222222222222,86,144,0.17030812324929973,0.9187675070028011,0.7563025210084034,0.8044817927170868,0.8498766674118786,0.855,0.12044817927170859,0.2969187675070029,0.284593837535014,0.2505033156808034,0.2441891891891892,0.5929892249311487,86,0.4056603773584906,212,0.11553784860557768,0.8844621513944223,0.5731150793650793,0.6463414634146342,714
emotions,GSI_MLC_PA_Logistic,0.30,3,0.29132791327913277,0.926829268292683,0.08973832816545323,215,0.7086720867208672,523,0.5405405405405406,80,148,0.17953929539295393,0.9078590785907859,0.7208672086720868,0.770189701897019,0.7960494578915632,0.8325123152709359,0.10840108401084003,0.26422764227642276,0.24390243902439024,0.22093065258407862,0.21395561424000809,0.5573444099759889,80,0.37209302325581395,215,0.13001912045889102,0.869980879541109,0.6136706349206349,0.6421052631578947,738
emotions,GSI_MLC_PA_Logistic,0.30,4,0.3111111111111111,0.95,0.08058472741703561,224,0.6888888888888889,496,0.6394557823129252,94,147,0.16694444444444448,0.9263888888888889,0.7805555555555554,0.8311111111111111,0.8609539250111627,0.8729016786570744,0.13055555555555554,0.32777777777777767,0.2980555555555555,0.2728802262500052,0.2567136891009386,0.5654067922518252,94,0.41964285714285715,224,0.10685483870967742,0.8931451612903226,0.577781078761471,0.6748466257668712,720
emotions,GSI_MLC_PA_Logistic,0.30,5,0.26146788990825687,0.8715596330275229,0.09238640949357338,171,0.7385321100917431,483,0.5071428571428571,71,140,0.1839449541284404,0.8944954128440367,0.7217125382262997,0.7788990825688074,0.8045341173570377,0.8270676691729323,0.10856269113149841,0.25229357798165136,0.23975535168195716,0.21799651231242156,0.19940809470484722,0.5299571680524062,71,0.4152046783625731,171,0.14285714285714285,0.8571428571428572,0.6209797682054164,0.6634146341463415,654
emotions,GSI_MLC_PA_Logistic,0.35,1,0.1912568306010929,0.7540983606557377,0.09560462843519942,140,0.8087431693989071,592,0.35766423357664234,49,137,0.18715846994535515,0.8797814207650273,0.6475409836065575,0.718032786885246,0.7507033403926059,0.7810945273631841,0.06693989071038253,0.14275956284153024,0.14535519125683072,0.13475897402451076,0.13327961733747717,0.6178900154509911,49,0.35,140,0.14864864864864866,0.8513513513513513,0.6146732405699407,0.6507936507936508,732
emotions,GSI_MLC_PA_Logistic,0.35,2,0.22969187675070027,0.8235294117647058,0.07871821327807783,164,0.7703081232492998,550,0.4861111111111111,70,144,0.1840336134453781,0.896358543417367,0.6946778711484594,0.7476190476190476,0.8064924225275564,0.8102564102564103,0.0980392156862745,0.23529411764705882,0.22773109243697487,0.20711907079648118,0.19944559944559948,0.5830169819140408,70,0.4268292682926829,164,0.13454545454545455,0.8654545454545455,0.5823621394981086,0.6442307692307693,714
emotions,GSI_MLC_PA_Logistic,0.35,3,0.2086720867208672,0.8048780487804879,0.08973832816545323,154,0.7913279132791328,584,0.3918918918918919,58,148,0.19498644986449856,0.8780487804878049,0.6422764227642275,0.7084010840108401,0.7322598843925392,0.7772277227722773,0.07859078590785906,0.18563685636856347,0.1821138211382114,0.1571410790850546,0.1586710217413494,0.5638323940210733,58,0.37662337662337664,154,0.1541095890410959,0.845890410958904,0.5910360472860473,0.6341463414634146,738
emotions,GSI_MLC_PA_Logistic,0.35,4,0.21944444444444444,0.8166666666666667,0.08058472741703561,158,0.7805555555555556,562,0.4897959183673469,72,147,0.1809722222222222,0.8958333333333334,0.6902777777777778,0.7591666666666667,0.7923626583017059,0.8148148148148148,0.09999999999999998,0.2375,0.22611111111111104,0.20428895954054838,0.19862682525867903,0.5671447640841233,72,0.45569620253164556,158,0.13345195729537365,0.8665480427046264,0.581830953248622,0.6511627906976745,720
emotions,GSI_MLC_PA_Logistic,0.35,5,0.2018348623853211,0.7706422018348624,0.09238640949357338,132,0.7981651376146789,522,0.4,56,140,0.19908256880733943,0.8715596330275229,0.6567278287461773,0.7119266055045872,0.7507920986734545,0.7823834196891192,0.08562691131498468,0.187308868501529,0.172782874617737,0.16425449362883837,0.1547238452210341,0.5156084656084655,56,0.42424242424242425,132,0.16091954022988506,0.8390804597701149,0.6186332096215817,0.6612903225806451,654
emotions,GSI_MLC_PA_Logistic,0.40,1,0.12431693989071038,0.5737704918032787,0.09560462843519942,91,0.8756830601092896,641,0.23357664233576642,32,137,0.19316939890710383,0.8565573770491803,0.5956284153005464,0.6639344262295083,0.7057117508871894,0.7341772151898734,0.04371584699453557,0.09084699453551914,0.09125683060109302,0.08976738451909427,0.08636230516416654,0.6380115922560744,32,0.3516483516483517,91,0.16380655226209048,0.8361934477379095,0.6025750374298692,0.6464646464646465,732
emotions,GSI_MLC_PA_Logistic,0.40,2,0.16106442577030813,0.6890756302521008,0.07871821327807783,115,0.8389355742296919,599,0.375,54,144,0.19047619047619052,0.8739495798319328,0.6386554621848738,0.6893557422969188,0.7581813479946758,0.7631578947368421,0.07563025210084029,0.17927170868347325,0.169467787114846,0.15880799626360065,0.15234708392603136,0.538973063973064,54,0.46956521739130436,115,0.15025041736227046,0.8497495826377295,0.6040754142876527,0.6484375,714
emotions,GSI_MLC_PA_Logistic,0.40,3,0.13414634146341464,0.6260162601626016,0.08973832816545323,99,0.8658536585365854,639,0.2905405405405405,43,148,0.19593495934959354,0.8577235772357723,0.5880758807588076,0.6607046070460705,0.6838912117698124,0.732824427480916,0.05826558265582649,0.13143631436314357,0.13441734417344176,0.10877240646232778,0.11426772644998817,0.5248307248307248,43,0.43434343434343436,99,0.1643192488262911,0.8356807511737089,0.5990928975463368,0.6488294314381271,738
emotions,GSI_MLC_PA_Logistic,0.40,4,0.12777777777777777,0.575,0.08058472741703561,92,0.8722222222222222,628,0.29931972789115646,44,147,0.19416666666666668,0.8569444444444445,0.5875,0.6658333333333333,0.7159248804843771,0.7405541561712846,0.061111111111111116,0.13472222222222224,0.13277777777777766,0.12785118172321952,0.12436616661514888,0.5811507936507937,44,0.4782608695652174,92,0.16401273885350318,0.8359872611464968,0.5757350262899653,0.6308243727598566,720
emotions,GSI_MLC_PA_Logistic,0.40,5,0.13761467889908258,0.6146788990825688,0.09238640949357338,90,0.8623853211009175,564,0.2857142857142857,40,140,0.20795107033639149,0.8470948012232415,0.6032110091743119,0.6642201834862385,0.705594814268072,0.7395833333333334,0.06116207951070329,0.13379204892966362,0.12507645259938827,0.11905720922345586,0.1119237588652483,0.48362712088202287,40,0.4444444444444444,90,0.1773049645390071,0.8226950354609929,0.6078595821713191,0.6527777777777778,654
emotions,GSI_MLC_PA_Logistic,0.50,1,0.0,0.0,0.09560462843519942,0,1.0,732,0.0,0,137,0.1871584699453552,0.8128415300546448,0.5047814207650273,0.5726775956284152,0.6159443663680951,0.6478149100257069,0.0,0.0,0.0,0.0,0.0,,0,,0,0.1871584699453552,0.8128415300546448,0.6159443663680951,0.6478149100257069,732
emotions,GSI_MLC_PA_Logistic,0.50,2,0.0,0.0,0.07871821327807783,0,1.0,714,0.0,0,144,0.20168067226890757,0.7983193277310925,0.45938375350140054,0.5198879551820728,0.5993733517310752,0.6108108108108108,0.0,0.0,0.0,0.0,0.0,,0,,0,0.20168067226890757,0.7983193277310925,0.5993733517310752,0.6108108108108108,714
emotions,GSI_MLC_PA_Logistic,0.50,3,0.0,0.0,0.08973832816545323,0,1.0,738,0.0,0,148,0.2005420054200542,0.7994579945799458,0.456639566395664,0.5262872628726287,0.5751188053074846,0.6185567010309279,0.0,0.0,0.0,0.0,0.0,,0,,0,0.2005420054200542,0.7994579945799458,0.5751188053074846,0.6185567010309279,738
emotions,GSI_MLC_PA_Logistic,0.50,4,0.0,0.0,0.08058472741703561,0,1.0,720,0.0,0,147,0.20416666666666666,0.7958333333333334,0.4527777777777778,0.5330555555555556,0.5880736987611576,0.6161879895561357,0.0,0.0,0.0,0.0,0.0,,0,,0,0.20416666666666666,0.7958333333333334,0.5880736987611576,0.6161879895561357,720
emotions,GSI_MLC_PA_Logistic,0.50,5,0.0,0.0,0.09238640949357338,0,1.0,654,0.0,0,140,0.21406727828746178,0.7859327217125383,0.4694189602446483,0.5391437308868502,0.5865376050446162,0.6276595744680851,0.0,0.0,0.0,0.0,0.0,,0,,0,0.21406727828746178,0.7859327217125383,0.5865376050446162,0.6276595744680851,654
emotions,GSI_MLC_PA_MLP,0.20,1,1.0,1.0,0.15268672028485147,732,0.0,0,1.0,194,194,0.19999999999999993,1.0,1.0,1.0,1.0,1.0,0.26502732240437155,0.5209016393442623,0.40725995316159236,0.3710825221286752,0.36882129277566544,0.6289174778713248,194,0.2650273224043716,732,,,0.0,0.0,732
emotions,GSI_MLC_PA_MLP,0.20,2,1.0,1.0,0.13980248834476997,714,0.0,0,1.0,159,159,0.19999999999999984,1.0,1.0,1.0,1.0,1.0,0.2226890756302521,0.4630252100840335,0.37643057222889154,0.3405272726765344,0.33615221987315014,0.6594727273234656,159,0.22268907563025211,714,,,0.0,0.0,714
emotions,GSI_MLC_PA_MLP,0.20,3,1.0,1.0,0.13848735864844627,738,0.0,0,1.0,180,180,0.19999999999999993,1.0,1.0,1.0,1.0,1.0,0.24390243902439024,0.4952574525745257,0.3924893534649633,0.40431169485944773,0.3614457831325302,0.5956883051405523,180,0.24390243902439024,738,,,0.0,0.0,738
emotions,GSI_MLC_PA_MLP,0.20,4,1.0,1.0,0.12990116986340408,720,0.0,0,1.0,175,175,0.19999999999999996,1.0,1.0,1.0,1.0,1.0,0.24305555555555558,0.45333333333333337,0.3356746031746032,0.3211208920466886,0.3222836095764272,0.6788791079533114,175,0.24305555555555555,720,,,0.0,0.0,720
emotions,GSI_MLC_PA_MLP,0.20,5,1.0,1.0,0.12176390762747982,654,0.0,0,1.0,153,153,0.19999999999999993,1.0,1.0,1.0,1.0,1.0,0.2339449541284404,0.4484709480122324,0.3512450851900393,0.35913295977877724,0.3221052631578948,0.6408670402212228,153,0.23394495412844038,654,,,0.0,0.0,654
emotions,GSI_MLC_PA_MLP,0.25,1,0.9972677595628415,1.0,0.15268672028485147,730,0.00273224043715847,2,1.0,194,194,0.24931693989071038,1.0,1.0,1.0,1.0,1.0,0.26502732240437155,0.5209016393442623,0.40725995316159236,0.3710825221286752,0.36882129277566544,0.6289174778713248,194,0.26575342465753427,730,0.0,1.0,0.0,0.0,732
emotions,GSI_MLC_PA_MLP,0.25,2,0.9957983193277311,1.0,0.13980248834476997,711,0.004201680672268907,3,1.0,159,159,0.24894957983193278,1.0,1.0,1.0,1.0,1.0,0.2226890756302521,0.4630252100840335,0.37643057222889154,0.3405272726765344,0.33615221987315014,0.6594727273234656,159,0.22362869198312235,711,0.0,1.0,0.0,0.0,714
emotions,GSI_MLC_PA_MLP,0.25,3,0.9905149051490515,1.0,0.13848735864844627,731,0.009485094850948509,7,1.0,180,180,0.24762872628726287,1.0,1.0,1.0,1.0,1.0,0.24390243902439024,0.4952574525745257,0.3924893534649633,0.40431169485944773,0.3614457831325302,0.5940076328716447,180,0.24623803009575923,731,0.0,1.0,0.16666666666666666,1.0,738
emotions,GSI_MLC_PA_MLP,0.25,4,1.0,1.0,0.12990116986340408,720,0.0,0,1.0,175,175,0.25,1.0,1.0,1.0,1.0,1.0,0.24305555555555558,0.45333333333333337,0.3356746031746032,0.3211208920466886,0.3222836095764272,0.6788791079533114,175,0.24305555555555555,720,,,0.0,0.0,720
emotions,GSI_MLC_PA_MLP,0.25,5,0.9938837920489296,1.0,0.12176390762747982,650,0.0061162079510703364,4,1.0,153,153,0.2484709480122324,1.0,1.0,1.0,1.0,1.0,0.2339449541284404,0.4484709480122324,0.3512450851900393,0.35913295977877724,0.3221052631578948,0.6408670402212228,153,0.2353846153846154,650,0.0,1.0,0.0,0.0,654
emotions,GSI_MLC_PA_MLP,0.30,1,0.9795081967213115,1.0,0.15268672028485147,717,0.020491803278688523,15,1.0,194,194,0.29385245901639356,1.0,1.0,1.0,1.0,1.0,0.26502732240437155,0.5209016393442623,0.40725995316159236,0.3710825221286752,0.36882129277566544,0.6270127159665629,194,0.2705718270571827,717,0.0,1.0,0.16666666666666666,1.0,732
emotions,GSI_MLC_PA_MLP,0.30,2,0.9803921568627451,1.0,0.13980248834476997,700,0.0196078431372549,14,1.0,159,159,0.2941176470588237,1.0,1.0,1.0,1.0,1.0,0.2226890756302521,0.4630252100840335,0.37643057222889154,0.3405272726765344,0.33615221987315014,0.6594727273234656,159,0.22714285714285715,700,0.0,1.0,0.0,0.0,714
emotions,GSI_MLC_PA_MLP,0.30,3,0.9661246612466124,1.0,0.13848735864844627,713,0.03387533875338753,25,1.0,180,180,0.28983739837398387,1.0,1.0,1.0,1.0,1.0,0.24390243902439024,0.4952574525745257,0.3924893534649633,0.40431169485944773,0.3614457831325302,0.5865452674364418,180,0.25245441795231416,713,0.0,1.0,0.3333333333333333,1.0,738
emotions,GSI_MLC_PA_MLP,0.30,4,0.9902777777777778,1.0,0.12990116986340408,713,0.009722222222222222,7,1.0,175,175,0.2970833333333334,1.0,1.0,1.0,1.0,1.0,0.24305555555555558,0.45333333333333337,0.3356746031746032,0.3211208920466886,0.3222836095764272,0.6776581067323102,175,0.24544179523141654,713,0.0,1.0,0.16666666666666666,1.0,720
emotions,GSI_MLC_PA_MLP,0.30,5,0.9785932721712538,1.0,0.12176390762747982,640,0.021406727828746176,14,1.0,153,153,0.29357798165137633,1.0,1.0,1.0,1.0,1.0,0.2339449541284404,0.4484709480122324,0.3512450851900393,0.35913295977877724,0.3221052631578948,0.6391366112075121,153,0.2390625,640,0.0,1.0,0.3333333333333333,1.0,654
emotions,GSI_MLC_PA_MLP,0.35,1,0.9153005464480874,1.0,0.15268672028485147,670,0.08469945355191257,62,0.979381443298969,190,194,0.32581967213114754,0.994535519125683,0.9822404371584699,0.985792349726776,0.9916011593007967,0.990990990990991,0.2595628415300546,0.5031420765027321,0.39305230288836834,0.36268368142947194,0.3598122837666564,0.6270930920971992,190,0.2835820895522388,670,0.06451612903225806,0.935483870967742,0.38888888888888884,0.7142857142857143,732
emotions,GSI_MLC_PA_MLP,0.35,2,0.9257703081232493,1.0,0.13980248834476997,661,0.0742296918767507,53,0.9622641509433962,153,159,0.3324229691876751,0.9915966386554622,0.976890756302521,0.9847939175670268,0.985458377239199,0.9864253393665159,0.2142857142857143,0.4399159663865545,0.36122448979591837,0.3259856499157334,0.322577559239666,0.6552539688614547,153,0.2314674735249622,661,0.11320754716981132,0.8867924528301887,0.5238095238095237,0.7272727272727273,714
emotions,GSI_MLC_PA_MLP,0.35,3,0.8902439024390244,1.0,0.13848735864844627,657,0.10975609756097561,81,0.9722222222222222,175,180,0.318360433604336,0.9932249322493225,0.9796747967479674,0.9864498644986449,0.9885185185185185,0.9887133182844243,0.23712737127371275,0.4749322493224931,0.3789392179636082,0.3928302133779662,0.3501591014169545,0.566771415952403,175,0.2663622526636225,657,0.06172839506172839,0.9382716049382716,0.7761904761904761,0.9019607843137255,738
emotions,GSI_MLC_PA_MLP,0.35,4,0.9375,1.0,0.12990116986340408,675,0.0625,45,0.9828571428571429,172,175,0.33229166666666665,0.9958333333333333,0.9888888888888888,0.9927777777777779,0.9930149010002042,0.9932885906040269,0.23888888888888893,0.4422222222222222,0.32845238095238105,0.31413579304689276,0.31557220018045407,0.6747277158954423,172,0.2548148148148148,675,0.06666666666666667,0.9333333333333333,0.537037037037037,0.8235294117647058,720
emotions,GSI_MLC_PA_MLP,0.35,5,0.9204892966360856,1.0,0.12176390762747982,602,0.07951070336391437,52,0.9934640522875817,152,153,0.3237003058103975,0.9984709480122325,0.9954128440366973,0.9969418960244647,0.9976525821596244,0.9977728285077951,0.23241590214067287,0.4438837920489297,0.348186981214504,0.3567855419384016,0.3198780916656899,0.6240507262690361,152,0.25249169435215946,602,0.019230769230769232,0.9807692307692307,0.611111111111111,0.96,654
emotions,GSI_MLC_PA_MLP,0.40,1,0.7390710382513661,0.9836065573770492,0.15268672028485147,541,0.2609289617486339,191,0.8917525773195877,173,194,0.32431693989071037,0.9713114754098361,0.9234972677595628,0.9426229508196722,0.9594935433775819,0.9534368070953437,0.23633879781420764,0.444398907103825,0.34988290398126454,0.33057606550625707,0.3222580998710092,0.5710785496406411,173,0.3197781885397412,541,0.1099476439790576,0.8900523560209423,0.6772914099630348,0.8173913043478261,732
emotions,GSI_MLC_PA_MLP,0.40,2,0.8067226890756303,1.0,0.13980248834476997,576,0.19327731092436976,138,0.9308176100628931,148,159,0.3380952380952381,0.9845938375350141,0.9586834733893557,0.9730292116846738,0.9730374648182867,0.9751693002257337,0.20728291316526615,0.4217086834733892,0.34945978391356536,0.31356473749482106,0.3113215200988838,0.6203297111364953,148,0.2569444444444444,576,0.07971014492753623,0.9202898550724637,0.7212121212121212,0.8571428571428571,714
emotions,GSI_MLC_PA_MLP,0.40,3,0.7317073170731707,1.0,0.13848735864844627,540,0.2682926829268293,198,0.8944444444444445,161,180,0.31842818428184283,0.9742547425474255,0.9281842818428183,0.9490514905149051,0.9587117323435731,0.9576837416481069,0.21815718157181574,0.423441734417344,0.3415408439798684,0.36302342720302083,0.31912952478063705,0.5245587568058077,161,0.29814814814814816,540,0.09595959595959595,0.9040404040404041,0.7313271604938271,0.8503937007874016,738
emotions,GSI_MLC_PA_MLP,0.40,4,0.8055555555555556,1.0,0.12990116986340408,580,0.19444444444444445,140,0.9314285714285714,163,175,0.3388888888888889,0.9833333333333333,0.9597222222222221,0.9744444444444444,0.9746276170711043,0.973568281938326,0.22638888888888886,0.4130555555555555,0.3101190476190476,0.29574850911779293,0.2958518915147532,0.6465859824555477,163,0.2810344827586207,580,0.08571428571428572,0.9142857142857143,0.7162055780476834,0.85,720
emotions,GSI_MLC_PA_MLP,0.40,5,0.7629969418960245,1.0,0.12176390762747982,499,0.23700305810397554,155,0.9215686274509803,141,153,0.32354740061162085,0.981651376146789,0.9587155963302754,0.973394495412844,0.9740608129831737,0.9734513274336283,0.2155963302752294,0.4071865443425078,0.3246395806028832,0.33319377276195095,0.29555659059152306,0.604742857635966,141,0.28256513026052105,499,0.07741935483870968,0.9225806451612903,0.7131305513658455,0.8604651162790697,654
emotions,GSI_MLC_PA_MLP,0.50,1,0.0,0.0,0.15268672028485147,0,1.0,732,0.0,0,194,0.2650273224043716,0.7349726775956285,0.47909836065573774,0.5927400468384076,0.6289174778713248,0.6311787072243346,0.0,0.0,0.0,0.0,0.0,,0,,0,0.2650273224043716,0.7349726775956285,0.6289174778713248,0.6311787072243346,732
emotions,GSI_MLC_PA_MLP,0.50,2,0.0,0.0,0.13980248834476997,0,1.0,714,0.0,0,159,0.22268907563025211,0.7773109243697479,0.5369747899159665,0.6235694277711085,0.6594727273234656,0.6638477801268499,0.0,0.0,0.0,0.0,0.0,,0,,0,0.22268907563025211,0.7773109243697479,0.6594727273234656,0.6638477801268499,714
emotions,GSI_MLC_PA_MLP,0.50,3,0.0,0.0,0.13848735864844627,0,1.0,738,0.0,0,180,0.24390243902439024,0.7560975609756098,0.5047425474254743,0.6075106465350367,0.5956883051405523,0.6385542168674698,0.0,0.0,0.0,0.0,0.0,,0,,0,0.24390243902439024,0.7560975609756098,0.5956883051405523,0.6385542168674698,738
emotions,GSI_MLC_PA_MLP,0.50,4,0.0,0.0,0.12990116986340408,0,1.0,720,0.0,0,175,0.24305555555555555,0.7569444444444444,0.5466666666666666,0.6643253968253968,0.6788791079533114,0.6777163904235728,0.0,0.0,0.0,0.0,0.0,,0,,0,0.24305555555555555,0.7569444444444444,0.6788791079533114,0.6777163904235728,720
emotions,GSI_MLC_PA_MLP,0.50,5,0.0,0.0,0.12176390762747982,0,1.0,654,0.0,0,153,0.23394495412844038,0.7660550458715596,0.5515290519877676,0.6487549148099607,0.6408670402212228,0.6778947368421052,0.0,0.0,0.0,0.0,0.0,,0,,0,0.23394495412844038,0.7660550458715596,0.6408670402212228,0.6778947368421052,654
emotions,MLC_PA_SVM,0.20,1,0.5,0.9754098360655737,0.09869910183307241,366,0.5,366,0.717391304347826,99,138,0.15327868852459015,0.9467213114754098,0.8401639344262295,0.8745901639344262,0.9040998089092463,0.9086651053864169,0.13524590163934425,0.31420765027322395,0.28551912568306015,0.3064971965184984,0.26617805875429257,0.574497654336364,99,0.27049180327868855,366,0.10655737704918032,0.8934426229508197,0.4707258341933265,0.6608695652173913,732
emotions,MLC_PA_SVM,0.20,2,0.542016806722689,1.0,0.08167872796655715,387,0.4579831932773109,327,0.8851351351351351,131,148,0.1322128851540616,0.9761904761904762,0.9341736694677872,0.9518207282913164,0.9589860741253929,0.96,0.1834733893557423,0.488795518207283,0.43865546218487383,0.411689329195268,0.37111111111111106,0.5054047903510269,131,0.3385012919896641,387,0.05198776758409786,0.9480122324159022,0.4655555555555555,0.7671232876712328,714
emotions,MLC_PA_SVM,0.20,3,0.5487804878048781,1.0,0.09667829602159318,405,0.45121951219512196,333,0.8040540540540541,119,148,0.14905149051490515,0.9607046070460704,0.8739837398373985,0.8997289972899729,0.9203204013301889,0.9304556354916067,0.1612466124661246,0.3875338753387535,0.3368563685636856,0.3448715974791591,0.3041930092289804,0.5674060870139302,119,0.2938271604938272,405,0.08708708708708708,0.9129129129129129,0.6101145231580014,0.6881720430107527,738
emotions,MLC_PA_SVM,0.20,4,0.5458333333333333,1.0,0.08864818952113279,393,0.45416666666666666,327,0.8581081081081081,127,148,0.13833333333333334,0.9708333333333333,0.9125,0.9363888888888889,0.9490736038766315,0.9519450800915332,0.17638888888888882,0.44930555555555557,0.3930555555555556,0.37113332489252715,0.33736174675819985,0.517127740258169,127,0.3231552162849873,393,0.06422018348623854,0.9357798165137614,0.5255541657980682,0.7469879518072289,720
emotions,MLC_PA_SVM,0.20,5,0.5458715596330275,1.0,0.0954592700204653,357,0.4541284403669725,297,0.823943661971831,117,142,0.14740061162079512,0.9617737003058104,0.9097859327217126,0.9363914373088684,0.9374388683623757,0.9419953596287703,0.17889908256880738,0.46024464831804285,0.4039755351681956,0.37256964389485747,0.3257791434125541,0.5293118787971225,117,0.3277310924369748,357,0.08417508417508418,0.9158249158249159,0.4923395445134575,0.7126436781609196,654
emotions,MLC_PA_SVM,0.25,1,0.41939890710382516,0.9508196721311475,0.09869910183307241,307,0.5806010928961749,425,0.644927536231884,89,138,0.1717896174863388,0.9330601092896175,0.8060109289617486,0.846448087431694,0.8788471308888731,0.8841607565011821,0.12158469945355188,0.2800546448087431,0.2573770491803279,0.28124451849812515,0.24167370986905778,0.5684663254184945,89,0.2899022801302932,307,0.11529411764705882,0.8847058823529412,0.5372436467512868,0.6711409395973155,732
emotions,MLC_PA_SVM,0.25,2,0.4495798319327731,0.957983193277311,0.08167872796655715,321,0.5504201680672269,393,0.7837837837837838,116,148,0.15721288515406162,0.9551820728291317,0.8725490196078433,0.8997198879551821,0.9228174538555041,0.9234449760765551,0.16246498599439785,0.42717086834733903,0.38655462184873957,0.37552070892537914,0.33455608718766616,0.5167086688384862,116,0.3613707165109034,321,0.08142493638676845,0.9185750636132315,0.5030377668308702,0.673469387755102,714
emotions,MLC_PA_SVM,0.25,3,0.44579945799457993,0.975609756097561,0.09667829602159318,329,0.55420054200542,409,0.7297297297297297,108,148,0.16565040650406504,0.94579945799458,0.8306233062330624,0.8661246612466125,0.8881813808920307,0.9029126213592233,0.14634146341463417,0.34417344173441733,0.3032520325203252,0.3127325770410009,0.27664999509659705,0.5262217670819821,108,0.3282674772036474,329,0.097799511002445,0.902200488997555,0.6525210084033614,0.7058823529411765,738
emotions,MLC_PA_SVM,0.25,4,0.44583333333333336,0.9916666666666667,0.08864818952113279,321,0.5541666666666667,399,0.7635135135135135,113,148,0.16006944444444443,0.9513888888888888,0.8597222222222222,0.8980555555555555,0.91205900059181,0.9180327868852459,0.15694444444444433,0.39652777777777776,0.35472222222222216,0.3341187216077056,0.30344945355191255,0.5285529715762273,113,0.35202492211838005,321,0.08771929824561403,0.9122807017543859,0.5483666660137249,0.6902654867256637,720
emotions,MLC_PA_SVM,0.25,5,0.43577981651376146,0.9724770642201835,0.0954592700204653,285,0.5642201834862385,369,0.7394366197183099,105,142,0.16551987767584098,0.9434250764525994,0.8639143730886849,0.9021406727828746,0.9067565910926504,0.9129411764705883,0.16055045871559637,0.41437308868501516,0.36972477064220177,0.3418873666251322,0.296724960254372,0.5425,105,0.3684210526315789,285,0.1002710027100271,0.8997289972899729,0.5307728219492925,0.6890756302521008,654
emotions,MLC_PA_SVM,0.30,1,0.30327868852459017,0.8852459016393442,0.09869910183307241,222,0.6967213114754098,510,0.5144927536231884,71,138,0.18251366120218582,0.9084699453551912,0.739071038251366,0.7874316939890711,0.8223935647826219,0.837772397094431,0.09699453551912562,0.21311475409836045,0.198360655737705,0.22479095239187397,0.19528535046230666,0.5688421527110541,71,0.31981981981981983,222,0.13137254901960785,0.8686274509803922,0.5871170548529038,0.6598984771573604,732
emotions,MLC_PA_SVM,0.30,2,0.3333333333333333,0.9243697478991597,0.08167872796655715,238,0.6666666666666666,476,0.6351351351351351,94,148,0.17563025210084032,0.9243697478991597,0.7801120448179274,0.8252100840336134,0.8625301305448684,0.8656716417910447,0.13165266106442586,0.33473389355742317,0.31204481792717087,0.31523338561474346,0.2767827529021558,0.5487661979597463,94,0.3949579831932773,238,0.1134453781512605,0.8865546218487395,0.5025493025493025,0.6086956521739131,714
emotions,MLC_PA_SVM,0.30,3,0.32926829268292684,0.9349593495934959,0.09667829602159318,243,0.6707317073170732,495,0.6013513513513513,89,148,0.17872628726287262,0.9200542005420054,0.7628726287262874,0.8173441734417344,0.8285393618726952,0.855036855036855,0.12059620596205956,0.27642276422764234,0.2544715447154471,0.25309055802166536,0.2287742287742287,0.5155327740154168,89,0.3662551440329218,243,0.1191919191919192,0.8808080808080808,0.6321824009324009,0.6810810810810811,738
emotions,MLC_PA_SVM,0.30,4,0.3486111111111111,0.9583333333333334,0.08864818952113279,251,0.6513888888888889,469,0.6554054054054054,97,148,0.1754166666666667,0.9291666666666667,0.7861111111111111,0.8366666666666667,0.8678252381642212,0.8782816229116945,0.1347222222222222,0.3229166666666667,0.29333333333333333,0.2898849591801168,0.26369828957836117,0.5067480043710944,97,0.38645418326693226,251,0.10874200426439233,0.8912579957356077,0.5432667624600249,0.6666666666666666,720
emotions,MLC_PA_SVM,0.30,5,0.3302752293577982,0.926605504587156,0.0954592700204653,216,0.6697247706422018,438,0.6338028169014085,90,142,0.17859327217125387,0.9204892966360856,0.8012232415902141,0.8474006116207952,0.8624353714301501,0.8737864077669902,0.13761467889908252,0.3516819571865443,0.31498470948012236,0.29756614696263195,0.257570191550774,0.5283027651002458,90,0.4166666666666667,216,0.1187214611872146,0.8812785388127854,0.5700048657037904,0.675,654
emotions,MLC_PA_SVM,0.35,1,0.22404371584699453,0.7704918032786885,0.09869910183307241,164,0.7759562841530054,568,0.3695652173913043,51,138,0.19726775956284154,0.8811475409836066,0.6646174863387978,0.726775956284153,0.7596953441215737,0.7841191066997518,0.069672131147541,0.13866120218579225,0.13770491803278695,0.16209273173082572,0.14163206006762752,0.5821428571428572,51,0.31097560975609756,164,0.15316901408450703,0.846830985915493,0.5952448203426832,0.6477732793522267,732
emotions,MLC_PA_SVM,0.35,2,0.2338935574229692,0.8319327731092437,0.08167872796655715,167,0.7661064425770309,547,0.4391891891891892,65,148,0.1981092436974789,0.8837535014005602,0.6834733893557425,0.7467787114845936,0.7706209409039598,0.7855297157622739,0.09103641456582634,0.2380952380952383,0.2336134453781511,0.2233241959738349,0.19664082687338502,0.5475512969415408,65,0.38922155688622756,167,0.15173674588665448,0.8482632541133455,0.5237825408557116,0.5786802030456852,714
emotions,MLC_PA_SVM,0.35,3,0.22493224932249323,0.8536585365853658,0.09667829602159318,166,0.7750677506775068,572,0.47297297297297297,70,148,0.1844173441734417,0.8943089430894309,0.6761517615176152,0.7398373983739839,0.759931782411379,0.8040201005025126,0.09485094850948506,0.18970189701897022,0.17696476964769658,0.18448297856034923,0.1777574742398863,0.4929803992303993,70,0.42168674698795183,166,0.13636363636363635,0.8636363636363636,0.6271875734085036,0.675,738
emotions,MLC_PA_SVM,0.35,4,0.24861111111111112,0.85,0.08864818952113279,179,0.7513888888888889,541,0.527027027027027,78,148,0.18423611111111107,0.9027777777777778,0.7111111111111111,0.7733333333333334,0.8078972770915244,0.8267326732673267,0.10833333333333328,0.24791666666666673,0.2300000000000001,0.22995699810741999,0.21214933993399332,0.4825119006153489,78,0.43575418994413406,179,0.12939001848428835,0.8706099815157117,0.5519832735961768,0.6534653465346535,720
emotions,MLC_PA_SVM,0.35,5,0.2400611620795107,0.8348623853211009,0.0954592700204653,157,0.7599388379204893,497,0.5,71,142,0.19258409785932717,0.8914373088685015,0.7140672782874617,0.7758409785932723,0.7893062492850572,0.8211586901763224,0.10856269113149841,0.264525993883792,0.24342507645259948,0.22443702481753902,0.20494247396010612,0.502819896869747,71,0.45222929936305734,157,0.14285714285714285,0.8571428571428572,0.605416110930427,0.6570048309178744,654
emotions,MLC_PA_SVM,0.40,1,0.13114754098360656,0.5901639344262295,0.09869910183307241,96,0.8688524590163934,636,0.2463768115942029,34,138,0.1945355191256831,0.8579234972677596,0.60724043715847,0.6756830601092897,0.6886751243449063,0.7346938775510204,0.04644808743169404,0.08128415300546443,0.0866120218579236,0.09107251195415833,0.09220683091889614,0.6092063492063492,34,0.3541666666666667,96,0.16352201257861634,0.8364779874213837,0.5978881245308738,0.6486486486486487,732
emotions,MLC_PA_SVM,0.40,2,0.14705882352941177,0.6554621848739496,0.08167872796655715,105,0.8529411764705882,609,0.2972972972972973,44,148,0.20448179271708689,0.8543417366946778,0.6050420168067225,0.6661064425770308,0.7064549284081488,0.723404255319149,0.06162464985994398,0.1596638655462183,0.15294117647058825,0.1591581834780239,0.13451536643026007,0.5200244200244201,44,0.41904761904761906,105,0.17077175697865354,0.8292282430213465,0.5515541418905899,0.59375,714
emotions,MLC_PA_SVM,0.40,3,0.14905149051490515,0.6666666666666666,0.09667829602159318,110,0.8509485094850948,628,0.3581081081081081,53,148,0.18834688346883469,0.8712737127371274,0.6151761517615175,0.6845528455284553,0.7038299282646584,0.7570332480818415,0.07181571815718157,0.1287262872628725,0.121680216802168,0.1283811244136286,0.13077062181921517,0.4737742578575211,53,0.4818181818181818,110,0.15127388535031847,0.8487261146496815,0.6187901978973408,0.6643109540636042,738
emotions,MLC_PA_SVM,0.40,4,0.15694444444444444,0.7083333333333334,0.08864818952113279,113,0.8430555555555556,607,0.34459459459459457,51,148,0.19749999999999998,0.8652777777777778,0.6166666666666667,0.6866666666666668,0.7314927198239952,0.7544303797468355,0.0708333333333333,0.1534722222222223,0.14333333333333342,0.15355244083989084,0.1398470464135021,0.49666991552956463,51,0.45132743362831856,113,0.15980230642504117,0.8401976935749589,0.5336560044893378,0.6311787072243346,720
emotions,MLC_PA_SVM,0.40,5,0.1437308868501529,0.6513761467889908,0.0954592700204653,94,0.8562691131498471,560,0.323943661971831,46,142,0.20428134556574928,0.8532110091743119,0.6123853211009175,0.6850152905198778,0.699350210411941,0.75,0.07033639143730885,0.16284403669724773,0.15259938837920495,0.13448098594442282,0.13378378378378375,0.5503896430367019,46,0.48936170212765956,94,0.17142857142857143,0.8285714285714285,0.5868409610708273,0.6335877862595419,654
emotions,MLC_PA_SVM,0.50,1,0.0,0.0,0.09869910183307241,0,1.0,732,0.0,0,138,0.1885245901639344,0.8114754098360656,0.5259562841530055,0.5890710382513661,0.597602612390748,0.6424870466321243,0.0,0.0,0.0,0.0,0.0,,0,,0,0.1885245901639344,0.8114754098360656,0.597602612390748,0.6424870466321243,732
emotions,MLC_PA_SVM,0.50,2,0.0,0.0,0.08167872796655715,0,1.0,714,0.0,0,148,0.20728291316526612,0.7927170868347339,0.44537815126050423,0.5131652661064425,0.5472967449301249,0.5888888888888889,0.0,0.0,0.0,0.0,0.0,,0,,0,0.20728291316526612,0.7927170868347339,0.5472967449301249,0.5888888888888889,714
emotions,MLC_PA_SVM,0.50,3,0.0,0.0,0.09667829602159318,0,1.0,738,0.0,0,148,0.2005420054200542,0.7994579945799458,0.486449864498645,0.5628726287262873,0.5754488038510298,0.6262626262626263,0.0,0.0,0.0,0.0,0.0,,0,,0,0.2005420054200542,0.7994579945799458,0.5754488038510298,0.6262626262626263,738
emotions,MLC_PA_SVM,0.50,4,0.0,0.0,0.08864818952113279,0,1.0,720,0.0,0,148,0.20555555555555555,0.7944444444444445,0.4631944444444444,0.5433333333333333,0.5779402789841044,0.6145833333333334,0.0,0.0,0.0,0.0,0.0,,0,,0,0.20555555555555555,0.7944444444444445,0.5779402789841044,0.6145833333333334,720
emotions,MLC_PA_SVM,0.50,5,0.0,0.0,0.0954592700204653,0,1.0,654,0.0,0,142,0.21712538226299694,0.7828746177370031,0.44954128440366975,0.5324159021406728,0.5648692244675182,0.6162162162162163,0.0,0.0,0.0,0.0,0.0,,0,,0,0.21712538226299694,0.7828746177370031,0.5648692244675182,0.6162162162162163,654
emotions,GSI_MLC_PA_SVM,0.20,1,0.4685792349726776,0.9836065573770492,0.09713223452028678,343,0.5314207650273224,389,0.7094594594594594,105,148,0.15245901639344261,0.9412568306010929,0.8237704918032787,0.8636612021857923,0.8910074668324576,0.8978622327790974,0.14344262295081966,0.3497267759562841,0.3207650273224043,0.3154850370651101,0.283278899445764,0.5462750509406432,105,0.30612244897959184,343,0.11053984575835475,0.8894601542416453,0.39785575048732946,0.6126126126126126,732
emotions,GSI_MLC_PA_SVM,0.20,2,0.4887955182072829,1.0,0.07669467877504775,349,0.511204481792717,365,0.8591549295774648,122,142,0.12577030812324927,0.9719887955182073,0.9243697478991597,0.9456582633053221,0.9543269079738633,0.9528301886792453,0.17086834733893552,0.43137254901960786,0.3787114845938375,0.341100239067996,0.33455061878677217,0.5709521481645408,122,0.3495702005730659,349,0.0547945205479452,0.9452054794520548,0.5738888888888888,0.7560975609756098,714
emotions,GSI_MLC_PA_SVM,0.20,3,0.483739837398374,0.983739837398374,0.09599328643865956,357,0.516260162601626,381,0.7655172413793103,111,145,0.14281842818428184,0.9539295392953929,0.8523035230352303,0.8796747967479677,0.9039414910916296,0.9174757281553398,0.15040650406504064,0.3753387533875338,0.3287262872628727,0.31224552227701674,0.2902263708288617,0.5848948421412189,111,0.31092436974789917,357,0.08923884514435695,0.910761154855643,0.5794340924775707,0.6530612244897959,738
emotions,GSI_MLC_PA_SVM,0.20,4,0.5361111111111111,1.0,0.08745075096953983,386,0.4638888888888889,334,0.8571428571428571,126,147,0.13638888888888892,0.9708333333333333,0.913888888888889,0.9375,0.9487130876173482,0.9517241379310345,0.17499999999999993,0.44236111111111126,0.3830555555555556,0.3658708478489301,0.33354231974921633,0.523033978722547,126,0.32642487046632124,386,0.06287425149700598,0.937125748502994,0.5255541657980682,0.7469879518072289,720
emotions,GSI_MLC_PA_SVM,0.20,5,0.4847094801223242,0.9908256880733946,0.09632678912100055,317,0.5152905198776758,337,0.782312925170068,115,147,0.14587155963302753,0.9510703363914373,0.8776758409785932,0.9085626911314985,0.9195783426915503,0.9248826291079812,0.1758409785932722,0.41743119266055045,0.36483180428134554,0.3518591903741044,0.31688262910798126,0.5380097410219332,115,0.3627760252365931,317,0.09495548961424333,0.9050445103857567,0.4842546303309823,0.673469387755102,654
emotions,GSI_MLC_PA_SVM,0.25,1,0.3702185792349727,0.9344262295081968,0.09713223452028678,271,0.6297814207650273,461,0.6081081081081081,90,148,0.1717896174863388,0.9207650273224044,0.7636612021857923,0.8122950819672131,0.8427377055271114,0.8592233009708737,0.12295081967213117,0.2896174863387977,0.2693989071038251,0.2672152757597639,0.24463996763754037,0.5060548860057774,90,0.33210332103321033,271,0.12581344902386118,0.8741865509761388,0.5482458998588031,0.6419753086419753,732
emotions,GSI_MLC_PA_SVM,0.25,2,0.4103641456582633,0.9747899159663865,0.07669467877504775,293,0.5896358543417367,421,0.7605633802816901,108,142,0.15021008403361344,0.9523809523809523,0.8613445378151262,0.8859943977591037,0.9162035557247786,0.9178743961352657,0.15126050420168058,0.36834733893557436,0.31904761904761914,0.30297688681891133,0.29959482624279254,0.5868333510842342,108,0.36860068259385664,293,0.08076009501187649,0.9192399049881235,0.5369002006933042,0.6792452830188679,714
emotions,GSI_MLC_PA_SVM,0.25,3,0.4065040650406504,0.983739837398374,0.09599328643865956,300,0.5934959349593496,438,0.6689655172413793,97,145,0.16666666666666666,0.9349593495934959,0.7994579945799457,0.8392953929539295,0.8610751537858036,0.8823529411764706,0.13143631436314362,0.32249322493224925,0.2883468834688345,0.26937918497119073,0.25510358384999243,0.5628760128760129,97,0.3233333333333333,300,0.1095890410958904,0.8904109589041096,0.5893401805166512,0.6417910447761194,738
emotions,GSI_MLC_PA_SVM,0.25,4,0.44722222222222224,0.9916666666666667,0.08745075096953983,322,0.5527777777777778,398,0.7687074829931972,113,147,0.15902777777777777,0.9527777777777777,0.8638888888888888,0.9008333333333333,0.9143204207636778,0.92018779342723,0.15694444444444433,0.3923611111111111,0.34638888888888886,0.3314781809952597,0.30200597524541184,0.5285529715762273,113,0.35093167701863354,322,0.08542713567839195,0.914572864321608,0.5710939387409976,0.7017543859649122,720
emotions,GSI_MLC_PA_SVM,0.25,5,0.40214067278287463,0.9724770642201835,0.09632678912100055,263,0.5978593272171254,391,0.7210884353741497,106,147,0.1632262996941896,0.9373088685015291,0.8486238532110092,0.8856269113149847,0.8963482562547925,0.9026128266033254,0.1620795107033639,0.38837920489296646,0.3418960244648318,0.3286291039373467,0.29461282660332544,0.5294662858268631,106,0.40304182509505704,263,0.10485933503836317,0.8951406649616368,0.5613665038665038,0.6771653543307087,654
emotions,GSI_MLC_PA_SVM,0.30,1,0.28415300546448086,0.8770491803278688,0.09713223452028678,208,0.7158469945355191,524,0.5135135135135135,76,148,0.1836065573770492,0.9016393442622951,0.7199453551912569,0.7693989071038252,0.8058209711373286,0.824390243902439,0.10382513661202186,0.24590163934426235,0.22650273224043715,0.23029854136998118,0.2098069105691056,0.4933463108407545,76,0.36538461538461536,208,0.13740458015267176,0.8625954198473282,0.5877157324204821,0.6470588235294118,732
emotions,GSI_MLC_PA_SVM,0.30,2,0.3291316526610644,0.9411764705882353,0.07669467877504775,235,0.6708683473389355,479,0.5985915492957746,85,142,0.17857142857142858,0.9201680672268908,0.7759103641456584,0.8187675070028009,0.8556868866966741,0.8571428571428571,0.11904761904761907,0.28291316526610655,0.2518207282913163,0.24246021779080684,0.23886328725038397,0.6270725927476499,85,0.3617021276595745,235,0.11899791231732777,0.8810020876826722,0.4923507923507923,0.6122448979591837,714
emotions,GSI_MLC_PA_SVM,0.30,3,0.3170731707317073,0.943089430894309,0.09599328643865956,234,0.6829268292682927,504,0.5862068965517241,85,145,0.1764227642276423,0.9186991869918699,0.7506775067750677,0.797560975609756,0.8210226556952748,0.8507462686567164,0.11517615176151763,0.27371273712737126,0.24661246612466103,0.22932668688066193,0.2234969113302383,0.5504154352138674,85,0.36324786324786323,234,0.11904761904761904,0.8809523809523809,0.6147570785070786,0.6551724137931034,738
emotions,GSI_MLC_PA_SVM,0.30,4,0.34444444444444444,0.9583333333333334,0.08745075096953983,248,0.6555555555555556,472,0.6326530612244898,93,147,0.17833333333333334,0.925,0.773611111111111,0.8283333333333334,0.8586440967250154,0.8701923076923077,0.12916666666666665,0.3020833333333333,0.27388888888888896,0.2758018569565973,0.25201048951048954,0.5170679218117549,93,0.375,248,0.11440677966101695,0.885593220338983,0.5475402667335292,0.6582278481012658,720
emotions,GSI_MLC_PA_SVM,0.30,5,0.3073394495412844,0.908256880733945,0.09632678912100055,201,0.6926605504587156,453,0.5918367346938775,87,147,0.1839449541284404,0.908256880733945,0.7744648318042813,0.825993883792049,0.8416259980983147,0.8536585365853658,0.1330275229357798,0.31422018348623854,0.28226299694189605,0.2739068457808689,0.24565853658536585,0.5174386431217032,87,0.43283582089552236,201,0.13245033112582782,0.8675496688741722,0.5912949409154343,0.6666666666666666,654
emotions,GSI_MLC_PA_SVM,0.35,1,0.19672131147540983,0.7704918032786885,0.09713223452028678,144,0.8032786885245902,588,0.41216216216216217,61,148,0.18770491803278688,0.8811475409836066,0.6550546448087431,0.7128415300546448,0.7602416382705427,0.7819548872180451,0.08333333333333337,0.18101092896174853,0.16994535519125675,0.18471920850319523,0.1673715538847117,0.3995201679412206,61,0.4236111111111111,144,0.14795918367346939,0.8520408163265306,0.6162094474268466,0.6640926640926641,732
emotions,GSI_MLC_PA_SVM,0.35,2,0.23809523809523808,0.8235294117647058,0.07669467877504775,170,0.7619047619047619,544,0.45774647887323944,65,142,0.19117647058823528,0.892156862745098,0.7156862745098039,0.7689075630252098,0.799331319186256,0.80306905370844,0.09103641456582623,0.2226890756302521,0.20196078431372522,0.1861046502803887,0.18478948381596683,0.6322055137844611,65,0.38235294117647056,170,0.14154411764705882,0.8584558823529411,0.5485218696272985,0.6169154228855721,714
emotions,GSI_MLC_PA_SVM,0.35,3,0.24119241192411925,0.8536585365853658,0.09599328643865956,178,0.7588075880758808,560,0.4827586206896552,70,145,0.18604336043360428,0.8983739837398375,0.6883468834688348,0.7444444444444446,0.7816093927869714,0.8110831234256927,0.09485094850948517,0.2113821138211383,0.19349593495934958,0.18991342397235855,0.18383376609921454,0.5040965143581743,70,0.39325842696629215,178,0.13392857142857142,0.8660714285714286,0.6163211382113821,0.6696035242290749,738
emotions,GSI_MLC_PA_SVM,0.35,4,0.24583333333333332,0.8583333333333333,0.08745075096953983,177,0.7541666666666667,543,0.5102040816326531,75,147,0.18604166666666666,0.9,0.7027777777777778,0.7677777777777777,0.8012664527187644,0.8208955223880597,0.10416666666666663,0.23125000000000012,0.21333333333333326,0.2184242129503463,0.20271370420624157,0.4957694763729246,75,0.423728813559322,177,0.13259668508287292,0.8674033149171271,0.5464277180406213,0.6470588235294118,720
emotions,GSI_MLC_PA_SVM,0.35,5,0.22629969418960244,0.8073394495412844,0.09632678912100055,148,0.7737003058103975,506,0.47619047619047616,70,147,0.19694189602446485,0.882262996941896,0.6957186544342508,0.7599388379204892,0.7887670785064476,0.8060453400503779,0.10703363914373087,0.2354740061162081,0.2162079510703363,0.2210479261890017,0.19804534005037788,0.48742722655766135,70,0.47297297297297297,148,0.15217391304347827,0.8478260869565217,0.6085971147352222,0.6637554585152838,654
emotions,GSI_MLC_PA_SVM,0.40,1,0.12704918032786885,0.5491803278688525,0.09713223452028678,93,0.8729508196721312,639,0.27702702702702703,41,148,0.1969945355191257,0.8538251366120219,0.5990437158469945,0.6622950819672131,0.7017667903253687,0.7291139240506329,0.05601092896174864,0.12499999999999989,0.11939890710382506,0.12624436055802124,0.11453059071729954,0.3751803751803752,41,0.44086021505376344,93,0.1674491392801252,0.8325508607198748,0.6055948188926913,0.6468646864686468,732
emotions,GSI_MLC_PA_SVM,0.40,2,0.1638655462184874,0.6638655462184874,0.07669467877504775,117,0.8361344537815126,597,0.3380281690140845,48,142,0.19719887955182078,0.8683473389355743,0.6470588235294117,0.7131652661064424,0.7524174435786425,0.7564766839378239,0.0672268907563025,0.15406162464985984,0.1462184873949578,0.13919077467277519,0.13819711404535073,0.6066550116550117,48,0.41025641025641024,117,0.1574539363484087,0.8425460636515913,0.5527495477005882,0.6209677419354839,714
emotions,GSI_MLC_PA_SVM,0.40,3,0.15989159891598917,0.7154471544715447,0.09599328643865956,118,0.8401084010840109,620,0.3586206896551724,52,145,0.18997289972899736,0.8739837398373984,0.6205962059620596,0.6875338753387534,0.7214704710752731,0.7596899224806202,0.07046070460704612,0.1436314363143631,0.13658536585365844,0.12977450226066023,0.13244056515414204,0.5392276422764227,52,0.4406779661016949,118,0.15,0.85,0.6038432467003895,0.6618181818181819,738
emotions,GSI_MLC_PA_SVM,0.40,4,0.14722222222222223,0.6583333333333333,0.08745075096953983,106,0.8527777777777777,614,0.30612244897959184,45,147,0.20055555555555551,0.8583333333333334,0.5958333333333333,0.67,0.7138333676818845,0.7397959183673469,0.0625,0.12430555555555561,0.11555555555555563,0.13099112791346645,0.12161410018552876,0.5248886104149262,45,0.42452830188679247,106,0.16612377850162866,0.8338762214983714,0.5318638897939973,0.6222222222222222,720
emotions,GSI_MLC_PA_SVM,0.40,5,0.1559633027522936,0.6513761467889908,0.09632678912100055,102,0.8440366972477065,552,0.3469387755102041,51,147,0.20917431192660552,0.8532110091743119,0.6307339449541285,0.7003058103975536,0.7240135150837873,0.7538461538461538,0.07798165137614677,0.17048929663608575,0.15657492354740066,0.15629436276634145,0.14584615384615385,0.4683372183372183,51,0.5,102,0.17391304347826086,0.8260869565217391,0.6015335716249117,0.6470588235294118,654
emotions,GSI_MLC_PA_SVM,0.50,1,0.0,0.0,0.09713223452028678,0,1.0,732,0.0,0,148,0.20218579234972678,0.7978142076502732,0.47404371584699456,0.542896174863388,0.5755224297673475,0.6145833333333334,0.0,0.0,0.0,0.0,0.0,,0,,0,0.20218579234972678,0.7978142076502732,0.5755224297673475,0.6145833333333334,732
emotions,GSI_MLC_PA_SVM,0.50,2,0.0,0.0,0.07669467877504775,0,1.0,714,0.0,0,142,0.19887955182072828,0.8011204481792717,0.49299719887955185,0.5669467787114846,0.6132266689058673,0.6182795698924731,0.0,0.0,0.0,0.0,0.0,,0,,0,0.19887955182072828,0.8011204481792717,0.6132266689058673,0.6182795698924731,714
emotions,GSI_MLC_PA_SVM,0.50,3,0.0,0.0,0.09599328643865956,0,1.0,738,0.0,0,145,0.19647696476964768,0.8035230352303523,0.47696476964769646,0.550948509485095,0.5916959688146128,0.6272493573264781,0.0,0.0,0.0,0.0,0.0,,0,,0,0.19647696476964768,0.8035230352303523,0.5916959688146128,0.6272493573264781,738
emotions,GSI_MLC_PA_SVM,0.50,4,0.0,0.0,0.08745075096953983,0,1.0,720,0.0,0,147,0.20416666666666666,0.7958333333333334,0.4715277777777777,0.5544444444444444,0.5828422397684181,0.6181818181818182,0.0,0.0,0.0,0.0,0.0,,0,,0,0.20416666666666666,0.7958333333333334,0.5828422397684181,0.6181818181818182,720
emotions,GSI_MLC_PA_SVM,0.50,5,0.0,0.0,0.09632678912100055,0,1.0,654,0.0,0,147,0.22477064220183487,0.7752293577981652,0.46024464831804274,0.5437308868501529,0.5677191523174459,0.608,0.0,0.0,0.0,0.0,0.0,,0,,0,0.22477064220183487,0.7752293577981652,0.5677191523174459,0.608,654
music,MLC_PA_Logistic,0.20,1,0.530812324929972,1.0,0.08025642006140722,379,0.469187675070028,335,0.8214285714285714,115,140,0.14117647058823524,0.9649859943977591,0.8907563025210085,0.9162464985994397,0.9363305917513717,0.9414519906323185,0.1610644257703081,0.41708683473389363,0.3689075630252101,0.3490681540482934,0.30987304326389753,0.5728359657453225,115,0.3034300791556728,379,0.07462686567164178,0.9253731343283582,0.613536558788275,0.7058823529411765,714
music,MLC_PA_Logistic,0.20,2,0.47150997150997154,0.9572649572649573,0.09332544192625317,331,0.5284900284900285,371,0.7397260273972602,108,146,0.14843304843304844,0.9458689458689459,0.849002849002849,0.8851851851851853,0.9005900506264722,0.9095238095238095,0.15384615384615385,0.3497150997150996,0.31794871794871804,0.307683835067596,0.2745238095238095,0.5786354003399486,108,0.32628398791540786,331,0.10242587601078167,0.8975741239892183,0.6063338701019861,0.6666666666666666,702
music,MLC_PA_Logistic,0.20,3,0.5028248587570622,0.9745762711864406,0.08068723086453489,356,0.4971751412429379,352,0.7906976744186046,102,129,0.13870056497175143,0.961864406779661,0.8968926553672317,0.9254237288135593,0.930043144820848,0.936768149882904,0.14406779661016944,0.370762711864407,0.32090395480225986,0.2926418517821817,0.26335042836391664,0.6163438463195026,102,0.28651685393258425,356,0.07670454545454546,0.9232954545454546,0.6148088023088022,0.7326732673267327,708
music,MLC_PA_Logistic,0.20,4,0.5126050420168067,0.9915966386554622,0.08610172993231471,366,0.48739495798319327,348,0.8333333333333334,115,138,0.13473389355742296,0.9677871148459384,0.9117647058823529,0.9280112044817926,0.9469864465702424,0.9471264367816092,0.1610644257703081,0.4061624649859944,0.3490196078431371,0.3330946584247231,0.29916725310813985,0.5953160806404393,115,0.31420765027322406,366,0.06609195402298851,0.9339080459770115,0.6990740740740741,0.684931506849315,714
music,MLC_PA_Logistic,0.20,5,0.4943977591036415,0.9831932773109243,0.09089608165224691,353,0.5056022408963585,361,0.7816901408450704,111,142,0.14229691876750702,0.9565826330532213,0.8837535014005603,0.9148459383753502,0.9264215285403706,0.9280742459396751,0.15546218487394958,0.4159663865546219,0.3655462184873951,0.3241796660878611,0.29786591260634177,0.5678134667265101,111,0.31444759206798867,353,0.08587257617728532,0.9141274238227147,0.6117306606437042,0.7350427350427351,714
music,MLC_PA_Logistic,0.25,1,0.41316526610644255,0.9831932773109243,0.08025642006140722,295,0.5868347338935574,419,0.7214285714285714,101,140,0.15791316526610644,0.9453781512605042,0.8375350140056022,0.8778711484593837,0.9008170227990141,0.9073634204275535,0.14145658263305316,0.3638655462184873,0.3305322128851541,0.3135545850959358,0.27578447305913245,0.5542606831731748,101,0.3423728813559322,295,0.09307875894988067,0.9069212410501193,0.6335016835016835,0.7111111111111111,714
music,MLC_PA_Logistic,0.25,2,0.37464387464387466,0.9145299145299145,0.09332544192625317,263,0.6253561253561254,439,0.6232876712328768,91,146,0.172008547008547,0.9216524216524217,0.7806267806267806,0.8284900284900285,0.8463178287949891,0.8661800486618005,0.12962962962962965,0.28133903133903126,0.26125356125356125,0.25341161323611283,0.23118004866180053,0.5643735872022257,91,0.34600760456273766,263,0.1252847380410023,0.8747152619589977,0.62627688172043,0.6625766871165644,702
music,MLC_PA_Logistic,0.25,3,0.4194915254237288,0.9322033898305084,0.08068723086453489,297,0.5805084745762712,411,0.7209302325581395,93,129,0.15572033898305085,0.9491525423728814,0.8601694915254238,0.8980225988700565,0.9032755596187864,0.9142857142857143,0.1313559322033898,0.33403954802259905,0.2935028248587571,0.26587426658012003,0.24086799276672688,0.5956169017314528,93,0.31313131313131315,297,0.08759124087591241,0.9124087591240876,0.6582355561302929,0.7464788732394366,708
music,MLC_PA_Logistic,0.25,4,0.41316526610644255,0.9495798319327731,0.08610172993231471,295,0.5868347338935574,419,0.7246376811594203,100,138,0.1565126050420168,0.9467787114845938,0.8613445378151262,0.8946778711484594,0.9119390422735382,0.9120370370370371,0.14005602240896353,0.3557422969187677,0.3156862745098039,0.2980472541280188,0.2640778533635677,0.578497811256432,100,0.3389830508474576,295,0.09069212410501193,0.9093078758949881,0.6857920597356143,0.7076923076923077,714
music,MLC_PA_Logistic,0.25,5,0.4103641456582633,0.957983193277311,0.09089608165224691,293,0.5896358543417367,421,0.7394366197183099,105,142,0.15441176470588236,0.9481792717086834,0.8529411764705883,0.8890756302521008,0.9094618581843439,0.9133489461358314,0.1470588235294117,0.38515406162464993,0.3397759103641457,0.30721999573183434,0.283140612802498,0.5423294208981372,105,0.3583617747440273,293,0.08788598574821853,0.9121140142517815,0.6205706574127626,0.7375886524822695,714
music,MLC_PA_Logistic,0.30,1,0.3333333333333333,0.9411764705882353,0.08025642006140722,238,0.6666666666666666,476,0.6428571428571429,90,140,0.17002801120448177,0.9299719887955182,0.7927170868347339,0.8397759103641456,0.8676052570789413,0.8792270531400966,0.12605042016806722,0.319047619047619,0.2924369747899159,0.28034281937586303,0.24764810577167562,0.5181059970875072,90,0.37815126050420167,238,0.10504201680672269,0.8949579831932774,0.6409247757073845,0.7126436781609196,714
music,MLC_PA_Logistic,0.30,2,0.2948717948717949,0.8888888888888888,0.09332544192625317,207,0.7051282051282052,495,0.5136986301369864,75,146,0.18960113960113964,0.8988603988603988,0.725071225071225,0.780911680911681,0.7934505234813876,0.8229426433915212,0.10683760683760679,0.22578347578347568,0.2136752136752137,0.20054430792251132,0.18794264339152122,0.5745630122477413,75,0.36231884057971014,207,0.14343434343434344,0.8565656565656565,0.6158771674900708,0.6570048309178744,702
music,MLC_PA_Logistic,0.30,3,0.3149717514124294,0.8728813559322034,0.08068723086453489,223,0.6850282485875706,485,0.5813953488372093,75,129,0.17076271186440678,0.923728813559322,0.8022598870056498,0.8511299435028249,0.8566473150701528,0.8701923076923077,0.10593220338983045,0.27612994350282505,0.24661016949152548,0.21924602203148646,0.19677458617332033,0.6073911630929175,75,0.336322869955157,223,0.11134020618556702,0.8886597938144329,0.6216900341038273,0.7127659574468085,708
music,MLC_PA_Logistic,0.30,4,0.30532212885154064,0.8907563025210085,0.08610172993231471,218,0.6946778711484594,496,0.5869565217391305,81,138,0.17142857142857146,0.9201680672268908,0.7913165266106443,0.8358543417366947,0.8598787037028885,0.8652482269503546,0.11344537815126055,0.2857142857142858,0.2568627450980392,0.24598691555736918,0.21728904327688525,0.5498714856312895,81,0.37155963302752293,218,0.11491935483870967,0.8850806451612904,0.6738978716341628,0.6984126984126984,714
music,MLC_PA_Logistic,0.30,5,0.3081232492997199,0.8823529411764706,0.09089608165224691,220,0.6918767507002801,494,0.5774647887323944,82,142,0.17647058823529413,0.9159663865546218,0.7591036414565827,0.8162464985994398,0.8458443304390032,0.8564593301435407,0.11484593837535007,0.29131652661064433,0.26694677871148464,0.24360246798649365,0.22625099681020733,0.5030642109749616,82,0.37272727272727274,220,0.1214574898785425,0.8785425101214575,0.6352324803136161,0.696969696969697,714
music,MLC_PA_Logistic,0.35,1,0.2549019607843137,0.8487394957983193,0.08025642006140722,182,0.7450980392156863,532,0.5571428571428572,78,140,0.17605042016806718,0.9131652661064426,0.7436974789915966,0.8042016806722689,0.8278195071486355,0.8472906403940886,0.10924369747899154,0.2700280112044817,0.2568627450980393,0.24055706944555721,0.21571169302566762,0.48772267368758593,78,0.42857142857142855,182,0.11654135338345864,0.8834586466165414,0.6508216305248781,0.7047619047619048,714
music,MLC_PA_Logistic,0.35,2,0.21794871794871795,0.7863247863247863,0.09332544192625317,153,0.782051282051282,549,0.410958904109589,60,146,0.1987891737891737,0.8774928774928775,0.6623931623931624,0.7253561253561254,0.7459702682093806,0.7828282828282829,0.0854700854700855,0.16310541310541304,0.1581196581196581,0.15306405265050438,0.14782828282828286,0.5722273757988043,60,0.39215686274509803,153,0.15664845173041894,0.843351548269581,0.6103801169590642,0.6532258064516129,702
music,MLC_PA_Logistic,0.35,3,0.2245762711864407,0.788135593220339,0.08068723086453489,159,0.7754237288135594,549,0.4573643410852713,59,129,0.17747175141242938,0.9011299435028248,0.7401129943502824,0.7980225988700564,0.8157251436012499,0.8309178743961353,0.08333333333333326,0.21398305084745772,0.19350282485875703,0.1783238505625836,0.15750015287714791,0.5603313840155945,59,0.3710691823899371,159,0.12750455373406194,0.872495446265938,0.6400938057906183,0.72,708
music,MLC_PA_Logistic,0.35,4,0.21288515406162464,0.8151260504201681,0.08610172993231471,152,0.7871148459383753,562,0.4782608695652174,66,138,0.1753501400560224,0.8991596638655462,0.7394957983193278,0.7957983193277312,0.8171538550848895,0.8277511961722488,0.09243697478991597,0.23389355742296924,0.21680672268907564,0.2032620669393701,0.1797920124987794,0.5176690770870996,66,0.4342105263157895,152,0.12811387900355872,0.8718861209964412,0.6737447546068235,0.7073170731707317,714
music,MLC_PA_Logistic,0.35,5,0.226890756302521,0.773109243697479,0.09089608165224691,162,0.773109243697479,552,0.4507042253521127,64,142,0.18865546218487386,0.8907563025210083,0.6834733893557424,0.7526610644257703,0.7834957181758723,0.806930693069307,0.0896358543417366,0.21568627450980404,0.20336134453781518,0.18125385572336272,0.1767223597359736,0.47517789586959597,64,0.3950617283950617,162,0.14130434782608695,0.8586956521739131,0.6304414592458071,0.6776859504132231,714
music,MLC_PA_Logistic,0.40,1,0.1568627450980392,0.6722689075630253,0.08025642006140722,112,0.8431372549019608,602,0.42142857142857143,59,140,0.1761904761904762,0.8865546218487395,0.6694677871148459,0.7355742296918767,0.7665779939922097,0.7959697732997482,0.08263305322128844,0.19579831932773106,0.18823529411764706,0.17931555628913143,0.16439082593132714,0.451880145997793,59,0.5267857142857143,112,0.1345514950166113,0.8654485049833887,0.6447399233992942,0.7011070110701108,714
music,MLC_PA_Logistic,0.40,2,0.1339031339031339,0.6239316239316239,0.09332544192625317,94,0.8660968660968661,608,0.2465753424657534,36,146,0.2102564102564103,0.8433048433048433,0.5933048433048433,0.666951566951567,0.6817054251083122,0.7263681592039801,0.05128205128205132,0.09401709401709402,0.09971509971509973,0.08879920954943599,0.09136815920398011,0.5994800218938149,36,0.3829787234042553,94,0.18092105263157895,0.819078947368421,0.5942786045087836,0.6428571428571429,702
music,MLC_PA_Logistic,0.40,3,0.16242937853107345,0.6949152542372882,0.08068723086453489,115,0.8375706214689266,593,0.32558139534883723,42,129,0.1878531073446328,0.8771186440677966,0.673728813559322,0.7443502824858756,0.7624512193726325,0.7841191066997518,0.05932203389830504,0.1475988700564973,0.13983050847457623,0.12504992633396617,0.11070138518076444,0.5704874835309618,42,0.3652173913043478,115,0.1467116357504216,0.8532883642495784,0.6365116232404611,0.6968641114982579,708
music,MLC_PA_Logistic,0.40,4,0.12324929971988796,0.6050420168067226,0.08610172993231471,88,0.876750700280112,626,0.30434782608695654,42,138,0.18375350140056024,0.865546218487395,0.6428571428571429,0.7112044817927171,0.7404859161356704,0.7635467980295566,0.05882352941176472,0.13725490196078438,0.1322128851540616,0.12659412799015102,0.11558761435608722,0.5489651416122004,42,0.4772727272727273,88,0.15335463258785942,0.8466453674121406,0.63409970270738,0.673469387755102,714
music,MLC_PA_Logistic,0.40,5,0.14565826330532214,0.6050420168067226,0.09089608165224691,104,0.8543417366946778,610,0.323943661971831,46,142,0.19271708683473396,0.865546218487395,0.6092436974789918,0.6871148459383755,0.7253497877153792,0.7551020408163265,0.06442577030812324,0.14145658263305338,0.13781512605042034,0.12310792526286962,0.12489370748299311,0.49164457562073266,46,0.4423076923076923,104,0.15737704918032788,0.8426229508196721,0.6215104628585514,0.6643356643356644,714
music,MLC_PA_Logistic,0.50,1,0.0,0.0,0.08025642006140722,0,1.0,714,0.0,0,140,0.19607843137254902,0.803921568627451,0.47366946778711483,0.5473389355742296,0.5872624377030783,0.631578947368421,0.0,0.0,0.0,0.0,0.0,,0,,0,0.19607843137254902,0.803921568627451,0.5872624377030783,0.631578947368421,714
music,MLC_PA_Logistic,0.50,2,0.0,0.0,0.09332544192625317,0,1.0,702,0.0,0,146,0.20797720797720798,0.792022792022792,0.4992877492877493,0.5672364672364673,0.5929062155588762,0.635,0.0,0.0,0.0,0.0,0.0,,0,,0,0.20797720797720798,0.792022792022792,0.5929062155588762,0.635,702
music,MLC_PA_Logistic,0.50,3,0.0,0.0,0.08068723086453489,0,1.0,708,0.0,0,129,0.18220338983050846,0.8177966101694916,0.5261299435028247,0.6045197740112994,0.6374012930386663,0.6734177215189874,0.0,0.0,0.0,0.0,0.0,,0,,0,0.18220338983050846,0.8177966101694916,0.6374012930386663,0.6734177215189874,708
music,MLC_PA_Logistic,0.50,4,0.0,0.0,0.08610172993231471,0,1.0,714,0.0,0,138,0.19327731092436976,0.8067226890756303,0.5056022408963585,0.5789915966386555,0.6138917881455194,0.6479591836734694,0.0,0.0,0.0,0.0,0.0,,0,,0,0.19327731092436976,0.8067226890756303,0.6138917881455194,0.6479591836734694,714
music,MLC_PA_Logistic,0.50,5,0.0,0.0,0.09089608165224691,0,1.0,714,0.0,0,142,0.19887955182072828,0.8011204481792717,0.4677871148459384,0.5492997198879551,0.6022418624525095,0.6302083333333334,0.0,0.0,0.0,0.0,0.0,,0,,0,0.19887955182072828,0.8011204481792717,0.6022418624525095,0.6302083333333334,714
music,MLC_PA_MLP,0.20,1,0.9985994397759104,1.0,0.163186705006811,713,0.0014005602240896359,1,1.0,214,214,0.19971988795518195,1.0,1.0,1.0,1.0,1.0,0.2997198879551821,0.48501400560224084,0.3641056422569027,0.36080731288143086,0.35785953177257523,0.6377161275024745,214,0.30014025245441794,713,0.0,1.0,0.16666666666666666,1.0,714
music,MLC_PA_MLP,0.20,2,0.9985754985754985,1.0,0.17896311118444053,701,0.0014245014245014246,1,1.0,207,207,0.19971509971509963,1.0,1.0,1.0,1.0,1.0,0.29487179487179493,0.49444444444444446,0.3857549857549858,0.3869142181333388,0.3756805807622504,0.6130857818666612,207,0.29529243937232524,701,0.0,1.0,0.0,0.0,702
music,MLC_PA_MLP,0.20,3,1.0,1.0,0.18032764638459192,708,0.0,0,1.0,196,196,0.19999999999999987,1.0,1.0,1.0,1.0,1.0,0.2768361581920904,0.46751412429378525,0.34749798224374495,0.34137238056765473,0.33676975945017185,0.6586276194323453,196,0.2768361581920904,708,,,0.0,0.0,708
music,MLC_PA_MLP,0.20,4,1.0,1.0,0.16520885556322168,714,0.0,0,1.0,193,193,0.19999999999999984,1.0,1.0,1.0,1.0,1.0,0.27030812324929965,0.473109243697479,0.36110444177671064,0.34805843175226814,0.34038800705467376,0.6519415682477319,193,0.2703081232492997,714,,,0.0,0.0,714
music,MLC_PA_MLP,0.20,5,1.0,1.0,0.16853743327006962,714,0.0,0,1.0,197,197,0.19999999999999984,1.0,1.0,1.0,1.0,1.0,0.2759103641456583,0.46862745098039216,0.35106042416966776,0.3447869569853803,0.3426086956521739,0.6552130430146197,197,0.2759103641456583,714,,,0.0,0.0,714
music,MLC_PA_MLP,0.25,1,0.9929971988795518,1.0,0.163186705006811,709,0.0070028011204481795,5,1.0,214,214,0.24824929971988796,1.0,1.0,1.0,1.0,1.0,0.2997198879551821,0.48501400560224084,0.3641056422569027,0.36080731288143086,0.35785953177257523,0.6345415243278714,214,0.3018335684062059,709,0.0,1.0,0.16666666666666666,1.0,714
music,MLC_PA_MLP,0.25,2,0.9928774928774928,1.0,0.17896311118444053,697,0.007122507122507123,5,1.0,207,207,0.2482193732193732,1.0,1.0,1.0,1.0,1.0,0.29487179487179493,0.49444444444444446,0.3857549857549858,0.3869142181333388,0.3756805807622504,0.609369565650445,207,0.296987087517934,697,0.0,1.0,0.16666666666666666,1.0,702
music,MLC_PA_MLP,0.25,3,0.9971751412429378,1.0,0.18032764638459192,706,0.002824858757062147,2,1.0,196,196,0.24929378531073446,1.0,1.0,1.0,1.0,1.0,0.2768361581920904,0.46751412429378525,0.34749798224374495,0.34137238056765473,0.33676975945017185,0.6573356297682625,196,0.2776203966005666,706,0.0,1.0,0.16666666666666666,1.0,708
music,MLC_PA_MLP,0.25,4,0.9985994397759104,1.0,0.16520885556322168,713,0.0014005602240896359,1,1.0,193,193,0.2496498599439776,1.0,1.0,1.0,1.0,1.0,0.27030812324929965,0.473109243697479,0.36110444177671064,0.34805843175226814,0.34038800705467376,0.6500764965389403,193,0.270687237026648,713,0.0,1.0,0.16666666666666666,1.0,714
music,MLC_PA_MLP,0.25,5,0.9971988795518207,1.0,0.16853743327006962,712,0.0028011204481792717,2,1.0,197,197,0.24929971988795518,1.0,1.0,1.0,1.0,1.0,0.2759103641456583,0.46862745098039216,0.35106042416966776,0.3447869569853803,0.3426086956521739,0.6540318476449055,197,0.27668539325842695,712,0.0,1.0,0.16666666666666666,1.0,714
music,MLC_PA_MLP,0.30,1,0.9719887955182073,1.0,0.163186705006811,694,0.028011204481792718,20,1.0,214,214,0.2915966386554623,1.0,1.0,1.0,1.0,1.0,0.2997198879551821,0.48501400560224084,0.3641056422569027,0.36080731288143086,0.35785953177257523,0.6218638560580979,214,0.30835734870317005,694,0.0,1.0,0.6666666666666666,1.0,714
music,MLC_PA_MLP,0.30,2,0.9700854700854701,1.0,0.17896311118444053,681,0.029914529914529916,21,1.0,207,207,0.29102564102564116,1.0,1.0,1.0,1.0,1.0,0.29487179487179493,0.49444444444444446,0.3857549857549858,0.3869142181333388,0.3756805807622504,0.5998337419202479,207,0.3039647577092511,681,0.0,1.0,0.5,1.0,702
music,MLC_PA_MLP,0.30,3,0.963276836158192,1.0,0.18032764638459192,682,0.03672316384180791,26,0.9897959183673469,194,196,0.2918079096045199,0.9971751412429378,0.9943502824858756,0.9966101694915254,0.9947801973737868,0.9954954954954955,0.2740112994350282,0.4618644067796609,0.3441081517352703,0.3361525779414415,0.3322652549456674,0.6376627012514828,194,0.2844574780058651,682,0.07692307692307693,0.9230769230769231,0.43719806763285024,0.9333333333333333,708
music,MLC_PA_MLP,0.30,4,0.9775910364145658,1.0,0.16520885556322168,698,0.022408963585434174,16,0.9948186528497409,192,193,0.29467787114845956,0.9985994397759104,0.9957983193277311,0.9971988795518206,0.9976525821596244,0.9977426636568849,0.26890756302521,0.4689075630252101,0.35830332132853127,0.3457110139118925,0.33813067071155867,0.6447098794924881,192,0.27507163323782235,698,0.0625,0.9375,0.27777777777777773,0.9230769230769231,714
music,MLC_PA_MLP,0.30,5,0.969187675070028,1.0,0.16853743327006962,692,0.03081232492997199,22,0.9949238578680203,196,197,0.29215686274509817,0.9985994397759104,0.9957983193277311,0.9971988795518207,0.9976525821596244,0.9977426636568849,0.27450980392156865,0.46442577030812326,0.3482593037214885,0.3424395391450047,0.3403513593090588,0.6419674248837405,196,0.2832369942196532,692,0.045454545454545456,0.9545454545454546,0.3333333333333333,0.9523809523809523,714
music,MLC_PA_MLP,0.35,1,0.9173669467787114,0.9915966386554622,0.163186705006811,655,0.08263305322128851,59,0.9906542056074766,212,214,0.32387955182072825,0.9971988795518207,0.9929971988795518,0.9955182072829132,0.9960269086640481,0.9955357142857143,0.29691876750700286,0.4780112044817927,0.35962384953981585,0.35683422154547895,0.35339524605828954,0.6007295824865402,212,0.3236641221374046,655,0.03389830508474576,0.9661016949152542,0.6095238095238095,0.9565217391304348,714
music,MLC_PA_MLP,0.35,2,0.8760683760683761,1.0,0.17896311118444053,615,0.12393162393162394,87,0.9758454106280193,202,207,0.3137464387464387,0.9928774928774928,0.9829059829059829,0.9891737891737892,0.9873062361924667,0.9888143176733781,0.28774928774928776,0.4773504273504273,0.37492877492877497,0.37422045432580553,0.36449489843562854,0.5597525267504192,202,0.3284552845528455,615,0.05747126436781609,0.9425287356321839,0.6262254901960784,0.927536231884058,702
music,MLC_PA_MLP,0.35,3,0.9067796610169492,1.0,0.18032764638459192,642,0.09322033898305085,66,0.9642857142857143,189,196,0.3272598870056497,0.9901129943502824,0.9781073446327683,0.9847457627118644,0.9827750059396531,0.9843400447427293,0.26694915254237284,0.4456214689265535,0.3322437449556094,0.3241473865073078,0.32110980419290114,0.6235007954066634,189,0.29439252336448596,642,0.10606060606060606,0.8939393939393939,0.5606060606060606,0.8727272727272727,708
music,MLC_PA_MLP,0.35,4,0.9173669467787114,1.0,0.16520885556322168,655,0.08263305322128851,59,0.9792746113989638,189,193,0.3266806722689075,0.9943977591036415,0.984593837535014,0.9899159663865548,0.990735524256651,0.990990990990991,0.2647058823529411,0.4577030812324929,0.3510204081632654,0.33879395600891915,0.33137899804566473,0.6278747169742137,189,0.2885496183206107,655,0.06779661016949153,0.9322033898305084,0.7323232323232324,0.9047619047619048,714
music,MLC_PA_MLP,0.35,5,0.896358543417367,0.9915966386554622,0.16853743327006962,640,0.10364145658263306,74,0.9695431472081218,191,197,0.3221288515406162,0.9915966386554622,0.9789915966386554,0.9865546218487394,0.9870059136561068,0.9866071428571429,0.2675070028011205,0.4476190476190476,0.3376150460184072,0.3317928706414871,0.3292158385093168,0.6195115233233045,191,0.2984375,640,0.08108108108108109,0.9189189189189189,0.6901364764267991,0.9,714
music,MLC_PA_MLP,0.40,1,0.7450980392156863,0.9663865546218487,0.163186705006811,532,0.2549019607843137,182,0.9112149532710281,195,214,0.3246498599439776,0.9733893557422969,0.9355742296918768,0.9554621848739496,0.958823739187246,0.9587852494577006,0.273109243697479,0.4205882352941176,0.3195678271308523,0.3196310520686768,0.31664478123027584,0.531463309788769,195,0.36654135338345867,532,0.1043956043956044,0.8956043956043956,0.8172516869995862,0.8652482269503546,714
music,MLC_PA_MLP,0.40,2,0.7165242165242165,0.9914529914529915,0.17896311118444053,503,0.28347578347578345,199,0.8888888888888888,184,207,0.3193732193732194,0.9672364672364673,0.9223646723646726,0.9500610500610499,0.9481136116639806,0.9501084598698482,0.2621082621082622,0.41680911680911703,0.3358160358160357,0.3350278297973194,0.32578904063209857,0.49202274570499566,184,0.3658051689860835,503,0.11557788944723618,0.8844221105527639,0.869632440789936,0.8553459119496856,702
music,MLC_PA_MLP,0.40,3,0.748587570621469,0.9830508474576272,0.18032764638459192,530,0.2514124293785311,178,0.8622448979591837,169,196,0.3375706214689266,0.961864406779661,0.9194915254237288,0.9468119451170299,0.9379067327230861,0.9414316702819957,0.2387005649717514,0.38700564971751406,0.2943099273607749,0.27927911329074084,0.27820142973216755,0.5892396857871186,169,0.31886792452830187,530,0.15168539325842698,0.848314606741573,0.7679944095038435,0.8163265306122449,708
music,MLC_PA_MLP,0.40,4,0.7310924369747899,0.9915966386554622,0.16520885556322168,522,0.2689075630252101,192,0.8549222797927462,165,193,0.3316526610644258,0.9607843137254902,0.9033613445378151,0.9305322128851541,0.9388567443527854,0.9388646288209607,0.23109243697478987,0.3764705882352941,0.2916366546618647,0.28691517610505357,0.2792526358756344,0.5813724439848107,165,0.3160919540229885,522,0.14583333333333334,0.8541666666666666,0.7777499303815093,0.8028169014084507,714
music,MLC_PA_MLP,0.40,5,0.7521008403361344,0.9663865546218487,0.16853743327006962,537,0.24789915966386555,177,0.9035532994923858,178,197,0.327450980392157,0.9733893557422969,0.9404761904761905,0.9605042016806723,0.9564593664712131,0.9580573951434879,0.24929971988795518,0.4091036414565826,0.31156462585034006,0.3012463234565934,0.30066609079566176,0.5570253091099355,178,0.33147113594040967,537,0.10734463276836158,0.8926553672316384,0.8377726848315085,0.87248322147651,714
music,MLC_PA_MLP,0.50,1,0.0,0.0,0.163186705006811,0,1.0,714,0.0,0,214,0.29971988795518206,0.7002801120448179,0.5149859943977592,0.6358943577430973,0.6391926871185691,0.6421404682274248,0.0,0.0,0.0,0.0,0.0,,0,,0,0.29971988795518206,0.7002801120448179,0.6391926871185691,0.6421404682274248,714
music,MLC_PA_MLP,0.50,2,0.0,0.0,0.17896311118444053,0,1.0,702,0.0,0,207,0.2948717948717949,0.7051282051282051,0.5055555555555555,0.6142450142450142,0.6130857818666612,0.6243194192377496,0.0,0.0,0.0,0.0,0.0,,0,,0,0.2948717948717949,0.7051282051282051,0.6130857818666612,0.6243194192377496,702
music,MLC_PA_MLP,0.50,3,0.0,0.0,0.18032764638459192,0,1.0,708,0.0,0,196,0.2768361581920904,0.7231638418079096,0.5324858757062148,0.652502017756255,0.6586276194323453,0.6632302405498282,0.0,0.0,0.0,0.0,0.0,,0,,0,0.2768361581920904,0.7231638418079096,0.6586276194323453,0.6632302405498282,708
music,MLC_PA_MLP,0.50,4,0.0,0.0,0.16520885556322168,0,1.0,714,0.0,0,193,0.2703081232492997,0.7296918767507004,0.526890756302521,0.6388955582232894,0.6519415682477319,0.6596119929453262,0.0,0.0,0.0,0.0,0.0,,0,,0,0.2703081232492997,0.7296918767507004,0.6519415682477319,0.6596119929453262,714
music,MLC_PA_MLP,0.50,5,0.0,0.0,0.16853743327006962,0,1.0,714,0.0,0,197,0.2759103641456583,0.7240896358543417,0.5313725490196078,0.6489395758303322,0.6552130430146197,0.6573913043478261,0.0,0.0,0.0,0.0,0.0,,0,,0,0.2759103641456583,0.7240896358543417,0.6552130430146197,0.6573913043478261,714
music,GSI_MLC_PA_Logistic,0.20,1,0.4789915966386555,1.0,0.07672132074738414,342,0.5210084033613446,372,0.8043478260869565,111,138,0.13361344537815123,0.9621848739495799,0.8781512605042018,0.9078431372549018,0.9284262346270814,0.9361702127659575,0.15546218487394958,0.3918767507002802,0.3521008403361343,0.342826944634227,0.3012495778453226,0.5717895710034284,111,0.32456140350877194,342,0.07258064516129033,0.9274193548387096,0.6169495708969392,0.6823529411764706,714
music,GSI_MLC_PA_Logistic,0.20,2,0.41595441595441596,0.9487179487179487,0.09182466601172114,292,0.584045584045584,410,0.6756756756756757,100,148,0.15156695156695157,0.9316239316239316,0.8034188034188035,0.8475783475783476,0.8632663475364151,0.8823529411764706,0.14245014245014254,0.306980056980057,0.28547008547008534,0.28966443241614614,0.2599039615846338,0.5688128398548687,100,0.3424657534246575,292,0.11707317073170732,0.8829268292682927,0.5698955365622033,0.6,702
music,GSI_MLC_PA_Logistic,0.20,3,0.4463276836158192,0.9915254237288136,0.08622354261806289,316,0.5536723163841808,392,0.7380952380952381,93,126,0.13587570621468928,0.9533898305084746,0.8714689265536723,0.905367231638418,0.9097816426202262,0.9212410501193318,0.1313559322033898,0.3418079096045198,0.30112994350282496,0.2625158313837084,0.24266962154790317,0.652837721822666,93,0.29430379746835444,316,0.08418367346938775,0.9158163265306123,0.562054367201426,0.6597938144329897,708
music,GSI_MLC_PA_Logistic,0.20,4,0.438375350140056,0.9831932773109243,0.0845933729283384,313,0.561624649859944,401,0.7482014388489209,104,139,0.13669467787114845,0.9509803921568627,0.8683473389355744,0.8935574229691876,0.9160641566400036,0.9180327868852459,0.14565826330532206,0.36694677871148473,0.3159663865546217,0.2940439692080785,0.2735315081128674,0.6272133278598796,104,0.33226837060702874,313,0.08728179551122195,0.912718204488778,0.6058201058201057,0.5882352941176471,714
music,GSI_MLC_PA_Logistic,0.20,5,0.4425770308123249,0.9915966386554622,0.08071712223045675,316,0.5574229691876751,398,0.7588652482269503,107,141,0.1361344537815126,0.9523809523809523,0.8655462184873951,0.9002801120448178,0.9154661132372857,0.92018779342723,0.14985994397759095,0.40056022408963604,0.3571428571428571,0.3115155431102449,0.29026653358471033,0.5838310077440512,107,0.33860759493670883,316,0.08542713567839195,0.914572864321608,0.5158215697346132,0.6851851851851852,714
music,GSI_MLC_PA_Logistic,0.25,1,0.3753501400560224,0.9831932773109243,0.07672132074738414,268,0.6246498599439776,446,0.6956521739130435,96,138,0.15266106442577032,0.9411764705882353,0.8207282913165266,0.865546218487395,0.8850429174436981,0.8990384615384616,0.134453781512605,0.334453781512605,0.30980392156862746,0.29944362745084374,0.2641178266178267,0.565985394157663,96,0.3582089552238806,268,0.09417040358744394,0.905829596412556,0.6099326599326599,0.671875,714
music,GSI_MLC_PA_Logistic,0.25,2,0.34045584045584043,0.9316239316239316,0.09182466601172114,239,0.6595441595441596,463,0.6148648648648649,91,148,0.16631054131054132,0.9188034188034188,0.7635327635327634,0.8108262108262109,0.8333548658320259,0.858560794044665,0.12962962962962965,0.267094017094017,0.2487179487179486,0.25975295071175697,0.23611181445282825,0.5265155210282515,91,0.3807531380753138,239,0.12311015118790497,0.8768898488120951,0.6195122819411244,0.6586826347305389,702
music,GSI_MLC_PA_Logistic,0.25,3,0.3615819209039548,0.9491525423728814,0.08622354261806289,256,0.6384180790960452,452,0.6587301587301587,83,126,0.15112994350282485,0.9392655367231638,0.8361581920903955,0.8810734463276836,0.878906410249637,0.8958837772397095,0.11723163841807904,0.3064971751412431,0.2768361581920905,0.23164059901311917,0.21731234866828086,0.6336187691450849,83,0.32421875,256,0.09513274336283185,0.9048672566371682,0.6211887725045621,0.6993006993006993,708
music,GSI_MLC_PA_Logistic,0.25,4,0.3431372549019608,0.9495798319327731,0.0845933729283384,245,0.6568627450980392,469,0.60431654676259,84,139,0.16281512605042017,0.9229691876750701,0.8067226890756303,0.8476190476190476,0.8645650384350949,0.8693586698337292,0.11764705882352944,0.30532212885154064,0.2700280112044817,0.2425448510031698,0.22485739106135072,0.6169000567337343,84,0.34285714285714286,245,0.11727078891257996,0.8827292110874201,0.6110351524749589,0.6258503401360545,714
music,GSI_MLC_PA_Logistic,0.25,5,0.3333333333333333,0.9495798319327731,0.08071712223045675,238,0.6666666666666666,476,0.6382978723404256,90,141,0.15476190476190477,0.9285714285714286,0.7941176470588236,0.8467787114845938,0.8650482886633455,0.8771084337349397,0.12605042016806722,0.32913165266106453,0.3036414565826331,0.2610977185363047,0.24718717389242006,0.5680482719403551,90,0.37815126050420167,238,0.10714285714285714,0.8928571428571429,0.5817872186293239,0.6751592356687898,714
music,GSI_MLC_PA_Logistic,0.30,1,0.29831932773109243,0.9327731092436975,0.07672132074738414,213,0.7016806722689075,501,0.6086956521739131,84,138,0.16512605042016806,0.9243697478991597,0.7745098039215685,0.8271708683473389,0.8458092705162165,0.8676470588235294,0.11764705882352944,0.288235294117647,0.27142857142857135,0.2602099805233621,0.23272642390289455,0.5263962429276831,84,0.39436619718309857,213,0.10778443113772455,0.8922155688622755,0.6360854415997577,0.6896551724137931,714
music,GSI_MLC_PA_Logistic,0.30,2,0.2678062678062678,0.8803418803418803,0.09182466601172114,188,0.7321937321937322,514,0.5135135135135135,76,148,0.18290598290598292,0.8974358974358975,0.7108262108262108,0.7626780626780627,0.7893863733495289,0.8181818181818182,0.10826210826210836,0.2143874643874643,0.20056980056980045,0.21578445822925996,0.19573283858998147,0.5278088508130524,76,0.40425531914893614,188,0.14007782101167315,0.8599221789883269,0.6047697215086751,0.660377358490566,702
music,GSI_MLC_PA_Logistic,0.30,3,0.2810734463276836,0.864406779661017,0.08622354261806289,199,0.7189265536723164,509,0.5079365079365079,64,126,0.1718926553672316,0.9124293785310734,0.7570621468926553,0.8127118644067797,0.8269061773372118,0.848780487804878,0.09039548022598864,0.2274011299435028,0.2084745762711866,0.179640366100694,0.17020905923344942,0.6364035087719299,64,0.32160804020100503,199,0.12180746561886051,0.8781925343811395,0.6229476405946994,0.6868686868686869,708
music,GSI_MLC_PA_Logistic,0.30,4,0.2647058823529412,0.865546218487395,0.0845933729283384,189,0.7352941176470589,525,0.5035971223021583,70,139,0.17605042016806718,0.9033613445378151,0.7521008403361344,0.8008403361344538,0.8232748409609512,0.8337349397590361,0.0980392156862745,0.2507002801120448,0.22324929971988794,0.20125465352902605,0.18923366098665761,0.6145811162701603,70,0.37037037037037035,189,0.13142857142857142,0.8685714285714285,0.6307606520239601,0.6461538461538462,714
music,GSI_MLC_PA_Logistic,0.30,5,0.2605042016806723,0.8235294117647058,0.08071712223045675,186,0.7394957983193278,528,0.524822695035461,74,141,0.17198879551820728,0.9061624649859944,0.7198879551820728,0.7815126050420168,0.8175797617698736,0.8361858190709046,0.10364145658263302,0.25490196078431376,0.23837535014005606,0.21362919164283278,0.20626455922838494,0.5332732613531727,74,0.3978494623655914,186,0.1268939393939394,0.8731060606060606,0.6145815980898439,0.6699507389162561,714
music,GSI_MLC_PA_Logistic,0.35,1,0.22128851540616246,0.8403361344537815,0.07672132074738414,158,0.7787114845938375,556,0.4927536231884058,68,138,0.1754901960784313,0.9019607843137255,0.7142857142857142,0.7759103641456582,0.7929504783658702,0.8258706467661692,0.09523809523809523,0.22801120448179263,0.22016806722689064,0.2073511883730158,0.19095001184553428,0.5365616953852248,68,0.43037974683544306,158,0.12589928057553956,0.8741007194244604,0.6264695655407729,0.6728971962616822,714
music,GSI_MLC_PA_Logistic,0.35,2,0.19373219373219372,0.7777777777777778,0.09182466601172114,136,0.8062678062678063,566,0.39864864864864863,59,148,0.19458689458689454,0.8732193732193732,0.6467236467236468,0.7054131054131054,0.7202359714735952,0.7700258397932817,0.08404558404558404,0.15028490028490032,0.14330484330484317,0.14663405635332627,0.1475768602014449,0.4677990708478513,59,0.4338235294117647,136,0.15724381625441697,0.842756183745583,0.6137118093109797,0.6536964980544747,702
music,GSI_MLC_PA_Logistic,0.35,3,0.1906779661016949,0.7457627118644068,0.08622354261806289,135,0.809322033898305,573,0.38095238095238093,48,126,0.17690677966101692,0.8898305084745762,0.7019774011299434,0.7661016949152543,0.7795182470495257,0.806930693069307,0.06779661016949146,0.17231638418079098,0.16186440677966119,0.13225243581300783,0.12835926449787838,0.5835339983946795,48,0.35555555555555557,135,0.13612565445026178,0.8638743455497382,0.648079046670596,0.7022900763358778,708
music,GSI_MLC_PA_Logistic,0.35,4,0.18907563025210083,0.7310924369747899,0.0845933729283384,135,0.8109243697478992,579,0.4172661870503597,58,139,0.17962184873949577,0.8865546218487395,0.7114845938375349,0.7669467787114845,0.7888638518240031,0.8048192771084337,0.08123249299719881,0.2100840336134453,0.18935574229691865,0.16684366439207798,0.1603179983360552,0.547008547008547,58,0.42962962962962964,135,0.13989637305699482,0.8601036269430051,0.6618602559513742,0.6896551724137931,714
music,GSI_MLC_PA_Logistic,0.35,5,0.19887955182072828,0.7142857142857143,0.08071712223045675,142,0.8011204481792717,572,0.425531914893617,60,141,0.18305322128851534,0.8865546218487395,0.6722689075630254,0.7417366946778712,0.7709699001509346,0.7990074441687345,0.08403361344537807,0.2072829131652663,0.19859943977591044,0.1670193300238938,0.1690861843262148,0.4733568808868884,60,0.4225352112676056,142,0.14160839160839161,0.8583916083916083,0.6387928300971779,0.6693877551020408,714
music,GSI_MLC_PA_Logistic,0.40,1,0.14985994397759103,0.6470588235294118,0.07672132074738414,107,0.8501400560224089,607,0.37681159420289856,52,138,0.18039215686274512,0.8795518207282913,0.6596638655462184,0.726890756302521,0.7488349471365009,0.7817258883248731,0.07282913165266103,0.1733893557422968,0.17114845938375345,0.16323565714364652,0.14680525340423822,0.4670928910059345,52,0.48598130841121495,107,0.1416803953871499,0.8583196046128501,0.6323055938200578,0.6791044776119403,714
music,GSI_MLC_PA_Logistic,0.40,2,0.1267806267806268,0.6068376068376068,0.09182466601172114,89,0.8732193732193733,613,0.27702702702702703,41,148,0.20313390313390317,0.8475783475783476,0.6075498575498577,0.6735042735042734,0.6821881811045897,0.7291139240506329,0.05840455840455849,0.11111111111111122,0.11139601139601119,0.10858626598432075,0.10666494445879615,0.43327228327228323,41,0.4606741573033708,89,0.17455138662316477,0.8254486133768353,0.6016375928585553,0.6491803278688525,702
music,GSI_MLC_PA_Logistic,0.40,3,0.13559322033898305,0.6186440677966102,0.08622354261806289,96,0.864406779661017,612,0.25396825396825395,32,126,0.18700564971751418,0.8672316384180792,0.6412429378531074,0.7163841807909603,0.7249977371823082,0.7614213197969543,0.04519774011299438,0.11158192090395491,0.11214689265536726,0.07773192594579037,0.08284989122552566,0.6183786761589966,32,0.3333333333333333,96,0.15359477124183007,0.8464052287581699,0.6323333940622319,0.6824324324324325,708
music,GSI_MLC_PA_Logistic,0.40,4,0.13025210084033614,0.6302521008403361,0.0845933729283384,93,0.8697478991596639,621,0.3237410071942446,45,139,0.1837535014005603,0.8683473389355743,0.6554621848739496,0.723249299719888,0.7520852625176254,0.7696078431372549,0.06302521008403361,0.15406162464985995,0.14565826330532217,0.1300650750857003,0.12510656436487644,0.5436358923174339,45,0.4838709677419355,93,0.15136876006441224,0.8486312399355878,0.6348037523919394,0.678082191780822,714
music,GSI_MLC_PA_Logistic,0.40,5,0.11904761904761904,0.5378151260504201,0.08071712223045675,85,0.8809523809523809,629,0.2695035460992908,38,141,0.19187675070028018,0.8557422969187676,0.5952380952380955,0.6719887955182073,0.7068995402328736,0.7379134860050891,0.053221288515406195,0.1302521008403364,0.1288515406162466,0.10294897010583282,0.10799222616256943,0.5172466422466422,38,0.4470588235294118,85,0.16375198728139906,0.8362480127186009,0.6175209809951377,0.6508474576271186,714
music,GSI_MLC_PA_Logistic,0.50,1,0.0,0.0,0.07672132074738414,0,1.0,714,0.0,0,138,0.19327731092436976,0.8067226890756303,0.48627450980392156,0.5557422969187675,0.5855992899928544,0.6349206349206349,0.0,0.0,0.0,0.0,0.0,,0,,0,0.19327731092436976,0.8067226890756303,0.5855992899928544,0.6349206349206349,714
music,GSI_MLC_PA_Logistic,0.50,2,0.0,0.0,0.09182466601172114,0,1.0,702,0.0,0,148,0.21082621082621084,0.7891737891737891,0.49643874643874647,0.5621082621082623,0.5736019151202689,0.6224489795918368,0.0,0.0,0.0,0.0,0.0,,0,,0,0.21082621082621084,0.7891737891737891,0.5736019151202689,0.6224489795918368,702
music,GSI_MLC_PA_Logistic,0.50,3,0.0,0.0,0.08622354261806289,0,1.0,708,0.0,0,126,0.17796610169491525,0.8220338983050848,0.5296610169491525,0.6042372881355931,0.6472658112365178,0.6785714285714286,0.0,0.0,0.0,0.0,0.0,,0,,0,0.17796610169491525,0.8220338983050848,0.6472658112365178,0.6785714285714286,708
music,GSI_MLC_PA_Logistic,0.50,4,0.0,0.0,0.0845933729283384,0,1.0,714,0.0,0,139,0.19467787114845939,0.8053221288515406,0.5014005602240896,0.5775910364145659,0.6220201874319251,0.6445012787723785,0.0,0.0,0.0,0.0,0.0,,0,,0,0.19467787114845939,0.8053221288515406,0.6220201874319251,0.6445012787723785,714
music,GSI_MLC_PA_Logistic,0.50,5,0.0,0.0,0.08071712223045675,0,1.0,714,0.0,0,141,0.19747899159663865,0.8025210084033614,0.46498599439775906,0.5431372549019607,0.6039505701270408,0.6299212598425197,0.0,0.0,0.0,0.0,0.0,,0,,0,0.19747899159663865,0.8025210084033614,0.6039505701270408,0.6299212598425197,714
music,GSI_MLC_PA_MLP,0.20,1,1.0,1.0,0.14014039541604437,714,0.0,0,1.0,186,186,0.19999999999999984,1.0,1.0,1.0,1.0,1.0,0.26050420168067223,0.480112044817927,0.3659263705482193,0.34203534747591746,0.34065934065934067,0.6579646525240825,186,0.2605042016806723,714,,,0.0,0.0,714
music,GSI_MLC_PA_MLP,0.20,2,1.0,1.0,0.1610155296080732,702,0.0,0,1.0,191,191,0.1999999999999999,1.0,1.0,1.0,1.0,1.0,0.2720797720797721,0.49572649572649563,0.39580789580789577,0.37995290869971177,0.3737769080234834,0.6200470913002882,191,0.2720797720797721,702,,,0.0,0.0,702
music,GSI_MLC_PA_MLP,0.20,3,0.9971751412429378,1.0,0.13986291858722188,706,0.002824858757062147,2,1.0,178,178,0.19943502824858744,1.0,1.0,1.0,1.0,1.0,0.25141242937853114,0.46129943502824855,0.34227199354317994,0.33850966367557545,0.3284132841328413,0.6614903363244246,178,0.2521246458923513,706,0.0,1.0,0.0,0.0,708
music,GSI_MLC_PA_MLP,0.20,4,1.0,1.0,0.14573156006606422,714,0.0,0,1.0,181,181,0.19999999999999984,1.0,1.0,1.0,1.0,1.0,0.2535014005602241,0.4676470588235294,0.3600840336134453,0.33796304601277394,0.33333333333333337,0.6620369539872261,181,0.2535014005602241,714,,,0.0,0.0,714
music,GSI_MLC_PA_MLP,0.20,5,0.9985994397759104,1.0,0.14609299659589078,713,0.0014005602240896359,1,1.0,172,172,0.19971988795518195,1.0,1.0,1.0,1.0,1.0,0.2408963585434174,0.46638655462184875,0.35898359343737496,0.33065676465643323,0.33463035019455256,0.6683892510562491,172,0.24123422159887797,713,0.0,1.0,0.16666666666666666,1.0,714
music,GSI_MLC_PA_MLP,0.25,1,0.9873949579831933,1.0,0.14014039541604437,705,0.012605042016806723,9,1.0,186,186,0.24684873949579833,1.0,1.0,1.0,1.0,1.0,0.26050420168067223,0.480112044817927,0.3659263705482193,0.34203534747591746,0.34065934065934067,0.6572462083273775,186,0.26382978723404255,705,0.0,1.0,0.16666666666666666,1.0,714
music,GSI_MLC_PA_MLP,0.25,2,0.9914529914529915,1.0,0.1610155296080732,696,0.008547008547008548,6,1.0,191,191,0.24786324786324787,1.0,1.0,1.0,1.0,1.0,0.2720797720797721,0.49572649572649563,0.39580789580789577,0.37995290869971177,0.3737769080234834,0.6200470913002882,191,0.2744252873563218,696,0.0,1.0,0.0,0.0,702
music,GSI_MLC_PA_MLP,0.25,3,0.980225988700565,1.0,0.13986291858722188,694,0.01977401129943503,14,1.0,178,178,0.24505649717514125,1.0,1.0,1.0,1.0,1.0,0.25141242937853114,0.46129943502824855,0.34227199354317994,0.33850966367557545,0.3284132841328413,0.6614903363244246,178,0.2564841498559078,694,0.0,1.0,0.0,0.0,708
music,GSI_MLC_PA_MLP,0.25,4,0.9859943977591037,1.0,0.14573156006606422,704,0.014005602240896359,10,1.0,181,181,0.24649859943977592,1.0,1.0,1.0,1.0,1.0,0.2535014005602241,0.4676470588235294,0.3600840336134453,0.33796304601277394,0.33333333333333337,0.6601718822784346,181,0.2571022727272727,704,0.0,1.0,0.16666666666666666,1.0,714
music,GSI_MLC_PA_MLP,0.25,5,0.9859943977591037,1.0,0.14609299659589078,704,0.014005602240896359,10,0.9941860465116279,171,172,0.24789915966386555,0.9985994397759104,0.9971988795518206,0.9983193277310924,0.9984126984126984,0.9977426636568849,0.23949579831932777,0.4635854341736694,0.3573029211684674,0.32906946306913165,0.33237301385143747,0.6694565176998397,171,0.24289772727272727,704,0.1,0.9,0.1111111111111111,0.6666666666666666,714
music,GSI_MLC_PA_MLP,0.30,1,0.9593837535014006,1.0,0.14014039541604437,685,0.04061624649859944,29,1.0,186,186,0.2878151260504203,1.0,1.0,1.0,1.0,1.0,0.26050420168067223,0.480112044817927,0.3659263705482193,0.34203534747591746,0.34065934065934067,0.6537519913285367,186,0.27153284671532846,685,0.0,1.0,0.5,1.0,714
music,GSI_MLC_PA_MLP,0.30,2,0.9501424501424501,1.0,0.1610155296080732,667,0.04985754985754986,35,0.9947643979057592,190,191,0.2864672364672366,0.9985754985754985,0.9971509971509971,0.9982905982905983,0.9978354978354979,0.9977426636568849,0.2706552706552706,0.4928774928774927,0.39409849409849407,0.3777884065352096,0.3715195716803683,0.6105188058129235,190,0.2848575712143928,667,0.02857142857142857,0.9714285714285714,0.6428571428571429,0.9333333333333333,702
music,GSI_MLC_PA_MLP,0.30,3,0.9519774011299436,1.0,0.13986291858722188,674,0.0480225988700565,34,0.9943820224719101,177,178,0.28700564971751424,0.998587570621469,0.9957627118644068,0.9971751412429379,0.9971751412429378,0.9977324263038548,0.2500000000000001,0.45706214689265534,0.3394471347861179,0.33568480491851327,0.32614571043669616,0.6583438640603053,177,0.2626112759643917,674,0.029411764705882353,0.9705882352941176,0.27777777777777773,0.8571428571428571,708
music,GSI_MLC_PA_MLP,0.30,4,0.9663865546218487,1.0,0.14573156006606422,690,0.03361344537815126,24,0.994475138121547,180,181,0.29131652661064444,0.9985994397759104,0.9957983193277311,0.9971988795518206,0.9976525821596244,0.9977426636568849,0.25210084033613445,0.4634453781512605,0.35728291316526595,0.3356156281723983,0.3310759969902183,0.66158033298266,180,0.2608695652173913,690,0.041666666666666664,0.9583333333333334,0.1111111111111111,0.6666666666666666,714
music,GSI_MLC_PA_MLP,0.30,5,0.9551820728291317,0.9915966386554622,0.14609299659589078,682,0.04481792717086835,32,0.9825581395348837,169,172,0.29075630252100854,0.9957983193277311,0.9901960784313725,0.9938375350140056,0.9945079280715742,0.9932584269662922,0.2366946778711485,0.4565826330532212,0.3528211284513806,0.3251646927280074,0.32788877716084475,0.6660162876519079,169,0.24780058651026393,682,0.09375,0.90625,0.4666666666666666,0.8,714
music,GSI_MLC_PA_MLP,0.35,1,0.8893557422969187,0.9915966386554622,0.14014039541604437,635,0.11064425770308123,79,0.967741935483871,180,186,0.31967787114845936,0.9915966386554622,0.9803921568627451,0.9876750700280111,0.9890374331550803,0.9866666666666667,0.25210084033613445,0.4605042016806721,0.35360144057623044,0.33107278063099776,0.32732600732600736,0.6435352421440692,180,0.28346456692913385,635,0.0759493670886076,0.9240506329113924,0.5555555555555555,0.8333333333333334,714
music,GSI_MLC_PA_MLP,0.35,2,0.8319088319088319,0.9829059829059829,0.1610155296080732,584,0.16809116809116809,118,0.9424083769633508,180,191,0.3068376068376068,0.9843304843304843,0.9586894586894588,0.970940170940171,0.9778500443933208,0.9755011135857461,0.2564102564102564,0.4544159544159544,0.3667480667480668,0.35780295309303256,0.3492780216092295,0.5847154460505645,180,0.3082191780821918,584,0.09322033898305085,0.9067796610169492,0.7247740005092945,0.8533333333333334,702
music,GSI_MLC_PA_MLP,0.35,3,0.8912429378531074,1.0,0.13986291858722188,631,0.10875706214689265,77,0.9719101123595506,173,178,0.31899717514124293,0.9929378531073446,0.9809322033898306,0.9874899112187249,0.9874412022422888,0.9887133182844243,0.24435028248587576,0.4422316384180791,0.3297619047619048,0.32595086591786426,0.31712660241726565,0.650235835434699,173,0.27416798732171155,631,0.06493506493506493,0.935064935064935,0.5626262626262627,0.8148148148148148,708
music,GSI_MLC_PA_MLP,0.35,4,0.9005602240896359,1.0,0.14573156006606422,643,0.09943977591036414,71,0.9723756906077348,176,181,0.32219887955182064,0.9929971988795518,0.9803921568627451,0.9871148459383754,0.9882479620675962,0.9887133182844243,0.24649859943977592,0.4480392156862745,0.3471988795518207,0.3262110080803702,0.3220466516177577,0.6591565023330228,176,0.2737169517884914,643,0.07042253521126761,0.9295774647887324,0.398989898989899,0.7058823529411765,714
music,GSI_MLC_PA_MLP,0.35,5,0.8697478991596639,0.9915966386554622,0.14609299659589078,621,0.13025210084033614,93,0.9534883720930233,164,172,0.3156162464985994,0.988795518207283,0.9747899159663865,0.984313725490196,0.9842955700798838,0.9822222222222222,0.22969187675070035,0.4411764705882353,0.343297318927571,0.314952334736317,0.3168525724167748,0.6442250687043724,164,0.2640901771336554,621,0.08602150537634409,0.9139784946236559,0.6958333333333333,0.8518518518518519,714
music,GSI_MLC_PA_MLP,0.40,1,0.7324929971988795,0.9663865546218487,0.14014039541604437,523,0.26750700280112044,191,0.9032258064516129,168,186,0.3182072829131653,0.9747899159663865,0.9327731092436975,0.95406162464986,0.9627813611509263,0.9605263157894737,0.23529411764705876,0.4128851540616245,0.3199879951980793,0.30481670862684374,0.30118565644881434,0.6136164078141092,168,0.32122370936902483,523,0.09424083769633508,0.9057591623036649,0.8095986257750963,0.8333333333333334,714
music,GSI_MLC_PA_MLP,0.40,2,0.6680911680911681,0.9487179487179487,0.1610155296080732,469,0.3319088319088319,233,0.8691099476439791,166,191,0.3028490028490029,0.9643874643874644,0.9166666666666667,0.944078144078144,0.9476642754297863,0.9455337690631809,0.23646723646723644,0.41239316239316237,0.3398860398860398,0.32761718412949803,0.3193106770866643,0.5259649767060501,166,0.35394456289978676,469,0.1072961373390558,0.8927038626609443,0.8621359068228139,0.8484848484848485,702
music,GSI_MLC_PA_MLP,0.40,3,0.7048022598870056,0.9830508474576272,0.13986291858722188,499,0.2951977401129944,209,0.8820224719101124,157,178,0.3115819209039548,0.9703389830508474,0.9350282485875706,0.9566989507667474,0.9508263426190763,0.9534368070953437,0.22175141242937857,0.39632768361581916,0.2989709443099273,0.2893360062946517,0.28185009122818505,0.6154689596579018,157,0.31462925851703405,499,0.10047846889952153,0.8995215311004785,0.7715488215488215,0.8173913043478261,708
music,GSI_MLC_PA_MLP,0.40,4,0.726890756302521,0.9915966386554622,0.14573156006606422,519,0.27310924369747897,195,0.8784530386740331,159,181,0.3215686274509804,0.969187675070028,0.9187675070028011,0.9408963585434174,0.9543179001124487,0.9511111111111111,0.2226890756302521,0.3864145658263305,0.3009803921568627,0.2922809461252226,0.2844444444444445,0.61779531970577,159,0.3063583815028902,519,0.11282051282051282,0.8871794871794871,0.7943130773794388,0.7924528301886793,714
music,GSI_MLC_PA_MLP,0.40,5,0.696078431372549,0.957983193277311,0.14609299659589078,497,0.30392156862745096,217,0.8430232558139535,145,172,0.3162464985994398,0.9621848739495799,0.9166666666666667,0.9453781512605041,0.9438279382902027,0.9403973509933775,0.20308123249299725,0.3830532212885155,0.304361744697879,0.27448470294663596,0.2750277011879301,0.6123164098773853,145,0.2917505030181087,497,0.12442396313364056,0.8755760368663594,0.8030489693970648,0.8057553956834532,714
music,GSI_MLC_PA_MLP,0.50,1,0.0,0.0,0.14014039541604437,0,1.0,714,0.0,0,186,0.2605042016806723,0.7394957983193278,0.519887955182073,0.6340736294517807,0.6579646525240825,0.6593406593406593,0.0,0.0,0.0,0.0,0.0,,0,,0,0.2605042016806723,0.7394957983193278,0.6579646525240825,0.6593406593406593,714
music,GSI_MLC_PA_MLP,0.50,2,0.0,0.0,0.1610155296080732,0,1.0,702,0.0,0,191,0.2720797720797721,0.7279202279202279,0.5042735042735044,0.6041921041921042,0.6200470913002882,0.6262230919765166,0.0,0.0,0.0,0.0,0.0,,0,,0,0.2720797720797721,0.7279202279202279,0.6200470913002882,0.6262230919765166,702
music,GSI_MLC_PA_MLP,0.50,3,0.0,0.0,0.13986291858722188,0,1.0,708,0.0,0,178,0.2514124293785311,0.7485875706214689,0.5387005649717514,0.6577280064568201,0.6614903363244246,0.6715867158671587,0.0,0.0,0.0,0.0,0.0,,0,,0,0.2514124293785311,0.7485875706214689,0.6614903363244246,0.6715867158671587,708
music,GSI_MLC_PA_MLP,0.50,4,0.0,0.0,0.14573156006606422,0,1.0,714,0.0,0,181,0.2535014005602241,0.7464985994397759,0.5323529411764706,0.6399159663865547,0.6620369539872261,0.6666666666666666,0.0,0.0,0.0,0.0,0.0,,0,,0,0.2535014005602241,0.7464985994397759,0.6620369539872261,0.6666666666666666,714
music,GSI_MLC_PA_MLP,0.50,5,0.0,0.0,0.14609299659589078,0,1.0,714,0.0,0,172,0.24089635854341737,0.7591036414565826,0.5336134453781513,0.641016406562625,0.6693432353435668,0.6653696498054474,0.0,0.0,0.0,0.0,0.0,,0,,0,0.24089635854341737,0.7591036414565826,0.6693432353435668,0.6653696498054474,714
music,MLC_PA_SVM,0.20,1,0.5798319327731093,0.9915966386554622,0.08408797923938977,414,0.42016806722689076,300,0.8633093525179856,120,139,0.1425770308123249,0.9733893557422969,0.9173669467787114,0.9400560224089637,0.9524515009182449,0.9563218390804598,0.16806722689075626,0.442296918767507,0.4030812324929973,0.3835946327820463,0.3392419492732972,0.5476448788567853,120,0.2898550724637681,414,0.06333333333333334,0.9366666666666666,0.4585714285714286,0.7076923076923077,714
music,MLC_PA_SVM,0.20,2,0.5213675213675214,1.0,0.09544236218341173,366,0.47863247863247865,336,0.8,124,155,0.14843304843304844,0.9558404558404558,0.8846153846153845,0.9170940170940172,0.9220015010246105,0.9270588235294117,0.1766381766381766,0.43589743589743574,0.39344729344729357,0.36700251597550015,0.331758562432806,0.5398439510044896,124,0.33879781420765026,366,0.09226190476190477,0.9077380952380952,0.49898693092885466,0.6352941176470588,702
music,MLC_PA_SVM,0.20,3,0.5550847457627118,1.0,0.08199287443296219,393,0.4449152542372881,315,0.8478260869565217,117,138,0.14067796610169492,0.9703389830508474,0.9110169491525425,0.9324858757062147,0.9432727722160424,0.9505882352941176,0.1652542372881356,0.4336158192090398,0.38248587570621484,0.3789457885428993,0.3176095118898623,0.5071185431147515,117,0.29770992366412213,393,0.06666666666666667,0.9333333333333333,0.4824561403508772,0.7586206896551724,708
music,MLC_PA_SVM,0.20,4,0.5546218487394958,0.9915966386554622,0.08791983193583343,396,0.44537815126050423,318,0.8285714285714286,116,140,0.1445378151260504,0.9663865546218487,0.9033613445378152,0.9238095238095237,0.9428755034257272,0.9439252336448598,0.16246498599439774,0.42086834733893563,0.36638655462184877,0.359645845196069,0.3182567844469989,0.5706356189111784,116,0.29292929292929293,396,0.07547169811320754,0.9245283018867925,0.5553264037837541,0.7,714
music,MLC_PA_SVM,0.20,5,0.5322128851540616,0.9915966386554622,0.0993988837584703,380,0.4677871148459384,334,0.7931034482758621,115,145,0.14845938375350143,0.957983193277311,0.8907563025210085,0.9218487394957984,0.9269326220260833,0.9302325581395349,0.1610644257703081,0.4544817927170869,0.40448179271708706,0.36632236184964084,0.3168992248062016,0.5175128091544069,115,0.3026315789473684,380,0.08982035928143713,0.9101796407185628,0.45691150954308846,0.7,714
music,MLC_PA_SVM,0.25,1,0.4565826330532213,0.9915966386554622,0.08408797923938977,326,0.5434173669467787,388,0.7769784172661871,108,139,0.15756302521008403,0.9565826330532213,0.869747899159664,0.9028011204481793,0.9197267549023321,0.927400468384075,0.1512605042016807,0.39467787114845954,0.3658263305322129,0.3508698867661335,0.3103205785769124,0.5285679733909473,108,0.3312883435582822,326,0.07989690721649484,0.9201030927835052,0.5796858334901813,0.6990291262135923,714
music,MLC_PA_SVM,0.25,2,0.4188034188034188,0.9743589743589743,0.09544236218341173,294,0.5811965811965812,408,0.6903225806451613,107,155,0.17307692307692307,0.9316239316239316,0.8190883190883191,0.8641025641025641,0.8659034790479087,0.8829268292682927,0.1524216524216524,0.3703703703703704,0.34045584045584054,0.31090449399879827,0.28762656817168697,0.5476238004875776,107,0.36394557823129253,294,0.11764705882352941,0.8823529411764706,0.5415478487089741,0.6190476190476191,702
music,MLC_PA_SVM,0.25,3,0.4548022598870056,0.9745762711864406,0.08199287443296219,322,0.5451977401129944,386,0.7536231884057971,104,138,0.1617231638418079,0.9519774011299436,0.865819209039548,0.8991525423728813,0.9081313453124334,0.9182692307692307,0.14689265536723173,0.3884180790960453,0.3491525423728815,0.3438043616392903,0.2852905073649754,0.4845364718400143,104,0.32298136645962733,322,0.08808290155440414,0.9119170984455959,0.5843238587424634,0.7258064516129032,708
music,MLC_PA_SVM,0.25,4,0.44677871148459386,0.9747899159663865,0.08791983193583343,319,0.5532212885154062,395,0.7571428571428571,106,140,0.15931372549019607,0.9523809523809523,0.8557422969187675,0.8843137254901962,0.9172583122517657,0.919431279620853,0.14845938375350132,0.37324929971988785,0.3268907563025212,0.33402865402210746,0.2937628304229921,0.5618677430709975,106,0.3322884012539185,319,0.08607594936708861,0.9139240506329114,0.5467439967439968,0.6851851851851852,714
music,MLC_PA_SVM,0.25,5,0.44397759103641454,0.9747899159663865,0.0993988837584703,317,0.5560224089635855,397,0.7172413793103448,104,145,0.16841736694677872,0.9425770308123249,0.8417366946778712,0.8829131652661064,0.8981450252466395,0.9030732860520094,0.14565826330532206,0.4054621848739496,0.3655462184873951,0.3375347650701971,0.28973995271867614,0.46326229451832773,104,0.3280757097791798,317,0.10327455919395466,0.8967254408060453,0.5695307108350586,0.7050359712230215,714
music,MLC_PA_SVM,0.30,1,0.35154061624649857,0.957983193277311,0.08408797923938977,251,0.6484593837535014,463,0.6546762589928058,91,139,0.17268907563025207,0.9327731092436975,0.799719887955182,0.845658263305322,0.872875939849624,0.8840579710144928,0.12745098039215685,0.32464985994397755,0.30868347338935564,0.30401907171342535,0.26697808120733024,0.4862175064471401,91,0.36254980079681276,251,0.10367170626349892,0.8963282937365011,0.6038159371492705,0.6712328767123288,714
music,MLC_PA_SVM,0.30,2,0.32905982905982906,0.9316239316239316,0.09544236218341173,231,0.6709401709401709,471,0.6064516129032258,94,155,0.18561253561253563,0.913105413105413,0.7656695156695158,0.8207977207977207,0.8178864896556051,0.8471177944862155,0.1339031339031338,0.31695156695156707,0.29715099715099713,0.2628875046064947,0.25181753338960977,0.5071646991001829,94,0.4069264069264069,231,0.12951167728237792,0.8704883227176221,0.6143499518120348,0.655367231638418,702
music,MLC_PA_SVM,0.30,3,0.3446327683615819,0.9745762711864406,0.08199287443296219,244,0.655367231638418,464,0.6521739130434783,90,138,0.1711864406779661,0.9322033898305084,0.8036723163841809,0.840677966101695,0.8668598847601979,0.8823529411764706,0.1271186440677966,0.3262711864406782,0.29067796610169516,0.3025329010870548,0.24937421777221525,0.45714326523150056,90,0.36885245901639346,244,0.10344827586206896,0.896551724137931,0.5980489268532747,0.7108433734939759,708
music,MLC_PA_SVM,0.30,4,0.3333333333333333,0.9495798319327731,0.08791983193583343,238,0.6666666666666666,476,0.6214285714285714,87,140,0.17422969187675072,0.9257703081232493,0.7801120448179272,0.8280112044817928,0.8609816959236,0.8716707021791767,0.12184873949579833,0.29761904761904756,0.2705882352941178,0.27775203769394174,0.24600225298131584,0.5501184048498626,87,0.36554621848739494,238,0.11134453781512606,0.8886554621848739,0.5834859584859585,0.6708074534161491,714
music,MLC_PA_SVM,0.30,5,0.3179271708683473,0.9159663865546218,0.0993988837584703,227,0.6820728291316527,487,0.5586206896551724,81,145,0.18501400560224088,0.9103641456582633,0.7436974789915967,0.7983193277310925,0.831114705618051,0.8431372549019608,0.11344537815126043,0.3074229691876751,0.2809523809523812,0.27050444544160857,0.2298039215686275,0.4711912266876806,81,0.3568281938325991,227,0.13141683778234087,0.8685831622176592,0.5778906082097571,0.6595744680851063,714
music,MLC_PA_SVM,0.35,1,0.24369747899159663,0.8487394957983193,0.08408797923938977,174,0.7563025210084033,540,0.49640287769784175,69,139,0.1833333333333333,0.9019607843137255,0.7093837535014005,0.7705882352941177,0.7850025687338452,0.8241206030150754,0.09663865546218486,0.23431372549019602,0.23361344537815132,0.2161457005976466,0.20704071320791284,0.524312747222964,69,0.39655172413793105,174,0.12962962962962962,0.8703703703703703,0.5976879049812126,0.631578947368421,714
music,MLC_PA_SVM,0.35,2,0.2378917378917379,0.8034188034188035,0.09544236218341173,167,0.7621082621082621,535,0.49032258064516127,76,155,0.19579772079772073,0.8874643874643875,0.6915954415954415,0.7535612535612537,0.7581076224754385,0.7979539641943734,0.10826210826210825,0.24287749287749277,0.2299145299145301,0.20310863742632812,0.20265370309776765,0.4942529692529692,76,0.4550898203592814,167,0.14766355140186915,0.8523364485981308,0.601941332088391,0.6425339366515838,702
music,MLC_PA_SVM,0.35,3,0.2584745762711864,0.864406779661017,0.08199287443296219,183,0.7415254237288136,525,0.5652173913043478,78,138,0.1752118644067796,0.9152542372881356,0.7528248587570622,0.7999999999999999,0.8318055818839721,0.8522167487684729,0.11016949152542377,0.2754237288135595,0.2500000000000001,0.267478598210829,0.21923802536421755,0.4231893049617508,78,0.4262295081967213,183,0.11428571428571428,0.8857142857142857,0.6184382129313293,0.7087378640776699,708
music,MLC_PA_SVM,0.35,4,0.242296918767507,0.8319327731092437,0.08791983193583343,173,0.757703081232493,541,0.4857142857142857,68,140,0.1856442577030812,0.8991596638655462,0.7086834733893557,0.7705882352941178,0.8054897913565041,0.8217821782178217,0.09523809523809523,0.22619047619047605,0.21316526610644282,0.2222601331268459,0.19611372901996083,0.5513917266867578,68,0.3930635838150289,173,0.133086876155268,0.866913123844732,0.6056599228735348,0.660377358490566,714
music,MLC_PA_SVM,0.35,5,0.22969187675070027,0.8235294117647058,0.0993988837584703,164,0.7703081232492998,550,0.4,58,145,0.20224089635854334,0.8781512605042017,0.6568627450980392,0.7364145658263306,0.7541083749744061,0.7819548872180451,0.08123249299719881,0.22058823529411764,0.21904761904761927,0.19349811479796364,0.16862155388471178,0.5038354560093691,58,0.35365853658536583,164,0.15818181818181817,0.8418181818181818,0.5590321822879962,0.6167400881057269,714
music,MLC_PA_SVM,0.40,1,0.15126050420168066,0.680672268907563,0.08408797923938977,108,0.8487394957983193,606,0.34532374100719426,48,139,0.18795518207282916,0.8725490196078431,0.626750700280112,0.6949579831932773,0.7056201400463696,0.7611548556430446,0.0672268907563025,0.15168067226890758,0.15798319327731092,0.136763271910171,0.14407496583588209,0.4995112123019099,48,0.4444444444444444,108,0.15016501650165018,0.8498349834983498,0.5917293233082707,0.631578947368421,714
music,MLC_PA_SVM,0.40,2,0.16381766381766383,0.6666666666666666,0.09544236218341173,115,0.8361823361823362,587,0.3741935483870968,58,155,0.20370370370370375,0.8618233618233618,0.6509971509971509,0.7210826210826211,0.7146079470699757,0.7556675062972292,0.08262108262108259,0.2022792022792022,0.1974358974358975,0.15960896202086527,0.1603672452006235,0.4774042950513539,58,0.5043478260869565,115,0.16524701873935263,0.8347529812606473,0.5907801140267865,0.6367041198501873,702
music,MLC_PA_SVM,0.40,3,0.15819209039548024,0.6271186440677966,0.08199287443296219,112,0.8418079096045198,596,0.3695652173913043,51,138,0.18615819209039552,0.8771186440677966,0.6596045197740114,0.7228813559322034,0.7388796280165413,0.779746835443038,0.07203389830508478,0.18220338983050866,0.17288135593220355,0.17455264434339812,0.1467681120387827,0.45855472013366744,51,0.45535714285714285,112,0.14597315436241612,0.8540268456375839,0.5896215133655079,0.6741573033707865,708
music,MLC_PA_SVM,0.40,4,0.13585434173669467,0.6218487394957983,0.08791983193583343,97,0.8641456582633054,617,0.3142857142857143,44,140,0.18879551820728296,0.865546218487395,0.6190476190476191,0.6876750700280113,0.7114577158694825,0.7525773195876289,0.06162464985994398,0.13655462184873945,0.13025210084033634,0.12822805763982426,0.12690887038976795,0.4680921052631579,44,0.4536082474226804,97,0.15559157212317667,0.8444084278768234,0.622354761328818,0.6546762589928058,714
music,MLC_PA_SVM,0.40,5,0.14145658263305322,0.6302521008403361,0.0993988837584703,101,0.8585434173669467,613,0.2827586206896552,41,145,0.20224089635854348,0.8543417366946778,0.5875350140056024,0.6697478991596639,0.6871508857733821,0.7319587628865979,0.05742296918767498,0.1512605042016808,0.15238095238095262,0.12654062559693968,0.1186254295532646,0.45116550116550114,41,0.40594059405940597,101,0.16965742251223492,0.8303425774877651,0.5693464031463012,0.6285714285714286,714
music,MLC_PA_SVM,0.50,1,0.0,0.0,0.08408797923938977,0,1.0,714,0.0,0,139,0.19467787114845939,0.8053221288515406,0.47507002801120446,0.5369747899159664,0.5688568681361986,0.6170798898071626,0.0,0.0,0.0,0.0,0.0,,0,,0,0.19467787114845939,0.8053221288515406,0.5688568681361986,0.6170798898071626,714
music,MLC_PA_SVM,0.50,2,0.0,0.0,0.09544236218341173,0,1.0,702,0.0,0,155,0.2207977207977208,0.7792022792022792,0.44871794871794873,0.5236467236467236,0.5549989850491104,0.5953002610966057,0.0,0.0,0.0,0.0,0.0,,0,,0,0.2207977207977208,0.7792022792022792,0.5549989850491104,0.5953002610966057,702
music,MLC_PA_SVM,0.50,3,0.0,0.0,0.08199287443296219,0,1.0,708,0.0,0,138,0.19491525423728814,0.8050847457627118,0.4774011299435027,0.5499999999999998,0.5643269836731432,0.6329787234042553,0.0,0.0,0.0,0.0,0.0,,0,,0,0.19491525423728814,0.8050847457627118,0.5643269836731432,0.6329787234042553,708
music,MLC_PA_SVM,0.50,4,0.0,0.0,0.08791983193583343,0,1.0,714,0.0,0,140,0.19607843137254902,0.803921568627451,0.4824929971988796,0.557422969187675,0.5832296582296582,0.6256684491978609,0.0,0.0,0.0,0.0,0.0,,0,,0,0.19607843137254902,0.803921568627451,0.5832296582296582,0.6256684491978609,714
music,MLC_PA_SVM,0.50,5,0.0,0.0,0.0993988837584703,0,1.0,714,0.0,0,145,0.2030812324929972,0.7969187675070029,0.4362745098039216,0.5173669467787113,0.5606102601764424,0.6133333333333333,0.0,0.0,0.0,0.0,0.0,,0,,0,0.2030812324929972,0.7969187675070029,0.5606102601764424,0.6133333333333333,714
music,GSI_MLC_PA_SVM,0.20,1,0.5056022408963585,0.9915966386554622,0.08306671531293054,361,0.4943977591036415,353,0.8156028368794326,115,141,0.1375350140056022,0.9635854341736695,0.8865546218487395,0.9162464985994397,0.9333258178581357,0.9392523364485982,0.1610644257703081,0.41498599439775913,0.3817927170868347,0.35780646016471074,0.32555370631161185,0.5647187564906142,115,0.3185595567867036,361,0.07365439093484419,0.9263456090651558,0.36333333333333334,0.6176470588235294,714
music,GSI_MLC_PA_SVM,0.20,2,0.5056980056980057,0.9914529914529915,0.09518802361588229,355,0.4943019943019943,347,0.8076923076923077,126,156,0.14387464387464385,0.9572649572649573,0.8874643874643875,0.9170940170940172,0.9222446360821096,0.9292452830188679,0.17948717948717952,0.4358974358974359,0.38888888888888895,0.37163161594527994,0.3376222463696532,0.5402568004289668,126,0.35492957746478876,355,0.08645533141210375,0.9135446685878963,0.44713507907700284,0.625,702
music,GSI_MLC_PA_SVM,0.20,3,0.4632768361581921,0.9915254237288136,0.08538497335661152,328,0.536723163841808,380,0.7803030303030303,103,132,0.13361581920903953,0.9590395480225988,0.8714689265536724,0.9,0.9169884233510484,0.9304556354916067,0.14548022598870047,0.3509887005649718,0.3056497175141243,0.2885955785916866,0.270661821058617,0.596363564032737,103,0.31402439024390244,328,0.07631578947368421,0.9236842105263158,0.5741228070175439,0.7010309278350515,708
music,GSI_MLC_PA_SVM,0.20,4,0.4579831932773109,0.9663865546218487,0.08633818079605947,327,0.542016806722689,387,0.7762237762237763,111,143,0.1364145658263305,0.9551820728291317,0.8711484593837535,0.8971988795518208,0.9204201809704048,0.9241706161137441,0.15546218487394958,0.38585434173669464,0.3252100840336134,0.30843425642442535,0.2955991875423155,0.5950903581468365,111,0.3394495412844037,327,0.082687338501292,0.917312661498708,0.632249480706831,0.6666666666666666,714
music,GSI_MLC_PA_SVM,0.20,5,0.469187675070028,0.9747899159663865,0.10110004001699584,335,0.530812324929972,379,0.7019867549668874,106,151,0.1568627450980392,0.9369747899159664,0.8291316526610645,0.8778711484593837,0.8786818358625613,0.8926014319809069,0.14845938375350143,0.388655462184874,0.35210084033613454,0.30620550637324107,0.2868573066545361,0.5483507853705344,106,0.3164179104477612,335,0.11873350923482849,0.8812664907651715,0.45691150954308846,0.6086956521739131,714
music,GSI_MLC_PA_SVM,0.25,1,0.4117647058823529,0.9831932773109243,0.08306671531293054,294,0.5882352941176471,420,0.7375886524822695,104,141,0.15476190476190477,0.9481792717086834,0.8403361344537814,0.8792717086834734,0.8995709847465622,0.9116945107398569,0.14565826330532206,0.3687675070028011,0.34481792717086834,0.32405162705313717,0.2979958806028705,0.5398722460081417,104,0.35374149659863946,294,0.0880952380952381,0.9119047619047619,0.5734027647071125,0.6476190476190476,714
music,GSI_MLC_PA_SVM,0.25,2,0.4074074074074074,0.9658119658119658,0.09518802361588229,286,0.5925925925925926,416,0.6858974358974359,107,156,0.17165242165242164,0.9301994301994302,0.8148148148148149,0.8621082621082623,0.8644046252302399,0.8807785888077859,0.1524216524216524,0.3632478632478633,0.3339031339031341,0.3137916050934102,0.28915555215857125,0.55219334840608,107,0.3741258741258741,286,0.11778846153846154,0.8822115384615384,0.4903892034326817,0.6016260162601627,702
music,GSI_MLC_PA_SVM,0.25,3,0.3855932203389831,0.9576271186440678,0.08538497335661152,273,0.614406779661017,435,0.696969696969697,92,132,0.1528954802259887,0.943502824858757,0.8361581920903955,0.8754237288135593,0.887277323465363,0.9029126213592233,0.12994350282485867,0.31567796610169496,0.2810734463276836,0.2588844787060013,0.24311880692623367,0.5636020376728372,92,0.336996336996337,273,0.09195402298850575,0.9080459770114943,0.6399243985535296,0.7183098591549296,708
music,GSI_MLC_PA_SVM,0.25,4,0.36694677871148457,0.9663865546218487,0.08633818079605947,262,0.6330532212885154,452,0.6783216783216783,97,143,0.1561624649859944,0.9355742296918768,0.7997198879551821,0.8372549019607843,0.8832208222901841,0.8888888888888888,0.13585434173669464,0.31442577030812324,0.265266106442577,0.2712348977442046,0.2603174603174603,0.5907099822479341,97,0.3702290076335878,262,0.10176991150442478,0.8982300884955752,0.6154761904761904,0.6567164179104478,714
music,GSI_MLC_PA_SVM,0.25,5,0.3907563025210084,0.9495798319327731,0.10110004001699584,279,0.6092436974789915,435,0.6291390728476821,95,151,0.17612044817927172,0.9215686274509804,0.7857142857142858,0.8392156862745098,0.8433748548834122,0.8640776699029126,0.1330532212885155,0.34523809523809534,0.3134453781512606,0.270898525394092,0.2583335445765418,0.497673071125523,95,0.34050179211469533,279,0.12873563218390804,0.871264367816092,0.5556418219461697,0.631578947368421,714
music,GSI_MLC_PA_SVM,0.30,1,0.33473389355742295,0.9327731092436975,0.08306671531293054,239,0.665266106442577,475,0.6382978723404256,90,141,0.17184873949579832,0.9285714285714286,0.7941176470588235,0.841736694677871,0.8605302608372783,0.8759124087591241,0.12605042016806722,0.32254901960784316,0.307282913165266,0.28501090314385336,0.2622137786221378,0.5018607813009412,90,0.37656903765690375,239,0.10736842105263159,0.8926315789473684,0.5986325240711206,0.6482758620689655,714
music,GSI_MLC_PA_SVM,0.30,2,0.3162393162393162,0.9230769230769231,0.09518802361588229,222,0.6837606837606838,480,0.5897435897435898,92,156,0.18603988603988608,0.9088319088319088,0.7542735042735043,0.8133903133903134,0.8130024847716002,0.8391959798994975,0.131054131054131,0.30270655270655267,0.2851851851851852,0.26238946463477053,0.24757294325028278,0.5171381518807989,92,0.4144144144144144,222,0.13333333333333333,0.8666666666666667,0.5887317791350385,0.632183908045977,702
music,GSI_MLC_PA_SVM,0.30,3,0.3149717514124294,0.9322033898305084,0.08538497335661152,223,0.6850282485875706,485,0.6212121212121212,82,132,0.16511299435028248,0.9293785310734464,0.7923728813559322,0.8370056497175141,0.8541428663288938,0.8774509803921569,0.11581920903954801,0.2718926553672316,0.24265536723163839,0.22575002156953206,0.21765716595916718,0.5348381970053797,82,0.36771300448430494,223,0.10309278350515463,0.8969072164948454,0.6672729127439272,0.7159090909090909,708
music,GSI_MLC_PA_SVM,0.30,4,0.2969187675070028,0.8823529411764706,0.08633818079605947,212,0.7030812324929971,502,0.5734265734265734,82,143,0.17450980392156862,0.9145658263305322,0.7549019607843138,0.8081232492997198,0.8459712543211774,0.8537170263788969,0.11484593837535007,0.26960784313725494,0.23613445378151243,0.23398532977519793,0.22514559780746835,0.5863078923325603,82,0.3867924528301887,212,0.12151394422310757,0.8784860557768924,0.6112877862877863,0.659217877094972,714
music,GSI_MLC_PA_SVM,0.30,5,0.28991596638655465,0.8823529411764706,0.10110004001699584,207,0.7100840336134454,507,0.5298013245033113,80,151,0.18641456582633056,0.9005602240896359,0.7198879551820728,0.7815126050420168,0.8062167464343776,0.8255528255528255,0.11204481792717091,0.27941176470588236,0.2557422969187676,0.23374041694505732,0.2198087002264547,0.49436195839499764,80,0.3864734299516908,207,0.14003944773175542,0.8599605522682445,0.5742991379516202,0.6358974358974359,714
music,GSI_MLC_PA_SVM,0.35,1,0.2507002801120448,0.865546218487395,0.08306671531293054,179,0.7492997198879552,535,0.5177304964539007,73,141,0.18298319327731088,0.9047619047619048,0.7303921568627451,0.7873949579831933,0.803338821852707,0.8308457711442786,0.10224089635854339,0.25882352941176473,0.2529411764705882,0.227819464159282,0.21714714100729227,0.5277646330277909,73,0.40782122905027934,179,0.12710280373831775,0.8728971962616823,0.5970840402469132,0.6382978723404256,714
music,GSI_MLC_PA_SVM,0.35,2,0.2378917378917379,0.8205128205128205,0.09518802361588229,167,0.7621082621082621,535,0.46153846153846156,72,156,0.2029202279202279,0.8803418803418803,0.6745014245014245,0.743019943019943,0.7494177027822825,0.7823834196891192,0.10256410256410253,0.22293447293447288,0.2148148148148148,0.1988046826454528,0.1907603830399045,0.5037059376682018,72,0.4311377245508982,167,0.15700934579439252,0.8429906542056075,0.5813725490196079,0.6216216216216216,702
music,GSI_MLC_PA_SVM,0.35,3,0.2457627118644068,0.8305084745762712,0.08538497335661152,174,0.7542372881355932,534,0.5,66,132,0.1792372881355932,0.9067796610169492,0.7387005649717516,0.7918079096045196,0.8120749346444042,0.8366336633663366,0.09322033898305082,0.21822033898305104,0.1974576271186439,0.18368208988504242,0.17683984893334692,0.525603738839033,66,0.3793103448275862,174,0.12359550561797752,0.8764044943820225,0.6533588478519642,0.7,708
music,GSI_MLC_PA_SVM,0.35,4,0.22829131652661064,0.8067226890756303,0.08633818079605947,163,0.7717086834733894,551,0.45454545454545453,65,143,0.1891456582633053,0.8907563025210083,0.6946778711484594,0.7557422969187675,0.7980510318673552,0.8078817733990148,0.09103641456582623,0.20938375350140048,0.18375350140056013,0.1860651073213757,0.17931034482758623,0.5805549362071102,65,0.3987730061349693,163,0.14156079854809436,0.8584392014519057,0.6362432863585326,0.6548672566371682,714
music,GSI_MLC_PA_SVM,0.35,5,0.21568627450980393,0.8235294117647058,0.10110004001699584,154,0.7843137254901961,560,0.41721854304635764,63,151,0.1987394957983192,0.876750700280112,0.658263305322129,0.7364145658263306,0.7635233151929177,0.7821782178217822,0.08823529411764708,0.2177871148459385,0.21064425770308137,0.19104698570359746,0.17643409249541142,0.4924718196457327,63,0.4090909090909091,154,0.15714285714285714,0.8428571428571429,0.5912902468041252,0.6239316239316239,714
music,GSI_MLC_PA_SVM,0.40,1,0.15546218487394958,0.680672268907563,0.08306671531293054,111,0.8445378151260504,603,0.36879432624113473,52,141,0.18683473389355748,0.8753501400560224,0.6428571428571429,0.7053221288515407,0.7335696245826321,0.7688311688311689,0.07282913165266103,0.17128851540616258,0.17086834733893563,0.1580502668892071,0.15513253869418253,0.40535536814606576,52,0.46846846846846846,111,0.14759535655058043,0.8524046434494196,0.6125085440874914,0.642570281124498,714
music,GSI_MLC_PA_SVM,0.40,2,0.15527065527065528,0.6666666666666666,0.09518802361588229,109,0.8447293447293447,593,0.32051282051282054,50,156,0.21310541310541314,0.849002849002849,0.6096866096866098,0.6817663817663817,0.6905981136005348,0.7225130890052356,0.07122507122507116,0.15811965811965822,0.1535612535612535,0.13998509346370513,0.13089005235602091,0.46230457995163876,50,0.45871559633027525,109,0.178752107925801,0.821247892074199,0.5751953034554935,0.6214285714285714,702
music,GSI_MLC_PA_SVM,0.40,3,0.16807909604519775,0.635593220338983,0.08538497335661152,119,0.8319209039548022,589,0.38636363636363635,51,132,0.1816384180790961,0.885593220338983,0.6864406779661016,0.751412429378531,0.7735711328216445,0.7990074441687345,0.07203389830508466,0.16596045197740106,0.1570621468926553,0.14517828806228272,0.1392136297357448,0.5215145707405769,51,0.42857142857142855,119,0.13752122241086587,0.8624787775891342,0.652462995534131,0.7011070110701108,708
music,GSI_MLC_PA_SVM,0.40,4,0.13165266106442577,0.6050420168067226,0.08633818079605947,94,0.8683473389355743,620,0.3146853146853147,45,143,0.18991596638655464,0.8627450980392157,0.6344537815126049,0.7089635854341737,0.7492080848342727,0.7562189054726368,0.06302521008403361,0.14915966386554602,0.13697478991596634,0.13722216028829326,0.12764747690120826,0.5357142857142857,45,0.4787234042553192,94,0.15806451612903225,0.8419354838709677,0.6372726522440492,0.6573426573426573,714
music,GSI_MLC_PA_SVM,0.40,5,0.14285714285714285,0.6134453781512605,0.10110004001699584,102,0.8571428571428571,612,0.31125827814569534,47,151,0.20280112044817933,0.8543417366946778,0.5931372549019609,0.6753501400560225,0.7188845203295973,0.7386934673366834,0.06582633053221287,0.15266106442577043,0.14957983193277324,0.146408190840277,0.1329493420103126,0.4316738816738817,47,0.46078431372549017,102,0.16993464052287582,0.8300653594771241,0.5864201579355732,0.6338028169014085,714
music,GSI_MLC_PA_SVM,0.50,1,0.0,0.0,0.08306671531293054,0,1.0,714,0.0,0,141,0.19747899159663865,0.8025210084033614,0.4715686274509803,0.534453781512605,0.575519357693425,0.6136986301369863,0.0,0.0,0.0,0.0,0.0,,0,,0,0.19747899159663865,0.8025210084033614,0.575519357693425,0.6136986301369863,714
music,GSI_MLC_PA_SVM,0.50,2,0.0,0.0,0.09518802361588229,0,1.0,702,0.0,0,156,0.2222222222222222,0.7777777777777778,0.4515669515669516,0.5282051282051282,0.5506130201368297,0.5916230366492147,0.0,0.0,0.0,0.0,0.0,,0,,0,0.2222222222222222,0.7777777777777778,0.5506130201368297,0.5916230366492147,702
music,GSI_MLC_PA_SVM,0.50,3,0.0,0.0,0.08538497335661152,0,1.0,708,0.0,0,132,0.1864406779661017,0.8135593220338984,0.5204802259887006,0.5943502824858757,0.6283928447593617,0.6597938144329897,0.0,0.0,0.0,0.0,0.0,,0,,0,0.1864406779661017,0.8135593220338984,0.6283928447593617,0.6597938144329897,708
music,GSI_MLC_PA_SVM,0.50,4,0.0,0.0,0.08633818079605947,0,1.0,714,0.0,0,143,0.20028011204481794,0.7997198879551821,0.4852941176470589,0.5719887955182074,0.6119859245459794,0.6285714285714286,0.0,0.0,0.0,0.0,0.0,,0,,0,0.20028011204481794,0.7997198879551821,0.6119859245459794,0.6285714285714286,714
music,GSI_MLC_PA_SVM,0.50,5,0.0,0.0,0.10110004001699584,0,1.0,714,0.0,0,151,0.211484593837535,0.788515406162465,0.44047619047619047,0.5257703081232492,0.5724763294893203,0.6057441253263708,0.0,0.0,0.0,0.0,0.0,,0,,0,0.211484593837535,0.788515406162465,0.5724763294893203,0.6057441253263708,714
scene,MLC_PA_Logistic,0.20,1,0.18336812804453723,0.7181628392484343,0.02297466372388421,527,0.8166318719554627,2347,0.6223021582733813,173,278,0.07320807237299931,0.9634655532359081,0.8298538622129437,0.8385525400139178,0.8912132008693477,0.891640866873065,0.06019485038274175,0.21433542101600556,0.2014613778705635,0.1781198212265931,0.1830454790323941,0.6171432979943617,173,0.32827324478178366,527,0.04473796335747763,0.9552620366425224,0.752066748324839,0.7961165048543689,2874
scene,MLC_PA_Logistic,0.20,2,0.1799163179916318,0.7112970711297071,0.018241874290723627,516,0.8200836820083682,2352,0.6428571428571429,171,266,0.06910739191073921,0.9668758716875872,0.8594839609483961,0.8699442119944213,0.9055276011742618,0.9037487335359676,0.05962343096234313,0.23361227336122736,0.22629009762900987,0.18184308727269904,0.18672745694022297,0.6313677928494769,171,0.3313953488372093,516,0.04039115646258504,0.9596088435374149,0.749495987173865,0.8111332007952287,2868
scene,MLC_PA_Logistic,0.20,3,0.18681693989071038,0.7336065573770492,0.021757297205718343,547,0.8131830601092896,2381,0.6828478964401294,211,309,0.07083333333333335,0.9665300546448088,0.8329918032786885,0.83948087431694,0.8991554139516049,0.8983402489626556,0.07206284153005471,0.2766393442622951,0.2619535519125684,0.22540201060601694,0.23024143048789736,0.5077018247560587,211,0.3857404021937843,547,0.04115917681646367,0.9588408231835364,0.7754286217262513,0.8063241106719368,2928
scene,MLC_PA_Logistic,0.20,4,0.1794871794871795,0.7255717255717256,0.026393754188994745,518,0.8205128205128205,2368,0.6065573770491803,185,305,0.07747747747747749,0.9584199584199584,0.8187803187803189,0.8326403326403327,0.8781316040575149,0.8773006134969326,0.0641025641025641,0.24497574497574504,0.23665973665973672,0.20125271941989265,0.20703034322666225,0.5439313532086725,185,0.35714285714285715,518,0.05067567567567568,0.9493243243243243,0.7377081026149349,0.7674418604651163,2886
scene,MLC_PA_Logistic,0.20,5,0.19092169092169092,0.7505197505197505,0.021812235939739,551,0.8090783090783091,2335,0.6436363636363637,177,275,0.07214137214137215,0.966042966042966,0.8562023562023563,0.8645183645183645,0.9025036805873202,0.9004065040650406,0.06133056133056136,0.24636174636174646,0.2356202356202356,0.19296841912604867,0.1951546283951585,0.5946135261924735,177,0.32123411978221417,551,0.04197002141327623,0.9580299785867238,0.7675198915347402,0.8024193548387096,2886
scene,MLC_PA_Logistic,0.25,1,0.14509394572025053,0.6221294363256785,0.02297466372388421,417,0.8549060542797495,2457,0.539568345323741,150,278,0.0808107167710508,0.9554627696590118,0.7985386221294363,0.8093249826026444,0.8677388601551116,0.8672199170124482,0.05219206680584543,0.18302018093249817,0.17223382045929014,0.15464548051235694,0.15862452917177727,0.5941342234923038,150,0.3597122302158273,417,0.052096052096052094,0.9479039479039479,0.7614486493151307,0.7845117845117845,2874
scene,MLC_PA_Logistic,0.25,2,0.1398186889818689,0.6108786610878661,0.018241874290723627,401,0.8601813110181311,2467,0.5338345864661654,142,266,0.07819037656903766,0.9567642956764295,0.8155509065550907,0.8274058577405857,0.8758153991038674,0.8732106339468303,0.049511854951185486,0.18967921896792195,0.1837517433751743,0.15213088520230467,0.15618935735108563,0.6365032991177156,142,0.3541147132169576,401,0.05026347790839076,0.9497365220916092,0.7461486683473101,0.7854671280276817,2868
scene,MLC_PA_Logistic,0.25,3,0.14856557377049182,0.6454918032786885,0.021757297205718343,435,0.8514344262295082,2493,0.5889967637540453,182,309,0.08051571038251366,0.9566256830601093,0.7879098360655737,0.7957650273224044,0.8670698412801396,0.8664563617245006,0.06215846994535523,0.23155737704918034,0.21823770491803285,0.19331643793455167,0.1983575432497423,0.48657926671860396,182,0.41839080459770117,435,0.05094263939029282,0.9490573606097071,0.7556010145164104,0.779896013864818,2928
scene,MLC_PA_Logistic,0.25,4,0.13963963963963963,0.6153846153846154,0.026393754188994745,403,0.8603603603603603,2483,0.5147540983606558,157,305,0.0861919611919612,0.9487179487179487,0.7751212751212752,0.7889812889812889,0.8480930669564716,0.8461538461538461,0.05440055440055436,0.20131670131670132,0.193000693000693,0.17121418231884933,0.17588357588357584,0.5280421310969458,157,0.38957816377171217,403,0.05960531614981877,0.9403946838501812,0.7353753315051669,0.75,2886
scene,MLC_PA_Logistic,0.25,5,0.15384615384615385,0.6611226611226612,0.021812235939739,444,0.8461538461538461,2442,0.5527272727272727,152,275,0.08108108108108109,0.9573804573804574,0.8125433125433126,0.822938322938323,0.874776891401285,0.8733264675592173,0.052668052668052745,0.20270270270270274,0.19404019404019412,0.16524162994001346,0.16807459188933516,0.5718600843600844,152,0.34234234234234234,444,0.05036855036855037,0.9496314496314496,0.7587091581812989,0.7853403141361257,2886
scene,MLC_PA_Logistic,0.30,1,0.116214335421016,0.5407098121085595,0.02297466372388421,334,0.883785664578984,2540,0.4784172661870504,133,278,0.08531663187195546,0.9495476687543494,0.7755741127348643,0.7891440501043842,0.8499816131202076,0.8494288681204569,0.04627696590118302,0.16005567153792621,0.1520528879610299,0.13688823347745294,0.14083348027978604,0.5790755226953307,133,0.39820359281437123,334,0.05708661417322835,0.9429133858267716,0.7620553048120637,0.7772657450076805,2874
scene,MLC_PA_Logistic,0.30,2,0.10669456066945607,0.5062761506276151,0.018241874290723627,306,0.893305439330544,2562,0.462406015037594,123,266,0.0818688981868898,0.950139470013947,0.7852161785216178,0.7995118549511854,0.8561398762728659,0.8527291452111225,0.04288702928870303,0.15934449093444913,0.15585774058577395,0.13245536237130318,0.13570786861537787,0.5773927498927499,123,0.4019607843137255,306,0.05581576893052303,0.944184231069477,0.7528821811242311,0.7830045523520486,2868
scene,MLC_PA_Logistic,0.30,3,0.11099726775956284,0.5430327868852459,0.021757297205718343,325,0.8890027322404371,2603,0.47572815533980584,147,309,0.08862704918032786,0.944672131147541,0.7366803278688525,0.7472677595628414,0.8272880207819903,0.8265524625267666,0.05020491803278693,0.1803278688524591,0.16974043715846987,0.1535346174364023,0.15845364405200835,0.47613847412206206,147,0.4523076923076923,325,0.0622358816749904,0.9377641183250096,0.7347111108303207,0.75,2928
scene,MLC_PA_Logistic,0.30,4,0.11122661122661123,0.5114345114345115,0.026393754188994745,321,0.8887733887733887,2565,0.4131147540983607,126,305,0.09539154539154537,0.9379764379764379,0.7210672210672211,0.737006237006237,0.8128232872959485,0.8093716719914803,0.043659043659043606,0.14726264726264726,0.14102564102564108,0.1359444026583263,0.13910140172121,0.5213580246913581,126,0.3925233644859813,321,0.06978557504873294,0.930214424951267,0.7150771843373813,0.7258805513016845,2886
scene,MLC_PA_Logistic,0.30,5,0.1191961191961192,0.5571725571725572,0.021812235939739,344,0.8808038808038808,2542,0.4581818181818182,126,275,0.08738738738738738,0.9483714483714484,0.7726957726957726,0.7844767844767846,0.8466153497270666,0.8443051201671892,0.04365904365904372,0.16285516285516277,0.1555786555786557,0.1370800882657951,0.13905324449730705,0.548579274780436,126,0.36627906976744184,344,0.05861526357199056,0.9413847364280095,0.750944904618352,0.7697063369397218,2886
scene,MLC_PA_Logistic,0.35,1,0.08455114822546973,0.42379958246346555,0.02297466372388421,243,0.9154488517745303,2631,0.34532374100719426,96,278,0.09291927627000694,0.9366736256089074,0.7240779401530968,0.7407794015309672,0.8112781025839607,0.8096234309623431,0.03340292275574108,0.10855949895615868,0.10368823938761296,0.09818472294120606,0.10102804312167224,0.609221848110737,96,0.3950617283950617,243,0.06917521854808058,0.9308247814519194,0.7427175665215637,0.7506849315068493,2874
scene,MLC_PA_Logistic,0.35,2,0.07182705718270571,0.3682008368200837,0.018241874290723627,206,0.9281729428172942,2662,0.29699248120300753,79,266,0.09034170153417016,0.9347977684797768,0.7235006973500697,0.7395397489539749,0.8093113907502466,0.8041884816753927,0.027545327754532778,0.09762900976290101,0.09588563458856347,0.08562687684868386,0.08716720507964804,0.5700699018591807,79,0.38349514563106796,206,0.07024793388429752,0.9297520661157025,0.7375858835761675,0.749665327978581,2868
scene,MLC_PA_Logistic,0.35,3,0.07991803278688525,0.41598360655737704,0.021757297205718343,234,0.9200819672131147,2694,0.34627831715210355,107,309,0.0969603825136612,0.9310109289617486,0.6810109289617486,0.6943306010928962,0.7840014084307527,0.7818574514038877,0.03654371584699456,0.12465846994535523,0.11680327868852469,0.11024800508516475,0.11375863292912947,0.5035078756917837,107,0.45726495726495725,234,0.07498144023756496,0.9250185597624351,0.7075256045296067,0.7162921348314607,2928
scene,MLC_PA_Logistic,0.35,4,0.08489258489258489,0.41372141372141374,0.026393754188994745,245,0.9151074151074151,2641,0.32459016393442625,99,305,0.10109147609147609,0.9286209286209286,0.6826056826056827,0.6988911988911988,0.7826161088759139,0.7780172413793104,0.03430353430353428,0.10880110880110883,0.10291060291060283,0.10573722423829168,0.10774697110904008,0.4903133816907613,99,0.40408163265306124,245,0.07800075728890572,0.9219992427110942,0.7133365049760975,0.7154696132596685,2886
scene,MLC_PA_Logistic,0.35,5,0.08142758142758143,0.4074844074844075,0.021812235939739,235,0.9185724185724186,2651,0.3490909090909091,96,275,0.09052321552321552,0.9379764379764379,0.731115731115731,0.7442827442827443,0.8140292730975914,0.8109820485744457,0.033264033264033266,0.12127512127512119,0.11538461538461542,0.10449401163631988,0.10573017290456355,0.4850912778904666,96,0.4085106382978723,235,0.06752168992832894,0.932478310071671,0.747975814032024,0.7577807848443843,2886
scene,MLC_PA_Logistic,0.40,1,0.054627696590118305,0.2839248434237996,0.02297466372388421,157,0.9453723034098817,2717,0.22661870503597123,63,278,0.0966597077244259,0.9251913709116214,0.6812804453723035,0.6990257480862909,0.776126811499411,0.7729672650475184,0.02192066805845505,0.06576200417536537,0.06193458594293666,0.06303343185665633,0.06437187720684756,0.5092616959064328,63,0.4012738853503185,157,0.07913139492086861,0.9208686050791314,0.7285608505551071,0.7329192546583851,2874
scene,MLC_PA_Logistic,0.40,2,0.04358437935843794,0.2405857740585774,0.018241874290723627,125,0.956415620641562,2743,0.20676691729323307,55,266,0.09100418410041841,0.9264295676429568,0.6963040446304044,0.7137377963737795,0.7846601363695878,0.7790575916230367,0.019177126917712783,0.0704323570432357,0.07008368200836812,0.060975622468025015,0.06203631502729201,0.4689236343329924,55,0.44,125,0.07692307692307693,0.9230769230769231,0.7373665647005937,0.7429963459196103,2868
scene,MLC_PA_Logistic,0.40,3,0.05430327868852459,0.2930327868852459,0.021757297205718343,159,0.9456967213114754,2769,0.2686084142394822,83,309,0.09890710382513662,0.9228142076502732,0.6564207650273224,0.6711065573770492,0.7601674646450164,0.7564655172413793,0.028346994535519143,0.10006830601092898,0.09357923497267762,0.08641406129942841,0.08836669876662107,0.4511917494270435,83,0.5220125786163522,159,0.0816179126038281,0.9183820873961719,0.7060880779962052,0.7087628865979382,2928
scene,MLC_PA_Logistic,0.40,4,0.05474705474705475,0.2806652806652807,0.026393754188994745,158,0.9452529452529452,2728,0.21639344262295082,66,305,0.10471240471240473,0.9171864171864172,0.6410256410256411,0.658004158004158,0.7459192855216635,0.740499457111835,0.022869022869022926,0.06722106722106724,0.06202356202356207,0.06904040088404129,0.07022918684156465,0.5047039948355738,66,0.4177215189873418,158,0.08760997067448681,0.9123900293255132,0.6983271773460916,0.697084917617237,2886
scene,MLC_PA_Logistic,0.40,5,0.05162855162855163,0.2765072765072765,0.021812235939739,149,0.9483714483714484,2737,0.2545454545454545,70,275,0.09168399168399169,0.928967428967429,0.6950796950796951,0.7117117117117118,0.7870985552276668,0.783068783068783,0.02425502425502435,0.0852390852390853,0.08281358281358286,0.07756329376639526,0.0778169073989009,0.4874127804274863,70,0.4697986577181208,149,0.07489952502740227,0.9251004749725977,0.7424613906497964,0.7459727385377943,2886
scene,MLC_PA_Logistic,0.50,1,0.0,0.0,0.02297466372388421,0,1.0,2874,0.0,0,278,0.09672929714683368,0.9032707028531664,0.6155184411969381,0.6370911621433543,0.7130933796427547,0.7085953878406709,0.0,0.0,0.0,0.0,0.0,,0,,0,0.09672929714683368,0.9032707028531664,0.7130933796427547,0.7085953878406709,2874
scene,MLC_PA_Logistic,0.50,2,0.0,0.0,0.018241874290723627,0,1.0,2868,0.0,0,266,0.09274755927475593,0.907252440725244,0.6258716875871687,0.6436541143654114,0.7236845139015627,0.7170212765957447,0.0,0.0,0.0,0.0,0.0,,0,,0,0.09274755927475593,0.907252440725244,0.7236845139015627,0.7170212765957447,2868
scene,MLC_PA_Logistic,0.50,3,0.0,0.0,0.021757297205718343,0,1.0,2928,0.0,0,309,0.10553278688524591,0.8944672131147541,0.5563524590163934,0.5775273224043715,0.673753403345588,0.6680988184747583,0.0,0.0,0.0,0.0,0.0,,0,,0,0.10553278688524591,0.8944672131147541,0.673753403345588,0.6680988184747583,2928
scene,MLC_PA_Logistic,0.50,4,0.0,0.0,0.026393754188994745,0,1.0,2886,0.0,0,305,0.10568260568260568,0.8943173943173943,0.5738045738045738,0.5959805959805959,0.6768788846376222,0.6702702702702703,0.0,0.0,0.0,0.0,0.0,,0,,0,0.10568260568260568,0.8943173943173943,0.6768788846376222,0.6702702702702703,2886
scene,MLC_PA_Logistic,0.50,5,0.0,0.0,0.021812235939739,0,1.0,2886,0.0,0,275,0.09528759528759528,0.9047124047124047,0.6098406098406098,0.6288981288981289,0.7095352614612715,0.7052518756698821,0.0,0.0,0.0,0.0,0.0,,0,,0,0.09528759528759528,0.9047124047124047,0.7095352614612715,0.7052518756698821,2886
scene,MLC_PA_MLP,0.20,1,0.988865692414753,1.0,0.11521618181312566,2842,0.011134307585247043,32,0.9952681388012619,631,634,0.19881697981906746,0.9989561586638831,0.9968684759916493,0.9979123173277662,0.9969325153374232,0.9971070395371263,0.21955462769659007,0.4987125956854559,0.3718858733472512,0.37684602931077027,0.39635137203082904,0.6058328583558829,631,0.22202674173117523,2842,0.09375,0.90625,0.4838709677419355,0.9491525423728814,2874
scene,MLC_PA_MLP,0.20,2,0.9860529986052998,1.0,0.10234428798894647,2828,0.01394700139470014,40,1.0,625,625,0.19721059972105995,1.0,1.0,1.0,1.0,1.0,0.21792189679218965,0.5074965132496513,0.3698047419804742,0.3654600513775549,0.3913587977457733,0.614217310365443,625,0.221004243281471,2828,0.0,1.0,0.6666666666666666,1.0,2868
scene,MLC_PA_MLP,0.20,3,0.9842896174863388,1.0,0.11346681164000538,2882,0.015710382513661202,46,0.9985443959243085,686,687,0.1971994535519125,0.9996584699453552,0.9989754098360656,0.9993169398907105,0.9989648033126294,0.9990319457889641,0.2342896174863388,0.5300546448087432,0.393032786885246,0.3945615498928474,0.413136828248277,0.5811414320032713,686,0.238029146426093,2882,0.021739130434782608,0.9782608695652174,0.6621621621621622,0.9885057471264368,2928
scene,MLC_PA_MLP,0.20,4,0.9830214830214831,1.0,0.12351047795085301,2837,0.01697851697851698,49,0.9953271028037384,639,642,0.1976437976437976,0.998960498960499,0.9968814968814969,0.997920997920998,0.9969394308783244,0.9971014492753624,0.2214137214137215,0.505024255024255,0.3759528759528761,0.3756231192416636,0.40087503418102277,0.5959444751831958,639,0.225237927388086,2837,0.061224489795918366,0.9387755102040817,0.5947444989998181,0.967741935483871,2886
scene,MLC_PA_MLP,0.20,5,0.9882189882189882,1.0,0.10800989911320052,2852,0.01178101178101178,34,0.9984101748807631,628,629,0.19799029799029794,0.9996534996534997,0.998960498960499,0.9993069993069992,0.9989517819706499,0.9990338164251208,0.21760221760221765,0.49740124740124747,0.3670131670131669,0.3684495023586366,0.39289731047646703,0.6158271045536373,628,0.22019635343618513,2852,0.029411764705882353,0.9705882352941176,0.4920634920634921,0.9841269841269841,2886
scene,MLC_PA_MLP,0.25,1,0.964509394572025,1.0,0.11521618181312566,2772,0.03549060542797495,102,0.9921135646687698,629,634,0.2428670842032011,0.9982602644398052,0.9947807933194155,0.9965205288796104,0.9949494949494949,0.9951876804619827,0.21885873347251217,0.4966249130132221,0.3704940848990954,0.37486300892284197,0.3944320129556854,0.5738970433404588,629,0.2269119769119769,2772,0.049019607843137254,0.9509803921568627,0.8215962441314554,0.9681528662420382,2874
scene,MLC_PA_MLP,0.25,2,0.9599023709902371,1.0,0.10234428798894647,2753,0.0400976290097629,115,0.9952,622,625,0.24102161785216178,0.9989539748953975,0.9972105997210599,0.998186889818689,0.9970470200658882,0.9971181556195965,0.21687587168758715,0.5047071129707111,0.36799163179916317,0.3625070714434431,0.3884769533653698,0.5874950104787954,622,0.22593534326189613,2753,0.02608695652173913,0.9739130434782609,0.8129747532732607,0.9824561403508771,2868
scene,MLC_PA_MLP,0.25,3,0.9583333333333334,1.0,0.11346681164000538,2806,0.041666666666666664,122,0.9912663755458515,681,687,0.2416325136612022,0.9979508196721312,0.9938524590163934,0.9959016393442623,0.9939861038126935,0.9942196531791907,0.23258196721311475,0.524931693989071,0.3896174863387979,0.3895828503929115,0.40832453563850357,0.5445028836492747,681,0.24269422665716323,2806,0.04918032786885246,0.9508196721311475,0.8099642973060694,0.97,2928
scene,MLC_PA_MLP,0.25,4,0.9546084546084546,1.0,0.12351047795085301,2755,0.04539154539154539,131,0.9797507788161994,629,642,0.24315661815661815,0.9954954954954955,0.9864864864864865,0.9909909909909911,0.9873898245456068,0.9875598086124402,0.21794871794871806,0.4946292446292447,0.3690228690228692,0.36607351290894596,0.3913333935181006,0.5727035873063361,629,0.22831215970961888,2755,0.09923664122137404,0.9007633587786259,0.7692940133618099,0.9289617486338798,2886
scene,MLC_PA_MLP,0.25,5,0.9615384615384616,1.0,0.10800989911320052,2775,0.038461538461538464,111,0.9904610492845787,623,629,0.24246361746361747,0.997920997920998,0.9937629937629938,0.9958419958419958,0.9939241344255706,0.9942307692307693,0.21586971586971593,0.4922037422037423,0.36354816354816355,0.36342185481355727,0.3880942632821155,0.589281042953682,623,0.22450450450450452,2775,0.05405405405405406,0.9459459459459459,0.7943722943722943,0.9625,2886
scene,MLC_PA_MLP,0.30,1,0.8963117606123869,1.0,0.11521618181312566,2576,0.10368823938761308,298,0.9668769716088328,613,634,0.27620041753653446,0.9926931106471816,0.9780793319415448,0.9853862212943633,0.9799009715669699,0.9800947867298578,0.21329157967988854,0.47992345163535144,0.35935977731384827,0.3598144855403169,0.37933911922356056,0.5222347000866076,613,0.23796583850931677,2576,0.07046979865771812,0.9295302013422819,0.939369658119658,0.9333333333333333,2874
scene,MLC_PA_MLP,0.30,2,0.8863319386331938,1.0,0.10234428798894647,2542,0.11366806136680614,326,0.9808,613,625,0.2700836820083682,0.99581589958159,0.9877963737796372,0.9919107391910739,0.9885956328924879,0.9885714285714285,0.21373779637377965,0.49529288702928853,0.36171548117154806,0.35405568427004275,0.37993022631720186,0.5303889803617277,613,0.24114870180959874,2542,0.03680981595092025,0.9631901840490797,0.9364197908135617,0.9642857142857143,2868
scene,MLC_PA_MLP,0.30,3,0.891051912568306,1.0,0.11346681164000538,2609,0.10894808743169399,319,0.9767103347889374,671,687,0.27278005464480876,0.994535519125683,0.9836065573770492,0.989071038251366,0.9844946188948728,0.9847328244274809,0.22916666666666663,0.5146857923497268,0.38278688524590154,0.3800913654750908,0.39883770688679376,0.49478935630487136,671,0.2571866615561518,2609,0.050156739811912224,0.9498432601880877,0.9371262136748864,0.950920245398773,2928
scene,MLC_PA_MLP,0.30,4,0.8804573804573804,1.0,0.12351047795085301,2541,0.11954261954261955,345,0.9610591900311527,617,642,0.2727997227997228,0.9913374913374914,0.972972972972973,0.9805959805959806,0.9762495989901092,0.976258309591643,0.2137907137907139,0.4811157311157312,0.35862785862785873,0.3549332873534484,0.38003189449730335,0.5250235062327465,617,0.24281778827233372,2541,0.07246376811594203,0.927536231884058,0.9004084732898291,0.9240121580547113,2886
scene,MLC_PA_MLP,0.30,5,0.8891198891198892,1.0,0.10800989911320052,2566,0.11088011088011088,320,0.9713831478537361,611,629,0.27297297297297296,0.9937629937629937,0.9812889812889813,0.9875259875259875,0.9824852071005918,0.9828897338403042,0.21171171171171166,0.4797297297297298,0.35523215523215523,0.3519829274885785,0.37675322789165044,0.5265773945230746,611,0.23811379579111458,2566,0.05625,0.94375,0.948728483767416,0.9476744186046512,2886
scene,MLC_PA_MLP,0.35,1,0.7459986082115518,1.0,0.11521618181312566,2144,0.25400139178844816,730,0.9242902208201893,586,634,0.27780097425191363,0.9832985386221295,0.9498956158663883,0.9665970772442589,0.9563430360210403,0.9555555555555556,0.20389700765483643,0.45173973556019487,0.3405706332637439,0.33625654999438737,0.3547998880492583,0.42652394705338464,586,0.2733208955223881,2144,0.06575342465753424,0.9342465753424658,0.9098818771929569,0.9133574007220217,2874
scene,MLC_PA_MLP,0.35,2,0.7318688981868898,1.0,0.10234428798894647,2099,0.2681311018131102,769,0.928,580,625,0.27184449093444907,0.9843096234309623,0.9539748953974896,0.9692468619246862,0.9589049155650277,0.9584487534626038,0.20223152022315194,0.46147140864714087,0.3390516039051604,0.32436496694258254,0.34980755120837714,0.44632339320648406,580,0.27632205812291566,2099,0.05851755526657997,0.94148244473342,0.913314261791411,0.9194991055456172,2868
scene,MLC_PA_MLP,0.35,3,0.7561475409836066,1.0,0.11346681164000538,2214,0.24385245901639344,714,0.9359534206695779,643,687,0.2796789617486338,0.9849726775956285,0.9549180327868853,0.9699453551912569,0.9590219774628649,0.9591078066914498,0.21960382513661203,0.48599726775956287,0.36366120218579245,0.3546187240430829,0.37321268915076267,0.4322433330246837,643,0.2904245709123758,2214,0.06162464985994398,0.938375350140056,0.908351749224594,0.915057915057915,2928
scene,MLC_PA_MLP,0.35,4,0.7293832293832294,1.0,0.12351047795085301,2105,0.27061677061677064,781,0.9003115264797508,578,642,0.2774601524601525,0.9778239778239778,0.9334719334719335,0.9523215523215524,0.9417848820635624,0.9410681399631676,0.2002772002772003,0.44161469161469163,0.33035343035343046,0.3204685704269016,0.344841724868828,0.45457091654695797,578,0.27458432304038005,2105,0.08194622279129321,0.9180537772087067,0.8843384990152979,0.8836363636363637,2886
scene,MLC_PA_MLP,0.35,5,0.7401247401247402,1.0,0.10800989911320052,2136,0.2598752598752599,750,0.9205087440381559,579,629,0.27636867636867635,0.9826749826749827,0.9480249480249481,0.9653499653499654,0.9545431676003604,0.9537892791127541,0.2006237006237006,0.44646569646569656,0.33305613305613313,0.32404088798834707,0.34765277316410037,0.45431884675683404,579,0.2710674157303371,2136,0.06666666666666667,0.9333333333333333,0.9027029886830249,0.9100719424460432,2886
scene,MLC_PA_MLP,0.40,1,0.535490605427975,0.9958246346555324,0.11521618181312566,1539,0.46450939457202506,1335,0.8012618296529969,508,634,0.2580375782881002,0.9561586638830898,0.8743910925539319,0.9146833681280445,0.8950704268352928,0.890625,0.17675713291579676,0.3762352122477385,0.2886569241475295,0.27498394080863986,0.2898693324937027,0.3338100386287426,508,0.3300844704353476,1539,0.09438202247191012,0.9056179775280899,0.8480149205579992,0.8417085427135679,2874
scene,MLC_PA_MLP,0.40,2,0.5097629009762901,0.99581589958159,0.10234428798894647,1462,0.4902370990237099,1406,0.7952,497,625,0.24853556485355652,0.9553695955369595,0.8734309623430963,0.9145048814504881,0.8938284111328594,0.8894645941278065,0.1732914923291492,0.38092747559274753,0.28430962343096233,0.25928846251041426,0.28082339187357985,0.34578991721490837,497,0.3399452804377565,1462,0.09103840682788052,0.9089615931721194,0.8491898412692039,0.8446601941747572,2868
scene,MLC_PA_MLP,0.40,3,0.5293715846994536,0.9959016393442623,0.11346681164000538,1550,0.47062841530054644,1378,0.8122270742358079,558,687,0.25580601092896177,0.9559426229508197,0.8691939890710383,0.9125683060109288,0.8906895110667027,0.8886971527178602,0.19057377049180324,0.4002732240437159,0.3062841530054643,0.2862862576469207,0.3028020351771731,0.33841614768072154,558,0.36,1550,0.09361393323657474,0.9063860667634253,0.8482291934640318,0.8393524283935243,2928
scene,MLC_PA_MLP,0.40,4,0.5152460152460152,0.9875259875259875,0.12351047795085301,1487,0.48475398475398473,1399,0.7632398753894081,490,642,0.2587664587664588,0.9473319473319474,0.8501386001386001,0.8943173943173942,0.8748680853437562,0.8694158075601375,0.1697851697851699,0.35828135828135826,0.2723492723492723,0.25355177370709536,0.2731893924657979,0.3775180595109268,490,0.32952252858103565,1487,0.10864903502501787,0.8913509649749821,0.8210997873544296,0.8090452261306532,2886
scene,MLC_PA_MLP,0.40,5,0.5221760221760222,0.9896049896049897,0.10800989911320052,1507,0.47782397782397784,1379,0.8108108108108109,510,629,0.25010395010395015,0.9587664587664587,0.8808038808038808,0.9191961191961192,0.8998457948023457,0.8962510897994769,0.17671517671517667,0.3792446292446293,0.2869022869022869,0.2693435151903324,0.2901145838508231,0.31340493833517497,510,0.33842070338420704,1507,0.08629441624365482,0.9137055837563451,0.8645991655732561,0.8591715976331361,2886
scene,MLC_PA_MLP,0.50,1,0.0,0.0,0.11521618181312566,0,1.0,2874,0.0,0,634,0.22059846903270702,0.779401530967293,0.4981558803061934,0.626026443980515,0.620086486026653,0.6007556675062973,0.0,0.0,0.0,0.0,0.0,,0,,0,0.22059846903270702,0.779401530967293,0.620086486026653,0.6007556675062973,2874
scene,MLC_PA_MLP,0.50,2,0.0,0.0,0.10234428798894647,0,1.0,2868,0.0,0,625,0.21792189679218968,0.7820781032078103,0.4925034867503487,0.6301952580195258,0.6345399486224451,0.6086412022542267,0.0,0.0,0.0,0.0,0.0,,0,,0,0.21792189679218968,0.7820781032078103,0.6345399486224451,0.6086412022542267,2868
scene,MLC_PA_MLP,0.50,3,0.0,0.0,0.11346681164000538,0,1.0,2928,0.0,0,687,0.2346311475409836,0.7653688524590164,0.4689207650273224,0.6062841530054645,0.604403253419782,0.5858951175406871,0.0,0.0,0.0,0.0,0.0,,0,,0,0.2346311475409836,0.7653688524590164,0.604403253419782,0.5858951175406871,2928
scene,MLC_PA_MLP,0.50,4,0.0,0.0,0.12351047795085301,0,1.0,2886,0.0,0,642,0.22245322245322247,0.7775467775467775,0.49185724185724183,0.6219681219681219,0.6213163116366608,0.5962264150943396,0.0,0.0,0.0,0.0,0.0,,0,,0,0.22245322245322247,0.7775467775467775,0.6213163116366608,0.5962264150943396,2886
scene,MLC_PA_MLP,0.50,5,0.0,0.0,0.10800989911320052,0,1.0,2886,0.0,0,629,0.21794871794871795,0.782051282051282,0.5015592515592515,0.6322938322938323,0.6305022796120133,0.6061365059486538,0.0,0.0,0.0,0.0,0.0,,0,,0,0.21794871794871795,0.782051282051282,0.6305022796120133,0.6061365059486538,2886
scene,GSI_MLC_PA_Logistic,0.20,1,0.16423103688239388,0.6597077244258872,0.020974837931636292,472,0.8357689631176062,2402,0.5938697318007663,155,261,0.0697286012526096,0.9631176061238692,0.8319415448851775,0.8392484342379958,0.8895957734967676,0.890495867768595,0.05393180236604034,0.18058455114822547,0.17188587334725125,0.15947500313203922,0.1643678509795079,0.6292558091315194,155,0.3283898305084746,472,0.04412989175686927,0.9558701082431307,0.7471554805112457,0.8058608058608059,2874
scene,GSI_MLC_PA_Logistic,0.20,2,0.1614365411436541,0.6610878661087866,0.017056957988370487,463,0.8385634588563459,2405,0.627906976744186,162,258,0.06576011157601118,0.9665271966527197,0.8556485355648535,0.8640167364016736,0.9044867679129872,0.901840490797546,0.05648535564853563,0.20118549511854955,0.1942119944211994,0.17523006744442426,0.17748151643857168,0.6496825452432214,162,0.34989200863930886,463,0.03991683991683992,0.9600831600831601,0.7627295567498035,0.8132295719844358,2868
scene,GSI_MLC_PA_Logistic,0.20,3,0.1755464480874317,0.6659836065573771,0.020308765055560053,514,0.8244535519125683,2414,0.6232394366197183,177,284,0.07165300546448089,0.9634562841530054,0.8306010928961748,0.8364071038251366,0.8900976639416429,0.889348500517063,0.06045081967213117,0.21960382513661203,0.21345628415300544,0.18723885671171336,0.19341702300100305,0.560779761642816,177,0.3443579766536965,514,0.04432477216238608,0.9556752278376139,0.7440471289529859,0.7946257197696737,2928
scene,GSI_MLC_PA_Logistic,0.20,4,0.1677061677061677,0.6486486486486487,0.022839273014812273,484,0.8322938322938322,2402,0.5985915492957746,170,284,0.07304227304227305,0.9604989604989604,0.8326403326403327,0.841995841995842,0.8856536437282702,0.8831967213114754,0.058905058905058816,0.21205821205821207,0.2085932085932085,0.1861743560011191,0.19122275168023894,0.5144225927217129,170,0.3512396694214876,484,0.04746044962531224,0.9525395503746877,0.7544827278424672,0.7934782608695652,2886
scene,GSI_MLC_PA_Logistic,0.20,5,0.15280665280665282,0.5966735966735967,0.017843307070792073,441,0.8471933471933472,2445,0.6033057851239669,146,242,0.06382536382536383,0.9667359667359667,0.8562023562023563,0.8638253638253638,0.9043164354074643,0.9022403258655805,0.05058905058905061,0.1930006930006931,0.1857241857241858,0.15963292863409684,0.16078733441258897,0.6161255136083511,146,0.3310657596371882,441,0.0392638036809816,0.9607361963190184,0.8012293179034377,0.8303886925795053,2886
scene,GSI_MLC_PA_Logistic,0.25,1,0.1301322199025748,0.569937369519833,0.020974837931636292,374,0.8698677800974252,2500,0.5095785440613027,133,261,0.07707028531663188,0.9554627696590118,0.802713987473904,0.8114126652748781,0.866281141901375,0.8666666666666667,0.04627696590118291,0.151356993736952,0.14405010438413357,0.13616037153664662,0.14053864987757958,0.6328144573579754,133,0.35561497326203206,374,0.0512,0.9488,0.7574401309302986,0.7901639344262295,2874
scene,GSI_MLC_PA_Logistic,0.25,2,0.12691771269177127,0.5627615062761506,0.017056957988370487,364,0.8730822873082287,2504,0.5232558139534884,135,258,0.07461645746164575,0.9571129707112971,0.8127615062761506,0.8214783821478381,0.8749862305530716,0.8720083246618107,0.047071129707113024,0.15829846582984664,0.15167364016736384,0.14572953008450862,0.14764935030283632,0.6396896097558493,135,0.3708791208791209,364,0.04912140575079872,0.9508785942492013,0.7566387380063802,0.7911714770797963,2868
scene,GSI_MLC_PA_Logistic,0.25,3,0.1437841530054645,0.5963114754098361,0.020308765055560053,421,0.8562158469945356,2507,0.528169014084507,150,284,0.08171106557377049,0.9542349726775956,0.7937158469945355,0.8008879781420766,0.86070822758494,0.8604166666666667,0.05122950819672134,0.1827185792349727,0.1779371584699454,0.15784942035501048,0.16448518915060673,0.5546769538705022,150,0.35629453681710216,421,0.05345033905065816,0.9465496609493418,0.7311031030838123,0.7697594501718213,2928
scene,GSI_MLC_PA_Logistic,0.25,4,0.13063063063063063,0.5509355509355509,0.022839273014812273,377,0.8693693693693694,2509,0.5035211267605634,143,284,0.08151420651420652,0.9511434511434511,0.7962577962577962,0.8066528066528067,0.8556021533012106,0.8535825545171339,0.04954954954954949,0.17567567567567566,0.17325017325017322,0.15612286557405952,0.16160858488589747,0.5132251695872712,143,0.3793103448275862,377,0.056197688322040654,0.9438023116779594,0.7430485700835413,0.7699836867862969,2886
scene,GSI_MLC_PA_Logistic,0.25,5,0.12335412335412335,0.5343035343035343,0.017843307070792073,356,0.8766458766458767,2530,0.5247933884297521,127,242,0.07068607068607069,0.9601524601524601,0.8312543312543313,0.8395703395703396,0.8844214187940479,0.881808838643371,0.04400554400554402,0.16805266805266816,0.16146916146916157,0.13973791202068042,0.14035584719037952,0.5871951902087726,127,0.35674157303370785,356,0.045454545454545456,0.9545454545454546,0.7955224908002352,0.8188976377952756,2886
scene,GSI_MLC_PA_Logistic,0.30,1,0.10334029227557412,0.4822546972860125,0.020974837931636292,297,0.8966597077244259,2577,0.44061302681992337,115,261,0.08180236604036185,0.9491997216423104,0.7797494780793319,0.7891440501043842,0.8456406883080919,0.8472803347280334,0.0400139178844815,0.12839248434237993,0.12178148921363963,0.11551991794336358,0.12115231793894632,0.6299916576610358,115,0.3872053872053872,297,0.05665502522312767,0.9433449747768723,0.7631137707267905,0.7840236686390533,2874
scene,GSI_MLC_PA_Logistic,0.30,2,0.09483960948396095,0.45188284518828453,0.017056957988370487,272,0.905160390516039,2596,0.4263565891472868,110,258,0.08005578800557879,0.9483960948396095,0.7813807531380753,0.7928870292887029,0.8486826888058433,0.8451882845188284,0.038354253835425456,0.12691771269177132,0.12308228730822868,0.11942598833728035,0.1208293101598541,0.6080322128851541,110,0.40441176470588236,272,0.05701078582434515,0.9429892141756548,0.7611642185025028,0.7817109144542773,2868
scene,GSI_MLC_PA_Logistic,0.30,3,0.1130464480874317,0.514344262295082,0.020308765055560053,331,0.8869535519125683,2597,0.4647887323943662,132,284,0.08582650273224043,0.9480874316939891,0.7670765027322404,0.7756147540983607,0.8406018830096817,0.84,0.04508196721311486,0.15607923497267762,0.1526639344262295,0.1377430757797522,0.14406852248393998,0.5212643745588151,132,0.3987915407854985,331,0.058529072006160955,0.941470927993839,0.7448861902893066,0.7654320987654321,2928
scene,GSI_MLC_PA_Logistic,0.30,4,0.10187110187110188,0.4594594594594595,0.022839273014812273,294,0.8981288981288982,2592,0.4154929577464789,118,284,0.08808038808038808,0.9424809424809425,0.7557172557172557,0.7657657657657657,0.827208572586092,0.8245243128964059,0.04088704088704087,0.1351351351351351,0.13236313236313224,0.12772928485894097,0.13255034326516946,0.49188175753393143,118,0.4013605442176871,294,0.06404320987654322,0.9359567901234568,0.7438383350607111,0.7573099415204678,2886
scene,GSI_MLC_PA_Logistic,0.30,5,0.0984060984060984,0.46153846153846156,0.017843307070792073,284,0.9015939015939016,2602,0.4380165289256198,106,242,0.07664587664587665,0.9528759528759528,0.7948717948717949,0.8049203049203049,0.8604799110656615,0.8577405857740585,0.03672903672903671,0.13167013167013175,0.12681912681912688,0.11579640429229399,0.11628759432106706,0.5728496842058933,106,0.3732394366197183,284,0.05226748654880861,0.9477325134511914,0.7851985364162616,0.8028985507246377,2886
scene,GSI_MLC_PA_Logistic,0.35,1,0.07515657620041753,0.3757828810020877,0.020974837931636292,216,0.9248434237995825,2658,0.32950191570881227,86,261,0.0871955462769659,0.9391092553931802,0.7480862908837858,0.7602644398051496,0.8171134768185743,0.8171368861024033,0.029923451635351372,0.09672929714683376,0.09290187891440504,0.08699270645384594,0.0910088693133162,0.6274036662925552,86,0.39814814814814814,216,0.06583897667419113,0.9341610233258089,0.7502299295945964,0.7644683714670256,2874
scene,GSI_MLC_PA_Logistic,0.35,2,0.06624825662482567,0.34309623430962344,0.017056957988370487,190,0.9337517433751743,2678,0.313953488372093,81,258,0.0849023709902371,0.9382845188284519,0.74581589958159,0.7580195258019526,0.8173927886376638,0.8134878819810326,0.028242677824267814,0.09135285913528601,0.0882147838214784,0.0881360881691009,0.08912890762205827,0.6088095782256054,81,0.4263157894736842,190,0.0660941000746826,0.9339058999253174,0.7549504900512005,0.7617765814266487,2868
scene,GSI_MLC_PA_Logistic,0.35,3,0.08572404371584699,0.41598360655737704,0.020308765055560053,251,0.914275956284153,2677,0.3591549295774648,102,284,0.09216188524590163,0.9378415300546448,0.7291666666666666,0.7400956284153006,0.8099212819772709,0.8080168776371308,0.0348360655737705,0.11816939890710387,0.11714480874316946,0.10706247474734132,0.11208540012107082,0.5356050382366172,102,0.4063745019920319,251,0.06798655211057153,0.9320134478894284,0.7306108851157914,0.7429378531073446,2928
scene,GSI_MLC_PA_Logistic,0.35,4,0.07449757449757449,0.36382536382536385,0.022839273014812273,215,0.9255024255024255,2671,0.31338028169014087,89,284,0.09364171864171864,0.9324324324324325,0.7130977130977131,0.7227997227997227,0.7941620537295074,0.790547798066595,0.03083853083853083,0.09251559251559249,0.08939708939708924,0.09468276600235637,0.09857382843535856,0.5112999362999363,89,0.413953488372093,215,0.07300636465743167,0.9269936353425683,0.7285469179464865,0.7354138398914518,2886
scene,GSI_MLC_PA_Logistic,0.35,5,0.06791406791406791,0.35135135135135137,0.017843307070792073,196,0.932085932085932,2690,0.33884297520661155,82,242,0.07920997920997921,0.9445599445599445,0.7643797643797644,0.7754677754677755,0.8318658155062577,0.8305084745762712,0.028413028413028396,0.10117810117810122,0.09736659736659747,0.08718230873289023,0.08905548312327971,0.5133875051981678,82,0.41836734693877553,196,0.05947955390334572,0.9405204460966543,0.7799027474706252,0.7905759162303665,2886
scene,GSI_MLC_PA_Logistic,0.40,1,0.0511482254697286,0.267223382045929,0.020974837931636292,147,0.9488517745302714,2727,0.2222222222222222,58,261,0.09109255393180236,0.9293667362560891,0.7125956854558108,0.7247738343771746,0.7854891436867311,0.7856388595564942,0.02018093249826025,0.06123869171885876,0.05741127348643005,0.05536837332200273,0.059510842767407035,0.6110628422909125,58,0.3945578231292517,147,0.07444077741107444,0.9255592225889255,0.7437760994673747,0.750920245398773,2874
scene,GSI_MLC_PA_Logistic,0.40,2,0.0397489539748954,0.22384937238493724,0.017056957988370487,114,0.9602510460251046,2754,0.18604651162790697,48,258,0.0891213389121339,0.9267782426778243,0.7099023709902372,0.7255927475592747,0.7833871916170027,0.7789473684210526,0.01673640167364021,0.05543933054393324,0.05578800557880048,0.05413049114843971,0.05458839406207827,0.6149475524475524,48,0.42105263157894735,114,0.07625272331154684,0.9237472766884531,0.7418400779085398,0.7439024390243902,2868
scene,GSI_MLC_PA_Logistic,0.40,3,0.0546448087431694,0.29713114754098363,0.020308765055560053,160,0.9453551912568307,2768,0.24647887323943662,70,284,0.09494535519125682,0.9269125683060109,0.6902322404371585,0.701844262295082,0.7764256595386732,0.772823779193206,0.02390710382513661,0.07923497267759572,0.07889344262295084,0.0735668523087436,0.076892301677146,0.549139509915372,70,0.4375,160,0.0773121387283237,0.9226878612716763,0.7199380481078664,0.7242268041237113,2928
scene,GSI_MLC_PA_Logistic,0.40,4,0.04712404712404712,0.24532224532224534,0.022839273014812273,136,0.9528759528759528,2750,0.2007042253521127,57,284,0.0975051975051975,0.9213444213444213,0.6777546777546778,0.6874566874566875,0.7601262381712997,0.7545945945945945,0.01975051975051967,0.057172557172557203,0.05405405405405406,0.060646950444148584,0.06262062496335807,0.5056610056610057,57,0.41911764705882354,136,0.08254545454545455,0.9174545454545454,0.7171391897697642,0.7166042446941323,2886
scene,GSI_MLC_PA_Logistic,0.40,5,0.04365904365904366,0.2390852390852391,0.017843307070792073,126,0.9563409563409564,2760,0.22727272727272727,55,242,0.08225918225918226,0.9352044352044352,0.7318087318087318,0.743936243936244,0.8020354315854233,0.8008519701810437,0.019057519057519068,0.06860706860706867,0.06583506583506604,0.057351924812055866,0.05939897872805222,0.5596707214354274,55,0.4365079365079365,126,0.0677536231884058,0.9322463768115942,0.7654943370369787,0.7722289890377588,2886
scene,GSI_MLC_PA_Logistic,0.50,1,0.0,0.0,0.020974837931636292,0,1.0,2874,0.0,0,261,0.09081419624217119,0.9091858037578289,0.651356993736952,0.6673625608907445,0.7301207703647283,0.7261280167890871,0.0,0.0,0.0,0.0,0.0,,0,,0,0.09081419624217119,0.9091858037578289,0.7301207703647283,0.7261280167890871,2874
scene,GSI_MLC_PA_Logistic,0.50,2,0.0,0.0,0.017056957988370487,0,1.0,2868,0.0,0,258,0.0899581589958159,0.9100418410041841,0.654463040446304,0.6698047419804742,0.729256700468563,0.7243589743589743,0.0,0.0,0.0,0.0,0.0,,0,,0,0.0899581589958159,0.9100418410041841,0.729256700468563,0.7243589743589743,2868
scene,GSI_MLC_PA_Logistic,0.50,3,0.0,0.0,0.020308765055560053,0,1.0,2928,0.0,0,284,0.09699453551912568,0.9030054644808743,0.6109972677595628,0.6229508196721312,0.7028588072299295,0.69593147751606,0.0,0.0,0.0,0.0,0.0,,0,,0,0.09699453551912568,0.9030054644808743,0.7028588072299295,0.69593147751606,2928
scene,GSI_MLC_PA_Logistic,0.50,4,0.0,0.0,0.022839273014812273,0,1.0,2886,0.0,0,284,0.0984060984060984,0.9015939015939016,0.6205821205821206,0.6334026334026335,0.6994792877271511,0.6919739696312365,0.0,0.0,0.0,0.0,0.0,,0,,0,0.0984060984060984,0.9015939015939016,0.6994792877271511,0.6919739696312365,2886
scene,GSI_MLC_PA_Logistic,0.50,5,0.0,0.0,0.017843307070792073,0,1.0,2886,0.0,0,242,0.08385308385308385,0.9161469161469161,0.6632016632016632,0.678101178101178,0.7446835067733675,0.7414529914529915,0.0,0.0,0.0,0.0,0.0,,0,,0,0.08385308385308385,0.9161469161469161,0.7446835067733675,0.7414529914529915,2886
scene,GSI_MLC_PA_MLP,0.20,1,0.7863604732080723,1.0,0.06502199399736291,2260,0.21363952679192763,614,0.9881422924901185,500,506,0.1593597773138483,0.9979123173277662,0.9937369519832986,0.9958246346555324,0.9938673812378065,0.9942307692307693,0.17397355601948505,0.4453723034098819,0.3481558803061935,0.34452259214414027,0.3572149873082442,0.6009779694559552,500,0.22123893805309736,2260,0.009771986970684038,0.990228013029316,0.7869389611084362,0.96,2874
scene,GSI_MLC_PA_MLP,0.20,2,0.8165969316596932,1.0,0.0739662770862472,2342,0.18340306834030684,526,0.9807321772639692,509,519,0.16680613668061367,0.9965132496513249,0.9874476987447699,0.9902370990237098,0.989808429118774,0.9904030710172744,0.1774755927475592,0.438981868898187,0.3267782426778242,0.32240813789054823,0.3480874266340904,0.6379987527272449,509,0.21733561058923997,2342,0.019011406844106463,0.9809885931558935,0.6226190476190476,0.9333333333333333,2868
scene,GSI_MLC_PA_MLP,0.20,3,0.780396174863388,1.0,0.07744057870539531,2285,0.21960382513661203,643,0.9898477157360406,585,591,0.15812841530054644,0.9979508196721312,0.992827868852459,0.994535519125683,0.9936477339561511,0.9942084942084942,0.19979508196721318,0.47762978142076506,0.3703551912568306,0.37307976249686503,0.39005578154941856,0.5648038273602197,585,0.25601750547045954,2285,0.00933125972006221,0.9906687402799378,0.6331321075173534,0.9662921348314607,2928
scene,GSI_MLC_PA_MLP,0.20,4,0.796950796950797,1.0,0.07604759845923371,2300,0.20304920304920304,586,0.9683794466403162,490,506,0.16493416493416493,0.9944559944559944,0.9823284823284824,0.9875259875259875,0.9839029321401177,0.9847036328871893,0.16978516978516978,0.435897435897436,0.3437283437283438,0.34211667261549894,0.35297146403711654,0.6024881378531094,490,0.21304347826086956,2300,0.027303754266211604,0.9726962457337884,0.767476383265857,0.8933333333333333,2886
scene,GSI_MLC_PA_MLP,0.20,5,0.7976437976437977,1.0,0.08293916009638669,2302,0.20235620235620236,584,0.9533582089552238,511,536,0.1681912681912682,0.9913374913374914,0.974012474012474,0.9826749826749825,0.9761904761904763,0.9763481551561022,0.17706167706167708,0.4568607068607069,0.35959805959805946,0.34232294765798277,0.35811453692248396,0.6048206821457546,511,0.2219808861859253,2302,0.04280821917808219,0.9571917808219178,0.7297549083627182,0.8407643312101911,2886
scene,GSI_MLC_PA_MLP,0.25,1,0.7157272094641615,1.0,0.06502199399736291,2057,0.28427279053583854,817,0.9644268774703557,488,506,0.18519485038274183,0.9937369519832986,0.9798190675017397,0.9850382741823244,0.9820343923333956,0.982824427480916,0.16979819067501745,0.43145441892832304,0.33736951983298546,0.3326896032397294,0.34580864555839097,0.5598481399228997,488,0.23723869713174525,2057,0.022031823745410038,0.97796817625459,0.9430789281141393,0.9370629370629371,2874
scene,GSI_MLC_PA_MLP,0.25,2,0.7635983263598326,1.0,0.0739662770862472,2190,0.23640167364016737,678,0.9633911368015414,500,519,0.19752440725244072,0.9933751743375174,0.9762900976290096,0.9814504881450488,0.9813139019598885,0.9818529130850048,0.1743375174337517,0.42782426778242677,0.3179916317991631,0.3139136107316628,0.33953726870182077,0.6104305722336775,500,0.228310502283105,2190,0.028023598820058997,0.971976401179941,0.7776683861375253,0.9236947791164659,2868
scene,GSI_MLC_PA_MLP,0.25,3,0.7182377049180327,1.0,0.07744057870539531,2103,0.2817622950819672,825,0.9627749576988156,569,591,0.18707308743169399,0.9924863387978142,0.9723360655737705,0.9781420765027323,0.9777734928640504,0.9789272030651341,0.19433060109289624,0.4571379781420766,0.35396174863387986,0.35720552140476425,0.3747744904060585,0.5402228635319019,569,0.27056585829767,2103,0.02666666666666667,0.9733333333333334,0.7550782586383852,0.9172932330827067,2928
scene,GSI_MLC_PA_MLP,0.25,4,0.7328482328482329,1.0,0.07604759845923371,2115,0.26715176715176714,771,0.9347826086956522,473,506,0.19464656964656965,0.9885654885654885,0.9625779625779626,0.9708939708939709,0.9673290663653531,0.9686609686609686,0.1638946638946639,0.41614691614691623,0.3270963270963272,0.32554280684073433,0.33692879981089585,0.5761159664461774,473,0.22364066193853427,2115,0.042801556420233464,0.9571984435797666,0.7401474628655156,0.8735632183908046,2886
scene,GSI_MLC_PA_MLP,0.25,5,0.7217602217602218,1.0,0.08293916009638669,2083,0.27823977823977825,803,0.9216417910447762,494,536,0.19499306999307,0.9854469854469854,0.9553014553014553,0.9688149688149689,0.9612661167150397,0.9607476635514018,0.1711711711711711,0.43814968814968813,0.3457380457380458,0.3273985881825462,0.3425140453177836,0.5724559887312047,494,0.2371579452712434,2083,0.052303860523038606,0.9476961394769614,0.7278384640847402,0.85,2886
scene,GSI_MLC_PA_MLP,0.30,1,0.6297842727905358,1.0,0.06502199399736291,1810,0.37021572720946416,1064,0.8972332015810277,454,506,0.2070285316631872,0.9819067501739736,0.9418928322894919,0.955393180236604,0.950347092837036,0.9514018691588785,0.1579679888656924,0.39352818371607523,0.3077244258872651,0.3010023037433698,0.3143860872363534,0.5150726085508694,454,0.25082872928176797,1810,0.04887218045112782,0.9511278195488722,0.8991719662451371,0.8828828828828829,2874
scene,GSI_MLC_PA_MLP,0.30,2,0.6847977684797768,1.0,0.0739662770862472,1964,0.31520223152022314,904,0.9267822736030829,481,519,0.2186889818688982,0.9867503486750349,0.9543235704323569,0.9654114365411437,0.9641816379402064,0.9641509433962264,0.16771269177126913,0.40585774058577406,0.30195258019525806,0.29678134671198064,0.3218352990130424,0.553192516782442,481,0.24490835030549898,1964,0.0420353982300885,0.9579646017699115,0.9065174709112417,0.909952606635071,2868
scene,GSI_MLC_PA_MLP,0.30,3,0.6420765027322405,1.0,0.07744057870539531,1880,0.35792349726775957,1048,0.9238578680203046,546,591,0.20799180327868852,0.9846311475409836,0.9450136612021857,0.9558743169398907,0.9550288725742931,0.9572649572649573,0.1864754098360656,0.42981557377049173,0.3316939890710382,0.33446090111500704,0.35311224460588164,0.4885945910594159,546,0.2904255319148936,1880,0.042938931297709926,0.95706106870229,0.8969812992093197,0.8905109489051095,2928
scene,GSI_MLC_PA_MLP,0.30,4,0.6330561330561331,1.0,0.07604759845923371,1827,0.36694386694386694,1059,0.8853754940711462,448,506,0.21001386001386,0.9799029799029799,0.9348579348579348,0.9483021483021483,0.9455195882117473,0.9454887218045113,0.15523215523215528,0.38842688842688844,0.3045045045045046,0.30373332868712855,0.3137565529544385,0.5230514459323188,448,0.24521072796934865,1827,0.05476864966949953,0.9452313503305004,0.859321277222906,0.8605769230769231,2886
scene,GSI_MLC_PA_MLP,0.30,5,0.6271656271656272,0.9916839916839917,0.08293916009638669,1810,0.3728343728343728,1076,0.8638059701492538,463,536,0.21344421344421344,0.9747054747054748,0.91995841995842,0.9431739431739431,0.9357338128006568,0.9333333333333333,0.16042966042966045,0.40280665280665284,0.32009702009702,0.3018662842681633,0.3150997150997151,0.5201678441772022,463,0.2558011049723757,1810,0.06784386617100371,0.9321561338289963,0.8753280770664585,0.841648590021692,2886
scene,GSI_MLC_PA_MLP,0.35,1,0.511134307585247,0.9937369519832986,0.06502199399736291,1469,0.488865692414753,1405,0.83399209486166,422,506,0.20812456506610993,0.9707724425887265,0.9053583855254,0.9267919276270006,0.9215435342029704,0.9226519337016574,0.14683368128044538,0.35699373695198333,0.2791231732776617,0.2721987451093042,0.2856361517791324,0.4477381870942072,422,0.28727025187202176,1469,0.0597864768683274,0.9402135231316726,0.8585084362011667,0.8595317725752508,2874
scene,GSI_MLC_PA_MLP,0.35,2,0.5599721059972106,1.0,0.0739662770862472,1606,0.4400278940027894,1262,0.8477842003853564,440,519,0.2235355648535565,0.9724546722454672,0.9135285913528591,0.9357740585774059,0.927507641149136,0.9278538812785389,0.1534170153417015,0.36506276150627626,0.2723152022315203,0.2601073499209102,0.28553823689535485,0.49078873312533616,440,0.273972602739726,1606,0.06259904912836767,0.9374009508716323,0.8813452270729655,0.8744038155802861,2868
scene,GSI_MLC_PA_MLP,0.35,3,0.5338114754098361,0.9938524590163934,0.07744057870539531,1563,0.4661885245901639,1365,0.8477157360406091,501,591,0.2175717213114754,0.9692622950819673,0.8958333333333333,0.9189890710382513,0.9139409047603086,0.9171270718232044,0.17110655737704927,0.38063524590163933,0.29480874316939887,0.29337293330102254,0.31297435916412875,0.45157460731337107,501,0.32053742802303264,1563,0.06593406593406594,0.9340659340659341,0.848262009251087,0.8458904109589042,2928
scene,GSI_MLC_PA_MLP,0.35,4,0.5176715176715176,0.9937629937629938,0.07604759845923371,1494,0.48232848232848236,1392,0.8023715415019763,406,506,0.2158350658350658,0.9653499653499653,0.8905058905058906,0.9151767151767152,0.9092543385004337,0.9087591240875912,0.14067914067914067,0.34407484407484423,0.27137907137907147,0.2674680789758149,0.2770269552375184,0.46154506233211,406,0.2717536813922356,1494,0.07183908045977011,0.9281609195402298,0.8392875328586552,0.8293515358361775,2886
scene,GSI_MLC_PA_MLP,0.35,5,0.49861399861399863,0.9771309771309772,0.08293916009638669,1439,0.5013860013860014,1447,0.8003731343283582,429,536,0.21159043659043655,0.9629244629244629,0.8818433818433817,0.9147609147609148,0.9081916877893587,0.9042076991942704,0.14864864864864857,0.3646916146916146,0.29168399168399173,0.27432415925686515,0.28597408096065213,0.4720919080919081,429,0.29812369701181374,1439,0.07394609536973047,0.9260539046302695,0.8333896762868677,0.8225538971807629,2886
scene,GSI_MLC_PA_MLP,0.40,1,0.35768963117606123,0.9603340292275574,0.06502199399736291,1028,0.6423103688239388,1846,0.7193675889328063,364,506,0.19248434237995826,0.9505915100904663,0.8479471120389701,0.8826026443980515,0.8729523256793587,0.8732142857142857,0.12665274878218513,0.2995824634655534,0.23493389004871257,0.22360753658569243,0.23619850379176066,0.3637532149549056,364,0.3540856031128405,1028,0.07692307692307693,0.9230769230769231,0.8217356284124978,0.8197969543147208,2874
scene,GSI_MLC_PA_MLP,0.40,2,0.3915620641562064,0.9748953974895398,0.0739662770862472,1123,0.6084379358437936,1745,0.7263969171483622,377,519,0.20613668061366808,0.9504881450488145,0.8549511854951186,0.8945606694560668,0.8768859532380205,0.8758741258741258,0.13145048814504878,0.30648535564853574,0.2311018131101812,0.2094856620097948,0.23355848149094183,0.4157836068807292,377,0.3357079252003562,1123,0.08137535816618911,0.9186246418338109,0.832024020834422,0.8285024154589372,2868
scene,GSI_MLC_PA_MLP,0.40,3,0.3790983606557377,0.9344262295081968,0.07744057870539531,1110,0.6209016393442623,1818,0.7174280879864636,424,591,0.20867486338797814,0.942964480874317,0.8203551912568305,0.8640027322404371,0.8522249695739984,0.8544027898866609,0.14480874316939896,0.3051571038251366,0.23982240437158464,0.2316569981147123,0.2502500772275852,0.34701165247820875,424,0.38198198198198197,1110,0.09185918591859187,0.9081408140814081,0.806512409029588,0.8004778972520908,2928
scene,GSI_MLC_PA_MLP,0.40,4,0.3562023562023562,0.9501039501039501,0.07604759845923371,1028,0.6437976437976438,1858,0.658102766798419,333,506,0.20242550242550245,0.9400554400554401,0.8193000693000693,0.8610533610533609,0.8487813796606689,0.8483786152497809,0.11538461538461542,0.2728690228690229,0.21725571725571724,0.20699512013605015,0.2166464463997081,0.40609682146382414,333,0.3239299610894942,1028,0.09311087190527449,0.9068891280947255,0.7843278812485278,0.7767741935483871,2886
scene,GSI_MLC_PA_MLP,0.40,5,0.3367983367983368,0.9230769230769231,0.08293916009638669,972,0.6632016632016632,1914,0.6753731343283582,362,536,0.195010395010395,0.9397089397089398,0.8135828135828136,0.8625086625086624,0.8553401589905899,0.85,0.12543312543312546,0.29643104643104645,0.23943173943173934,0.2214726304580964,0.23176638176638176,0.39614396498642707,362,0.3724279835390947,972,0.09090909090909091,0.9090909090909091,0.7977454380414906,0.7862407862407862,2886
scene,GSI_MLC_PA_MLP,0.50,1,0.0,0.0,0.06502199399736291,0,1.0,2874,0.0,0,506,0.17606123869171886,0.8239387613082811,0.5483646485734167,0.6476687543493389,0.6493447890936662,0.6370157819225251,0.0,0.0,0.0,0.0,0.0,,0,,0,0.17606123869171886,0.8239387613082811,0.6493447890936662,0.6370157819225251,2874
scene,GSI_MLC_PA_MLP,0.50,2,0.0,0.0,0.0739662770862472,0,1.0,2868,0.0,0,519,0.1809623430962343,0.8190376569037657,0.5484658298465829,0.6634588563458856,0.6674002912282258,0.642315644383184,0.0,0.0,0.0,0.0,0.0,,0,,0,0.1809623430962343,0.8190376569037657,0.6674002912282258,0.642315644383184,2868
scene,GSI_MLC_PA_MLP,0.50,3,0.0,0.0,0.07744057870539531,0,1.0,2928,0.0,0,591,0.20184426229508196,0.798155737704918,0.5151980874316939,0.6241803278688525,0.6205679714592861,0.6041527126590757,0.0,0.0,0.0,0.0,0.0,,0,,0,0.20184426229508196,0.798155737704918,0.6205679714592861,0.6041527126590757,2928
scene,GSI_MLC_PA_MLP,0.50,4,0.0,0.0,0.07604759845923371,0,1.0,2886,0.0,0,506,0.17532917532917533,0.8246708246708246,0.5464310464310463,0.6437976437976437,0.6417862595246188,0.6317321688500728,0.0,0.0,0.0,0.0,0.0,,0,,0,0.17532917532917533,0.8246708246708246,0.6417862595246188,0.6317321688500728,2886
scene,GSI_MLC_PA_MLP,0.50,5,0.0,0.0,0.08293916009638669,0,1.0,2886,0.0,0,536,0.18572418572418573,0.8142758142758143,0.5171517671517671,0.6230769230769231,0.6338675285324935,0.6182336182336182,0.0,0.0,0.0,0.0,0.0,,0,,0,0.18572418572418573,0.8142758142758143,0.6338675285324935,0.6182336182336182,2886
scene,MLC_PA_SVM,0.20,1,0.24008350730688935,0.8580375782881002,0.030127747771338444,690,0.7599164926931107,2184,0.6915887850467289,222,321,0.08246346555323593,0.965553235908142,0.8288100208768268,0.8350730688935282,0.8936048874655002,0.8958990536277602,0.0772442588726514,0.34864300626304806,0.34168406402226864,0.28894652363907325,0.28404899316826804,0.5920946487195282,222,0.3217391304347826,690,0.04532967032967033,0.9546703296703297,0.5095926544756954,0.6796116504854369,2874
scene,MLC_PA_SVM,0.20,2,0.23430962343096234,0.8410041841004184,0.023461147847989524,672,0.7656903765690377,2196,0.7422360248447205,239,322,0.07580195258019527,0.9710599721059973,0.8563458856345887,0.8643654114365411,0.9143874402483375,0.9139896373056995,0.08333333333333337,0.3643654114365412,0.3615760111576011,0.31371425699714073,0.3028785261945883,0.5666911808567902,239,0.3556547619047619,672,0.0377959927140255,0.9622040072859745,0.5636879736177273,0.7331189710610932,2868
scene,MLC_PA_SVM,0.20,3,0.23394808743169399,0.8340163934426229,0.027707821460965083,685,0.766051912568306,2243,0.6873065015479877,222,323,0.08128415300546449,0.9655054644808743,0.8125,0.816256830601093,0.8913337265644682,0.8924387646432375,0.07581967213114749,0.3422131147540984,0.3374316939890711,0.2939674575176605,0.2887577830481455,0.566695845128644,222,0.32408759124087594,685,0.04502897904592064,0.9549710209540794,0.5617782157470322,0.7020648967551623,2928
scene,MLC_PA_SVM,0.20,4,0.22834372834372835,0.8274428274428275,0.03260465769336305,659,0.7716562716562717,2227,0.6696165191740413,227,339,0.08447678447678449,0.9611919611919612,0.8115038115038116,0.8215523215523216,0.8807896760102643,0.8823529411764706,0.0786555786555786,0.33575883575883586,0.33264033264033266,0.29128971029713135,0.287370862323424,0.5192440775841832,227,0.34446130500758726,659,0.05029187247418051,0.9497081275258195,0.5693205305187273,0.6939890710382514,2886
scene,MLC_PA_SVM,0.20,5,0.24358974358974358,0.8503118503118503,0.02598849217168443,703,0.7564102564102564,2183,0.7476923076923077,243,325,0.07713097713097714,0.9715869715869716,0.8634788634788636,0.8700623700623701,0.9149926771079304,0.9147609147609148,0.08419958419958418,0.392931392931393,0.3891198891198892,0.323361663267254,0.31451491230089024,0.5298267352628268,243,0.3456614509246088,703,0.03756298671552909,0.962437013284471,0.6032071289404738,0.740506329113924,2886
scene,MLC_PA_SVM,0.25,1,0.18754349338900486,0.7682672233820459,0.030127747771338444,539,0.8124565066109951,2335,0.6261682242990654,201,321,0.08863952679192763,0.9582463465553236,0.7922755741127349,0.7988865692414754,0.8714768229542317,0.8717948717948718,0.06993736951983298,0.31210855949895616,0.30549756437021586,0.2668184591278048,0.2599448113353796,0.5785477638106135,201,0.37291280148423006,539,0.05139186295503212,0.9486081370449679,0.5347936420169296,0.6739130434782609,2874
scene,MLC_PA_SVM,0.25,2,0.1806136680613668,0.7510460251046025,0.023461147847989524,518,0.8193863319386332,2350,0.6614906832298136,213,322,0.08315899581589958,0.9619944211994421,0.8092747559274757,0.8169456066945606,0.8855218499541756,0.8841657810839533,0.07426778242677823,0.3172942817294282,0.3141562064156206,0.2848486667029788,0.2730546699728421,0.5603748662386302,213,0.4111969111969112,518,0.04638297872340426,0.9536170212765958,0.5787873453933999,0.7108753315649867,2868
scene,MLC_PA_SVM,0.25,3,0.1758879781420765,0.7418032786885246,0.027707821460965083,515,0.8241120218579235,2413,0.5851393188854489,189,323,0.0897370218579235,0.9542349726775956,0.7520491803278688,0.7575136612021857,0.8522632339928466,0.8527472527472527,0.06454918032786883,0.2817622950819672,0.27868852459016374,0.254896964946039,0.24906627115216073,0.5688133918018976,189,0.36699029126213595,515,0.055532532117695814,0.9444674678823042,0.5528245904694783,0.6731707317073171,2928
scene,MLC_PA_SVM,0.25,4,0.17636867636867637,0.735966735966736,0.03260465769336305,509,0.8236313236313236,2377,0.5811209439528023,197,339,0.0932952182952183,0.9507969507969508,0.7614345114345115,0.7714483714483714,0.8465839259910625,0.8469827586206896,0.06826056826056826,0.28568953568953576,0.28253638253638247,0.25708396027792957,0.25200067976764307,0.51197281078785,197,0.38703339882121807,509,0.059739167017248636,0.9402608329827513,0.5735099876776744,0.6682242990654206,2886
scene,MLC_PA_SVM,0.25,5,0.18884268884268884,0.7692307692307693,0.02598849217168443,545,0.8111573111573112,2341,0.6184615384615385,201,325,0.09017671517671517,0.957033957033957,0.7955647955647956,0.8024948024948025,0.8672214119270484,0.8675213675213675,0.06964656964656957,0.32501732501732505,0.32155232155232166,0.275590398086372,0.267275365061343,0.5259399968372866,201,0.3688073394495413,545,0.05296881674498078,0.9470311832550192,0.5789125177211969,0.6915422885572139,2886
scene,MLC_PA_SVM,0.30,1,0.14265831593597772,0.6722338204592901,0.030127747771338444,410,0.8573416840640222,2464,0.5171339563862928,166,321,0.09672929714683368,0.9460681976339597,0.7296450939457203,0.7376478775226166,0.8291105583646711,0.8294829482948295,0.05775922059846905,0.2494780793319416,0.2442588726513571,0.22445219453824417,0.2176328878353373,0.5685512296723544,166,0.40487804878048783,410,0.06290584415584416,0.9370941558441559,0.5552353486605872,0.656319290465632,2874
scene,MLC_PA_SVM,0.30,2,0.13423988842398885,0.6338912133891214,0.023461147847989524,385,0.8657601115760112,2483,0.5403726708074534,174,322,0.09187587168758717,0.9483960948396095,0.742329149232915,0.752092050209205,0.8382747135007843,0.8373626373626374,0.060669456066945626,0.2503486750348676,0.24930264993026496,0.23760153024958752,0.22625152625152622,0.5590185426767135,174,0.45194805194805193,385,0.05960531614981877,0.9403946838501812,0.5822041412762922,0.6754385964912281,2868
scene,MLC_PA_SVM,0.30,3,0.12978142076502733,0.6127049180327869,0.027707821460965083,380,0.8702185792349727,2548,0.48297213622291024,156,323,0.09596994535519125,0.942964480874317,0.6967213114754098,0.7021857923497267,0.8107301639347035,0.81214848143982,0.05327868852459017,0.2264344262295082,0.22336065573770475,0.21336389488789587,0.208467499844728,0.5624811039456349,156,0.4105263157894737,380,0.06554160125588697,0.9344583987441131,0.5645583680725793,0.6556701030927835,2928
scene,MLC_PA_SVM,0.30,4,0.13305613305613306,0.6216216216216216,0.03260465769336305,384,0.8669438669438669,2502,0.46017699115044247,156,339,0.10332640332640335,0.9365904365904366,0.6855509355509356,0.6959112959112959,0.7965554455514295,0.7955307262569833,0.05405405405405406,0.2098059598059599,0.2069993069993069,0.20705547983829664,0.20054864740393674,0.5061978475600767,156,0.40625,384,0.07314148681055156,0.9268585131894485,0.5730370932673564,0.6390532544378699,2886
scene,MLC_PA_SVM,0.30,5,0.14241164241164242,0.6486486486486487,0.02598849217168443,411,0.8575883575883576,2475,0.5046153846153846,164,325,0.09851004851004849,0.9442134442134442,0.7293832293832294,0.7376992376992377,0.8229094466317087,0.8224917309812569,0.05682605682605679,0.2588357588357588,0.25675675675675685,0.23127843279103233,0.22224572852123237,0.5327676121285341,164,0.39902676399026765,411,0.06505050505050505,0.934949494949495,0.5748380700463017,0.6567164179104478,2886
scene,MLC_PA_SVM,0.35,1,0.11099512874043145,0.5594989561586639,0.030127747771338444,319,0.8890048712595685,2555,0.42990654205607476,138,321,0.10252261656228252,0.9363256784968684,0.6764091858037579,0.6847599164926931,0.7921203166697143,0.7932203389830509,0.04801670146137782,0.19624217118997916,0.19137091162143355,0.18746195284328737,0.1813702785235587,0.5653836254694121,138,0.43260188087774293,319,0.07162426614481408,0.9283757338551859,0.5672140331548448,0.6473988439306358,2874
scene,MLC_PA_SVM,0.35,2,0.09658298465829847,0.5125523012552301,0.023461147847989524,277,0.9034170153417015,2591,0.41304347826086957,133,322,0.09970362622036259,0.9341004184100419,0.6684100418410042,0.6799163179916318,0.7854675413823368,0.7854710556186152,0.04637377963737799,0.1764295676429567,0.17712691771269173,0.18479435813113998,0.17435994450750403,0.5673174462844767,133,0.48014440433212996,277,0.0729448089540718,0.9270551910459282,0.5903655052860702,0.6454033771106942,2868
scene,MLC_PA_SVM,0.35,3,0.09084699453551913,0.4713114754098361,0.027707821460965083,266,0.9091530054644809,2662,0.3560371517027864,115,323,0.1028346994535519,0.9289617486338798,0.6290983606557377,0.635928961748634,0.7566489154727823,0.7575757575757576,0.039275956284153035,0.15881147540983603,0.15710382513661209,0.15928264642597467,0.1538947759806656,0.5750549000726711,115,0.4323308270676692,266,0.0781367392937641,0.9218632607062359,0.5674204443313379,0.6272401433691757,2928
scene,MLC_PA_SVM,0.35,4,0.10048510048510048,0.5031185031185031,0.03260465769336305,290,0.8995148995148995,2596,0.3480825958702065,118,339,0.11174636174636172,0.9234234234234234,0.6335758835758836,0.6460152460152461,0.7502504131802294,0.7491486946651532,0.04088704088704087,0.15783090783090786,0.15710325710325712,0.16075044746709655,0.15416661581210667,0.5305969573780144,118,0.4068965517241379,290,0.08513097072419107,0.9148690292758089,0.5679323995412943,0.6143106457242583,2886
scene,MLC_PA_SVM,0.35,5,0.10187110187110188,0.501039501039501,0.02598849217168443,294,0.8981288981288982,2592,0.4,130,325,0.10322245322245321,0.9324324324324325,0.6701316701316702,0.6794871794871795,0.7785395191106855,0.7791619479048698,0.04504504504504503,0.1995841995841996,0.19854469854469864,0.18690850527000913,0.17891594544484524,0.5117715617715617,130,0.4421768707482993,294,0.07523148148148148,0.9247685185185185,0.5953219871952654,0.6460980036297641,2886
scene,MLC_PA_SVM,0.40,1,0.07654836464857341,0.4091858037578288,0.030127747771338444,220,0.9234516353514266,2654,0.3052959501557632,98,321,0.10821155184411971,0.9224077940153097,0.6137787056367432,0.6228253305497564,0.7374662782815165,0.7391812865497076,0.03409881697981909,0.1336116910229645,0.1294363256784969,0.13280791445508955,0.1273312260902154,0.5561980347694633,98,0.44545454545454544,220,0.0840241145440844,0.9159758854559156,0.5718959915821099,0.6289517470881864,2874
scene,MLC_PA_SVM,0.40,2,0.06450488145048815,0.3577405857740586,0.023461147847989524,185,0.9354951185495118,2683,0.2826086956521739,91,322,0.10634588563458856,0.9194560669456067,0.6063458856345886,0.6188981868898187,0.7287723377901084,0.7317073170731707,0.031729428172942775,0.11436541143654111,0.11610878661087864,0.12809915453891163,0.12059620596205956,0.5552937983252686,91,0.4918918918918919,185,0.08609765188222139,0.9139023481177786,0.5901031368953349,0.6292134831460674,2868
scene,MLC_PA_SVM,0.40,3,0.05942622950819672,0.3135245901639344,0.027707821460965083,174,0.9405737704918032,2754,0.2260061919504644,73,323,0.10915300546448088,0.9146174863387978,0.5614754098360656,0.5703551912568305,0.698544823453917,0.7009569377990431,0.024931693989071024,0.09118852459016397,0.09153005464480862,0.10117855440710932,0.09727595620395113,0.6122331925417225,73,0.41954022988505746,174,0.09077705156136529,0.9092229484386347,0.5619529114379521,0.6031746031746031,2928
scene,MLC_PA_SVM,0.40,4,0.06687456687456687,0.3575883575883576,0.03260465769336305,193,0.9331254331254332,2693,0.24188790560471976,82,339,0.11580041580041579,0.910949410949411,0.5816008316008316,0.5940401940401939,0.7015250681039883,0.7015098722415796,0.028413028413028396,0.10585585585585594,0.10512820512820498,0.11202510239085539,0.10652779338853302,0.5602772470610701,82,0.42487046632124353,193,0.0954326030449313,0.9045673969550687,0.5716888232227367,0.6027820710973725,2886
scene,MLC_PA_SVM,0.40,5,0.06652806652806653,0.3575883575883576,0.02598849217168443,192,0.9334719334719335,2694,0.30153846153846153,98,325,0.10526680526680529,0.9213444213444213,0.6233541233541234,0.6323631323631322,0.7342697288939529,0.7375722543352601,0.033957033957033866,0.15280665280665284,0.15142065142065136,0.14263871505327652,0.1373262518752355,0.456103111552466,98,0.5104166666666666,192,0.08426132145508537,0.9157386785449146,0.6014791289568477,0.6368,2886
scene,MLC_PA_SVM,0.50,1,0.0,0.0,0.030127747771338444,0,1.0,2874,0.0,0,321,0.11169102296450939,0.8883089770354906,0.4801670146137787,0.49338900487125953,0.6046583638264269,0.6118500604594922,0.0,0.0,0.0,0.0,0.0,,0,,0,0.11169102296450939,0.8883089770354906,0.6046583638264269,0.6118500604594922,2874
scene,MLC_PA_SVM,0.50,2,0.0,0.0,0.023461147847989524,0,1.0,2868,0.0,0,322,0.11227336122733612,0.8877266387726639,0.49198047419804747,0.50278940027894,0.6006731832511968,0.6111111111111112,0.0,0.0,0.0,0.0,0.0,,0,,0,0.11227336122733612,0.8877266387726639,0.6006731832511968,0.6111111111111112,2868
scene,MLC_PA_SVM,0.50,3,0.0,0.0,0.027707821460965083,0,1.0,2928,0.0,0,323,0.11031420765027322,0.8896857923497268,0.4702868852459016,0.4788251366120219,0.5973662690468077,0.603680981595092,0.0,0.0,0.0,0.0,0.0,,0,,0,0.11031420765027322,0.8896857923497268,0.5973662690468077,0.603680981595092,2928
scene,MLC_PA_SVM,0.50,4,0.0,0.0,0.03260465769336305,0,1.0,2886,0.0,0,339,0.11746361746361747,0.8825363825363826,0.4757449757449757,0.48891198891198895,0.5894999657131329,0.5949820788530465,0.0,0.0,0.0,0.0,0.0,,0,,0,0.11746361746361747,0.8825363825363826,0.5894999657131329,0.5949820788530465,2886
scene,MLC_PA_SVM,0.50,5,0.0,0.0,0.02598849217168443,0,1.0,2886,0.0,0,325,0.11261261261261261,0.8873873873873874,0.4705474705474706,0.4809424809424809,0.5916310138406764,0.6002460024600246,0.0,0.0,0.0,0.0,0.0,,0,,0,0.11261261261261261,0.8873873873873874,0.5916310138406764,0.6002460024600246,2886
scene,GSI_MLC_PA_SVM,0.20,1,0.18510786360473208,0.7139874739039666,0.03280831285551809,532,0.8148921363952679,2342,0.6126984126984127,193,315,0.07947112038970078,0.9575504523312457,0.8215031315240083,0.8295059151009048,0.8700301738404081,0.8744855967078189,0.06715379262352128,0.25504523312456506,0.25017397355601956,0.22324865082937695,0.22255189505036033,0.5360662780182518,193,0.36278195488721804,532,0.05209222886421862,0.9479077711357814,0.6123839472571538,0.7520325203252033,2874
scene,GSI_MLC_PA_SVM,0.20,2,0.1896792189679219,0.7384937238493724,0.023327900883237017,544,0.810320781032078,2324,0.6589403973509934,199,302,0.07384937238493726,0.9640864714086471,0.8389121338912134,0.8479776847977685,0.8970113173096412,0.893923789907312,0.0693863319386332,0.28207810320781046,0.27894002789400274,0.24606228004949238,0.23710560808913017,0.5735458323421998,199,0.36580882352941174,544,0.04432013769363167,0.9556798623063684,0.6221917762415108,0.7444168734491315,2868
scene,GSI_MLC_PA_SVM,0.20,3,0.20560109289617487,0.7254098360655737,0.02780635029383585,602,0.7943989071038251,2326,0.6417445482866043,206,321,0.08039617486338799,0.960724043715847,0.8066939890710382,0.8121584699453551,0.8785819736914499,0.8795811518324608,0.07035519125683054,0.2776639344262295,0.2739071038251365,0.2541608538144644,0.2481230576877994,0.5153542628882583,206,0.34219269102990035,602,0.049441100601891656,0.9505588993981083,0.6172430510665804,0.7547974413646056,2928
scene,GSI_MLC_PA_SVM,0.20,4,0.19854469854469856,0.7068607068607069,0.02818721825674304,573,0.8014553014553014,2313,0.610738255033557,182,298,0.07990297990297991,0.9598059598059598,0.818087318087318,0.8267498267498267,0.877957945999304,0.8794178794178794,0.06306306306306309,0.2422037422037422,0.23977823977823964,0.21540635333837943,0.2157609945420329,0.554749735999736,182,0.31762652705061084,573,0.05015131863380891,0.949848681366191,0.6215711915460216,0.7542372881355932,2886
scene,GSI_MLC_PA_SVM,0.20,5,0.18364518364518365,0.6943866943866944,0.025640039350387885,530,0.8163548163548163,2356,0.624113475177305,176,282,0.07345807345807347,0.9632709632709633,0.83991683991684,0.8499653499653499,0.8902783445822369,0.8907216494845361,0.06098406098406106,0.24497574497574515,0.24497574497574492,0.20934773285495556,0.2068651472423837,0.5560894660894661,176,0.3320754716981132,530,0.04499151103565365,0.9550084889643463,0.7096374797001964,0.7827868852459017,2886
scene,GSI_MLC_PA_SVM,0.25,1,0.1454418928322895,0.6325678496868476,0.03280831285551809,418,0.8545581071677105,2456,0.5142857142857142,162,315,0.0895963813500348,0.9467640918580376,0.7734864300626305,0.7835768963117606,0.8376265730455815,0.8397905759162304,0.056367432150313146,0.20702853166318724,0.20424495476687543,0.19084505003455032,0.18785687425877184,0.5222596188214257,162,0.3875598086124402,418,0.06229641693811075,0.9377035830618893,0.61398979952361,0.7262969588550984,2874
scene,GSI_MLC_PA_SVM,0.25,2,0.14958158995815898,0.6527196652719666,0.023327900883237017,429,0.850418410041841,2439,0.5463576158940397,165,302,0.08516387726638773,0.952231520223152,0.7771966527196653,0.7866108786610879,0.8570232894063712,0.8544102019128587,0.05753138075313813,0.22036262203626233,0.2175732217573222,0.20607425214622233,0.1975920200946768,0.5963250268928655,165,0.38461538461538464,429,0.05617056170561706,0.9438294382943829,0.6181989889083711,0.7066381156316917,2868
scene,GSI_MLC_PA_SVM,0.25,3,0.16120218579234974,0.6618852459016393,0.02780635029383585,472,0.8387978142076503,2456,0.5669781931464174,182,321,0.08777322404371585,0.9525273224043715,0.7718579234972677,0.7786885245901639,0.8518159188081739,0.8522848034006376,0.06215846994535512,0.242827868852459,0.2404371584699453,0.2273947989311884,0.22082670925597625,0.5255311022915379,182,0.3855932203389831,472,0.056596091205211724,0.9434039087947883,0.6075678771358528,0.7269155206286837,2928
scene,GSI_MLC_PA_SVM,0.25,4,0.15315315315315314,0.6299376299376299,0.02818721825674304,442,0.8468468468468469,2444,0.5268456375838926,157,298,0.08714483714483715,0.9511434511434511,0.7723492723492723,0.7803187803187803,0.849321345984587,0.8498402555910544,0.05440055440055436,0.19646569646569645,0.1933471933471933,0.1867697533236624,0.18618337071520785,0.5146553885088726,157,0.3552036199095023,442,0.057692307692307696,0.9423076923076923,0.6431372534152575,0.7403314917127072,2886
scene,GSI_MLC_PA_SVM,0.25,5,0.1469161469161469,0.6195426195426196,0.025640039350387885,424,0.853083853083853,2462,0.5319148936170213,150,282,0.08246708246708247,0.9542619542619543,0.7993762993762994,0.811157311157311,0.8619631823152201,0.8625,0.05197505197505203,0.20443520443520458,0.20616770616770608,0.18103257058793876,0.1786434977578476,0.5560647892037345,150,0.35377358490566035,424,0.05361494719740049,0.9463850528025995,0.6869994495358949,0.7591240875912408,2886
scene,GSI_MLC_PA_SVM,0.30,1,0.10751565762004175,0.5198329853862212,0.03280831285551809,309,0.8924843423799582,2565,0.42857142857142855,135,315,0.09488517745302712,0.9373695198329854,0.7286012526096033,0.7383437717466944,0.8065615378484098,0.8081023454157783,0.04697286012526103,0.16214335421016002,0.1590118302018092,0.15978001483737858,0.15616864375831974,0.4914095216355103,135,0.4368932038834951,309,0.07017543859649122,0.9298245614035088,0.6428426473793549,0.7151898734177216,2874
scene,GSI_MLC_PA_SVM,0.30,2,0.11610878661087866,0.5669456066945606,0.023327900883237017,333,0.8838912133891214,2535,0.4470198675496689,135,302,0.09306136680613668,0.941771269177127,0.7332635983263598,0.7447698744769874,0.8215353821129819,0.8194594594594594,0.047071129707113024,0.1764295676429568,0.17573221757322166,0.17058634485283308,0.16264127764127756,0.606555726550771,135,0.40540540540540543,333,0.06587771203155819,0.9341222879684418,0.6209685293689993,0.6878504672897197,2868
scene,GSI_MLC_PA_SVM,0.30,3,0.1212431693989071,0.5491803278688525,0.02780635029383585,355,0.8787568306010929,2573,0.470404984423676,151,321,0.09443306010928962,0.9419398907103825,0.7257513661202185,0.7336065573770492,0.8153928774543305,0.816414686825054,0.05157103825136611,0.19672131147540983,0.19535519125683054,0.19097175757734508,0.18495659268039266,0.5017199564567986,151,0.4253521126760563,355,0.06607073455110765,0.9339292654488923,0.6147203693590008,0.7058823529411765,2928
scene,GSI_MLC_PA_SVM,0.30,4,0.11711711711711711,0.5280665280665281,0.02818721825674304,338,0.8828828828828829,2548,0.412751677852349,123,298,0.09577269577269576,0.9393624393624393,0.7276507276507277,0.7366597366597366,0.8121746146345089,0.8112189859762675,0.042619542619542594,0.15176715176715183,0.14968814968814959,0.14962302197358435,0.147562101100421,0.512428312382463,123,0.363905325443787,338,0.06868131868131869,0.9313186813186813,0.6364276799155912,0.7126436781609196,2886
scene,GSI_MLC_PA_SVM,0.30,5,0.11295911295911296,0.5114345114345115,0.025640039350387885,326,0.887040887040887,2560,0.42907801418439717,121,282,0.08967428967428968,0.9442134442134442,0.7581427581427582,0.7699237699237699,0.8300379908224619,0.8292682926829268,0.041926541926541994,0.1632016632016634,0.1649341649341649,0.14910737909518057,0.14541179044077435,0.5544609093705332,121,0.37116564417177916,326,0.062890625,0.937109375,0.6867972548174084,0.7373572593800979,2886
scene,GSI_MLC_PA_SVM,0.35,1,0.07759220598469033,0.4175365344467641,0.03280831285551809,223,0.9224077940153097,2651,0.326984126984127,103,315,0.10092205984690325,0.9262352122477383,0.6833681280445372,0.6927627000695894,0.7685566335470062,0.7700650759219089,0.03583855254001389,0.1169102296450939,0.11343075852470419,0.121775110535975,0.1181313742644503,0.47751038251434247,103,0.4618834080717489,223,0.07996982270841192,0.9200301772915881,0.6318245558612641,0.6918604651162791,2874
scene,GSI_MLC_PA_SVM,0.35,2,0.08054393305439331,0.4330543933054393,0.023327900883237017,231,0.9194560669456067,2637,0.31788079470198677,96,302,0.10001743375174336,0.9281729428172942,0.6858437935843793,0.6956066945606695,0.776277900810305,0.7736263736263737,0.03347280334728031,0.12900976290097632,0.12656903765690375,0.12532886355015616,0.1168081918081918,0.6299901087000738,96,0.4155844155844156,231,0.07811907470610542,0.9218809252938945,0.6164545770466215,0.6655844155844156,2868
scene,GSI_MLC_PA_SVM,0.35,3,0.08743169398907104,0.44672131147540983,0.02780635029383585,256,0.912568306010929,2672,0.3644859813084112,117,321,0.10027322404371586,0.930327868852459,0.6714480874316939,0.680327868852459,0.7730805792928285,0.7743362831858407,0.03995901639344257,0.14241803278688525,0.14207650273224037,0.14865945941584302,0.14287818904117933,0.4791759316955286,117,0.45703125,256,0.07634730538922156,0.9236526946107785,0.6255510562924453,0.6861538461538461,2928
scene,GSI_MLC_PA_SVM,0.35,4,0.08835758835758836,0.43451143451143454,0.02818721825674304,255,0.9116424116424117,2631,0.2953020134228188,88,298,0.10369022869022869,0.9272349272349272,0.6794871794871794,0.6898821898821899,0.7694551974859184,0.7687224669603524,0.03049203049203042,0.10360360360360354,0.10291060291060283,0.10690360482499384,0.10506558208450589,0.5488981915816163,88,0.34509803921568627,255,0.07981755986316989,0.9201824401368301,0.6354243060958652,0.6865671641791045,2886
scene,GSI_MLC_PA_SVM,0.35,5,0.07796257796257797,0.3866943866943867,0.025640039350387885,225,0.922037422037422,2661,0.30141843971631205,85,282,0.09554747054747055,0.9317394317394317,0.7054747054747056,0.7169092169092169,0.7858788460235814,0.7865655471289275,0.02945252945252952,0.11053361053361077,0.11191961191961197,0.10494823429630007,0.10270904488677501,0.5466632847229862,85,0.37777777777777777,225,0.07403231867718903,0.9259676813228109,0.6822770060225438,0.714078374455733,2886
scene,GSI_MLC_PA_SVM,0.40,1,0.05219206680584551,0.2964509394572025,0.03280831285551809,150,0.9478079331941545,2724,0.23174603174603176,73,315,0.10508002783576899,0.9157967988865693,0.6489213639526792,0.6600556715379261,0.732082388921341,0.7352297592997812,0.02540013917884487,0.08246346555323592,0.0807237299930409,0.08530086591030983,0.08329605764232262,0.5115880094140963,73,0.4866666666666667,150,0.08883994126284875,0.9111600587371512,0.6334465827619278,0.6738544474393531,2874
scene,GSI_MLC_PA_SVM,0.40,2,0.051952580195258016,0.29497907949790797,0.023327900883237017,149,0.9480474198047419,2719,0.19536423841059603,59,302,0.10550906555090657,0.9152719665271967,0.6419107391910739,0.652370990237099,0.7283342275573736,0.730299667036626,0.020571827057182746,0.0850767085076709,0.08333333333333326,0.07738519029722479,0.07348148521844411,0.6780923491742502,59,0.3959731543624161,149,0.0893710923133505,0.9106289076866495,0.6157507302520103,0.6513629842180775,2868
scene,GSI_MLC_PA_SVM,0.40,3,0.054986338797814206,0.30327868852459017,0.02780635029383585,161,0.9450136612021858,2767,0.2398753894080997,77,321,0.10532786885245901,0.9166666666666666,0.6191939890710382,0.6290983606557377,0.7212531703624355,0.7252252252252253,0.026297814207650205,0.0901639344262295,0.09084699453551903,0.09683205048545007,0.09376713108056389,0.5113183113183113,77,0.4782608695652174,161,0.08818214672930973,0.9118178532706903,0.6189132540524749,0.6611111111111111,2928
scene,GSI_MLC_PA_SVM,0.40,4,0.05544005544005544,0.30145530145530147,0.02818721825674304,160,0.9445599445599445,2726,0.174496644295302,52,298,0.10741510741510742,0.9147609147609148,0.6361746361746362,0.6465696465696466,0.726230116774305,0.7260579064587973,0.018018018018018056,0.06029106029106035,0.05959805959805953,0.06367852411338049,0.0624010215829508,0.641198163538589,52,0.325,160,0.09024211298606016,0.9097578870139398,0.6337730450091421,0.6657608695652174,2886
scene,GSI_MLC_PA_SVM,0.40,5,0.05266805266805267,0.2765072765072765,0.025640039350387885,152,0.9473319473319474,2734,0.22340425531914893,63,282,0.09695079695079696,0.9241164241164241,0.6753291753291754,0.6871101871101871,0.7573479765507426,0.76013143483023,0.021829521829521914,0.08038808038808054,0.08212058212058215,0.07641736482346129,0.0762749325880776,0.4921205138947074,63,0.4144736842105263,152,0.08010241404535479,0.9198975859546452,0.6823247649949248,0.7052489905787349,2886
scene,GSI_MLC_PA_SVM,0.50,1,0.0,0.0,0.03280831285551809,0,1.0,2874,0.0,0,315,0.10960334029227557,0.8903966597077244,0.5664578983994433,0.5793319415448852,0.6467815230110312,0.6519337016574586,0.0,0.0,0.0,0.0,0.0,,0,,0,0.10960334029227557,0.8903966597077244,0.6467815230110312,0.6519337016574586,2874
scene,GSI_MLC_PA_SVM,0.50,2,0.0,0.0,0.023327900883237017,0,1.0,2868,0.0,0,302,0.10529986052998605,0.8947001394700139,0.556834030683403,0.5690376569037657,0.6509490372601489,0.6568181818181819,0.0,0.0,0.0,0.0,0.0,,0,,0,0.10529986052998605,0.8947001394700139,0.6509490372601489,0.6568181818181819,2868
scene,GSI_MLC_PA_SVM,0.50,3,0.0,0.0,0.02780635029383585,0,1.0,2928,0.0,0,321,0.1096311475409836,0.8903688524590164,0.5290300546448087,0.5382513661202186,0.6244211198769855,0.6314580941446614,0.0,0.0,0.0,0.0,0.0,,0,,0,0.1096311475409836,0.8903688524590164,0.6244211198769855,0.6314580941446614,2928
scene,GSI_MLC_PA_SVM,0.50,4,0.0,0.0,0.02818721825674304,0,1.0,2886,0.0,0,298,0.10325710325710326,0.8967428967428968,0.5758835758835759,0.586971586971587,0.6625515926609246,0.6636568848758465,0.0,0.0,0.0,0.0,0.0,,0,,0,0.10325710325710326,0.8967428967428968,0.6625515926609246,0.6636568848758465,2886
scene,GSI_MLC_PA_SVM,0.50,5,0.0,0.0,0.025640039350387885,0,1.0,2886,0.0,0,282,0.09771309771309772,0.9022869022869022,0.5949410949410948,0.604989604989605,0.6809306117272813,0.6838565022421524,0.0,0.0,0.0,0.0,0.0,,0,,0,0.09771309771309772,0.9022869022869022,0.6809306117272813,0.6838565022421524,2886
yeast,MLC_PA_Logistic,0.20,1,0.42739322533136964,0.9896907216494846,0.09668849678122457,2902,0.5726067746686303,3888,0.6886314265025344,951,1381,0.14880706921944037,0.9366715758468336,0.8171101292750776,0.8723167421593901,0.7174679220327332,0.889118102114492,0.1400589101620029,0.32505236458844694,0.2707414903779528,0.35750160480468934,0.2604544828620048,0.396722842453202,951,0.3277050310130944,2902,0.11059670781893004,0.88940329218107,0.3327227536411121,0.660347551342812,6790
yeast,MLC_PA_Logistic,0.20,2,0.4207658321060383,0.9896907216494846,0.09840471072938678,2857,0.5792341678939618,3933,0.6809905316824472,935,1373,0.148659793814433,0.9354933726067747,0.8058877434135167,0.8632495797444251,0.6920826330673027,0.8864107883817427,0.13770250368188508,0.2998870888561611,0.24806402074443312,0.3142760871573058,0.24935025441399228,0.4002798253349442,935,0.3272663633181659,2857,0.11136536994660565,0.8886346300533944,0.3495185728506928,0.6711711711711712,6790
yeast,MLC_PA_Logistic,0.20,3,0.4098924088463837,0.9874476987447699,0.09638980024228028,2743,0.5901075911536162,3949,0.6636771300448431,888,1338,0.14922295277943812,0.9327555289898386,0.805338878926745,0.8625819035614752,0.6841371172235725,0.8821989528795812,0.13269575612671847,0.2960948396094839,0.245469262599462,0.3051217125397157,0.2388087609819266,0.4442270732131925,888,0.32373313889901567,2743,0.1139528994682198,0.8860471005317802,0.32578877032427694,0.6710526315789473,6692
yeast,MLC_PA_Logistic,0.20,4,0.4010077059869591,0.9896265560165975,0.1011276320689305,2706,0.5989922940130409,4042,0.6547445255474452,897,1370,0.1502963841138115,0.9299051570835803,0.7952551597779814,0.8550293128530735,0.6879124717029509,0.8768549856808123,0.1329282750444576,0.2957117110644082,0.24703469681903845,0.31504893634881137,0.24414721088188474,0.41154301749675276,897,0.33148558758314856,2706,0.11702127659574468,0.8829787234042553,0.3263886781887872,0.6726643598615917,6748
yeast,MLC_PA_Logistic,0.20,5,0.4251980052801408,0.9835728952772074,0.09905467013700371,2899,0.5748019947198592,3919,0.691970802919708,948,1370,0.1469345849222646,0.9381050161337636,0.8147020957595905,0.8735699714625468,0.7034277369283066,0.8899895724713243,0.13904370783220887,0.3219541409993154,0.26929568084328703,0.31932290611299396,0.2564957254943312,0.44194870615135595,948,0.3270093135563988,2899,0.10768053074763971,0.8923194692523603,0.3521032113348725,0.6793313069908815,6818
yeast,MLC_PA_Logistic,0.25,1,0.3341678939617084,0.9587628865979382,0.09668849678122457,2269,0.6658321060382916,4521,0.5887038377986966,813,1381,0.1671944035346097,0.9163475699558173,0.7597324496809033,0.8285273031664786,0.6491612245600435,0.8513867085295657,0.11973490427098665,0.26767468499427255,0.22695205138504126,0.28919490733199965,0.2227230892770784,0.3924435052881716,813,0.35830762450418685,2269,0.12563592125635922,0.8743640787436407,0.3552845885938289,0.6712962962962963,6790
yeast,MLC_PA_Logistic,0.25,2,0.32665684830633285,0.9690721649484536,0.09840471072938678,2218,0.6733431516936672,4572,0.5775673707210488,793,1373,0.1670839469808542,0.914580265095729,0.7469579446899035,0.8191799380459175,0.6361655910163913,0.8480083857442348,0.11678939617083939,0.24095729013254796,0.20399437904592554,0.2583590451063944,0.21094785177648434,0.4349884174194152,793,0.3575293056807935,2218,0.1268591426071741,0.8731408573928259,0.35932769828341676,0.6799116997792495,6790
yeast,MLC_PA_Logistic,0.25,3,0.31081888822474596,0.9686192468619247,0.09638980024228028,2080,0.689181111775254,4612,0.5575485799701047,746,1338,0.1661685594739988,0.9115361625821877,0.7536619180447632,0.8217730668844377,0.624329504908836,0.8442105263157895,0.11147638971906759,0.2444178787275021,0.2046604259224245,0.24531410022497918,0.20082033441813496,0.46020767456932893,746,0.35865384615384616,2080,0.12836079791847355,0.8716392020815265,0.3535789840423021,0.6786102062975027,6692
yeast,MLC_PA_Logistic,0.25,4,0.30809128630705396,0.966804979253112,0.1011276320689305,2079,0.691908713692946,4669,0.527007299270073,722,1370,0.17305127445168939,0.9039715471250741,0.7261606132456755,0.8022189950012619,0.6106992318792477,0.8293838862559242,0.10699466508595135,0.22661716453210223,0.19422437896722688,0.23783569652510816,0.1966761114569966,0.4691472816103875,722,0.3472823472823473,2079,0.13878774898265153,0.8612122510173484,0.3391153859406543,0.6596638655462185,6748
yeast,MLC_PA_Logistic,0.25,5,0.33176884716925786,0.9609856262833676,0.09905467013700371,2262,0.6682311528307422,4556,0.5722627737226277,784,1370,0.1688911704312115,0.9140510413611029,0.7455640298556111,0.8186972735227356,0.6319153672648855,0.8448093220338984,0.11498973305954818,0.252816075095336,0.21442298290347583,0.24781053644957285,0.2113154750569053,0.47465944447041925,784,0.34659593280282935,2262,0.1286215978928885,0.8713784021071115,0.3619786225283878,0.6722595078299777,6818
yeast,MLC_PA_Logistic,0.30,1,0.2564064801178203,0.931958762886598,0.09668849678122457,1741,0.7435935198821797,5049,0.4945691527878349,683,1381,0.17972017673048601,0.8972017673048601,0.7081688757977418,0.7866744481177472,0.596320355631054,0.8146574614976102,0.10058910162002943,0.2161111111111111,0.1850991963363099,0.2363540384030101,0.18599384224512294,0.38614720340363246,683,0.392303273980471,1741,0.13824519706872648,0.8617548029312735,0.3627737231847003,0.6741363211951448,6790
yeast,MLC_PA_Logistic,0.30,2,0.24742268041237114,0.9484536082474226,0.09840471072938678,1680,0.7525773195876289,5110,0.46613255644573925,640,1373,0.18217967599410897,0.8920471281296023,0.6959687448862707,0.7766975979347113,0.5796629272851762,0.8069528575190941,0.0942562592047127,0.18996809032891515,0.16151203893471933,0.20185638137517936,0.16989232355134365,0.4375344622049426,640,0.38095238095238093,1680,0.14344422700587084,0.8565557729941291,0.36336572849941845,0.6723290120697363,6790
yeast,MLC_PA_Logistic,0.30,3,0.23102211595935446,0.9309623430962343,0.09638980024228028,1546,0.7689778840406456,5146,0.4499252615844544,602,1338,0.17928870292887025,0.8900179318589361,0.6986418277213257,0.7794928456016322,0.5646583433407247,0.8048780487804879,0.08995815899581594,0.18939778840406452,0.162380204639619,0.18564293865686793,0.1614878568828333,0.4794601337446313,602,0.38939197930142305,1546,0.14302370773416245,0.8569762922658375,0.354317667773823,0.6805555555555556,6692
yeast,MLC_PA_Logistic,0.30,4,0.23029045643153526,0.9356846473029046,0.1011276320689305,1554,0.7697095435684648,5194,0.41605839416058393,570,1370,0.18764078245406046,0.8814463544754001,0.6731424350200284,0.7592946363885947,0.5526082830750637,0.7875730217737653,0.08446947243627734,0.1735989863064551,0.1513000203545597,0.1797447477209242,0.15486524697483772,0.45298166194550965,570,0.3667953667953668,1554,0.15402387370042356,0.8459761262995764,0.35113358037153825,0.6530789245446661,6748
yeast,MLC_PA_Logistic,0.30,5,0.2534467585802288,0.946611909650924,0.09905467013700371,1728,0.7465532414197712,5090,0.481021897810219,659,1370,0.1803168084482253,0.8957172191258433,0.6988290798865747,0.782648437576569,0.5896850168449185,0.8111553784860558,0.0966559108242886,0.2060811251262996,0.17837414695730924,0.20558018602960582,0.17766153150906272,0.5165332851134219,659,0.38136574074074076,1728,0.13968565815324166,0.8603143418467584,0.360877982516298,0.6821636119803308,6818
yeast,MLC_PA_Logistic,0.35,1,0.18321060382916052,0.8865979381443299,0.09668849678122457,1244,0.8167893961708395,5546,0.3787110789283128,523,1381,0.1904860088365243,0.8736377025036819,0.6550458190148911,0.7434261614673986,0.5316338376386925,0.7708333333333334,0.0770250368188512,0.1629880543282604,0.14185090968596126,0.17166752041064864,0.1421697140808461,0.3902216136281798,523,0.4204180064308682,1244,0.1547060944825099,0.8452939055174901,0.3599065620433897,0.6679566563467493,6790
yeast,MLC_PA_Logistic,0.35,2,0.17761413843888071,0.8783505154639175,0.09840471072938678,1206,0.8223858615611193,5584,0.3452294246176256,474,1373,0.19456553755522826,0.86759941089838,0.6436049746359025,0.7346728986935173,0.5266346930511726,0.7624834874504623,0.0698085419734904,0.13760432007854695,0.11948733969352532,0.14882814714117576,0.12542295348271193,0.4535872887959798,474,0.39303482587064675,1206,0.16099570200573066,0.8390042979942693,0.35971295426355526,0.6593406593406593,6790
yeast,MLC_PA_Logistic,0.35,3,0.16826060968320383,0.8619246861924686,0.09638980024228028,1126,0.8317393903167962,5566,0.351270553064275,470,1338,0.18859832635983262,0.8702928870292888,0.6498480773062363,0.7396583541981032,0.5183290105197977,0.7681623931623932,0.07023311416616862,0.14060403798897514,0.12254571323608998,0.13931360583594093,0.12477220126473865,0.4857716349341557,470,0.41740674955595025,1126,0.15594681997844054,0.8440531800215595,0.3550200938073469,0.6731927710843374,6692
yeast,MLC_PA_Logistic,0.35,4,0.16790160047421457,0.8817427385892116,0.1011276320689305,1133,0.8320983995257855,5615,0.3167883211678832,434,1370,0.19747332542975696,0.8612922347362182,0.6311348517780053,0.7247855533125243,0.5033887169552658,0.7501334757074213,0.06431535269709543,0.13159140306443207,0.11679093727848922,0.13052518160112625,0.11742570090849369,0.46113273282695305,434,0.383053839364519,1133,0.16669634906500444,0.8333036509349956,0.35852286386417526,0.6483846731780616,6748
yeast,MLC_PA_Logistic,0.35,5,0.17879143443825168,0.8891170431211499,0.09905467013700371,1219,0.8212085655617483,5599,0.36934306569343067,506,1370,0.1893003813435025,0.8732766207098857,0.6443751833382224,0.7390494743677495,0.5340596471434518,0.7693539775760811,0.0742153124083309,0.1516272285779473,0.13477518374848974,0.14995481632813912,0.13586013059908808,0.5363450398243242,506,0.41509433962264153,1219,0.15431327022682623,0.8456867297731738,0.36920224045683925,0.6759189797449362,6818
yeast,MLC_PA_Logistic,0.40,1,0.12120765832106038,0.7793814432989691,0.09668849678122457,823,0.8787923416789396,5967,0.2664735698769008,368,1381,0.19767304860088367,0.8508100147275405,0.6049386352479137,0.7016104628475762,0.47336840487891657,0.7287817938420348,0.054197349042709786,0.11288087056128299,0.10003521106613888,0.11340208765087267,0.10011817458954753,0.40642403469677874,368,0.4471445929526124,823,0.1697670521199933,0.8302329478800067,0.3532988064030153,0.6567265333785157,6790
yeast,MLC_PA_Logistic,0.40,2,0.11060382916053019,0.7814432989690722,0.09840471072938678,751,0.8893961708394698,6039,0.22796795338674436,313,1373,0.20035346097201762,0.8438880706921944,0.5921886761577483,0.6932234546667536,0.472494921670004,0.7180851063829787,0.04609720176730481,0.08618802160039274,0.07803789566676167,0.09468837576000716,0.08102457241522831,0.5262842334229582,313,0.4167776298268975,751,0.1755257492962411,0.8244742507037589,0.3549061039949967,0.6508563899868248,6790
yeast,MLC_PA_Logistic,0.40,3,0.10968320382546325,0.7426778242677824,0.09638980024228028,734,0.8903167961745367,5958,0.2399103139013453,321,1338,0.19584578601315,0.8480274955170353,0.6019915985920169,0.7001639225488598,0.47488464643333383,0.7284379172229639,0.047967722653915135,0.09274755927475575,0.0830512815868466,0.09586924174947703,0.08504772532530935,0.5341064095829536,321,0.4373297002724796,734,0.17069486404833836,0.8293051359516617,0.36152444013173884,0.663801652892562,6692
yeast,MLC_PA_Logistic,0.40,4,0.11232957913455839,0.7697095435684648,0.1011276320689305,758,0.8876704208654416,5990,0.22992700729927007,315,1370,0.20127445168938943,0.8436573799644339,0.5940011406297713,0.6924848535783367,0.4599089065121074,0.717838994383525,0.04668049792531115,0.09445769191619802,0.08449023754430163,0.0870453711579679,0.08513121958459746,0.4743723538239334,315,0.4155672823218997,758,0.17612687813021702,0.823873121869783,0.362202312008113,0.6472751588097626,6748
yeast,MLC_PA_Logistic,0.40,5,0.11953652097389264,0.7782340862422998,0.09905467013700371,815,0.8804634790261073,6003,0.26277372262773724,360,1370,0.19595189205045468,0.8518627163391024,0.5958924089827581,0.6983249923701669,0.4798058309718859,0.7287862513426423,0.052801408037547626,0.10314445422248297,0.09405070175090713,0.09570100015657323,0.09529240436564923,0.47608687238162317,360,0.44171779141104295,815,0.16824920872896884,0.8317507912710311,0.3742332365243592,0.6633333333333333,6818
yeast,MLC_PA_Logistic,0.50,1,0.0,0.0,0.09668849678122457,0,1.0,6790,0.0,0,1381,0.20338733431516937,0.7966126656848307,0.4920577646866307,0.6015752517814373,0.3599663172280439,0.6286636192524873,0.0,0.0,0.0,0.0,0.0,,0,,0,0.20338733431516937,0.7966126656848307,0.3599663172280439,0.6286636192524873,6790
yeast,MLC_PA_Logistic,0.50,2,0.0,0.0,0.09840471072938678,0,1.0,6790,0.0,0,1373,0.20220913107511046,0.7977908689248896,0.5060006545573555,0.6151855589999919,0.37780654590999685,0.6370605339677504,0.0,0.0,0.0,0.0,0.0,,0,,0,0.20220913107511046,0.7977908689248896,0.37780654590999685,0.6370605339677504,6790
yeast,MLC_PA_Logistic,0.50,3,0.0,0.0,0.09638980024228028,0,1.0,6692,0.0,0,1338,0.19994022713687987,0.8000597728631201,0.5092440393172611,0.6171126409620132,0.3790154046838568,0.6433901918976546,0.0,0.0,0.0,0.0,0.0,,0,,0,0.19994022713687987,0.8000597728631201,0.3790154046838568,0.6433901918976546,6692
yeast,MLC_PA_Logistic,0.50,4,0.0,0.0,0.1011276320689305,0,1.0,6748,0.0,0,1370,0.2030231179608773,0.7969768820391228,0.49954344871357326,0.607994616034035,0.3728635353541395,0.6327077747989276,0.0,0.0,0.0,0.0,0.0,,0,,0,0.2030231179608773,0.7969768820391228,0.3728635353541395,0.6327077747989276,6748
yeast,MLC_PA_Logistic,0.50,5,0.0,0.0,0.09905467013700371,0,1.0,6818,0.0,0,1370,0.2009386916984453,0.7990613083015548,0.4927479547602751,0.6042742906192597,0.38410483081531266,0.6334938469769931,0.0,0.0,0.0,0.0,0.0,,0,,0,0.2009386916984453,0.7990613083015548,0.38410483081531266,0.6334938469769931,6818
yeast,MLC_PA_MLP,0.20,1,1.0,1.0,0.30203206461965315,6790,0.0,0,1.0,2583,2583,0.2,1.0,1.0,1.0,1.0,1.0,0.3804123711340206,0.611686652408302,0.47215546728122126,0.5555597525515168,0.4651539708265803,0.4444402474484832,2583,0.3804123711340206,6790,,,0.0,0.0,6790
yeast,MLC_PA_MLP,0.20,2,1.0,1.0,0.3063914268135468,6790,0.0,0,1.0,2640,2640,0.2,1.0,1.0,1.0,1.0,1.0,0.3888070692194403,0.6186925560121437,0.479588401962568,0.5641447055727827,0.47430830039525695,0.43585529442721727,2640,0.38880706921944036,6790,,,0.0,0.0,6790
yeast,MLC_PA_MLP,0.20,3,1.0,1.0,0.29161721174594185,6692,0.0,0,1.0,2485,2485,0.19999999999999998,1.0,1.0,1.0,1.0,1.0,0.37133891213389125,0.602446937070368,0.46402158730940934,0.5546012754855514,0.45755846068863926,0.44539872451444856,2485,0.3713389121338912,6692,,,0.0,0.0,6692
yeast,MLC_PA_MLP,0.20,4,1.0,1.0,0.29293346063181575,6748,0.0,0,1.0,2521,2521,0.19999999999999998,1.0,1.0,1.0,1.0,1.0,0.3735921754593954,0.6055179606009482,0.47046542590522133,0.5613099506576389,0.4647004608294931,0.4386900493423611,2521,0.3735921754593954,6748,,,0.0,0.0,6748
yeast,MLC_PA_MLP,0.20,5,1.0,1.0,0.30741458389895293,6818,0.0,0,1.0,2644,2644,0.19999999999999998,1.0,1.0,1.0,1.0,1.0,0.3877970079202112,0.6216996498824015,0.483067978969944,0.5731702265657289,0.4772563176895307,0.4268297734342711,2644,0.3877970079202112,6818,,,0.0,0.0,6818
yeast,MLC_PA_MLP,0.25,1,0.9955817378497791,1.0,0.30203206461965315,6760,0.004418262150220913,30,1.0,2583,2583,0.24889543446244478,1.0,1.0,1.0,1.0,1.0,0.3804123711340206,0.611686652408302,0.47215546728122126,0.5555597525515168,0.4651539708265803,0.44076842250809617,2583,0.3821005917159763,6760,0.0,1.0,0.14285714285714285,1.0,6790
yeast,MLC_PA_MLP,0.25,2,0.9974963181148748,1.0,0.3063914268135468,6773,0.0025036818851251843,17,1.0,2640,2640,0.2493740795287187,1.0,1.0,1.0,1.0,1.0,0.3888070692194403,0.6186925560121437,0.479588401962568,0.5641447055727827,0.47430830039525695,0.4334238946147693,2640,0.3897829617599291,6773,0.0,1.0,0.14285714285714285,1.0,6790
yeast,MLC_PA_MLP,0.25,3,0.9980573819485954,1.0,0.29161721174594185,6679,0.0019426180514046623,13,1.0,2485,2485,0.24951434548714885,1.0,1.0,1.0,1.0,1.0,0.37133891213389125,0.602446937070368,0.46402158730940934,0.5546012754855514,0.45755846068863926,0.4442212621662675,2485,0.37206168588111993,6679,0.0,1.0,0.14285714285714285,1.0,6692
yeast,MLC_PA_MLP,0.25,4,0.9957024303497333,1.0,0.29293346063181575,6719,0.004297569650266746,29,1.0,2521,2521,0.24892560758743332,1.0,1.0,1.0,1.0,1.0,0.3735921754593954,0.6055179606009482,0.47046542590522133,0.5613099506576389,0.4647004608294931,0.4361933509344028,2521,0.37520464354814703,6719,0.0,1.0,0.14285714285714285,1.0,6748
yeast,MLC_PA_MLP,0.25,5,0.9976532707538868,1.0,0.30741458389895293,6802,0.0023467292461132297,16,1.0,2644,2644,0.2494133176884717,1.0,1.0,1.0,1.0,1.0,0.3877970079202112,0.6216996498824015,0.483067978969944,0.5731702265657289,0.4772563176895307,0.4250146183451222,2644,0.3887092031755366,6802,0.0,1.0,0.14285714285714285,1.0,6818
yeast,MLC_PA_MLP,0.30,1,0.9835051546391752,1.0,0.30203206461965315,6678,0.016494845360824743,112,0.9988385598141696,2580,2583,0.2954933726067748,0.9995581737849779,0.998213058419244,0.9989461626575028,0.9994493506370438,0.9992684711046086,0.3799705449189985,0.6098997108275459,0.47110162993872406,0.5550091031885606,0.46442244193118887,0.43423228937045444,2580,0.3863432165318958,6678,0.026785714285714284,0.9732142857142857,0.28041053286336304,0.9793103448275862,6790
yeast,MLC_PA_MLP,0.30,2,0.9883652430044183,1.0,0.3063914268135468,6711,0.011634756995581738,79,0.9992424242424243,2638,2640,0.29680412371134035,0.9997054491899853,0.9989003436426117,0.9993585337915234,0.9995475016541803,0.999512432959532,0.3885125184094256,0.6175928996547553,0.4789469357540914,0.563692207226963,0.4738207333547889,0.4295959785586837,2638,0.39308597824467295,6711,0.02531645569620253,0.9746835443037974,0.21084433773509406,0.9782608695652174,6790
yeast,MLC_PA_MLP,0.30,3,0.9869994022713688,1.0,0.29161721174594185,6605,0.013000597728631201,87,0.9995975855130784,2484,2485,0.2962492528392111,0.9998505678421996,0.9989539748953975,0.999302649930265,0.9992784992784992,0.9997559189650964,0.37118947997609086,0.6014009119657655,0.4633242372396743,0.5538797747640507,0.45731437965373567,0.4380834303915385,2484,0.3760787282361847,6605,0.011494252873563218,0.9885057471264368,0.21428571428571427,0.9908256880733946,6692
yeast,MLC_PA_MLP,0.30,4,0.9813278008298755,1.0,0.29293346063181575,6622,0.01867219917012448,126,0.9988099960333201,2518,2521,0.29484291641967997,0.9995554238292828,0.9975103734439834,0.9983863531581373,0.9993824619184849,0.9992681141741888,0.37314759928867813,0.6030283340449316,0.4688517790633586,0.5606924125761238,0.46396857500368194,0.4287934040801336,2518,0.38024765931742677,6622,0.023809523809523808,0.9761904761904762,0.28269617706237427,0.9803921568627451,6748
yeast,MLC_PA_MLP,0.30,5,0.9894397183924905,1.0,0.30741458389895293,6746,0.010560281607509533,72,0.9992435703479576,2642,2644,0.2971252566735114,0.9997066588442358,0.999295981226166,0.9996138928377122,0.9995458029759219,0.9995112414467253,0.38750366676444703,0.6209956311085675,0.4826818718076562,0.5727160295416508,0.476767559136256,0.419959708653558,2642,0.39163949006818854,6746,0.027777777777777776,0.9722222222222222,0.2824658545588778,0.9787234042553191,6818
yeast,MLC_PA_MLP,0.35,1,0.9624447717231223,1.0,0.30203206461965315,6535,0.03755522827687776,255,0.9926442121564073,2564,2583,0.33965390279823265,0.9972017673048601,0.9904876452299132,0.9944125196278016,0.9957116943331783,0.9953805008509604,0.3776141384388807,0.6021742976382152,0.4665679869090229,0.5512714468846951,0.4605344716775407,0.4307301739984078,2564,0.3923488905891354,6535,0.07450980392156863,0.9254901960784314,0.4511524058809822,0.9304029304029304,6790
yeast,MLC_PA_MLP,0.35,2,0.9693667157584683,1.0,0.3063914268135468,6582,0.030633284241531663,208,0.9931818181818182,2622,2640,0.34192930780559644,0.9973490427098675,0.989945999018164,0.9938578489093954,0.9934576993711783,0.9956268221574344,0.38615611192930777,0.6086385550303077,0.47344625087196346,0.5576024049439611,0.4699351225526913,0.423101419862937,2622,0.398359161349134,6582,0.08653846153846154,0.9134615384615384,0.43287134915041886,0.9243697478991597,6790
yeast,MLC_PA_MLP,0.35,3,0.9601016138673042,1.0,0.29161721174594185,6425,0.03989838613269576,267,0.9899396378269618,2460,2485,0.3397713687985654,0.9962641960549911,0.9885335724247858,0.9931800594734388,0.9923225689911412,0.9939217116460005,0.3676031081888823,0.5909805094951539,0.45720164678284814,0.5469238444766926,0.4514801723346398,0.432962332101841,2460,0.38287937743190664,6425,0.09363295880149813,0.9063670411985019,0.3993912337662338,0.9034749034749034,6692
yeast,MLC_PA_MLP,0.35,4,0.9593953764078246,1.0,0.29293346063181575,6474,0.04060462359217546,274,0.9877032923443078,2490,2521,0.3403823355068168,0.9954060462359218,0.9835309227425411,0.9899042865847846,0.991989224948863,0.9924812030075187,0.36899822169531715,0.5890488833434893,0.4603697124900059,0.5532991756065019,0.45718166383701186,0.4243687765824797,2490,0.38461538461538464,6474,0.11313868613138686,0.8868613138686131,0.3706999059786516,0.8970099667774086,6748
yeast,MLC_PA_MLP,0.35,5,0.969492519800528,1.0,0.30741458389895293,6610,0.030507480199471988,208,0.9931921331316188,2626,2644,0.34196245233206213,0.9973599295981226,0.9915534043870798,0.9950551162113708,0.9943481657481701,0.9956183057448881,0.3851569375183338,0.6132530542694813,0.4781230951813148,0.567518392313899,0.4728746234344188,0.413017499580087,2626,0.3972768532526475,6610,0.08653846153846154,0.9134615384615384,0.4432696366871899,0.9285714285714286,6818
yeast,MLC_PA_MLP,0.40,1,0.8867452135493372,1.0,0.30203206461965315,6021,0.11325478645066274,769,0.9396051103368177,2427,2583,0.3776730486008837,0.9770250368188512,0.9301955490099819,0.9579774160883925,0.951540435060694,0.9630331753554502,0.3574374079528718,0.5418822014182838,0.43013288336961375,0.5071001876122108,0.42818714618203046,0.4169282719118094,2427,0.40308918784255104,6021,0.20286085825747724,0.7971391417425228,0.5919788577602912,0.7868852459016393,6790
yeast,MLC_PA_MLP,0.40,2,0.8812960235640648,1.0,0.3063914268135468,5984,0.1187039764359352,806,0.9303030303030303,2456,2640,0.3796170839469809,0.972901325478645,0.9171657666503028,0.9499749219852314,0.9398413038206694,0.9566854990583804,0.36170839469808536,0.5358583226624465,0.4295633239477994,0.5039860093934522,0.43099379945363736,0.4110224301878452,2456,0.410427807486631,5984,0.228287841191067,0.7717121588089331,0.5708659805662659,0.7553191489361702,6790
yeast,MLC_PA_MLP,0.40,3,0.8732815301852959,1.0,0.29161721174594185,5844,0.12671846981470414,848,0.9251509054325956,2299,2485,0.3771069934249851,0.9722056186491332,0.9186765291890815,0.9511646713283436,0.9381601486437335,0.9560906515580736,0.3435445307830245,0.5211234662594495,0.41518625863775294,0.492761424129285,0.41364911224671286,0.4185663696497766,2299,0.39339493497604383,5844,0.21933962264150944,0.7806603773584906,0.5332430524336683,0.7603092783505154,6692
yeast,MLC_PA_MLP,0.40,4,0.8655898043864849,1.0,0.29293346063181575,5841,0.1344101956135151,907,0.9202697342324474,2320,2521,0.3760225251926498,0.9702133965619443,0.9083769676612,0.9434260089434608,0.945100352173549,0.952783650458069,0.34380557202133966,0.5138949282621481,0.4138914348486822,0.5064103028311879,0.41748411128756213,0.40912409716706194,2320,0.39719226159904125,5841,0.22160970231532526,0.7783902976846747,0.6259190414352142,0.7660069848661234,6748
yeast,MLC_PA_MLP,0.40,5,0.8811968319155178,1.0,0.30741458389895293,6008,0.11880316808448226,810,0.9292738275340393,2457,2644,0.37990613083015556,0.9725726019360517,0.917957367752029,0.951078424354818,0.9469579217525641,0.9559689192371086,0.3603696098562629,0.5396570176344304,0.43414640332476206,0.520128148318293,0.4332252369266393,0.3925557719975716,2457,0.40895472703062585,6008,0.2308641975308642,0.7691358024691358,0.665558871758179,0.7705521472392638,6818
yeast,MLC_PA_MLP,0.50,1,0.0,0.0,0.30203206461965315,0,1.0,6790,0.0,0,2583,0.3804123711340206,0.6195876288659794,0.38831334759169805,0.5278445327187787,0.4444402474484832,0.5348460291734197,0.0,0.0,0.0,0.0,0.0,,0,,0,0.3804123711340206,0.6195876288659794,0.4444402474484832,0.5348460291734197,6790
yeast,MLC_PA_MLP,0.50,2,0.0,0.0,0.3063914268135468,0,1.0,6790,0.0,0,2640,0.38880706921944036,0.6111929307805597,0.3813074439878564,0.520411598037432,0.43585529442721727,0.525691699604743,0.0,0.0,0.0,0.0,0.0,,0,,0,0.38880706921944036,0.6111929307805597,0.43585529442721727,0.525691699604743,6790
yeast,MLC_PA_MLP,0.50,3,0.0,0.0,0.29161721174594185,0,1.0,6692,0.0,0,2485,0.3713389121338912,0.6286610878661087,0.39755306292963194,0.5359784126905907,0.44539872451444856,0.5424415393113607,0.0,0.0,0.0,0.0,0.0,,0,,0,0.3713389121338912,0.6286610878661087,0.44539872451444856,0.5424415393113607,6692
yeast,MLC_PA_MLP,0.50,4,0.0,0.0,0.29293346063181575,0,1.0,6748,0.0,0,2521,0.3735921754593954,0.6264078245406046,0.39448203939905185,0.5295345740947787,0.4386900493423611,0.5352995391705069,0.0,0.0,0.0,0.0,0.0,,0,,0,0.3735921754593954,0.6264078245406046,0.4386900493423611,0.5352995391705069,6748
yeast,MLC_PA_MLP,0.50,5,0.0,0.0,0.30741458389895293,0,1.0,6818,0.0,0,2644,0.3877970079202112,0.6122029920797888,0.37830035011759855,0.516932021030056,0.4268297734342711,0.5227436823104693,0.0,0.0,0.0,0.0,0.0,,0,,0,0.3877970079202112,0.6122029920797888,0.4268297734342711,0.5227436823104693,6818
yeast,GSI_MLC_PA_Logistic,0.20,1,0.30456553755522825,0.9855670103092784,0.10568772765485399,2068,0.6954344624447717,4722,0.5378681626928471,767,1426,0.15796759941089836,0.9029455081001473,0.7288455244640812,0.8091651990621063,0.6171532582609739,0.830982303154655,0.11296023564064805,0.22550155457371956,0.19735960488537807,0.2333574142478969,0.19568818550759626,0.40842821347462077,767,0.370889748549323,2068,0.13955950868276154,0.8604404913172384,0.3645700559737807,0.6854415274463007,6790
yeast,GSI_MLC_PA_Logistic,0.20,2,0.314580265095729,0.9711340206185567,0.10986563625667438,2136,0.685419734904271,4654,0.5512367491166078,780,1415,0.15643593519882176,0.906480117820324,0.7334814269350353,0.8117029133523979,0.6365257563880694,0.8373046374583654,0.11487481590574378,0.2295565373915891,0.19843968173865079,0.250160553536067,0.20096436503482384,0.40520429902351673,780,0.3651685393258427,2136,0.1364417705199828,0.8635582294800173,0.37097323918515734,0.6939759036144578,6790
yeast,GSI_MLC_PA_Logistic,0.20,3,0.2881052002390915,0.9560669456066946,0.10898196883775516,1928,0.7118947997609085,4764,0.528040786598689,725,1373,0.15445307830245067,0.9031679617453676,0.7323545526997409,0.8075752122054115,0.6105147544232757,0.8317757009345794,0.1083383144052601,0.21891894135617973,0.18720904884761636,0.22646795938892916,0.18886282707242075,0.46406925478397704,725,0.37603734439834025,1928,0.13602015113350127,0.8639798488664987,0.3478090758165252,0.6911344137273594,6692
yeast,GSI_MLC_PA_Logistic,0.20,4,0.29104919976289273,0.9585062240663901,0.11431602701243448,1964,0.7089508002371073,4784,0.5038759689922481,715,1419,0.16253704801422647,0.8956727919383521,0.7112475525857268,0.790806560041109,0.624628759321072,0.8188368502316006,0.10595732068761121,0.20157839509499254,0.17375504444797762,0.24124482219415866,0.18091901404890087,0.40288171114391363,715,0.3640529531568228,1964,0.14715719063545152,0.8528428093645485,0.3714485219517229,0.6828828828828829,6748
yeast,GSI_MLC_PA_Logistic,0.20,5,0.3005280140803755,0.9691991786447639,0.10457053813789911,2049,0.6994719859196246,4769,0.55,770,1400,0.1525080668817835,0.9075975359342916,0.733520745738405,0.8086367605633218,0.6051535355678027,0.8346456692913385,0.11293634496919913,0.23105586519344223,0.19523257405851935,0.22976536869271164,0.19866022987376186,0.43664230992726794,770,0.37579306979014154,2049,0.13210316628223948,0.8678968337177605,0.3690326403457983,0.6818181818181818,6818
yeast,GSI_MLC_PA_Logistic,0.25,1,0.24374079528718703,0.9505154639175257,0.10568772765485399,1655,0.7562592047128129,5135,0.4635343618513324,661,1426,0.17360088365243004,0.8873343151693667,0.692461135657012,0.7775263971928619,0.5708465050862045,0.8029873808910636,0.09734904270986744,0.18911716576665027,0.16572080301613368,0.1870506610731275,0.1676932632440048,0.40266198639277356,661,0.39939577039274926,1655,0.14897760467380722,0.8510223953261928,0.38530686582275997,0.6829672606713635,6790
yeast,GSI_MLC_PA_Logistic,0.25,2,0.24329896907216494,0.9484536082474226,0.10986563625667438,1652,0.756701030927835,5138,0.45936395759717313,650,1415,0.17349042709867452,0.8873343151693667,0.6918327605956472,0.7769808999705907,0.5863934788078994,0.8028858541612987,0.09572901325478644,0.18790787105220108,0.16371766835684365,0.20002827595589695,0.16654558173775713,0.4020198783788012,650,0.3934624697336562,1652,0.14889061891786687,0.8511093810821331,0.37732518074997096,0.6850555784273363,6790
yeast,GSI_MLC_PA_Logistic,0.25,3,0.22340107591153616,0.9309623430962343,0.10898196883775516,1495,0.7765989240884639,5197,0.4362709395484341,599,1373,0.17151075911536162,0.8843395098625224,0.6927093710566514,0.7739089772316451,0.5661409908033297,0.7990654205607477,0.08950986252241488,0.17927375971309023,0.15354281387384994,0.1820941957689831,0.15615254669858902,0.4520325612730521,599,0.4006688963210702,1495,0.14893207619780643,0.8510679238021935,0.3716658960745719,0.686385737439222,6692
yeast,GSI_MLC_PA_Logistic,0.25,4,0.22228808535862477,0.9294605809128631,0.11431602701243448,1500,0.7777119146413752,5248,0.4094432699083862,581,1419,0.17975696502667457,0.8758150563129816,0.6704963835150558,0.7575425096608761,0.5640146743089239,0.7841318907779495,0.08609958506224069,0.16082722602432153,0.14049099406774468,0.18063073718201061,0.14621405459524983,0.44684757012723864,581,0.3873333333333333,1500,0.15967987804878048,0.8403201219512195,0.37069624003765284,0.6741835147744946,6748
yeast,GSI_MLC_PA_Logistic,0.25,5,0.2339395717219126,0.9322381930184805,0.10457053813789911,1595,0.7660604282780874,5223,0.445,623,1400,0.17244793194485186,0.8860369609856262,0.6813589843877318,0.76778575063996,0.55417955144312,0.7942811755361397,0.09137577002053376,0.17889410384276905,0.15438156413515758,0.17879138456802895,0.15829573611856307,0.4313197767784148,623,0.39059561128526643,1595,0.14876507754164273,0.8512349224583573,0.3717884655201392,0.6728421052631579,6818
yeast,GSI_MLC_PA_Logistic,0.30,1,0.19440353460972018,0.9051546391752577,0.10568772765485399,1320,0.8055964653902798,5470,0.39340813464235624,561,1426,0.18571428571428572,0.8726067746686303,0.6621183112420225,0.7511933373546472,0.5448388534265973,0.7767741935483871,0.08262150220913111,0.1587743413516608,0.13938774317791902,0.16104300941352034,0.14148007590132827,0.39389611166935745,561,0.425,1320,0.15813528336380256,0.8418647166361974,0.38794402520405524,0.6802218114602587,6790
yeast,GSI_MLC_PA_Logistic,0.30,2,0.18674521354933726,0.9010309278350516,0.10986563625667438,1268,0.8132547864506627,5522,0.36325088339222616,514,1415,0.18871870397643592,0.8673048600883653,0.6501178203240058,0.7415890180838635,0.5400461711805734,0.767483870967742,0.07569955817378504,0.14619293078055962,0.1283257864701164,0.15368096832857098,0.13114359854420043,0.3922251075554686,514,0.40536277602523657,1268,0.1631655197392249,0.8368344802607751,0.3862718661962716,0.6727206683617871,6790
yeast,GSI_MLC_PA_Logistic,0.30,3,0.1679617453676031,0.8870292887029289,0.10898196883775516,1124,0.8320382546323969,5568,0.3583394027676621,492,1373,0.1820382546323969,0.868350268977884,0.6565384870824202,0.7440956649115645,0.5280428027712688,0.7709903821159345,0.0735206216377765,0.14310287573885905,0.12372950155376938,0.14399600773692223,0.12807750825377584,0.44974826746192686,492,0.4377224199288256,1124,0.15822557471264367,0.8417744252873564,0.37183947334693884,0.6847942754919499,6692
yeast,GSI_MLC_PA_Logistic,0.30,4,0.16464137522228808,0.8692946058091287,0.11431602701243448,1111,0.8353586247777119,5637,0.3171247357293869,450,1419,0.19299051570835807,0.8564018968583285,0.6314675354613114,0.7258627901180861,0.5139272063160832,0.7494181536074477,0.06668642560758753,0.12179837797057713,0.10881127452495465,0.13054326918916992,0.11150031742474797,0.4339005991912617,450,0.40504050405040504,1111,0.17189994678020223,0.8281000532197977,0.3747055917180007,0.6641247833622184,6748
yeast,GSI_MLC_PA_Logistic,0.30,5,0.175564681724846,0.9014373716632443,0.10457053813789911,1197,0.824435318275154,5621,0.3492857142857143,489,1400,0.18628630096802581,0.866383103549428,0.6376650044001173,0.7326871736522661,0.5136502396867897,0.7596940121340016,0.07172191258433558,0.13520012385515456,0.11928298714746366,0.1382620728116986,0.12370857271642488,0.4827448368918107,489,0.40852130325814534,1197,0.16207080590642234,0.8379291940935777,0.36668129085777174,0.665933259992666,6818
yeast,GSI_MLC_PA_Logistic,0.35,1,0.14374079528718703,0.822680412371134,0.10568772765485399,976,0.8562592047128129,5814,0.30575035063113604,436,1426,0.1961119293078056,0.8541973490427098,0.6238766159384717,0.7174872038546993,0.5015099631680296,0.743656136716727,0.0642120765832106,0.12053264604810998,0.10568160967797113,0.11771411915495267,0.10836201906966825,0.4334688722114102,436,0.44672131147540983,976,0.17027863777089783,0.8297213622291022,0.38320082395775346,0.670219853431046,6790
yeast,GSI_MLC_PA_Logistic,0.35,2,0.13549337260677466,0.8268041237113402,0.10986563625667438,920,0.8645066273932254,5870,0.2664310954063604,377,1415,0.20029455081001477,0.8471281296023564,0.6082875143184422,0.7060799452552029,0.4994513317469151,0.7315054319710295,0.055522827687776166,0.10436262477499603,0.09281671364145583,0.11308612889491265,0.09516515954748794,0.38802335281904515,377,0.4097826086956522,920,0.17683134582623508,0.823168654173765,0.3802129336236742,0.6610058785107773,6790
yeast,GSI_MLC_PA_Logistic,0.35,3,0.12432755528989839,0.8138075313807531,0.10898196883775516,832,0.8756724447101016,5860,0.2825928623452294,388,1373,0.1907053197848177,0.8528093245666467,0.6231578335657832,0.7163037218476549,0.49463227885315625,0.7432890278863695,0.057979677226539184,0.10972222222222205,0.09593755848985974,0.11058548381880967,0.10037615402421085,0.43708679015879004,388,0.46634615384615385,832,0.1680887372013652,0.8319112627986348,0.37570677574745603,0.6756667764241028,6692
yeast,GSI_MLC_PA_Logistic,0.35,4,0.11440426793123888,0.7697095435684648,0.11431602701243448,772,0.8855957320687611,5976,0.22692036645525018,322,1419,0.2026081802015412,0.8374333135743924,0.5971271697412777,0.6965803316364703,0.4701182333927307,0.7163175588311352,0.047717842323651505,0.0874580122505434,0.07952881604333883,0.08673429626581736,0.07839972264843553,0.4489394832856053,322,0.4170984455958549,772,0.18356760374832665,0.8164323962516733,0.3743314132427317,0.654705697198615,6748
yeast,GSI_MLC_PA_Logistic,0.35,5,0.1248166617776474,0.8172484599589322,0.10457053813789911,851,0.8751833382223526,5967,0.26,364,1400,0.19563655030800822,0.8480492813141683,0.6011978097193702,0.7021817675821782,0.47985378618633,0.7285115303983228,0.05338809034907588,0.09873292917440746,0.08877758107737577,0.10446561931123893,0.09252609098074616,0.46484818295563357,364,0.42773207990599293,851,0.17362158538629127,0.8263784146137088,0.37160012688206107,0.6609947643979057,6818
yeast,GSI_MLC_PA_Logistic,0.40,1,0.09617083946980855,0.6927835051546392,0.10568772765485399,653,0.9038291605301915,6137,0.21037868162692847,300,1426,0.20430044182621498,0.8341678939617084,0.5853870070364916,0.6837064653559498,0.46163156172654485,0.7091942148760331,0.044182621502209196,0.08204303714612993,0.07190087117922161,0.07783571771346787,0.07390009722897428,0.4952807867791007,300,0.45941807044410415,653,0.18347726902395306,0.816522730976047,0.37915179944862004,0.6577507598784195,6790
yeast,GSI_MLC_PA_Logistic,0.40,2,0.08512518409425626,0.6762886597938145,0.10986563625667438,578,0.9148748159057437,6212,0.18162544169611308,257,1415,0.2045949926362297,0.8294550810014727,0.572461135657012,0.6752261713086456,0.4622886028854487,0.7006204756980352,0.037849779086892466,0.06853624611356579,0.06196293969489852,0.07592340003344628,0.06428020327449369,0.40581263378454563,257,0.444636678200692,578,0.18641339343206698,0.813586606567933,0.3857036488627029,0.6541218637992832,6790
yeast,GSI_MLC_PA_Logistic,0.40,3,0.07890017931858936,0.6589958158995816,0.10898196883775516,528,0.9210998206814106,6164,0.18936635105608157,260,1373,0.19787806335923488,0.8336820083682008,0.5886024772531049,0.6871292120246095,0.45787759364067504,0.7109841599584523,0.03885236102809331,0.07516686590954369,0.06676304866681437,0.07383079860632846,0.06807128609629365,0.5183402361433694,260,0.49242424242424243,528,0.18056456846203764,0.8194354315379624,0.3744192494731025,0.6642533936651583,6692
yeast,GSI_MLC_PA_Logistic,0.40,4,0.07780082987551867,0.6473029045643154,0.11431602701243448,525,0.9221991701244814,6223,0.16208597603946442,230,1419,0.20732068761114406,0.8237996443390634,0.5710470143042757,0.6724913155350061,0.4376947258670259,0.6928442262981142,0.034084173088322456,0.061377856813541465,0.055439799941874646,0.05431078874011258,0.05492639011541445,0.46595790102761964,230,0.4380952380952381,525,0.19106540253896834,0.8089345974610317,0.3762698913530396,0.6522374963439602,6748
yeast,GSI_MLC_PA_Logistic,0.40,5,0.08257553534760927,0.6652977412731006,0.10457053813789911,563,0.9174244646523907,6255,0.17857142857142858,250,1400,0.20170137870343208,0.8313288354356116,0.5669037841009095,0.6728859664177939,0.4455266909432984,0.6987951807228916,0.03666764447051918,0.06443890355594672,0.05948177991299142,0.07013852406820731,0.06280974130531491,0.42787768405538595,250,0.44404973357015987,563,0.1838529176658673,0.8161470823341327,0.37545645972700376,0.6527777777777778,6818
yeast,GSI_MLC_PA_Logistic,0.50,1,0.0,0.0,0.10568772765485399,0,1.0,6790,0.0,0,1426,0.21001472754050074,0.7899852724594992,0.5033439698903617,0.6118055941767282,0.383795844013077,0.6352941176470588,0.0,0.0,0.0,0.0,0.0,,0,,0,0.21001472754050074,0.7899852724594992,0.383795844013077,0.6352941176470588,6790
yeast,GSI_MLC_PA_Logistic,0.50,2,0.0,0.0,0.10986563625667438,0,1.0,6790,0.0,0,1415,0.20839469808541974,0.7916053019145802,0.5039248895434462,0.6132632316137471,0.38636520285200243,0.6363402724235415,0.0,0.0,0.0,0.0,0.0,,0,,0,0.20839469808541974,0.7916053019145802,0.38636520285200243,0.6363402724235415,6790
yeast,GSI_MLC_PA_Logistic,0.50,3,0.0,0.0,0.10898196883775516,0,1.0,6692,0.0,0,1373,0.20517035265989242,0.7948296473401075,0.5134356113435612,0.6203661633577952,0.3840467950343466,0.6429128738621587,0.0,0.0,0.0,0.0,0.0,,0,,0,0.20517035265989242,0.7948296473401075,0.3840467950343466,0.6429128738621587,6692
yeast,GSI_MLC_PA_Logistic,0.50,4,0.0,0.0,0.11431602701243448,0,1.0,6748,0.0,0,1419,0.21028452874925904,0.7897154712507409,0.5096691574907343,0.6170515155931314,0.3833839371269133,0.6379178361826997,0.0,0.0,0.0,0.0,0.0,,0,,0,0.21028452874925904,0.7897154712507409,0.3833839371269133,0.6379178361826997,6748
yeast,GSI_MLC_PA_Logistic,0.50,5,0.0,0.0,0.10457053813789911,0,1.0,6818,0.0,0,1400,0.2053388090349076,0.7946611909650925,0.5024648805449627,0.6134041865048024,0.3753881668750911,0.6359854394175767,0.0,0.0,0.0,0.0,0.0,,0,,0,0.2053388090349076,0.7946611909650925,0.3753881668750911,0.6359854394175767,6818
yeast,GSI_MLC_PA_MLP,0.20,1,0.9927835051546392,1.0,0.2213931169583986,6741,0.007216494845360825,49,0.9992091735863978,2527,2529,0.19885125184094254,0.9997054491899853,0.9989690721649485,0.9993127147766322,0.999802674093098,0.9995121951219512,0.37216494845360826,0.6009122893143513,0.47031360034360237,0.5638385224039113,0.4594139954492834,0.43488922829252463,2527,0.37487019730010385,6741,0.04081632653061224,0.9591836734693877,0.13987966007071523,0.9791666666666666,6790
yeast,GSI_MLC_PA_MLP,0.20,2,0.9952871870397644,1.0,0.23778264148791076,6758,0.00471281296023564,32,1.0,2316,2316,0.19905743740795287,1.0,1.0,1.0,1.0,1.0,0.3410898379970545,0.5604111238131857,0.4236587772375011,0.5564126658399682,0.42495412844036695,0.44277721966026096,2316,0.34270494229061854,6758,0.0,1.0,0.14285714285714285,1.0,6790
yeast,GSI_MLC_PA_MLP,0.20,3,0.9952181709503886,1.0,0.190413179132071,6660,0.004781829049611476,32,1.0,2115,2115,0.1990436341900777,1.0,1.0,1.0,1.0,1.0,0.3160490137477585,0.5480476462171022,0.4165305627324877,0.544966058059773,0.4091700522344748,0.45425040471431916,2115,0.31756756756756754,6660,0.0,1.0,0.14285714285714285,1.0,6692
yeast,GSI_MLC_PA_MLP,0.20,4,0.9918494368701838,1.0,0.1892803888832051,6693,0.008150563129816242,55,1.0,2087,2087,0.19836988737403674,1.0,1.0,1.0,1.0,1.0,0.30927682276229995,0.5584396124852556,0.43630484992457164,0.5600151114307774,0.42289766970618037,0.4385465177196966,2087,0.31181831764530105,6693,0.0,1.0,0.14285714285714285,1.0,6748
yeast,GSI_MLC_PA_MLP,0.20,5,0.9955998826635377,1.0,0.2347166982714629,6788,0.004400117336462305,30,0.9991536182818451,2361,2363,0.19941331768847168,0.9997066588442358,0.9989733059548255,0.9993155373032169,0.9998024045426731,0.9995112414467253,0.34628923437958337,0.5904678939586538,0.4597898079025027,0.570272637710997,0.45210652970567955,0.4290607972444008,2361,0.3478196817913966,6788,0.06666666666666667,0.9333333333333333,0.13605442176870747,0.96,6818
yeast,GSI_MLC_PA_MLP,0.25,1,0.9782032400589101,1.0,0.2213931169583986,6642,0.021796759941089837,148,0.9968366943455912,2521,2529,0.24572901325478644,0.9988217967599411,0.9963549337260678,0.9976420830029077,0.9990549506005404,0.9980497318381277,0.3712812960235641,0.5982981508754706,0.46864296856987786,0.5630907989113538,0.4579515321654599,0.4343141767067483,2521,0.37955435109906654,6642,0.05405405405405406,0.9459459459459459,0.20898177452799302,0.9518072289156626,6790
yeast,GSI_MLC_PA_MLP,0.25,2,0.9833578792341678,1.0,0.23778264148791076,6677,0.016642120765832106,113,0.9948186528497409,2304,2316,0.24760677466863035,0.9982326951399116,0.9931271477663229,0.9953951890034364,0.9988279638625757,0.9970817120622568,0.33932253313696614,0.5535382715795086,0.4190539662409375,0.5552406297025438,0.42203584050262377,0.44241791493571725,2304,0.3450651490190205,6677,0.10619469026548672,0.8938053097345133,0.20254403131115462,0.9210526315789473,6790
yeast,GSI_MLC_PA_MLP,0.25,3,0.9784817692767483,1.0,0.190413179132071,6548,0.021518230723251645,144,0.9952718676122931,2105,2115,0.24611476389719067,0.9985056784219964,0.9945955369595536,0.9964235903566447,0.9990209740582319,0.9975657254138267,0.31455469216975496,0.5426431831766558,0.4129541530891324,0.5439870321180049,0.4067357776483015,0.451529400607408,2105,0.3214722052535125,6548,0.06944444444444445,0.9305555555555556,0.2766268010170449,0.9438202247191011,6692
yeast,GSI_MLC_PA_MLP,0.25,4,0.9765856550088915,1.0,0.1892803888832051,6590,0.023414344991108477,158,0.9932918064206996,2073,2087,0.2462211025489034,0.9979253112033195,0.9928769017980636,0.9954042499685652,0.998539229291766,0.9965920155793574,0.30720213396561946,0.5513165142833193,0.4317090998931369,0.5585543407225435,0.41948968528553776,0.4377072453747023,2073,0.31456752655538694,6590,0.08860759493670886,0.9113924050632911,0.27782417582417585,0.9401709401709402,6748
yeast,GSI_MLC_PA_MLP,0.25,5,0.9806394837195659,1.0,0.2347166982714629,6686,0.019360516280434146,132,0.9978840457046128,2358,2363,0.24589322381930184,0.9992666471105897,0.9976043805612594,0.9984444029618568,0.999433237922911,0.9987784021500122,0.3458492226459372,0.5890989685650878,0.4589186735611426,0.569903471091235,0.45137369040896647,0.428037367452995,2358,0.3526772360155549,6686,0.03787878787878788,0.9621212121212122,0.20988072648414205,0.9624060150375939,6818
yeast,GSI_MLC_PA_MLP,0.30,1,0.9132547864506627,1.0,0.2213931169583986,6201,0.08674521354933726,589,0.985369711348359,2492,2529,0.27942562592047127,0.9945508100147276,0.9819882179675995,0.9886664423777826,0.9955539836709442,0.9910215966998301,0.36701030927835054,0.5839314351170022,0.45966732794475273,0.5595898319817576,0.45092339702716233,0.4226822199478121,2492,0.4018706660216094,6201,0.06281833616298811,0.9371816638370118,0.3419715006808075,0.9153318077803204,6790
yeast,GSI_MLC_PA_MLP,0.30,2,0.9478645066273932,1.0,0.23778264148791076,6436,0.05213549337260678,354,0.9835924006908463,2278,2316,0.28995581737849785,0.9944035346097202,0.9797365406643757,0.9866001258360264,0.995494402680536,0.9907990314769975,0.3354933726067747,0.5401476644775614,0.4102589030735275,0.5519070685205041,0.4157531599173645,0.4391223642303065,2278,0.35394655065257924,6436,0.10734463276836158,0.8926553672316384,0.29865891141732764,0.9025641025641026,6790
yeast,GSI_MLC_PA_MLP,0.30,3,0.9137776449491931,1.0,0.190413179132071,6115,0.08622235505080693,577,0.9791962174940898,2071,2115,0.28070830842797373,0.9934249850567842,0.9780658497708707,0.9858606061534932,0.9881435525832131,0.9893307468477207,0.30947399880454274,0.526113495987973,0.4023911688859809,0.533109610642986,0.3985007990821955,0.4423520027664007,2071,0.33867538838920686,6115,0.07625649913344887,0.9237435008665511,0.2916623703798895,0.9166666666666666,6692
yeast,GSI_MLC_PA_MLP,0.30,4,0.8967101363366924,1.0,0.1892803888832051,6051,0.10328986366330764,697,0.9693339722089123,2023,2087,0.2784973325429757,0.990515708358032,0.9656342620035566,0.9766791875713037,0.9916831997790715,0.98451862602806,0.299792531120332,0.5240738744888123,0.4129840374958753,0.551698311209849,0.4074162957342403,0.4282049307863334,2023,0.3343249049743844,6051,0.09182209469153516,0.9081779053084649,0.31199499630907096,0.8836363636363637,6748
yeast,GSI_MLC_PA_MLP,0.30,5,0.9467585802288061,1.0,0.2347166982714629,6455,0.0532414197711939,363,0.9898434193821414,2339,2363,0.2875476679378117,0.9964799061308302,0.9884423584628922,0.992639211119704,0.9969188146367333,0.9941491955143832,0.3430624816661777,0.5799369464667206,0.4531134817189898,0.5673890478050572,0.4467444837733374,0.4230530149966748,2339,0.36235476374903175,6455,0.06611570247933884,0.9338842975206612,0.3469242270973192,0.9294117647058824,6818
yeast,GSI_MLC_PA_MLP,0.35,1,0.7994108983799706,1.0,0.2213931169583986,5428,0.20058910162002946,1362,0.944642151047845,2389,2529,0.3004123711340206,0.979381443298969,0.9341400752740959,0.9574291936754034,0.955264446592376,0.9664268585131894,0.351840942562592,0.5360832924234986,0.42843007924237353,0.5193002949031893,0.4263286588405216,0.4174382462576368,2389,0.4401252763448784,5428,0.1027900146842878,0.8972099853157122,0.49014509651796684,0.8497854077253219,6790
yeast,GSI_MLC_PA_MLP,0.35,2,0.8726067746686303,1.0,0.23778264148791076,5925,0.12739322533136965,865,0.9512089810017271,2203,2316,0.32205449189985264,0.9833578792341678,0.9434920634920635,0.9631177090546406,0.9824695040930367,0.9728691476590636,0.32444771723122234,0.5039031873052492,0.3867764862921417,0.5388821699330049,0.3978232760994306,0.4271123321297107,2203,0.37181434599156116,5925,0.130635838150289,0.869364161849711,0.5607077494984102,0.879144385026738,6790
yeast,GSI_MLC_PA_MLP,0.35,3,0.7981171548117155,1.0,0.190413179132071,5341,0.20188284518828453,1351,0.9352245862884161,1978,2115,0.29981320980274956,0.9795277943813508,0.9367544995683071,0.9598866170611187,0.9266906829294151,0.967169901749341,0.29557680812910936,0.4848021457854094,0.37641717979360634,0.47165674098918814,0.3763399539838158,0.4353987955399171,1978,0.3703426324658304,5341,0.10140636565507032,0.8985936343449297,0.4539611639886365,0.8716026241799437,6692
yeast,GSI_MLC_PA_MLP,0.35,4,0.7624481327800829,0.995850622406639,0.1892803888832051,5145,0.237551867219917,1603,0.9113560134163872,1902,2087,0.2942723770005928,0.9725844694724363,0.9137127049990119,0.9419835466515964,0.9505401802910537,0.9557098395977974,0.2818612922347362,0.47215231748426756,0.3782883965761681,0.5105552917218312,0.3786075093039778,0.4202087109154821,1902,0.36967930029154517,5145,0.11540860885839052,0.8845913911416095,0.3496332191223832,0.8340807174887892,6748
yeast,GSI_MLC_PA_MLP,0.35,5,0.8552361396303901,1.0,0.2347166982714629,5831,0.14476386036960986,987,0.950486669487939,2246,2363,0.3164931064828395,0.982839542387797,0.9440174700954987,0.9632272037393429,0.9793629136104933,0.971691265424631,0.3294221179231446,0.5355120580993271,0.4237014743386287,0.5498331467788171,0.42428655368358525,0.4129527571948328,2246,0.38518264448636597,5831,0.11854103343465046,0.8814589665653495,0.5279756645274947,0.8774869109947644,6818
yeast,GSI_MLC_PA_MLP,0.40,1,0.6198821796759941,1.0,0.2213931169583986,4209,0.3801178203240059,2581,0.8169236852510874,2066,2529,0.31614138438880707,0.9318114874815906,0.8111888397970873,0.8742519013228536,0.8410262504634906,0.8927992590877518,0.3042709867452136,0.4131320569464901,0.34525278688982375,0.40506209877430394,0.352701059415084,0.40356316798914144,2066,0.4908529341886434,4209,0.17938783417280124,0.8206121658271988,0.508181078073836,0.7711319822046465,6790
yeast,GSI_MLC_PA_MLP,0.40,2,0.7166421207658321,1.0,0.23778264148791076,4866,0.2833578792341679,1924,0.8406735751295337,1947,2316,0.3410014727540501,0.9456553755522827,0.8473122238586156,0.900204659904478,0.9197331094805785,0.9144843568945539,0.28674521354933724,0.4077233476718013,0.32386343714197907,0.47614577532054664,0.3394384853349208,0.40900814099467675,1947,0.4001233045622688,4866,0.19178794178794178,0.8082120582120582,0.5213938568075575,0.8110599078341014,6790
yeast,GSI_MLC_PA_MLP,0.40,3,0.64584578601315,0.9916317991631799,0.190413179132071,4322,0.35415421398685,2370,0.8307328605200945,1757,2115,0.31183502689778836,0.9465032875074716,0.8477676495981936,0.8999414852109905,0.8540805080359297,0.9161592505854801,0.2625523012552301,0.3958152958152959,0.31647204794347816,0.3990465660957027,0.32532930281995487,0.45198940485605527,1757,0.4065247570569181,4322,0.15105485232067511,0.8489451476793248,0.5567576699753041,0.8167860798362334,6692
yeast,GSI_MLC_PA_MLP,0.40,4,0.5751333728512151,0.950207468879668,0.1892803888832051,3881,0.4248666271487848,2867,0.7690464781983709,1605,2087,0.30148192056905754,0.9285714285714286,0.7974576829348614,0.8618044804705776,0.8276035042702424,0.8872778297474275,0.23784825133372856,0.35589729542011705,0.2981093303951492,0.3876186157010199,0.3101754994536079,0.41122670424011265,1605,0.41355320793609895,3881,0.16811998604813394,0.8318800139518661,0.45860252846240873,0.7666989351403679,6748
yeast,GSI_MLC_PA_MLP,0.40,5,0.6768847169257847,1.0,0.2347166982714629,4615,0.32311528307421533,2203,0.8066017774016081,1906,2363,0.337782340862423,0.9329715459078909,0.8103329422117923,0.8745057192246022,0.8971041722215544,0.8937456405487096,0.27955412144323843,0.4018275302156206,0.334979989823888,0.4675744053898782,0.3463409288076639,0.39884429851218517,1906,0.41300108342361863,4615,0.20744439400817066,0.7925556059918293,0.5212112682354234,0.7765281173594132,6818
yeast,GSI_MLC_PA_MLP,0.50,1,0.0,0.0,0.2213931169583986,0,1.0,6790,0.0,0,2529,0.372459499263623,0.627540500736377,0.39805678285059726,0.5289991144330298,0.4359641516891866,0.5400981996726678,0.0,0.0,0.0,0.0,0.0,,0,,0,0.372459499263623,0.627540500736377,0.4359641516891866,0.5400981996726678,6790
yeast,GSI_MLC_PA_MLP,0.50,2,0.0,0.0,0.23778264148791076,0,1.0,6790,0.0,0,2316,0.3410898379970545,0.6589101620029455,0.4395888761868143,0.5763412227624989,0.4435873341600319,0.575045871559633,0.0,0.0,0.0,0.0,0.0,,0,,0,0.3410898379970545,0.6589101620029455,0.4435873341600319,0.575045871559633,6790
yeast,GSI_MLC_PA_MLP,0.50,3,0.0,0.0,0.190413179132071,0,1.0,6692,0.0,0,2115,0.3160490137477585,0.6839509862522415,0.4519523537828977,0.5834694372675123,0.455033941940227,0.5908299477655252,0.0,0.0,0.0,0.0,0.0,,0,,0,0.3160490137477585,0.6839509862522415,0.455033941940227,0.5908299477655252,6692
yeast,GSI_MLC_PA_MLP,0.50,4,0.0,0.0,0.1892803888832051,0,1.0,6748,0.0,0,2087,0.30927682276229995,0.6907231772377,0.44156038751474436,0.5636951500754284,0.4399848885692225,0.5771023302938196,0.0,0.0,0.0,0.0,0.0,,0,,0,0.30927682276229995,0.6907231772377,0.4399848885692225,0.5771023302938196,6748
yeast,GSI_MLC_PA_MLP,0.50,5,0.0,0.0,0.2347166982714629,0,1.0,6818,0.0,0,2363,0.3465825755353476,0.6534174244646525,0.4085054119961717,0.5395257294007142,0.42952976683167615,0.5474047117410458,0.0,0.0,0.0,0.0,0.0,,0,,0,0.3465825755353476,0.6534174244646525,0.42952976683167615,0.5474047117410458,6818
yeast,MLC_PA_SVM,0.20,1,0.46892488954344624,1.0,0.09946884450923119,3184,0.5310751104565538,3606,0.7312223858615611,993,1358,0.14754050073637703,0.9462444771723122,0.8366838487972508,0.8874551221973902,0.6505831403688779,0.9037193352677394,0.14624447717231215,0.34323187694321705,0.2870629942794891,0.32599184418194005,0.2778240184633317,0.41526043109346805,993,0.3118718592964824,3184,0.10122018857459789,0.8987798114254021,0.2809739525119224,0.5228758169934641,6790
yeast,MLC_PA_SVM,0.20,2,0.4681885125184094,1.0,0.09790875068193047,3179,0.5318114874815906,3611,0.7255474452554744,994,1370,0.14901325478645067,0.9446244477172312,0.8265472099492718,0.8786335657469677,0.6551989089607683,0.9013641133263379,0.1463917525773195,0.3329864179348715,0.27689438854387294,0.3289294874033409,0.27425469579775874,0.38308658489998776,994,0.3126769424347279,3179,0.10412628080864027,0.8958737191913597,0.27123476613471603,0.5403422982885085,6790
yeast,MLC_PA_SVM,0.20,3,0.4722056186491333,1.0,0.09828104481856424,3160,0.5277943813508668,3532,0.7309721175584024,970,1327,0.14778840406455468,0.946652719665272,0.8379732018330346,0.8875890907025537,0.6597189163098041,0.9057301293900185,0.1449491930663479,0.3395131832370328,0.2809165094483824,0.3321618796430606,0.2720011754844154,0.38744650372873096,970,0.3069620253164557,3160,0.10107587768969423,0.8989241223103057,0.25617954160132805,0.5333333333333333,6692
yeast,MLC_PA_SVM,0.20,4,0.46799051570835803,1.0,0.10166425208752276,3158,0.532009484291642,3590,0.7214814814814815,974,1350,0.14931831653823358,0.944279786603438,0.829706445007275,0.8814136132356781,0.6494360369271664,0.9005291005291005,0.1443390634262003,0.3375850233215379,0.2776609113501962,0.32423901152116086,0.27366342888730943,0.38301953603153865,974,0.3084230525649145,3158,0.10473537604456824,0.8952646239554317,0.26300704304406397,0.5480769230769231,6748
yeast,MLC_PA_SVM,0.20,5,0.4865063068348489,1.0,0.09820025761514938,3317,0.513493693165151,3501,0.7540740740740741,1018,1350,0.1459958932238193,0.9513053681431505,0.8511326227958671,0.896511975362078,0.6722318858530537,0.9125855713533438,0.14931064828395424,0.3676843975098595,0.29936196589174,0.34586040289274306,0.28716936713580776,0.37974978223891087,1018,0.30690382876092853,3317,0.09483004855755499,0.905169951442445,0.27667766108031594,0.5160349854227405,6818
yeast,MLC_PA_SVM,0.25,1,0.3304860088365243,0.9958762886597938,0.09946884450923119,2244,0.6695139911634757,4546,0.5633284241531664,765,1358,0.1699558173784978,0.9126656848306333,0.7495254459171985,0.8202584357223534,0.5556028838326333,0.8416555407209613,0.11266568483063322,0.2560734740631648,0.21986630780445227,0.23101158764569552,0.21576022391655358,0.4581317423421569,765,0.3409090909090909,2244,0.1304443466783986,0.8695556533216013,0.27853222142446127,0.6136807817589577,6790
yeast,MLC_PA_SVM,0.25,2,0.33814432989690724,1.0,0.09790875068193047,2296,0.6618556701030928,4494,0.591970802919708,811,1370,0.16686303387334314,0.9176730486008836,0.7521976763213877,0.8223288052154032,0.5695941317724584,0.8517634579687086,0.11944035346097193,0.2586368843069874,0.22058962801230841,0.24332471021503105,0.22465404044012938,0.4191586677619096,811,0.35322299651567945,2296,0.12438807298620383,0.8756119270137962,0.2659104332450067,0.6348791639451339,6790
yeast,MLC_PA_SVM,0.25,3,0.33173939031679617,1.0,0.09828104481856424,2220,0.6682606096832038,4472,0.5712132629992465,758,1327,0.1679617453676031,0.9149731022115959,0.7546008501029421,0.8230203664304082,0.5669313314621903,0.8474121748458031,0.11326957561267181,0.2561408315069403,0.21634778517623698,0.23937429479544686,0.21368322094019998,0.42476201450310397,758,0.34144144144144145,2220,0.12723613595706618,0.8727638640429338,0.2577136172953579,0.6259040105193951,6692
yeast,MLC_PA_SVM,0.25,4,0.32928275044457617,1.0,0.10166425208752276,2222,0.6707172495554238,4526,0.5592592592592592,755,1350,0.1704949614700652,0.9118257261410788,0.7482279822528785,0.8179894909148021,0.5671031275144036,0.841797394310024,0.11188500296384107,0.2561065605671414,0.2142367890293202,0.24190610210839802,0.2149317226682329,0.38526703314075444,755,0.3397839783978398,2222,0.13146266018559435,0.8685373398144056,0.2711457673691254,0.6320346320346321,6748
yeast,MLC_PA_SVM,0.25,5,0.34130243473159283,0.997946611909651,0.09820025761514938,2327,0.6586975652684072,4491,0.6,810,1350,0.1645277207392197,0.9207978879436785,0.7619487630781264,0.8301493684208987,0.5953844790769259,0.8558462359850507,0.11880316808448221,0.2785005377921188,0.23299935895056068,0.2690129961166153,0.23043003176751464,0.37692121609553664,810,0.3480876665234207,2327,0.12024048096192384,0.8797595190380761,0.2730932223361453,0.6442687747035574,6818
yeast,MLC_PA_SVM,0.30,1,0.22503681885125185,0.9876288659793815,0.09946884450923119,1528,0.7749631811487482,5262,0.42415316642120765,576,1358,0.18268041237113403,0.8848306332842415,0.6816650302732777,0.7667360474576969,0.48741871645290047,0.7911324786324786,0.08483063328424145,0.18821305841924402,0.16634391953979577,0.16282742026596264,0.1652371618280709,0.44760540030775936,576,0.3769633507853403,1528,0.14861269479285444,0.8513873052071456,0.29964085518531974,0.6561125769569042,6790
yeast,MLC_PA_SVM,0.30,2,0.23460972017673049,0.9855670103092784,0.09790875068193047,1593,0.7653902798232695,5197,0.4474452554744526,613,1370,0.18187039764359353,0.8885125184094256,0.6859302896416298,0.7688371193525833,0.5038750243916649,0.7984021304926764,0.09027982326951389,0.19236949762722955,0.16709794214948848,0.17760560283423749,0.1712927129640972,0.422734142189532,613,0.38480853735091025,1593,0.14566095824514141,0.8543390417548586,0.2960559763653495,0.6506691278264882,6790
yeast,MLC_PA_SVM,0.30,3,0.22369994022713688,0.9874476987447699,0.09828104481856424,1497,0.7763000597728631,5195,0.4295403165033911,570,1327,0.18023012552301254,0.8868798565451285,0.6860928471807133,0.7704056055520491,0.4999836648566678,0.7973226238286479,0.08517632994620439,0.18763282858471148,0.16373302429787784,0.17242662818992432,0.1635936699230448,0.45783774104081953,570,0.3807615230460922,1497,0.14571703561116459,0.8542829643888354,0.2881282761152783,0.6657836644591612,6692
yeast,MLC_PA_SVM,0.30,4,0.21917605216360403,0.983402489626556,0.10166425208752276,1479,0.780823947836396,5269,0.4059259259259259,548,1350,0.18460284528749257,0.8811499703615886,0.6707654493961548,0.7578936494850578,0.5026582964813328,0.785904965296316,0.08120924718435085,0.1786440277104177,0.15414094759957586,0.17746127107532716,0.15903929365452496,0.38888857995084436,548,0.3705206220419202,1479,0.15221104573922944,0.8477889542607706,0.2839843350030277,0.6513043478260869,6748
yeast,MLC_PA_SVM,0.30,5,0.22733939571721912,0.9794661190965093,0.09820025761514938,1550,0.7726606042827808,5268,0.4274074074074074,577,1350,0.18157817541801113,0.8866236432971546,0.674315537303217,0.7616736332342082,0.502452845920561,0.7928169391584026,0.08462892343795836,0.1908673120172094,0.1645236237638702,0.1760813629602504,0.1674007349408665,0.3746931187814073,577,0.37225806451612903,1550,0.14673500379650722,0.8532649962034928,0.29398798189884306,0.6611135466900482,6818
yeast,MLC_PA_SVM,0.35,1,0.15301914580265097,0.9298969072164949,0.09946884450923119,1039,0.846980854197349,5751,0.30927835051546393,420,1358,0.19170103092783505,0.8618556701030928,0.6298699067255767,0.723737522500409,0.44380124114381,0.7486602357984995,0.061855670103092786,0.13641793487154302,0.12334539458250793,0.11920994495687215,0.12276491899409181,0.5391053382666818,420,0.40423484119345526,1039,0.16310206920535558,0.8368979307946445,0.3066134691339201,0.6581632653061225,6790
yeast,MLC_PA_SVM,0.35,2,0.16038291605301916,0.9505154639175257,0.09790875068193047,1089,0.8396170839469809,5701,0.3416058394160584,468,1370,0.18897643593519883,0.8671575846833579,0.6363524791359844,0.728423455124486,0.4519671679692708,0.7583065380493034,0.06892488954344622,0.14279168712158408,0.12668427792139125,0.1256977464118434,0.1311971205207242,0.44571657371578943,468,0.4297520661157025,1089,0.15821785651640063,0.8417821434835994,0.31369037015396456,0.6606471030850264,6790
yeast,MLC_PA_SVM,0.35,3,0.1480872683801554,0.9393305439330544,0.09828104481856424,991,0.8519127316198446,5701,0.3089675960813866,410,1327,0.18885983263598324,0.8629707112970711,0.6312661884837617,0.7246337460772606,0.4485418493448091,0.7527635481261795,0.06126718469814707,0.1328061698877599,0.11796116482308938,0.12098481267806566,0.11903459422057638,0.5055065257898517,410,0.41372351160444,991,0.16084897386423436,0.8391510261357656,0.30757111432993484,0.661498708010336,6692
yeast,MLC_PA_SVM,0.35,4,0.14819205690574985,0.9336099585062241,0.10166425208752276,1000,0.8518079430942501,5748,0.30148148148148146,407,1350,0.19161232957913457,0.8602548903378779,0.6229108662199948,0.7175858316418483,0.4523637823234364,0.7463007801990853,0.0603141671606402,0.13078944453425773,0.11383312975636639,0.1271667569174308,0.11943510855729422,0.4630797715851992,407,0.407,1000,0.1640570633263744,0.8359429366736256,0.29595260227920583,0.653436236677692,6748
yeast,MLC_PA_SVM,0.35,5,0.1538574361982986,0.9383983572895277,0.09820025761514938,1049,0.8461425638017014,5769,0.30962962962962964,418,1350,0.19054708125550016,0.8633030214139044,0.6240727160131678,0.7220933526888352,0.45805906231935867,0.7508021390374332,0.06130830155470812,0.1406244907271602,0.1249433432184972,0.131687579359048,0.12538593481989713,0.46900675034413675,418,0.3984747378455672,1049,0.16155312879181835,0.8384468712081816,0.3096200712355245,0.6558345642540621,6818
yeast,MLC_PA_SVM,0.40,1,0.10073637702503682,0.8103092783505155,0.09946884450923119,684,0.8992636229749632,6106,0.21649484536082475,294,1358,0.19699558173784976,0.843298969072165,0.5887571592210767,0.6878124052350857,0.40907926443377635,0.7121212121212122,0.043298969072164906,0.09530518736704302,0.0874202773171846,0.08448796824683852,0.08622589531680447,0.5780573151518684,294,0.4298245614035088,684,0.17425483131346217,0.8257451686865378,0.3233685127335583,0.65,6790
yeast,MLC_PA_SVM,0.40,2,0.10147275405007364,0.8164948453608247,0.09790875068193047,689,0.8985272459499264,6101,0.23065693430656933,316,1370,0.19581737849779085,0.8447717231222386,0.5892096219931271,0.6888676844346949,0.4072043664607019,0.7145178764897074,0.0465390279823269,0.09564882997872681,0.08712850723160015,0.08093494490327452,0.08740845896112825,0.5539466324356985,316,0.45863570391872277,689,0.17275856416980823,0.8272414358301918,0.31813676994176465,0.6484322881921281,6790
yeast,MLC_PA_SVM,0.40,3,0.09533771667662881,0.797071129707113,0.09828104481856424,638,0.9046622833233712,6054,0.20422004521477016,271,1327,0.19593544530783022,0.8421996413628212,0.5851356511921365,0.6853307663977121,0.40506975471252726,0.7122615803814714,0.04049611476389714,0.0866756325961347,0.07865818514354084,0.0775127180457838,0.07853262647586823,0.6099634567597474,271,0.42476489028213166,638,0.17443012884043607,0.8255698711595639,0.31412693284343857,0.6491694352159468,6692
yeast,MLC_PA_SVM,0.40,4,0.09588026081802016,0.8070539419087137,0.10166425208752276,647,0.9041197391819799,6101,0.20666666666666667,279,1350,0.19706579727326612,0.8412863070539419,0.5783033356684808,0.6785604782492749,0.41056976962764896,0.7088882848600163,0.04134558387670417,0.08618191398274372,0.07480777636379299,0.08537274422164337,0.08202261321822524,0.510020478043723,279,0.4312210200927357,647,0.17554499262415998,0.82445500737584,0.30856134870011054,0.6440677966101694,6748
yeast,MLC_PA_SVM,0.40,5,0.09797594602522734,0.8254620123203286,0.09820025761514938,668,0.9020240539747727,6150,0.21703703703703703,293,1350,0.19422117923144613,0.8449691991786448,0.5775504383820605,0.6845154845154845,0.40964413607321026,0.7120675565241079,0.04297447931944853,0.09410221309605293,0.08736547504514647,0.08327265311289961,0.08665135230657184,0.44834975936587285,293,0.43862275449101795,668,0.171869918699187,0.828130081300813,0.31985026815888934,0.6475491830610204,6818
yeast,MLC_PA_SVM,0.50,1,0.0,0.0,0.09946884450923119,0,1.0,6790,0.0,0,1358,0.2,0.8,0.4934519718540337,0.6003921279179011,0.3245912961869378,0.6258953168044077,0.0,0.0,0.0,0.0,0.0,,0,,0,0.2,0.8,0.3245912961869378,0.6258953168044077,6790
yeast,MLC_PA_SVM,0.50,2,0.0,0.0,0.09790875068193047,0,1.0,6790,0.0,0,1370,0.20176730486008837,0.7982326951399117,0.4935607920144003,0.6017391772030948,0.3262694215574274,0.6271094175285792,0.0,0.0,0.0,0.0,0.0,,0,,0,0.20176730486008837,0.7982326951399117,0.3262694215574274,0.6271094175285792,6790
yeast,MLC_PA_SVM,0.50,3,0.0,0.0,0.09828104481856424,0,1.0,6692,0.0,0,1327,0.19829647340107592,0.8017035265989241,0.4984600185960018,0.6066725812541712,0.32755703666674346,0.6337289539056031,0.0,0.0,0.0,0.0,0.0,,0,,0,0.19829647340107592,0.8017035265989241,0.32755703666674346,0.6337289539056031,6692
yeast,MLC_PA_SVM,0.50,4,0.0,0.0,0.10166425208752276,0,1.0,6748,0.0,0,1350,0.2000592768227623,0.7999407231772377,0.4921214216857371,0.6037527018854819,0.3251970254060056,0.6268656716417911,0.0,0.0,0.0,0.0,0.0,,0,,0,0.2000592768227623,0.7999407231772377,0.3251970254060056,0.6268656716417911,6748
yeast,MLC_PA_SVM,0.50,5,0.0,0.0,0.09820025761514938,0,1.0,6818,0.0,0,1350,0.19800528014080376,0.8019947198591962,0.4834482252860076,0.597150009470338,0.32637148296031065,0.6254162042175361,0.0,0.0,0.0,0.0,0.0,,0,,0,0.19800528014080376,0.8019947198591962,0.32637148296031065,0.6254162042175361,6818
yeast,GSI_MLC_PA_SVM,0.20,1,0.403240058910162,1.0,0.11136335034464677,2738,0.596759941089838,4052,0.6340579710144928,875,1380,0.1550220913107511,0.9256259204712813,0.7781950580919653,0.8439434738161239,0.6356148866049571,0.8648648648648649,0.12886597938144329,0.2805790601151426,0.23788323394145106,0.27831698541146455,0.2348380552133904,0.41846185973987404,875,0.3195763330898466,2738,0.12462981243830207,0.8753701875616979,0.2879351770978244,0.5185891325071497,6790
yeast,GSI_MLC_PA_SVM,0.20,2,0.38321060382916056,0.9917525773195877,0.11791244320595876,2602,0.6167893961708395,4188,0.61794500723589,854,1382,0.1544035346097202,0.922238586156112,0.770089183439699,0.8390365304798294,0.592065537567403,0.8592750533049041,0.12577319587628866,0.25931598756341034,0.2170593781933987,0.23238186771912112,0.21860942667983907,0.41302599014322156,854,0.32820906994619525,2602,0.12607449856733524,0.8739255014326648,0.3435048837750848,0.5424610051993067,6790
yeast,GSI_MLC_PA_SVM,0.20,3,0.3670053795576808,0.9728033472803347,0.10836386465332416,2456,0.6329946204423191,4236,0.6040118870728083,813,1346,0.15304841601912733,0.9203526598924089,0.7628362223550509,0.8293093009897096,0.612857330165468,0.8572193945888026,0.12148834429169164,0.2420457564286017,0.20153783953623972,0.26366697888116614,0.20902284466721344,0.3693870405156378,813,0.3310260586319218,2456,0.12582625118035884,0.8741737488196412,0.35973034158566924,0.5819607843137254,6692
yeast,GSI_MLC_PA_SVM,0.20,4,0.3830764671013634,0.9896265560165975,0.11036444349564883,2585,0.6169235328986367,4163,0.624910007199424,868,1389,0.15382335506816835,0.9227919383521044,0.765540856101022,0.834079013222289,0.6112604878198832,0.8586160108548169,0.12863070539419086,0.2686657625454305,0.22574273216816565,0.252416051443422,0.22951053688952983,0.4385949861601282,868,0.3357833655705996,2585,0.1251501321162623,0.8748498678837378,0.33058707726780756,0.5368888888888889,6748
yeast,GSI_MLC_PA_SVM,0.20,5,0.38882370196538574,0.9958932238193019,0.10519203756349917,2651,0.6111762980346143,4167,0.6530612244897959,896,1372,0.14757993546494572,0.9301848049281314,0.7917945960040416,0.8518753434564522,0.6291949029116114,0.8726591760299626,0.1314168377823408,0.2851047879795313,0.23130949588855132,0.260234818120091,0.2306967543180628,0.49161551243058105,896,0.33798566578649564,2651,0.11423086153107752,0.8857691384689225,0.35153243854537275,0.5672727272727273,6818
yeast,GSI_MLC_PA_SVM,0.25,1,0.3042709867452135,0.9855670103092784,0.11136335034464677,2066,0.6957290132547864,4724,0.5173913043478261,714,1380,0.17415316642120765,0.9019145802650957,0.7249476354115528,0.8022808981329298,0.5830532268816162,0.8224946695095949,0.10515463917525769,0.22733163743473012,0.19622065825825696,0.22575532568812362,0.19246785985812043,0.4152843861013687,714,0.345595353339787,2066,0.1409822184589331,0.8590177815410669,0.2918302237917681,0.6245772266065389,6790
yeast,GSI_MLC_PA_SVM,0.25,2,0.28556701030927834,0.977319587628866,0.11791244320595876,1939,0.7144329896907217,4851,0.5036179450072359,696,1382,0.17242268041237113,0.8989690721649485,0.7118998527245951,0.7920582510273232,0.5421061375336432,0.8175531914893617,0.10250368188512515,0.20112665684830644,0.1700810987408925,0.18242246768536136,0.1768875648642967,0.4528495375660678,696,0.35894791129448167,1939,0.1414141414141414,0.8585858585858586,0.3429883826969628,0.6366525423728814,6790
yeast,GSI_MLC_PA_SVM,0.25,3,0.25059772863120144,0.9393305439330544,0.10836386465332416,1677,0.7494022713687986,5015,0.4650817236255572,626,1346,0.17024058577405857,0.8924088463837417,0.7015391512253437,0.7793613348529667,0.5493291723053473,0.8081023454157783,0.0935445307830245,0.18074868529889454,0.1515898733994968,0.20013882102104547,0.15990579549418915,0.3602039823949294,626,0.37328562909958257,1677,0.14356929212362912,0.8564307078763709,0.3596231005525635,0.6521739130434783,6692
yeast,GSI_MLC_PA_SVM,0.25,4,0.27593360995850624,0.9730290456431535,0.11036444349564883,1862,0.7240663900414938,4886,0.48740100791936647,677,1389,0.17449614700652044,0.8944872554831061,0.7024999550933161,0.7849568989305381,0.5510871196482477,0.8081896551724138,0.10032602252519263,0.20562486153772463,0.1766206178764148,0.19224268327178656,0.17908418120712677,0.49578577336988777,677,0.3635875402792696,1862,0.14572247237003683,0.8542775276299632,0.33516050508936324,0.6264428121720882,6748
yeast,GSI_MLC_PA_SVM,0.25,5,0.28219419184511585,0.9815195071868583,0.10519203756349917,1924,0.7178058081548842,4894,0.5211370262390671,715,1372,0.16691111762980346,0.9036374303314755,0.7189229490564193,0.7968309810198928,0.5675396538501917,0.82456608811749,0.10486946318568491,0.21223314103190905,0.1762651334519919,0.1985795690586713,0.18260366640559023,0.49139801085191526,715,0.3716216216216216,1924,0.13424601552921944,0.8657539844707806,0.3469870674734932,0.6576341844710787,6818
yeast,GSI_MLC_PA_SVM,0.30,1,0.21148748159057437,0.9628865979381444,0.11136335034464677,1436,0.7885125184094256,5354,0.39492753623188404,545,1380,0.18642120765832104,0.8770250368188512,0.6666519391261659,0.7552545110034496,0.5344032179214437,0.7797414930097599,0.08026509572901319,0.16903594114934323,0.1491942711287768,0.17710531672795116,0.14971468335828542,0.4435057327651843,545,0.37952646239554316,1436,0.1559581621217781,0.844041837878222,0.3142067122782893,0.6626262626262627,6790
yeast,GSI_MLC_PA_SVM,0.30,2,0.19941089837997056,0.9463917525773196,0.11791244320595876,1354,0.8005891016200295,5436,0.374095513748191,517,1382,0.18721649484536082,0.8726067746686303,0.6552282768777614,0.7450721786804261,0.5012261317580635,0.7724283083399105,0.07614138438880702,0.14445508100147275,0.12309502639399539,0.14154246190978165,0.1317626817148455,0.5034907117210138,517,0.38183161004431315,1354,0.15912435614422368,0.8408756438557763,0.33670901259381686,0.655515730784548,6790
yeast,GSI_MLC_PA_SVM,0.30,3,0.1567543335325762,0.8702928870292888,0.10836386465332416,1049,0.8432456664674238,5643,0.33209509658246655,447,1346,0.18136580992229526,0.8656604901374776,0.64676064289035,0.7376522826313621,0.48847184512733655,0.7628594038512266,0.06679617453676034,0.12597017696390078,0.10988082117789222,0.13928149384303473,0.11466285392963749,0.3714166650575551,447,0.4261201143946616,1049,0.1593124224703172,0.8406875775296828,0.3617391556331614,0.6813186813186813,6692
yeast,GSI_MLC_PA_SVM,0.30,4,0.18479549496147007,0.9315352697095436,0.11036444349564883,1247,0.8152045050385299,5501,0.35205183585313177,489,1389,0.18881149970361588,0.8666271487848252,0.6404534377563423,0.7334857627388748,0.5024656025246516,0.7596153846153846,0.07246591582691164,0.14357834420075088,0.12514948168475148,0.14362116614819037,0.13050991065009754,0.5475161509598472,489,0.3921411387329591,1247,0.16360661697873113,0.8363933830212689,0.3322712262525561,0.6519721577726219,6748
yeast,GSI_MLC_PA_SVM,0.30,5,0.19111176298034616,0.9425051334702259,0.10519203756349917,1303,0.8088882370196538,5515,0.380466472303207,522,1372,0.1820035200938692,0.8753300088002347,0.6558415631824257,0.7472023869354465,0.5234937659702401,0.7763157894736842,0.07656204165444414,0.14915175515791546,0.1266365393675456,0.15453368117871974,0.13435336776178441,0.41111127154309773,522,0.4006139677666922,1303,0.1541251133272892,0.8458748866727108,0.35810556141313343,0.6792452830188679,6818
yeast,GSI_MLC_PA_SVM,0.35,1,0.14491899852724596,0.9072164948453608,0.11136335034464677,984,0.855081001472754,5806,0.29492753623188406,407,1380,0.19402061855670105,0.8567010309278351,0.6266764850270005,0.7213657765992514,0.4913139566495179,0.7440147329650092,0.059941089837997064,0.12906048705017775,0.11530553672457855,0.1340160554560253,0.11398792331353469,0.4465482313074929,407,0.4136178861788618,984,0.1675852566310713,0.8324147433689287,0.32123409346683307,0.6645984143398828,6790
yeast,GSI_MLC_PA_SVM,0.35,2,0.13166421207658321,0.8474226804123711,0.11791244320595876,894,0.8683357879234168,5896,0.2706222865412446,374,1382,0.19453608247422682,0.8515463917525773,0.6147488136147929,0.712855231824304,0.46524812838518,0.7372262773722628,0.055081001472753965,0.10397561773850428,0.0908780795378733,0.10556445853689811,0.09656065074719777,0.4814380845970494,374,0.41834451901565994,894,0.17096336499321574,0.8290366350067843,0.3487897510556895,0.6642238507661559,6790
yeast,GSI_MLC_PA_SVM,0.35,3,0.10011954572624028,0.7656903765690377,0.10836386465332416,670,0.8998804542737597,6022,0.22065378900445765,297,1346,0.19179617453676032,0.8432456664674238,0.6028109849239557,0.7000794881548019,0.43612892434633593,0.7245996324494618,0.04438135086670658,0.08202051899750651,0.07230802670133207,0.08693857306203412,0.07640308252787265,0.406230724390716,297,0.44328358208955226,670,0.17419461972766523,0.8258053802723347,0.3533439232389618,0.6741223982603293,6692
yeast,GSI_MLC_PA_SVM,0.35,4,0.12507409602845287,0.8464730290456431,0.11036444349564883,844,0.8749259039715471,5904,0.25413966882649386,353,1389,0.19730290456431537,0.8464730290456431,0.6035256237538396,0.7018808876692694,0.4633873740283684,0.724907063197026,0.05231179608772962,0.1066505301982481,0.09354460661514608,0.1045429376519072,0.09580158923173898,0.5435207624463785,353,0.41824644549763035,844,0.17547425474254744,0.8245257452574526,0.339431048931689,0.6548967355096602,6748
yeast,GSI_MLC_PA_SVM,0.35,5,0.1229099442651804,0.8418891170431212,0.10519203756349917,838,0.8770900557348196,5980,0.24927113702623907,342,1372,0.19408917571135234,0.8489293047814608,0.6045785665395521,0.7048715145224385,0.47124052962275487,0.7317708333333334,0.05016133763567021,0.09788875851504186,0.08430566695453756,0.1022804448312345,0.0898084116214336,0.4354084945412899,342,0.4081145584725537,838,0.17224080267558528,0.8277591973244147,0.35818229880754393,0.666882276843467,6818
yeast,GSI_MLC_PA_SVM,0.40,1,0.09337260677466863,0.7731958762886598,0.11136335034464677,634,0.9066273932253314,6156,0.19420289855072465,268,1380,0.20111929307805596,0.8362297496318115,0.5806463753886434,0.6811373506218867,0.4457702319646953,0.7051961823966065,0.03946980854197346,0.08303037741182068,0.0750771107472139,0.0884723307712027,0.07516937274513202,0.4920319762885741,268,0.4227129337539432,634,0.1806367771280052,0.8193632228719948,0.3419722160826594,0.65184721352536,6790
yeast,GSI_MLC_PA_SVM,0.40,2,0.08586156111929308,0.7072164948453609,0.11791244320595876,583,0.9141384388807069,6207,0.18596237337192476,257,1382,0.20002945508100145,0.8343151693667158,0.5812960235640648,0.6854565137039363,0.43262502691827637,0.706342991386061,0.037849779086892466,0.07052282768777618,0.06347936141750565,0.0729413570699945,0.06567736476099606,0.45432845815367967,257,0.44082332761578047,583,0.18124697921701305,0.818753020782987,0.35669515504301436,0.6579507449072667,6790
yeast,GSI_MLC_PA_SVM,0.40,3,0.06186491332934847,0.602510460251046,0.10836386465332416,414,0.9381350866706515,6278,0.13818722139673106,186,1346,0.1980872683801554,0.826658696951584,0.573279869827987,0.6737409150589067,0.40312509359401993,0.6961760083813515,0.02779438135086676,0.05248940390153778,0.045969453605436805,0.05393474230971812,0.04797945845976237,0.3753085308005217,186,0.4492753623188406,414,0.18477222045237338,0.8152277795476266,0.3543754377469882,0.6649335644136337,6692
yeast,GSI_MLC_PA_SVM,0.40,4,0.08061647895672792,0.7053941908713693,0.11036444349564883,544,0.919383521043272,6204,0.17926565874730022,249,1389,0.20118553645524598,0.8310610551274451,0.5704244579763251,0.6742185776418143,0.4295765156071134,0.696969696969697,0.03689982216953158,0.07354936442073368,0.06588229658769096,0.07073207923065222,0.06786422300440997,0.5213984173524243,249,0.4577205882352941,544,0.18375241779497098,0.816247582205029,0.34644983650135586,0.6498771498771498,6748
yeast,GSI_MLC_PA_SVM,0.40,5,0.0767087122323262,0.702258726899384,0.10519203756349917,523,0.9232912877676738,6295,0.17201166180758018,236,1372,0.19730126136696977,0.8333822235259607,0.5718987321143378,0.6786947025140042,0.4327184708706187,0.7038581856100105,0.03461425638017013,0.06520892408982759,0.058128854946103314,0.06375838607909834,0.06189576389811069,0.44619832287462846,236,0.45124282982791586,523,0.18046068308181096,0.819539316918189,0.3624711022864,0.6606929510155317,6818
yeast,GSI_MLC_PA_SVM,0.50,1,0.0,0.0,0.11136335034464677,0,1.0,6790,0.0,0,1380,0.203240058910162,0.796759941089838,0.4976159979768227,0.6060602398746728,0.3572979011934926,0.6300268096514745,0.0,0.0,0.0,0.0,0.0,,0,,0,0.203240058910162,0.796759941089838,0.3572979011934926,0.6300268096514745,6790
yeast,GSI_MLC_PA_SVM,0.50,2,0.0,0.0,0.11791244320595876,0,1.0,6790,0.0,0,1382,0.20353460972017673,0.7964653902798233,0.5107731958762887,0.6219771522864307,0.3596836698482819,0.640665626625065,0.0,0.0,0.0,0.0,0.0,,0,,0,0.20353460972017673,0.7964653902798233,0.3596836698482819,0.640665626625065,6790
yeast,GSI_MLC_PA_SVM,0.50,3,0.0,0.0,0.10836386465332416,0,1.0,6692,0.0,0,1346,0.20113568439928273,0.7988643156007172,0.5207904659264492,0.6277714614534698,0.3491903512843018,0.6481965499215891,0.0,0.0,0.0,0.0,0.0,,0,,0,0.20113568439928273,0.7988643156007172,0.3491903512843018,0.6481965499215891,6692
yeast,GSI_MLC_PA_SVM,0.50,4,0.0,0.0,0.11036444349564883,0,1.0,6748,0.0,0,1389,0.20583876704208653,0.7941612329579135,0.49687509355559145,0.6083362810541233,0.3588444363764612,0.629105473965287,0.0,0.0,0.0,0.0,0.0,,0,,0,0.20583876704208653,0.7941612329579135,0.3588444363764612,0.629105473965287,6748
yeast,GSI_MLC_PA_SVM,0.50,5,0.0,0.0,0.10519203756349917,0,1.0,6818,0.0,0,1372,0.20123203285420946,0.7987679671457906,0.5066898080245102,0.6205658475679009,0.36896008479152037,0.6419624217118998,0.0,0.0,0.0,0.0,0.0,,0,,0,0.20123203285420946,0.7987679671457906,0.36896008479152037,0.6419624217118998,6818
genbase,MLC_PA_Logistic,0.20,1,0.003898635477582846,0.10526315789473684,0.0009745309228838965,14,0.9961013645224172,3577,0.5714285714285714,4,7,0.0016151489835700365,0.9991645781119465,0.9887218045112782,0.9924812030075187,0.7037037037037037,0.9908814589665653,0.001113895850737956,0.018796992481203034,0.017185821697099812,0.0444444444444444,0.012419920505026827,0.7777777777777778,4,0.2857142857142857,14,0.0008386916410399776,0.99916130835896,0.6296296296296297,0.9900332225913622,3591
genbase,MLC_PA_Logistic,0.20,2,0.004769921436588103,0.09848484848484848,0.0010918586728118492,17,0.995230078563412,3547,0.5,3,6,0.0017957351290684624,0.9991582491582491,0.991161616161616,0.9936868686868688,0.7407407407407407,0.9909365558912386,0.0008417508417508657,0.006944444444444198,0.004112554112554179,0.0864197530864198,0.00922923881806792,0.787878787878788,3,0.17647058823529413,17,0.0008457851705666761,0.9991542148294333,0.5555555555555556,0.9899665551839465,3564
genbase,MLC_PA_Logistic,0.20,3,0.005611672278338945,0.11363636363636363,4.61306107151492e-05,20,0.9943883277216611,3544,0.1111111111111111,1,9,0.003367003367003367,0.9977553310886644,0.9633838383838385,0.9681818181818181,0.7225401544242124,0.9751552795031055,0.0002805836139169182,0.002525252525252486,0.0015151515151514694,0.03703703703703709,0.0031926626806756397,0.9090909090909091,1,0.05,20,0.002257336343115124,0.9977426636568849,0.5442443761284341,0.972972972972973,3564
genbase,MLC_PA_Logistic,0.20,4,0.006172839506172839,0.12878787878787878,7.267208645524376e-05,22,0.9938271604938271,3542,0.6,3,5,0.0017957351290684624,0.999438832772166,0.9924242424242424,0.994949494949495,0.7407407407407407,0.9939393939393939,0.0008417508417507547,0.022727272727272707,0.02272727272727293,0.008122157244964234,0.009229913817069724,0.9142857142857144,3,0.13636363636363635,22,0.000564652738565782,0.9994353472614342,0.5925925925925926,0.9930555555555556,3564
genbase,MLC_PA_Logistic,0.20,5,0.006404901141743247,0.15037593984962405,0.001044132879304431,23,0.9935950988582567,3568,0.3333333333333333,2,6,0.002394876079086605,0.998886104149262,0.9849624060150376,0.9899749373433583,0.6984126984126985,0.9878048780487805,0.000556947925368978,0.006265664160401085,0.006516290726817031,0.03898635477582846,0.0062097860242406044,0.7272727272727273,2,0.08695652173913043,23,0.0011210762331838565,0.9988789237668162,0.6172839506172839,0.9863945578231292,3591
genbase,MLC_PA_Logistic,0.25,1,0.002506265664160401,0.06766917293233082,0.0009745309228838965,9,0.9974937343358395,3582,0.5714285714285714,4,7,0.0014619883040935672,0.9991645781119465,0.9887218045112782,0.9924812030075187,0.7037037037037037,0.9908814589665653,0.001113895850737956,0.018796992481203034,0.017185821697099812,0.0444444444444444,0.012419920505026827,0.6666666666666666,4,0.4444444444444444,9,0.0008375209380234506,0.9991624790619765,0.6296296296296297,0.9903536977491961,3591
genbase,MLC_PA_Logistic,0.25,2,0.004208754208754209,0.08333333333333333,0.0010918586728118492,15,0.9957912457912458,3549,0.5,3,6,0.001893939393939394,0.9991582491582491,0.991161616161616,0.9936868686868688,0.7407407407407407,0.9909365558912386,0.0008417508417508657,0.006944444444444198,0.004112554112554179,0.0864197530864198,0.00922923881806792,0.7666666666666667,3,0.2,15,0.0008453085376162299,0.9991546914623838,0.5555555555555556,0.9900990099009901,3564
genbase,MLC_PA_Logistic,0.25,3,0.003928170594837262,0.08333333333333333,4.61306107151492e-05,14,0.9960718294051627,3550,0.1111111111111111,1,9,0.0032267115600448934,0.9977553310886644,0.9633838383838385,0.9681818181818181,0.7225401544242124,0.9751552795031055,0.0002805836139169182,0.002525252525252486,0.0015151515151514694,0.03703703703703709,0.0031926626806756397,0.9,1,0.07142857142857142,14,0.0022535211267605635,0.9977464788732394,0.5447623766464346,0.9731543624161074,3564
genbase,MLC_PA_Logistic,0.25,4,0.004489337822671156,0.11363636363636363,7.267208645524376e-05,16,0.9955106621773289,3548,0.6,3,5,0.0016835016835016834,0.999438832772166,0.9924242424242424,0.994949494949495,0.7407407407407407,0.9939393939393939,0.0008417508417507547,0.022727272727272707,0.02272727272727293,0.008122157244964234,0.009229913817069724,0.8800000000000001,3,0.1875,16,0.0005636978579481398,0.9994363021420518,0.5925925925925926,0.9933333333333333,3564
genbase,MLC_PA_Logistic,0.25,5,0.004177109440267335,0.09774436090225563,0.001044132879304431,15,0.9958228905597326,3576,0.3333333333333333,2,6,0.0021581732108047896,0.998886104149262,0.9849624060150376,0.9899749373433583,0.6984126984126985,0.9878048780487805,0.000556947925368978,0.006265664160401085,0.006516290726817031,0.03898635477582846,0.0062097860242406044,0.8,2,0.13333333333333333,15,0.0011185682326621924,0.9988814317673378,0.6222222222222222,0.9866666666666667,3591
genbase,MLC_PA_Logistic,0.30,1,0.001113895850737956,0.03007518796992481,0.0009745309228838965,4,0.998886104149262,3587,0.2857142857142857,2,7,0.0017265385686438316,0.9986076301865776,0.9849624060150376,0.9903329752953813,0.6666666666666666,0.9847094801223242,0.000556947925369089,0.015037593984962405,0.015037593984962405,0.007407407407407307,0.006247941660785683,0.6666666666666666,2,0.5,4,0.0013939224979091162,0.9986060775020908,0.6666666666666666,0.9843260188087775,3591
genbase,MLC_PA_Logistic,0.30,2,0.003367003367003367,0.06818181818181818,0.0010918586728118492,12,0.9966329966329966,3552,0.5,3,6,0.0018518518518518517,0.9991582491582491,0.991161616161616,0.9936868686868688,0.7407407407407407,0.9909365558912386,0.0008417508417508657,0.006944444444444198,0.004112554112554179,0.0864197530864198,0.00922923881806792,0.7083333333333333,3,0.25,12,0.0008445945945945946,0.9991554054054054,0.5555555555555556,0.9902912621359223,3564
genbase,MLC_PA_Logistic,0.30,3,0.0025252525252525255,0.05303030303030303,4.61306107151492e-05,9,0.9974747474747475,3555,0.1111111111111111,1,9,0.0030022446689113354,0.9977553310886644,0.9633838383838385,0.9681818181818181,0.7225401544242124,0.9751552795031055,0.0002805836139169182,0.002525252525252486,0.0015151515151514694,0.03703703703703709,0.0031926626806756397,0.875,1,0.1111111111111111,9,0.002250351617440225,0.9977496483825598,0.6188364507205087,0.9736842105263158,3564
genbase,MLC_PA_Logistic,0.30,4,0.0025252525252525255,0.06818181818181818,7.267208645524376e-05,9,0.9974747474747475,3555,0.6,3,5,0.0013187429854096522,0.999438832772166,0.9924242424242424,0.994949494949495,0.7407407407407407,0.9939393939393939,0.0008417508417507547,0.022727272727272707,0.02272727272727293,0.008122157244964234,0.009229913817069724,0.8095238095238094,3,0.3333333333333333,9,0.0005625879043600563,0.99943741209564,0.6666666666666666,0.9935897435897436,3564
genbase,MLC_PA_Logistic,0.30,5,0.002227791701475912,0.05263157894736842,0.001044132879304431,8,0.9977722082985241,3583,0.16666666666666666,1,6,0.0020607073238652187,0.9986076301865776,0.981203007518797,0.9849624060150376,0.6964633806739071,0.9847094801223242,0.0002784739626845445,0.0025062656641604564,0.0015037593984963404,0.03703703703703709,0.003114388097784304,0.8,1,0.125,8,0.0013954786491766676,0.9986045213508233,0.65942634363687,0.9840255591054313,3591
genbase,MLC_PA_Logistic,0.35,1,0.001113895850737956,0.03007518796992481,0.0009745309228838965,4,0.998886104149262,3587,0.2857142857142857,2,7,0.0017822333611807297,0.9986076301865776,0.9849624060150376,0.9903329752953813,0.6666666666666666,0.9847094801223242,0.000556947925369089,0.015037593984962405,0.015037593984962405,0.007407407407407307,0.006247941660785683,0.6666666666666666,2,0.5,4,0.0013939224979091162,0.9986060775020908,0.6666666666666666,0.9843260188087775,3591
genbase,MLC_PA_Logistic,0.35,2,0.0030864197530864196,0.06818181818181818,0.0010918586728118492,11,0.9969135802469136,3553,0.5,3,6,0.0019219977553310886,0.9991582491582491,0.991161616161616,0.9936868686868688,0.7407407407407407,0.9909365558912386,0.0008417508417508657,0.006944444444444198,0.004112554112554179,0.0864197530864198,0.00922923881806792,0.7083333333333333,3,0.2727272727272727,11,0.0008443568815085843,0.9991556431184914,0.5925925925925926,0.9903536977491961,3564
genbase,MLC_PA_Logistic,0.35,3,0.0014029180695847362,0.03787878787878788,4.61306107151492e-05,5,0.9985970819304153,3559,0.0,0,9,0.003016273849607183,0.9974747474747475,0.960858585858586,0.9666666666666667,0.6855031173871753,0.9719626168224299,0.0,0.0,0.0,0.0,0.0,1.0,0,0.0,5,0.002528800224782242,0.9974711997752178,0.6435278087452,0.9710610932475884,3564
genbase,MLC_PA_Logistic,0.35,4,0.0016835016835016834,0.045454545454545456,7.267208645524376e-05,6,0.9983164983164983,3558,0.6,3,5,0.0011503928170594835,0.999438832772166,0.9924242424242424,0.994949494949495,0.7407407407407407,0.9939393939393939,0.0008417508417507547,0.022727272727272707,0.02272727272727293,0.008122157244964234,0.009229913817069724,0.6666666666666666,3,0.5,6,0.0005621135469364812,0.9994378864530635,0.7037037037037037,0.9937106918238994,3564
genbase,MLC_PA_Logistic,0.35,5,0.002227791701475912,0.05263157894736842,0.001044132879304431,8,0.9977722082985241,3583,0.16666666666666666,1,6,0.002172096908939014,0.9986076301865776,0.981203007518797,0.9849624060150376,0.6964633806739071,0.9847094801223242,0.0002784739626845445,0.0025062656641604564,0.0015037593984963404,0.03703703703703709,0.003114388097784304,0.8,1,0.125,8,0.0013954786491766676,0.9986045213508233,0.65942634363687,0.9840255591054313,3591
genbase,MLC_PA_Logistic,0.40,1,0.000835421888053467,0.022556390977443608,0.0009745309228838965,3,0.9991645781119465,3588,0.2857142857142857,2,7,0.0017265385686438318,0.9986076301865776,0.9849624060150376,0.9903329752953813,0.6666666666666666,0.9847094801223242,0.000556947925369089,0.015037593984962405,0.015037593984962405,0.007407407407407307,0.006247941660785683,0.5,2,0.6666666666666666,3,0.0013935340022296545,0.9986064659977704,0.6666666666666666,0.9844236760124611,3591
genbase,MLC_PA_Logistic,0.40,2,0.001964085297418631,0.05303030303030303,0.0010918586728118492,7,0.9980359147025814,3557,0.3333333333333333,2,6,0.0019079685746352412,0.9988776655443322,0.9886363636363636,0.9921717171717171,0.7037037037037037,0.9878787878787879,0.0005611672278339475,0.004419191919191823,0.0025974025974024872,0.049382716049382824,0.006171470805617196,0.7333333333333333,2,0.2857142857142857,7,0.001124543154343548,0.9988754568456565,0.5925925925925926,0.9873417721518988,3564
genbase,MLC_PA_Logistic,0.40,3,0.001122334455667789,0.030303030303030304,4.61306107151492e-05,4,0.9988776655443322,3560,0.0,0,9,0.0029741863075196415,0.9974747474747475,0.960858585858586,0.9666666666666667,0.6855031173871753,0.9719626168224299,0.0,0.0,0.0,0.0,0.0,1.0,0,0.0,4,0.0025280898876404493,0.9974719101123596,0.6435278087452,0.9712460063897763,3564
genbase,MLC_PA_Logistic,0.40,4,0.0005611672278338945,0.015151515151515152,7.267208645524376e-05,2,0.999438832772166,3562,0.2,1,5,0.0013468013468013467,0.9988776655443322,0.9772727272727273,0.9797979797979797,0.7345679012345679,0.9878048780487805,0.0002805836139169182,0.007575757575757569,0.007575757575757569,0.0019493177387914784,0.0030953979264563003,0.5,1,0.5,2,0.0011229646266142617,0.9988770353733858,0.7345679012345679,0.9876543209876543,3564
genbase,MLC_PA_Logistic,0.40,5,0.000835421888053467,0.022556390977443608,0.001044132879304431,3,0.9991645781119465,3588,0.16666666666666666,1,6,0.0017265385686438316,0.9986076301865776,0.981203007518797,0.9849624060150376,0.6964633806739071,0.9847094801223242,0.0002784739626845445,0.0025062656641604564,0.0015037593984963404,0.03703703703703709,0.003114388097784304,0.3333333333333333,1,0.3333333333333333,3,0.0013935340022296545,0.9986064659977704,0.65942634363687,0.9845201238390093,3591
genbase,MLC_PA_Logistic,0.50,1,0.0,0.0,0.0009745309228838965,0,1.0,3591,0.0,0,7,0.001949317738791423,0.9980506822612085,0.9699248120300752,0.9752953813104189,0.6592592592592593,0.9784615384615385,0.0,0.0,0.0,0.0,0.0,,0,,0,0.001949317738791423,0.9980506822612085,0.6592592592592593,0.9784615384615385,3591
genbase,MLC_PA_Logistic,0.50,2,0.0,0.0,0.0010918586728118492,0,1.0,3564,0.0,0,6,0.0016835016835016834,0.9983164983164983,0.9842171717171718,0.9895743145743147,0.6543209876543209,0.9817073170731707,0.0,0.0,0.0,0.0,0.0,,0,,0,0.0016835016835016834,0.9983164983164983,0.6543209876543209,0.9817073170731707,3564
genbase,MLC_PA_Logistic,0.50,3,0.0,0.0,4.61306107151492e-05,0,1.0,3564,0.0,0,9,0.0025252525252525255,0.9974747474747475,0.960858585858586,0.9666666666666667,0.6855031173871753,0.9719626168224299,0.0,0.0,0.0,0.0,0.0,,0,,0,0.0025252525252525255,0.9974747474747475,0.6855031173871753,0.9719626168224299,3564
genbase,MLC_PA_Logistic,0.50,4,0.0,0.0,7.267208645524376e-05,0,1.0,3564,0.0,0,5,0.0014029180695847362,0.9985970819304153,0.9696969696969697,0.9722222222222221,0.7326185834957765,0.9847094801223242,0.0,0.0,0.0,0.0,0.0,,0,,0,0.0014029180695847362,0.9985970819304153,0.7326185834957765,0.9847094801223242,3564
genbase,MLC_PA_Logistic,0.50,5,0.0,0.0,0.001044132879304431,0,1.0,3591,0.0,0,6,0.001670843776106934,0.9983291562238931,0.9786967418546365,0.9834586466165413,0.65942634363687,0.9815950920245399,0.0,0.0,0.0,0.0,0.0,,0,,0,0.001670843776106934,0.9983291562238931,0.65942634363687,0.9815950920245399,3591
genbase,MLC_PA_MLP,0.20,1,0.9629629629629629,1.0,0.017618075139803777,3458,0.037037037037037035,133,0.9977220956719818,438,439,0.19287106655527705,0.9997215260373156,0.9962406015037594,0.9974937343358398,0.7777777777777778,0.9969788519637462,0.12197159565580629,0.7912280701754386,0.6818355412340376,0.4968577413665553,0.6692606283802853,0.2917246531962695,438,0.1266628108733372,3458,0.007518796992481203,0.9924812030075187,0.0,0.0,3591
genbase,MLC_PA_MLP,0.20,2,0.9629629629629629,1.0,0.01428240782601507,3432,0.037037037037037035,132,0.9971590909090909,351,352,0.19287317620650957,0.9997194163860831,0.9974747474747474,0.9984848484848485,0.8148148148148148,0.996996996996997,0.09848484848484851,0.7473905723905723,0.6311327561327562,0.5767351779068477,0.6300905221768531,0.24723654601981201,351,0.10227272727272728,3432,0.007575757575757576,0.9924242424242424,0.0,0.0,3564
genbase,MLC_PA_MLP,0.20,3,1.0,1.0,0.01815927172959721,3564,0.0,0,1.0,418,418,0.19999999999999996,1.0,1.0,1.0,0.8518518518518519,1.0,0.11728395061728392,0.7952380952380953,0.6859728234728235,0.6145532318246995,0.6741935483870968,0.2372986200271524,418,0.11728395061728394,3564,,,0.0,0.0,3564
genbase,MLC_PA_MLP,0.20,4,1.0,1.0,0.019139005309063595,3564,0.0,0,1.0,416,416,0.19999999999999996,1.0,1.0,1.0,0.8148148148148148,1.0,0.11672278338945008,0.7991762866762867,0.6897704147704148,0.5530592020298754,0.6731391585760518,0.2617556127849394,416,0.11672278338945005,3564,,,0.0,0.0,3564
genbase,MLC_PA_MLP,0.20,5,0.9629629629629629,1.0,0.018794018802135267,3458,0.037037037037037035,133,0.9975728155339806,411,412,0.19287106655527708,0.9997215260373156,0.9962406015037594,0.9974937343358398,0.7777777777777778,0.9969788519637462,0.11445279866332503,0.7970282849982098,0.6897243107769425,0.5246109550140716,0.6701814663428312,0.262904008254618,411,0.11885482938114517,3458,0.007518796992481203,0.9924812030075187,0.0,0.0,3591
genbase,MLC_PA_MLP,0.25,1,0.9629629629629629,1.0,0.017618075139803777,3458,0.037037037037037035,133,0.9977220956719818,438,439,0.24101921470342522,0.9997215260373156,0.9962406015037594,0.9974937343358398,0.7777777777777778,0.9969788519637462,0.12197159565580629,0.7912280701754386,0.6818355412340376,0.4968577413665553,0.6692606283802853,0.2917246531962695,438,0.1266628108733372,3458,0.007518796992481203,0.9924812030075187,0.0,0.0,3591
genbase,MLC_PA_MLP,0.25,2,0.9629629629629629,1.0,0.01428240782601507,3432,0.037037037037037035,132,0.9971590909090909,351,352,0.2410213243546577,0.9997194163860831,0.9974747474747474,0.9984848484848485,0.8148148148148148,0.996996996996997,0.09848484848484851,0.7473905723905723,0.6311327561327562,0.5767351779068477,0.6300905221768531,0.24723654601981201,351,0.10227272727272728,3432,0.007575757575757576,0.9924242424242424,0.0,0.0,3564
genbase,MLC_PA_MLP,0.25,3,1.0,1.0,0.01815927172959721,3564,0.0,0,1.0,418,418,0.25,1.0,1.0,1.0,0.8518518518518519,1.0,0.11728395061728392,0.7952380952380953,0.6859728234728235,0.6145532318246995,0.6741935483870968,0.2372986200271524,418,0.11728395061728394,3564,,,0.0,0.0,3564
genbase,MLC_PA_MLP,0.25,4,1.0,1.0,0.019139005309063595,3564,0.0,0,1.0,416,416,0.25,1.0,1.0,1.0,0.8148148148148148,1.0,0.11672278338945008,0.7991762866762867,0.6897704147704148,0.5530592020298754,0.6731391585760518,0.2617556127849394,416,0.11672278338945005,3564,,,0.0,0.0,3564
genbase,MLC_PA_MLP,0.25,5,0.9629629629629629,1.0,0.018794018802135267,3458,0.037037037037037035,133,0.9975728155339806,411,412,0.24101921470342522,0.9997215260373156,0.9962406015037594,0.9974937343358398,0.7777777777777778,0.9969788519637462,0.11445279866332503,0.7970282849982098,0.6897243107769425,0.5246109550140716,0.6701814663428312,0.262904008254618,411,0.11885482938114517,3458,0.007518796992481203,0.9924812030075187,0.0,0.0,3591
genbase,MLC_PA_MLP,0.30,1,0.9629629629629629,1.0,0.017618075139803777,3458,0.037037037037037035,133,0.9977220956719818,438,439,0.2891673628515733,0.9997215260373156,0.9962406015037594,0.9974937343358398,0.7777777777777778,0.9969788519637462,0.12197159565580629,0.7912280701754386,0.6818355412340376,0.4968577413665553,0.6692606283802853,0.2917246531962695,438,0.1266628108733372,3458,0.007518796992481203,0.9924812030075187,0.0,0.0,3591
genbase,MLC_PA_MLP,0.30,2,0.9629629629629629,1.0,0.01428240782601507,3432,0.037037037037037035,132,0.9971590909090909,351,352,0.28916947250280584,0.9997194163860831,0.9974747474747474,0.9984848484848485,0.8148148148148148,0.996996996996997,0.09848484848484851,0.7473905723905723,0.6311327561327562,0.5767351779068477,0.6300905221768531,0.24723654601981201,351,0.10227272727272728,3432,0.007575757575757576,0.9924242424242424,0.0,0.0,3564
genbase,MLC_PA_MLP,0.30,3,1.0,1.0,0.01815927172959721,3564,0.0,0,1.0,418,418,0.3,1.0,1.0,1.0,0.8518518518518519,1.0,0.11728395061728392,0.7952380952380953,0.6859728234728235,0.6145532318246995,0.6741935483870968,0.2372986200271524,418,0.11728395061728394,3564,,,0.0,0.0,3564
genbase,MLC_PA_MLP,0.30,4,1.0,1.0,0.019139005309063595,3564,0.0,0,1.0,416,416,0.3,1.0,1.0,1.0,0.8148148148148148,1.0,0.11672278338945008,0.7991762866762867,0.6897704147704148,0.5530592020298754,0.6731391585760518,0.2617556127849394,416,0.11672278338945005,3564,,,0.0,0.0,3564
genbase,MLC_PA_MLP,0.30,5,0.9629629629629629,1.0,0.018794018802135267,3458,0.037037037037037035,133,0.9975728155339806,411,412,0.2891673628515733,0.9997215260373156,0.9962406015037594,0.9974937343358398,0.7777777777777778,0.9969788519637462,0.11445279866332503,0.7970282849982098,0.6897243107769425,0.5246109550140716,0.6701814663428312,0.262904008254618,411,0.11885482938114517,3458,0.007518796992481203,0.9924812030075187,0.0,0.0,3591
genbase,MLC_PA_MLP,0.35,1,0.9565580618212197,1.0,0.017618075139803777,3435,0.04344193817878028,156,0.9977220956719818,438,439,0.3350737956001114,0.9997215260373156,0.9962406015037594,0.9974937343358398,0.7777777777777778,0.9969788519637462,0.12197159565580629,0.7912280701754386,0.6818355412340376,0.4968577413665553,0.6692606283802853,0.2917246531962695,438,0.1275109170305677,3435,0.00641025641025641,0.9935897435897436,0.0,0.0,3591
genbase,MLC_PA_MLP,0.35,2,0.9595959595959596,1.0,0.01428240782601507,3420,0.04040404040404041,144,0.9971590909090909,351,352,0.33613916947250283,0.9997194163860831,0.9974747474747474,0.9984848484848485,0.8148148148148148,0.996996996996997,0.09848484848484851,0.7473905723905723,0.6311327561327562,0.5767351779068477,0.6300905221768531,0.24723654601981201,351,0.10263157894736842,3420,0.006944444444444444,0.9930555555555556,0.0,0.0,3564
genbase,MLC_PA_MLP,0.35,3,0.994668911335578,1.0,0.01815927172959721,3545,0.005331088664421998,19,1.0,418,418,0.34813411896745244,1.0,1.0,1.0,0.8518518518518519,1.0,0.11728395061728392,0.7952380952380953,0.6859728234728235,0.6145532318246995,0.6741935483870968,0.2372986200271524,418,0.11791255289139634,3545,0.0,1.0,0.0,0.0,3564
genbase,MLC_PA_MLP,0.35,4,0.9932659932659933,1.0,0.019139005309063595,3540,0.006734006734006734,24,1.0,416,416,0.34764309764309764,1.0,1.0,1.0,0.8148148148148148,1.0,0.11672278338945008,0.7991762866762867,0.6897704147704148,0.5530592020298754,0.6731391585760518,0.2617556127849394,416,0.11751412429378531,3540,0.0,1.0,0.0,0.0,3564
genbase,MLC_PA_MLP,0.35,5,0.9554441659704818,1.0,0.018794018802135267,3431,0.04455583402951824,160,0.9975728155339806,411,412,0.33468393205235314,0.9997215260373156,0.9962406015037594,0.9974937343358398,0.7777777777777778,0.9969788519637462,0.11445279866332503,0.7970282849982098,0.6897243107769425,0.5246109550140716,0.6701814663428312,0.262904008254618,411,0.11979014864470999,3431,0.00625,0.99375,0.0,0.0,3591
genbase,MLC_PA_MLP,0.40,1,0.7674742411584516,1.0,0.017618075139803777,2756,0.2325257588415483,835,0.9977220956719818,438,439,0.3072681704260652,0.9997215260373156,0.9962406015037594,0.9974937343358398,0.7777777777777778,0.9969788519637462,0.12197159565580629,0.7912280701754386,0.6818355412340376,0.4968577413665553,0.6692606283802853,0.2917246531962695,438,0.15892597968069666,2756,0.0011976047904191617,0.9988023952095808,0.0,0.0,3591
genbase,MLC_PA_MLP,0.40,2,0.7693602693602694,1.0,0.01428240782601507,2742,0.23063973063973064,822,0.9971590909090909,351,352,0.3080246913580247,0.9997194163860831,0.9974747474747474,0.9984848484848485,0.8148148148148148,0.996996996996997,0.09848484848484851,0.7473905723905723,0.6311327561327562,0.5767351779068477,0.6300905221768531,0.24723654601981201,351,0.12800875273522977,2742,0.0012165450121654502,0.9987834549878345,0.0,0.0,3564
genbase,MLC_PA_MLP,0.40,3,0.7999438832772167,1.0,0.01815927172959721,2851,0.2000561167227834,713,1.0,418,418,0.3199775533108867,1.0,1.0,1.0,0.8518518518518519,1.0,0.11728395061728392,0.7952380952380953,0.6859728234728235,0.6145532318246995,0.6741935483870968,0.2372986200271524,418,0.14661522272886707,2851,0.0,1.0,0.0,0.0,3564
genbase,MLC_PA_MLP,0.40,4,0.7996632996632996,1.0,0.019139005309063595,2850,0.20033670033670034,714,0.9975961538461539,415,416,0.3201459034792368,0.9997194163860831,0.9924242424242424,0.9924242424242424,0.8128654970760233,0.9969788519637462,0.11644219977553316,0.7916005291005291,0.6821946571946572,0.5511098842910839,0.670118010539798,0.261315937697377,415,0.1456140350877193,2850,0.0014005602240896359,0.9985994397759104,0.037037037037037035,0.6666666666666666,3564
genbase,MLC_PA_MLP,0.40,5,0.7811194653299917,1.0,0.018794018802135267,2805,0.21888053467000834,786,0.9951456310679612,410,412,0.3130047340573656,0.999443052074631,0.9924812030075187,0.9949874686716793,0.7758284600389863,0.9939393939393939,0.11417432470064048,0.7932688865019691,0.6872180451127821,0.5226616372752801,0.6671420083184789,0.262904008254618,410,0.14616755793226383,2805,0.002544529262086514,0.9974554707379135,0.0,0.0,3591
genbase,MLC_PA_MLP,0.50,1,0.0,0.0,0.017618075139803777,0,1.0,3591,0.0,0,439,0.12225006961849066,0.8777499303815093,0.20501253132832079,0.31565819310180215,0.2809200364112225,0.327718223583461,0.0,0.0,0.0,0.0,0.0,,0,,0,0.12225006961849066,0.8777499303815093,0.2809200364112225,0.327718223583461,3591
genbase,MLC_PA_MLP,0.50,2,0.0,0.0,0.01428240782601507,0,1.0,3564,0.0,0,352,0.09876543209876543,0.9012345679012346,0.2500841750841751,0.3673520923520923,0.23807963690796713,0.3669064748201439,0.0,0.0,0.0,0.0,0.0,,0,,0,0.09876543209876543,0.9012345679012346,0.23807963690796713,0.3669064748201439,3564
genbase,MLC_PA_MLP,0.50,3,0.0,0.0,0.01815927172959721,0,1.0,3564,0.0,0,418,0.11728395061728394,0.8827160493827161,0.20476190476190473,0.3140271765271765,0.2372986200271524,0.3258064516129032,0.0,0.0,0.0,0.0,0.0,,0,,0,0.11728395061728394,0.8827160493827161,0.2372986200271524,0.3258064516129032,3564
genbase,MLC_PA_MLP,0.50,4,0.0,0.0,0.019139005309063595,0,1.0,3564,0.0,0,416,0.11672278338945005,0.8832772166105499,0.20082371332371332,0.3102295852295852,0.2617556127849394,0.3268608414239482,0.0,0.0,0.0,0.0,0.0,,0,,0,0.11672278338945005,0.8832772166105499,0.2617556127849394,0.3268608414239482,3564
genbase,MLC_PA_MLP,0.50,5,0.0,0.0,0.018794018802135267,0,1.0,3591,0.0,0,412,0.11473127262600946,0.8852687273739905,0.19921231650554957,0.30776942355889725,0.2531668227637062,0.32679738562091504,0.0,0.0,0.0,0.0,0.0,,0,,0,0.11473127262600946,0.8852687273739905,0.2531668227637062,0.32679738562091504,3591
genbase,GSI_MLC_PA_Logistic,0.20,1,0.004734057365636313,0.12781954887218044,0.0009735856760531828,17,0.9952659426343636,3574,0.5714285714285714,4,7,0.0017822333611807297,0.9991645781119465,0.9887218045112782,0.9924812030075187,0.7037037037037037,0.9908814589665653,0.001113895850737956,0.018796992481203034,0.017185821697099812,0.0444444444444444,0.012419920505026827,0.8,4,0.23529411764705882,17,0.0008393956351426973,0.9991606043648573,0.5925925925925926,0.9898305084745763,3591
genbase,GSI_MLC_PA_Logistic,0.20,2,0.005050505050505051,0.10606060606060606,0.0010908005460984126,18,0.9949494949494949,3546,0.5,3,6,0.0018518518518518524,0.9991582491582491,0.991161616161616,0.9936868686868688,0.7407407407407407,0.9909365558912386,0.0008417508417508657,0.006944444444444198,0.004112554112554179,0.0864197530864198,0.00922923881806792,0.787878787878788,3,0.16666666666666666,18,0.0008460236886632825,0.9991539763113367,0.5555555555555556,0.98989898989899,3564
genbase,GSI_MLC_PA_Logistic,0.20,3,0.005611672278338945,0.12121212121212122,4.925232074441015e-05,20,0.9943883277216611,3544,0.1111111111111111,1,9,0.003367003367003367,0.9977553310886644,0.9633838383838385,0.9681818181818181,0.7225401544242124,0.9751552795031055,0.0002805836139169182,0.002525252525252486,0.0015151515151514694,0.03703703703703709,0.0031926626806756397,0.9090909090909091,1,0.05,20,0.002257336343115124,0.9977426636568849,0.507207339091397,0.9727891156462585,3564
genbase,GSI_MLC_PA_Logistic,0.20,4,0.006453423120089787,0.13636363636363635,0.00010402998874344042,23,0.9935465768799102,3541,0.6,3,5,0.0018518518518518517,0.999438832772166,0.9924242424242424,0.994949494949495,0.7407407407407407,0.9939393939393939,0.0008417508417507547,0.022727272727272707,0.02272727272727293,0.008122157244964234,0.009229913817069724,0.9142857142857144,3,0.13043478260869565,23,0.0005648121999435188,0.9994351878000565,0.5925925925925926,0.993006993006993,3564
genbase,GSI_MLC_PA_Logistic,0.20,5,0.006404901141743247,0.15789473684210525,0.001043565316979032,23,0.9935950988582567,3568,0.3333333333333333,2,6,0.002394876079086606,0.998886104149262,0.9849624060150376,0.9899749373433583,0.6984126984126985,0.9878048780487805,0.000556947925368978,0.006265664160401085,0.006516290726817031,0.03898635477582846,0.0062097860242406044,0.7272727272727273,2,0.08695652173913043,23,0.0011210762331838565,0.9988789237668162,0.5802469135802469,0.9863013698630136,3591
genbase,GSI_MLC_PA_Logistic,0.25,1,0.00278473962684489,0.07518796992481203,0.0009735856760531828,10,0.9972152603731551,3581,0.5714285714285714,4,7,0.0015316067947646894,0.9991645781119465,0.9887218045112782,0.9924812030075187,0.7037037037037037,0.9908814589665653,0.001113895850737956,0.018796992481203034,0.017185821697099812,0.0444444444444444,0.012419920505026827,0.6666666666666666,4,0.4,10,0.0008377548170901983,0.9991622451829097,0.6296296296296297,0.9902912621359223,3591
genbase,GSI_MLC_PA_Logistic,0.25,2,0.004208754208754209,0.08333333333333333,0.0010908005460984126,15,0.9957912457912458,3549,0.5,3,6,0.001893939393939394,0.9991582491582491,0.991161616161616,0.9936868686868688,0.7407407407407407,0.9909365558912386,0.0008417508417508657,0.006944444444444198,0.004112554112554179,0.0864197530864198,0.00922923881806792,0.7666666666666667,3,0.2,15,0.0008453085376162299,0.9991546914623838,0.5555555555555556,0.9900990099009901,3564
genbase,GSI_MLC_PA_Logistic,0.25,3,0.003928170594837262,0.08333333333333333,4.925232074441015e-05,14,0.9960718294051627,3550,0.1111111111111111,1,9,0.0032267115600448934,0.9977553310886644,0.9633838383838385,0.9681818181818181,0.7225401544242124,0.9751552795031055,0.0002805836139169182,0.002525252525252486,0.0015151515151514694,0.03703703703703709,0.0031926626806756397,0.9,1,0.07142857142857142,14,0.0022535211267605635,0.9977464788732394,0.5447623766464346,0.9731543624161074,3564
genbase,GSI_MLC_PA_Logistic,0.25,4,0.003928170594837262,0.09848484848484848,0.00010402998874344042,14,0.9960718294051627,3550,0.6,3,5,0.0015432098765432098,0.999438832772166,0.9924242424242424,0.994949494949495,0.7407407407407407,0.9939393939393939,0.0008417508417507547,0.022727272727272707,0.02272727272727293,0.008122157244964234,0.009229913817069724,0.8800000000000001,3,0.21428571428571427,14,0.0005633802816901409,0.9994366197183099,0.6296296296296297,0.9933774834437086,3564
genbase,GSI_MLC_PA_Logistic,0.25,5,0.004177109440267335,0.09774436090225563,0.001043565316979032,15,0.9958228905597326,3576,0.3333333333333333,2,6,0.0021581732108047896,0.998886104149262,0.9849624060150376,0.9899749373433583,0.6984126984126985,0.9878048780487805,0.000556947925368978,0.006265664160401085,0.006516290726817031,0.03898635477582846,0.0062097860242406044,0.8,2,0.13333333333333333,15,0.0011185682326621924,0.9988814317673378,0.6222222222222222,0.9866666666666667,3591
genbase,GSI_MLC_PA_Logistic,0.30,1,0.001113895850737956,0.03007518796992481,0.0009735856760531828,4,0.998886104149262,3587,0.2857142857142857,2,7,0.0017265385686438316,0.9986076301865776,0.9849624060150376,0.9903329752953813,0.6666666666666666,0.9847094801223242,0.000556947925369089,0.015037593984962405,0.015037593984962405,0.007407407407407307,0.006247941660785683,0.6666666666666666,2,0.5,4,0.0013939224979091162,0.9986060775020908,0.6666666666666666,0.9843260188087775,3591
genbase,GSI_MLC_PA_Logistic,0.30,2,0.003367003367003367,0.06818181818181818,0.0010908005460984126,12,0.9966329966329966,3552,0.5,3,6,0.0018518518518518517,0.9991582491582491,0.991161616161616,0.9936868686868688,0.7407407407407407,0.9909365558912386,0.0008417508417508657,0.006944444444444198,0.004112554112554179,0.0864197530864198,0.00922923881806792,0.7083333333333333,3,0.25,12,0.0008445945945945946,0.9991554054054054,0.5555555555555556,0.9902912621359223,3564
genbase,GSI_MLC_PA_Logistic,0.30,3,0.0025252525252525255,0.06060606060606061,4.925232074441015e-05,9,0.9974747474747475,3555,0.0,0,9,0.003282828282828283,0.9974747474747475,0.960858585858586,0.9666666666666667,0.6855031173871753,0.9719626168224299,0.0,0.0,0.0,0.0,0.0,1.0,0,0.0,9,0.002531645569620253,0.9974683544303797,0.6188364507205087,0.9702970297029703,3564
genbase,GSI_MLC_PA_Logistic,0.30,4,0.0025252525252525255,0.06818181818181818,0.00010402998874344042,9,0.9974747474747475,3555,0.6,3,5,0.0013187429854096522,0.999438832772166,0.9924242424242424,0.994949494949495,0.7407407407407407,0.9939393939393939,0.0008417508417507547,0.022727272727272707,0.02272727272727293,0.008122157244964234,0.009229913817069724,0.8095238095238094,3,0.3333333333333333,9,0.0005625879043600563,0.99943741209564,0.6666666666666666,0.9935897435897436,3564
genbase,GSI_MLC_PA_Logistic,0.30,5,0.002506265664160401,0.06015037593984962,0.001043565316979032,9,0.9974937343358395,3582,0.3333333333333333,2,6,0.0018657755499860763,0.998886104149262,0.9849624060150376,0.9899749373433583,0.6984126984126985,0.9878048780487805,0.000556947925368978,0.006265664160401085,0.006516290726817031,0.03898635477582846,0.0062097860242406044,0.6666666666666666,2,0.2222222222222222,9,0.0011166945840312675,0.9988833054159687,0.6613756613756614,0.9871794871794872,3591
genbase,GSI_MLC_PA_Logistic,0.35,1,0.001113895850737956,0.03007518796992481,0.0009735856760531828,4,0.998886104149262,3587,0.2857142857142857,2,7,0.0017822333611807297,0.9986076301865776,0.9849624060150376,0.9903329752953813,0.6666666666666666,0.9847094801223242,0.000556947925369089,0.015037593984962405,0.015037593984962405,0.007407407407407307,0.006247941660785683,0.6666666666666666,2,0.5,4,0.0013939224979091162,0.9986060775020908,0.6666666666666666,0.9843260188087775,3591
genbase,GSI_MLC_PA_Logistic,0.35,2,0.0028058361391694723,0.06818181818181818,0.0010908005460984126,10,0.9971941638608305,3554,0.5,3,6,0.0018237934904601568,0.9991582491582491,0.991161616161616,0.9936868686868688,0.7407407407407407,0.9909365558912386,0.0008417508417508657,0.006944444444444198,0.004112554112554179,0.0864197530864198,0.00922923881806792,0.7083333333333333,3,0.3,10,0.0008441193021947102,0.9991558806978053,0.5925925925925926,0.9903536977491961,3564
genbase,GSI_MLC_PA_Logistic,0.35,3,0.0014029180695847362,0.03787878787878788,4.925232074441015e-05,5,0.9985970819304153,3559,0.0,0,9,0.003016273849607183,0.9974747474747475,0.960858585858586,0.9666666666666667,0.6855031173871753,0.9719626168224299,0.0,0.0,0.0,0.0,0.0,1.0,0,0.0,5,0.002528800224782242,0.9974711997752178,0.6435278087452,0.9710610932475884,3564
genbase,GSI_MLC_PA_Logistic,0.35,4,0.001964085297418631,0.05303030303030303,0.00010402998874344042,7,0.9980359147025814,3557,0.6,3,5,0.001248597081930415,0.999438832772166,0.9924242424242424,0.994949494949495,0.7407407407407407,0.9939393939393939,0.0008417508417507547,0.022727272727272707,0.02272727272727293,0.008122157244964234,0.009229913817069724,0.7333333333333333,3,0.42857142857142855,7,0.000562271577171774,0.9994377284228282,0.7037037037037037,0.9936708860759493,3564
genbase,GSI_MLC_PA_Logistic,0.35,5,0.002227791701475912,0.05263157894736842,0.001043565316979032,8,0.9977722082985241,3583,0.16666666666666666,1,6,0.002172096908939014,0.9986076301865776,0.981203007518797,0.9849624060150376,0.6964633806739071,0.9847094801223242,0.0002784739626845445,0.0025062656641604564,0.0015037593984963404,0.03703703703703709,0.003114388097784304,0.8,1,0.125,8,0.0013954786491766676,0.9986045213508233,0.65942634363687,0.9840255591054313,3591
genbase,GSI_MLC_PA_Logistic,0.40,1,0.001113895850737956,0.03007518796992481,0.0009735856760531828,4,0.998886104149262,3587,0.2857142857142857,2,7,0.0018379281537176273,0.9986076301865776,0.9849624060150376,0.9903329752953813,0.6666666666666666,0.9847094801223242,0.000556947925369089,0.015037593984962405,0.015037593984962405,0.007407407407407307,0.006247941660785683,0.6666666666666666,2,0.5,4,0.0013939224979091162,0.9986060775020908,0.6666666666666666,0.9843260188087775,3591
genbase,GSI_MLC_PA_Logistic,0.40,2,0.001964085297418631,0.05303030303030303,0.0010908005460984126,7,0.9980359147025814,3557,0.3333333333333333,2,6,0.0019079685746352412,0.9988776655443322,0.9886363636363636,0.9921717171717171,0.7037037037037037,0.9878787878787879,0.0005611672278339475,0.004419191919191823,0.0025974025974024872,0.049382716049382824,0.006171470805617196,0.7333333333333333,2,0.2857142857142857,7,0.001124543154343548,0.9988754568456565,0.5925925925925926,0.9873417721518988,3564
genbase,GSI_MLC_PA_Logistic,0.40,3,0.001122334455667789,0.030303030303030304,4.925232074441015e-05,4,0.9988776655443322,3560,0.0,0,9,0.0029741863075196415,0.9974747474747475,0.960858585858586,0.9666666666666667,0.6855031173871753,0.9719626168224299,0.0,0.0,0.0,0.0,0.0,1.0,0,0.0,4,0.0025280898876404493,0.9974719101123596,0.6435278087452,0.9712460063897763,3564
genbase,GSI_MLC_PA_Logistic,0.40,4,0.0005611672278338945,0.015151515151515152,0.00010402998874344042,2,0.999438832772166,3562,0.2,1,5,0.0013468013468013467,0.9988776655443322,0.9772727272727273,0.9797979797979797,0.7345679012345679,0.9878048780487805,0.0002805836139169182,0.007575757575757569,0.007575757575757569,0.0019493177387914784,0.0030953979264563003,0.5,1,0.5,2,0.0011229646266142617,0.9988770353733858,0.7345679012345679,0.9876543209876543,3564
genbase,GSI_MLC_PA_Logistic,0.40,5,0.000835421888053467,0.022556390977443608,0.001043565316979032,3,0.9991645781119465,3588,0.16666666666666666,1,6,0.0017265385686438316,0.9986076301865776,0.981203007518797,0.9849624060150376,0.6964633806739071,0.9847094801223242,0.0002784739626845445,0.0025062656641604564,0.0015037593984963404,0.03703703703703709,0.003114388097784304,0.3333333333333333,1,0.3333333333333333,3,0.0013935340022296545,0.9986064659977704,0.65942634363687,0.9845201238390093,3591
genbase,GSI_MLC_PA_Logistic,0.50,1,0.0,0.0,0.0009735856760531828,0,1.0,3591,0.0,0,7,0.001949317738791423,0.9980506822612085,0.9699248120300752,0.9752953813104189,0.6592592592592593,0.9784615384615385,0.0,0.0,0.0,0.0,0.0,,0,,0,0.001949317738791423,0.9980506822612085,0.6592592592592593,0.9784615384615385,3591
genbase,GSI_MLC_PA_Logistic,0.50,2,0.0,0.0,0.0010908005460984126,0,1.0,3564,0.0,0,6,0.0016835016835016834,0.9983164983164983,0.9842171717171718,0.9895743145743147,0.6543209876543209,0.9817073170731707,0.0,0.0,0.0,0.0,0.0,,0,,0,0.0016835016835016834,0.9983164983164983,0.6543209876543209,0.9817073170731707,3564
genbase,GSI_MLC_PA_Logistic,0.50,3,0.0,0.0,4.925232074441015e-05,0,1.0,3564,0.0,0,9,0.0025252525252525255,0.9974747474747475,0.960858585858586,0.9666666666666667,0.6855031173871753,0.9719626168224299,0.0,0.0,0.0,0.0,0.0,,0,,0,0.0025252525252525255,0.9974747474747475,0.6855031173871753,0.9719626168224299,3564
genbase,GSI_MLC_PA_Logistic,0.50,4,0.0,0.0,0.00010402998874344042,0,1.0,3564,0.0,0,5,0.0014029180695847362,0.9985970819304153,0.9696969696969697,0.9722222222222221,0.7326185834957765,0.9847094801223242,0.0,0.0,0.0,0.0,0.0,,0,,0,0.0014029180695847362,0.9985970819304153,0.7326185834957765,0.9847094801223242,3564
genbase,GSI_MLC_PA_Logistic,0.50,5,0.0,0.0,0.001043565316979032,0,1.0,3591,0.0,0,6,0.001670843776106934,0.9983291562238931,0.9786967418546365,0.9834586466165413,0.65942634363687,0.9815950920245399,0.0,0.0,0.0,0.0,0.0,,0,,0,0.001670843776106934,0.9983291562238931,0.65942634363687,0.9815950920245399,3591
genbase,GSI_MLC_PA_MLP,0.20,1,0.9220272904483431,1.0,0.009439427265274563,3311,0.07797270955165692,280,0.9957627118644068,235,236,0.1846839320523531,0.9997215260373156,0.9962406015037594,0.9974937343358398,0.7777777777777778,0.9969788519637462,0.06544138123085497,0.6798961689939134,0.5927731416453224,0.3608256340282484,0.5432751482600425,0.4329887646629728,235,0.07097553609181516,3311,0.0035714285714285713,0.9964285714285714,0.0,0.0,3591
genbase,GSI_MLC_PA_MLP,0.20,2,0.9127384960718294,1.0,0.010101313529594898,3253,0.0872615039281706,311,0.9954954954954955,221,222,0.1828282828282828,0.9997194163860831,0.9974747474747474,0.9984848484848485,0.8148148148148148,0.996996996996997,0.062008978675645365,0.7708333333333333,0.7298553719008265,0.4936443374996985,0.6171087288405723,0.3335231879810823,221,0.06793728865662466,3253,0.003215434083601286,0.9967845659163987,0.0,0.0,3564
genbase,GSI_MLC_PA_MLP,0.20,3,0.9483726150392817,1.0,0.00645312495736543,3380,0.051627384960718295,184,1.0,136,136,0.1896745230078563,1.0,1.0,1.0,0.8518518518518519,1.0,0.038159371492704874,0.5151515151515151,0.48829365079365084,0.5261331070116599,0.4276729559748428,0.32571874484019187,136,0.040236686390532544,3380,0.0,1.0,0.0,0.0,3564
genbase,GSI_MLC_PA_MLP,0.20,4,0.9450056116722784,1.0,0.00975571995035253,3368,0.05499438832772166,196,1.0,224,224,0.18900112233445565,1.0,1.0,1.0,0.8148148148148148,1.0,0.06285072951739623,0.6619408369408369,0.5872530247530248,0.4186373123547383,0.5436893203883495,0.3961775024600765,224,0.0665083135391924,3368,0.0,1.0,0.0,0.0,3564
genbase,GSI_MLC_PA_MLP,0.20,5,0.9317738791423001,1.0,0.009402816266346618,3346,0.0682261208576998,245,0.99,99,100,0.18663324979114454,0.9997215260373156,0.9962406015037594,0.9974937343358398,0.7777777777777778,0.9969788519637462,0.027568922305764465,0.6478696741854637,0.6406015037593986,0.3958558646112719,0.410201992459614,0.3966112175190638,99,0.02958756724447101,3346,0.004081632653061225,0.9959183673469387,0.0,0.0,3591
genbase,GSI_MLC_PA_MLP,0.25,1,0.7763854079643553,1.0,0.009439427265274563,2788,0.22361459203564465,803,0.9957627118644068,235,236,0.1943748259537733,0.9997215260373156,0.9962406015037594,0.9974937343358398,0.7777777777777778,0.9969788519637462,0.06544138123085497,0.6798961689939134,0.5927731416453224,0.3608256340282484,0.5432751482600425,0.46907116171822055,235,0.08428981348637016,2788,0.0012453300124533001,0.9987546699875467,0.0,0.0,3591
genbase,GSI_MLC_PA_MLP,0.25,2,0.7752525252525253,1.0,0.010101313529594898,2763,0.22474747474747475,801,0.990990990990991,220,222,0.19437429854096522,0.999438832772166,0.9949494949494948,0.9962121212121212,0.7777777777777778,0.9939759036144579,0.061728395061728336,0.7683080808080807,0.7275826446280993,0.4566073004626615,0.6140876354580334,0.39416376761400634,220,0.07962359753890698,2763,0.0024968789013732834,0.9975031210986267,0.0,0.0,3564
genbase,GSI_MLC_PA_MLP,0.25,3,0.7777777777777778,1.0,0.00645312495736543,2772,0.2222222222222222,792,1.0,136,136,0.19444444444444445,1.0,1.0,1.0,0.8518518518518519,1.0,0.038159371492704874,0.5151515151515151,0.48829365079365084,0.5261331070116599,0.4276729559748428,0.36643358794521586,136,0.049062049062049064,2772,0.0,1.0,0.0,0.0,3564
genbase,GSI_MLC_PA_MLP,0.25,4,0.7718855218855218,1.0,0.00975571995035253,2751,0.2281144781144781,813,1.0,224,224,0.19297138047138046,1.0,1.0,1.0,0.8148148148148148,1.0,0.06285072951739623,0.6619408369408369,0.5872530247530248,0.4186373123547383,0.5436893203883495,0.44569969026758605,224,0.08142493638676845,2751,0.0,1.0,0.0,0.0,3564
genbase,GSI_MLC_PA_MLP,0.25,5,0.796714007240323,1.0,0.009402816266346618,2861,0.20328599275967696,730,0.98,98,100,0.19973544973544974,0.999443052074631,0.9924812030075187,0.9949874686716793,0.7724867724867726,0.9939393939393939,0.02729044834307992,0.644110275689223,0.6380952380952383,0.3905648593202667,0.4071625344352616,0.41247566621982634,98,0.034253757427472914,2861,0.0027397260273972603,0.9972602739726028,0.0,0.0,3591
genbase,GSI_MLC_PA_MLP,0.30,1,0.6410470620996936,1.0,0.009439427265274563,2302,0.3589529379003063,1289,0.9661016949152542,228,236,0.19454191033138402,0.9977722082985241,0.9473684210526315,0.9498746867167921,0.7185185185185184,0.9753086419753086,0.06349206349206349,0.6310239885427855,0.5451540940262747,0.30156637476898907,0.5216049382716049,0.5117139946016952,228,0.09904430929626412,2302,0.0062063615205585725,0.9937936384794415,0.0,0.0,3591
genbase,GSI_MLC_PA_MLP,0.30,2,0.6363636363636364,1.0,0.010101313529594898,2268,0.36363636363636365,1296,0.990990990990991,220,222,0.1914702581369248,0.999438832772166,0.9949494949494948,0.9962121212121212,0.7777777777777778,0.9939759036144579,0.061728395061728336,0.7683080808080807,0.7275826446280993,0.4566073004626615,0.6140876354580334,0.39416376761400634,220,0.09700176366843033,2268,0.0015432098765432098,0.9984567901234568,0.0,0.0,3564
genbase,GSI_MLC_PA_MLP,0.30,3,0.6515151515151515,1.0,0.00645312495736543,2322,0.3484848484848485,1242,0.9926470588235294,135,136,0.1957351290684624,0.9997194163860831,0.9962121212121212,0.9974747474747474,0.8148148148148148,0.9969418960244648,0.037878787878787956,0.5113636363636364,0.48576839826839824,0.4890960699746229,0.4246148519993076,0.39974573230387184,135,0.05813953488372093,2322,0.0008051529790660225,0.999194847020934,0.0,0.0,3564
genbase,GSI_MLC_PA_MLP,0.30,4,0.6386083052749719,1.0,0.00975571995035253,2276,0.3613916947250281,1288,0.96875,217,224,0.1935465768799102,0.9980359147025814,0.9545454545454546,0.9570707070707071,0.7239057239057239,0.9784615384615385,0.06088664421997758,0.6164862914862915,0.5443237318237318,0.32772822144564745,0.522150858849888,0.5093710745915269,217,0.09534270650263621,2276,0.005434782608695652,0.9945652173913043,0.0,0.0,3564
genbase,GSI_MLC_PA_MLP,0.30,5,0.6482873851294904,1.0,0.009402816266346618,2328,0.3517126148705096,1263,0.91,91,100,0.19699248120300755,0.9974937343358397,0.943609022556391,0.9473684210526315,0.7132275132275132,0.9721362229102167,0.025341130604288553,0.5952380952380953,0.5904761904761904,0.33130560006100734,0.38535936340608445,0.42966215231231913,91,0.0390893470790378,2328,0.007125890736342043,0.9928741092636579,0.0,0.0,3591
genbase,GSI_MLC_PA_MLP,0.35,1,0.45892509050403785,1.0,0.009439427265274563,1648,0.5410749094959622,1943,0.9067796610169492,214,236,0.166750208855472,0.9938735728209412,0.8458646616541353,0.849624060150376,0.6395061728395062,0.9290322580645162,0.05959342801448064,0.5295202291442893,0.4449034674598585,0.2225540290899768,0.47532855436081245,0.5925109411177524,214,0.12985436893203883,1648,0.011322696860524962,0.988677303139475,0.0,0.0,3591
genbase,GSI_MLC_PA_MLP,0.35,2,0.4436026936026936,1.0,0.010101313529594898,1581,0.5563973063973064,1983,0.9594594594594594,213,222,0.15778619528619525,0.9974747474747475,0.9457070707070707,0.9482323232323233,0.7222222222222222,0.9723076923076923,0.0597643097643098,0.7190656565656566,0.6796028466483013,0.40105174490710593,0.5924194241512677,0.41197146987171995,213,0.1347248576850095,1581,0.0045385779122541605,0.9954614220877458,0.037037037037037035,0.18181818181818182,3564
genbase,GSI_MLC_PA_MLP,0.35,3,0.48540965207631875,1.0,0.00645312495736543,1730,0.5145903479236813,1834,0.8823529411764706,120,136,0.1743827160493827,0.9955106621773289,0.8901515151515151,0.8939393939393939,0.6960611405055849,0.9487179487179487,0.03367003367003374,0.4053030303030303,0.38223304473304476,0.370342395665393,0.37639090469279146,0.439720305534259,120,0.06936416184971098,1730,0.008724100327153763,0.9912758996728462,0.0,0.0,3564
genbase,GSI_MLC_PA_MLP,0.35,4,0.4702581369248036,1.0,0.00975571995035253,1676,0.5297418630751964,1888,0.90625,203,224,0.17048260381593716,0.9941077441077442,0.8484848484848485,0.8510101010101011,0.6723646723646723,0.932475884244373,0.05695847362514039,0.5104256854256854,0.43826312576312587,0.27618716990459585,0.4761652046327225,0.5629890824432666,203,0.12112171837708831,1676,0.011122881355932203,0.9888771186440678,0.0,0.0,3564
genbase,GSI_MLC_PA_MLP,0.35,5,0.4708994708994709,1.0,0.009402816266346618,1691,0.5291005291005291,1900,0.78,78,100,0.17094124199387356,0.9938735728209412,0.8571428571428571,0.8621553884711779,0.6548408057179986,0.9290322580645162,0.02172096908939014,0.5087719298245614,0.5052631578947369,0.27291889255149276,0.3422553985603839,0.5130945827747829,78,0.046126552335895916,1691,0.011578947368421053,0.988421052631579,0.037037037037037035,0.08333333333333333,3591
genbase,GSI_MLC_PA_MLP,0.40,1,0.24450013923698133,1.0,0.009439427265274563,878,0.7554998607630187,2713,0.8983050847457628,212,236,0.10448343079922029,0.9933166248955723,0.8383458646616542,0.8395989974937342,0.6296296296296297,0.922077922077922,0.059036480089111665,0.5220014321518082,0.43487840480321677,0.21267748588010027,0.46837421837421833,0.6543749734061152,212,0.24145785876993167,878,0.008846295613711759,0.9911537043862882,0.1111111111111111,0.3684210526315789,3591
genbase,GSI_MLC_PA_MLP,0.40,2,0.20510662177328845,1.0,0.010101313529594898,731,0.7948933782267116,2833,0.8288288288288288,184,222,0.09270482603815938,0.989337822671156,0.726010101010101,0.7285353535353536,0.636737747848859,0.8716216216216216,0.05162738496071828,0.49936868686868685,0.4599058769513316,0.31556727053374267,0.49173335346519703,0.4672956390125974,184,0.25170998632010944,731,0.013413342746205436,0.9865866572537946,0.1111111111111111,0.2962962962962963,3564
genbase,GSI_MLC_PA_MLP,0.40,3,0.21184062850729518,1.0,0.00645312495736543,755,0.7881593714927049,2809,0.8455882352941176,115,136,0.09062850729517397,0.9941077441077442,0.8522727272727273,0.8560606060606061,0.6666666666666666,0.9315960912052117,0.03226711560044904,0.36742424242424243,0.3443542568542569,0.34094792182647476,0.3592690471800545,0.47376330244547304,115,0.152317880794702,755,0.007475970096119616,0.9925240299038803,0.1111111111111111,0.2222222222222222,3564
genbase,GSI_MLC_PA_MLP,0.40,4,0.2612233445566779,1.0,0.00975571995035253,931,0.7387766554433222,2633,0.8348214285714286,187,224,0.11487093153759821,0.9896184062850729,0.7361111111111112,0.7383838383838384,0.6324786324786325,0.8745762711864407,0.05246913580246915,0.3980519480519481,0.32563686313686313,0.23630113001855596,0.41826559157479015,0.5913933214693564,187,0.200859291084855,931,0.01405241169768325,0.9859475883023168,0.07407407407407407,0.0975609756097561,3564
genbase,GSI_MLC_PA_MLP,0.40,5,0.20829852408799776,1.0,0.009402816266346618,748,0.7917014759120022,2843,0.6,60,100,0.09445836814257869,0.9888610414926204,0.7330827067669173,0.7393483709273184,0.5561728395061728,0.863013698630137,0.01670843776106934,0.3847117794486216,0.3824561403508773,0.17425092633966693,0.2762368391260047,0.5566826665498391,60,0.08021390374331551,748,0.014069644741470278,0.9859303552585297,0.14814814814814814,0.25925925925925924,3591
genbase,GSI_MLC_PA_MLP,0.50,1,0.0,0.0,0.009439427265274563,0,1.0,3591,0.0,0,236,0.0657198551935394,0.9342801448064606,0.316344432509846,0.40472059269051747,0.4169521437495294,0.4537037037037037,0.0,0.0,0.0,0.0,0.0,,0,,0,0.0657198551935394,0.9342801448064606,0.4169521437495294,0.4537037037037037,3591
genbase,GSI_MLC_PA_MLP,0.50,2,0.0,0.0,0.010101313529594898,0,1.0,3564,0.0,0,222,0.06228956228956229,0.9377104377104377,0.22664141414141412,0.268629476584022,0.3211704773151163,0.37988826815642457,0.0,0.0,0.0,0.0,0.0,,0,,0,0.06228956228956229,0.9377104377104377,0.3211704773151163,0.37988826815642457,3564
genbase,GSI_MLC_PA_MLP,0.50,3,0.0,0.0,0.00645312495736543,0,1.0,3564,0.0,0,136,0.038159371492704826,0.9618406285072951,0.48484848484848486,0.5117063492063492,0.32571874484019187,0.5723270440251572,0.0,0.0,0.0,0.0,0.0,,0,,0,0.038159371492704826,0.9618406285072951,0.32571874484019187,0.5723270440251572,3564
genbase,GSI_MLC_PA_MLP,0.50,4,0.0,0.0,0.00975571995035253,0,1.0,3564,0.0,0,224,0.06285072951739619,0.9371492704826038,0.33805916305916306,0.41274697524697523,0.3961775024600765,0.4563106796116505,0.0,0.0,0.0,0.0,0.0,,0,,0,0.06285072951739619,0.9371492704826038,0.3961775024600765,0.4563106796116505,3564
genbase,GSI_MLC_PA_MLP,0.50,5,0.0,0.0,0.009402816266346618,0,1.0,3591,0.0,0,100,0.0278473962684489,0.9721526037315511,0.3483709273182957,0.3568922305764411,0.38192191316650587,0.5867768595041323,0.0,0.0,0.0,0.0,0.0,,0,,0,0.0278473962684489,0.9721526037315511,0.38192191316650587,0.5867768595041323,3591
genbase,MLC_PA_SVM,0.20,1,0.000835421888053467,0.022556390977443608,0.0009644580091799186,3,0.9991645781119465,3588,0.0,0,1,0.00044555834029518236,0.9997215260373156,0.9962406015037594,0.9974937343358398,0.7777777777777778,0.9969788519637462,0.0,0.0,0.0,0.0,0.0,1.0,0,0.0,3,0.0002787068004459309,0.999721293199554,0.7037037037037037,0.9969230769230769,3591
genbase,MLC_PA_SVM,0.20,2,0.0005611672278338945,0.015151515151515152,0.0011176157860148578,2,0.999438832772166,3562,0.3333333333333333,1,3,0.0006734006734006735,0.999438832772166,0.9949494949494948,0.9962121212121212,0.7777777777777778,0.9939759036144579,0.0002805836139169182,0.002525252525252375,0.0015151515151514694,0.012345679012345734,0.0029849126234668955,0.5,1,0.5,2,0.0005614823133071309,0.9994385176866929,0.7777777777777778,0.9939393939393939,3564
genbase,MLC_PA_SVM,0.20,3,0.0005611672278338945,0.015151515151515152,0.0003498253062772139,2,0.999438832772166,3562,0.16666666666666666,1,6,0.0015151515151515152,0.9985970819304153,0.9747474747474749,0.9782828282828282,0.804021635905694,0.9846153846153847,0.00028058361391702924,0.002525252525252597,0.0015151515151513584,0.03703703703703709,0.0031339031339031598,0.5,1,0.5,2,0.001403705783267827,0.9985962942167321,0.7299475618316199,0.9844236760124611,3564
genbase,MLC_PA_SVM,0.20,4,0.0008417508417508417,0.022727272727272728,6.453280651632726e-05,3,0.9991582491582491,3561,0.0,0,2,0.0007295173961840627,0.999438832772166,0.9924242424242424,0.9949494949494948,0.7654320987654322,0.9939759036144579,0.0,0.0,0.0,0.0,0.0,1.0,0,0.0,3,0.0005616399887672002,0.9994383600112328,0.6913580246913581,0.9938650306748467,3564
genbase,MLC_PA_SVM,0.20,5,0.001113895850737956,0.015037593984962405,0.001271528448543715,4,0.998886104149262,3587,0.25,1,4,0.0010582010582010583,0.9991645781119465,0.9887218045112782,0.9924812030075187,0.7354497354497355,0.9908814589665653,0.0002784739626844335,0.0025062656641604564,0.0015037593984961184,0.002849002849002802,0.0030026710877774088,0.75,1,0.25,4,0.0008363534987454698,0.9991636465012546,0.6984126984126985,0.9907120743034056,3591
genbase,MLC_PA_SVM,0.25,1,0.000556947925368978,0.015037593984962405,0.0009644580091799186,2,0.999443052074631,3589,0.0,0,1,0.0004177109440267335,0.9997215260373156,0.9962406015037594,0.9974937343358398,0.7777777777777778,0.9969788519637462,0.0,0.0,0.0,0.0,0.0,1.0,0,0.0,2,0.00027862914460852607,0.9997213708553915,0.7407407407407407,0.9969418960244648,3591
genbase,MLC_PA_SVM,0.25,2,0.0002805836139169473,0.007575757575757576,0.0011176157860148578,1,0.9997194163860831,3563,0.3333333333333333,1,3,0.0006313131313131314,0.999438832772166,0.9949494949494948,0.9962121212121212,0.7777777777777778,0.9939759036144579,0.0002805836139169182,0.002525252525252375,0.0015151515151514694,0.012345679012345734,0.0029849126234668955,0.0,1,1.0,1,0.000561324726354196,0.9994386752736458,0.7777777777777778,0.9939759036144579,3564
genbase,MLC_PA_SVM,0.25,3,0.0002805836139169473,0.007575757575757576,0.0003498253062772139,1,0.9997194163860831,3563,0.16666666666666666,1,6,0.001473063973063973,0.9985970819304153,0.9747474747474749,0.9782828282828282,0.804021635905694,0.9846153846153847,0.00028058361391702924,0.002525252525252597,0.0015151515151513584,0.03703703703703709,0.0031339031339031598,0.0,1,1.0,1,0.0014033118158854898,0.9985966881841145,0.7669845988686569,0.9845201238390093,3564
genbase,MLC_PA_SVM,0.25,4,0.0002805836139169473,0.007575757575757576,6.453280651632726e-05,1,0.9997194163860831,3563,0.0,0,2,0.0006313131313131314,0.999438832772166,0.9924242424242424,0.9949494949494948,0.7654320987654322,0.9939759036144579,0.0,0.0,0.0,0.0,0.0,1.0,0,0.0,1,0.000561324726354196,0.9994386752736458,0.7283950617283951,0.9939393939393939,3564
genbase,MLC_PA_SVM,0.25,5,0.000835421888053467,0.015037593984962405,0.001271528448543715,3,0.9991645781119465,3588,0.25,1,4,0.0010442773600668337,0.9991645781119465,0.9887218045112782,0.9924812030075187,0.7354497354497355,0.9908814589665653,0.0002784739626844335,0.0025062656641604564,0.0015037593984961184,0.002849002849002802,0.0030026710877774088,0.6666666666666666,1,0.3333333333333333,3,0.0008361204013377926,0.9991638795986622,0.7354497354497355,0.9907692307692307,3591
genbase,MLC_PA_SVM,0.30,1,0.000556947925368978,0.015037593984962405,0.0009644580091799186,2,0.999443052074631,3589,0.0,0,1,0.0004455583402951824,0.9997215260373156,0.9962406015037594,0.9974937343358398,0.7777777777777778,0.9969788519637462,0.0,0.0,0.0,0.0,0.0,1.0,0,0.0,2,0.00027862914460852607,0.9997213708553915,0.7407407407407407,0.9969418960244648,3591
genbase,MLC_PA_SVM,0.30,2,0.0,0.0,0.0011176157860148578,0,1.0,3564,0.0,0,3,0.0008417508417508417,0.9991582491582491,0.9924242424242424,0.9946969696969697,0.7654320987654321,0.990990990990991,0.0,0.0,0.0,0.0,0.0,,0,,0,0.0008417508417508417,0.9991582491582491,0.7654320987654321,0.990990990990991,3564
genbase,MLC_PA_SVM,0.30,3,0.0002805836139169473,0.007575757575757576,0.0003498253062772139,1,0.9997194163860831,3563,0.16666666666666666,1,6,0.0014870931537598203,0.9985970819304153,0.9747474747474749,0.9782828282828282,0.804021635905694,0.9846153846153847,0.00028058361391702924,0.002525252525252597,0.0015151515151513584,0.03703703703703709,0.0031339031339031598,0.0,1,1.0,1,0.0014033118158854898,0.9985966881841145,0.7669845988686569,0.9845201238390093,3564
genbase,MLC_PA_SVM,0.30,4,0.0002805836139169473,0.007575757575757576,6.453280651632726e-05,1,0.9997194163860831,3563,0.0,0,2,0.0006453423120089786,0.999438832772166,0.9924242424242424,0.9949494949494948,0.7654320987654322,0.9939759036144579,0.0,0.0,0.0,0.0,0.0,1.0,0,0.0,1,0.000561324726354196,0.9994386752736458,0.7283950617283951,0.9939393939393939,3564
genbase,MLC_PA_SVM,0.30,5,0.000556947925368978,0.015037593984962405,0.001271528448543715,2,0.999443052074631,3589,0.0,0,4,0.0012809802283486494,0.998886104149262,0.9862155388471178,0.9909774436090226,0.7326007326007327,0.9878787878787879,0.0,0.0,0.0,0.0,0.0,1.0,0,0.0,2,0.0011145165784341043,0.9988854834215659,0.7326007326007327,0.9877300613496932,3591
genbase,MLC_PA_SVM,0.35,1,0.000278473962684489,0.007518796992481203,0.0009644580091799186,1,0.9997215260373155,3590,0.0,0,1,0.00037593984962406017,0.9997215260373156,0.9962406015037594,0.9974937343358398,0.7777777777777778,0.9969788519637462,0.0,0.0,0.0,0.0,0.0,1.0,0,0.0,1,0.0002785515320334262,0.9997214484679666,0.7777777777777778,0.9969604863221885,3591
genbase,MLC_PA_SVM,0.35,2,0.0,0.0,0.0011176157860148578,0,1.0,3564,0.0,0,3,0.0008417508417508417,0.9991582491582491,0.9924242424242424,0.9946969696969697,0.7654320987654321,0.990990990990991,0.0,0.0,0.0,0.0,0.0,,0,,0,0.0008417508417508417,0.9991582491582491,0.7654320987654321,0.990990990990991,3564
genbase,MLC_PA_SVM,0.35,3,0.0002805836139169473,0.007575757575757576,0.0003498253062772139,1,0.9997194163860831,3563,0.16666666666666666,1,6,0.0015011223344556677,0.9985970819304153,0.9747474747474749,0.9782828282828282,0.804021635905694,0.9846153846153847,0.00028058361391702924,0.002525252525252597,0.0015151515151513584,0.03703703703703709,0.0031339031339031598,0.0,1,1.0,1,0.0014033118158854898,0.9985966881841145,0.7669845988686569,0.9845201238390093,3564
genbase,MLC_PA_SVM,0.35,4,0.0002805836139169473,0.007575757575757576,6.453280651632726e-05,1,0.9997194163860831,3563,0.0,0,2,0.0006593714927048261,0.999438832772166,0.9924242424242424,0.9949494949494948,0.7654320987654322,0.9939759036144579,0.0,0.0,0.0,0.0,0.0,1.0,0,0.0,1,0.000561324726354196,0.9994386752736458,0.7283950617283951,0.9939393939393939,3564
genbase,MLC_PA_SVM,0.35,5,0.000556947925368978,0.015037593984962405,0.001271528448543715,2,0.999443052074631,3589,0.0,0,4,0.0013088276246170983,0.998886104149262,0.9862155388471178,0.9909774436090226,0.7326007326007327,0.9878787878787879,0.0,0.0,0.0,0.0,0.0,1.0,0,0.0,2,0.0011145165784341043,0.9988854834215659,0.7326007326007327,0.9877300613496932,3591
genbase,MLC_PA_SVM,0.40,1,0.0,0.0,0.0009644580091799186,0,1.0,3591,0.0,0,1,0.000278473962684489,0.9997215260373156,0.9962406015037594,0.9974937343358398,0.7777777777777778,0.9969788519637462,0.0,0.0,0.0,0.0,0.0,,0,,0,0.000278473962684489,0.9997215260373156,0.7777777777777778,0.9969788519637462,3591
genbase,MLC_PA_SVM,0.40,2,0.0,0.0,0.0011176157860148578,0,1.0,3564,0.0,0,3,0.0008417508417508417,0.9991582491582491,0.9924242424242424,0.9946969696969697,0.7654320987654321,0.990990990990991,0.0,0.0,0.0,0.0,0.0,,0,,0,0.0008417508417508417,0.9991582491582491,0.7654320987654321,0.990990990990991,3564
genbase,MLC_PA_SVM,0.40,3,0.0,0.0,0.0003498253062772139,0,1.0,3564,0.0,0,6,0.0016835016835016834,0.9983164983164983,0.9722222222222223,0.9767676767676768,0.7669845988686569,0.9814814814814815,0.0,0.0,0.0,0.0,0.0,,0,,0,0.0016835016835016834,0.9983164983164983,0.7669845988686569,0.9814814814814815,3564
genbase,MLC_PA_SVM,0.40,4,0.0,0.0,6.453280651632726e-05,0,1.0,3564,0.0,0,2,0.0005611672278338945,0.999438832772166,0.9924242424242424,0.9949494949494948,0.7654320987654322,0.9939759036144579,0.0,0.0,0.0,0.0,0.0,,0,,0,0.0005611672278338945,0.999438832772166,0.7654320987654322,0.9939759036144579,3564
genbase,MLC_PA_SVM,0.40,5,0.0,0.0,0.001271528448543715,0,1.0,3591,0.0,0,4,0.001113895850737956,0.998886104149262,0.9862155388471178,0.9909774436090226,0.7326007326007327,0.9878787878787879,0.0,0.0,0.0,0.0,0.0,,0,,0,0.001113895850737956,0.998886104149262,0.7326007326007327,0.9878787878787879,3591
genbase,MLC_PA_SVM,0.50,1,0.0,0.0,0.0009644580091799186,0,1.0,3591,0.0,0,1,0.000278473962684489,0.9997215260373156,0.9962406015037594,0.9974937343358398,0.7777777777777778,0.9969788519637462,0.0,0.0,0.0,0.0,0.0,,0,,0,0.000278473962684489,0.9997215260373156,0.7777777777777778,0.9969788519637462,3591
genbase,MLC_PA_SVM,0.50,2,0.0,0.0,0.0011176157860148578,0,1.0,3564,0.0,0,3,0.0008417508417508417,0.9991582491582491,0.9924242424242424,0.9946969696969697,0.7654320987654321,0.990990990990991,0.0,0.0,0.0,0.0,0.0,,0,,0,0.0008417508417508417,0.9991582491582491,0.7654320987654321,0.990990990990991,3564
genbase,MLC_PA_SVM,0.50,3,0.0,0.0,0.0003498253062772139,0,1.0,3564,0.0,0,6,0.0016835016835016834,0.9983164983164983,0.9722222222222223,0.9767676767676768,0.7669845988686569,0.9814814814814815,0.0,0.0,0.0,0.0,0.0,,0,,0,0.0016835016835016834,0.9983164983164983,0.7669845988686569,0.9814814814814815,3564
genbase,MLC_PA_SVM,0.50,4,0.0,0.0,6.453280651632726e-05,0,1.0,3564,0.0,0,2,0.0005611672278338945,0.999438832772166,0.9924242424242424,0.9949494949494948,0.7654320987654322,0.9939759036144579,0.0,0.0,0.0,0.0,0.0,,0,,0,0.0005611672278338945,0.999438832772166,0.7654320987654322,0.9939759036144579,3564
genbase,MLC_PA_SVM,0.50,5,0.0,0.0,0.001271528448543715,0,1.0,3591,0.0,0,4,0.001113895850737956,0.998886104149262,0.9862155388471178,0.9909774436090226,0.7326007326007327,0.9878787878787879,0.0,0.0,0.0,0.0,0.0,,0,,0,0.001113895850737956,0.998886104149262,0.7326007326007327,0.9878787878787879,3591
genbase,GSI_MLC_PA_SVM,0.20,1,0.000835421888053467,0.022556390977443608,0.0009644580091799186,3,0.9991645781119465,3588,0.0,0,1,0.00044555834029518236,0.9997215260373156,0.9962406015037594,0.9974937343358398,0.7777777777777778,0.9969788519637462,0.0,0.0,0.0,0.0,0.0,1.0,0,0.0,3,0.0002787068004459309,0.999721293199554,0.7037037037037037,0.9969230769230769,3591
genbase,GSI_MLC_PA_SVM,0.20,2,0.0005611672278338945,0.015151515151515152,0.0011188125027070026,2,0.999438832772166,3562,0.3333333333333333,1,3,0.0006734006734006735,0.999438832772166,0.9949494949494948,0.9962121212121212,0.7777777777777778,0.9939759036144579,0.0002805836139169182,0.002525252525252375,0.0015151515151514694,0.012345679012345734,0.0029849126234668955,0.5,1,0.5,2,0.0005614823133071309,0.9994385176866929,0.7777777777777778,0.9939393939393939,3564
genbase,GSI_MLC_PA_SVM,0.20,3,0.0005611672278338945,0.015151515151515152,0.0003519305118037468,2,0.999438832772166,3562,0.16666666666666666,1,6,0.0015151515151515152,0.9985970819304153,0.9747474747474749,0.9782828282828282,0.804021635905694,0.9846153846153847,0.00028058361391702924,0.002525252525252597,0.0015151515151513584,0.03703703703703709,0.0031339031339031598,0.5,1,0.5,2,0.001403705783267827,0.9985962942167321,0.7299475618316199,0.9844236760124611,3564
genbase,GSI_MLC_PA_SVM,0.20,4,0.001122334455667789,0.022727272727272728,5.847012636014999e-05,4,0.9988776655443322,3560,0.0,0,2,0.0007856341189674522,0.999438832772166,0.9924242424242424,0.9949494949494948,0.7654320987654322,0.9939759036144579,0.0,0.0,0.0,0.0,0.0,0.75,0,0.0,4,0.0005617977528089888,0.999438202247191,0.6913580246913581,0.9938650306748467,3564
genbase,GSI_MLC_PA_SVM,0.20,5,0.001392369813422445,0.022556390977443608,0.0012220146735883806,5,0.9986076301865775,3586,0.25,1,4,0.001113895850737956,0.9991645781119465,0.9887218045112782,0.9924812030075187,0.7354497354497355,0.9908814589665653,0.0002784739626844335,0.0025062656641604564,0.0015037593984961184,0.002849002849002802,0.0030026710877774088,0.8,1,0.2,5,0.0008365867261572784,0.9991634132738427,0.6613756613756614,0.9906542056074766,3591
genbase,GSI_MLC_PA_SVM,0.25,1,0.000556947925368978,0.015037593984962405,0.0009644580091799186,2,0.999443052074631,3589,0.0,0,1,0.0004177109440267335,0.9997215260373156,0.9962406015037594,0.9974937343358398,0.7777777777777778,0.9969788519637462,0.0,0.0,0.0,0.0,0.0,1.0,0,0.0,2,0.00027862914460852607,0.9997213708553915,0.7407407407407407,0.9969418960244648,3591
genbase,GSI_MLC_PA_SVM,0.25,2,0.0005611672278338945,0.015151515151515152,0.0011188125027070026,2,0.999438832772166,3562,0.3333333333333333,1,3,0.0007014590347923681,0.999438832772166,0.9949494949494948,0.9962121212121212,0.7777777777777778,0.9939759036144579,0.0002805836139169182,0.002525252525252375,0.0015151515151514694,0.012345679012345734,0.0029849126234668955,0.5,1,0.5,2,0.0005614823133071309,0.9994385176866929,0.7777777777777778,0.9939393939393939,3564
genbase,GSI_MLC_PA_SVM,0.25,3,0.0002805836139169473,0.007575757575757576,0.0003519305118037468,1,0.9997194163860831,3563,0.16666666666666666,1,6,0.001473063973063973,0.9985970819304153,0.9747474747474749,0.9782828282828282,0.804021635905694,0.9846153846153847,0.00028058361391702924,0.002525252525252597,0.0015151515151513584,0.03703703703703709,0.0031339031339031598,0.0,1,1.0,1,0.0014033118158854898,0.9985966881841145,0.7669845988686569,0.9845201238390093,3564
genbase,GSI_MLC_PA_SVM,0.25,4,0.0008417508417508417,0.015151515151515152,5.847012636014999e-05,3,0.9991582491582491,3561,0.0,0,2,0.0007716049382716049,0.999438832772166,0.9924242424242424,0.9949494949494948,0.7654320987654322,0.9939759036144579,0.0,0.0,0.0,0.0,0.0,0.6666666666666666,0,0.0,3,0.0005616399887672002,0.9994383600112328,0.7283950617283951,0.9939024390243902,3564
genbase,GSI_MLC_PA_SVM,0.25,5,0.000835421888053467,0.015037593984962405,0.0012220146735883806,3,0.9991645781119465,3588,0.25,1,4,0.0010442773600668337,0.9991645781119465,0.9887218045112782,0.9924812030075187,0.7354497354497355,0.9908814589665653,0.0002784739626844335,0.0025062656641604564,0.0015037593984961184,0.002849002849002802,0.0030026710877774088,0.6666666666666666,1,0.3333333333333333,3,0.0008361204013377926,0.9991638795986622,0.7354497354497355,0.9907692307692307,3591
genbase,GSI_MLC_PA_SVM,0.30,1,0.000556947925368978,0.015037593984962405,0.0009644580091799186,2,0.999443052074631,3589,0.0,0,1,0.0004455583402951824,0.9997215260373156,0.9962406015037594,0.9974937343358398,0.7777777777777778,0.9969788519637462,0.0,0.0,0.0,0.0,0.0,1.0,0,0.0,2,0.00027862914460852607,0.9997213708553915,0.7407407407407407,0.9969418960244648,3591
genbase,GSI_MLC_PA_SVM,0.30,2,0.0,0.0,0.0011188125027070026,0,1.0,3564,0.0,0,3,0.0008417508417508417,0.9991582491582491,0.9924242424242424,0.9946969696969697,0.7654320987654321,0.990990990990991,0.0,0.0,0.0,0.0,0.0,,0,,0,0.0008417508417508417,0.9991582491582491,0.7654320987654321,0.990990990990991,3564
genbase,GSI_MLC_PA_SVM,0.30,3,0.0002805836139169473,0.007575757575757576,0.0003519305118037468,1,0.9997194163860831,3563,0.16666666666666666,1,6,0.0014870931537598203,0.9985970819304153,0.9747474747474749,0.9782828282828282,0.804021635905694,0.9846153846153847,0.00028058361391702924,0.002525252525252597,0.0015151515151513584,0.03703703703703709,0.0031339031339031598,0.0,1,1.0,1,0.0014033118158854898,0.9985966881841145,0.7669845988686569,0.9845201238390093,3564
genbase,GSI_MLC_PA_SVM,0.30,4,0.0005611672278338945,0.015151515151515152,5.847012636014999e-05,2,0.999438832772166,3562,0.0,0,2,0.0007295173961840628,0.999438832772166,0.9924242424242424,0.9949494949494948,0.7654320987654322,0.9939759036144579,0.0,0.0,0.0,0.0,0.0,0.5,0,0.0,2,0.0005614823133071309,0.9994385176866929,0.7283950617283951,0.9939393939393939,3564
genbase,GSI_MLC_PA_SVM,0.30,5,0.000556947925368978,0.015037593984962405,0.0012220146735883806,2,0.999443052074631,3589,0.0,0,4,0.0012809802283486494,0.998886104149262,0.9862155388471178,0.9909774436090226,0.7326007326007327,0.9878787878787879,0.0,0.0,0.0,0.0,0.0,1.0,0,0.0,2,0.0011145165784341043,0.9988854834215659,0.7326007326007327,0.9877300613496932,3591
genbase,GSI_MLC_PA_SVM,0.35,1,0.000278473962684489,0.007518796992481203,0.0009644580091799186,1,0.9997215260373155,3590,0.0,0,1,0.00037593984962406017,0.9997215260373156,0.9962406015037594,0.9974937343358398,0.7777777777777778,0.9969788519637462,0.0,0.0,0.0,0.0,0.0,1.0,0,0.0,1,0.0002785515320334262,0.9997214484679666,0.7777777777777778,0.9969604863221885,3591
genbase,GSI_MLC_PA_SVM,0.35,2,0.0,0.0,0.0011188125027070026,0,1.0,3564,0.0,0,3,0.0008417508417508417,0.9991582491582491,0.9924242424242424,0.9946969696969697,0.7654320987654321,0.990990990990991,0.0,0.0,0.0,0.0,0.0,,0,,0,0.0008417508417508417,0.9991582491582491,0.7654320987654321,0.990990990990991,3564
genbase,GSI_MLC_PA_SVM,0.35,3,0.0,0.0,0.0003519305118037468,0,1.0,3564,0.0,0,6,0.0016835016835016834,0.9983164983164983,0.9722222222222223,0.9767676767676768,0.7669845988686569,0.9814814814814815,0.0,0.0,0.0,0.0,0.0,,0,,0,0.0016835016835016834,0.9983164983164983,0.7669845988686569,0.9814814814814815,3564
genbase,GSI_MLC_PA_SVM,0.35,4,0.0005611672278338945,0.015151515151515152,5.847012636014999e-05,2,0.999438832772166,3562,0.0,0,2,0.0007575757575757576,0.999438832772166,0.9924242424242424,0.9949494949494948,0.7654320987654322,0.9939759036144579,0.0,0.0,0.0,0.0,0.0,0.5,0,0.0,2,0.0005614823133071309,0.9994385176866929,0.7283950617283951,0.9939393939393939,3564
genbase,GSI_MLC_PA_SVM,0.35,5,0.000278473962684489,0.007518796992481203,0.0012220146735883806,1,0.9997215260373155,3590,0.0,0,4,0.0012113617376775271,0.998886104149262,0.9862155388471178,0.9909774436090226,0.7326007326007327,0.9878787878787879,0.0,0.0,0.0,0.0,0.0,1.0,0,0.0,1,0.0011142061281337048,0.9988857938718663,0.7326007326007327,0.9878048780487805,3591
genbase,GSI_MLC_PA_SVM,0.40,1,0.0,0.0,0.0009644580091799186,0,1.0,3591,0.0,0,1,0.000278473962684489,0.9997215260373156,0.9962406015037594,0.9974937343358398,0.7777777777777778,0.9969788519637462,0.0,0.0,0.0,0.0,0.0,,0,,0,0.000278473962684489,0.9997215260373156,0.7777777777777778,0.9969788519637462,3591
genbase,GSI_MLC_PA_SVM,0.40,2,0.0,0.0,0.0011188125027070026,0,1.0,3564,0.0,0,3,0.0008417508417508417,0.9991582491582491,0.9924242424242424,0.9946969696969697,0.7654320987654321,0.990990990990991,0.0,0.0,0.0,0.0,0.0,,0,,0,0.0008417508417508417,0.9991582491582491,0.7654320987654321,0.990990990990991,3564
genbase,GSI_MLC_PA_SVM,0.40,3,0.0,0.0,0.0003519305118037468,0,1.0,3564,0.0,0,6,0.0016835016835016834,0.9983164983164983,0.9722222222222223,0.9767676767676768,0.7669845988686569,0.9814814814814815,0.0,0.0,0.0,0.0,0.0,,0,,0,0.0016835016835016834,0.9983164983164983,0.7669845988686569,0.9814814814814815,3564
genbase,GSI_MLC_PA_SVM,0.40,4,0.0,0.0,5.847012636014999e-05,0,1.0,3564,0.0,0,2,0.0005611672278338945,0.999438832772166,0.9924242424242424,0.9949494949494948,0.7654320987654322,0.9939759036144579,0.0,0.0,0.0,0.0,0.0,,0,,0,0.0005611672278338945,0.999438832772166,0.7654320987654322,0.9939759036144579,3564
genbase,GSI_MLC_PA_SVM,0.40,5,0.000278473962684489,0.007518796992481203,0.0012220146735883806,1,0.9997215260373155,3590,0.0,0,4,0.0012252854358117517,0.998886104149262,0.9862155388471178,0.9909774436090226,0.7326007326007327,0.9878787878787879,0.0,0.0,0.0,0.0,0.0,1.0,0,0.0,1,0.0011142061281337048,0.9988857938718663,0.7326007326007327,0.9878048780487805,3591
genbase,GSI_MLC_PA_SVM,0.50,1,0.0,0.0,0.0009644580091799186,0,1.0,3591,0.0,0,1,0.000278473962684489,0.9997215260373156,0.9962406015037594,0.9974937343358398,0.7777777777777778,0.9969788519637462,0.0,0.0,0.0,0.0,0.0,,0,,0,0.000278473962684489,0.9997215260373156,0.7777777777777778,0.9969788519637462,3591
genbase,GSI_MLC_PA_SVM,0.50,2,0.0,0.0,0.0011188125027070026,0,1.0,3564,0.0,0,3,0.0008417508417508417,0.9991582491582491,0.9924242424242424,0.9946969696969697,0.7654320987654321,0.990990990990991,0.0,0.0,0.0,0.0,0.0,,0,,0,0.0008417508417508417,0.9991582491582491,0.7654320987654321,0.990990990990991,3564
genbase,GSI_MLC_PA_SVM,0.50,3,0.0,0.0,0.0003519305118037468,0,1.0,3564,0.0,0,6,0.0016835016835016834,0.9983164983164983,0.9722222222222223,0.9767676767676768,0.7669845988686569,0.9814814814814815,0.0,0.0,0.0,0.0,0.0,,0,,0,0.0016835016835016834,0.9983164983164983,0.7669845988686569,0.9814814814814815,3564
genbase,GSI_MLC_PA_SVM,0.50,4,0.0,0.0,5.847012636014999e-05,0,1.0,3564,0.0,0,2,0.0005611672278338945,0.999438832772166,0.9924242424242424,0.9949494949494948,0.7654320987654322,0.9939759036144579,0.0,0.0,0.0,0.0,0.0,,0,,0,0.0005611672278338945,0.999438832772166,0.7654320987654322,0.9939759036144579,3564
genbase,GSI_MLC_PA_SVM,0.50,5,0.0,0.0,0.0012220146735883806,0,1.0,3591,0.0,0,4,0.001113895850737956,0.998886104149262,0.9862155388471178,0.9909774436090226,0.7326007326007327,0.9878787878787879,0.0,0.0,0.0,0.0,0.0,,0,,0,0.001113895850737956,0.998886104149262,0.7326007326007327,0.9878787878787879,3591
medical,MLC_PA_Logistic,0.20,1,0.019212962962962963,0.625,0.0017764716334593635,166,0.9807870370370371,8474,0.45348837209302323,39,86,0.009282407407407408,0.9945601851851852,0.8307291666666666,0.8453125,0.37914295867237047,0.8962472406181016,0.004513888888888928,0.10590277777777768,0.09479166666666672,0.10821901149942459,0.08821152633238727,0.6207405996452648,39,0.23493975903614459,166,0.005546377153646448,0.9944536228463535,0.19589134125636673,0.7965367965367965,8640
medical,MLC_PA_Logistic,0.20,2,0.01717171717171717,0.5959595959595959,0.0015952033294489548,153,0.9828282828282828,8757,0.532608695652174,49,92,0.008260381593714929,0.9951739618406286,0.8577441077441077,0.8727272727272728,0.37440639367295653,0.9042316258351893,0.005499438832772263,0.1346801346801345,0.12104377104377106,0.09116274839854505,0.11050965274101898,0.527466775365935,49,0.3202614379084967,153,0.00491035742834304,0.995089642571657,0.28460018993352326,0.8436363636363636,8910
medical,MLC_PA_Logistic,0.20,3,0.01527065527065527,0.5230769230769231,0.0014158157955700163,134,0.9847293447293447,8641,0.4659090909090909,41,88,0.008410256410256412,0.9946438746438746,0.8555555555555556,0.875897435897436,0.4120537677474745,0.8976034858387799,0.004672364672364648,0.14273504273504278,0.13675213675213682,0.12137073281798205,0.09851672784791232,0.603503441003441,41,0.30597014925373134,134,0.005439185279481541,0.9945608147205185,0.26606929510155314,0.8185328185328186,8775
medical,MLC_PA_Logistic,0.20,4,0.01727172717271727,0.5891089108910891,0.0013914045808056288,157,0.9827282728272827,8933,0.55,55,100,0.008404840484048406,0.995049504950495,0.8655115511551155,0.8834983498349833,0.4329134637274057,0.9028077753779697,0.006050605060506031,0.17986798679867977,0.17557755775577544,0.14027252758529823,0.13008050265069704,0.5145601178209874,55,0.3503184713375796,157,0.005037501399305944,0.9949624986006941,0.2740829206672075,0.8275862068965517,9090
medical,MLC_PA_Logistic,0.20,5,0.01733566026759744,0.581151832460733,0.0015565187641119426,149,0.9826643397324025,8446,0.4725274725274725,43,91,0.009051774287376383,0.9944153577661431,0.856893542757417,0.8769633507853403,0.3679804917087397,0.8956521739130435,0.005002908667830153,0.11867364746945896,0.11483420593368232,0.08347457301372446,0.09742600983322092,0.597642464760925,43,0.28859060402684567,149,0.005683163627752783,0.9943168363722472,0.24196343655560285,0.8181818181818182,8595
medical,MLC_PA_Logistic,0.25,1,0.014467592592592593,0.5104166666666666,0.0017764716334593635,125,0.9855324074074074,8515,0.3488372093023256,30,86,0.010098379629629629,0.9935185185185185,0.8012152777777777,0.8184027777777777,0.36495429949696684,0.8761061946902655,0.00347222222222221,0.07638888888888873,0.0678819444444444,0.09403035232402096,0.06807048040455121,0.6227949765764891,30,0.24,125,0.006576629477392836,0.9934233705226072,0.21481798037353594,0.8,8640
medical,MLC_PA_Logistic,0.25,2,0.01335578002244669,0.46464646464646464,0.0015952033294489548,119,0.9866442199775534,8791,0.4891304347826087,45,92,0.008613916947250281,0.9947250280583614,0.8543771043771043,0.8702020202020203,0.37282477663430047,0.8962472406181016,0.005050505050505083,0.13131313131313116,0.11851851851851858,0.08958113135988899,0.10252526752393121,0.5409668109668109,45,0.37815126050420167,119,0.005346376976453191,0.9946536230235468,0.28655527708159284,0.8469055374592834,8910
medical,MLC_PA_Logistic,0.25,3,0.011737891737891738,0.441025641025641,0.0014158157955700163,103,0.9882621082621083,8672,0.4090909090909091,36,88,0.00886039886039886,0.9940740740740741,0.8350427350427351,0.8570940170940172,0.39755931879190143,0.8854625550660793,0.004102564102564155,0.12222222222222223,0.11794871794871808,0.106876283862409,0.0863757970752117,0.6047619047619048,36,0.34951456310679613,103,0.005996309963099631,0.9940036900369004,0.275065730823766,0.825503355704698,8775
medical,MLC_PA_Logistic,0.25,4,0.013421342134213421,0.45544554455445546,0.0013914045808056288,122,0.9865786578657866,8968,0.48,48,100,0.009075907590759076,0.9942794279427942,0.8382838283828382,0.8554455445544555,0.38617945117367136,0.8864628820960698,0.005280528052805211,0.15264026402640252,0.14752475247524766,0.0935385150315639,0.11373560936879712,0.526603699330972,48,0.39344262295081966,122,0.005798394290811775,0.9942016057091883,0.27313394630039023,0.8289473684210527,9090
medical,MLC_PA_Logistic,0.25,5,0.013263525305410123,0.4869109947643979,0.0015565187641119426,114,0.9867364746945899,8481,0.4065934065934066,37,91,0.009598603839441536,0.993717277486911,0.8394415357766142,0.8596858638743455,0.333239904608806,0.8820960698689956,0.004304828388598025,0.10122164048865612,0.09755671902268759,0.048733985913790745,0.08386990578917297,0.6442142309015374,37,0.32456140350877194,114,0.006367173682348779,0.9936328263176513,0.28572439558226237,0.8211920529801324,8595
medical,MLC_PA_Logistic,0.30,1,0.011342592592592593,0.4270833333333333,0.0017764716334593635,98,0.9886574074074074,8542,0.313953488372093,27,86,0.010231481481481479,0.9931712962962963,0.7942708333333334,0.8138888888888888,0.35759635025666464,0.869757174392936,0.0031250000000000444,0.06944444444444442,0.06336805555555547,0.08667240308371876,0.06172146010722168,0.5687001594896332,27,0.2755102040816326,98,0.006907047529852494,0.9930929524701475,0.22902035439669852,0.8150470219435737,8640
medical,MLC_PA_Logistic,0.30,2,0.009988776655443322,0.37373737373737376,0.0015952033294489548,89,0.9900112233445567,8821,0.358695652173913,33,92,0.00961840628507295,0.9933782267115601,0.81986531986532,0.8367003367003368,0.34386758277514584,0.8691796008869179,0.0037037037037037646,0.09680134680134678,0.0850168350168351,0.06062393750073436,0.07545762779274756,0.5731829573934837,33,0.3707865168539326,89,0.006688584060764086,0.9933114159392359,0.2722061075002251,0.8269794721407625,8910
medical,MLC_PA_Logistic,0.30,3,0.009116809116809116,0.3384615384615385,0.0014158157955700163,80,0.9908831908831909,8695,0.3522727272727273,31,88,0.009230769230769232,0.9935042735042735,0.8222222222222221,0.8449572649572649,0.39445395297029284,0.8747252747252747,0.00353276353276355,0.10940170940170924,0.10581196581196572,0.10377091804080041,0.07563851673440714,0.6021679378822237,31,0.3875,80,0.00655549166187464,0.9934445083381254,0.27689221345103704,0.8277945619335347,8775
medical,MLC_PA_Logistic,0.30,4,0.009900990099009901,0.33663366336633666,0.0013914045808056288,90,0.9900990099009901,9000,0.42,42,100,0.00935093509350935,0.9936193619361936,0.8143564356435643,0.8298679867986798,0.358632208291651,0.8716814159292036,0.0046204620462045876,0.1287128712871286,0.12194719471947191,0.06599127214954353,0.09895414320193086,0.5027336860670194,42,0.4666666666666667,90,0.0064444444444444445,0.9935555555555555,0.2957058682058682,0.8323699421965318,9090
medical,MLC_PA_Logistic,0.30,5,0.009773123909249564,0.3717277486910995,0.0015565187641119426,84,0.9902268760907504,8511,0.32967032967032966,30,91,0.010029086678301337,0.9929028504944736,0.81326352530541,0.8352530541012215,0.3258309423868417,0.8665207877461707,0.003490401396160636,0.07504363001745196,0.07312390924956358,0.041325023691826446,0.06829462366634809,0.6131572131572132,30,0.35714285714285715,84,0.007167195394195747,0.9928328046058043,0.2801601516669818,0.8231884057971014,8595
medical,MLC_PA_Logistic,0.35,1,0.0077546296296296295,0.3177083333333333,0.0017764716334593635,67,0.9922453703703704,8573,0.2441860465116279,21,86,0.010237268518518519,0.9924768518518519,0.7786458333333334,0.7982638888888888,0.3181557658028246,0.8558758314855875,0.0024305555555556024,0.05381944444444442,0.04774305555555547,0.04723181862987874,0.047840117199873244,0.6266046453546454,21,0.31343283582089554,67,0.007581943310393095,0.9924180566896069,0.23481879239658887,0.8189415041782729,8640
medical,MLC_PA_Logistic,0.35,2,0.00718294051627385,0.2828282828282828,0.0015952033294489548,64,0.9928170594837261,8846,0.29347826086956524,27,92,0.009809203142536476,0.9927048260381593,0.8047138047138047,0.8215488215488217,0.33637119375693797,0.8552338530066815,0.00303030303030305,0.08164983164983153,0.06986531986531996,0.05312754848252649,0.06151187991251117,0.5525132275132275,27,0.421875,64,0.007347953877458738,0.9926520461225412,0.2678453113934785,0.8238482384823849,8910
medical,MLC_PA_Logistic,0.35,3,0.006153846153846154,0.2358974358974359,0.0014158157955700163,54,0.9938461538461538,8721,0.2840909090909091,25,88,0.009333333333333334,0.9928205128205129,0.8,0.8218803418803418,0.3718011073449701,0.8596881959910914,0.002849002849002913,0.0871794871794872,0.08273504273504262,0.0811180724154777,0.06060143800022377,0.5789473684210525,25,0.46296296296296297,54,0.007223942208462332,0.9927760577915377,0.27836828942292485,0.8273972602739726,8775
medical,MLC_PA_Logistic,0.35,4,0.0070407040704070405,0.2722772277227723,0.0013914045808056288,64,0.992959295929593,9026,0.35,35,100,0.009614961496149616,0.9928492849284929,0.7896039603960396,0.8084158415841585,0.35224090695782095,0.8552338530066815,0.0038503850385038785,0.10396039603960394,0.10049504950495058,0.0595999708157135,0.08250658027940883,0.4226190476190476,35,0.546875,64,0.0072014181254154664,0.9927985818745846,0.29220727775313865,0.8257372654155496,9090
medical,MLC_PA_Logistic,0.35,5,0.007446189645142525,0.3036649214659686,0.0015565187641119426,64,0.9925538103548575,8531,0.2857142857142857,26,91,0.010168702734147762,0.9924374636416521,0.8080279232111692,0.8300174520069806,0.32420067808306097,0.8583877995642701,0.003025014543339144,0.06980802792321117,0.06788830715532268,0.03969475938804573,0.06016163548444753,0.5467687074829932,26,0.40625,64,0.007619270894385183,0.9923807291056148,0.28026622445811483,0.8275862068965517,8595
medical,MLC_PA_Logistic,0.40,1,0.005324074074074074,0.22395833333333334,0.0017764716334593635,46,0.9946759259259259,8594,0.1744186046511628,15,86,0.010347222222222221,0.9917824074074074,0.7612847222222223,0.7817708333333333,0.3113052113052113,0.8411633109619687,0.0017361111111111605,0.03645833333333337,0.03125,0.04038126413226545,0.03312759667625442,0.5753659039373326,15,0.32608695652173914,46,0.008261577845008146,0.9917384221549919,0.26940664915831003,0.8165374677002584,8640
medical,MLC_PA_Logistic,0.40,2,0.004152637485970819,0.16666666666666666,0.0015952033294489548,37,0.9958473625140292,8873,0.17391304347826086,16,92,0.010190796857463524,0.9914702581369248,0.7735690235690237,0.7971380471380474,0.3023171602060491,0.831858407079646,0.0017957351290684986,0.0505050505050505,0.045454545454545636,0.019073514931637614,0.038136433985475615,0.3944444444444445,16,0.43243243243243246,37,0.008565310492505354,0.9914346895074947,0.26449223045861703,0.812807881773399,8910
medical,MLC_PA_Logistic,0.40,3,0.0037606837606837607,0.13846153846153847,0.0014158157955700163,33,0.9962393162393163,8742,0.18181818181818182,16,88,0.00970940170940171,0.9917948717948718,0.7675213675213676,0.7929914529914529,0.3320998335906249,0.8378378378378378,0.0018233618233618465,0.05470085470085473,0.053846153846153766,0.04141679866113246,0.03875107984697024,0.5866666666666667,16,0.48484848484848486,33,0.008236101578586136,0.9917638984214139,0.2840165920773983,0.8181818181818182,8775
medical,MLC_PA_Logistic,0.40,4,0.0044004400440044,0.19306930693069307,0.0013914045808056288,40,0.9955995599559956,9050,0.23,23,100,0.01023102310231023,0.9915291529152915,0.75,0.7706270627062706,0.32054028513517974,0.8261851015801355,0.00253025302530252,0.0643564356435643,0.06270627062706269,0.02789934899307228,0.053457828852862765,0.43736263736263736,23,0.575,40,0.00850828729281768,0.9914917127071823,0.28867337745769117,0.8050632911392405,9090
medical,MLC_PA_Logistic,0.40,5,0.0050029086678301336,0.21465968586387435,0.0015565187641119426,43,0.9949970913321698,8552,0.1978021978021978,18,91,0.010494473531122745,0.9915066899360093,0.7870855148342059,0.8090750436300173,0.31103698781138583,0.8395604395604396,0.0020942408376963817,0.048865619546247796,0.04694589877835931,0.026531069116370598,0.04133427548061697,0.4267857142857143,18,0.4186046511627907,43,0.008536014967259122,0.9914639850327409,0.2909263478996506,0.8179551122194514,8595
medical,MLC_PA_Logistic,0.50,1,0.0,0.0,0.0017764716334593635,0,1.0,8640,0.0,0,86,0.009953703703703704,0.9900462962962963,0.724826388888889,0.7505208333333333,0.2709239471729459,0.8080357142857143,0.0,0.0,0.0,0.0,0.0,,0,,0,0.009953703703703704,0.9900462962962963,0.2709239471729459,0.8080357142857143,8640
medical,MLC_PA_Logistic,0.50,2,0.0,0.0,0.0015952033294489548,0,1.0,8910,0.0,0,92,0.010325476992143659,0.9896745230078563,0.7230639730639732,0.7516835016835017,0.2832436452744115,0.7937219730941704,0.0,0.0,0.0,0.0,0.0,,0,,0,0.010325476992143659,0.9896745230078563,0.2832436452744115,0.7937219730941704,8910
medical,MLC_PA_Logistic,0.50,3,0.0,0.0,0.0014158157955700163,0,1.0,8775,0.0,0,88,0.010028490028490029,0.98997150997151,0.7128205128205128,0.7391452991452991,0.29068303492949243,0.7990867579908676,0.0,0.0,0.0,0.0,0.0,,0,,0,0.010028490028490029,0.98997150997151,0.29068303492949243,0.7990867579908676,8775
medical,MLC_PA_Logistic,0.50,4,0.0,0.0,0.0013914045808056288,0,1.0,9090,0.0,0,100,0.011001100110011002,0.988998899889989,0.6856435643564357,0.7079207920792079,0.29264093614210746,0.7727272727272727,0.0,0.0,0.0,0.0,0.0,,0,,0,0.011001100110011002,0.988998899889989,0.29264093614210746,0.7727272727272727,9090
medical,MLC_PA_Logistic,0.50,5,0.0,0.0,0.0015565187641119426,0,1.0,8595,0.0,0,91,0.010587550901687027,0.9894124490983129,0.7382198952879581,0.762129144851658,0.28450591869501524,0.7982261640798226,0.0,0.0,0.0,0.0,0.0,,0,,0,0.010587550901687027,0.9894124490983129,0.28450591869501524,0.7982261640798226,8595
medical,MLC_PA_MLP,0.20,1,0.9555555555555556,1.0,0.057026358523234386,8256,0.044444444444444446,384,0.9985663082437276,1393,1395,0.19134259259259254,0.9997685185185186,0.9921875,0.9930555555555555,0.6666666666666666,0.9958847736625515,0.16122685185185193,0.8768916268916269,0.7941663949476448,0.5186031273822784,0.7989935819527069,0.15495021553017374,1393,0.16872577519379844,8256,0.005208333333333333,0.9947916666666666,0.0,0.0,8640
medical,MLC_PA_MLP,0.20,2,0.9555555555555556,1.0,0.04900479805775002,8514,0.044444444444444446,396,0.9985433357611071,1371,1373,0.19133557800224463,0.9997755331088665,0.9924242424242424,0.9932659932659932,0.6888888888888889,0.9958333333333333,0.15387205387205394,0.8738290189047765,0.7887514001150364,0.5140563952813895,0.7926992648481331,0.1829642374962203,1371,0.16102889358703312,8514,0.005050505050505051,0.9949494949494949,0.0,0.0,8910
medical,MLC_PA_MLP,0.20,3,0.9555555555555556,1.0,0.05057009673524153,8385,0.044444444444444446,390,0.9985250737463127,1354,1356,0.1913390313390313,0.9997720797720798,0.9923076923076923,0.9931623931623931,0.6888888888888889,0.9958847736625515,0.15430199430199432,0.8690674140674141,0.7832522178676025,0.5393976760247973,0.7925945268940439,0.1564442925321889,1354,0.1614788312462731,8385,0.005128205128205128,0.9948717948717949,0.0,0.0,8775
medical,MLC_PA_MLP,0.20,4,0.9555555555555556,1.0,0.052812981274013675,8686,0.044444444444444446,404,0.9985228951255539,1352,1354,0.1913311331133113,0.9997799779977998,0.995049504950495,0.9966996699669967,0.6888888888888889,0.9958677685950413,0.14873487348734882,0.8699464589316075,0.7822089626545072,0.5051049337835938,0.7858327627607357,0.1923320460404251,1352,0.15565277457978355,8686,0.0049504950495049506,0.995049504950495,0.0,0.0,9090
medical,MLC_PA_MLP,0.20,5,0.9555555555555556,1.0,0.055856364645878474,8213,0.044444444444444446,382,0.9985795454545454,1406,1408,0.1913438045375218,0.9997673065735893,0.9947643979057592,0.9965095986038394,0.6888888888888889,0.9959183673469387,0.16358347876672474,0.8827698043666631,0.8031609170352625,0.5377872556204034,0.8060449496254197,0.1581296162112057,1406,0.17119201266285158,8213,0.005235602094240838,0.9947643979057592,0.0,0.0,8595
medical,MLC_PA_MLP,0.25,1,0.9555555555555556,1.0,0.057026358523234386,8256,0.044444444444444446,384,0.9985663082437276,1393,1395,0.23912037037037037,0.9997685185185186,0.9921875,0.9930555555555555,0.6666666666666666,0.9958847736625515,0.16122685185185193,0.8768916268916269,0.7941663949476448,0.5186031273822784,0.7989935819527069,0.15495021553017374,1393,0.16872577519379844,8256,0.005208333333333333,0.9947916666666666,0.0,0.0,8640
medical,MLC_PA_MLP,0.25,2,0.9555555555555556,1.0,0.04900479805775002,8514,0.044444444444444446,396,0.9985433357611071,1371,1373,0.23911335578002244,0.9997755331088665,0.9924242424242424,0.9932659932659932,0.6888888888888889,0.9958333333333333,0.15387205387205394,0.8738290189047765,0.7887514001150364,0.5140563952813895,0.7926992648481331,0.1829642374962203,1371,0.16102889358703312,8514,0.005050505050505051,0.9949494949494949,0.0,0.0,8910
medical,MLC_PA_MLP,0.25,3,0.9555555555555556,1.0,0.05057009673524153,8385,0.044444444444444446,390,0.9985250737463127,1354,1356,0.2391168091168091,0.9997720797720798,0.9923076923076923,0.9931623931623931,0.6888888888888889,0.9958847736625515,0.15430199430199432,0.8690674140674141,0.7832522178676025,0.5393976760247973,0.7925945268940439,0.1564442925321889,1354,0.1614788312462731,8385,0.005128205128205128,0.9948717948717949,0.0,0.0,8775
medical,MLC_PA_MLP,0.25,4,0.9555555555555556,1.0,0.052812981274013675,8686,0.044444444444444446,404,0.9985228951255539,1352,1354,0.2391089108910891,0.9997799779977998,0.995049504950495,0.9966996699669967,0.6888888888888889,0.9958677685950413,0.14873487348734882,0.8699464589316075,0.7822089626545072,0.5051049337835938,0.7858327627607357,0.1923320460404251,1352,0.15565277457978355,8686,0.0049504950495049506,0.995049504950495,0.0,0.0,9090
medical,MLC_PA_MLP,0.25,5,0.9555555555555556,1.0,0.055856364645878474,8213,0.044444444444444446,382,0.9985795454545454,1406,1408,0.2391215823152996,0.9997673065735893,0.9947643979057592,0.9965095986038394,0.6888888888888889,0.9959183673469387,0.16358347876672474,0.8827698043666631,0.8031609170352625,0.5377872556204034,0.8060449496254197,0.1581296162112057,1406,0.17119201266285158,8213,0.005235602094240838,0.9947643979057592,0.0,0.0,8595
medical,MLC_PA_MLP,0.30,1,0.9554398148148148,1.0,0.057026358523234386,8255,0.04456018518518518,385,0.9985663082437276,1393,1395,0.286863425925926,0.9997685185185186,0.9921875,0.9930555555555555,0.6666666666666666,0.9958847736625515,0.16122685185185193,0.8768916268916269,0.7941663949476448,0.5186031273822784,0.7989935819527069,0.15470718788859605,1393,0.16874621441550575,8255,0.005194805194805195,0.9948051948051948,0.022222222222222223,0.5,8640
medical,MLC_PA_MLP,0.30,2,0.9555555555555556,1.0,0.04900479805775002,8514,0.044444444444444446,396,0.9985433357611071,1371,1373,0.2868911335578004,0.9997755331088665,0.9924242424242424,0.9932659932659932,0.6888888888888889,0.9958333333333333,0.15387205387205394,0.8738290189047765,0.7887514001150364,0.5140563952813895,0.7926992648481331,0.1829642374962203,1371,0.16102889358703312,8514,0.005050505050505051,0.9949494949494949,0.0,0.0,8910
medical,MLC_PA_MLP,0.30,3,0.9554415954415955,1.0,0.05057009673524153,8384,0.04455840455840456,391,0.9985250737463127,1354,1356,0.28686039886039894,0.9997720797720798,0.9923076923076923,0.9931623931623931,0.6888888888888889,0.9958847736625515,0.15430199430199432,0.8690674140674141,0.7832522178676025,0.5393976760247973,0.7925945268940439,0.1564442925321889,1354,0.16149809160305342,8384,0.005115089514066497,0.9948849104859335,0.0,0.0,8775
medical,MLC_PA_MLP,0.30,4,0.9554455445544554,1.0,0.052812981274013675,8685,0.04455445544554455,405,0.9985228951255539,1352,1354,0.28685368536853695,0.9997799779977998,0.995049504950495,0.9966996699669967,0.6888888888888889,0.9958677685950413,0.14873487348734882,0.8699464589316075,0.7822089626545072,0.5051049337835938,0.7858327627607357,0.1923320460404251,1352,0.1556706966033391,8685,0.0049382716049382715,0.9950617283950617,0.0,0.0,9090
medical,MLC_PA_MLP,0.30,5,0.9553228621291449,1.0,0.055856364645878474,8211,0.04467713787085515,384,0.9985795454545454,1406,1408,0.2868295520651543,0.9997673065735893,0.9947643979057592,0.9965095986038394,0.6888888888888889,0.9959183673469387,0.16358347876672474,0.8827698043666631,0.8031609170352625,0.5377872556204034,0.8060449496254197,0.15790239874391598,1406,0.17123371087565462,8211,0.005208333333333333,0.9947916666666666,0.022222222222222223,0.5,8595
medical,MLC_PA_MLP,0.35,1,0.9410879629629629,1.0,0.057026358523234386,8131,0.058912037037037034,509,0.9985663082437276,1393,1395,0.3296122685185185,0.9997685185185186,0.9921875,0.9930555555555555,0.6666666666666666,0.9958847736625515,0.16122685185185193,0.8768916268916269,0.7941663949476448,0.5186031273822784,0.7989935819527069,0.15370883621748027,1393,0.1713196408805805,8131,0.003929273084479371,0.9960707269155207,0.044444444444444446,0.8333333333333334,8640
medical,MLC_PA_MLP,0.35,2,0.9381593714927048,1.0,0.04900479805775002,8359,0.06184062850729517,551,0.9985433357611071,1371,1373,0.32858024691358023,0.9997755331088665,0.9924242424242424,0.9932659932659932,0.6888888888888889,0.9958333333333333,0.15387205387205394,0.8738290189047765,0.7887514001150364,0.5140563952813895,0.7926992648481331,0.18025633352922057,1371,0.1640148343103242,8359,0.003629764065335753,0.9963702359346642,0.06666666666666667,0.9166666666666666,8910
medical,MLC_PA_MLP,0.35,3,0.9353846153846154,1.0,0.05057009673524153,8208,0.06461538461538462,567,0.9985250737463127,1354,1356,0.3276125356125356,0.9997720797720798,0.9923076923076923,0.9931623931623931,0.6888888888888889,0.9958847736625515,0.15430199430199432,0.8690674140674141,0.7832522178676025,0.5393976760247973,0.7925945268940439,0.15252952782491216,1354,0.16496101364522417,8208,0.003527336860670194,0.9964726631393298,0.06666666666666667,0.9375,8775
medical,MLC_PA_MLP,0.35,4,0.9354235423542354,1.0,0.052812981274013675,8503,0.06457645764576457,587,0.9985228951255539,1352,1354,0.3276182618261826,0.9997799779977998,0.995049504950495,0.9966996699669967,0.6888888888888889,0.9958677685950413,0.14873487348734882,0.8699464589316075,0.7822089626545072,0.5051049337835938,0.7858327627607357,0.19118411943656802,1352,0.15900270492767257,8503,0.0034071550255536627,0.9965928449744463,0.044444444444444446,0.8333333333333334,9090
medical,MLC_PA_MLP,0.35,5,0.9407795229784759,1.0,0.055856364645878474,8086,0.059220477021524144,509,0.9978693181818182,1405,1408,0.3296218731820826,0.999650959860384,0.9921465968586387,0.9947643979057592,0.6883720930232557,0.9938900203665988,0.16346713205351948,0.8801520033195426,0.8014157163371824,0.5372704597547703,0.8040166026450798,0.15508847123370678,1405,0.1737571110561464,8086,0.005893909626719057,0.9941060903732809,0.0651851851851852,0.8888888888888888,8595
medical,MLC_PA_MLP,0.40,1,0.8180555555555555,1.0,0.057026358523234386,7068,0.18194444444444444,1572,0.985663082437276,1375,1395,0.3295370370370371,0.9976851851851852,0.9453125,0.9586805555555555,0.6329027781904143,0.9596774193548387,0.1591435185185186,0.8300166268916269,0.7597913949476449,0.4848392389060261,0.7627862276449942,0.14620407664087204,1375,0.194538766270515,7068,0.01272264631043257,0.9872773536895675,0.07989417989417989,0.7674418604651163,8640
medical,MLC_PA_MLP,0.40,2,0.8105499438832772,1.0,0.04900479805775002,7222,0.18945005611672278,1688,0.98761835396941,1356,1373,0.32612794612794616,0.9980920314253647,0.9562289562289561,0.965993265993266,0.6702813355227148,0.9653767820773931,0.1521885521885522,0.8376337327094902,0.7614786728423092,0.49544884191521543,0.7622427135921929,0.1737703051866192,1356,0.18775962337302687,7222,0.010071090047393365,0.9899289099526066,0.05715819339007745,0.7951807228915663,8910
medical,MLC_PA_MLP,0.40,3,0.8143589743589743,1.0,0.05057009673524153,7146,0.18564102564102564,1629,0.9889380530973452,1341,1356,0.32745299145299145,0.9982905982905983,0.9572649572649574,0.9668376068376068,0.6684553678102065,0.9694501018329938,0.1528205128205128,0.8340246790246791,0.756927431542816,0.5189641549461149,0.7661598550644863,0.14565317912057696,1341,0.18765743073047858,7146,0.009208103130755065,0.990791896869245,0.10449334783700108,0.8275862068965517,8775
medical,MLC_PA_MLP,0.40,4,0.805940594059406,1.0,0.052812981274013675,7326,0.19405940594059407,1764,0.9859675036927622,1335,1354,0.3244664466446645,0.9979097909790979,0.9579207920792079,0.9725129655822725,0.657732884399551,0.9619238476953907,0.14686468646864692,0.8328177460603203,0.7580222582697831,0.4739489292942559,0.7518888418610851,0.1836533260958887,1335,0.18222768222768224,7326,0.010770975056689343,0.9892290249433107,0.05403403403403403,0.7710843373493976,9090
medical,MLC_PA_MLP,0.40,5,0.8161721931355439,1.0,0.055856364645878474,7015,0.18382780686445607,1580,0.9886363636363636,1392,1408,0.3283304246655032,0.9981384525887144,0.962914485165794,0.9758663674894041,0.6526416648757074,0.9681274900398407,0.16195462478184985,0.8509198916266979,0.7825176859208274,0.5015400316072219,0.7782540723183217,0.1477358714658876,1392,0.198431931575196,7015,0.010126582278481013,0.9898734177215189,0.07628019323671498,0.8222222222222222,8595
medical,MLC_PA_MLP,0.50,1,0.0,0.0,0.057026358523234386,0,1.0,8640,0.0,0,1395,0.16145833333333334,0.8385416666666666,0.11529587310837312,0.19888916060791062,0.14806353928438823,0.19689119170984457,0.0,0.0,0.0,0.0,0.0,,0,,0,0.16145833333333334,0.8385416666666666,0.14806353928438823,0.19689119170984457,8640
medical,MLC_PA_MLP,0.50,2,0.0,0.0,0.04900479805775002,0,1.0,8910,0.0,0,1373,0.15409652076318742,0.8459034792368125,0.11859522351946594,0.2045145931509568,0.1748324936074994,0.20313406848520024,0.0,0.0,0.0,0.0,0.0,,0,,0,0.15409652076318742,0.8459034792368125,0.1748324936074994,0.20313406848520024,8910
medical,MLC_PA_MLP,0.50,3,0.0,0.0,0.05057009673524153,0,1.0,8775,0.0,0,1356,0.15452991452991452,0.8454700854700855,0.12324027824027824,0.20991017529479067,0.14949121286409162,0.20329024676850763,0.0,0.0,0.0,0.0,0.0,,0,,0,0.15452991452991452,0.8454700854700855,0.14949121286409162,0.20329024676850763,8775
medical,MLC_PA_MLP,0.50,4,0.0,0.0,0.052812981274013675,0,1.0,9090,0.0,0,1354,0.14895489548954896,0.851045104510451,0.1251030460188876,0.21449070731248948,0.1837839551052951,0.2100350058343057,0.0,0.0,0.0,0.0,0.0,,0,,0,0.14895489548954896,0.851045104510451,0.1837839551052951,0.2100350058343057,9090
medical,MLC_PA_MLP,0.50,5,0.0,0.0,0.055856364645878474,0,1.0,8595,0.0,0,1408,0.16381617219313555,0.8361838278068645,0.11199459353909615,0.19334868156857682,0.15110163326848544,0.189873417721519,0.0,0.0,0.0,0.0,0.0,,0,,0,0.16381617219313555,0.8361838278068645,0.15110163326848544,0.189873417721519,8595
medical,GSI_MLC_PA_Logistic,0.20,1,0.01840277777777778,0.625,0.0017133656539960224,159,0.9815972222222222,8481,0.4666666666666667,42,90,0.009236111111111112,0.9944444444444445,0.8307291666666666,0.8470486111111111,0.3813911738674456,0.8942731277533039,0.004861111111111094,0.11545138888888884,0.10798611111111123,0.11682358209433336,0.09697583045600666,0.5755249017788203,42,0.2641509433962264,159,0.005659709939865582,0.9943402900601345,0.19721966205837171,0.7931034482758621,8640
medical,GSI_MLC_PA_Logistic,0.20,2,0.016947250280583612,0.5707070707070707,0.0015859200793345365,151,0.9830527497194164,8759,0.574468085106383,54,94,0.00787878787878788,0.9955106621773289,0.8661616161616161,0.8803030303030304,0.3753567124649689,0.9111111111111111,0.0060606060606061,0.14814814814814803,0.13367003367003372,0.10369005298137968,0.12282282282282275,0.49130330217286733,54,0.3576158940397351,151,0.0045667313620276285,0.9954332686379723,0.2835011708634897,0.8540145985401459,8910
medical,GSI_MLC_PA_Logistic,0.20,3,0.014928774928774929,0.5128205128205128,0.001363308480904725,131,0.985071225071225,8644,0.4418604651162791,38,86,0.008455840455840458,0.9945299145299146,0.8521367521367522,0.8716239316239318,0.41206277123971946,0.8956521739130435,0.00433048433048433,0.12905982905982916,0.12222222222222245,0.11880310838908731,0.09199920587651389,0.6128126833253548,38,0.2900763358778626,131,0.005552984729291994,0.994447015270708,0.2699887766554433,0.8195488721804511,8775
medical,GSI_MLC_PA_Logistic,0.20,4,0.015511551155115511,0.5495049504950495,0.0013955597409806627,141,0.9844884488448845,8949,0.5,49,98,0.008492849284928494,0.9946094609460946,0.8556105610561056,0.8719471947194719,0.4238870352421117,0.8937093275488069,0.005390539053905408,0.16584158415841588,0.1648514851485149,0.14138580896166042,0.11745361978624991,0.4786714422264294,49,0.3475177304964539,141,0.0054754721197899205,0.9945245278802101,0.2724653752139133,0.8178438661710037,9090
medical,GSI_MLC_PA_Logistic,0.20,5,0.01687027341477603,0.5602094240837696,0.0015224463712880916,145,0.983129726585224,8450,0.4606741573033708,41,89,0.008958696916812102,0.9944153577661431,0.8516579406631762,0.8717277486910995,0.3498776950345145,0.8951965065502183,0.0047702152414194066,0.10296684118673649,0.09912739965095985,0.0636908963493868,0.09166449772019625,0.6670537458812702,41,0.2827586206896552,145,0.005680473372781065,0.9943195266272189,0.24275395038959494,0.8195488721804511,8595
medical,GSI_MLC_PA_Logistic,0.25,1,0.01423611111111111,0.515625,0.0017133656539960224,123,0.9857638888888889,8517,0.3888888888888889,35,90,0.009924768518518519,0.9936342592592593,0.8090277777777777,0.8253472222222222,0.35766725526547816,0.8785871964679912,0.00405092592592593,0.09374999999999989,0.08628472222222239,0.09309966349236592,0.08128989917069396,0.628639971139971,35,0.2845528455284553,123,0.006457672889515088,0.993542327110485,0.21514615122802258,0.8014440433212996,8640
medical,GSI_MLC_PA_Logistic,0.25,2,0.012906846240179574,0.4595959595959596,0.0015859200793345365,115,0.9870931537598204,8795,0.46808510638297873,44,94,0.008838383838383838,0.9943883277216611,0.8442760942760942,0.8601010101010101,0.3651604445797245,0.8893805309734514,0.004938271604938316,0.12626262626262608,0.1134680134680135,0.09349378509613532,0.10109224268516304,0.5361452874610769,44,0.3826086956521739,115,0.005685048322910745,0.9943149516770893,0.28533341005327423,0.8387096774193549,8910
medical,GSI_MLC_PA_Logistic,0.25,3,0.010826210826210826,0.4153846153846154,0.001363308480904725,95,0.9891737891737892,8680,0.38372093023255816,33,86,0.008746438746438746,0.993960113960114,0.8341880341880343,0.8562393162393164,0.3975832062373244,0.8835164835164835,0.003760683760683725,0.11111111111111127,0.10683760683760701,0.10432354338669225,0.07986351547995385,0.6142944357230071,33,0.3473684210526316,95,0.006105990783410138,0.9938940092165899,0.2755928330200175,0.8273615635179153,8775
medical,GSI_MLC_PA_Logistic,0.25,4,0.012321232123212322,0.42574257425742573,0.0013955597409806627,112,0.9876787678767877,8978,0.4387755102040816,43,98,0.009130913091309131,0.993949394939494,0.8259075907590758,0.8422442244224422,0.37072315491549696,0.8791208791208791,0.004730473047304784,0.13613861386138615,0.13514851485148516,0.08822192863504569,0.10286517135832207,0.5101834673263244,43,0.38392857142857145,112,0.006126085987970595,0.9938739140120294,0.2726460879035865,0.8208469055374593,9090
medical,GSI_MLC_PA_Logistic,0.25,5,0.012914485165794066,0.4712041884816754,0.0015224463712880916,111,0.9870855148342059,8484,0.39325842696629215,35,89,0.009511343804537522,0.993717277486911,0.8394415357766142,0.8596858638743455,0.333239904608806,0.8820960698689956,0.004072134962187279,0.09075043630017443,0.0870855148342059,0.047053105923678284,0.07856406103897351,0.6574396020216454,35,0.3153153153153153,111,0.006364922206506365,0.9936350777934936,0.2860232957873611,0.8223684210526315,8595
medical,GSI_MLC_PA_Logistic,0.30,1,0.01087962962962963,0.421875,0.0017133656539960224,94,0.9891203703703704,8546,0.34444444444444444,31,90,0.01009259259259259,0.9931712962962963,0.7942708333333334,0.8121527777777778,0.3503909630512774,0.8691796008869179,0.0035879629629629317,0.07899305555555558,0.07309027777777799,0.0858233712781652,0.07188230358962067,0.6111616161616162,31,0.32978723404255317,94,0.006903814650128715,0.9930961853498713,0.2228757528757529,0.8150470219435737,8640
medical,GSI_MLC_PA_Logistic,0.30,2,0.009876543209876543,0.36363636363636365,0.0015859200793345365,88,0.9901234567901235,8822,0.3617021276595745,34,94,0.009696969696969697,0.9932659932659933,0.8223905723905724,0.8383838383838383,0.33992702004953634,0.8672566371681416,0.003815937149270532,0.10437710437710435,0.0917508417508417,0.06826036056594714,0.07896834887985327,0.5778711484593838,34,0.38636363636363635,88,0.0068011788710043075,0.9931988211289957,0.26984000521109736,0.8235294117647058,8910
medical,GSI_MLC_PA_Logistic,0.30,3,0.008547008547008548,0.3282051282051282,0.001363308480904725,75,0.9914529914529915,8700,0.36046511627906974,31,86,0.008831908831908831,0.9937321937321937,0.8273504273504273,0.85008547008547,0.39663537595701653,0.8791208791208791,0.003532763532763439,0.10427350427350424,0.10068376068376061,0.10337571310638438,0.07546791108434947,0.5826530612244898,31,0.41333333333333333,75,0.00632183908045977,0.9936781609195402,0.277987096541732,0.8377581120943953,8775
medical,GSI_MLC_PA_Logistic,0.30,4,0.009240924092409241,0.3069306930693069,0.0013955597409806627,84,0.9907590759075907,9006,0.40816326530612246,40,98,0.009152915291529153,0.9936193619361936,0.8135313531353134,0.829042904290429,0.358632208291651,0.8716814159292036,0.004400440044004417,0.12376237623762376,0.12194719471947202,0.07613098201119972,0.09542570816664653,0.4548500881834215,40,0.47619047619047616,84,0.006440151010437486,0.9935598489895625,0.29573421287707,0.8333333333333334,9090
medical,GSI_MLC_PA_Logistic,0.30,5,0.00954043048283886,0.3717277486910995,0.0015224463712880916,82,0.9904595695171612,8513,0.3258426966292135,29,89,0.009842931937172773,0.9930191972076788,0.8158813263525304,0.8387434554973822,0.3260464638508202,0.868995633187773,0.003374054682955152,0.06719022687609066,0.06614310645724253,0.039859665165692504,0.06546362435775088,0.6175116550116551,29,0.35365853658536583,82,0.007048044167743451,0.9929519558322566,0.2804199319545014,0.8275862068965517,8595
medical,GSI_MLC_PA_Logistic,0.35,1,0.007638888888888889,0.296875,0.0017133656539960224,66,0.9923611111111111,8574,0.26666666666666666,24,90,0.010312499999999999,0.9923611111111111,0.7760416666666666,0.7947916666666667,0.3107483583954172,0.8533333333333334,0.002777777777777768,0.06076388888888884,0.05572916666666683,0.04618076662230497,0.05603603603603613,0.6196033596033595,24,0.36363636363636365,66,0.007697690692792162,0.9923023093072079,0.2560133077374457,0.8146067415730337,8640
medical,GSI_MLC_PA_Logistic,0.35,2,0.007295173961840628,0.2727272727272727,0.0015859200793345365,65,0.9927048260381593,8845,0.2978723404255319,28,94,0.009960718294051627,0.9925925925925926,0.7996632996632997,0.8164983164983166,0.3252600826458269,0.8526785714285714,0.003142536475869817,0.08164983164983164,0.06986531986531996,0.0535934231622377,0.06439028314028306,0.522922502334267,28,0.4307692307692308,65,0.007461842849067269,0.9925381571509327,0.2678013939582567,0.8206521739130435,8910
medical,GSI_MLC_PA_Logistic,0.35,3,0.0062678062678062675,0.2358974358974359,0.001363308480904725,55,0.9937321937321937,8720,0.26744186046511625,23,86,0.009373219373219372,0.9928205128205129,0.8,0.8218803418803418,0.3663390796607203,0.8596881959910914,0.0026210826210826266,0.07692307692307698,0.0724786324786324,0.07307941681008817,0.05603522795456173,0.6012531328320803,23,0.41818181818181815,55,0.007224770642201835,0.9927752293577982,0.2787831093485917,0.8273972602739726,8775
medical,GSI_MLC_PA_Logistic,0.35,4,0.006820682068206821,0.25742574257425743,0.0013955597409806627,62,0.9931793179317931,9028,0.32653061224489793,32,98,0.009647964796479646,0.9927392739273927,0.7846534653465347,0.8018151815181518,0.3425054572223712,0.8526785714285714,0.003520352035203511,0.094884488448845,0.09471947194719477,0.06000423094191992,0.07642286366601436,0.38888888888888895,32,0.5161290322580645,62,0.007310589277802392,0.9926894107221976,0.29337491494914464,0.8235294117647058,9090
medical,GSI_MLC_PA_Logistic,0.35,5,0.007097149505526469,0.2931937172774869,0.0015224463712880916,61,0.9929028504944736,8534,0.24719101123595505,22,89,0.010279232111692843,0.9922047702152414,0.794938917975567,0.8178010471204188,0.3145417790624598,0.8527472527472527,0.002559627690517763,0.04624781849912729,0.045200698080279156,0.028354980377332084,0.049215243917230644,0.5586984444127302,22,0.36065573770491804,61,0.007850949144598078,0.992149050855402,0.2767776343959988,0.8232189973614775,8595
medical,GSI_MLC_PA_Logistic,0.40,1,0.00474537037037037,0.19270833333333334,0.0017133656539960224,41,0.9952546296296296,8599,0.18888888888888888,17,90,0.010347222222222223,0.991550925925926,0.7534722222222223,0.7730902777777778,0.30294053894053896,0.8359550561797753,0.001967592592592604,0.03819444444444453,0.03402777777777799,0.03837294716742673,0.03865775888247802,0.5641025641025641,17,0.4146341463414634,41,0.008489359227817189,0.9915106407721828,0.26869643344809435,0.8142493638676844,8640
medical,GSI_MLC_PA_Logistic,0.40,2,0.004377104377104377,0.16161616161616163,0.0015859200793345365,39,0.9956228956228956,8871,0.18085106382978725,17,94,0.010392817059483726,0.991358024691358,0.7710437710437711,0.7937710437710439,0.3003622434640088,0.8285077951002228,0.001907968574635266,0.05303030303030298,0.04713804713804726,0.028695583980419603,0.040219506811934425,0.4348639455782313,17,0.4358974358974359,39,0.008679968436478412,0.9913200315635216,0.2607802583467925,0.8070175438596491,8910
medical,GSI_MLC_PA_Logistic,0.40,3,0.0041025641025641026,0.1641025641025641,0.001363308480904725,36,0.9958974358974358,8739,0.19767441860465115,17,86,0.009504273504273505,0.9921367521367521,0.7803418803418805,0.8049572649572649,0.3343727841394375,0.8449438202247191,0.0019373219373218786,0.057264957264957395,0.05555555555555558,0.04111312128880534,0.04129085218818951,0.5604166666666667,17,0.4722222222222222,36,0.00789564023343632,0.9921043597665636,0.283737289254973,0.8253164556962025,8775
medical,GSI_MLC_PA_Logistic,0.40,4,0.00473047304730473,0.19801980198019803,0.0013955597409806627,43,0.9952695269526952,9047,0.23469387755102042,23,98,0.010143014301430144,0.9917491749174917,0.7599009900990099,0.7788778877887788,0.32174886541817976,0.8322147651006712,0.00253025302530252,0.07013201320132023,0.07178217821782173,0.039247639137728496,0.055959057338114127,0.36959706959706956,23,0.5348837209302325,43,0.008290040897535095,0.991709959102465,0.2895971653618713,0.8081841432225064,9090
medical,GSI_MLC_PA_Logistic,0.40,5,0.00477021524141943,0.2094240837696335,0.0015224463712880916,41,0.9952297847585806,8554,0.16853932584269662,15,89,0.010517742873763817,0.991390343222804,0.7862129144851656,0.8082024432809772,0.30598283393159414,0.8377192982456141,0.0017452006980802626,0.03752181500872587,0.0356020942408376,0.019796035246466448,0.034187289415592015,0.47614456250819887,15,0.36585365853658536,41,0.008650923544540565,0.9913490764554594,0.29036175215685783,0.8159203980099502,8595
medical,GSI_MLC_PA_Logistic,0.50,1,0.0,0.0,0.0017133656539960224,0,1.0,8640,0.0,0,90,0.010416666666666666,0.9895833333333334,0.7152777777777778,0.7390624999999998,0.26456759177311223,0.7972972972972973,0.0,0.0,0.0,0.0,0.0,,0,,0,0.010416666666666666,0.9895833333333334,0.26456759177311223,0.7972972972972973,8640
medical,GSI_MLC_PA_Logistic,0.50,2,0.0,0.0,0.0015859200793345365,0,1.0,8910,0.0,0,94,0.010549943883277216,0.9894500561167228,0.7180134680134681,0.7466329966329966,0.2716666594835892,0.7882882882882883,0.0,0.0,0.0,0.0,0.0,,0,,0,0.010549943883277216,0.9894500561167228,0.2716666594835892,0.7882882882882883,8910
medical,GSI_MLC_PA_Logistic,0.50,3,0.0,0.0,0.001363308480904725,0,1.0,8775,0.0,0,86,0.0098005698005698,0.9901994301994302,0.7230769230769231,0.7494017094017094,0.29325966285063215,0.8036529680365296,0.0,0.0,0.0,0.0,0.0,,0,,0,0.0098005698005698,0.9901994301994302,0.29325966285063215,0.8036529680365296,8775
medical,GSI_MLC_PA_Logistic,0.50,4,0.0,0.0,0.0013955597409806627,0,1.0,9090,0.0,0,98,0.01078107810781078,0.9892189218921892,0.6897689768976897,0.707095709570957,0.28250122628045127,0.776255707762557,0.0,0.0,0.0,0.0,0.0,,0,,0,0.01078107810781078,0.9892189218921892,0.28250122628045127,0.776255707762557,9090
medical,GSI_MLC_PA_Logistic,0.50,5,0.0,0.0,0.0015224463712880916,0,1.0,8595,0.0,0,89,0.010354857475276324,0.9896451425247237,0.7486910994764397,0.7726003490401396,0.2861867986851277,0.8035320088300221,0.0,0.0,0.0,0.0,0.0,,0,,0,0.010354857475276324,0.9896451425247237,0.2861867986851277,0.8035320088300221,8595
medical,GSI_MLC_PA_MLP,0.20,1,0.49039351851851853,1.0,0.012354382320526831,4237,0.5096064814814815,4403,0.9688073394495413,528,545,0.10004629629629631,0.9980324074074074,0.9357638888888888,0.9381944444444444,0.48592592592592593,0.9639065817409767,0.061111111111111116,0.7328497023809524,0.6650421626984127,0.3615868316722146,0.6954502059020504,0.17485185129428152,528,0.12461647392022658,4237,0.003861003861003861,0.9961389961389961,0.0,0.0,8640
medical,GSI_MLC_PA_MLP,0.20,2,0.4500561167227834,1.0,0.010590219128284261,4010,0.5499438832772167,4900,0.9697542533081286,513,529,0.09180695847362515,0.9982042648709315,0.9419191919191919,0.9478114478114478,0.50369079881275,0.9656652360515021,0.0575757575757575,0.7611832611832612,0.7022126022126022,0.3483047082522556,0.6953204084652953,0.20034510024913674,513,0.12793017456359101,4010,0.0032653061224489797,0.996734693877551,0.0,0.0,8910
medical,GSI_MLC_PA_MLP,0.20,3,0.4205128205128205,1.0,0.00895184923868812,3690,0.5794871794871795,5085,0.9423503325942351,425,451,0.08706552706552706,0.997037037037037,0.9025641025641026,0.9145299145299144,0.461994301994302,0.9437229437229437,0.04843304843304841,0.6741025641025642,0.594212454212454,0.31782591040711117,0.5907817672523554,0.17118520891799757,425,0.11517615176151762,3690,0.005113077679449361,0.9948869223205506,0.0,0.0,8775
medical,GSI_MLC_PA_MLP,0.20,4,0.423982398239824,1.0,0.006726363535784268,3854,0.576017601760176,5236,0.9556786703601108,345,361,0.08655665566556657,0.9982398239823982,0.9364686468646866,0.9412541254125412,0.5272628726287263,0.9659574468085106,0.037953795379537913,0.6996699669966998,0.6429042904290428,0.389324353860289,0.6071652620838215,0.16682424315108968,345,0.08951738453554749,3854,0.0030557677616501145,0.9969442322383499,0.022222222222222223,0.2727272727272727,9090
medical,GSI_MLC_PA_MLP,0.20,5,0.4549156486329261,1.0,0.009480362186330853,3910,0.5450843513670739,4685,0.9689737470167065,406,419,0.0924956369982548,0.9984874927283304,0.957242582897033,0.9630017452006981,0.5474723846653671,0.9728601252609603,0.047236765561372795,0.7077661431064571,0.6231114435302918,0.39900508402057294,0.5991680475330081,0.18558412580599268,406,0.10383631713554987,3910,0.002774813233724653,0.9972251867662754,0.0,0.0,8595
medical,GSI_MLC_PA_MLP,0.25,1,0.4429398148148148,1.0,0.012354382320526831,3827,0.5570601851851852,4813,0.9596330275229358,523,545,0.11328125,0.9974537037037037,0.9097222222222222,0.9121527777777777,0.4653561253561253,0.9527896995708155,0.060532407407407396,0.7068080357142857,0.6390004960317459,0.341017031102414,0.6843333237318894,0.2063289073314136,523,0.1366605696367912,3827,0.004570953667151465,0.9954290463328486,0.022222222222222223,0.08333333333333333,8640
medical,GSI_MLC_PA_MLP,0.25,2,0.37485970819304154,1.0,0.010590219128284261,3340,0.6251402918069585,5570,0.9565217391304348,506,529,0.0962962962962963,0.9974186307519641,0.9099326599326599,0.9164983164983165,0.4545613518027311,0.9498910675381264,0.05679012345679013,0.7291967291967292,0.6708994708994709,0.2991752612422367,0.6795462399519194,0.2611785164405271,506,0.15149700598802396,3340,0.004129263913824057,0.9958707360861759,0.022222222222222223,0.08,8910
medical,GSI_MLC_PA_MLP,0.25,3,0.31133903133903135,1.0,0.00895184923868812,2732,0.6886609686609687,6043,0.9290465631929047,419,451,0.08148148148148149,0.9963532763532763,0.8743589743589744,0.8871794871794871,0.4320246913580246,0.9298245614035088,0.04774928774928766,0.6458974358974359,0.5668620268620268,0.2878562997708337,0.5768833849329205,0.2218053874008019,419,0.1533674963396779,2732,0.005295383087870263,0.9947046169121297,0.044444444444444446,0.15789473684210525,8775
medical,GSI_MLC_PA_MLP,0.25,4,0.3201320132013201,1.0,0.006726363535784268,2910,0.6798679867986799,6180,0.9307479224376731,336,361,0.08278327832783278,0.9972497249724972,0.8943894389438944,0.9,0.4425925925925926,0.9457700650759219,0.03696369636963692,0.6575907590759077,0.6016501650165017,0.3046540738241553,0.5869778803512327,0.22044632130679703,336,0.1154639175257732,2910,0.0040453074433656954,0.9959546925566343,0.022222222222222223,0.1935483870967742,9090
medical,GSI_MLC_PA_MLP,0.25,5,0.3716114019778941,1.0,0.009480362186330853,3194,0.6283885980221059,5401,0.954653937947494,400,419,0.09511343804537521,0.9977894124490984,0.9310645724258289,0.9385689354275741,0.48969460688758937,0.959830866807611,0.04653868528214078,0.681588132635253,0.5986786337571679,0.34122730624279524,0.5861387890796588,0.24004031355865366,400,0.12523481527864747,3194,0.003517867061655249,0.9964821329383448,0.0,0.0,8595
medical,GSI_MLC_PA_MLP,0.30,1,0.43333333333333335,1.0,0.012354382320526831,3744,0.5666666666666667,4896,0.944954128440367,515,545,0.13347222222222221,0.9965277777777778,0.8706597222222222,0.8739583333333334,0.42889002209756927,0.9344978165938864,0.05960648148148151,0.6677455357142857,0.6008060515873017,0.30455092784385795,0.6660414407549602,0.25201809502037575,515,0.13755341880341881,3744,0.006127450980392157,0.9938725490196079,0.037037037037037035,0.16666666666666666,8640
medical,GSI_MLC_PA_MLP,0.30,2,0.35409652076318743,1.0,0.010590219128284261,3155,0.6459034792368126,5755,0.9376181474480151,496,529,0.10993265993265992,0.9962962962962963,0.867003367003367,0.8760942760942759,0.42446293170431104,0.9265033407572383,0.05566778900112235,0.6862674362674362,0.6304954304954303,0.26907684114381664,0.6561585131710315,0.34033580983417133,496,0.1572107765451664,3155,0.005734144222415291,0.9942658557775848,0.016666666666666666,0.15384615384615385,8910
medical,GSI_MLC_PA_MLP,0.30,3,0.2576638176638177,1.0,0.00895184923868812,2261,0.7423361823361824,6514,0.9002217294900222,406,451,0.08242735042735042,0.9948717948717949,0.8256410256410256,0.8427350427350427,0.3571147139125745,0.898876404494382,0.046267806267806244,0.5971794871794871,0.5224175824175824,0.2129463223253836,0.5459352280237937,0.27914824987838477,406,0.17956656346749225,2261,0.006908197727970525,0.9930918022720294,0.06814814814814814,0.23728813559322035,8775
medical,GSI_MLC_PA_MLP,0.30,4,0.27205720572057207,1.0,0.006726363535784268,2473,0.727942794279428,6617,0.8975069252077562,324,361,0.08568756875687569,0.995929592959296,0.844884488448845,0.8521452145214521,0.38327983840178964,0.917960088691796,0.035643564356435675,0.6080858085808583,0.5537953795379538,0.24534131963335237,0.5591679039671069,0.2565805184790147,324,0.1310149615851193,2473,0.005591657850989875,0.9944083421490101,0.04,0.24489795918367346,9090
medical,GSI_MLC_PA_MLP,0.30,5,0.3449680046538685,1.0,0.009480362186330853,2965,0.6550319953461314,5630,0.9236276849642004,387,419,0.10721349621873182,0.9962769051774287,0.8787085514834205,0.8897033158813263,0.4381872364376902,0.9304347826086956,0.04502617801047115,0.6292321116928447,0.5498130142109201,0.28971993579289607,0.5567427048807434,0.29566189175129054,387,0.13052276559865092,2965,0.005683836589698046,0.9943161634103019,0.0,0.0,8595
medical,GSI_MLC_PA_MLP,0.35,1,0.42662037037037037,1.0,0.012354382320526831,3686,0.5733796296296296,4954,0.8990825688073395,490,545,0.15568287037037035,0.9936342592592593,0.765625,0.7758680555555556,0.4100707449022056,0.8729792147806005,0.05671296296296302,0.5627108134920635,0.5027157738095238,0.28573165064849426,0.6045228389416744,0.2660312109033929,490,0.13293543136190994,3686,0.011102139685102947,0.988897860314897,0.027555555555555555,0.2028985507246377,8640
medical,GSI_MLC_PA_MLP,0.35,2,0.34736251402918067,1.0,0.010590219128284261,3095,0.6526374859708193,5815,0.9187145557655955,486,529,0.12640291806958473,0.9951739618406286,0.8265993265993266,0.8356902356902357,0.41745732597246016,0.9020501138952164,0.054545454545454564,0.6458633958633958,0.5900913900913901,0.26207123541196575,0.6317052863090096,0.3598375616153829,486,0.15702746365105008,3095,0.007394668959587274,0.9926053310404127,0.06598290598290599,0.31746031746031744,8910
medical,GSI_MLC_PA_MLP,0.35,3,0.2418233618233618,1.0,0.00895184923868812,2122,0.7581766381766382,6653,0.8713968957871396,393,451,0.09124786324786326,0.9933903133903134,0.7743589743589744,0.7914529914529913,0.3172844982943,0.8657407407407407,0.044786324786324716,0.545897435897436,0.47113553113553097,0.1731161067071091,0.5127995642701524,0.3776947493510961,393,0.18520263901979264,2122,0.008717871636855555,0.9912821283631444,0.06768959435626101,0.32558139534883723,8775
medical,GSI_MLC_PA_MLP,0.35,4,0.2595159515951595,1.0,0.006726363535784268,2359,0.7404840484048405,6731,0.8670360110803325,313,361,0.0961111111111111,0.9947194719471947,0.792904290429043,0.800990099009901,0.3580341489361513,0.8909090909090909,0.0344334433443344,0.5561056105610562,0.5026402640264027,0.22009563016771405,0.5321169061844018,0.32240432336518793,313,0.13268334039847393,2359,0.007131184073688902,0.992868815926311,0.06102292768959436,0.3142857142857143,9090
medical,GSI_MLC_PA_MLP,0.35,5,0.33356602675974406,1.0,0.009480362186330853,2867,0.666433973240256,5728,0.8926014319809069,374,419,0.12198371146015126,0.9947643979057592,0.8184991273996508,0.830366492146597,0.40441999894631475,0.8993288590604027,0.043513670738801635,0.5690226876090749,0.4904761904761907,0.2559526983015206,0.5256367813324505,0.3669515490597687,374,0.13044994768050228,2867,0.007856145251396648,0.9921438547486033,0.0,0.0,8595
medical,GSI_MLC_PA_MLP,0.40,1,0.37916666666666665,1.0,0.012354382320526831,3276,0.6208333333333333,5364,0.8605504587155963,469,545,0.16046296296296297,0.9912037037037037,0.6909722222222223,0.7105902777777778,0.3973871826748189,0.8181818181818182,0.05428240740740742,0.48805803571428585,0.4374379960317461,0.27304808842110756,0.5497254423428921,0.2539134379847778,469,0.14316239316239315,3276,0.014168530947054437,0.9858314690529456,0.06934434434434435,0.3559322033898305,8640
medical,GSI_MLC_PA_MLP,0.40,2,0.3196408529741863,1.0,0.010590219128284261,2848,0.6803591470258137,6062,0.8733459357277883,462,529,0.13537598204264872,0.9924803591470258,0.7373737373737373,0.7506734006734006,0.3942794908145785,0.8423529411764706,0.051851851851851816,0.5566378066378066,0.505074555074555,0.23889340025408412,0.5720081135902637,0.38607338850028916,462,0.1622191011235955,2848,0.011052457934675025,0.988947542065325,0.0531710758377425,0.3853211009174312,8910
medical,GSI_MLC_PA_MLP,0.40,3,0.2227920227920228,1.0,0.00895184923868812,1955,0.7772079772079772,6820,0.8470066518847007,382,451,0.09698005698005698,0.9921367521367521,0.7307692307692307,0.7504273504273504,0.3001533002425717,0.8391608391608392,0.043532763532763474,0.5023076923076923,0.4301098901098901,0.1559849086553808,0.4862196626902509,0.3688902610127433,382,0.19539641943734015,1955,0.010117302052785923,0.9898826979472141,0.0698810122339534,0.41025641025641024,8775
medical,GSI_MLC_PA_MLP,0.40,4,0.21221122112211221,1.0,0.006726363535784268,1929,0.7877887788778878,7161,0.7977839335180056,288,361,0.09291529152915293,0.991969196919692,0.6914191419141915,0.7036303630363036,0.30330762204446415,0.8266033254156769,0.03168316831683171,0.45462046204620477,0.40528052805280523,0.16536910327602689,0.4678111406909878,0.4051369437798508,288,0.14930015552099535,1929,0.010194106968300518,0.9898058930316995,0.05304093567251462,0.43410852713178294,9090
medical,GSI_MLC_PA_MLP,0.40,5,0.291564863292612,1.0,0.009480362186330853,2506,0.708435136707388,6089,0.847255369928401,355,419,0.12407213496218736,0.9925538103548575,0.7478184991273995,0.762129144851658,0.3547920683411014,0.8525345622119815,0.04130308318789988,0.49834205933682363,0.42223884318125166,0.20632476769630725,0.4788424844840294,0.37715099331919727,355,0.14166001596169195,2506,0.010510757102972574,0.9894892428970274,0.02567901234567901,0.1111111111111111,8595
medical,GSI_MLC_PA_MLP,0.50,1,0.0,0.0,0.012354382320526831,0,1.0,8640,0.0,0,545,0.0630787037037037,0.9369212962962963,0.2029141865079365,0.27315228174603173,0.1243390942537113,0.2684563758389262,0.0,0.0,0.0,0.0,0.0,,0,,0,0.0630787037037037,0.9369212962962963,0.1243390942537113,0.2684563758389262,8640
medical,GSI_MLC_PA_MLP,0.50,2,0.0,0.0,0.010590219128284261,0,1.0,8910,0.0,0,529,0.059371492704826036,0.940628507295174,0.18073593073593072,0.24559884559884562,0.1553860905604944,0.27034482758620687,0.0,0.0,0.0,0.0,0.0,,0,,0,0.059371492704826036,0.940628507295174,0.1553860905604944,0.27034482758620687,8910
medical,GSI_MLC_PA_MLP,0.50,3,0.0,0.0,0.00895184923868812,0,1.0,8775,0.0,0,451,0.051396011396011396,0.9486039886039886,0.22846153846153844,0.32031746031746033,0.14416839158719089,0.35294117647058826,0.0,0.0,0.0,0.0,0.0,,0,,0,0.051396011396011396,0.9486039886039886,0.14416839158719089,0.35294117647058826,8775
medical,GSI_MLC_PA_MLP,0.50,4,0.0,0.0,0.006726363535784268,0,1.0,9090,0.0,0,361,0.03971397139713971,0.9602860286028603,0.23679867986798678,0.2983498349834983,0.13793851876843727,0.35879218472468916,0.0,0.0,0.0,0.0,0.0,,0,,0,0.03971397139713971,0.9602860286028603,0.13793851876843727,0.35879218472468916,9090
medical,GSI_MLC_PA_MLP,0.50,5,0.0,0.0,0.009480362186330853,0,1.0,8595,0.0,0,419,0.048749272833042465,0.9512507271669576,0.2494764397905759,0.3398903016704063,0.14846730064479413,0.37369207772795215,0.0,0.0,0.0,0.0,0.0,,0,,0,0.048749272833042465,0.9512507271669576,0.14846730064479413,0.37369207772795215,8595
medical,MLC_PA_SVM,0.20,1,0.015162037037037036,0.484375,0.0024038229717837736,131,0.984837962962963,8509,0.532608695652174,49,92,0.00800925925925926,0.9950231481481482,0.859375,0.8730902777777777,0.45251084137358644,0.9079229122055674,0.005671296296296369,0.13194444444444453,0.11701388888888886,0.11332004096853882,0.1087962746509823,0.5154991661202841,49,0.37404580152671757,131,0.005053472793512751,0.9949465272064872,0.30810479135639235,0.8561872909698997,8640
medical,MLC_PA_SVM,0.20,2,0.009988776655443322,0.3787878787878788,0.0021822696043472737,89,0.9900112233445567,8821,0.34523809523809523,29,84,0.008170594837261505,0.9938271604938271,0.8324915824915824,0.8508417508417508,0.41598043234853316,0.8791208791208791,0.0032547699214365844,0.08164983164983142,0.07558922558922554,0.041457608011338964,0.06496158708548083,0.6312143996354522,29,0.3258426966292135,89,0.006235120734610589,0.9937648792653894,0.3246765334037253,0.8467966573816156,8910
medical,MLC_PA_SVM,0.20,3,0.009572649572649573,0.37948717948717947,0.0016646787536379298,84,0.9904273504273504,8691,0.3875,31,80,0.007498575498575498,0.9944159544159544,0.8529914529914528,0.8728205128205128,0.4849153220839045,0.8937093275488069,0.00353276353276355,0.10427350427350413,0.09897435897435869,0.07017886246304922,0.07228075612023555,0.5191984486102132,31,0.36904761904761907,84,0.005638016338741227,0.9943619836612587,0.41802673749476826,0.8679245283018868,8775
medical,MLC_PA_SVM,0.20,4,0.011331133113311331,0.400990099009901,0.0017209015118870893,103,0.9886688668866886,8987,0.4157303370786517,37,89,0.007986798679867988,0.9942794279427942,0.844059405940594,0.8653465346534654,0.481469599164592,0.8884120171673819,0.004070407040704049,0.11509900990099009,0.10841584158415862,0.06359856066013364,0.0831603760295263,0.5782500832500832,37,0.3592233009708738,103,0.005786135529097586,0.9942138644709024,0.35743682577937175,0.847953216374269,9090
medical,MLC_PA_SVM,0.20,5,0.010703897614892379,0.38219895287958117,0.002158804378446161,92,0.9892961023851076,8503,0.3978494623655914,37,93,0.008656195462478186,0.9934845840605003,0.8464223385689356,0.8727748691099476,0.4255201174250843,0.8813559322033898,0.004304828388598025,0.09685863874345557,0.09214659685863857,0.056100196641922284,0.08049940115413923,0.46573981573981565,37,0.40217391304347827,92,0.006585910854992356,0.9934140891450076,0.34491038818047043,0.8444444444444444,8595
medical,MLC_PA_SVM,0.25,1,0.012037037037037037,0.4010416666666667,0.0024038229717837736,104,0.9879629629629629,8536,0.4782608695652174,44,92,0.008564814814814815,0.9944444444444445,0.8420138888888888,0.8559027777777778,0.440340246536325,0.8961038961038961,0.0050925925925926485,0.11458333333333337,0.09982638888888895,0.10114944613127735,0.09697725854931094,0.5613173218069747,44,0.4230769230769231,104,0.005623242736644799,0.9943767572633552,0.305969354424609,0.8554216867469879,8640
medical,MLC_PA_SVM,0.25,2,0.007968574635241301,0.30808080808080807,0.0021822696043472737,71,0.9920314253647587,8839,0.2976190476190476,25,84,0.008613916947250281,0.9933782267115601,0.8249158249158248,0.8441077441077443,0.4138471735882279,0.8708971553610503,0.0028058361391695152,0.07407407407407385,0.06885521885521895,0.03932434925103373,0.056737863325652005,0.5538159371492705,25,0.352112676056338,71,0.006674963231134744,0.9933250367688653,0.36001581824236284,0.8451443569553806,8910
medical,MLC_PA_SVM,0.25,3,0.008091168091168091,0.3384615384615385,0.0016646787536379298,71,0.991908831908832,8704,0.375,30,80,0.007720797720797721,0.9943019943019943,0.8504273504273503,0.8711111111111112,0.4782486554172378,0.8913043478260869,0.0034188034188034067,0.10170940170940157,0.0972649572649571,0.06351219579638256,0.06987577639751552,0.4560224089635854,30,0.4225352112676056,71,0.0057444852941176475,0.9942555147058824,0.41525610772669597,0.8697916666666666,8775
medical,MLC_PA_SVM,0.25,4,0.009130913091309131,0.3465346534653465,0.0017209015118870893,83,0.9908690869086909,9007,0.3707865168539326,33,89,0.008443344334433443,0.9938393839383939,0.8316831683168316,0.8537953795379537,0.4733493454864927,0.8793103448275862,0.0036303630363037076,0.1027227722772277,0.09686468646864688,0.055478306982034375,0.07405870368973055,0.5497812372812372,33,0.39759036144578314,83,0.006217386477184412,0.9937826135228156,0.35553614069367456,0.8453038674033149,9090
medical,MLC_PA_SVM,0.25,5,0.008144269924374637,0.3089005235602094,0.002158804378446161,70,0.9918557300756253,8525,0.34408602150537637,32,93,0.009133216986620127,0.9929028504944736,0.8254799301919722,0.8518324607329842,0.4070064829114497,0.8699360341151386,0.0037230948225712712,0.0759162303664922,0.0712041884816752,0.037586562128287704,0.06907950306588806,0.40533486121721424,32,0.45714285714285713,70,0.007155425219941349,0.9928445747800586,0.3497685905640575,0.8423772609819121,8595
medical,MLC_PA_SVM,0.30,1,0.009722222222222222,0.3489583333333333,0.0024038229717837736,84,0.9902777777777778,8556,0.43478260869565216,40,92,0.008935185185185183,0.9939814814814815,0.8342013888888888,0.8489583333333334,0.4166319025926869,0.8879310344827587,0.00462962962962965,0.10677083333333337,0.09288194444444453,0.07744110218763928,0.08880439692817355,0.49554655870445347,40,0.47619047619047616,84,0.006077606358111267,0.9939223936418887,0.3076380689752243,0.8547486033519553,8640
medical,MLC_PA_SVM,0.30,2,0.005836139169472503,0.23232323232323232,0.0021822696043472737,52,0.9941638608305275,8858,0.25,21,84,0.00882154882154882,0.9929292929292929,0.8148148148148148,0.8356902356902358,0.4106072450145918,0.8627450980392157,0.002356902356902335,0.06397306397306379,0.06043771043771051,0.03608442067739759,0.048585806003817456,0.4612698412698413,21,0.40384615384615385,52,0.007112214946940618,0.9928877850530594,0.3684741411934394,0.8421052631578947,8910
medical,MLC_PA_SVM,0.30,3,0.005584045584045584,0.2358974358974359,0.0016646787536379298,49,0.9944159544159544,8726,0.2625,21,80,0.008398860398860399,0.9932763532763533,0.8179487179487179,0.8394871794871795,0.4427193724316719,0.8703296703296703,0.0023931623931624513,0.0692307692307692,0.06564102564102547,0.027982912810816662,0.04890109890109895,0.386984126984127,21,0.42857142857142855,49,0.006761402704561082,0.993238597295439,0.4194264482163032,0.854320987654321,8775
medical,MLC_PA_SVM,0.30,4,0.006270627062706271,0.24752475247524752,0.0017209015118870893,57,0.9937293729372937,9033,0.2696629213483146,24,89,0.00903190319031903,0.9928492849284929,0.806105610561056,0.83003300330033,0.45037448377661654,0.8596112311015118,0.0026402640264027166,0.07714521452145207,0.0731023102310232,0.032503445272158205,0.054359589963656196,0.5047619047619047,24,0.42105263157894735,57,0.007195837484778036,0.992804162515222,0.374404334124222,0.8337595907928389,9090
medical,MLC_PA_SVM,0.30,5,0.0062827225130890054,0.24607329842931938,0.002158804378446161,54,0.993717277486911,8541,0.26881720430107525,25,93,0.009796393251890632,0.9920884235020361,0.8080279232111692,0.8343804537521815,0.3929880004592398,0.8553191489361702,0.002908667830133771,0.05846422338568924,0.053752181500872465,0.023568079676077824,0.05446261788691964,0.46588744588744585,25,0.46296296296296297,54,0.007961597002692894,0.9920384029973071,0.3464157731186197,0.83,8595
medical,MLC_PA_SVM,0.35,1,0.007175925925925926,0.28125,0.0024038229717837736,62,0.992824074074074,8578,0.34782608695652173,32,92,0.009456018518518516,0.9930555555555556,0.8081597222222222,0.828125,0.3866684368645153,0.868995633187773,0.0037037037037037646,0.08072916666666674,0.07204861111111116,0.047477636459467676,0.06986899563318782,0.4778966131907309,32,0.5161290322580645,62,0.006994637444625787,0.9930053625553742,0.3344339735921632,0.84375,8640
medical,MLC_PA_SVM,0.35,2,0.003479236812570146,0.1414141414141414,0.0021822696043472737,31,0.9965207631874299,8879,0.15476190476190477,13,84,0.009186307519640852,0.9920314253647587,0.7920875420875422,0.8131313131313131,0.39777418978778334,0.843956043956044,0.0014590347923681968,0.0412457912457912,0.037878787878787845,0.023251365450589145,0.02979675192064568,0.30476190476190473,13,0.41935483870967744,31,0.007996395990539475,0.9920036040094605,0.3672260570176885,0.8321513002364066,8910
medical,MLC_PA_SVM,0.35,3,0.0041025641025641026,0.17435897435897435,0.0016646787536379298,36,0.9958974358974358,8739,0.225,18,80,0.008501424501424501,0.9929344729344729,0.8051282051282052,0.8275213675213675,0.44128577439396566,0.8628318584070797,0.002051282051282022,0.05641025641025643,0.05367521367521344,0.0265493147731104,0.04140328697850826,0.3205128205128205,18,0.5,36,0.007094633253232636,0.9929053667467673,0.41904676548536196,0.8516746411483254,8775
medical,MLC_PA_SVM,0.35,4,0.004840484048404841,0.19801980198019803,0.0017209015118870893,44,0.9951595159515951,9046,0.21348314606741572,19,89,0.009394939493949395,0.9922992299229924,0.7908415841584159,0.8163366336633662,0.4400066716491954,0.8491379310344828,0.0020902090209021784,0.061881188118811936,0.05940594059405935,0.022135633144737044,0.04388628989662713,0.526984126984127,19,0.4318181818181818,44,0.007738226840592527,0.9922617731594074,0.3851426171223768,0.8284313725490197,9090
medical,MLC_PA_SVM,0.35,5,0.004653868528214078,0.193717277486911,0.002158804378446161,40,0.995346131471786,8555,0.20430107526881722,19,93,0.010238510762070972,0.991390343222804,0.8001745200698079,0.8291448516579407,0.3895077177437541,0.8445378151260504,0.0022105875509016437,0.05061082024432795,0.04851657940663168,0.020087796960592097,0.04368128407679983,0.4294871794871795,19,0.475,40,0.008649912331969609,0.9913500876680303,0.363291789136401,0.8229665071770335,8595
medical,MLC_PA_SVM,0.40,1,0.004861111111111111,0.203125,0.0024038229717837736,42,0.9951388888888889,8598,0.2608695652173913,24,92,0.009814814814814814,0.9921296296296296,0.7890625,0.8121527777777778,0.37793584646525824,0.851528384279476,0.002777777777777768,0.06163194444444453,0.056076388888888995,0.03874504606021062,0.05240174672489084,0.42380952380952375,24,0.5714285714285714,42,0.007908816003721796,0.9920911839962782,0.3489655316868338,0.8341463414634146,8640
medical,MLC_PA_SVM,0.40,2,0.0026936026936026937,0.10606060606060606,0.0021822696043472737,24,0.9973063973063973,8886,0.11904761904761904,10,84,0.009382716049382716,0.9916947250280583,0.781986531986532,0.8047138047138047,0.3811732339932792,0.8370044052863436,0.001122334455667784,0.03114478114478103,0.02946127946127941,0.006650409656084988,0.022845113250945293,0.36296296296296293,10,0.4166666666666667,24,0.008327706504613999,0.991672293495386,0.3663925716439733,0.8271028037383178,8910
medical,MLC_PA_SVM,0.40,3,0.002849002849002849,0.11794871794871795,0.0016646787536379298,25,0.9971509971509972,8750,0.15,12,80,0.008888888888888889,0.9922507122507123,0.7846153846153846,0.8070085470085471,0.4263227296982788,0.8488888888888889,0.0013675213675213849,0.03589743589743588,0.033162393162393,0.011586270077423522,0.027460317460317518,0.28787878787878785,12,0.48,25,0.0077714285714285715,0.9922285714285715,0.4158405896211258,0.8403755868544601,8775
medical,MLC_PA_SVM,0.40,4,0.0029702970297029703,0.12376237623762376,0.0017209015118870893,27,0.997029702970297,9063,0.1348314606741573,12,89,0.00965896589658966,0.9915291529152915,0.7685643564356436,0.7915841584158415,0.4260012686036078,0.8322440087145969,0.0013201320132013583,0.03960396039603964,0.034653465346534684,0.008130230099149482,0.026992367576741283,0.5361111111111111,12,0.4444444444444444,27,0.008496082974732429,0.9915039170252675,0.3959928410246093,0.8188235294117647,9090
medical,MLC_PA_SVM,0.40,5,0.0033740546829552063,0.14136125654450263,0.002158804378446161,29,0.9966259453170448,8566,0.1827956989247312,17,93,0.01019197207678883,0.9911576497963932,0.7923211169284466,0.8221640488656197,0.388413700649737,0.8403361344537815,0.0019778941244908976,0.042757417102966655,0.04153577661431063,0.018993779866575022,0.03947960340453094,0.34588744588744585,17,0.5862068965517241,29,0.00887228578099463,0.9911277142190054,0.37936552551186564,0.8248847926267281,8595
medical,MLC_PA_SVM,0.50,1,0.0,0.0,0.0024038229717837736,0,1.0,8640,0.0,0,92,0.010648148148148148,0.9893518518518518,0.7274305555555555,0.7560763888888888,0.3391908004050476,0.7991266375545851,0.0,0.0,0.0,0.0,0.0,,0,,0,0.010648148148148148,0.9893518518518518,0.3391908004050476,0.7991266375545851,8640
medical,MLC_PA_SVM,0.50,2,0.0,0.0,0.0021822696043472737,0,1.0,8910,0.0,0,84,0.009427609427609427,0.9905723905723905,0.750841750841751,0.7752525252525253,0.3745228243371942,0.8141592920353983,0.0,0.0,0.0,0.0,0.0,,0,,0,0.009427609427609427,0.9905723905723905,0.3745228243371942,0.8141592920353983,8910
medical,MLC_PA_SVM,0.50,3,0.0,0.0,0.0016646787536379298,0,1.0,8775,0.0,0,80,0.009116809116809116,0.9908831908831909,0.7487179487179487,0.7738461538461541,0.41473645962085526,0.8214285714285714,0.0,0.0,0.0,0.0,0.0,,0,,0,0.009116809116809116,0.9908831908831909,0.41473645962085526,0.8214285714285714,8775
medical,MLC_PA_SVM,0.50,4,0.0,0.0,0.0017209015118870893,0,1.0,9090,0.0,0,89,0.009790979097909791,0.9902090209020902,0.7289603960396039,0.7569306930693068,0.41787103850445834,0.8052516411378556,0.0,0.0,0.0,0.0,0.0,,0,,0,0.009790979097909791,0.9902090209020902,0.41787103850445834,0.8052516411378556,9090
medical,MLC_PA_SVM,0.50,5,0.0,0.0,0.002158804378446161,0,1.0,8595,0.0,0,93,0.010820244328097731,0.9891797556719023,0.74956369982548,0.780628272251309,0.369419920783162,0.8008565310492506,0.0,0.0,0.0,0.0,0.0,,0,,0,0.010820244328097731,0.9891797556719023,0.369419920783162,0.8008565310492506,8595
medical,GSI_MLC_PA_SVM,0.20,1,0.014930555555555556,0.4739583333333333,0.0022729368835385164,129,0.9850694444444444,8511,0.4878048780487805,40,82,0.007847222222222224,0.9951388888888889,0.8697916666666666,0.8835069444444444,0.4575290659473666,0.9106382978723404,0.00462962962962965,0.11024305555555558,0.09531249999999991,0.0953000849459989,0.08812747536151788,0.5386070106567,40,0.31007751937984496,129,0.004934790271413465,0.9950652097285866,0.33362425208258795,0.8609271523178808,8640
medical,GSI_MLC_PA_SVM,0.20,2,0.009764309764309764,0.3434343434343434,0.002304958257684268,87,0.9902356902356902,8823,0.3375,27,80,0.007901234567901235,0.9940516273849607,0.84006734006734,0.8575757575757577,0.41969662346013237,0.8835164835164835,0.003030303030302939,0.06565656565656552,0.05959595959595965,0.04359865937854701,0.05742952699474435,0.5814327485380117,27,0.3103448275862069,87,0.006007027088291964,0.9939929729117081,0.3675655883262274,0.8563685636856369,8910
medical,GSI_MLC_PA_SVM,0.20,3,0.009116809116809116,0.3641025641025641,0.0022205528592745515,80,0.9908831908831909,8695,0.33783783783783783,25,74,0.007407407407407408,0.9944159544159544,0.8589743589743589,0.8788034188034188,0.4838253874229104,0.8941684665226782,0.002849002849002913,0.07435897435897432,0.0656410256410257,0.04966003740387137,0.055740518924425,0.5054112554112554,25,0.3125,80,0.0056354226566992524,0.9943645773433007,0.44014479383716204,0.8707124010554089,8775
medical,GSI_MLC_PA_SVM,0.20,4,0.011331133113311331,0.3712871287128713,0.0016759313091933136,103,0.9886688668866886,8987,0.42857142857142855,39,91,0.007986798679867986,0.9942794279427942,0.849009900990099,0.8686468646864687,0.4773168755620388,0.8884120171673819,0.00429042904290422,0.10066006600660071,0.09653465346534673,0.04570358190185281,0.08580898029102624,0.48748168498168487,39,0.3786407766990291,103,0.005786135529097586,0.9942138644709024,0.37852459611009115,0.8531073446327684,9090
medical,GSI_MLC_PA_SVM,0.20,5,0.008027923211169284,0.2931937172774869,0.002260397766187395,69,0.9919720767888307,8526,0.27906976744186046,24,86,0.008819080860965679,0.9927865037812682,0.8263525305410121,0.8520069808027924,0.4094814893864562,0.8675213675213675,0.002792321116928509,0.04712041884816753,0.04188481675392686,0.03516950419606252,0.04972475735187598,0.5885620915032679,24,0.34782608695652173,69,0.007271874266948158,0.9927281257330518,0.3495289405625027,0.8418367346938775,8595
medical,GSI_MLC_PA_SVM,0.25,1,0.011805555555555555,0.390625,0.0022729368835385164,102,0.9881944444444445,8538,0.4268292682926829,35,82,0.008391203703703705,0.9945601851851852,0.8541666666666666,0.8696180555555554,0.45107973604705637,0.9002123142250531,0.00405092592592593,0.09461805555555558,0.08142361111111085,0.08885075504568868,0.07770149171423057,0.5898756829504752,35,0.3431372549019608,102,0.005504802061372687,0.9944951979386273,0.32888317956500585,0.8605341246290801,8640
medical,GSI_MLC_PA_SVM,0.25,2,0.007968574635241301,0.2878787878787879,0.002304958257684268,71,0.9920314253647587,8839,0.275,22,80,0.008501683501683501,0.9934904601571268,0.8350168350168349,0.8542087542087542,0.4156786754197298,0.8739130434782608,0.0024691358024691024,0.06060606060606044,0.056228956228956184,0.03958071133814445,0.047826086956521685,0.6030812324929972,22,0.30985915492957744,71,0.006561828261115511,0.9934381717388845,0.36643778703887264,0.8505154639175257,8910
medical,GSI_MLC_PA_SVM,0.25,3,0.0071794871794871795,0.29743589743589743,0.0022205528592745515,63,0.9928205128205129,8712,0.3108108108108108,23,74,0.007606837606837607,0.9941880341880341,0.8512820512820513,0.8719658119658119,0.47669482251456774,0.8893709327548807,0.0026210826210826266,0.06666666666666665,0.05880341880341877,0.042529472495528686,0.05094298515662743,0.3592592592592593,23,0.36507936507936506,63,0.005853994490358127,0.9941460055096418,0.4400651222415928,0.8721804511278195,8775
medical,GSI_MLC_PA_SVM,0.25,4,0.00814081408140814,0.28217821782178215,0.0016759313091933136,74,0.9918591859185919,9016,0.32967032967032966,30,91,0.008745874587458746,0.9932893289328932,0.823019801980198,0.8442244224422442,0.46038226837154117,0.8682505399568035,0.0033003300330032292,0.0746699669966997,0.07211221122112221,0.0287689747113552,0.06564750308044776,0.4495115995115995,30,0.40540540540540543,74,0.006765749778172138,0.9932342502218279,0.4112536044675857,0.8407310704960835,9090
medical,GSI_MLC_PA_SVM,0.25,5,0.006515415939499709,0.24083769633507854,0.002260397766187395,56,0.9934845840605003,8539,0.26744186046511625,23,86,0.0089586969168121,0.9926701570680628,0.8263525305410121,0.8520069808027924,0.4089881842419883,0.8656716417910447,0.002675974403723136,0.04712041884816753,0.04188481675392686,0.034676199051594636,0.047875031621553155,0.4927083333333333,23,0.4107142857142857,56,0.00737791310457899,0.992622086895421,0.36638345103856707,0.8436724565756824,8595
medical,GSI_MLC_PA_SVM,0.30,1,0.009143518518518518,0.3020833333333333,0.0022729368835385164,79,0.9908564814814815,8561,0.36585365853658536,30,82,0.008761574074074073,0.9939814814814815,0.8411458333333334,0.8557291666666665,0.43895952993992204,0.8893617021276595,0.00347222222222221,0.08159722222222232,0.06753472222222201,0.07673054893855435,0.066850879616837,0.607936507936508,30,0.379746835443038,79,0.006074056769069034,0.993925943230931,0.34520596428945105,0.8594594594594595,8640
medical,GSI_MLC_PA_SVM,0.30,2,0.005274971941638608,0.18686868686868688,0.002304958257684268,47,0.9947250280583614,8863,0.25,20,80,0.008316498316498316,0.9932659932659933,0.8299663299663299,0.850841750841751,0.413852616771494,0.8701298701298701,0.002244668911335568,0.05555555555555547,0.05286195286195294,0.03775465268990863,0.04404291360813095,0.49548611111111107,20,0.425531914893617,47,0.006769716800180525,0.9932302831998194,0.37725079953472157,0.8543689320388349,8910
medical,GSI_MLC_PA_SVM,0.30,3,0.005811965811965812,0.24102564102564103,0.0022205528592745515,51,0.9941880341880341,8724,0.2702702702702703,20,74,0.007897435897435898,0.9938461538461538,0.841025641025641,0.8617094017094017,0.4683690849547694,0.8826086956521739,0.002279202279202308,0.05641025641025643,0.04854700854700855,0.03420373493573037,0.04418074805392069,0.3179271708683474,20,0.39215686274509803,51,0.006189821182943604,0.9938101788170564,0.4394590900243074,0.8695652173913043,8775
medical,GSI_MLC_PA_SVM,0.30,4,0.00572057205720572,0.21782178217821782,0.0016759313091933136,52,0.9942794279427942,9038,0.24175824175824176,22,91,0.009306930693069307,0.9924092409240924,0.8048679867986798,0.8254125412541254,0.4512843146408191,0.8509719222462203,0.0024202420242024347,0.056518151815181494,0.053300330033003496,0.019671020980633114,0.04836888536986461,0.3958730158730159,22,0.4230769230769231,52,0.007634432396547909,0.9923655676034521,0.405694781007874,0.8296296296296296,9090
medical,GSI_MLC_PA_SVM,0.30,5,0.005119255381035486,0.193717277486911,0.002260397766187395,44,0.9948807446189645,8551,0.23255813953488372,20,86,0.009214659685863874,0.9923211169284468,0.8184991273996508,0.8450261780104712,0.40064018891815095,0.8595744680851064,0.0023269342641071278,0.03926701570680624,0.034904013961605695,0.026328203727757293,0.041777857915614836,0.42827380952380956,20,0.45454545454545453,44,0.0077183955092971586,0.9922816044907028,0.3669757526424193,0.8421052631578947,8595
medical,GSI_MLC_PA_SVM,0.35,1,0.006944444444444444,0.23958333333333334,0.0022729368835385164,60,0.9930555555555556,8580,0.3048780487804878,25,82,0.009027777777777777,0.9934027777777777,0.8229166666666666,0.8401041666666668,0.40343034162642005,0.8774193548387097,0.0028935185185184897,0.06336805555555558,0.05190972222222223,0.04120136062505236,0.05490853232788717,0.5468885281385282,25,0.4166666666666667,60,0.006643356643356644,0.9933566433566433,0.3597288891624334,0.8542199488491049,8640
medical,GSI_MLC_PA_SVM,0.35,2,0.0029180695847362513,0.1111111111111111,0.002304958257684268,26,0.9970819304152637,8884,0.1375,11,80,0.008765432098765432,0.9922558922558923,0.8005050505050505,0.8223905723905726,0.39923735625094986,0.8496732026143791,0.0012345679012345512,0.02609427609427606,0.02441077441077455,0.023139392169364503,0.02358624609263993,0.32857142857142857,11,0.4230769230769231,26,0.007766771724448447,0.9922332282755516,0.37115812351839855,0.8413793103448276,8910
medical,GSI_MLC_PA_SVM,0.35,3,0.0041025641025641026,0.1794871794871795,0.0022205528592745515,36,0.9958974358974358,8739,0.17567567567567569,13,74,0.008387464387464386,0.993048433048433,0.8196581196581195,0.842051282051282,0.4612834314547097,0.8671023965141612,0.001481481481481528,0.03504273504273492,0.028888888888888853,0.027118081435670627,0.02867444891590798,0.2580952380952381,13,0.3611111111111111,36,0.006980203684632109,0.9930197963153679,0.44798260608786916,0.8578088578088578,8775
medical,GSI_MLC_PA_SVM,0.35,4,0.0037403740374037406,0.15346534653465346,0.0016759313091933136,34,0.9962596259625962,9056,0.16483516483516483,15,91,0.009669966996699671,0.9916391639163916,0.7912541254125411,0.8125412541254124,0.4461955815464588,0.8362068965517241,0.0016501650165016146,0.04290429042904287,0.0404290429042905,0.014582287886272804,0.033603859675368386,0.29450549450549446,15,0.4411764705882353,34,0.008392226148409895,0.9916077738515902,0.417814253647587,0.8215962441314554,9090
medical,GSI_MLC_PA_SVM,0.35,5,0.0038394415357766143,0.1518324607329843,0.002260397766187395,33,0.9961605584642234,8562,0.1744186046511628,15,86,0.009604421175101803,0.99173938336242,0.81326352530541,0.8415357766143107,0.3976506403891725,0.8498942917547568,0.0017452006980802626,0.03403141361256545,0.03141361256544517,0.023338655198778868,0.03209768158526527,0.40238095238095234,15,0.45454545454545453,33,0.008292455033870591,0.9917075449661295,0.3789260563241145,0.836027713625866,8595
medical,GSI_MLC_PA_SVM,0.40,1,0.00474537037037037,0.171875,0.0022729368835385164,41,0.9952546296296296,8599,0.21951219512195122,18,82,0.009305555555555556,0.9925925925925926,0.8116319444444443,0.8305555555555556,0.39525537878479056,0.8632478632478633,0.002083333333333326,0.05208333333333326,0.04236111111111107,0.03302639778342287,0.040737040737040764,0.46874999999999994,18,0.43902439024390244,41,0.007442725898360274,0.9925572741016397,0.3547880425093446,0.84688995215311,8640
medical,GSI_MLC_PA_SVM,0.40,2,0.0019079685746352412,0.08080808080808081,0.002304958257684268,17,0.9980920314253647,8893,0.0875,7,80,0.008956228956228957,0.9918069584736251,0.7878787878787878,0.8106060606060606,0.39640451639847457,0.8402625820568927,0.000785634118967371,0.013468013468013407,0.012626262626262541,0.020306552316889215,0.014175625535153613,0.22424242424242424,7,0.4117647058823529,17,0.008208703474642977,0.991791296525357,0.3698380876581328,0.8359550561797753,8910
medical,GSI_MLC_PA_SVM,0.40,3,0.003076923076923077,0.13846153846153847,0.0022205528592745515,27,0.9969230769230769,8748,0.12162162162162163,9,74,0.008638176638176637,0.9925925925925926,0.8119658119658119,0.8369230769230769,0.45264628601397083,0.8590021691973969,0.0010256410256410664,0.027350427350427253,0.023760683760683743,0.01848093599493178,0.020574221599143683,0.23846153846153847,9,0.3333333333333333,27,0.0074302697759487885,0.9925697302240513,0.4394061878007591,0.851258581235698,8775
medical,GSI_MLC_PA_SVM,0.40,4,0.00253025302530253,0.10891089108910891,0.0016759313091933136,23,0.9974697469746975,9067,0.10989010989010989,10,91,0.009922992299229924,0.9910891089108911,0.7739273927392738,0.7960396039603961,0.4429739472137133,0.8250539956803455,0.0011001100110010764,0.025577557755775526,0.023927392739274134,0.011360653553527333,0.02245095880398984,0.33055555555555555,10,0.43478260869565216,23,0.008933495092092203,0.9910665049079078,0.4171066916923401,0.8146453089244852,9090
medical,GSI_MLC_PA_SVM,0.40,5,0.002326934264107039,0.08900523560209424,0.002260397766187395,20,0.997673065735893,8575,0.1511627906976744,13,86,0.009424083769633508,0.9915066899360093,0.8080279232111692,0.83804537521815,0.39637839411692627,0.8463157894736842,0.0015125072716696275,0.028795811518324665,0.027923211169284534,0.02206640892653261,0.028519179304192677,0.2948717948717948,13,0.65,20,0.008513119533527697,0.9914868804664723,0.3816698985951436,0.8374164810690423,8595
medical,GSI_MLC_PA_SVM,0.50,1,0.0,0.0,0.0022729368835385164,0,1.0,8640,0.0,0,82,0.00949074074074074,0.9905092592592593,0.759548611111111,0.7881944444444445,0.3622289810013677,0.8225108225108225,0.0,0.0,0.0,0.0,0.0,,0,,0,0.00949074074074074,0.9905092592592593,0.3622289810013677,0.8225108225108225,8640
medical,GSI_MLC_PA_SVM,0.50,2,0.0,0.0,0.002304958257684268,0,1.0,8910,0.0,0,80,0.008978675645342313,0.9910213243546577,0.7744107744107744,0.797979797979798,0.37609796408158536,0.8260869565217391,0.0,0.0,0.0,0.0,0.0,,0,,0,0.008978675645342313,0.9910213243546577,0.37609796408158536,0.8260869565217391,8910
medical,GSI_MLC_PA_SVM,0.50,3,0.0,0.0,0.0022205528592745515,0,1.0,8775,0.0,0,74,0.008433048433048432,0.9915669515669515,0.7846153846153846,0.8131623931623931,0.43416535001903905,0.8384279475982532,0.0,0.0,0.0,0.0,0.0,,0,,0,0.008433048433048432,0.9915669515669515,0.43416535001903905,0.8384279475982532,8775
medical,GSI_MLC_PA_SVM,0.50,4,0.0,0.0,0.0016759313091933136,0,1.0,9090,0.0,0,91,0.01001100110011001,0.98998899889989,0.7483498349834983,0.772112211221122,0.43161329366018597,0.8026030368763557,0.0,0.0,0.0,0.0,0.0,,0,,0,0.01001100110011001,0.98998899889989,0.43161329366018597,0.8026030368763557,9090
medical,GSI_MLC_PA_SVM,0.50,5,0.0,0.0,0.002260397766187395,0,1.0,8595,0.0,0,86,0.010005817335660267,0.9899941826643397,0.7792321116928446,0.8101221640488655,0.37431198519039366,0.8177966101694916,0.0,0.0,0.0,0.0,0.0,,0,,0,0.010005817335660267,0.9899941826643397,0.37431198519039366,0.8177966101694916,8595
enron,MLC_PA_Logistic,0.20,1,0.04700526546731022,0.8662790697674418,0.014238911028391575,857,0.9529947345326898,17375,0.36884306987399773,322,873,0.03962264150943396,0.9697784115840281,0.6349783130306386,0.7300006679367145,0.3336519661534448,0.7295041728031418,0.017661254936375603,0.18993800934207905,0.1776980529160761,0.12307221525240439,0.1640487223302698,0.31611060190841817,322,0.3757292882147025,857,0.031712230215827336,0.9682877697841726,0.1736894432502456,0.5891126025354213,18232
enron,MLC_PA_Logistic,0.20,2,0.047337278106508875,0.9023668639053254,0.012484349218515387,848,0.9526627218934911,17066,0.37919463087248323,339,894,0.04044881098582114,0.9690186446354806,0.5941931999624307,0.6934616665385895,0.3454547006374769,0.725925925925926,0.01892374679021991,0.16246243073166144,0.14790695826198774,0.1153247612787528,0.16244936342592597,0.29052455953848183,339,0.39976415094339623,848,0.03252080159381226,0.9674791984061878,0.18737411503983173,0.5885841363973313,17914
enron,MLC_PA_Logistic,0.20,3,0.04500957068635494,0.8724637681159421,0.015162693273267386,823,0.9549904293136451,17462,0.3565217391304348,328,920,0.041378178835110746,0.9676237353021603,0.6110552732291862,0.7107575194531717,0.3239698541613379,0.7098039215686275,0.017938200710965302,0.17114028483593702,0.15950304124217174,0.09943422180998637,0.15253731906622137,0.3235168423390868,328,0.3985419198055893,823,0.03390218760737602,0.9660978123926239,0.16279799617886667,0.5795454545454546,18285
enron,MLC_PA_Logistic,0.20,4,0.042241622078287806,0.8477611940298507,0.01441397375583447,750,0.9577583779217121,17005,0.3417142857142857,299,875,0.04088989017178259,0.967558434243875,0.608622364368633,0.7065823562838488,0.2801261255673097,0.7145688800792864,0.01684032666854407,0.15717957829898127,0.14971514389424834,0.07453638009825436,0.15054297076189727,0.37404438437495824,299,0.39866666666666667,750,0.033872390473390177,0.9661276095266098,0.1705432492536891,0.5832127351664255,17755
enron,MLC_PA_Logistic,0.20,5,0.0437291897891232,0.8441176470588235,0.012837546655188107,788,0.9562708102108768,17232,0.3454746136865342,313,906,0.041653718091009984,0.9670921198668146,0.5808345004668535,0.6803518540283247,0.2946973909234115,0.7054148037754595,0.017369589345172076,0.16632819794584502,0.1555093109504876,0.08559854172977874,0.15977789304326295,0.31151927585730355,313,0.39720812182741116,788,0.03441272051996286,0.9655872794800371,0.18752508875918802,0.5623616236162362,18020
enron,MLC_PA_Logistic,0.25,1,0.0377906976744186,0.8081395348837209,0.014238911028391575,689,0.9622093023255814,17543,0.3138602520045819,274,873,0.04230199648968846,0.9671456779289161,0.6009903775165404,0.7010133519581194,0.31450477679302696,0.703905091448344,0.01502852128126364,0.15595007382798087,0.14871073693748105,0.10392502589198657,0.13844964097547197,0.3222743661006483,274,0.397677793904209,689,0.03414467308898136,0.9658553269110186,0.17666845716480675,0.5866114561766735,18232
enron,MLC_PA_Logistic,0.25,2,0.03745673774701351,0.8313609467455622,0.012484349218515387,671,0.9625432622529865,17243,0.31543624161073824,282,894,0.04352740873060176,0.9658367757061516,0.5657732225039916,0.6686858013781092,0.32604028415356273,0.6991150442477876,0.015741877860890874,0.1340424532732224,0.12313109310150738,0.09591034479483862,0.1356384817477876,0.3006290142603936,282,0.4202682563338301,671,0.03549266368961318,0.9645073363103869,0.18843869526950155,0.5831062670299727,17914
enron,MLC_PA_Logistic,0.25,3,0.03538419469510528,0.7971014492753623,0.015162693273267386,647,0.9646158053048948,17638,0.30869565217391304,284,920,0.043628657369428496,0.9652173913043478,0.5871111738503043,0.6897695862913253,0.3115091955629611,0.685459940652819,0.015531856713152825,0.14719618545705515,0.1385151080803254,0.08697356321160957,0.1281933381504129,0.32905509835698676,284,0.43894899536321486,647,0.03605851003515138,0.9639414899648486,0.1723062247933192,0.5815789473684211,18285
enron,MLC_PA_Logistic,0.25,4,0.03328639819769079,0.7970149253731343,0.01441397375583447,591,0.9667136018023093,17164,0.272,238,875,0.04419881723458181,0.9641227823148408,0.5737372660506989,0.6737393452318825,0.26346222713072714,0.6829268292682927,0.013404674739509903,0.12229447998104709,0.11687213284228204,0.057872481661671804,0.11890091995090357,0.30298840762238927,238,0.4027072758037225,591,0.03711256117455139,0.9628874388254486,0.19203131457440875,0.5828421741977734,17755
enron,MLC_PA_Logistic,0.25,5,0.03412874583795782,0.7941176470588235,0.012837546655188107,615,0.9658712541620422,17405,0.2869757174392936,260,906,0.04438124306326304,0.9641509433962264,0.5498984593837535,0.6526148034971565,0.27865100632862344,0.6760280842527583,0.014428412874583851,0.13539215686274503,0.12777226041931944,0.06955215713499066,0.13039117352056173,0.3009238952159695,260,0.42276422764227645,615,0.03711577133007756,0.9628842286699224,0.1963621355595764,0.5652759084791387,18020
enron,MLC_PA_Logistic,0.30,1,0.028576129881526986,0.7383720930232558,0.014238911028391575,521,0.971423870118473,17711,0.23940435280641467,209,873,0.04499232119350592,0.9635805177709522,0.5596282512706932,0.6629848107319039,0.29438371519499906,0.6696517412935323,0.011463361123299709,0.11458794758213364,0.11068219571126547,0.08380396429395867,0.10419629082066029,0.32000201909704173,209,0.40115163147792704,521,0.03749082491107222,0.9625091750889277,0.18426470277199997,0.5786802030456852,18232
enron,MLC_PA_Logistic,0.30,2,0.029920732388076365,0.7603550295857988,0.012484349218515387,536,0.9700792676119236,17378,0.25279642058165547,226,894,0.046265490677682264,0.9627107290387407,0.5405724617263079,0.6463347631986684,0.30633868462563374,0.6722276741903828,0.012615831193479976,0.10884169249553866,0.10078005492206665,0.07620874526690963,0.10875111169038276,0.28583720324657086,226,0.4216417910447761,536,0.03843940614570146,0.9615605938542986,0.20383686638264448,0.5782828282828283,17914
enron,MLC_PA_Logistic,0.30,3,0.028383921246923707,0.7304347826086957,0.015162693273267386,519,0.9716160787530763,17766,0.25217391304347825,232,920,0.04614164615805305,0.9623735302160241,0.5500649350649351,0.6540675427631949,0.29556932554586524,0.6594059405940594,0.01268799562482914,0.11014994667168598,0.10281306455219497,0.07103369319451372,0.10213933809165332,0.31602647438560755,232,0.44701348747591524,519,0.03872565574693234,0.9612743442530677,0.17701698809632985,0.5784313725490197,18285
enron,MLC_PA_Logistic,0.30,4,0.02590819487468319,0.7283582089552239,0.01441397375583447,460,0.9740918051253168,17295,0.21257142857142858,186,875,0.04657842861165869,0.9611940298507463,0.546107557450841,0.6504374564076056,0.24723333618443077,0.6580645161290323,0.010475922275415384,0.09466477138118928,0.09357024401800518,0.041643590715375434,0.09403860681164311,0.31704495232686913,186,0.4043478260869565,460,0.03983810349812084,0.9601618965018791,0.19309317699719797,0.576521204671174,17755
enron,MLC_PA_Logistic,0.30,5,0.02685904550499445,0.7176470588235294,0.012837546655188107,484,0.9731409544950056,17536,0.23730684326710816,215,906,0.04640399556048835,0.96165371809101,0.5247630718954248,0.6304237755708344,0.2705100857529256,0.6543271635817909,0.011931187569367396,0.11025676937441636,0.10558123249299733,0.06141123655929284,0.10869025284959433,0.30822430662265227,215,0.44421487603305787,484,0.039404653284671534,0.9605953467153284,0.1964753104098231,0.5640378548895899,18020
enron,MLC_PA_Logistic,0.35,1,0.021336112329969285,0.6744186046511628,0.014238911028391575,389,0.9786638876700308,17843,0.17983963344788087,157,873,0.04673924967090829,0.960728389644581,0.5307038326660419,0.6352691155743481,0.2622652177909202,0.6405622489959839,0.008611232996928453,0.08566352897748242,0.08296650055370969,0.05168546688987982,0.07510679852311186,0.30895447894450884,157,0.40359897172236503,389,0.04012778120271255,0.9598722187972875,0.18828978922654938,0.5722819593787336,18232
enron,MLC_PA_Logistic,0.35,2,0.02199397119571285,0.6627218934911243,0.012484349218515387,394,0.9780060288042871,17520,0.1890380313199105,169,894,0.04816902980908787,0.9595288601094116,0.5152331642716258,0.624107565675613,0.28689317175264417,0.6444335458558117,0.009433962264150941,0.08350239504085655,0.07855285739901119,0.05676323239392006,0.0809569833558117,0.2884731670445956,169,0.4289340101522843,394,0.04138127853881279,0.9586187214611872,0.2019268770469517,0.5747800586510264,17914
enron,MLC_PA_Logistic,0.35,3,0.0206726825266612,0.6318840579710145,0.015162693273267386,378,0.9793273174733388,17907,0.18369565217391304,169,920,0.048307355756084226,0.9589280831282472,0.5107102076667295,0.6176821568125916,0.27478673903025624,0.6295017266896892,0.009242548537052198,0.07079521927348031,0.06642767860159171,0.05025110667890473,0.07223512418728306,0.3343573438447388,169,0.4470899470899471,378,0.04193890657284861,0.9580610934271514,0.18598543392080377,0.5686387133831131,18285
enron,MLC_PA_Logistic,0.35,4,0.019712756969867642,0.6507462686567164,0.01441397375583447,350,0.9802872430301324,17405,0.1657142857142857,145,875,0.04801464376232047,0.9588848211771333,0.5238000473821369,0.627949562874936,0.23863492218873794,0.6378968253968254,0.008166713601802322,0.07235726131248515,0.07108235048533551,0.0330451767196826,0.07387091607943619,0.2585577144339603,145,0.4142857142857143,350,0.041941970698075266,0.9580580293019247,0.20060609923595957,0.5745920745920746,17755
enron,MLC_PA_Logistic,0.35,5,0.01925638179800222,0.611764705882353,0.012837546655188107,347,0.9807436182019977,17673,0.17549668874172186,159,906,0.04819367369589345,0.9585460599334074,0.4959780578898225,0.6050454121042357,0.24429661927411464,0.6255639097744361,0.008823529411764786,0.08147175536881407,0.08020286902639862,0.03519777008048186,0.07992699904223954,0.2907399643643224,159,0.45821325648414984,347,0.04226786623663215,0.9577321337633679,0.20422777953254026,0.5582495564754583,18020
enron,MLC_PA_Logistic,0.40,1,0.014754278192189557,0.5261627906976745,0.014238911028391575,269,0.9852457218078104,17963,0.12714776632302405,111,873,0.04769635805177709,0.9582053532250987,0.5075195395689581,0.6140488145575355,0.253445730379272,0.6167002012072434,0.006088196577446192,0.06247923588039861,0.061746199536897084,0.04286597947823159,0.0512447507343714,0.2707976299494157,111,0.41263940520446096,269,0.042420531091688474,0.9575794689083115,0.20020141726159257,0.5699774266365688,18232
enron,MLC_PA_Logistic,0.40,2,0.0143463213129396,0.5029585798816568,0.012484349218515387,257,0.9856536786870604,17657,0.12863534675615212,115,894,0.04922407055933906,0.9565144579658368,0.48910960834037764,0.6004124573651201,0.2635955771017619,0.6190709046454768,0.0064195601205760955,0.05737883910960839,0.05485774908851826,0.03346563774303779,0.05559434214547676,0.2620211526371449,115,0.4474708171206226,257,0.044118479922976725,0.9558815200770233,0.22782958580555981,0.5726823916620954,17914
enron,MLC_PA_Logistic,0.40,3,0.013344271260596117,0.4782608695652174,0.015162693273267386,244,0.9866557287394039,18041,0.12391304347826088,114,920,0.04941755537325676,0.9559201531309817,0.48476566911349517,0.5942265464004594,0.263640171567891,0.6052889324191969,0.006234618539786685,0.044850680720246006,0.04297206818945942,0.039104539216539475,0.048022329916790785,0.2540297444648357,114,0.4672131147540984,244,0.04467601574192118,0.9553239842580789,0.21210616271726693,0.5671321160042965,18285
enron,MLC_PA_Logistic,0.40,4,0.013010419600112644,0.4835820895522388,0.01441397375583447,231,0.9869895803998874,17524,0.11314285714285714,99,875,0.04891016615038017,0.9562940016896648,0.49739753612887944,0.6022230671484403,0.224190897915572,0.6127744510978044,0.005575894114333901,0.04595475005922767,0.04535585475883985,0.018601152446516667,0.04874854178041521,0.2604906204906205,99,0.42857142857142855,231,0.04428212736818078,0.9557178726318192,0.2008759161917123,0.5731573157315731,17755
enron,MLC_PA_Logistic,0.40,5,0.012874583795782464,0.47058823529411764,0.012837546655188107,232,0.9871254162042176,17788,0.12693156732891833,115,906,0.04904550499445061,0.9561043285238624,0.47139472455648923,0.5815932433579493,0.23279663093394132,0.6007067137809188,0.0063817980022198295,0.05688842203548078,0.0567507002801122,0.023697781740308538,0.05506980304872222,0.23012571447106553,115,0.4956896551724138,232,0.04446818079604228,0.9555318192039577,0.2114351003079761,0.5568627450980392,18020
enron,MLC_PA_Logistic,0.50,1,0.0,0.0,0.014238911028391575,0,1.0,18232,0.0,0,873,0.04788284335234752,0.9521171566476525,0.4450403036885595,0.5523026150206384,0.2105797509010404,0.565455450472872,0.0,0.0,0.0,0.0,0.0,,0,,0,0.04788284335234752,0.9521171566476525,0.2105797509010404,0.565455450472872,18232
enron,MLC_PA_Logistic,0.50,2,0.0,0.0,0.012484349218515387,0,1.0,17914,0.0,0,894,0.04990510215473931,0.9500948978452607,0.43173076923076925,0.5455547082766018,0.2301299393587241,0.5634765625,0.0,0.0,0.0,0.0,0.0,,0,,0,0.04990510215473931,0.9500948978452607,0.2301299393587241,0.5634765625,17914
enron,MLC_PA_Logistic,0.50,3,0.0,0.0,0.015162693273267386,0,1.0,18285,0.0,0,920,0.050314465408805034,0.949685534591195,0.43991498839324916,0.5512544782109999,0.22453563235135152,0.5572666025024061,0.0,0.0,0.0,0.0,0.0,,0,,0,0.050314465408805034,0.949685534591195,0.22453563235135152,0.5572666025024061,18285
enron,MLC_PA_Logistic,0.50,4,0.0,0.0,0.01441397375583447,0,1.0,17755,0.0,0,875,0.049281892424669106,0.9507181075753309,0.45144278606965177,0.5568672123896005,0.20558974546905534,0.5640259093173892,0.0,0.0,0.0,0.0,0.0,,0,,0,0.049281892424669106,0.9507181075753309,0.20558974546905534,0.5640259093173892,17755
enron,MLC_PA_Logistic,0.50,5,0.0,0.0,0.012837546655188107,0,1.0,18020,0.0,0,906,0.05027746947835738,0.9497225305216426,0.41450630252100845,0.5248425430778371,0.20909884919363278,0.5456369107321966,0.0,0.0,0.0,0.0,0.0,,0,,0,0.05027746947835738,0.9497225305216426,0.20909884919363278,0.5456369107321966,18020
enron,MLC_PA_MLP,0.20,1,0.999670908293111,1.0,0.1092941994465585,18226,0.0003290917068889864,6,1.0,3905,3905,0.1999341816586222,1.0,1.0,1.0,0.9622641509433962,1.0,0.2141838525669153,0.8317607714887966,0.7210137937247716,0.7920165597196882,0.712461229702609,0.16921655709647845,3905,0.21425436190058159,18226,0.0,1.0,0.018867924528301886,1.0,18232
enron,MLC_PA_MLP,0.20,2,0.9993859551189014,1.0,0.11198365511035074,17903,0.0006140448810985821,11,0.9992343032159265,3915,3918,0.20004465780953443,0.9998325332142458,0.9977810650887574,0.9987320371935756,0.9611542730299666,0.9986893840104849,0.21854415540917715,0.8405923657891847,0.7372533821036948,0.7968308832943711,0.7296595332642162,0.16332538606002697,3915,0.2186784337820477,17903,0.2727272727272727,0.7272727272727273,0.033381712626995644,0.8421052631578947,17914
enron,MLC_PA_MLP,0.20,3,0.9995624829094887,1.0,0.1038813604016465,18277,0.0004375170905113481,8,0.9997351694915254,3775,3776,0.19996718621821163,0.9999453103636861,0.9995169082125605,0.9997364953886693,0.9618941916389198,0.9995680345572354,0.2064533770850424,0.8313144247829267,0.7218136270304096,0.792113669954017,0.7133676564854018,0.16843281279002406,3775,0.20654374350276303,18277,0.125,0.875,0.017152658662092625,0.9090909090909091,18285
enron,MLC_PA_MLP,0.20,4,0.9805688538439876,1.0,0.09734748755481355,17410,0.01943114615601239,345,0.9994609164420485,3708,3710,0.19622641509433963,0.9998873556744579,0.9988059701492538,0.9993366500829187,0.9430262671106179,0.9991341991341991,0.2088425795550548,0.834516671505258,0.7284323364922228,0.7926377792904669,0.7200825085006973,0.15152253738500468,3708,0.21298104537622056,17410,0.005797101449275362,0.9942028985507246,0.017874875868917575,0.9,17755
enron,MLC_PA_MLP,0.20,5,0.9996115427302996,1.0,0.10321598296673987,18013,0.00038845726970033296,7,1.0,3761,3761,0.19992230854605994,1.0,1.0,1.0,0.9433962264150944,1.0,0.20871254162042174,0.8412252041929014,0.7374367431414656,0.7940119927261966,0.7284524501258958,0.14755151221133717,3761,0.2087936490312552,18013,0.0,1.0,0.018867924528301886,1.0,18020
enron,MLC_PA_MLP,0.25,1,0.9973124177270732,1.0,0.1092941994465585,18183,0.0026875822729267224,49,0.9994878361075544,3903,3905,0.24943780166739798,0.9998903027643703,0.9988372093023257,0.9993540051679587,0.9615384615384615,0.9991319444444444,0.2140741553312856,0.8305979807911222,0.7203677988927303,0.7912908703147534,0.7115931741470534,0.16678273390793824,3903,0.2146510476819007,18183,0.04081632653061224,0.9591836734693877,0.03638814016172507,0.9333333333333333,18232
enron,MLC_PA_MLP,0.25,2,0.9967064865468349,1.0,0.11198365511035074,17855,0.0032935134531651223,59,0.9987238386932108,3913,3918,0.249455732946299,0.9997208886904098,0.9967455621301774,0.9980863153940076,0.9607769145394007,0.9978175469227412,0.2184325108853411,0.8395568628306047,0.7366076603041268,0.7964535248038053,0.7287876961764725,0.15903251475641728,3913,0.2191542985158219,17855,0.0847457627118644,0.9152542372881356,0.053055958716336074,0.9090909090909091,17914
enron,MLC_PA_MLP,0.25,3,0.9981405523653267,1.0,0.1038813604016465,18251,0.0018594476346732295,34,0.9989406779661016,3772,3776,0.24975389663658737,0.9997812414547443,0.997487922705314,0.9985862768471464,0.9610093440814356,0.998274374460742,0.2062893081761007,0.8292854392756802,0.7206634084888868,0.7912288223965328,0.7120739963889083,0.1672870934448795,3772,0.2066736069256479,18251,0.11764705882352941,0.8823529411764706,0.03206128528869343,0.8461538461538461,18285
enron,MLC_PA_MLP,0.25,4,0.9792171219374824,1.0,0.09734748755481355,17386,0.0207828780625176,369,0.9991913746630727,3707,3710,0.24497324697268374,0.9998310335116869,0.9982089552238805,0.999004975124378,0.9426705370101596,0.9987018606663782,0.20878625739228385,0.8339196565798848,0.7281006615336821,0.7922820491900086,0.7196501700328765,0.15135058086288378,3707,0.21321753134706084,17386,0.008130081300813009,0.991869918699187,0.036020583190394515,0.88,17755
enron,MLC_PA_MLP,0.25,5,0.9982796892341842,1.0,0.10321598296673987,17989,0.0017203107658157603,31,0.9989364530709918,3757,3761,0.24979189789123196,0.9997780244173141,0.9973039215686276,0.9984568372803666,0.9421414195531337,0.9982547993019197,0.20849056603773586,0.8385291257615289,0.7358935804218322,0.7927571858642359,0.7267072494278155,0.14713443229259163,3757,0.20884985268775363,17989,0.12903225806451613,0.8709677419354839,0.016406890894175553,0.8333333333333334,18020
enron,MLC_PA_MLP,0.30,1,0.989633611232997,1.0,0.1092941994465585,18043,0.010366388767003071,189,0.9971830985915493,3894,3905,0.2974934181658622,0.9993966652040368,0.9939161129568106,0.9965162098883029,0.9581990336707319,0.99524015577672,0.2135805177709521,0.8256768844456072,0.7175300036130745,0.7879514424470239,0.707701385479329,0.16361136337323318,3894,0.21581776866374772,18043,0.0582010582010582,0.9417989417989419,0.10918313866427073,0.835820895522388,18232
enron,MLC_PA_MLP,0.30,2,0.9893379479736519,1.0,0.11198365511035074,17723,0.010662052026348108,191,0.9974476773864216,3908,3918,0.2973596070112761,0.9994417773808195,0.9937869822485207,0.9963803290726369,0.9587177038432749,0.9956445993031359,0.21815339957575086,0.836598282948948,0.7349016739827561,0.7943943141076795,0.7266147485568673,0.15881939794462913,3908,0.2205044292726965,17723,0.05235602094240838,0.9476439790575917,0.08359538784067086,0.8611111111111112,17914
enron,MLC_PA_MLP,0.30,3,0.992616899097621,1.0,0.1038813604016465,18150,0.007383100902378999,135,0.9989406779661016,3772,3776,0.29800382827454197,0.9997812414547443,0.997487922705314,0.9985862768471464,0.9610093440814356,0.998274374460742,0.2062893081761007,0.8292854392756802,0.7206634084888868,0.7912288223965328,0.7120739963889083,0.1657486154913072,3772,0.2078236914600551,18150,0.02962962962962963,0.9703703703703703,0.05263157894736842,0.9,18285
enron,MLC_PA_MLP,0.30,4,0.9720078851027879,1.0,0.09734748755481355,17258,0.027992114897212053,497,0.9964959568733154,3697,3710,0.29233455364685995,0.9992678118839764,0.9918407960199005,0.9952247420904138,0.9374417090694934,0.994394135403191,0.20822303576457335,0.8275514973759047,0.7243204284997179,0.7870532212493424,0.7153424447696892,0.14961738606283445,3697,0.21421949240931742,17258,0.026156941649899398,0.9738430583501007,0.04263241999091056,0.723404255319149,17755
enron,MLC_PA_MLP,0.30,5,0.9917314095449501,1.0,0.10321598296673987,17871,0.008268590455049945,149,0.9976070194097314,3752,3761,0.29801886792452836,0.9995005549389567,0.9945518207282914,0.9968928783634667,0.9380359071437423,0.996078431372549,0.20821309655937847,0.8357770249211928,0.7343296215049323,0.7886516734548445,0.7245308814984448,0.14351663660586697,3752,0.2099490795142969,17871,0.06040268456375839,0.9395973154362416,0.1004740217492332,0.8571428571428571,18020
enron,MLC_PA_MLP,0.35,1,0.9586441421676174,1.0,0.1092941994465585,17478,0.041355857832382624,754,0.9887323943661972,3861,3905,0.3379387889425186,0.9975866608161474,0.9757555832410484,0.9858708085673454,0.937109297572581,0.9811965811965812,0.21177051338306274,0.807516354729845,0.706884602292117,0.766861706348873,0.6936578108991902,0.15696007140771656,3861,0.22090628218331618,17478,0.058355437665782495,0.9416445623342176,0.18248891323253144,0.7317073170731707,18232
enron,MLC_PA_MLP,0.35,2,0.9581891258233783,1.0,0.11198365511035074,17165,0.04181087417662164,749,0.9920877998979071,3887,3918,0.33709668415764205,0.9982695098805403,0.9806248238940546,0.9882164186897915,0.9504704863749006,0.9865858935525746,0.21698113207547165,0.8234361245944819,0.7267377635999107,0.7861470966393052,0.7175560428063059,0.15502176681247865,3887,0.22644916982231283,17165,0.04138851802403204,0.9586114819759679,0.18334762721555173,0.7947019867549668,17914
enron,MLC_PA_MLP,0.35,3,0.9610062893081761,1.0,0.1038813604016465,17572,0.0389937106918239,713,0.9904661016949152,3740,3776,0.33832102816516263,0.998031173092699,0.9796146767885899,0.9876883559748011,0.9295300330580517,0.9846285226302306,0.2045392398140553,0.8114121933589562,0.7097654876165415,0.759749511373149,0.698428144558397,0.16185588627910694,3740,0.21283860687457318,17572,0.05049088359046283,0.9495091164095372,0.18945792153339322,0.7272727272727273,18285
enron,MLC_PA_MLP,0.35,4,0.9397916079977471,1.0,0.09734748755481355,16686,0.060208392002252885,1069,0.9900269541778975,3673,3710,0.33101098282174035,0.9979160799774711,0.9758315565031982,0.9853903641963343,0.9253451500157432,0.9841812740487388,0.20687130385806807,0.8115422578592024,0.7144860506056384,0.7749566621955922,0.705129583415237,0.14610940507309977,3673,0.2201246553997363,16686,0.03461178671655753,0.9653882132834425,0.16998585163842156,0.7175572519083969,17755
enron,MLC_PA_MLP,0.35,5,0.9574916759156493,1.0,0.10321598296673987,17254,0.04250832408435072,766,0.9925551714969423,3733,3761,0.33667591564927857,0.9984461709211987,0.9838095238095237,0.9902026568203038,0.9280616805363936,0.9878577623590633,0.20715871254162044,0.825034728002425,0.7276393999617694,0.778677446847496,0.7163102124849592,0.13788302368228517,3733,0.21635562768053784,17254,0.03655352480417755,0.9634464751958225,0.17556481524832102,0.7941176470588235,18020
enron,MLC_PA_MLP,0.40,1,0.8361671785870997,1.0,0.1092941994465585,15245,0.1638328214129004,2987,0.9587708066581306,3744,3905,0.34329749890302763,0.9911693725318123,0.9082410483573276,0.9439355218424985,0.8365345902036657,0.932888703626511,0.20535322509872755,0.7400018198461241,0.6649493155672701,0.6662869989799577,0.6453499333291199,0.15859366989269505,3744,0.24558871761233192,15245,0.05390023434884499,0.9460997656511551,0.21877474517899587,0.628175519630485,18232
enron,MLC_PA_MLP,0.40,2,0.8275650329351345,1.0,0.11198365511035074,14825,0.17243496706486547,3089,0.9563552833078101,3747,3918,0.3405716199620409,0.9904543932120129,0.894626420587959,0.93393353030927,0.8301594025820244,0.9286012526096034,0.20916601540694424,0.7374377212883862,0.6724548752193892,0.6658360128464289,0.6595714018633347,0.14035638856178145,3747,0.2527487352445194,14825,0.055357720945289735,0.9446422790547102,0.23147730725536209,0.6545454545454545,17914
enron,MLC_PA_MLP,0.40,3,0.8289855072463768,1.0,0.1038813604016465,15158,0.17101449275362318,3127,0.9597457627118644,3624,3776,0.33990702761826636,0.9916871752802844,0.9135319028797289,0.9466405584066103,0.8355875814550077,0.9369817578772802,0.19819524200164074,0.7453294194500951,0.6687176900483507,0.6658070597701049,0.6507813798054466,0.15334401816035925,3624,0.23908167304393718,15158,0.04860889031020147,0.9513911096897986,0.3041453498504144,0.6545454545454545,18285
enron,MLC_PA_MLP,0.40,4,0.8058011827654182,1.0,0.09734748755481355,14307,0.1941988172345818,3448,0.9595687331536388,3560,3710,0.33076879752182486,0.9915516755843424,0.906159677801469,0.940526030223595,0.8004218663438064,0.9370805369127517,0.20050689946493938,0.7418703791574732,0.6696217166328992,0.6500333785236554,0.65802884627925,0.13096077401617795,3560,0.24882924442580556,14307,0.043503480278422275,0.9564965197215777,0.22697530377145436,0.6636771300448431,17755
enron,MLC_PA_MLP,0.40,5,0.8246947835738069,1.0,0.10321598296673987,14861,0.17530521642619312,3159,0.9617123105557033,3617,3761,0.33786903440621535,0.9920088790233075,0.9062079831932774,0.9398572669160905,0.8209620420843452,0.9385140905209223,0.20072142064372922,0.7474331873861788,0.6772940100575561,0.6715778083954476,0.6669665406468182,0.13086895039408833,3617,0.2433887356167149,14861,0.045584045584045586,0.9544159544159544,0.25066875934520566,0.6381909547738693,18020
enron,MLC_PA_MLP,0.50,1,0.0,0.0,0.1092941994465585,0,1.0,18232,0.0,0,3905,0.2141838525669153,0.7858161474330847,0.1682392285112034,0.2789862062752284,0.17024759122370803,0.287538770297391,0.0,0.0,0.0,0.0,0.0,,0,,0,0.2141838525669153,0.7858161474330847,0.17024759122370803,0.287538770297391,18232
enron,MLC_PA_MLP,0.50,2,0.0,0.0,0.11198365511035074,0,1.0,17914,0.0,0,3918,0.21871162219493134,0.7812883778050687,0.15718869929957274,0.2614786550898808,0.16432338973559546,0.2690298507462687,0.0,0.0,0.0,0.0,0.0,,0,,0,0.21871162219493134,0.7812883778050687,0.16432338973559546,0.2690298507462687,17914
enron,MLC_PA_MLP,0.50,3,0.0,0.0,0.1038813604016465,0,1.0,18285,0.0,0,3776,0.2065080667213563,0.7934919332786436,0.16820248342963376,0.27792286835825963,0.16978052168490276,0.2862003780718336,0.0,0.0,0.0,0.0,0.0,,0,,0,0.2065080667213563,0.7934919332786436,0.16978052168490276,0.2862003780718336,18285
enron,MLC_PA_MLP,0.50,4,0.0,0.0,0.09734748755481355,0,1.0,17755,0.0,0,3710,0.208955223880597,0.791044776119403,0.16428929864399577,0.2709043135906959,0.15038848782015102,0.27905169063350177,0.0,0.0,0.0,0.0,0.0,,0,,0,0.208955223880597,0.791044776119403,0.15038848782015102,0.27905169063350177,17755
enron,MLC_PA_MLP,0.50,5,0.0,0.0,0.10321598296673987,0,1.0,18020,0.0,0,3761,0.20871254162042174,0.7912874583795783,0.15877479580709866,0.26256325685853443,0.1493842336888977,0.2715475498741042,0.0,0.0,0.0,0.0,0.0,,0,,0,0.20871254162042174,0.7912874583795783,0.1493842336888977,0.2715475498741042,18020
enron,GSI_MLC_PA_Logistic,0.20,1,0.045359806932865294,0.8662790697674418,0.01380323433748883,827,0.9546401930671347,17405,0.3624856156501726,315,869,0.03945809565598948,0.9696138657305836,0.6299880029531192,0.726431546489686,0.3292731735599688,0.7260138476755688,0.017277314611671812,0.18739094400431605,0.18090260030667005,0.12161718584610792,0.16073120635490845,0.31398258438171844,315,0.3808948004836759,827,0.03182993392703246,0.9681700660729675,0.16780255236634561,0.5840840840840841,18232
enron,GSI_MLC_PA_Logistic,0.20,2,0.044601987272524284,0.8846153846153846,0.012317898652888926,799,0.9553980127274757,17115,0.36271186440677966,321,885,0.0404041531762867,0.9685162442782181,0.5923511317742087,0.6928590640129102,0.3411002373148037,0.721618953603159,0.017918946075694997,0.1557222691838076,0.14619750729218195,0.10372164601555159,0.15522992861540785,0.28894773131939083,321,0.40175219023779724,799,0.032953549517966696,0.9670464504820333,0.18692657178700062,0.5918958031837916,17914
enron,GSI_MLC_PA_Logistic,0.20,3,0.043970467596390485,0.8782608695652174,0.014920024570040772,804,0.9560295324036095,17481,0.34231200897867564,305,891,0.040842220399234345,0.9679518731200437,0.607147876278311,0.704761116500247,0.331530173158463,0.7110453648915187,0.016680339075745065,0.16065593826463387,0.14815268467442388,0.09968528892273515,0.1442004451054224,0.35043363841818703,305,0.3793532338308458,804,0.03352210971912362,0.9664778902808764,0.16444505465004036,0.5838068181818182,18285
enron,GSI_MLC_PA_Logistic,0.20,4,0.040664601520698396,0.8477611940298507,0.013999969526486565,722,0.9593353984793016,17033,0.3321878579610538,290,873,0.040968741199662075,0.9671641791044776,0.6049419568822554,0.7034598734598734,0.2762175366388454,0.7095166915794718,0.016333427203604645,0.1559026297085998,0.1492848776430865,0.07186479767009918,0.14798982066033572,0.3590310365062408,290,0.40166204986149584,722,0.03422767568836964,0.9657723243116304,0.17894952159353383,0.5808770668583753,17755
enron,GSI_MLC_PA_Logistic,0.20,5,0.04150943396226415,0.8441176470588235,0.012225440601721,748,0.9584905660377359,17272,0.3400447427293065,304,894,0.04104328523862375,0.967258601553829,0.5836286181139122,0.6837136229783288,0.29697564111984825,0.7079207920792079,0.016870144284128696,0.16118580765639595,0.15140852611440847,0.0848445267919121,0.15492079207920784,0.3688089383455012,304,0.40641711229946526,748,0.034159333024548405,0.9658406669754516,0.17396424018941722,0.5699708454810496,18020
enron,GSI_MLC_PA_Logistic,0.25,1,0.03652917946467749,0.8052325581395349,0.01380323433748883,666,0.9634708205353225,17566,0.3037974683544304,264,869,0.04231570864414217,0.9668165862220273,0.5959516178266179,0.6954093467901608,0.31535080339937277,0.7000495785820525,0.014480035103115463,0.15335455887781474,0.1498804006071448,0.10769481568551187,0.13476693726139222,0.32494030512108774,264,0.3963963963963964,666,0.034441534783103724,0.9655584652168963,0.17142005873045368,0.5813148788927336,18232
enron,GSI_MLC_PA_Logistic,0.25,2,0.035335491794127497,0.8224852071005917,0.012317898652888926,633,0.9646645082058725,17281,0.2937853107344633,260,885,0.04372278664731495,0.9651110863012169,0.5632161641777026,0.6678333500818708,0.3224430005854395,0.6940773372491434,0.014513788098693747,0.12658730158730147,0.12117179336114259,0.08506440928618739,0.12768831226139232,0.31031379863590425,260,0.4107424960505529,633,0.036166888490249405,0.9638331115097506,0.18649696130758056,0.5830553702468312,17914
enron,GSI_MLC_PA_Logistic,0.25,3,0.035110746513535684,0.8318840579710145,0.014920024570040772,642,0.9648892534864643,17643,0.29068462401795736,259,891,0.04334153677878042,0.9654361498496035,0.5772272413576761,0.6790033316120273,0.30560661765201586,0.6861966236345581,0.014164615805304814,0.13073530334399897,0.12239489978620421,0.073761733416288,0.11935170384846183,0.3771682879795167,259,0.40342679127725856,642,0.035821572294961176,0.9641784277050388,0.1647700243294003,0.582010582010582,18285
enron,GSI_MLC_PA_Logistic,0.25,4,0.031990988453956634,0.7820895522388059,0.013999969526486565,568,0.9680090115460434,17187,0.27605956471935855,241,873,0.04359335398479302,0.9644043931286962,0.5768348732527836,0.6777716147865401,0.26099325411123636,0.6846307385229541,0.01357364122782323,0.12779554607912802,0.12359661896975327,0.05664051514249013,0.12310386760381797,0.37621698416540866,241,0.4242957746478873,568,0.03677197882120207,0.9632280211787979,0.1832268177348421,0.5836627140974967,17755
enron,GSI_MLC_PA_Logistic,0.25,5,0.03307436182019978,0.7735294117647059,0.012225440601721,596,0.9669256381798003,17424,0.28187919463087246,252,894,0.04389567147613763,0.9643729189789123,0.5525315126050421,0.6576139546727782,0.28016293993062497,0.6793206793206793,0.01398446170921197,0.13008870214752583,0.1253088578088578,0.0680318256026888,0.12632067932067925,0.32362397162459255,252,0.4228187919463087,596,0.03684573002754821,0.9631542699724518,0.19886187751768575,0.5714285714285714,18020
enron,GSI_MLC_PA_Logistic,0.30,1,0.02780824923211935,0.7354651162790697,0.01380323433748883,507,0.9721917507678807,17725,0.23590333716915995,205,869,0.044761956998683634,0.9635805177709522,0.5581539987789987,0.6581216022349744,0.27282483209793745,0.6676676676676677,0.011243966652040416,0.1155569398301956,0.11259265605195845,0.06516884438407655,0.10238502634700741,0.3500652770735873,205,0.40433925049309666,507,0.03746121297602257,0.9625387870239774,0.17630951142215417,0.5770700636942675,18232
enron,GSI_MLC_PA_Logistic,0.30,2,0.02718544155409177,0.7189349112426036,0.012317898652888926,487,0.9728145584459083,17427,0.22937853107344633,203,885,0.046226415094339626,0.9619292173718879,0.5320900253592562,0.6400140950436808,0.3017126610020191,0.6640394088669951,0.011331919169364713,0.09546116276885508,0.09335253832295254,0.06433406970276698,0.09765038387924396,0.33664279935466374,203,0.41683778234086244,487,0.03913467607735124,0.9608653239226488,0.19569882386833165,0.5753424657534246,17914
enron,GSI_MLC_PA_Logistic,0.30,3,0.02646978397593656,0.7072463768115942,0.014920024570040772,484,0.9735302160240634,17801,0.2244668911335578,200,891,0.045731473885698655,0.9622094613070823,0.5417084927954492,0.6475921180269006,0.29083852154161544,0.6574119980168567,0.010937927262783642,0.09521655478177204,0.09098368620107755,0.05899363730588758,0.09056707823076038,0.346720658681539,200,0.4132231404958678,484,0.038818043930116286,0.9611819560698838,0.17964791273702324,0.5809581564584597,18285
enron,GSI_MLC_PA_Logistic,0.30,4,0.02450014080540693,0.7253731343283583,0.013999969526486565,435,0.975499859194593,17320,0.21305841924398625,186,873,0.04604336806533371,0.9613066741762883,0.5446742478085762,0.6498657230000513,0.2435766560246493,0.6576980568011959,0.010475922275415384,0.09563492063492063,0.09569072718326443,0.039223917055903085,0.09617118588205975,0.3803906540875206,186,0.42758620689655175,435,0.03966512702078522,0.9603348729792148,0.18528545342540073,0.5761875385564467,17755
enron,GSI_MLC_PA_Logistic,0.30,5,0.025582685904550498,0.7264705882352941,0.012225440601721,461,0.9744173140954495,17559,0.2203579418344519,197,894,0.04635405105438402,0.9613207547169811,0.5249241363211952,0.6323136830489771,0.2564965940590356,0.6523690773067332,0.010932297447280748,0.10248132586367892,0.1000085861850567,0.044365479731099416,0.09936907730673317,0.3022746637327542,197,0.42733188720173537,461,0.039694743436414374,0.9603052565635857,0.19867681877888207,0.5668116842759477,18020
enron,GSI_MLC_PA_Logistic,0.35,1,0.02007459412022817,0.6598837209302325,0.01380323433748883,366,0.9799254058797718,17866,0.17031070195627157,148,869,0.04657196138657306,0.9604541465555068,0.5257654328875259,0.6264066117990537,0.2602105432725821,0.637506284565108,0.00811759543659496,0.08316837393872273,0.08087766561603771,0.05255455555872118,0.07222364324444774,0.33245487626755593,148,0.40437158469945356,366,0.04035598343221762,0.9596440165677824,0.18529950011713983,0.5710886377156454,18232
enron,GSI_MLC_PA_Logistic,0.35,2,0.020207658814335158,0.636094674556213,0.012317898652888926,362,0.9797923411856648,17552,0.16836158192090395,149,885,0.04815786535670426,0.958914815228313,0.5065018315018316,0.61470298275032,0.28241364732640645,0.6374384236453202,0.008317517025789867,0.06987296891143047,0.06804142602959173,0.045035056027154324,0.0710493986575691,0.38686558539499716,149,0.4116022099447514,362,0.041932543299908843,0.9580674567000912,0.19687148542524216,0.5700934579439252,17914
enron,GSI_MLC_PA_Logistic,0.35,3,0.019578889800382828,0.6231884057971014,0.014920024570040772,358,0.9804211101996172,17927,0.1717171717171717,153,891,0.04721356302980585,0.9596390484003281,0.5171053181922747,0.6225322020974194,0.2797896777279808,0.6353754940711462,0.008367514356029448,0.07061338017859753,0.06592377027159635,0.047944793492252946,0.06853057428504994,0.3452468885281385,153,0.4273743016759777,358,0.04116695487253863,0.9588330451274614,0.2000033000023556,0.5773195876288659,18285
enron,GSI_MLC_PA_Logistic,0.35,4,0.018192058575049283,0.6298507462686567,0.013999969526486565,323,0.9818079414249508,17432,0.16494845360824742,144,873,0.047426077161363,0.9589411433399042,0.5261276948590382,0.6292106898077048,0.22787596816568484,0.6371329019412643,0.00811039143903125,0.07708836768538263,0.07503569399091792,0.02352322919693861,0.07560603102212815,0.3400526398826159,144,0.4458204334365325,323,0.04181964203763194,0.958180357962368,0.1970246444116505,0.574430823117338,17755
enron,GSI_MLC_PA_Logistic,0.35,5,0.018035516093229745,0.6029411764705882,0.012225440601721,325,0.9819644839067703,17695,0.1610738255033557,144,894,0.04793285238623751,0.9583795782463929,0.49799836601307196,0.6069034886681945,0.24563040651046825,0.625,0.007991120976692523,0.07555555555555571,0.07459839180427419,0.03349929218253209,0.07199999999999995,0.2785985979040429,144,0.4430769230769231,325,0.04238485447866629,0.9576151455213338,0.2092966455961469,0.5629370629370629,18020
enron,GSI_MLC_PA_Logistic,0.40,1,0.013218516893374287,0.49127906976744184,0.01380323433748883,241,0.9867814831066257,17991,0.1093210586881473,95,869,0.04774023694602896,0.9575471698113207,0.490797501916688,0.5947272769220444,0.25079922086815437,0.6106639839034205,0.005210618692408908,0.04820044296788484,0.04919833073902846,0.04314323315429347,0.045381342582760165,0.32396380610385334,95,0.3941908713692946,241,0.04302151075537769,0.9569784892446223,0.19499344533377583,0.5666293393057111,18232
enron,GSI_MLC_PA_Logistic,0.40,2,0.012950764764988278,0.4822485207100592,0.012317898652888926,232,0.9870492352350118,17682,0.11412429378531073,101,885,0.048944959249748794,0.9562353466562465,0.4839215271907579,0.5941034967662187,0.25742112762497016,0.6134122287968442,0.005638048453723399,0.047292664600356804,0.047441940045490405,0.020042536325718036,0.047023203809093084,0.3323793138851618,101,0.4353448275862069,232,0.04433887569279493,0.9556611243072051,0.20487241178820076,0.5711159737417943,17914
enron,GSI_MLC_PA_Logistic,0.40,3,0.01252392671588734,0.47246376811594204,0.014920024570040772,229,0.9874760732841127,18056,0.09988776655443322,89,891,0.04887065901011758,0.9561389116762373,0.48448742079176865,0.5933524124828472,0.262521085745695,0.6053149606299213,0.004867377631938674,0.037995482778091505,0.03674398065702411,0.030676201509967138,0.03847004084382499,0.3667111562272853,89,0.388646288209607,229,0.04441736818785999,0.95558263181214,0.20899476054632515,0.5678879310344828,18285
enron,GSI_MLC_PA_Logistic,0.40,4,0.011996620670233738,0.46865671641791046,0.013999969526486565,213,0.9880033793297662,17542,0.12142038946162657,106,873,0.04799774711348916,0.9568009011546044,0.5035429992892679,0.6074486707322528,0.22349338461580256,0.6170743884173739,0.005970149253731405,0.054503672115612356,0.053273674915465974,0.019140645647056337,0.05554751749823783,0.3244459633933318,106,0.49765258215962443,213,0.043723634705278756,0.9562763652947213,0.19824918971711156,0.5741254858411994,17755
enron,GSI_MLC_PA_Logistic,0.40,5,0.012652608213096559,0.47058823529411764,0.012225440601721,228,0.9873473917869034,17792,0.12080536912751678,108,894,0.04867924528301887,0.9563817980022198,0.47951447245564893,0.5872033358798066,0.23538915402086275,0.6066066066066066,0.005993340732519448,0.05707166199813268,0.0548982390158862,0.023258039692926585,0.053606606606606544,0.29082068311195447,108,0.47368421052631576,228,0.0441771582733813,0.9558228417266187,0.20784238062387064,0.5613839285714286,18020
enron,GSI_MLC_PA_Logistic,0.50,1,0.0,0.0,0.01380323433748883,0,1.0,18232,0.0,0,869,0.0476634488810882,0.9523365511189118,0.44259705894880313,0.545528946183016,0.2076559877138609,0.5652826413206603,0.0,0.0,0.0,0.0,0.0,,0,,0,0.0476634488810882,0.9523365511189118,0.2076559877138609,0.5652826413206603,18232
enron,GSI_MLC_PA_Logistic,0.50,2,0.0,0.0,0.012317898652888926,0,1.0,17914,0.0,0,885,0.049402701797476835,0.9505972982025231,0.4366288625904011,0.5466615567207282,0.23737859129925212,0.5663890249877511,0.0,0.0,0.0,0.0,0.0,,0,,0,0.049402701797476835,0.9505972982025231,0.23737859129925212,0.5663890249877511,17914
enron,GSI_MLC_PA_Logistic,0.50,3,0.0,0.0,0.014920024570040772,0,1.0,18285,0.0,0,891,0.04872846595570139,0.9512715340442987,0.44649193801367715,0.5566084318258231,0.23184488423572785,0.5668449197860963,0.0,0.0,0.0,0.0,0.0,,0,,0,0.04872846595570139,0.9512715340442987,0.23184488423572785,0.5668449197860963,18285
enron,GSI_MLC_PA_Logistic,0.50,4,0.0,0.0,0.013999969526486565,0,1.0,17755,0.0,0,873,0.049169248099127004,0.950830751900873,0.4490393271736556,0.5541749958167869,0.20435273896874623,0.5615268709191361,0.0,0.0,0.0,0.0,0.0,,0,,0,0.049169248099127004,0.950830751900873,0.20435273896874623,0.5615268709191361,17755
enron,GSI_MLC_PA_Logistic,0.50,5,0.0,0.0,0.012225440601721,0,1.0,18020,0.0,0,894,0.04961154273029967,0.9503884572697003,0.42244281045751625,0.5323050968639204,0.21213111432793616,0.553,0.0,0.0,0.0,0.0,0.0,,0,,0,0.04961154273029967,0.9503884572697003,0.21213111432793616,0.553,18020
enron,GSI_MLC_PA_MLP,0.20,1,0.42310223782360684,1.0,0.022610442934871418,7714,0.5768977621763931,10518,0.8713998660415271,1301,1493,0.09515138218516894,0.9894690653795525,0.8804841234347047,0.923622693436035,0.569478138460434,0.9139013452914798,0.07135805177709531,0.5666093273651411,0.486272498031804,0.35996181627916346,0.43831300668944256,0.21699113364346145,1301,0.16865439460720769,7714,0.01825442099258414,0.9817455790074159,0.1752488270339497,0.6666666666666666,18232
enron,GSI_MLC_PA_MLP,0.20,2,0.43440884224628784,1.0,0.025336093995874814,7782,0.5655911577537122,10132,0.8773234200743495,1416,1614,0.09793457630903205,0.9889471921402255,0.8649196956889265,0.9123452155996534,0.6418926660528878,0.9108910891089109,0.07904432287596297,0.5873848538049722,0.511735535995891,0.45064406509371663,0.47365259538506155,0.19258609371539634,1416,0.18195836545875096,7782,0.019542045005921833,0.9804579549940782,0.1755847020871311,0.6721854304635762,17914
enron,GSI_MLC_PA_MLP,0.20,3,0.5809680065627564,1.0,0.040794036570456056,10623,0.4190319934372436,7662,0.927313769751693,2054,2215,0.12499863275909218,0.9911949685534591,0.8868989062467324,0.9271458091023309,0.7243000088670772,0.9273793414524132,0.11233251298878866,0.6996493527311942,0.638162181666018,0.5341045887632351,0.600427047316892,0.21306699896937473,2054,0.19335404311399793,10623,0.021012790394152964,0.9789872096058471,0.11936956129514509,0.6264501160092807,18285
enron,GSI_MLC_PA_MLP,0.20,4,0.429062235989862,1.0,0.025303147484232964,7618,0.570937764010138,10137,0.8740831295843521,1430,1636,0.0974148127288088,0.9883976344691636,0.8698649609097371,0.9179684250974857,0.587295336204175,0.9074573225516622,0.08054069276260212,0.6031103142297173,0.5334747761262248,0.40814035264806137,0.49132598779077713,0.18257304429616042,1430,0.18771331058020477,7618,0.02032159416000789,0.9796784058399921,0.1693100801881523,0.6448275862068965,17755
enron,GSI_MLC_PA_MLP,0.20,5,0.4204217536071032,1.0,0.020906295773980798,7576,0.5795782463928968,10444,0.8878688524590164,1354,1525,0.09357380688124306,0.9905105438401776,0.8821603641456582,0.9257464757464758,0.6100489273359029,0.9231460674157304,0.07513873473917865,0.5872248747984041,0.503440489249313,0.42153978289845684,0.459174186923639,0.18223265921649995,1354,0.17872228088701161,7576,0.016373037150517043,0.9836269628494829,0.1556049340904429,0.6208425720620843,18020
enron,GSI_MLC_PA_MLP,0.25,1,0.3442847740236946,1.0,0.022610442934871418,6277,0.6557152259763054,11955,0.8211654387139986,1226,1493,0.10071577446248355,0.9853554190434402,0.828789718033904,0.8882618673316348,0.5077934303440792,0.8794582392776523,0.06724440544098298,0.5149149219643405,0.45091167192740383,0.2982771081628086,0.40386990067561507,0.23296201576269723,1226,0.19531623386968297,6277,0.02233375156838143,0.9776662484316185,0.1793047313699027,0.6454183266932271,18232
enron,GSI_MLC_PA_MLP,0.25,2,0.3713855085408061,1.0,0.025336093995874814,6653,0.6286144914591939,11261,0.8215613382899628,1326,1614,0.10892318856760076,0.9839231885676007,0.804179581102658,0.8708754920293382,0.5530734239084439,0.869683257918552,0.07402031930333819,0.5266447392187037,0.47026581242557586,0.3618248229492728,0.4324447641947027,0.19451421636072833,1326,0.19930858259431836,6653,0.025574993339845486,0.9744250066601545,0.1821425279602501,0.6363636363636364,17914
enron,GSI_MLC_PA_MLP,0.25,3,0.5340442986054142,1.0,0.040794036570456056,9765,0.46595570139458575,8520,0.8993227990970655,1992,2215,0.14570686354935738,0.9878042111019961,0.8465348097956793,0.9002631488053483,0.7007190580023366,0.8989578613502492,0.10894175553732566,0.6592852562801411,0.6112795213690354,0.5105236378984944,0.5720055672147282,0.22266661661004186,1992,0.20399385560675884,9765,0.026173708920187794,0.9738262910798122,0.12677795401063016,0.6053097345132743,18285
enron,GSI_MLC_PA_MLP,0.25,4,0.35871585468882006,1.0,0.025303147484232964,6369,0.6412841453111799,11386,0.8251833740831296,1350,1636,0.10578710222472543,0.9838918614474795,0.8196624022743425,0.8820066754043927,0.5433001349361473,0.8702359346642469,0.07603491974091803,0.5529077555943227,0.49751302643313183,0.36414515138003367,0.45410459990336177,0.1887643598052123,1350,0.2119642016015073,6369,0.025118566660811522,0.9748814333391885,0.17283338939095444,0.6285714285714286,17755
enron,GSI_MLC_PA_MLP,0.25,5,0.3518312985571587,1.0,0.020906295773980798,6340,0.6481687014428413,11680,0.8518032786885246,1299,1525,0.10049944506104329,0.9874583795782463,0.8396673669467788,0.8955760416054533,0.5461912643430898,0.897737556561086,0.07208657047724742,0.5447318775995247,0.47327005510829045,0.3576821199056438,0.43376567606899463,0.19372484365659332,1299,0.20488958990536277,6340,0.01934931506849315,0.9806506849315069,0.15423240576673966,0.6007067137809188,18020
enron,GSI_MLC_PA_MLP,0.30,1,0.2808797718297499,1.0,0.022610442934871418,5121,0.7191202281702501,13111,0.7709310113864702,1151,1493,0.10302215884159718,0.9812417727073278,0.7850881676463072,0.857554428775359,0.4666259314144175,0.845108695652174,0.06313075910487065,0.47121337157674364,0.42020423337112806,0.25710960923314685,0.3695203570501367,0.27749216816371697,1151,0.22476078890841633,5121,0.026084966821752726,0.9739150331782472,0.19359527510625146,0.6524390243902439,18232
enron,GSI_MLC_PA_MLP,0.30,2,0.3137211119794574,1.0,0.025336093995874814,5620,0.6862788880205426,12294,0.7707558859975217,1244,1614,0.1147705705035168,0.9793457630903204,0.7497205785667325,0.8310394569270309,0.499146813825172,0.8318181818181818,0.06944289382605784,0.47218573668277813,0.4304297773232685,0.3078982128660009,0.3945796880943324,0.2030470163271012,1244,0.22135231316725978,5620,0.030095981779729948,0.9699040182202701,0.1739223093480652,0.6358267716535433,17914
enron,GSI_MLC_PA_MLP,0.30,3,0.49231610609789445,1.0,0.040794036570456056,9002,0.5076838939021056,9283,0.8623024830699775,1910,2215,0.1643751709051135,0.9833196609242548,0.7895867578476274,0.8602645587313779,0.669804622197212,0.8609211126310989,0.10445720535958436,0.6023372043320893,0.571280931295065,0.4796092020933699,0.5339688184955778,0.2372209144536478,1910,0.2121750722061764,9002,0.032855757836906176,0.9671442421630938,0.1370412587903816,0.6064516129032258,18285
enron,GSI_MLC_PA_MLP,0.30,4,0.3058856660095748,1.0,0.025303147484232964,5431,0.6941143339904252,12324,0.773838630806846,1266,1636,0.11260490002816109,0.9791607997747114,0.7687846481876333,0.8431256637226787,0.5054583133265381,0.8305860805860806,0.07130385806814987,0.5020300015076135,0.45863201475141785,0.32630332977042453,0.41445474582519554,0.20809782418718778,1266,0.2331062419443933,5431,0.03002271989613762,0.9699772801038624,0.17380685038791083,0.6105263157894737,17755
enron,GSI_MLC_PA_MLP,0.30,5,0.2938956714761376,1.0,0.020906295773980798,5296,0.7061043285238624,12724,0.8091803278688524,1234,1525,0.10431742508324084,0.9838512763596005,0.7944035947712419,0.8657298257298257,0.47849239804810084,0.8674259681093394,0.06847946725860155,0.49946810542398784,0.4434238392326628,0.2899832536106548,0.403454087617248,0.2136068960096091,1234,0.2330060422960725,5296,0.02287016661427224,0.9771298333857278,0.1726143907630085,0.5824964131994261,18020
enron,GSI_MLC_PA_MLP,0.35,1,0.22767661254936375,1.0,0.022610442934871418,4151,0.7723233874506362,14081,0.7119892833221702,1063,1493,0.10327172005265467,0.9764150943396226,0.7300274902745832,0.8177334616288107,0.4344441515968608,0.8063063063063063,0.05830408073716542,0.4161526942050197,0.3803832662245797,0.22492782941559017,0.33071796770426903,0.2751557178047558,1063,0.2560828715972055,4151,0.030537603863361976,0.969462396136638,0.19937157382798076,0.6446280991735537,18232
enron,GSI_MLC_PA_MLP,0.35,2,0.2604666741096349,1.0,0.025336093995874814,4666,0.739533325890365,13248,0.7057001239157373,1139,1614,0.11767891034944736,0.9734844255889249,0.6787322720015028,0.773802709453597,0.4522963844062327,0.7832040164308535,0.06358155632466234,0.40119743011754844,0.3731930298498346,0.2610477834470616,0.3459655227070041,0.199650104806952,1139,0.24410630090012858,4666,0.035854468599033816,0.9641455314009661,0.1914018039790041,0.6160064672594988,17914
enron,GSI_MLC_PA_MLP,0.35,3,0.4434235712332513,1.0,0.040794036570456056,8108,0.5565764287667487,10177,0.801354401805869,1775,2215,0.17926168990976207,0.9759365600218759,0.6613293389380346,0.751863237593484,0.6193207303483618,0.7961075069508804,0.09707410445720543,0.4740797854224964,0.46287961015717105,0.4291253102445196,0.46915521281535927,0.22119339584308625,1775,0.21891958559447458,8108,0.043234745013265206,0.9567652549867348,0.16066426343261933,0.5703125,18285
enron,GSI_MLC_PA_MLP,0.35,4,0.25147845677274006,1.0,0.025303147484232964,4465,0.74852154322726,13290,0.7127139364303179,1166,1636,0.11448887637285271,0.9735285834976063,0.6900319829424307,0.778297208595716,0.46218526018395845,0.7820037105751392,0.06567164179104479,0.42327733626241093,0.3938035596244552,0.28303027662784486,0.3658723758142541,0.21748915791680204,1166,0.2611422172452408,4465,0.035364936042136946,0.964635063957863,0.18132092864389696,0.601018675721562,17755
enron,GSI_MLC_PA_MLP,0.35,5,0.2519422863485017,1.0,0.020906295773980798,4540,0.7480577136514983,13480,0.759344262295082,1158,1525,0.10854605993340732,0.9796337402885683,0.7439367413632119,0.8273632250102838,0.4407701287962078,0.8315741165672327,0.0642619311875694,0.4490012520159578,0.4050572385131209,0.25226098435876176,0.3676022360751413,0.24481569532555872,1158,0.2550660792951542,4540,0.027225519287833826,0.9727744807121662,0.17640055251890246,0.5737514518002322,18020
enron,GSI_MLC_PA_MLP,0.40,1,0.16909828872312418,1.0,0.022610442934871418,3083,0.8309017112768758,15149,0.6128600133958473,915,1493,0.09934181658622203,0.9682974989030276,0.6453698675355652,0.7495897836014117,0.36582129075788183,0.7424242424242424,0.05018648530057046,0.3314950714660017,0.31223958819718073,0.15630496857661122,0.2668359038222052,0.3156203415415855,915,0.296788842036977,3083,0.038154333619380816,0.9618456663806192,0.19722948895078002,0.619235836627141,18232
enron,GSI_MLC_PA_MLP,0.40,2,0.19119124706933124,1.0,0.025336093995874814,3425,0.8088087529306688,14489,0.6177199504337051,997,1614,0.11091883443117115,0.9655576643965613,0.583375598760214,0.6947060007710895,0.3873828210755273,0.7189066059225513,0.05565479513229876,0.3058407568762597,0.2940963211673271,0.19613422011635617,0.2816681121987019,0.19424103665480033,997,0.2910948905109489,3425,0.042584029263579265,0.9574159707364207,0.19443182101129916,0.6032154340836012,17914
enron,GSI_MLC_PA_MLP,0.40,3,0.3622094613070823,1.0,0.040794036570456056,6623,0.6377905386929177,11662,0.7259593679458239,1608,2215,0.17808039376538148,0.9668033907574515,0.5386939791287618,0.6427981377341991,0.5472351030337335,0.7164876226062588,0.08794093519278101,0.35144442561322364,0.35381451029788624,0.3570396829298913,0.38953532847073763,0.18368651248566106,1608,0.24279027630982938,6623,0.052049391185045445,0.9479506088149545,0.24285011650748736,0.5425772418990203,18285
enron,GSI_MLC_PA_MLP,0.40,4,0.19960574486060265,1.0,0.025303147484232964,3544,0.8003942551393973,14211,0.6265281173594132,1025,1636,0.11425513939735285,0.9655871585468883,0.5608516939113954,0.6632032478301134,0.40930941522111663,0.7116564417177914,0.057730216840326753,0.29409704723137564,0.27870959885885255,0.23015443166500302,0.2955251069569063,0.22094687716061132,1025,0.2892212189616253,3544,0.042994863134191826,0.9570051368658081,0.1910020179547792,0.5846363018354861,17755
enron,GSI_MLC_PA_MLP,0.40,5,0.20416204217536071,1.0,0.020906295773980798,3679,0.7958379578246393,14341,0.6878688524590164,1049,1525,0.10807991120976693,0.9735849056603774,0.6624906629318393,0.7580532212885153,0.4031124598300757,0.78125,0.05821309655937845,0.3675551735845853,0.3357472347913524,0.21460331539262967,0.31727811950790863,0.22588614353245146,1049,0.2851318293014406,3679,0.03319154870650582,0.9668084512934941,0.1825590456468088,0.5672727272727273,18020
enron,GSI_MLC_PA_MLP,0.50,1,0.0,0.0,0.022610442934871418,0,1.0,18232,0.0,0,1493,0.08188898639754279,0.9181110136024572,0.31387479606956353,0.437350195404231,0.20951632218127061,0.47558833860203725,0.0,0.0,0.0,0.0,0.0,,0,,0,0.08188898639754279,0.9181110136024572,0.20951632218127061,0.47558833860203725,18232
enron,GSI_MLC_PA_MLP,0.50,2,0.0,0.0,0.025336093995874814,0,1.0,17914,0.0,0,1614,0.09009713073573741,0.9099028692642626,0.27753484188395433,0.40060967960376237,0.19124860095917112,0.4372384937238494,0.0,0.0,0.0,0.0,0.0,,0,,0,0.09009713073573741,0.9099028692642626,0.19124860095917112,0.4372384937238494,17914
enron,GSI_MLC_PA_MLP,0.50,3,0.0,0.0,0.040794036570456056,0,1.0,18285,0.0,0,2215,0.12113754443532951,0.8788624555646705,0.18724955351553818,0.2889836274363129,0.19019542010384213,0.3269522941355211,0.0,0.0,0.0,0.0,0.0,,0,,0,0.12113754443532951,0.8788624555646705,0.19019542010384213,0.3269522941355211,18285
enron,GSI_MLC_PA_MLP,0.50,4,0.0,0.0,0.025303147484232964,0,1.0,17755,0.0,0,1636,0.09214305829343847,0.9078569417065615,0.2667546466800198,0.38449364897126087,0.17915498355611362,0.4161313347608851,0.0,0.0,0.0,0.0,0.0,,0,,0,0.09214305829343847,0.9078569417065615,0.17915498355611362,0.4161313347608851,17755
enron,GSI_MLC_PA_MLP,0.50,5,0.0,0.0,0.020906295773980798,0,1.0,18020,0.0,0,1525,0.08462819089900112,0.9153718091009989,0.29493548934725405,0.4223059864971629,0.18850914443744604,0.46397188049209137,0.0,0.0,0.0,0.0,0.0,,0,,0,0.08462819089900112,0.9153718091009989,0.18850914443744604,0.46397188049209137,18020
enron,MLC_PA_SVM,0.20,1,0.08293111013602457,1.0,0.009919166625621471,1512,0.9170688898639754,16720,0.5269526952695269,479,909,0.04017112768758228,0.9764150943396226,0.6626384274640088,0.7598340128863385,0.18271743396570292,0.7722457627118644,0.026272487933304056,0.35689847942754915,0.3470940719487231,0.11057555092334198,0.3168832702013791,0.23835819275573294,479,0.3167989417989418,1512,0.025717703349282296,0.9742822966507177,0.05482182658080406,0.16015625,18232
enron,MLC_PA_SVM,0.20,2,0.08094227978117673,1.0,0.010688016514772553,1450,0.9190577202188233,16464,0.5529661016949152,522,944,0.039745450485653686,0.9764430054705817,0.6528247393632008,0.7468278598456113,0.17631457363840297,0.7757704569606801,0.029139220721223658,0.3553970602047525,0.3474125315841292,0.10824979607894887,0.3465080627647914,0.20269484150797804,522,0.36,1450,0.025631681243926143,0.9743683187560739,0.06743842351147983,0.2673611111111111,17914
enron,MLC_PA_SVM,0.20,3,0.07847962811047307,1.0,0.010779349751182377,1435,0.921520371889527,16850,0.5026455026455027,475,945,0.04140005468963631,0.9742958709324583,0.6355409164104816,0.7379459992503471,0.17206421212796724,0.7497337593184239,0.025977577249111317,0.32550745550745547,0.3238190151233629,0.10624615754092823,0.30791450355941624,0.18275651314061628,475,0.3310104529616725,1435,0.027893175074183978,0.972106824925816,0.06235571455832593,0.23948220064724918,18285
enron,MLC_PA_SVM,0.20,4,0.0814418473669389,1.0,0.010465638266926168,1446,0.9185581526330611,16309,0.5255157437567861,484,921,0.04090115460433681,0.975387214869051,0.6572814498933902,0.7536896436896438,0.18096030584370515,0.7703625853914872,0.02725992678118838,0.34812366737739875,0.34219452189601446,0.10903276220936708,0.3275313694205253,0.21630685178454578,484,0.334716459197787,1446,0.02679502115396407,0.973204978846036,0.05710830050452692,0.23734729493891799,17755
enron,MLC_PA_SVM,0.20,5,0.0827968923418424,1.0,0.00984845529566136,1492,0.9172031076581576,16528,0.5398512221041445,508,941,0.040588235294117654,0.9759711431742508,0.6515627917833801,0.7472555549026138,0.19108789659689127,0.7690666666666667,0.028190899001109826,0.3777509337068161,0.37329281829281835,0.11024647235579475,0.3438986764406435,0.23450056481037437,508,0.34048257372654156,1492,0.026197967086156824,0.9738020329138432,0.06611159835355174,0.19666048237476808,18020
enron,MLC_PA_SVM,0.25,1,0.07366169372531813,1.0,0.009919166625621471,1343,0.9263383062746818,16889,0.48734873487348734,443,909,0.043974879333040805,0.9744405440982887,0.6351903910043444,0.7362629618443571,0.1556406806031952,0.7491926803013994,0.024297937691970195,0.3294504429678847,0.3235230209067418,0.08349879756083425,0.2938301877909141,0.26358118946179343,443,0.3298585256887565,1343,0.027591923737343833,0.9724080762626561,0.06654586362847026,0.24838709677419354,18232
enron,MLC_PA_SVM,0.25,2,0.07206654013620632,1.0,0.010688016514772553,1291,0.9279334598637937,16623,0.5127118644067796,484,944,0.043694875516355924,0.9743217595176956,0.6198119188503803,0.7180612122919815,0.1560167367214993,0.7516198704103672,0.02701797476833756,0.322384239691932,0.3186458840304994,0.08795195916204519,0.3223574762144784,0.21135575958524702,484,0.37490317583268784,1291,0.02767250195512242,0.9723274980448776,0.06840240056453832,0.31547619047619047,17914
enron,MLC_PA_SVM,0.25,3,0.06940114848236259,1.0,0.010779349751182377,1269,0.9305988515176374,17016,0.4624338624338624,437,945,0.04513262236806125,0.9722176647525294,0.6128494050233181,0.7177789038658604,0.15005586919116384,0.7283422459893049,0.023899371069182385,0.30281594412029195,0.30365191973887623,0.08423781460412483,0.2865229902302972,0.20156387206224427,437,0.34436564223798266,1269,0.029854254818993887,0.9701457451810062,0.06284149869445037,0.3079019073569482,18285
enron,MLC_PA_SVM,0.25,4,0.07197972402140242,1.0,0.010465638266926168,1278,0.9280202759785976,16477,0.4809989142236699,443,921,0.0449169248099127,0.9730780061954379,0.623045486851457,0.7239696456114366,0.15590756679976872,0.7460148777895855,0.02495071810757532,0.31388770433546553,0.3124745238178073,0.08398002316543066,0.30318366181862366,0.2333864962020987,443,0.34663536776212833,1278,0.029010135340171148,0.9709898646598288,0.06385735006994725,0.3032069970845481,17755
enron,MLC_PA_SVM,0.25,5,0.07258601553829079,1.0,0.00984845529566136,1308,0.9274139844617092,16712,0.4962805526036132,467,941,0.04445061043285239,0.9736958934517204,0.6151505602240896,0.7153893655364243,0.16374374721273777,0.7432286023835319,0.025915649278579367,0.3413387021475257,0.3414266289266289,0.08290232297164125,0.31806061215750875,0.2547185720760736,467,0.3570336391437309,1308,0.02836285303973193,0.971637146960268,0.06708520280413578,0.25471698113207547,18020
enron,MLC_PA_SVM,0.30,1,0.0667507678806494,1.0,0.009919166625621471,1217,0.9332492321193506,17015,0.44994499449944997,409,909,0.04744953927161035,0.9725756910925845,0.6018501362978107,0.7060194972985671,0.13437231912307487,0.7270742358078602,0.022433084686265925,0.29611018826135105,0.2932795563609517,0.062230436080713936,0.2717117432973749,0.28667263940643367,409,0.3360723089564503,1217,0.02938583602703497,0.9706141639729651,0.06772617512073673,0.29775280898876405,18232
enron,MLC_PA_SVM,0.30,2,0.0620185329909568,1.0,0.010688016514772553,1111,0.9379814670090432,16803,0.4555084745762712,430,944,0.04729820252316624,0.9713073573741208,0.5750070442378135,0.6768201883586499,0.1322213321143403,0.7175824175824176,0.024003572624762715,0.2775793650793651,0.2774048600971678,0.06415655455488621,0.28832002338652885,0.27464324673300833,430,0.387038703870387,1111,0.03058977563530322,0.9694102243646968,0.06676626089234834,0.36069651741293535,17914
enron,MLC_PA_SVM,0.30,3,0.0602679792179382,1.0,0.010779349751182377,1102,0.9397320207820617,17183,0.4222222222222222,399,945,0.04794093519278097,0.9701394585726005,0.5810401112575025,0.6905575422966728,0.13914497966281075,0.7035830618892508,0.021821164889253564,0.2710066503544764,0.2764305581696886,0.07332692507577174,0.26176380613024314,0.2186877244279003,399,0.3620689655172414,1102,0.031775592155036954,0.968224407844963,0.06173502648556756,0.3515439429928741,18285
enron,MLC_PA_SVM,0.30,4,0.06263024500140806,0.9970149253731343,0.010465638266926168,1112,0.937369754998592,16643,0.43105320304017375,397,921,0.04830188679245283,0.9704871867079696,0.5923276474769013,0.698020271602361,0.13951066793909542,0.7182795698924731,0.02235989862010701,0.2831698649609098,0.2865251498087317,0.06758312430475735,0.27544835392151124,0.26624998494793445,397,0.35701438848920863,1112,0.031484708285765786,0.9685152917142342,0.06310765903262466,0.3383838383838384,17755
enron,MLC_PA_SVM,0.30,5,0.06198668146503884,0.9911764705882353,0.00984845529566136,1117,0.9380133185349612,16903,0.44314558979808716,417,941,0.047674805771365146,0.9709211986681465,0.575514705882353,0.6801767676767677,0.1425907067902665,0.711453744493392,0.023140954495005528,0.30170284780578904,0.3062140310669723,0.06174928254916999,0.28628575426736885,0.2819354340438678,417,0.37332139659803043,1117,0.031000414127669646,0.9689995858723304,0.06873039403561046,0.3050397877984085,18020
enron,MLC_PA_SVM,0.35,1,0.05726195699868363,0.9941860465116279,0.009919166625621471,1044,0.9427380430013164,17188,0.40594059405940597,369,909,0.049659938569548055,0.9703817463799912,0.573839338955618,0.6812472733984362,0.1261650889097839,0.7026431718061674,0.02023913997367266,0.26809939091915835,0.2685073324608208,0.05402320586742296,0.2472806792956821,0.30347294863745855,369,0.35344827586206895,1044,0.03141726786129858,0.9685827321387014,0.07020476869148795,0.36619718309859156,18232
enron,MLC_PA_SVM,0.35,2,0.050909902869264265,1.0,0.010688016514772553,912,0.9490900971307358,17002,0.3908898305084746,369,944,0.049916266607122915,0.9679021993971195,0.5360700197238659,0.6412700547315932,0.12195903870853632,0.67930842163971,0.020598414647761465,0.23864234056541755,0.24185472647011108,0.05389426114908222,0.2500460274438212,0.29808513926160984,369,0.40460526315789475,912,0.033819550641101044,0.9661804493588989,0.06578396595695396,0.39664218258132217,17914
enron,MLC_PA_SVM,0.35,3,0.04938474159146842,0.991304347826087,0.010779349751182377,903,0.9506152584085316,17382,0.36613756613756615,346,945,0.050043751709051135,0.9672409078479628,0.537191480017567,0.6489545559110776,0.12049010770832737,0.6688778330569375,0.018922614164615825,0.22715801911454087,0.23482757178409347,0.05467205312128835,0.22705857729792983,0.25292215443869853,346,0.3831672203765227,903,0.03446093660108158,0.9655390633989184,0.06164387932101922,0.40279162512462613,18285
enron,MLC_PA_SVM,0.35,4,0.052830188679245285,0.991044776119403,0.010465638266926168,938,0.9471698113207547,16817,0.3789359391965255,349,921,0.05070684314277668,0.9677837228949592,0.557316986496091,0.6642550152997914,0.12662059676131596,0.6877729257641921,0.019656434807096557,0.2481592039800995,0.25275989350616207,0.05469305312697789,0.24494170979323027,0.30923807180610613,349,0.3720682302771855,938,0.034013200927632756,0.9659867990723673,0.06484503825304425,0.3875802997858672,17755
enron,MLC_PA_SVM,0.35,5,0.048668146503884575,0.9764705882352941,0.00984845529566136,877,0.9513318534961154,17143,0.3602550478214665,339,941,0.05044117647058824,0.9665926748057714,0.5172187208216621,0.624604872251931,0.12828271573050712,0.661036036036036,0.018812430632630384,0.24340686274509815,0.25064213564213556,0.047441291489410606,0.2358680458100128,0.28646993408372823,339,0.3865450399087799,877,0.03511637403021641,0.9648836259697836,0.06982759932129008,0.3456521739130435,18020
enron,MLC_PA_SVM,0.40,1,0.03998464238701185,0.9447674418604651,0.009919166625621471,729,0.9600153576129882,17503,0.32123212321232125,292,909,0.049835454146555505,0.9661584028082493,0.5057745549024619,0.6158956676398536,0.11158278758111545,0.6520022560631697,0.016015796401930738,0.20003460686600227,0.20315572670223825,0.03944090453875451,0.19663976355268442,0.3793295705518002,292,0.40054869684499317,729,0.03525109981146089,0.9647489001885391,0.07033334352871923,0.4038647342995169,18232
enron,MLC_PA_SVM,0.40,2,0.03388411298425812,0.9289940828402367,0.010688016514772553,607,0.9661158870157419,17307,0.3019067796610169,285,944,0.050340515797700124,0.9632131293960031,0.4753099464637926,0.5848877618108387,0.10444290379109825,0.6240730176839704,0.015909344646645063,0.17788226730534423,0.1854724335493566,0.036378126231644145,0.19481062348808165,0.2753788416834903,285,0.4695222405271829,607,0.038077078638701106,0.9619229213612989,0.06844143096193066,0.4244541484716157,17914
enron,MLC_PA_SVM,0.40,3,0.034454470877768664,0.9217391304347826,0.010779349751182377,630,0.9655455291222313,17655,0.2804232804232804,265,945,0.050970741044572054,0.9628110473065354,0.48406863667733235,0.5975052805487588,0.10890211068267328,0.6171171171171171,0.01449275362318847,0.17403517577430622,0.18337829642177467,0.04308405609563426,0.17529786135810949,0.26905784552776935,265,0.42063492063492064,630,0.038516001132823566,0.9614839988671764,0.06306924523907176,0.41580756013745707,18285
enron,MLC_PA_SVM,0.40,4,0.03424387496479865,0.9283582089552239,0.010465638266926168,608,0.9657561250352014,17147,0.2768729641693811,255,921,0.051208110391439035,0.9624894395944804,0.4879921819474058,0.5962865161372624,0.10581364287920042,0.6245772266065389,0.014362151506617793,0.17883439943141433,0.18479139434363306,0.033886099244862355,0.18174601063557705,0.3869095302982558,255,0.4194078947368421,608,0.03884061351839972,0.9611593864816003,0.06778667232164623,0.4147627416520211,17755
enron,MLC_PA_SVM,0.40,5,0.03479467258601554,0.9294117647058824,0.00984845529566136,627,0.9652053274139845,17393,0.26992561105207225,254,941,0.05204217536071032,0.9618756936736959,0.444875116713352,0.5526672184025125,0.1109142143336315,0.6044905008635578,0.014095449500554857,0.17106325863678806,0.17870448179271714,0.03007279009253498,0.17932251063753463,0.3704147873799401,254,0.405103668261563,627,0.03949864888173403,0.960501351118266,0.07066737234596891,0.36798528058877644,18020
enron,MLC_PA_SVM,0.50,1,0.0,0.0,0.009919166625621471,0,1.0,18232,0.0,0,909,0.04985739359368144,0.9501426064063185,0.30573994803645965,0.41273994093761535,0.07214188304236094,0.45536249251048533,0.0,0.0,0.0,0.0,0.0,,0,,0,0.04985739359368144,0.9501426064063185,0.07214188304236094,0.45536249251048533,18232
enron,MLC_PA_SVM,0.50,2,0.0,0.0,0.010688016514772553,0,1.0,17914,0.0,0,944,0.052696215250641956,0.9473037847493581,0.29742767915844837,0.39941532826148207,0.0680647775594541,0.42926239419588874,0.0,0.0,0.0,0.0,0.0,,0,,0,0.052696215250641956,0.9473037847493581,0.0680647775594541,0.42926239419588874,17914
enron,MLC_PA_SVM,0.50,3,0.0,0.0,0.010779349751182377,0,1.0,18285,0.0,0,945,0.051681706316652996,0.948318293683347,0.31003346090302614,0.4141269841269842,0.06581805458703902,0.44181925575900766,0.0,0.0,0.0,0.0,0.0,,0,,0,0.051681706316652996,0.948318293683347,0.06581805458703902,0.44181925575900766,18285
enron,MLC_PA_SVM,0.50,4,0.0,0.0,0.010465638266926168,0,1.0,17755,0.0,0,921,0.05187271191213742,0.9481272880878626,0.30915778251599146,0.4114951217936293,0.07192754363433806,0.44283121597096187,0.0,0.0,0.0,0.0,0.0,,0,,0,0.05187271191213742,0.9481272880878626,0.07192754363433806,0.44283121597096187,17755
enron,MLC_PA_SVM,0.50,5,0.0,0.0,0.00984845529566136,0,1.0,18020,0.0,0,941,0.052219755826859046,0.947780244173141,0.27381185807656394,0.3739627366097954,0.08084142424109651,0.4251679902260232,0.0,0.0,0.0,0.0,0.0,,0,,0,0.052219755826859046,0.947780244173141,0.08084142424109651,0.4251679902260232,18020
enron,GSI_MLC_PA_SVM,0.20,1,0.08287626151820975,1.0,0.01008332846580896,1511,0.9171237384817903,16721,0.5323819978046103,485,911,0.03994076349275998,0.976634488810882,0.6650401439645626,0.7583075354877679,0.19331289269089486,0.7750791974656811,0.02660157964019305,0.34257336655592474,0.33107591697707955,0.09707811055748446,0.3044226024627758,0.3149155370840992,485,0.32097948378557245,1511,0.02547694515878237,0.9745230548412176,0.060953902052502174,0.20224719101123595,18232
enron,GSI_MLC_PA_SVM,0.20,2,0.08066316847158647,1.0,0.010346691175943366,1445,0.9193368315284135,16469,0.5577731092436975,531,952,0.03963380596181757,0.9764988277324997,0.6510566356720203,0.7441531840940125,0.22055980644734868,0.7768945416004239,0.029641621078486113,0.3555555555555556,0.3456559548275525,0.12203034925449238,0.3449136346791829,0.22317759512123775,531,0.3674740484429066,1445,0.025563179306575992,0.974436820693424,0.09128323561175947,0.2876480541455161,17914
enron,GSI_MLC_PA_SVM,0.20,3,0.08012031719989061,1.0,0.010980116200156542,1465,0.9198796828001093,16820,0.521511017838405,497,953,0.040962537599124965,0.9750615258408531,0.6530012338707991,0.7522070361200796,0.20090666293015577,0.7610062893081762,0.0271807492480175,0.33974371039588436,0.3319665358795793,0.09495912894511876,0.31539837773167817,0.24551651787151973,497,0.3392491467576792,1465,0.027110582639714626,0.9728894173602853,0.07510003433026397,0.311178247734139,18285
enron,GSI_MLC_PA_SVM,0.20,4,0.08082230357645734,1.0,0.010718900254326699,1435,0.9191776964235426,16320,0.5227272727272727,483,924,0.041002534497324696,0.9751619262179668,0.6513290689410093,0.7478474262056352,0.2062304203494755,0.768503937007874,0.02720360461841742,0.3275159914712154,0.3199867296882223,0.12231387871408674,0.3088548142008565,0.17997064919642478,483,0.33658536585365856,1435,0.027022058823529413,0.9729779411764706,0.059855862055781764,0.2637729549248748,17755
enron,GSI_MLC_PA_SVM,0.20,5,0.08457269700332963,1.0,0.009918902368677278,1524,0.9154273029966704,16496,0.5482832618025751,511,932,0.04027746947835738,0.9766370699223086,0.6630894024276377,0.7572975717093363,0.20610173477422308,0.7773664727657325,0.028357380688124323,0.37383286647992525,0.36591420017890597,0.12746044516289823,0.33948951257272886,0.2288382512827256,511,0.3353018372703412,1524,0.02552133850630456,0.9744786614936954,0.05647151590547817,0.2130841121495327,18020
enron,GSI_MLC_PA_SVM,0.25,1,0.0739907854322071,0.997093023255814,0.01008332846580896,1349,0.9260092145677928,16883,0.48957189901207465,446,911,0.04400230364194822,0.9744953927161035,0.6360001916687964,0.73313827645223,0.16988930355400295,0.750402576489533,0.02446248354541458,0.31353341426015857,0.30590665794154165,0.07365452142059255,0.2797459814866277,0.34496346496437835,446,0.3306152705707932,1349,0.02754249837114257,0.9724575016288575,0.06988881447815964,0.27230046948356806,18232
enron,GSI_MLC_PA_SVM,0.25,2,0.07061516132633694,1.0,0.010346691175943366,1265,0.9293848386736631,16649,0.5073529411764706,483,952,0.04383443117115105,0.9738193591604332,0.6102669766131306,0.7118924960640937,0.1952025879141487,0.7466234467855214,0.026962152506419534,0.31476589649666586,0.31339526679763363,0.09667313072129241,0.31464253986428037,0.25327039228387266,483,0.38181818181818183,1265,0.028169860051654755,0.9718301399483452,0.09592776335072242,0.340365682137834,17914
enron,GSI_MLC_PA_SVM,0.25,3,0.06983866557287394,1.0,0.010980116200156542,1277,0.930161334427126,17008,0.4826862539349423,460,953,0.04442165709598031,0.9730380092972382,0.6266934353890875,0.7305172926912058,0.18419143467444066,0.739566825145272,0.02515723270440251,0.31343591191417275,0.31027679245070555,0.07824390068940365,0.29395891356877407,0.26553195460060564,460,0.36021926389976505,1277,0.028986359360301035,0.971013640639699,0.07933741478670107,0.37037037037037035,18285
enron,GSI_MLC_PA_SVM,0.25,4,0.07119121374260771,1.0,0.010718900254326699,1264,0.9288087862573923,16491,0.47835497835497837,442,924,0.044945085891298225,0.9728527175443537,0.6196588486140725,0.7216313040193636,0.16956708448667335,0.7455121436114044,0.02489439594480425,0.2958457711442786,0.2937706075019507,0.08565054285128458,0.28586302080438686,0.2538662549683699,442,0.34968354430379744,1264,0.029228063792371597,0.9707719362076284,0.06887855212125497,0.32303370786516855,17755
enron,GSI_MLC_PA_SVM,0.25,5,0.07236403995560488,1.0,0.009918902368677278,1304,0.9276359600443951,16716,0.48819742489270385,455,932,0.04456159822419534,0.9735294117647059,0.6119712885154062,0.7120490294019706,0.17842527841947517,0.7414634146341463,0.0252497225305216,0.3227147525676937,0.3206656578715402,0.09978398880815033,0.30358645444114274,0.27255673207916215,455,0.34892638036809814,1304,0.028535534816941852,0.9714644651830582,0.05783438683271697,0.25585023400936036,18020
enron,GSI_MLC_PA_SVM,0.30,1,0.06570864414216762,0.997093023255814,0.01008332846580896,1198,0.9342913558578324,17034,0.4456641053787047,406,911,0.047411145239139973,0.9723014480035103,0.6020300920010222,0.704097662673244,0.1525923631421926,0.7256925583921782,0.022268538832821316,0.27956331459238437,0.2768660441625557,0.0563575810087822,0.25503596338927287,0.3958246689159035,406,0.33889816360601,1198,0.02964658917459199,0.970353410825408,0.07037599327529122,0.32396251673360105,18232
enron,GSI_MLC_PA_SVM,0.30,2,0.06095791001451379,1.0,0.010346691175943366,1092,0.9390420899854862,16822,0.45588235294117646,434,952,0.047203304677905546,0.9710840683264486,0.5693646097492251,0.6753336407182562,0.17076155022994638,0.7147577092511013,0.02422686167243493,0.2738635296327604,0.27683641145179616,0.07223209303709008,0.28277680232986024,0.332653958821376,434,0.3974358974358974,1092,0.030793009154678398,0.9692069908453216,0.08893062895646296,0.3759036144578313,17914
enron,GSI_MLC_PA_SVM,0.30,3,0.058627290128520644,0.9942028985507246,0.010980116200156542,1072,0.9413727098714794,17213,0.4218258132214061,402,953,0.04772217664752529,0.9698660103910309,0.5847875232657841,0.6940579710144927,0.16851660704539767,0.7048741296197107,0.02198523379819528,0.27152999979086934,0.2738174707739925,0.06256907306036066,0.25926621804321276,0.27840773758396453,402,0.375,1072,0.03201068959507349,0.9679893104049265,0.07970400701422398,0.4068891280947255,18285
enron,GSI_MLC_PA_SVM,0.30,4,0.0621233455364686,0.9970149253731343,0.010718900254326699,1103,0.9378766544635314,16652,0.4296536796536797,397,924,0.04831878344128414,0.9703182202196564,0.5873489694385217,0.692213027436908,0.14921475923420943,0.7180310326377742,0.02235989862010701,0.2635358919687278,0.26435233091949517,0.06529821759882067,0.2583819098307567,0.3261675340163712,397,0.3599274705349048,1103,0.03164785010809512,0.9683521498919049,0.06862100219101211,0.3596597812879708,17755
enron,GSI_MLC_PA_SVM,0.30,5,0.06143174250832408,0.9882352941176471,0.009918902368677278,1107,0.9385682574916759,16913,0.4366952789699571,407,932,0.0475638179800222,0.970865704772475,0.5755217086834733,0.6783677107206519,0.1495538218355693,0.7113798790544255,0.02258601553829076,0.28626517273576085,0.2869843391902216,0.07091253222424447,0.27350291886142186,0.2990243812127944,407,0.3676603432700994,1107,0.03104121090285579,0.9689587890971442,0.060212194683638205,0.31906614785992216,18020
enron,GSI_MLC_PA_SVM,0.35,1,0.054958315050460727,0.9912790697674418,0.01008332846580896,1002,0.9450416849495392,17230,0.3885839736553238,354,911,0.04978609039052216,0.9694493198771391,0.5643064784053156,0.6705415869660055,0.13821080880608913,0.6947945205479452,0.01941641070645017,0.24183970099667773,0.24330996845531722,0.04197602667267873,0.22413792554503992,0.49274242746389224,354,0.3532934131736527,1002,0.03232733604178758,0.9676726639582124,0.08145212686520034,0.3831672203765227,18232
enron,GSI_MLC_PA_SVM,0.35,2,0.049960924416657365,0.9881656804733728,0.010346691175943366,895,0.9500390755833427,17019,0.38865546218487396,370,952,0.04997487998213688,0.9675114435636932,0.5313327697943082,0.637174150635689,0.15401467225062584,0.6763070077864294,0.020654236909679602,0.23583168967784351,0.23867692136922902,0.055485215057769544,0.24432610086518836,0.3609394698868383,370,0.4134078212290503,895,0.03419707385862859,0.9658029261413714,0.0847574423816275,0.418,17914
enron,GSI_MLC_PA_SVM,0.35,3,0.04774405250205086,0.9739130434782609,0.010980116200156542,873,0.9522559474979492,17412,0.35571878279118574,339,953,0.050289855072463766,0.966420563303254,0.5402349582784365,0.6512263420959072,0.15818652266137564,0.6655773420479303,0.018539786710418338,0.22697743480352173,0.230985841855407,0.05223898867633864,0.2199694304714323,0.29613629271337183,339,0.38831615120274915,873,0.03526303698598668,0.9647369630140133,0.09795838682803851,0.4261682242990654,18285
enron,GSI_MLC_PA_SVM,0.35,4,0.04933821458744016,0.9761194029850746,0.010718900254326699,876,0.9506617854125599,16879,0.3593073593073593,332,924,0.05061109546606589,0.9666572796395382,0.5449680170575693,0.65590219067831,0.13657441992956174,0.6772082878953108,0.018698958039988778,0.22115493958777538,0.22804149416089714,0.05265787829417297,0.21755916508829332,0.3138119987802091,332,0.3789954337899543,876,0.035073167841696784,0.9649268321583032,0.07316850600979347,0.3983739837398374,17755
enron,GSI_MLC_PA_SVM,0.35,5,0.048890122086570474,0.9735294117647059,0.009918902368677278,881,0.9511098779134295,17139,0.3605150214592275,336,932,0.05018590455049944,0.9669256381798003,0.5259442110177404,0.6340446481622952,0.12433849848872638,0.6662933930571109,0.018645948945615998,0.23668767507002791,0.24266127663186488,0.04569720887740154,0.2284164328641073,0.2844828008331855,336,0.3813847900113507,881,0.03477449092712527,0.9652255090728747,0.06864560461506386,0.3659574468085106,18020
enron,GSI_MLC_PA_SVM,0.40,1,0.03757130320315928,0.9447674418604651,0.01008332846580896,685,0.9624286967968407,17547,0.29088913282107576,265,911,0.050460728389644584,0.9645677928916191,0.48892926356589145,0.597631002718212,0.1254959250114802,0.6378923766816144,0.014534883720930147,0.16646248615725362,0.1703993842075237,0.029261142878069815,0.16723578167870906,0.5591940545495301,265,0.38686131386861317,685,0.036815410041602555,0.9631845899583974,0.08427632972644526,0.42010771992818674,18232
enron,GSI_MLC_PA_SVM,0.40,2,0.03198615607904432,0.8964497041420119,0.010346691175943366,573,0.9680138439209557,17341,0.2762605042016807,263,952,0.05125600089315619,0.9615384615384616,0.4598443223443224,0.5735996909073832,0.13320327546297436,0.6096317280453257,0.014681254884447936,0.16434324222785768,0.17510246164092313,0.03467381827011806,0.1776508211240847,0.4200294906999325,263,0.45898778359511344,573,0.039732426042327434,0.9602675739576726,0.0830949544379307,0.4310487200660611,17914
enron,GSI_MLC_PA_SVM,0.40,3,0.03226688542521192,0.8840579710144928,0.010980116200156542,590,0.9677331145747881,17695,0.27177334732423925,259,953,0.05086136177194422,0.9620453923981406,0.4832163247380638,0.5972819290210594,0.14317531959943602,0.6135857461024499,0.014164615805304925,0.16995880126314905,0.17704142878055912,0.03722778561439902,0.16797783452595189,0.2752933250867439,259,0.43898305084745765,590,0.03922011867759254,0.9607798813224074,0.09972010176588245,0.4439102564102564,18285
enron,GSI_MLC_PA_SVM,0.40,4,0.03210363277949873,0.8895522388059701,0.010718900254326699,570,0.9678963672205013,17185,0.26406926406926406,244,924,0.05114052379611377,0.9617009293156857,0.4788415067519545,0.5896115824474033,0.12091767683956609,0.620958751393534,0.013742607716136335,0.15502842928216065,0.16175088592999043,0.03700113520417732,0.16130962858651643,0.3618885386913556,244,0.4280701754385965,570,0.03956939191155077,0.9604306080884493,0.07499712095829017,0.43521594684385384,17755
enron,GSI_MLC_PA_SVM,0.40,5,0.033296337402885685,0.9029411764705882,0.009918902368677278,600,0.9667036625971143,17420,0.26180257510729615,244,932,0.05149833518312986,0.9618201997780245,0.4518884220354809,0.55991575418046,0.10717681878719686,0.6064073226544623,0.0135405105438402,0.16263188608776846,0.16853238265002968,0.028535529175872015,0.1685303624614587,0.36685377189963075,244,0.4066666666666667,600,0.03949483352468427,0.9605051664753157,0.06964618911545924,0.3911504424778761,18020
enron,GSI_MLC_PA_SVM,0.50,1,0.0,0.0,0.01008332846580896,0,1.0,18232,0.0,0,911,0.049967090829311105,0.9500329091706889,0.32246677740863783,0.4272316185106883,0.0962347821334104,0.4706565950029053,0.0,0.0,0.0,0.0,0.0,,0,,0,0.049967090829311105,0.9500329091706889,0.0962347821334104,0.4706565950029053,18232
enron,GSI_MLC_PA_SVM,0.50,2,0.0,0.0,0.010346691175943366,0,1.0,17914,0.0,0,952,0.05314279334598638,0.9468572066540136,0.2955010801164647,0.39849722926646003,0.0985294571928563,0.431980906921241,0.0,0.0,0.0,0.0,0.0,,0,,0,0.05314279334598638,0.9468572066540136,0.0985294571928563,0.431980906921241,17914
enron,GSI_MLC_PA_SVM,0.50,3,0.0,0.0,0.010980116200156542,0,1.0,18285,0.0,0,953,0.05211922340716434,0.9478807765928356,0.31325752347491476,0.42024050024050025,0.105947533985037,0.445607911576498,0.0,0.0,0.0,0.0,0.0,,0,,0,0.05211922340716434,0.9478807765928356,0.105947533985037,0.445607911576498,18285
enron,GSI_MLC_PA_SVM,0.50,4,0.0,0.0,0.010718900254326699,0,1.0,17755,0.0,0,924,0.052041678400450576,0.9479583215995494,0.3238130774697939,0.4278606965174129,0.08391654163538877,0.45964912280701753,0.0,0.0,0.0,0.0,0.0,,0,,0,0.052041678400450576,0.9479583215995494,0.08391654163538877,0.45964912280701753,17755
enron,GSI_MLC_PA_SVM,0.50,5,0.0,0.0,0.009918902368677278,0,1.0,18020,0.0,0,932,0.051720310765815763,0.9482796892341843,0.28925653594771245,0.39138337153043035,0.07864128961132484,0.4378769601930036,0.0,0.0,0.0,0.0,0.0,,0,,0,0.051720310765815763,0.9482796892341843,0.07864128961132484,0.4378769601930036,18020
cal500,MLC_PA_Logistic,0.20,1,0.2611812905428474,1.0,0.04811227737480026,4590,0.7388187094571527,12984,0.6424785976355483,1576,2453,0.1021395242972573,0.9500967338113122,0.6767394322311968,0.8015715357224834,0.346727613670658,0.8063590196511371,0.0896779333105725,0.4616016854775239,0.4542563032599561,0.2686197112738711,0.4575403310395098,0.1370991477637089,1576,0.34335511982570804,4590,0.06754467036352434,0.9324553296364757,0.05357406003957727,0.21486123545210384,17574
cal500,MLC_PA_Logistic,0.20,2,0.2602139524297257,1.0,0.05082551607143188,4573,0.7397860475702742,13001,0.6342975206611571,1535,2420,0.10240127461021967,0.9496415158757255,0.6723746208945701,0.7954619759731334,0.33996568050037934,0.7991831177671885,0.08734494139069082,0.4564185217576152,0.44728793609189343,0.26529514198794973,0.45253084994861403,0.13804194375837978,1535,0.3356658648589547,4573,0.0680716867933236,0.9319283132066765,0.03692118017849889,0.19909502262443438,17574
cal500,MLC_PA_Logistic,0.20,3,0.26372273047149897,1.0,0.04797935143812696,4497,0.736277269528501,12555,0.6549631556133507,1511,2307,0.09942528735632183,0.953319258737978,0.6907103242101529,0.8116041413957036,0.34612318797483493,0.8174311926605504,0.0886113065916021,0.47782865647370987,0.4665835637741213,0.2768982259718227,0.47078718246513834,0.13967631425453145,1511,0.3360017789637536,4497,0.0634010354440462,0.9365989645559538,0.024726189711741623,0.2180746561886051,17052
cal500,MLC_PA_Logistic,0.20,4,0.26048166392993977,1.0,0.04804013634873009,4759,0.7395183360700602,13511,0.6472978464039009,1593,2461,0.09960591133004927,0.9524904214559387,0.6860466128147636,0.8085259220607796,0.33612689348520014,0.8100656455142232,0.08719211822660089,0.4685642113102153,0.4590495922364667,0.26271738373565134,0.4623317467599163,0.1485578726378969,1593,0.3347341878545913,4759,0.06424394937458368,0.9357560506254163,0.04060391415470319,0.225,18270
cal500,MLC_PA_Logistic,0.20,5,0.26614527787652564,1.0,0.04962445852442563,4492,0.7338547221234744,12386,0.6314893617021277,1484,2350,0.1045384524232729,0.9486906031520322,0.6628865426485258,0.7914404463383322,0.34123766699703145,0.7960433349034385,0.08792510961014333,0.45605240141281406,0.4547823723432008,0.267367419052519,0.45838831799250274,0.0994347603544617,1484,0.3303650934995548,4492,0.06991764895850153,0.9300823510414985,0.044332722197980325,0.21415607985480944,16878
cal500,MLC_PA_Logistic,0.25,1,0.20245817685216796,1.0,0.04811227737480026,3558,0.7975418231478321,14016,0.5340399510803098,1310,2453,0.11565380675998635,0.9349607374530556,0.5809892088589251,0.7280132134096775,0.28086355363091026,0.7337526205450734,0.07454193695231592,0.3658514621052522,0.3806979809471502,0.2027556512341233,0.3849339319334461,0.1655326471323821,1310,0.36818437324339515,3558,0.08154965753424658,0.9184503424657534,0.05308330069780746,0.2197952218430034,17574
cal500,MLC_PA_Logistic,0.25,2,0.19932855354500967,1.0,0.05082551607143188,3503,0.8006714464549903,14071,0.5268595041322314,1275,2420,0.11498520541709344,0.934846932969159,0.5771087998139851,0.7215228238950903,0.2733181114561652,0.7264038231780168,0.07255035848412428,0.3611527006770302,0.3733487840138503,0.19864757294373558,0.37975155535944227,0.17013754987673627,1275,0.3639737367970311,3503,0.08137303674223581,0.9186269632577642,0.04586851940356381,0.2194955691888207,17574
cal500,MLC_PA_Logistic,0.25,3,0.20402298850574713,1.0,0.04797935143812696,3479,0.7959770114942529,13573,0.5474642392717816,1263,2307,0.11223023692235515,0.9387755102040817,0.5958643880628162,0.7401762073162192,0.2815830800845424,0.7473378509196515,0.07406755805770582,0.38298272032637315,0.39515562969463697,0.21235811808153013,0.40069384072423947,0.1591771278324983,1263,0.36303535498706524,3479,0.07691740956310322,0.9230825904368968,0.031216377653794307,0.21385542168674698,17052
cal500,MLC_PA_Logistic,0.25,4,0.1998905309250137,1.0,0.04804013634873009,3652,0.8001094690749864,14618,0.5359609914668834,1319,2461,0.11247947454844007,0.9374931581828133,0.5884442331302474,0.7337239882845,0.2728768937190813,0.7372296364473079,0.07219485495347555,0.37096183162569907,0.38424765846018716,0.1994673839695325,0.38949573769300094,0.1709995979920956,1319,0.3611719605695509,3652,0.07812286222465453,0.9218771377753454,0.05261728088969877,0.2376502002670227,18270
cal500,MLC_PA_Logistic,0.25,5,0.20784453134257613,1.0,0.04962445852442563,3508,0.7921554686574238,13370,0.5306382978723404,1247,2350,0.1173124777817277,0.9346486550539164,0.5739472072708788,0.7212272931277919,0.2789421277554717,0.7281242297263988,0.07388316151202745,0.3671130660351671,0.38456921913266046,0.20507187981095926,0.39046921281546304,0.11761187998476316,1247,0.3554732041049031,3508,0.0824981301421092,0.9175018698578908,0.04933235267286991,0.21270521056388295,16878
cal500,MLC_PA_Logistic,0.30,1,0.1536929555024468,1.0,0.04811227737480026,2701,0.8463070444975532,14873,0.4386465552384835,1076,2453,0.12446227381358829,0.9216456128371457,0.49914657223502523,0.6573771724707268,0.23039073954263042,0.6645554202192449,0.061226812336406033,0.2840088254813523,0.3100619400081995,0.15228283714584345,0.31573673160761756,0.1889610836533682,1076,0.3983709737134395,2701,0.09258387682377463,0.9074161231762253,0.057029239416243514,0.2337228714524207,17574
cal500,MLC_PA_Logistic,0.30,2,0.1485148514851485,1.0,0.05082551607143188,2610,0.8514851485148515,14964,0.42479338842975206,1028,2420,0.12376237623762373,0.9207920792079208,0.49308724677749666,0.6499750681220466,0.21729125061619337,0.6513026052104208,0.058495504722886116,0.2771311476405418,0.3018010282408067,0.14262071210376376,0.3046503373918463,0.19057434620604177,1028,0.3938697318007663,2610,0.09302325581395349,0.9069767441860466,0.0533667464592643,0.24919093851132687,17574
cal500,MLC_PA_Logistic,0.30,3,0.1503049495660333,1.0,0.04797935143812696,2563,0.8496950504339666,14489,0.435630689206762,1005,2307,0.12144616467276563,0.9236453201970444,0.5023673930640515,0.6607655163720413,0.22132985919135847,0.6680265170831209,0.058937368050668515,0.2894857253276085,0.315744938750459,0.1521048971883462,0.3213825068877088,0.18925313129982674,1005,0.39211861100273115,2563,0.08986127406998412,0.9101387259300159,0.042884967784005024,0.2259215219976219,17052
cal500,MLC_PA_Logistic,0.30,4,0.14690749863163657,1.0,0.04804013634873009,2684,0.8530925013683635,15586,0.4221861032100772,1039,2461,0.12190476190476189,0.922167487684729,0.49381280952363105,0.6534208782941564,0.2133698763299854,0.6546867411364741,0.05686918445539124,0.2763304080190827,0.30394454846984353,0.1399603665804366,0.30695284238216713,0.20520290924718967,1039,0.38710879284649774,2684,0.09123572436802259,0.9087642756319774,0.05652855404372457,0.25157894736842107,18270
cal500,MLC_PA_Logistic,0.30,5,0.1573053679345894,1.0,0.04962445852442563,2655,0.8426946320654106,14223,0.4327659574468085,1017,2350,0.12617016234150963,0.9210214480388672,0.491630475402313,0.6503467637163537,0.22796881796204238,0.6570620015436069,0.06025595449697829,0.28479633416660133,0.31368868972122227,0.1540985700175299,0.3194069846326712,0.1247465266778131,1017,0.38305084745762713,2655,0.09372143710890811,0.9062785628910919,0.05552937208397179,0.24561403508771928,16878
cal500,MLC_PA_Logistic,0.35,1,0.10936610902469557,1.0,0.04811227737480026,1922,0.8906338909753044,15652,0.3342845495311863,820,2453,0.13119949926027089,0.9070786388983726,0.41697492020633603,0.5798402057518777,0.17884444148775766,0.5856381629028166,0.04665983839763288,0.20183717345266308,0.23252497328935035,0.1007365390909707,0.23681947429118927,0.21780226737997105,820,0.4266389177939646,1922,0.10433171479683108,0.8956682852031689,0.06217282170371768,0.26672653794342166,17574
cal500,MLC_PA_Logistic,0.35,2,0.10521224536246727,1.0,0.05082551607143188,1849,0.8947877546375327,15725,0.31694214876033056,767,2420,0.13088369181745763,0.905940594059406,0.41023790006084676,0.5708192591999436,0.17260885880735755,0.5700910273081925,0.04364401957437125,0.19428180092389188,0.22264521931870362,0.09793832029492794,0.223438759489618,0.23195091304839205,767,0.41481882098431583,1849,0.10511923688394277,0.8948807631160572,0.05657135084686336,0.2759526938239159,17574
cal500,MLC_PA_Logistic,0.35,3,0.10591133004926108,1.0,0.04797935143812696,1806,0.8940886699507389,15246,0.32162982228001735,742,2307,0.12884705606380487,0.9082219094534365,0.4135127111327942,0.5769749483398604,0.17556939803758043,0.5818861875500935,0.04351395730706065,0.20063104339635118,0.23195437071827812,0.10634443603456814,0.2352421773546814,0.21154351285715303,742,0.4108527131782946,1806,0.1026498753771481,0.8973501246228519,0.047480540081544925,0.2529832935560859,17052
cal500,MLC_PA_Logistic,0.35,4,0.10415982484948003,1.0,0.04804013634873009,1903,0.89584017515052,16367,0.325477448191792,801,2461,0.1273152709359606,0.9091406677613574,0.41907806603195014,0.5822026905254422,0.17635603509327852,0.5833333333333334,0.04384236453201962,0.20159566452740182,0.2327263607011293,0.10294652534372974,0.23559943457902643,0.25890893623284184,801,0.4209143457698371,1903,0.10142359626076862,0.8985764037392314,0.05585684101918316,0.27510917030567683,18270
cal500,MLC_PA_Logistic,0.35,5,0.10966939210806968,1.0,0.04962445852442563,1851,0.8903306078919303,15027,0.3276595744680851,770,2350,0.131997274558597,0.9063870126792274,0.4089294489519831,0.5710562399099229,0.1822828360666747,0.5770877944325482,0.04562151913733847,0.20209530771627138,0.2343981659147915,0.10841258812216223,0.23943277752161246,0.1568003416807523,770,0.4159913560237709,1851,0.10514407400013309,0.894855925999867,0.06294878592595898,0.26579925650557623,16878
cal500,MLC_PA_Logistic,0.40,1,0.0699897575964493,1.0,0.04811227737480026,1230,0.9300102424035507,16344,0.2299225438238891,564,2453,0.13548423807898033,0.8925116649595994,0.34331233661733757,0.5028155657724405,0.13750160673917422,0.5064018813692187,0.03209286445885973,0.12817458986366462,0.15550033330991314,0.05939370434238726,0.15758319275759142,0.28744847776831134,564,0.4585365853658537,1230,0.11557758198727362,0.8844224180127264,0.06926248212979481,0.3021795345400813,17574
cal500,MLC_PA_Logistic,0.40,2,0.06623420962785934,1.0,0.05082551607143188,1164,0.9337657903721407,16410,0.20785123966942148,503,2420,0.13557528166609764,0.890918402185046,0.3335408795499424,0.4900499359394562,0.13165371382801122,0.48866364363830356,0.028621827700011315,0.1175847804129875,0.14187589605821627,0.05698317531558161,0.14201137581972906,0.2855078706981079,503,0.4321305841924399,1164,0.11681901279707495,0.883180987202925,0.05982163430770765,0.2975448882374496,17574
cal500,MLC_PA_Logistic,0.40,3,0.06644381890687309,1.0,0.04797935143812696,1133,0.9335561810931269,15919,0.21326397919375814,492,2307,0.13301665493783718,0.893560872624912,0.3381289961184358,0.49711042164295094,0.1362962463689999,0.5012366034624897,0.02885292047853616,0.12524732838199276,0.15208984402136866,0.06707128436598761,0.15459259326707758,0.21547978113947094,492,0.43424536628420124,1133,0.11401469941579245,0.8859853005842075,0.05650571226680766,0.29732868757259,17052
cal500,MLC_PA_Logistic,0.40,4,0.0658456486042693,1.0,0.04804013634873009,1203,0.9341543513957307,17067,0.21698496546119464,534,2461,0.13181171319102353,0.8945265462506842,0.34368370087849315,0.5026948299556241,0.13598214605154255,0.5032224800206239,0.02922824302134641,0.12620129937394484,0.15321850013131122,0.06257263630199376,0.15548858126631693,0.3208530933415849,534,0.44389027431421446,1203,0.1129079510165817,0.8870920489834183,0.05763310856093999,0.29336266960029334,18270
cal500,MLC_PA_Logistic,0.40,5,0.06807678634909349,1.0,0.04962445852442563,1149,0.9319232136509065,15729,0.21361702127659574,502,2350,0.13672236046924993,0.8905083540703875,0.32829130236262827,0.48509791405158426,0.13894262973857202,0.49034749034749037,0.029742860528498616,0.12145716112691657,0.14843984005645283,0.06507238179405955,0.15269247343655462,0.19295878362213656,502,0.43690165361183636,1149,0.11748998664886515,0.8825100133511349,0.06537813520869577,0.29357798165137616,16878
cal500,MLC_PA_Logistic,0.50,1,0.0,0.0,0.04811227737480026,0,1.0,17574,0.0,0,2453,0.13958119949926026,0.8604188005007397,0.21513774675367295,0.3473152324625273,0.07810790239678696,0.3488186886116273,0.0,0.0,0.0,0.0,0.0,,0,,0,0.13958119949926026,0.8604188005007397,0.07810790239678696,0.3488186886116273,17574
cal500,MLC_PA_Logistic,0.50,2,0.0,0.0,0.05082551607143188,0,1.0,17574,0.0,0,2420,0.13770342551496528,0.8622965744850347,0.21595609913695488,0.34817403988123996,0.07467053851242961,0.3466522678185745,0.0,0.0,0.0,0.0,0.0,,0,,0,0.13770342551496528,0.8622965744850347,0.07467053851242961,0.3466522678185745,17574
cal500,MLC_PA_Logistic,0.50,3,0.0,0.0,0.04797935143812696,0,1.0,17052,0.0,0,2307,0.1352920478536242,0.8647079521463759,0.21288166773644301,0.3450205776215823,0.06922496200301229,0.3466440101954121,0.0,0.0,0.0,0.0,0.0,,0,,0,0.1352920478536242,0.8647079521463759,0.06922496200301229,0.3466440101954121,17052
cal500,MLC_PA_Logistic,0.50,4,0.0,0.0,0.04804013634873009,0,1.0,18270,0.0,0,2461,0.1347016967706623,0.8652983032293378,0.2174824015045483,0.34947632982431287,0.07340950974954878,0.34773389875430694,0.0,0.0,0.0,0.0,0.0,,0,,0,0.1347016967706623,0.8652983032293378,0.07340950974954878,0.34773389875430694,18270
cal500,MLC_PA_Logistic,0.50,5,0.0,0.0,0.04962445852442563,0,1.0,16878,0.0,0,2350,0.13923450645811114,0.8607654935418889,0.2068341412357117,0.3366580739951314,0.07387024794451247,0.33765501691093575,0.0,0.0,0.0,0.0,0.0,,0,,0,0.13923450645811114,0.8607654935418889,0.07387024794451247,0.33765501691093575,16878
cal500,MLC_PA_MLP,0.20,1,1.0,1.0,0.2236889479579835,17574,0.0,0,1.0,6125,6125,0.2000000000000001,1.0,1.0,1.0,1.0,1.0,0.34852623193353816,0.828756877611905,0.7099996078729488,0.8346078381355491,0.7071931647615749,0.16539216186445097,6125,0.34852623193353816,17574,,,0.0,0.0,17574
cal500,MLC_PA_MLP,0.20,2,1.0,1.0,0.21742025916537291,17574,0.0,0,1.0,6007,6007,0.2000000000000001,1.0,1.0,1.0,1.0,1.0,0.34181176738363495,0.8250949327164462,0.7053588537696056,0.8336945097441872,0.7019983639125862,0.1663054902558128,6007,0.3418117673836349,17574,,,0.0,0.0,17574
cal500,MLC_PA_MLP,0.20,3,1.0,1.0,0.21412349474757983,17052,0.0,0,1.0,5859,5859,0.20000000000000007,1.0,1.0,1.0,1.0,1.0,0.3435960591133005,0.8243016004617222,0.703353251706681,0.8384050786893228,0.7019288367077992,0.16159492131067724,5859,0.3435960591133005,17052,,,0.0,0.0,17052
cal500,MLC_PA_MLP,0.20,4,1.0,1.0,0.22307463302746133,18270,0.0,0,1.0,6345,6345,0.20000000000000004,1.0,1.0,1.0,1.0,1.0,0.34729064039408875,0.8276216494775667,0.7076092720499927,0.8379247518844888,0.7058627211035711,0.1620752481155112,6345,0.3472906403940887,18270,,,0.0,0.0,18270
cal500,MLC_PA_MLP,0.20,5,1.0,1.0,0.23573470671581662,16878,0.0,0,1.0,5929,5929,0.20000000000000004,1.0,1.0,1.0,1.0,1.0,0.3512856973575068,0.8235220349294301,0.701840806507839,0.8306895816232015,0.700248021731428,0.1693104183767985,5929,0.3512856973575068,16878,,,0.0,0.0,16878
cal500,MLC_PA_MLP,0.25,1,0.9999430977580517,1.0,0.2236889479579835,17573,5.6902241948332766e-05,1,1.0,6125,6125,0.24998577443951292,1.0,1.0,1.0,1.0,1.0,0.34852623193353816,0.828756877611905,0.7099996078729488,0.8346078381355491,0.7071931647615749,0.16539216186445097,6125,0.34854606498605817,17573,0.0,1.0,0.0,0.0,17574
cal500,MLC_PA_MLP,0.25,2,1.0,1.0,0.21742025916537291,17574,0.0,0,1.0,6007,6007,0.25,1.0,1.0,1.0,1.0,1.0,0.34181176738363495,0.8250949327164462,0.7053588537696056,0.8336945097441872,0.7019983639125862,0.1663054902558128,6007,0.3418117673836349,17574,,,0.0,0.0,17574
cal500,MLC_PA_MLP,0.25,3,1.0,1.0,0.21412349474757983,17052,0.0,0,1.0,5859,5859,0.25,1.0,1.0,1.0,1.0,1.0,0.3435960591133005,0.8243016004617222,0.703353251706681,0.8384050786893228,0.7019288367077992,0.16159492131067724,5859,0.3435960591133005,17052,,,0.0,0.0,17052
cal500,MLC_PA_MLP,0.25,4,1.0,1.0,0.22307463302746133,18270,0.0,0,1.0,6345,6345,0.25,1.0,1.0,1.0,1.0,1.0,0.34729064039408875,0.8276216494775667,0.7076092720499927,0.8379247518844888,0.7058627211035711,0.1620752481155112,6345,0.3472906403940887,18270,,,0.0,0.0,18270
cal500,MLC_PA_MLP,0.25,5,1.0,1.0,0.23573470671581662,16878,0.0,0,1.0,5929,5929,0.25,1.0,1.0,1.0,1.0,1.0,0.3512856973575068,0.8235220349294301,0.701840806507839,0.8306895816232015,0.700248021731428,0.1693104183767985,5929,0.3512856973575068,16878,,,0.0,0.0,16878
cal500,MLC_PA_MLP,0.30,1,0.999487879822465,1.0,0.2236889479579835,17565,0.0005121201775349949,9,1.0,6125,6125,0.29984636394673947,1.0,1.0,1.0,1.0,1.0,0.34852623193353816,0.828756877611905,0.7099996078729488,0.8346078381355491,0.7071931647615749,0.16539216186445097,6125,0.3487048107031028,17565,0.0,1.0,0.0,0.0,17574
cal500,MLC_PA_MLP,0.30,2,1.0,1.0,0.21742025916537291,17574,0.0,0,1.0,6007,6007,0.3,1.0,1.0,1.0,1.0,1.0,0.34181176738363495,0.8250949327164462,0.7053588537696056,0.8336945097441872,0.7019983639125862,0.1663054902558128,6007,0.3418117673836349,17574,,,0.0,0.0,17574
cal500,MLC_PA_MLP,0.30,3,1.0,1.0,0.21412349474757983,17052,0.0,0,1.0,5859,5859,0.30000000000000004,1.0,1.0,1.0,1.0,1.0,0.3435960591133005,0.8243016004617222,0.703353251706681,0.8384050786893228,0.7019288367077992,0.16159492131067724,5859,0.3435960591133005,17052,,,0.0,0.0,17052
cal500,MLC_PA_MLP,0.30,4,1.0,1.0,0.22307463302746133,18270,0.0,0,1.0,6345,6345,0.30000000000000004,1.0,1.0,1.0,1.0,1.0,0.34729064039408875,0.8276216494775667,0.7076092720499927,0.8379247518844888,0.7058627211035711,0.1620752481155112,6345,0.3472906403940887,18270,,,0.0,0.0,18270
cal500,MLC_PA_MLP,0.30,5,0.9997630050953904,1.0,0.23573470671581662,16874,0.0002369949046095509,4,1.0,5929,5929,0.2999289015286171,1.0,1.0,1.0,1.0,1.0,0.3512856973575068,0.8235220349294301,0.701840806507839,0.8306895816232015,0.700248021731428,0.16930620802776059,5929,0.3513689700130378,16874,0.0,1.0,0.005747126436781609,1.0,16878
cal500,MLC_PA_MLP,0.35,1,0.9916353704335951,1.0,0.2236889479579835,17427,0.008364629566404916,147,0.9983673469387755,6115,6125,0.34764140207124156,0.9994309775805167,0.9959550740020238,0.9978164765371189,0.9926936420416571,0.9981343283582089,0.34795720951405484,0.8247119516139287,0.7078160844100677,0.8273014801772062,0.7053274931197838,0.16553331702186538,6115,0.35089229356745283,17427,0.06802721088435375,0.9319727891156463,0.005747126436781609,0.16666666666666666,17574
cal500,MLC_PA_MLP,0.35,2,0.9953340161602368,1.0,0.21742025916537291,17492,0.004665983839763287,82,0.9995005826535708,6004,6007,0.34853761238192776,0.999829293274155,0.9989110758998092,0.9994453502246072,0.995866102036701,0.9994273716358084,0.34164106065779,0.8240060086162554,0.7048042039942128,0.8295606117808882,0.7014257355483946,0.16630958605831292,6004,0.34324262520009147,17492,0.036585365853658534,0.9634146341463414,0.005747126436781609,0.4,17574
cal500,MLC_PA_MLP,0.35,3,0.9954844006568144,1.0,0.21412349474757983,16975,0.00451559934318555,77,0.9996586448199352,5857,5859,0.3485368285245132,0.9998827117053718,0.9990850141226081,0.9995316841678028,0.9961685823754788,0.9996084573218481,0.3434787708186723,0.8233866145843303,0.7028849358744838,0.8345736610648016,0.7015372940296474,0.16159492131067724,5857,0.3450368188512518,16975,0.025974025974025976,0.974025974025974,0.0,0.0,17052
cal500,MLC_PA_MLP,0.35,4,0.9954570333880679,1.0,0.22307463302746133,18187,0.004542966611932129,83,0.9998423955870764,6344,6345,0.3484646962233169,0.9999452654625068,0.9996598639455783,0.9998268398268398,0.999955448632273,0.9998145056575775,0.3472359058565956,0.8272815134231449,0.7074361118768324,0.8378802005167618,0.7056772267611484,0.16210146825323246,6344,0.3488205861329521,18187,0.012048192771084338,0.9879518072289156,0.0,0.0,18270
cal500,MLC_PA_MLP,0.35,5,0.9944306197416756,1.0,0.23573470671581662,16784,0.005569380258324446,94,0.9998313374936751,5928,5929,0.3481099656357388,0.9999407512738476,0.9996034892942108,0.9997978572872448,0.9998526377836723,0.9998019409784116,0.35122644863135444,0.8231255242236408,0.7016386637950838,0.8305422194068738,0.7000499627098395,0.16932610149123975,5928,0.35319351763584367,16784,0.010638297872340425,0.9893617021276596,0.005747126436781609,0.8,16878
cal500,MLC_PA_MLP,0.40,1,0.9232957778536475,1.0,0.2236889479579835,16226,0.07670422214635257,1348,0.9859591836734694,6039,6125,0.37421190394901555,0.9951064071924434,0.9687924433559917,0.9831884804886463,0.9269674821147603,0.9840029761904762,0.3436326391259815,0.7975493209678967,0.6931880883615951,0.7615753202503094,0.6911961409520511,0.16555295019323832,6039,0.37218045112781956,16226,0.06379821958456973,0.9362017804154302,0.04722232308439206,0.5784313725490197,17574
cal500,MLC_PA_MLP,0.40,2,0.9350745419369523,1.0,0.21742025916537291,16433,0.06492545806304768,1141,0.9916763775595139,5957,6007,0.3768749288721976,0.9971548879025833,0.9807407505523509,0.9899760950880843,0.9426242418235257,0.9904689287075867,0.3389666552862183,0.8058356832687971,0.6953349488576899,0.7763187515677129,0.6924672926201729,0.16599701651548315,5957,0.36250228199354956,16433,0.04382120946538125,0.9561787905346187,0.038745210727969354,0.5901639344262295,17574
cal500,MLC_PA_MLP,0.40,3,0.9370161857846587,1.0,0.21412349474757983,15978,0.06298381421534131,1074,0.9901006997781191,5801,5859,0.3782078348580812,0.9965986394557823,0.9775168490695686,0.9882401849587179,0.9353202395236057,0.9886452623335944,0.3401946985690828,0.8018184495312908,0.6915934366653989,0.7737253182129284,0.6905740990413936,0.16196535310297444,5801,0.3630617098510452,15978,0.054003724394785846,0.9459962756052142,0.028737156620628677,0.5606060606060606,17052
cal500,MLC_PA_MLP,0.40,4,0.9386973180076629,1.0,0.22307463302746133,17150,0.06130268199233716,1120,0.9897557131599685,6280,6345,0.3790366721401205,0.9964422550629447,0.9767632618782984,0.9880006340340244,0.9595633466420219,0.9879963065558633,0.34373289545703345,0.8043849113558651,0.6956099060840171,0.7974880985265107,0.6938590276594343,0.16240252661921883,6280,0.3661807580174927,17150,0.05803571428571429,0.9419642857142857,0.020903196959534985,0.6285714285714286,18270
cal500,MLC_PA_MLP,0.40,5,0.9296717620571158,1.0,0.23573470671581662,15691,0.07032823794288423,1187,0.9824590993422162,5825,5929,0.37803057234269466,0.9938381324801516,0.9607478943658264,0.9786172566135061,0.9362425346960496,0.9795597484276729,0.34512382983765844,0.7842699292952564,0.680458063121345,0.7669321163192511,0.6798077701591008,0.1698480070895926,5825,0.371231916385189,15691,0.08761583824768324,0.9123841617523167,0.05115673870381882,0.5047619047619047,16878
cal500,MLC_PA_MLP,0.50,1,0.0,0.0,0.2236889479579835,0,1.0,17574,0.0,0,6125,0.34852623193353816,0.6514737680664618,0.17124312238809505,0.2900003921270512,0.16539216186445097,0.2928068352384251,0.0,0.0,0.0,0.0,0.0,,0,,0,0.34852623193353816,0.6514737680664618,0.16539216186445097,0.2928068352384251,17574
cal500,MLC_PA_MLP,0.50,2,0.0,0.0,0.21742025916537291,0,1.0,17574,0.0,0,6007,0.3418117673836349,0.658188232616365,0.1749050672835538,0.2946411462303944,0.1663054902558128,0.2980016360874138,0.0,0.0,0.0,0.0,0.0,,0,,0,0.3418117673836349,0.658188232616365,0.1663054902558128,0.2980016360874138,17574
cal500,MLC_PA_MLP,0.50,3,0.0,0.0,0.21412349474757983,0,1.0,17052,0.0,0,5859,0.3435960591133005,0.6564039408866995,0.17569839953827784,0.2966467482933191,0.16159492131067724,0.2980711632922008,0.0,0.0,0.0,0.0,0.0,,0,,0,0.3435960591133005,0.6564039408866995,0.16159492131067724,0.2980711632922008,17052
cal500,MLC_PA_MLP,0.50,4,0.0,0.0,0.22307463302746133,0,1.0,18270,0.0,0,6345,0.3472906403940887,0.6527093596059113,0.17237835052243336,0.29239072795000737,0.1620752481155112,0.294137278896429,0.0,0.0,0.0,0.0,0.0,,0,,0,0.3472906403940887,0.6527093596059113,0.1620752481155112,0.294137278896429,18270
cal500,MLC_PA_MLP,0.50,5,0.0,0.0,0.23573470671581662,0,1.0,16878,0.0,0,5929,0.3512856973575068,0.6487143026424932,0.17647796507056995,0.29815919349216097,0.1693104183767985,0.2997519782685721,0.0,0.0,0.0,0.0,0.0,,0,,0,0.3512856973575068,0.6487143026424932,0.1693104183767985,0.2997519782685721,16878
cal500,GSI_MLC_PA_Logistic,0.20,1,0.17946967110504153,1.0,0.050855261739628774,3154,0.8205303288949585,14420,0.4856085526315789,1181,2432,0.1070786388983726,0.9288152953226357,0.5451166384448296,0.698297868508433,0.24264299762491948,0.7029209213963429,0.06720154774098097,0.3305349907575179,0.3514066447302086,0.17051218481698105,0.3549316452569327,0.17203081794812886,1181,0.3744451490171211,3154,0.08675450762829404,0.9132454923717059,0.053347382538570534,0.23486238532110093,17574
cal500,GSI_MLC_PA_Logistic,0.20,2,0.18151815181518152,1.0,0.053992237000666465,3190,0.8184818481848185,14384,0.48518518518518516,1179,2430,0.1074883350404006,0.9288152953226357,0.5397038384659522,0.690262227009511,0.24741424035414683,0.6949524506217996,0.06708774325708433,0.32577338839761716,0.34472784782879856,0.177315048776007,0.3513543955164511,0.18547546130830042,1179,0.3695924764890282,3190,0.08697163515016686,0.9130283648498332,0.049575363937983154,0.2282541640962369,17574
cal500,GSI_MLC_PA_Logistic,0.20,3,0.18549143795449213,1.0,0.05039118911288846,3163,0.8145085620455078,13889,0.5015092712376024,1163,2319,0.1048909218859958,0.9322073657049026,0.5563577489126338,0.7058433203005877,0.26075892233957315,0.7158308751229105,0.06820314332629596,0.34195374689466096,0.3592592104887118,0.19223860013643912,0.36778476885358247,0.16729587662724973,1163,0.3676889029402466,3163,0.0832313341493268,0.9167686658506732,0.04237619084601843,0.25611325611325614,17052
cal500,GSI_MLC_PA_Logistic,0.20,4,0.19020251778872468,1.0,0.050679934653973156,3475,0.8097974822112753,14795,0.513787510137875,1267,2466,0.1036672140120416,0.9343732895457033,0.5690602562049312,0.718376854236455,0.25515443688107337,0.7204476567964561,0.06934865900383136,0.3503507750522763,0.3664592866635772,0.1831603576363407,0.3700788475235372,0.21486641014955993,1267,0.36460431654676256,3475,0.08104089219330855,0.9189591078066914,0.05268590739592662,0.24257738471257106,18270
cal500,GSI_MLC_PA_Logistic,0.20,5,0.18805545680767863,1.0,0.05469440195929346,3174,0.8119445431923213,13704,0.4761290322580645,1107,2325,0.10977603981514397,0.9278350515463918,0.5326208043427764,0.6851481035927739,0.25154166639547565,0.6930443548387096,0.06558833985069323,0.31548298540841735,0.334529432236434,0.17297016442461077,0.3401359217744179,0.17769685286090786,1107,0.3487712665406427,3174,0.08887915936952714,0.9111208406304728,0.050366392111052885,0.22519083969465647,16878
cal500,GSI_MLC_PA_Logistic,0.25,1,0.1420848981449869,1.0,0.050855261739628774,2497,0.8579151018550131,15077,0.3984375,969,2432,0.11876920450665757,0.9167520200295891,0.4751841535829728,0.6354466124363339,0.20624261352155643,0.6400984009840098,0.055138272447934344,0.2606025058956611,0.28855538865810954,0.134111800713618,0.29210912484459967,0.20800945111193064,969,0.3880656788145775,2497,0.09703521920806527,0.9029647807919348,0.05526868598301089,0.24858757062146894,17574
cal500,GSI_MLC_PA_Logistic,0.25,2,0.13781722999886195,1.0,0.053992237000666465,2422,0.8621827700011381,15152,0.3893004115226337,946,2430,0.11889723455104131,0.9155570729486742,0.46302257778500727,0.6211686263862709,0.20493101933286786,0.6258194654563792,0.05382952088312276,0.24909212771667227,0.27563424720555846,0.13483182775472805,0.28222141035103077,0.19152800680941245,946,0.3905862923203964,2422,0.09794086589229145,0.9020591341077085,0.0532416435534749,0.25874125874125875,17574
cal500,GSI_MLC_PA_Logistic,0.25,3,0.14285714285714285,1.0,0.05039118911288846,2436,0.8571428571428571,14616,0.40534713238464853,940,2319,0.11658456486042693,0.9191297208538588,0.47928188339765637,0.6383983117889094,0.21331041989039254,0.6470437675966214,0.055125498475252166,0.26487788137968354,0.29181420197703345,0.14479009768725848,0.29899766132729333,0.1959913270812402,940,0.38587848932676516,2436,0.09434865900383142,0.9056513409961686,0.042528872312382816,0.26843501326259944,17052
cal500,GSI_MLC_PA_Logistic,0.25,4,0.1481663929939792,1.0,0.050679934653973156,2707,0.8518336070060208,15563,0.4278183292781833,1055,2466,0.11427203065134099,0.9227695675971538,0.5015443063312297,0.6591753344782685,0.22129901323153284,0.6617118197075041,0.05774493705528183,0.28283482517857483,0.30725776690539064,0.14930493398680017,0.3113430104345853,0.2305758628347738,1055,0.3897303287772442,2707,0.09066375377497912,0.9093362462250208,0.05671467883100828,0.26472120896300155,18270
cal500,GSI_MLC_PA_Logistic,0.25,5,0.14592961251333098,1.0,0.05469440195929346,2463,0.8540703874866691,14415,0.4043010752688172,940,2325,0.11854188884938974,0.917940514278943,0.4747740441211987,0.6342157598248096,0.21948489903408508,0.6412846412846412,0.05569380258324441,0.2576362251868397,0.2835970884684697,0.1409133970632202,0.28837620822034954,0.22680014852696626,940,0.3816483962647178,2463,0.09608047173083593,0.9039195282691641,0.0541687572128414,0.2452316076294278,16878
cal500,GSI_MLC_PA_Logistic,0.30,1,0.11095937179924889,1.0,0.050855261739628774,1950,0.8890406282007511,15624,0.328125,798,2432,0.12626607488335043,0.9070217366564243,0.4181563227885516,0.581428794251768,0.17373942016027263,0.5863291139240506,0.045407989074769506,0.2035746751012399,0.23453757047354357,0.10160860735233422,0.23833983778464046,0.24282088086120726,798,0.40923076923076923,1950,0.10458269329237072,0.8954173067076293,0.0572531249514432,0.26196928635953026,17574
cal500,GSI_MLC_PA_Logistic,0.30,2,0.10231023102310231,1.0,0.053992237000666465,1798,0.8976897689768977,15776,0.3069958847736626,746,2430,0.12651644474792303,0.9041766245590076,0.4002763556568698,0.5604085371558197,0.17100441049830942,0.5632780082987552,0.0424490724934562,0.1863459055885348,0.21487415797510728,0.1009052189201696,0.21967995319340672,0.2213269730823768,746,0.41490545050055616,1798,0.10674442190669371,0.8932555780933062,0.05514588375096463,0.2815699658703072,17574
cal500,GSI_MLC_PA_Logistic,0.30,3,0.10426929392446634,1.0,0.05039118911288846,1778,0.8957307060755336,15274,0.31608451918930575,733,2319,0.12429040581749942,0.9069903823598405,0.4094431857826805,0.5709643965110655,0.17713476726902638,0.5795334040296924,0.042986159981233896,0.1950391837647077,0.22438028669918952,0.10861444506589234,0.23148729776036436,0.23002629202750088,733,0.41226096737907764,1778,0.10383658504648423,0.8961634149535158,0.04913350409454225,0.278434940855323,17052
cal500,GSI_MLC_PA_Logistic,0.30,4,0.10864805692391899,1.0,0.050679934653973156,1985,0.891351943076081,16285,0.32441200324412,800,2466,0.12378215654077723,0.9088122605363984,0.4229159671820735,0.5842552746079805,0.17849608613195006,0.5853658536585366,0.043787629994526456,0.20420648602941865,0.2323377070351027,0.1065020068872174,0.2349970443856177,0.24413468979801584,800,0.40302267002518893,1985,0.10230273257599018,0.8976972674240098,0.05854115755661991,0.2818965517241379,18270
cal500,GSI_MLC_PA_Logistic,0.30,5,0.1075956866927361,1.0,0.05469440195929346,1816,0.8924043133072639,15062,0.3139784946236559,730,2325,0.12678042422087926,0.9054982817869416,0.4044393364070558,0.5656217617626046,0.17980925276487583,0.5718120805369128,0.04325157009124303,0.18730151747269677,0.2150030904062647,0.10123775079401097,0.2189036474726211,0.2555656456087678,730,0.40198237885462557,1816,0.10589563139025363,0.8941043686097464,0.06374022354856435,0.2706904435299497,16878
cal500,GSI_MLC_PA_Logistic,0.35,1,0.08228064185728917,1.0,0.050855261739628774,1446,0.9177193581427108,16128,0.2582236842105263,628,2432,0.13144986912484352,0.8973483555252078,0.36748933162012143,0.5287431086515586,0.14495646066191484,0.5319148936170213,0.03573460794355299,0.15290768393280973,0.1818518848733342,0.07282564785397642,0.1839256174776111,0.24972311322609653,628,0.4343015214384509,1446,0.11185515873015874,0.8881448412698413,0.06299824479147773,0.28751974723538704,17574
cal500,GSI_MLC_PA_Logistic,0.35,2,0.07471264367816093,1.0,0.053992237000666465,1313,0.9252873563218391,16261,0.22962962962962963,558,2430,0.13267042221463526,0.8934790030727211,0.34609750974597514,0.5037801361022711,0.14007182708840166,0.503711558854719,0.031751451007169695,0.13216705967764014,0.15824575692155868,0.06997263551026184,0.1601135037493705,0.27318151205507624,558,0.424980959634425,1313,0.11512207121333251,0.8848779287866675,0.05856920636456829,0.30408921933085503,17574
cal500,GSI_MLC_PA_Logistic,0.35,3,0.07289467511142388,1.0,0.05039118911288846,1243,0.9271053248885761,15809,0.2276843467011643,528,2319,0.13054480412854796,0.8949683321604504,0.3428315175019292,0.5008336457995137,0.1408320018268564,0.5070189925681255,0.03096410978184372,0.12842751548395637,0.1542495359876378,0.07231167962372236,0.15897288629879747,0.2720139530215306,528,0.4247787610619469,1243,0.11328989815927636,0.8867101018407236,0.05331780041821712,0.29404808829325974,17052
cal500,GSI_MLC_PA_Logistic,0.35,4,0.07378215654077723,1.0,0.050679934653973156,1348,0.9262178434592228,16922,0.24047039740470397,593,2466,0.12834154351395732,0.8974822112753147,0.3616378462235375,0.5211487260601646,0.14819787685074462,0.5218279295379117,0.03245758073344274,0.14292836507088263,0.16923115848728676,0.07620379760601197,0.17145912026499283,0.26067679625445633,593,0.43991097922848665,1348,0.11068431627467203,0.889315683725328,0.06223118449646735,0.3126605504587156,18270
cal500,GSI_MLC_PA_Logistic,0.35,5,0.07447564877355137,1.0,0.05469440195929346,1257,0.9255243512264486,15621,0.23311827956989248,542,2325,0.1317069558004503,0.8943595212702927,0.3475806340331905,0.5060272769194067,0.14712054880693845,0.5113729788983283,0.03211280957459417,0.13044281509883146,0.15540860556306685,0.06854904683607359,0.15846454583403663,0.26170803720650826,542,0.4311853619729515,1257,0.114141220152359,0.8858587798476409,0.0690462293078527,0.3021526418786693,16878
cal500,GSI_MLC_PA_Logistic,0.40,1,0.055252076931831116,1.0,0.050855261739628774,971,0.9447479230681689,16603,0.18338815789473684,446,2432,0.13510868328212133,0.8869921474906112,0.31687514766825037,0.47309233342657103,0.11869658991264811,0.4754358161648177,0.025378399908956406,0.10229349998093867,0.12620110964834663,0.0465657771047097,0.12744654002540756,0.29642174890614936,446,0.4593202883625129,971,0.11961693669818707,0.8803830633018129,0.06616715764816489,0.31185031185031187,17574
cal500,GSI_MLC_PA_Logistic,0.40,2,0.04842380789803118,1.0,0.053992237000666465,851,0.9515761921019689,16723,0.1506172839506173,366,2430,0.13681575054057127,0.8825537726186412,0.2950385705100815,0.44694487460732496,0.111153881836249,0.44575725026852847,0.020826220553089803,0.08110812044174648,0.10141049542661251,0.04105469025810918,0.10215919516318,0.3209263569551192,366,0.4300822561692127,851,0.12342283083178855,0.8765771691682115,0.05970331391843327,0.3142857142857143,17574
cal500,GSI_MLC_PA_Logistic,0.40,3,0.04544921416842599,1.0,0.05039118911288846,775,0.954550785831574,16277,0.15135834411384216,351,2319,0.13359136758151535,0.884588318085855,0.29641434303411013,0.44903569110944935,0.1141056457479593,0.45363686840644085,0.020584095707248395,0.0820103410161373,0.10245158129757342,0.04558532354482525,0.10559076213711277,0.2936766449674289,351,0.4529032258064516,775,0.12090680100755667,0.8790931989924433,0.058607513285087856,0.3180873180873181,17052
cal500,GSI_MLC_PA_Logistic,0.40,4,0.04400656814449918,1.0,0.050679934653973156,804,0.9559934318555008,17466,0.15206812652068127,375,2466,0.13205254515599343,0.8855500821018063,0.30354428611749285,0.45586895675685346,0.11867754847819381,0.45617685305591676,0.02052545155993435,0.08483480496483797,0.10395138918397562,0.04668346923346116,0.10580804378299791,0.2792158332509414,375,0.4664179104477612,804,0.11971830985915492,0.8802816901408451,0.06377083083524196,0.3274364747507237,18270
cal500,GSI_MLC_PA_Logistic,0.40,5,0.04686574238653869,1.0,0.05469440195929346,791,0.9531342576134613,16087,0.14967741935483872,348,2325,0.135881028557886,0.8828652683967295,0.29491159560136165,0.44652126302452194,0.11915219699141684,0.45129059117402165,0.020618556701030966,0.07777377666700261,0.09590259166818205,0.04058069502055198,0.09838215810972994,0.2981425564985292,348,0.43994943109987356,791,0.12289426244793933,0.8771057375520607,0.0688447310206798,0.3170984455958549,16878
cal500,GSI_MLC_PA_Logistic,0.50,1,0.0,0.0,0.050855261739628774,0,1.0,17574,0.0,0,2432,0.1383862524183453,0.8616137475816548,0.2145816476873117,0.3468912237782244,0.07213081280793841,0.34798927613941016,0.0,0.0,0.0,0.0,0.0,,0,,0,0.1383862524183453,0.8616137475816548,0.07213081280793841,0.34798927613941016,17574
cal500,GSI_MLC_PA_Logistic,0.50,2,0.0,0.0,0.053992237000666465,0,1.0,17574,0.0,0,2430,0.13827244793444862,0.8617275520655514,0.213930450068335,0.34553437918071245,0.07009919157813982,0.34359805510534847,0.0,0.0,0.0,0.0,0.0,,0,,0,0.13827244793444862,0.8617275520655514,0.07009919157813982,0.34359805510534847,17574
cal500,GSI_MLC_PA_Logistic,0.50,3,0.0,0.0,0.05039118911288846,0,1.0,17052,0.0,0,2319,0.1359957776213934,0.8640042223786066,0.21440400201797283,0.34658410981187593,0.06852032220313405,0.3480461062693281,0.0,0.0,0.0,0.0,0.0,,0,,0,0.1359957776213934,0.8640042223786066,0.06852032220313405,0.3480461062693281,17052
cal500,GSI_MLC_PA_Logistic,0.50,4,0.0,0.0,0.050679934653973156,0,1.0,18270,0.0,0,2466,0.13497536945812807,0.865024630541872,0.21870948115265487,0.35191756757287784,0.07199407924473265,0.35036880927291886,0.0,0.0,0.0,0.0,0.0,,0,,0,0.13497536945812807,0.865024630541872,0.07199407924473265,0.35036880927291886,18270
cal500,GSI_MLC_PA_Logistic,0.50,5,0.0,0.0,0.05469440195929346,0,1.0,16878,0.0,0,2325,0.13775328830430145,0.8622467116956986,0.21713781893435904,0.3506186713563399,0.07857150197086486,0.3529084330642917,0.0,0.0,0.0,0.0,0.0,,0,,0,0.13775328830430145,0.8622467116956986,0.07857150197086486,0.3529084330642917,16878
cal500,GSI_MLC_PA_MLP,0.20,1,0.5785819961306475,1.0,0.0942655819675124,10168,0.42141800386935246,7406,0.9242990654205607,3956,4280,0.13415272561738933,0.9815636736087402,0.8814410251945161,0.9355226526595787,0.6094871450057,0.9365700861393892,0.22510526914760443,0.6636242663488352,0.582570988215569,0.47529854805118077,0.5795989322932353,0.188289486834429,3956,0.38906372934697087,10168,0.04374831217931407,0.9562516878206859,0.015855547403603162,0.4723127035830619,17574
cal500,GSI_MLC_PA_MLP,0.20,2,0.637134403095482,1.0,0.11327416890188426,11197,0.36286559690451803,6377,0.947824204373241,4378,4619,0.14114032092864456,0.9862865596904518,0.9122785566081881,0.9530420095263882,0.6521501203473629,0.9520207047581127,0.24911801524980082,0.6949539128642555,0.6004445648403882,0.5044832487308191,0.5957837709602034,0.2097719694408437,4378,0.3909975886398142,11197,0.037792065234436255,0.9622079347655638,0.011131276467029643,0.42755344418052255,17574
cal500,GSI_MLC_PA_MLP,0.20,3,0.6309523809523809,1.0,0.11091112341975484,10759,0.36904761904761907,6293,0.9368046283934134,4210,4494,0.14284541402768003,0.9833450621627962,0.8864735017879081,0.9380648983675849,0.6449322170745261,0.9414432989690722,0.24689186019235287,0.6469678616989061,0.556399235811106,0.4949930349873001,0.5557133919160377,0.21303786469856167,4210,0.39130030671995536,10759,0.04512950897822978,0.9548704910217702,0.022646784715750233,0.39316239316239315,17052
cal500,GSI_MLC_PA_MLP,0.20,4,0.6333880678708265,1.0,0.10630718605554798,11572,0.36661193212917353,6698,0.9431105342850963,4360,4623,0.14107279693486593,0.9856048166392994,0.9067026829786368,0.9494941812546052,0.6467228655712908,0.9488028031925249,0.23864258347016976,0.6947862452770669,0.6028570588200768,0.5197841925325741,0.6000212846687891,0.18391832167182898,4360,0.37677151745592813,11572,0.039265452373842935,0.9607345476261571,0.010007234145165179,0.10238907849829351,18270
cal500,GSI_MLC_PA_MLP,0.20,5,0.6684441284512384,1.0,0.12659452928221104,11282,0.3315558715487617,5596,0.9311926605504587,4263,4578,0.1523521744282498,0.9813366512619979,0.8777524614344906,0.9332674457866161,0.6896180130755768,0.9353846153846154,0.25257731958762886,0.6689879422179172,0.5915155641180305,0.5521320050788864,0.5920111214087118,0.1755891412107585,4263,0.3778585357206169,11282,0.05629020729092209,0.943709792709078,0.015288053553729716,0.4844517184942717,16878
cal500,GSI_MLC_PA_MLP,0.25,1,0.5411972231705929,1.0,0.0942655819675124,9511,0.45880277682940707,8063,0.8983644859813084,3845,4280,0.16005178104017298,0.9752475247524752,0.8413648265739281,0.9117334189577766,0.5608522005521587,0.9141503848431024,0.21878912029133946,0.6235480677282472,0.5587817545137669,0.42666360359763944,0.5571792309969485,0.21455963083726765,3845,0.40426874145726,9511,0.05395014262681384,0.9460498573731861,0.01851628015987732,0.4528301886792453,17574
cal500,GSI_MLC_PA_MLP,0.25,2,0.6131216569932856,1.0,0.11327416890188426,10775,0.3868783430067145,6799,0.9307209352673739,4299,4619,0.17148913167178786,0.9817912825765335,0.8820101028071825,0.9356121265331037,0.6291606052784005,0.9355098750503829,0.24462273813588253,0.6646854590632498,0.5830146818471037,0.48149373366185666,0.5792729412524735,0.22113759668297076,4299,0.39897911832946636,10775,0.047065744962494487,0.9529342550375055,0.018352025067088586,0.3916349809885932,17574
cal500,GSI_MLC_PA_MLP,0.25,3,0.5853858784893268,1.0,0.11091112341975484,9982,0.41461412151067323,7070,0.901646639964397,4052,4494,0.17226718273516303,0.9740792868871686,0.8300721691170082,0.9040835099607178,0.6169139906778195,0.9093519278096801,0.23762608491672532,0.5905665290280062,0.5224178474042389,0.4669748085905935,0.5236220207566457,0.2218182190780252,4052,0.40593067521538767,9982,0.06251768033946252,0.9374823196605375,0.036251382135801216,0.5297872340425532,17052
cal500,GSI_MLC_PA_MLP,0.25,4,0.5815544608648057,1.0,0.10630718605554798,10625,0.41844553913519433,7645,0.9039584685269305,4179,4623,0.16969074986316365,0.9756978653530378,0.8418382446650489,0.9109359314497166,0.5967695459923328,0.9125295508274232,0.22873563218390813,0.629921806963479,0.5642988090151883,0.46983087295361614,0.5637480323036874,0.19428742301593302,4179,0.39331764705882355,10625,0.05807717462393722,0.9419228253760628,0.009098760101165875,0.36023054755043227,18270
cal500,GSI_MLC_PA_MLP,0.25,5,0.6328356440336532,1.0,0.12659452928221104,10681,0.3671643559663467,6197,0.9008300567933596,4124,4578,0.18510783268159733,0.973101078326816,0.8298315304820251,0.9046752237677447,0.6567920803446302,0.9071954210956664,0.244341746652447,0.6210670112654517,0.5629233420991591,0.5193060723479398,0.5638219271197629,0.18851145753838572,4124,0.3861061698342852,10681,0.07326125544618364,0.9267387445538163,0.024846660547321927,0.49217002237136465,16878
cal500,GSI_MLC_PA_MLP,0.30,1,0.5081939228405599,1.0,0.0942655819675124,8931,0.4918060771594401,8643,0.8670560747663552,3711,4280,0.18483555252076928,0.9676226243313987,0.7964120439671183,0.8841800428424011,0.541271946188933,0.8871255703233485,0.2111642198702629,0.5785952851214374,0.5312283783983914,0.4070833492344138,0.5301544164771946,0.2131051576257548,3711,0.4155189788377561,8931,0.06583362258475066,0.9341663774152493,0.04018285427405856,0.5099052540913006,17574
cal500,GSI_MLC_PA_MLP,0.30,2,0.5826220553089791,1.0,0.11327416890188426,10239,0.41737794469102085,7335,0.9032258064516129,4172,4619,0.20022191874359843,0.9745646978490953,0.8345287099689046,0.9075483977439575,0.602087264936857,0.9094591857403281,0.23739615340844433,0.6172040662249718,0.5549509530579575,0.45442039332031325,0.5532222519424188,0.2210420551521226,4172,0.40746166617833773,10239,0.06094069529652352,0.9390593047034765,0.01871807840687077,0.47719298245614034,17574
cal500,GSI_MLC_PA_MLP,0.30,3,0.5339549612948628,1.0,0.11091112341975484,9105,0.46604503870513725,7947,0.8535825545171339,3836,4494,0.19877433732113536,0.9614121510673235,0.7604078329379979,0.8587468891952484,0.5715513158250726,0.8662057747051647,0.2249589490968802,0.5209021928489959,0.4770812266387695,0.42161213373784656,0.48047586765213024,0.22305430263980577,3836,0.4213069741900055,9105,0.08279854032968416,0.9172014596703159,0.047668303074846693,0.5486968449931413,17052
cal500,GSI_MLC_PA_MLP,0.30,4,0.5548440065681445,1.0,0.10630718605554798,10137,0.4451559934318555,8133,0.8786502271252433,4062,4623,0.19715927750410508,0.9692939244663382,0.800233980343647,0.8842544698928282,0.5771159244702645,0.8874623871614844,0.22233169129720853,0.5883175426420771,0.5376173474582998,0.45017725143154785,0.5386808686377487,0.19918927937284822,4062,0.4007102693104469,10137,0.06897823681298414,0.9310217631870159,0.014213085764809903,0.33134684147794996,18270
cal500,GSI_MLC_PA_MLP,0.30,5,0.5959829363668682,1.0,0.12659452928221104,10059,0.4040170636331319,6819,0.8687199650502403,3977,4578,0.21440336532764545,0.964391515582415,0.7800507026872967,0.8729983610547172,0.6333440131530542,0.8763628882945896,0.23563218390804597,0.5712861834707234,0.5312464793861316,0.4958580051563638,0.5329893943186861,0.18962553140834618,3977,0.3953673327368526,10059,0.08813609033582637,0.9118639096641736,0.03515130285708173,0.5141471301535974,16878
cal500,GSI_MLC_PA_MLP,0.35,1,0.4722317059292136,1.0,0.0942655819675124,8299,0.5277682940707864,9275,0.8392523364485981,3592,4280,0.2044298395356777,0.960851257539547,0.75605538721501,0.8574553941541665,0.5076097744839567,0.8622898318654924,0.20439285307841126,0.5382386283693291,0.5045037297101568,0.3734211775294375,0.5053186780193385,0.21523850919977028,3592,0.4328232317146644,8299,0.07417789757412399,0.925822102425876,0.045670112961355744,0.5127478753541076,17574
cal500,GSI_MLC_PA_MLP,0.35,2,0.5575281666097645,1.0,0.11327416890188426,9798,0.4424718333902356,7776,0.8731327127083784,4033,4619,0.22847957209514055,0.966655286218277,0.7850470422220828,0.8764904023140143,0.5806387973506996,0.8793742280773981,0.22948674177762607,0.5677223984781501,0.5238929576280144,0.43297192573415577,0.5231372942794887,0.21942063744970255,4033,0.41161461522759746,9798,0.07536008230452675,0.9246399176954733,0.02153826626885016,0.4492481203007519,17574
cal500,GSI_MLC_PA_MLP,0.35,3,0.5097349284541403,1.0,0.11091112341975484,8692,0.49026507154585974,8360,0.8226524254561638,3697,4494,0.22514661036828523,0.9532606145906638,0.7218056808170612,0.8322722066722588,0.5516602003781717,0.8399919694840393,0.21680741262022052,0.4823000407280592,0.45060654411577983,0.40172101829094564,0.45426206243100486,0.22072373410961874,3697,0.4253336401288541,8692,0.09533492822966508,0.904665071770335,0.057683695472305285,0.5632876712328767,17052
cal500,GSI_MLC_PA_MLP,0.35,4,0.520744389709907,1.0,0.10630718605554798,9514,0.47925561029009306,8756,0.8427428077006273,3896,4623,0.22205254515599343,0.960207991242474,0.7418971233744786,0.8456794120972921,0.5443509899976698,0.8498864340284947,0.21324575807334434,0.5299806856729087,0.49904228966276376,0.4174123169589532,0.501104915504759,0.20505003831987204,3896,0.40950178684044564,9514,0.08302878026496117,0.9169712197350388,0.019152923538230882,0.2948593598448109,18270
cal500,GSI_MLC_PA_MLP,0.35,5,0.5564640360232255,1.0,0.12659452928221104,9392,0.44353596397677447,7486,0.8304936653560506,3802,4578,0.24073942410238178,0.9540229885057472,0.7215585546999719,0.8336491186282241,0.6033732815757168,0.8375209380234506,0.22526365683137817,0.5127940354833985,0.49189723695963855,0.4658872735790264,0.494147444047547,0.185301722793082,3802,0.40481260647359457,9392,0.10366016564253273,0.8963398343574672,0.05536222548338608,0.48745046235138706,16878
cal500,GSI_MLC_PA_MLP,0.40,1,0.42631159667690904,1.0,0.0942655819675124,7492,0.5736884033230909,10082,0.7962616822429907,3408,4280,0.22014339364970983,0.9503812450210538,0.701095191526418,0.8195861320449449,0.4630481337918789,0.8243352135374697,0.19392284055991804,0.4832784326807371,0.4666344676009352,0.3288595368373597,0.4673640596913159,0.23305573042026106,3408,0.4548852108916177,7492,0.08649077563975402,0.913509224360246,0.0877447533806122,0.4947856315179606,17574
cal500,GSI_MLC_PA_MLP,0.40,2,0.5191191532946398,1.0,0.11327416890188426,9123,0.4808808467053602,8451,0.8332972504871184,3849,4619,0.25146238761807216,0.9561852736997838,0.7249384587857571,0.8361066937398786,0.5464516894389897,0.8416289592760181,0.21901672925913285,0.5076138150418243,0.4835092490538786,0.3987848178224459,0.4853920254781087,0.22993481998088913,3849,0.42190069056231505,9123,0.09111347769494735,0.9088865223050526,0.06316642400327462,0.4492131616595136,17574
cal500,GSI_MLC_PA_MLP,0.40,3,0.4549612948627727,1.0,0.11091112341975484,7758,0.5450387051372273,9294,0.7650200267022697,3438,4494,0.24391273750879666,0.9380717804363125,0.6492892360240997,0.7802684264534767,0.501450543204725,0.7892215568862275,0.20161857846586917,0.4097835959350977,0.3986027638969978,0.35151136111749903,0.4034916498331931,0.2239549998593692,3438,0.4431554524361949,7758,0.11362169141381537,0.8863783085861846,0.06577538126280284,0.537248028045574,17052
cal500,GSI_MLC_PA_MLP,0.40,4,0.4802408319649699,1.0,0.10630718605554798,8774,0.5197591680350301,9496,0.7955872809863724,3678,4623,0.24382047071702243,0.9482758620689655,0.6776473329348259,0.80121877786347,0.5078643167082725,0.8055955564698621,0.20131362889983584,0.46573089523325606,0.4545816554289416,0.38092564366955584,0.4568140379461264,0.21609736748903105,3678,0.41919307043537724,8774,0.0995155855096883,0.9004844144903117,0.04747033319091804,0.36619718309859156,18270
cal500,GSI_MLC_PA_MLP,0.40,5,0.49259390923095153,1.0,0.12659452928221104,8314,0.5074060907690484,8564,0.756006989951944,3461,4578,0.2632183908045977,0.9338191728877829,0.6233552843356086,0.7611885556009765,0.5340971888372417,0.7665621734587252,0.20505984121341392,0.41459076511903525,0.419436673932391,0.39661118084055125,0.42318867948282163,0.17679542074165042,3461,0.4162857830165985,8314,0.13042970574497897,0.869570294255021,0.07699759090910693,0.4668257756563246,16878
cal500,GSI_MLC_PA_MLP,0.50,1,0.0,0.0,0.0942655819675124,0,1.0,17574,0.0,0,4280,0.24354159553886423,0.7564584044611358,0.21781675884568086,0.3529516644440097,0.13418859695451923,0.35697115384615385,0.0,0.0,0.0,0.0,0.0,,0,,0,0.24354159553886423,0.7564584044611358,0.13418859695451923,0.35697115384615385,17574
cal500,GSI_MLC_PA_MLP,0.50,2,0.0,0.0,0.11327416890188426,0,1.0,17574,0.0,0,4619,0.26283145555934906,0.7371685444406509,0.21732464374393273,0.35259744468599996,0.14766687161654377,0.3562369337979094,0.0,0.0,0.0,0.0,0.0,,0,,0,0.26283145555934906,0.7371685444406509,0.14766687161654377,0.3562369337979094,17574
cal500,GSI_MLC_PA_MLP,0.50,3,0.0,0.0,0.11091112341975484,0,1.0,17052,0.0,0,4494,0.26354679802955666,0.7364532019704433,0.23950564008900202,0.38166566255647894,0.149939182087226,0.38572990705303445,0.0,0.0,0.0,0.0,0.0,,0,,0,0.26354679802955666,0.7364532019704433,0.149939182087226,0.38572990705303445,17052
cal500,GSI_MLC_PA_MLP,0.50,4,0.0,0.0,0.10630718605554798,0,1.0,18270,0.0,0,4623,0.25303776683087026,0.7469622331691297,0.21191643770156984,0.3466371224345284,0.12693867303871667,0.34878151852373573,0.0,0.0,0.0,0.0,0.0,,0,,0,0.25303776683087026,0.7469622331691297,0.12693867303871667,0.34878151852373573,18270
cal500,GSI_MLC_PA_MLP,0.50,5,0.0,0.0,0.12659452928221104,0,1.0,16878,0.0,0,4578,0.271240668325631,0.728759331674369,0.20876451921657335,0.34175188166858556,0.13748600799669045,0.3433734939759036,0.0,0.0,0.0,0.0,0.0,,0,,0,0.271240668325631,0.728759331674369,0.13748600799669045,0.3433734939759036,16878
cal500,MLC_PA_SVM,0.20,1,0.26493683851143734,1.0,0.04814226339158857,4656,0.7350631614885627,12918,0.6220833333333333,1493,2400,0.1045977011494253,0.9483896665528622,0.665171607143482,0.7946059603504326,0.2947819860242179,0.7975898237000669,0.08495504722886082,0.46663455735221726,0.4692840290001583,0.24979394619737472,0.4767069714080466,0.09358395002322108,1493,0.32066151202749144,4656,0.07021210713732776,0.9297878928626723,0.011066275372951821,0.1640552995391705,17574
cal500,MLC_PA_SVM,0.20,2,0.27296005462615225,1.0,0.04899568437359694,4797,0.7270399453738478,12777,0.6512968299711815,1582,2429,0.10278820985546831,0.9518038010697621,0.684653528565302,0.8075029973070864,0.3056301414914011,0.8083276759447839,0.09001934676226242,0.48944647937166785,0.487523403849743,0.25948889420354493,0.4950678512345775,0.10054590467169973,1582,0.32978945174067126,4797,0.06629099162557721,0.9337090083744228,0.005384150030248034,0.17365853658536584,17574
cal500,MLC_PA_SVM,0.20,3,0.27803190241613884,1.0,0.04835035982119657,4741,0.7219680975838612,12311,0.6531942633637549,1503,2301,0.10240441003987802,0.9532019704433498,0.6908299532671645,0.8138465950634621,0.3009817856745822,0.815959409594096,0.0881421534130894,0.49190141795493325,0.48649603132616137,0.25533110611628335,0.4913336391215395,0.10664336526378193,1503,0.3170217253743936,4741,0.06482007960360653,0.9351799203963935,0.005405405405405406,0.17901234567901234,17052
cal500,MLC_PA_SVM,0.20,4,0.273015873015873,1.0,0.047249556014572903,4988,0.726984126984127,13282,0.65642683912692,1624,2474,0.10112753147235905,0.9534756431308156,0.6915767463260061,0.8139962559891573,0.2984946906270361,0.8135964912280702,0.0888888888888889,0.5075836501807763,0.5102202722939464,0.25857829300592944,0.5156396240317025,0.09104737427518052,1624,0.32558139534883723,4988,0.06399638608643277,0.9360036139135672,0.011206896551724138,0.18426103646833014,18270
cal500,MLC_PA_SVM,0.20,5,0.27681004858395547,1.0,0.04911516461414377,4672,0.7231899514160446,12206,0.6423357664233577,1496,2329,0.10471619860173006,0.9506458111150611,0.6750070254570235,0.8027161562874022,0.30572641144573054,0.803861549328938,0.08863609432397213,0.48644566650660576,0.48962499784204966,0.25908369382498797,0.4947544594446307,0.10490193525908215,1496,0.3202054794520548,4672,0.06824512534818941,0.9317548746518106,0.01776670035573371,0.18889970788704966,16878
cal500,MLC_PA_SVM,0.25,1,0.21850460908159783,1.0,0.04814226339158857,3840,0.7814953909184021,13734,0.5433333333333333,1304,2400,0.11699100944577216,0.9376351428246272,0.5963551548915877,0.7421144905434924,0.24142992073077393,0.7447601304145319,0.07420052350062589,0.397818105100323,0.4167925591932181,0.19644188090393078,0.4238772781225116,0.1165535471637735,1304,0.33958333333333335,3840,0.07980195136158438,0.9201980486384156,0.010816400310483056,0.15170278637770898,17574
cal500,MLC_PA_SVM,0.25,2,0.21230226470922955,1.0,0.04899568437359694,3731,0.7876977352907705,13843,0.5574310415808975,1354,2429,0.11424547627176511,0.9388300899055423,0.5990201602553404,0.743156895535396,0.24362662395431683,0.7438646652370741,0.07704563559804256,0.40381311106170625,0.4231773020780526,0.19748537666646068,0.43060484052686765,0.11970492627909238,1354,0.3629053872956312,3731,0.07765657733150329,0.9223434226684967,0.015970961887477313,0.15553809897879026,17574
cal500,MLC_PA_SVM,0.25,3,0.21311283133943232,1.0,0.04835035982119657,3634,0.7868871686605676,13418,0.555845284658844,1279,2301,0.11321252638986629,0.9400656814449918,0.6037014095115836,0.7486580600928296,0.23992766022421966,0.7515799708313077,0.07500586441473145,0.4047728741993524,0.4213074963555289,0.19427698066592078,0.4269542003587512,0.12835555219973982,1279,0.3519537699504678,3634,0.07616634371739454,0.9238336562826055,0.014681469127930107,0.15953947368421054,17052
cal500,MLC_PA_SVM,0.25,4,0.21822660098522167,1.0,0.047249556014572903,3987,0.7817733990147783,14283,0.5715440582053355,1414,2474,0.11257525998905309,0.9419813902572524,0.6150595262263953,0.7567353184078832,0.24397464465973503,0.7564338235294118,0.0773946360153257,0.4310664300811655,0.4529593347126724,0.20405824703862835,0.45847695633304403,0.10808973981265123,1414,0.3546526210183095,3987,0.07421410067912904,0.925785899320871,0.015676883780332055,0.1600633914421553,18270
cal500,MLC_PA_SVM,0.25,5,0.21892404313307265,1.0,0.04911516461414377,3695,0.7810759568669273,13183,0.5590382138256763,1302,2329,0.11557945254177035,0.9391515582414978,0.6007931342177155,0.7466255899564814,0.25506931297224,0.7477278309997544,0.07714184145040881,0.41223177526729776,0.43353443151112886,0.20842659535149743,0.438620741115447,0.12739906666926673,1302,0.3523680649526387,3695,0.07790336038837897,0.922096639611621,0.027989619199342203,0.177742193755004,16878
cal500,MLC_PA_SVM,0.30,1,0.1536929555024468,1.0,0.04814226339158857,2701,0.8463070444975532,14873,0.4116666666666667,988,2400,0.1264538522817799,0.9196540343689541,0.48132452044226925,0.6441919803871085,0.1795830959390172,0.6466466466466466,0.05621941504495276,0.2827874706510045,0.31887004903683414,0.13459505611217404,0.32576379435462627,0.16424262167160833,988,0.3657904479822288,2701,0.09493713440462583,0.9050628655953742,0.016116780423456874,0.1421628189550425,17574
cal500,MLC_PA_SVM,0.30,2,0.15363605326049845,1.0,0.04899568437359694,2700,0.8463639467395015,14874,0.438452037875669,1065,2429,0.12370547399567543,0.9223853419824741,0.49376284904271955,0.6543043631851074,0.18928726273772312,0.6532791052364006,0.0606008876749744,0.2985557998490853,0.33432476972776404,0.14314601544986696,0.34001928052619423,0.1559191128029123,1065,0.39444444444444443,2700,0.09170364394244991,0.9082963560575501,0.024482293266322307,0.16319018404907976,17574
cal500,MLC_PA_SVM,0.30,3,0.15071545859723198,1.0,0.04835035982119657,2570,0.849284541402768,14482,0.4276401564537158,984,2301,0.12244897959183673,0.9227656579873329,0.4935055939800279,0.6561815234033557,0.18278340987033917,0.6571205415256444,0.05770584095707254,0.2945770586677967,0.3288309596660549,0.1371327303120403,0.3324947710530879,0.16055380647741913,984,0.38287937743190664,2570,0.09094047783455324,0.9090595221654467,0.02136549895170585,0.16380952380952382,17052
cal500,MLC_PA_SVM,0.30,4,0.1544608648056924,1.0,0.047249556014572903,2822,0.8455391351943076,15448,0.4434114793856104,1097,2474,0.12170771756978653,0.9246305418719212,0.5018608709511747,0.661923047519492,0.18606409001278312,0.6609209554296971,0.060043787629994516,0.31786777480594497,0.35814706382428124,0.14614769239167646,0.3629640882333293,0.1301994229977831,1097,0.388731396172927,2822,0.08913775245986535,0.9108622475401347,0.018038762004279247,0.15157116451016636,18270
cal500,MLC_PA_SVM,0.30,5,0.1606825453252755,1.0,0.04911516461414377,2712,0.8393174546747245,14166,0.44783168741949336,1043,2329,0.12439862542955325,0.9238061381680294,0.5046049876282406,0.6656434356657185,0.19773095016192016,0.6664937759336099,0.061796421376940414,0.3160436286778228,0.3525522772203659,0.1510882325411776,0.35738668604930257,0.15595594131587534,1043,0.38458702064896755,2712,0.09078074262318227,0.9092192573768177,0.029674850013429645,0.176696542893726,16878
cal500,MLC_PA_SVM,0.35,1,0.10066006600660066,1.0,0.04814226339158857,1769,0.8993399339933993,15805,0.28791666666666665,691,2400,0.1324769545920109,0.9027540685102993,0.3810197727281528,0.5448332792031256,0.12919821014780977,0.5439017880971444,0.03931944918629793,0.18248272293688808,0.2195113478528513,0.0842101703209666,0.22301893580512405,0.21673429793445126,691,0.390616167326173,1769,0.10813033850047453,0.8918696614995255,0.02626121508594747,0.17159476490547745,17574
cal500,MLC_PA_SVM,0.35,2,0.09849778081256401,1.0,0.04899568437359694,1731,0.901502219187436,15843,0.30671058048579664,745,2429,0.1302975987253898,0.9041766245590076,0.38581200575173685,0.5488475271492643,0.134642673413521,0.5433839479392625,0.04239217025150788,0.19060495655810264,0.22886793369192093,0.08850142612566486,0.23012412322905607,0.16863526659750463,745,0.43038705950317735,1731,0.10629300006311936,0.8937069999368806,0.02622269349500829,0.2018957345971564,17574
cal500,MLC_PA_SVM,0.35,3,0.10180623973727422,1.0,0.04835035982119657,1736,0.8981937602627258,15316,0.3042155584528466,700,2301,0.12952146375791698,0.9061107201501291,0.39041365931040556,0.555825442596583,0.13036047679891966,0.5558945908460472,0.0410509031198687,0.19148512399817436,0.2284748788592822,0.08470979724062078,0.23126882037349072,0.2130887145189632,700,0.4032258064516129,1736,0.10453120919300078,0.8954687908069993,0.023771408415804968,0.17855310415597742,17052
cal500,MLC_PA_SVM,0.35,4,0.09310344827586207,1.0,0.047249556014572903,1701,0.906896551724138,16569,0.2991107518189167,740,2474,0.12749589490968802,0.9050903119868637,0.38500790488432873,0.5490742366150508,0.1290455832098858,0.5465481171548117,0.04050355774493708,0.201014808739099,0.24529825291984003,0.08912918558877912,0.2485912499584439,0.1747788027461902,740,0.4350382128159906,1701,0.10465326815136701,0.895346731848633,0.03250750970361585,0.22032374100719423,18270
cal500,MLC_PA_SVM,0.35,5,0.09562744400995378,1.0,0.04911516461414377,1614,0.9043725559900462,15264,0.2911120652640618,678,2329,0.131289252281076,0.9021803531224079,0.37461583336818355,0.5387344759332657,0.13318214728252117,0.5381818181818182,0.0401706363313189,0.1860544744177658,0.22564331748791316,0.0865394296617786,0.22907472829751085,0.17772987033309554,678,0.4200743494423792,1614,0.10816299790356394,0.891837002096436,0.03328450905972796,0.20739318290926548,16878
cal500,MLC_PA_SVM,0.40,1,0.0639012177079777,1.0,0.04814226339158857,1123,0.9360987822920223,16451,0.19791666666666666,475,2400,0.13509730283373164,0.8904631842494595,0.3129752224494525,0.46928325145250077,0.09422609018785721,0.46690667405150926,0.02702856492545813,0.11443817265818776,0.14396132010222645,0.049238050361014044,0.14602382175948891,0.2878960473303062,475,0.42297417631344614,1123,0.11701416327274938,0.8829858367272506,0.03524161224847253,0.2278379462494986,17574
cal500,MLC_PA_SVM,0.40,2,0.0564470240127461,1.0,0.04899568437359694,992,0.9435529759872539,16582,0.192260189378345,467,2429,0.13422100830772732,0.8883578012973711,0.3037767686675011,0.4577829812020804,0.09413126931754351,0.4525669642857143,0.02657334698987135,0.10856971947386687,0.137803387744737,0.04799002202968735,0.1393071395755079,0.25479825411287577,467,0.47076612903225806,992,0.11832107104088771,0.8816789289591123,0.03465294433486769,0.2590634441087613,17574
cal500,MLC_PA_SVM,0.40,3,0.057999061693642974,1.0,0.04835035982119657,989,0.942000938306357,16063,0.19252498913515861,443,2301,0.13216045038705138,0.8910391742904058,0.3111502388845782,0.4688195843786993,0.09300735148971344,0.46670493685419057,0.02597935726014544,0.11222170357234701,0.14146902064139855,0.04735667193141456,0.1420791663816341,0.22654125079060555,443,0.44792719919110213,989,0.1156695511423769,0.8843304488576231,0.03320950336307136,0.25020177562550444,17052
cal500,MLC_PA_SVM,0.40,4,0.054679802955665026,1.0,0.047249556014572903,999,0.945320197044335,17271,0.18552950687146322,459,2474,0.13216201423097973,0.8897099069512863,0.30388365466827544,0.45976623530091315,0.08849419135581545,0.4567268805607981,0.02512315270935961,0.1198905585230457,0.15599025160570235,0.048577793734708774,0.1587700133644303,0.21210103778004055,459,0.4594594594594595,999,0.1166695616930114,0.8833304383069887,0.03721856308225859,0.2643300474625776,18270
cal500,MLC_PA_SVM,0.40,5,0.061618675198483235,1.0,0.04911516461414377,1040,0.9383813248015168,15838,0.19622155431515673,457,2329,0.1355610854366631,0.8890863846427302,0.30618081843425343,0.4630472240541556,0.09822014111481708,0.4602076124567474,0.0270766678516412,0.11761945948383568,0.14995606560880304,0.051577423494074515,0.15110052257244005,0.22492470611885648,457,0.4394230769230769,1040,0.11819674201288041,0.8818032579871196,0.03490550622448081,0.23840520748576077,16878
cal500,MLC_PA_SVM,0.50,1,0.0,0.0,0.04814226339158857,0,1.0,17574,0.0,0,2400,0.13656538067599863,0.8634346193240013,0.1985370497912647,0.3253219313502743,0.04498803982684317,0.32088285229202035,0.0,0.0,0.0,0.0,0.0,,0,,0,0.13656538067599863,0.8634346193240013,0.04498803982684317,0.32088285229202035,17574
cal500,MLC_PA_SVM,0.50,2,0.0,0.0,0.04899568437359694,0,1.0,17574,0.0,0,2429,0.13821554569250027,0.8617844543074997,0.1952070491936342,0.3199795934573434,0.04614124728785616,0.3132598247102064,0.0,0.0,0.0,0.0,0.0,,0,,0,0.13821554569250027,0.8617844543074997,0.04614124728785616,0.3132598247102064,17574
cal500,MLC_PA_SVM,0.50,3,0.0,0.0,0.04835035982119657,0,1.0,17052,0.0,0,2301,0.1349401829697396,0.8650598170302604,0.1989285353122312,0.32735056373730076,0.04565067955829888,0.3246257704725565,0.0,0.0,0.0,0.0,0.0,,0,,0,0.1349401829697396,0.8650598170302604,0.04565067955829888,0.3246257704725565,17052
cal500,MLC_PA_SVM,0.50,4,0.0,0.0,0.047249556014572903,0,1.0,18270,0.0,0,2474,0.13541324575807334,0.8645867542419267,0.18399309614522974,0.3037759836952108,0.03991639762110667,0.29795686719636777,0.0,0.0,0.0,0.0,0.0,,0,,0,0.13541324575807334,0.8645867542419267,0.03991639762110667,0.29795686719636777,18270
cal500,MLC_PA_SVM,0.50,5,0.0,0.0,0.04911516461414377,0,1.0,16878,0.0,0,2329,0.13799028320891102,0.862009716791089,0.18856135895041776,0.31309115844535257,0.04664271762074257,0.30910708988430735,0.0,0.0,0.0,0.0,0.0,,0,,0,0.13799028320891102,0.862009716791089,0.04664271762074257,0.30910708988430735,16878
cal500,GSI_MLC_PA_SVM,0.20,1,0.2268123364060544,1.0,0.05401743956201696,3986,0.7731876635939456,13588,0.55701394585726,1358,2438,0.10681688858541027,0.9385455786958006,0.6029523853481354,0.7474368786443557,0.2612587149030779,0.7494199535962877,0.07727324456583584,0.40051168641065826,0.4155121484112658,0.21311446679897633,0.4210452979489047,0.11322657728625361,1358,0.34069242348218765,3986,0.0794818957904033,0.9205181042095967,0.011066275372951821,0.14149443561208266,17574
cal500,GSI_MLC_PA_SVM,0.20,2,0.21628542164561285,1.0,0.05545788449330181,3801,0.7837145783543872,13773,0.5489063144861742,1330,2423,0.10545123477865029,0.9378058495504723,0.5935777978053156,0.7378263071808732,0.2586207078638836,0.7398238514639371,0.07567998179128266,0.38606328803370915,0.40067119758294856,0.202397297145195,0.40713313265369205,0.15446937670883112,1330,0.34990791896869244,3801,0.07935816452479488,0.9206418354752051,0.01398273338845606,0.16245210727969348,17574
cal500,GSI_MLC_PA_SVM,0.20,3,0.23985456251466103,1.0,0.053819267893973434,4090,0.7601454374853389,12962,0.5881348698250106,1378,2343,0.10456251466103685,0.9434083978418953,0.6269445428475481,0.7662358810165695,0.2698383440003378,0.7690835128021057,0.08081163499882704,0.4221222464633694,0.4308355044585239,0.22031760874139555,0.43641475746174685,0.12631503142854966,1378,0.33691931540342296,4090,0.07444838759450702,0.925551612405493,0.014788643929401421,0.16881998277347116,17052
cal500,GSI_MLC_PA_SVM,0.20,4,0.21548987411056378,1.0,0.050614658019333125,3937,0.7845101258894362,14333,0.5644710578842316,1414,2505,0.10281335522714834,0.9402846195949645,0.6043990838207454,0.7473079611997723,0.2557121297427898,0.7475121499652858,0.0773946360153257,0.4068164393280478,0.42327568670586435,0.20636144624186722,0.4276641999245581,0.11001610756960536,1414,0.35915671831343665,3937,0.07611804925695946,0.9238819507430406,0.01175424192665572,0.1509727626459144,18270
cal500,GSI_MLC_PA_SVM,0.20,5,0.22721886479440692,1.0,0.05549903772632599,3835,0.7727811352055931,13043,0.5568278201865988,1313,2358,0.10735869178812656,0.9380850811707548,0.5930375367901177,0.739745024071542,0.2761307804571023,0.7422934648581998,0.07779357743808513,0.4007999270709312,0.42106610389707066,0.2250431219593313,0.425771725727765,0.12869348232211855,1313,0.3423728813559322,3835,0.08011960438549413,0.9198803956145059,0.022149195756648078,0.17391304347826086,16878
cal500,GSI_MLC_PA_SVM,0.25,1,0.18316831683168316,1.0,0.05401743956201696,3219,0.8168316831683168,14355,0.4716981132075472,1150,2438,0.1190821668373734,0.9267099123705473,0.5278593470719705,0.6854759357966395,0.21515645957276308,0.6863127131027764,0.0654375782405826,0.3254186481344933,0.3535512055635496,0.16701221146866152,0.3579380574553935,0.12086294994566732,1150,0.3572538055296676,3219,0.08972483455242077,0.9102751654475792,0.010816400310483056,0.1320754716981132,17574
cal500,GSI_MLC_PA_SVM,0.25,2,0.16655286218277,1.0,0.05545788449330181,2927,0.83344713781723,14647,0.457697069748246,1109,2423,0.11640776146580176,0.9252304540798908,0.5130817933823926,0.671104744643255,0.20916085422115344,0.6711711711711712,0.06310458632070115,0.3055672836107861,0.3339496350453304,0.15293744350246485,0.3384804523609261,0.16430848185913444,1109,0.3788862316364879,2927,0.08971120365945245,0.9102887963405475,0.018471318289830084,0.15661103979460847,17574
cal500,GSI_MLC_PA_SVM,0.25,3,0.17921651419188364,1.0,0.053819267893973434,3056,0.8207834858081163,13996,0.4886897140418267,1145,2343,0.11505981703026039,0.9297443115177105,0.5375931001030084,0.6936101824097061,0.21442443902739536,0.6971688574317493,0.06714754867464223,0.3327708037188297,0.3582098058516605,0.16490370376845312,0.3645001020913904,0.14175358624058945,1145,0.37467277486910994,3056,0.08559588453843955,0.9144041154615604,0.029432426982336234,0.1634078212290503,17052
cal500,GSI_MLC_PA_SVM,0.25,4,0.17443897099069514,1.0,0.050614658019333125,3187,0.8255610290093048,15083,0.48303393213572854,1210,2505,0.11449096880131363,0.9291187739463601,0.5293851790555048,0.6855845865538677,0.213087621263846,0.6857558844940549,0.06622879036672136,0.33180253456280717,0.36155231205995975,0.16373693776292345,0.3659079344533272,0.1375375837343833,1210,0.3796673988076561,3187,0.08585825101107207,0.914141748988928,0.02139040129058278,0.1383898868928809,18270
cal500,GSI_MLC_PA_SVM,0.25,5,0.1699845953312004,1.0,0.05549903772632599,2869,0.8300154046687996,14009,0.4541984732824427,1071,2358,0.1187492593909231,0.923746889441877,0.5030040155665721,0.6637941699495233,0.21606767828731824,0.6659745652738126,0.06345538570920728,0.31076640584738563,0.34511524977505204,0.1649800197895472,0.3494528261433778,0.14057035126109577,1071,0.3733008016730568,2869,0.09186951245627811,0.9081304875437219,0.021126913084316364,0.17973231357552583,16878
cal500,GSI_MLC_PA_SVM,0.30,1,0.12859906680323205,1.0,0.05401743956201696,2260,0.8714009331967679,15314,0.3535684987694832,862,2438,0.12825765335154204,0.9103220666894276,0.42476145906774154,0.5905301649083476,0.15933042411131942,0.5900104058272633,0.04904973255946288,0.2223207601302644,0.25860543467525776,0.11118617600721785,0.26163575017988033,0.1601466868111862,862,0.38141592920353984,2260,0.10291236776805537,0.8970876322319447,0.019948198047977945,0.13024282560706402,17574
cal500,GSI_MLC_PA_SVM,0.30,2,0.12165699328553545,1.0,0.05545788449330181,2138,0.8783430067144645,15436,0.3532810565414775,856,2423,0.12566291111869807,0.9108341868669626,0.4252763890227811,0.5898820519823142,0.16307820652929975,0.5849006622516556,0.04870831910777296,0.21776187925117463,0.25272694238438964,0.10685479581061116,0.2522099434414105,0.20491090326921546,856,0.40037418147801684,2138,0.10151593677118424,0.8984840632288158,0.03225397560697016,0.16337426588360918,17574
cal500,GSI_MLC_PA_SVM,0.30,3,0.126202205019939,1.0,0.053819267893973434,2152,0.8737977949800609,14900,0.3725992317541613,873,2343,0.12406755805770583,0.9137931034482758,0.44029144439587803,0.6048967364586398,0.16323951559529074,0.6061093247588425,0.0511963406052075,0.2354691480116993,0.2694963599005943,0.1137187803363485,0.2734405694184836,0.16955413024756913,873,0.40566914498141265,2152,0.09865771812080537,0.9013422818791946,0.0315313867038005,0.17415730337078653,17052
cal500,GSI_MLC_PA_SVM,0.30,4,0.1257799671592775,1.0,0.050614658019333125,2298,0.8742200328407225,15972,0.3772455089820359,945,2505,0.12311986863711002,0.9146141215106732,0.435282138689639,0.5995165476490886,0.163237005687456,0.598145285935085,0.051724137931034475,0.23769949419694145,0.27548427315518065,0.11388632218653344,0.2782973358943573,0.16649696100061423,945,0.4112271540469974,2298,0.09767092411720511,0.9023290758827949,0.03120309637906103,0.15492957746478872,18270
cal500,GSI_MLC_PA_SVM,0.30,5,0.1230596042185093,1.0,0.05549903772632599,2077,0.8769403957814907,14801,0.34902459711620015,823,2358,0.12786467590946793,0.9090532053560848,0.4142438221222579,0.5804872535818901,0.1677005762382599,0.5814016907553858,0.04876170162341509,0.2220062124030714,0.2618083334074188,0.11661291774048888,0.26487995162495104,0.16822366604895678,823,0.3962445835339432,2077,0.10370920883724073,0.8962907911627592,0.0332393227062539,0.1856763925729443,16878
cal500,GSI_MLC_PA_SVM,0.35,1,0.09047456469784909,1.0,0.05401743956201696,1590,0.9095254353021509,15984,0.26784249384741593,653,2438,0.1332365995220212,0.8984294981222261,0.3557545475126382,0.5189526173890033,0.12435916512057647,0.5174371451743714,0.03715716399226132,0.15331384857516103,0.18702788715591345,0.0762149170164749,0.1890624895269885,0.1975168766483979,653,0.4106918238993711,1590,0.11167417417417418,0.8883258258258259,0.03570292280351725,0.16860735910572894,17574
cal500,GSI_MLC_PA_SVM,0.35,2,0.08199613064754752,1.0,0.05545788449330181,1441,0.9180038693524525,16133,0.2562938505984317,621,2423,0.13123648571753727,0.8974621600091044,0.34959562078242623,0.5106103553959775,0.12309582582834812,0.5041276829939461,0.03533629224991475,0.14208111101081977,0.17345524579805294,0.06687241510965955,0.17143696418370097,0.26776762203196064,621,0.4309507286606523,1441,0.11169652265542676,0.8883034773445733,0.04053487359470639,0.22327586206896552,17574
cal500,GSI_MLC_PA_SVM,0.35,3,0.08620689655172414,1.0,0.053819267893973434,1470,0.9137931034482759,15582,0.2667520273154076,625,2343,0.13092305887872394,0.8992493549143795,0.35843073759337357,0.5212789880683176,0.12139752388271574,0.5211817168338907,0.03665259207131122,0.15360844120919484,0.18587861151027207,0.0718767886237735,0.1885129614935318,0.2079178994255425,625,0.42517006802721086,1470,0.11025542292388654,0.8897445770761134,0.03481017690309601,0.2140896614821592,17052
cal500,GSI_MLC_PA_SVM,0.35,4,0.07887246852764095,1.0,0.050614658019333125,1441,0.921127531472359,16829,0.2562874251497006,642,2505,0.12957580733442806,0.8980295566502463,0.3419467019422716,0.5019324906784516,0.11534097404730777,0.49959709911361805,0.035139573070607555,0.14436405744957406,0.17790021618454366,0.0659902905463852,0.17974914907289036,0.19961487338100659,642,0.4455239417071478,1441,0.11070176481074336,0.8892982351892567,0.046546387174456506,0.21092757306226176,18270
cal500,GSI_MLC_PA_SVM,0.35,5,0.07459414622585614,1.0,0.05549903772632599,1259,0.9254058537741439,15619,0.23240033927056827,548,2358,0.13334814551487142,0.8927598056641782,0.3213831786982987,0.48054555026867507,0.12017432915129186,0.48018380241240666,0.032468301931508514,0.12914556897911217,0.16186663009420377,0.06908667065352084,0.16366206328197186,0.19720974359945978,548,0.4352660841938046,1259,0.11588449964786478,0.8841155003521353,0.0422046016835137,0.2075306479859895,16878
cal500,GSI_MLC_PA_SVM,0.40,1,0.05456925002845112,1.0,0.05401743956201696,959,0.9454307499715489,16615,0.17760459392945038,433,2438,0.13591669511778762,0.8859110048935928,0.29442567528049685,0.4490326610921448,0.09128740626376547,0.44597955236253106,0.024638670763628023,0.09198497634301969,0.11710793085905491,0.043143158159663894,0.11760489671514812,0.23456804491578875,433,0.45151199165797706,959,0.1206740896780018,0.8793259103219981,0.04412487441808609,0.2487823154739603,17574
cal500,GSI_MLC_PA_SVM,0.40,2,0.049561852736997834,1.0,0.05545788449330181,871,0.9504381472630021,16703,0.16054477919933965,389,2423,0.13556390121770795,0.8842608398770911,0.2884554634286273,0.43999340648293533,0.09390881359057554,0.43562708102108766,0.022134972117901497,0.08094095365702086,0.10283829688501073,0.037685402871886965,0.10293636221084257,0.37822370420688384,389,0.44661308840413316,871,0.1217745315212836,0.8782254684787164,0.04025130860737738,0.2720114531138153,17574
cal500,GSI_MLC_PA_SVM,0.40,3,0.05219329110954727,1.0,0.053819267893973434,890,0.9478067088904527,16162,0.16986769099445156,398,2343,0.13494018296973964,0.8859371334740793,0.2885855480471726,0.44209853813242583,0.08704966157899151,0.44060972102387114,0.02334037063101102,0.08376325166299389,0.10669816157438028,0.03752892632004926,0.10794096568351225,0.2656881472786906,398,0.44719101123595506,890,0.1203440168296003,0.8796559831703997,0.03967068210636533,0.2545036412418551,17052
cal500,GSI_MLC_PA_SVM,0.40,4,0.047126436781609195,1.0,0.050614658019333125,861,0.9528735632183908,17409,0.16766467065868262,420,2505,0.13297208538587849,0.8858784893267652,0.28437998123141284,0.4365102309926394,0.08850021921527354,0.43296165352189286,0.02298850574712641,0.08679733673871529,0.11247795649873149,0.03914953571435097,0.11311370348116517,0.2368805662441676,420,0.4878048780487805,861,0.11976563846286403,0.880234361537136,0.04525449653198279,0.26246904846126634,18270
cal500,GSI_MLC_PA_SVM,0.40,5,0.04905794525417703,1.0,0.05549903772632599,828,0.9509420547458229,16050,0.15860899067005937,374,2358,0.13717265078800808,0.8824505273136628,0.27001592925432794,0.41998625904092307,0.09066351242332815,0.4174985320023488,0.022159023580993087,0.07777831953514142,0.10130733886645177,0.039575853925557125,0.10097679287191402,0.2535910112963925,374,0.45169082125603865,828,0.12361370716510904,0.876386292834891,0.04267235575102832,0.23984674329501915,16878
cal500,GSI_MLC_PA_SVM,0.50,1,0.0,0.0,0.05401743956201696,0,1.0,17574,0.0,0,2438,0.13872766587003527,0.8612723341299647,0.20244069893747715,0.3319247302330899,0.048144248104101575,0.32837465564738294,0.0,0.0,0.0,0.0,0.0,,0,,0,0.13872766587003527,0.8612723341299647,0.048144248104101575,0.32837465564738294,17574
cal500,GSI_MLC_PA_SVM,0.50,2,0.0,0.0,0.05545788449330181,0,1.0,17574,0.0,0,2423,0.1378741322408103,0.8621258677591896,0.20751450977160646,0.3371551095979246,0.056223410718688575,0.3326907188102451,0.0,0.0,0.0,0.0,0.0,,0,,0,0.1378741322408103,0.8621258677591896,0.056223410718688575,0.3326907188102451,17574
cal500,GSI_MLC_PA_SVM,0.50,3,0.0,0.0,0.053819267893973434,0,1.0,17052,0.0,0,2343,0.13740323715693173,0.8625967628430683,0.20482229638417873,0.33540037655804555,0.049520735258942246,0.3326687553403589,0.0,0.0,0.0,0.0,0.0,,0,,0,0.13740323715693173,0.8625967628430683,0.049520735258942246,0.3326687553403589,17052
cal500,GSI_MLC_PA_SVM,0.50,4,0.0,0.0,0.050614658019333125,0,1.0,18270,0.0,0,2505,0.13711001642036125,0.8628899835796388,0.19758264449269755,0.3240322744939079,0.04935068350092257,0.3198479500407277,0.0,0.0,0.0,0.0,0.0,,0,,0,0.13711001642036125,0.8628899835796388,0.04935068350092257,0.3198479500407277,18270
cal500,GSI_MLC_PA_SVM,0.50,5,0.0,0.0,0.05549903772632599,0,1.0,16878,0.0,0,2358,0.13970849626733026,0.8602915037326697,0.19223760971918652,0.3186789201744713,0.05108765849777103,0.3165217391304348,0.0,0.0,0.0,0.0,0.0,,0,,0,0.13970849626733026,0.8602915037326697,0.05108765849777103,0.3165217391304348,16878
bibtex,MLC_PA_Logistic,0.20,1,0.008894144259935222,0.6920980926430518,0.0018034435302149306,2076,0.9911058557400648,231336,0.26464646464646463,786,2970,0.011135674258392883,0.9906431545935942,0.45129072978187423,0.5111410123331105,0.45108988144359563,0.5847908745247148,0.003367436121536227,0.13134964190321624,0.13478135359947357,0.17348076493655679,0.1583714075490485,0.3892823968263908,786,0.3786127167630058,2076,0.00944081336238199,0.990559186637618,0.2048964904535606,0.4019715224534502,233412
bibtex,MLC_PA_Logistic,0.20,2,0.008455247189385623,0.6745602165087957,0.0016878702046238356,1987,0.9915447528106144,233015,0.25787671232876713,753,2920,0.010912247555339953,0.9907788018825372,0.46249162242058045,0.5226930545773577,0.45200180120962286,0.5930516431924883,0.0032042280491230146,0.13056502210764726,0.13263996061784683,0.1589029378486213,0.14797372605071707,0.40805489033145304,753,0.3789632611977856,1987,0.009299830483016115,0.9907001695169839,0.2273237330799595,0.4207431168136862,235002
bibtex,MLC_PA_Logistic,0.20,3,0.008652462863231385,0.6888595912986157,0.001677850591107303,2087,0.9913475371367686,239116,0.2704339051463169,804,2973,0.01072291803999121,0.9910075745326551,0.4444792115523823,0.5018744642734675,0.44241367598363246,0.5840843720038351,0.0033332918744791717,0.13869292283926432,0.14029672098840718,0.17728699737984827,0.1666828434911955,0.3402467638658506,804,0.38524197412553907,2087,0.00907091118954817,0.9909290888104518,0.20644914494853522,0.4009942004971003,241203
bibtex,MLC_PA_Logistic,0.20,4,0.008634910815547995,0.6782786885245902,0.0017151798875022816,2010,0.991365089184452,230766,0.2623626373626374,764,2912,0.01095473760181462,0.990772244561295,0.45784230111918156,0.5171769563163006,0.4598245764704887,0.5968468468468469,0.0032821253050142607,0.13857817577079873,0.13972313926207364,0.1689063862193005,0.15749374711638864,0.3840386369162046,764,0.3800995024875622,2010,0.009308130313824393,0.9906918696861756,0.23785629557131668,0.42320085929108486,232776
bibtex,MLC_PA_Logistic,0.20,5,0.008705636385447192,0.6825613079019074,0.0016149834016957424,2032,0.9912943636145528,231380,0.2684903748733536,795,2961,0.011020855825750174,0.9907202714513392,0.4596615165346132,0.524304643282845,0.4640238871561397,0.5979955456570156,0.0034059945504086864,0.1306807285632599,0.13450558512189087,0.1740951248258401,0.15826044631926728,0.38527148527301336,795,0.391240157480315,2032,0.00936122396058432,0.9906387760394156,0.22583096646956263,0.41961414790996787,233412
bibtex,MLC_PA_Logistic,0.25,1,0.006829126180316351,0.6096730245231607,0.0018034435302149306,1594,0.9931708738196836,231818,0.21952861952861952,652,2970,0.011638219114698473,0.9900690624303806,0.4221429853071542,0.48181427261808735,0.4194624690115718,0.5550863723608446,0.002793343958322647,0.10220189742849622,0.10545461388445043,0.14185335250453296,0.12866690538517828,0.39064298524474794,652,0.4090338770388959,1594,0.009999223528802767,0.9900007764711972,0.21494653579986245,0.4065540194572453,233412
bibtex,MLC_PA_Logistic,0.25,2,0.006357392703040825,0.5926928281461434,0.0016878702046238356,1494,0.9936426072969592,233508,0.20582191780821918,601,2920,0.0114573492991549,0.9901319988766053,0.4323251474131042,0.4931050043025685,0.4173886691357862,0.5613769623605069,0.0025574250431911194,0.10039854710017099,0.1030519103430576,0.12428980577478466,0.11629904521873574,0.410375323233008,601,0.40227576974564927,1494,0.009931137262963153,0.9900688627370369,0.2369037472425206,0.4247085090548251,235002
bibtex,MLC_PA_Logistic,0.25,3,0.006562936613557875,0.5906394199077126,0.001677850591107303,1583,0.9934370633864421,239620,0.21594349142280525,642,2973,0.01130479305812946,0.99033594109526,0.40680094094728236,0.46513680436507593,0.3984474686165829,0.5472907360652554,0.0026616584370841023,0.10101465223416439,0.10355906108001561,0.13332079001279873,0.12988920755261574,0.33636664523711457,642,0.40555906506632977,1583,0.009727902512311159,0.9902720974876889,0.2179244530646513,0.4045977011494253,241203
bibtex,MLC_PA_Logistic,0.25,4,0.006680241949341857,0.592896174863388,0.0017151798875022816,1555,0.9933197580506582,231221,0.2125686813186813,619,2912,0.011520732377908375,0.9901493281094271,0.42604937675453586,0.4844080820515247,0.42391859900291123,0.564978182508063,0.002659208853146411,0.10678525140615303,0.10695426499729777,0.13300040875172303,0.12562508277760476,0.3809895816120619,619,0.39807073954983924,1555,0.00991691931096224,0.9900830806890377,0.2454038460337079,0.42631973980485366,232776
bibtex,MLC_PA_Logistic,0.25,5,0.006743440782821792,0.6001362397820164,0.0016149834016957424,1574,0.9932565592171783,231838,0.22019587977034785,652,2961,0.011578239336452282,0.9901076208592532,0.43310392524609537,0.49701327536597606,0.42645164209772896,0.5680074836295603,0.002793343958322647,0.1041231372747421,0.10721421720502194,0.13652287976742938,0.12827238429181198,0.3857817461311285,652,0.4142312579415502,1574,0.009959540713774273,0.9900404592862257,0.24268668930758427,0.424906600249066,233412
bibtex,MLC_PA_Logistic,0.30,1,0.005196819358045002,0.5143051771117166,0.0018034435302149306,1213,0.9948031806419549,232199,0.1750841750841751,520,2970,0.012055507000496976,0.9895035388069165,0.39837520090415185,0.4576997351724872,0.38854872576279526,0.5262954369682908,0.0022278203348585768,0.07843411302549386,0.08134007643885027,0.11093960925575641,0.09987596999262455,0.4007100971117947,520,0.42868920032976093,1213,0.01055129436388615,0.9894487056361139,0.2299407412417002,0.4121880998080614,233412
bibtex,MLC_PA_Logistic,0.30,2,0.004748895754078689,0.5081190798376184,0.0016878702046238356,1116,0.9952511042459213,233886,0.16027397260273973,468,2920,0.011858622479808683,0.989566046246415,0.40853472005366454,0.46950989232982726,0.3869408440536867,0.5343714394227117,0.0019914724130007944,0.07660811974073134,0.07945679837031638,0.09384198069268518,0.08929352228094051,0.4229772478084263,468,0.41935483870967744,1116,0.01048373994168099,0.989516260058319,0.24996371876225715,0.4268349696119682,235002
bibtex,MLC_PA_Logistic,0.30,3,0.004879707134654213,0.4970336189848385,0.001677850591107303,1177,0.9951202928653458,240026,0.16818028927009754,500,2973,0.011716686774210935,0.9897472253661853,0.3831017587115148,0.4419501724379773,0.36243531557947517,0.5153831079757005,0.0020729427080093954,0.07731546999839684,0.08037242915291698,0.09730863697569098,0.09798157946306091,0.33680778492608693,500,0.42480883602378927,1177,0.01030305050286219,0.9896969494971378,0.22312347189391551,0.40366530021702435,241203
bibtex,MLC_PA_Logistic,0.30,4,0.004923187957521394,0.4959016393442623,0.0017151798875022816,1146,0.9950768120424786,231630,0.16758241758241757,488,2912,0.011890401072275493,0.989586555314981,0.3973180670806033,0.45642154820071884,0.3934482784106227,0.5363427697016068,0.002096436058700246,0.07805394173222047,0.07896773114649192,0.10253008815943448,0.09698966997114855,0.3658550435549337,488,0.4258289703315881,1146,0.010464965678020981,0.989535034321979,0.2573042747606448,0.4317862165963432,232776
bibtex,MLC_PA_Logistic,0.30,5,0.005059722722053708,0.5088555858310627,0.0016149834016957424,1181,0.9949402772779463,232231,0.17359000337723743,514,2961,0.012001525200075403,0.9895163916165407,0.40608207241281447,0.46976792202580897,0.3899051212259584,0.5373416524862923,0.0022021147156101595,0.0771012844414612,0.07996886386485486,0.09997635889565881,0.09760655314854394,0.39016108595266724,514,0.43522438611346315,1181,0.01053692228858335,0.9894630777114166,0.24668817346550506,0.42760233918128654,233412
bibtex,MLC_PA_Logistic,0.35,1,0.0037787260295100507,0.41757493188010897,0.0018034435302149306,882,0.99622127397049,232530,0.13063973063973064,388,2970,0.012384538926876082,0.9889380151834525,0.3773415388017086,0.43584308499750984,0.3567044122912478,0.4996124031007752,0.0016622967113945064,0.05740045092305063,0.05948342626387293,0.07909529578420893,0.07319293612510891,0.37370080600921063,388,0.4399092970521542,882,0.011103943577172837,0.9888960564228272,0.24721066034888145,0.41846846846846847,233412
bibtex,MLC_PA_Logistic,0.35,2,0.0032893337077982317,0.3944519621109608,0.0016878702046238356,773,0.9967106662922017,234229,0.1160958904109589,339,2920,0.01213415204976979,0.9890171147479596,0.3846042733390501,0.44392519065263175,0.3540349670303489,0.5071605881229712,0.0014425409145454315,0.05267767302611692,0.053872096693120874,0.060936103669347375,0.06208267098119996,0.3702591805953151,339,0.4385510996119017,773,0.011019130850577853,0.9889808691494222,0.2639858402987772,0.4341153255864942,235002
bibtex,MLC_PA_Logistic,0.35,3,0.0034742519786238146,0.4034278180619644,0.001677850591107303,838,0.9965257480213762,240365,0.12546249579549276,373,2973,0.011995290274167403,0.9892206979183509,0.35822778627656676,0.4166954118173631,0.3306575978474569,0.48738170347003157,0.0015464152601749603,0.05244149756344879,0.055117668532302766,0.06553091924367271,0.06998017495739195,0.3165648677421307,373,0.4451073985680191,838,0.010816882657624862,0.9891831173423752,0.24073286109863054,0.4109651110104214,241203
bibtex,MLC_PA_Logistic,0.35,4,0.0035613637144722822,0.4036885245901639,0.0017151798875022816,829,0.9964386362855278,231947,0.12740384615384615,371,2912,0.012162551122108806,0.9890839261779565,0.3731577973260712,0.4319879027629751,0.36182216224564895,0.5097433918579973,0.0015938069216757667,0.05389367197768835,0.05453408570874818,0.07090397199446075,0.07039029212753911,0.36618210000562945,371,0.44752714113389624,829,0.01095508887806266,0.9890449111219374,0.2641398462277171,0.431924882629108,232776
bibtex,MLC_PA_Logistic,0.35,5,0.0037358833307627715,0.414850136239782,0.0016149834016957424,872,0.9962641166692372,232540,0.13171225937183384,390,2961,0.012322417013692525,0.9889851421520744,0.38633140697924717,0.4500095892749778,0.3626585595471853,0.5122367672168469,0.0016708652511439048,0.0573506190078939,0.06021053111402369,0.07272979721688572,0.07250166787909851,0.38738348929402605,390,0.44724770642201833,872,0.011056162380665691,0.9889438376193344,0.25612739921620026,0.43132050431320507,233412
bibtex,MLC_PA_Logistic,0.40,1,0.0024634551779685707,0.30994550408719346,0.0018034435302149306,575,0.9975365448220315,232837,0.08888888888888889,264,2970,0.012578616352201259,0.9884067657189862,0.3563237856514022,0.41506095327621206,0.33020803626031564,0.47497089639115253,0.0011310472469282518,0.03638269777274422,0.03870129454257515,0.052598919753276796,0.048551429415486236,0.3701591526218391,264,0.4591304347826087,575,0.011621864222610667,0.9883781357773893,0.25571491646314987,0.419811320754717,233412
bibtex,MLC_PA_Logistic,0.40,2,0.0020553016570071746,0.2699594046008119,0.0016878702046238356,483,0.9979446983429928,234519,0.07705479452054795,225,2920,0.012290108169292175,0.9885320124935107,0.3662332855837592,0.4244439802377271,0.3344828222209511,0.48598130841121495,0.0009574386600965656,0.03430668527082603,0.03439088627821624,0.041383958859949554,0.040903391269443756,0.3618289338527433,225,0.4658385093167702,483,0.011491606223802762,0.9885083937761973,0.27762509407257124,0.43912591050988553,235002
bibtex,MLC_PA_Logistic,0.40,3,0.0021848816142419456,0.2854317732366513,0.001677850591107303,527,0.9978151183857581,240676,0.08173562058526741,243,2973,0.0121922198314283,0.9886817328142685,0.3369883174761223,0.39435182806775343,0.30516294000499455,0.4600474683544304,0.0010074501560926041,0.03120202876300432,0.032774084782693114,0.04003626140121036,0.04264593984179077,0.32286405656410144,243,0.46110056925996207,527,0.011343050408017417,0.9886569495919826,0.2472674321248565,0.4113842173350582,241203
bibtex,MLC_PA_Logistic,0.40,4,0.002289754957555762,0.29030054644808745,0.0017151798875022816,533,0.9977102450424442,232243,0.08619505494505494,251,2912,0.012347492868680619,0.9885684091143416,0.3535715908033893,0.4137007861152027,0.3381263999843035,0.486194245993435,0.0010782898580609102,0.03430746545500646,0.0362469690609758,0.04720820973311529,0.04684114626297681,0.35294516089970634,251,0.4709193245778612,533,0.011457826500691087,0.988542173499309,0.27268904930878274,0.4339502233567326,232776
bibtex,MLC_PA_Logistic,0.40,5,0.002514866416465306,0.30994550408719346,0.0016149834016957424,587,0.9974851335835347,232825,0.09050996285038838,268,2961,0.012543485339228489,0.9884624612273576,0.3649409672645567,0.42782864616419813,0.33867274437310185,0.48889732397039287,0.0011481843264270486,0.03596017929320344,0.03802958800324402,0.04874398204280228,0.049162224632644524,0.3889302196300908,268,0.4565587734241908,587,0.011566627295178782,0.9884333727048212,0.2661976864291452,0.43149672788684823,233412
bibtex,MLC_PA_Logistic,0.50,1,0.0,0.0,0.0018034435302149306,0,1.0,233412,0.0,0,2970,0.012724281527942008,0.987275718472058,0.319941087878658,0.3763596587336369,0.27760911650703884,0.4264194669756663,0.0,0.0,0.0,0.0,0.0,,0,,0,0.012724281527942008,0.987275718472058,0.27760911650703884,0.4264194669756663,233412
bibtex,MLC_PA_Logistic,0.50,2,0.0,0.0,0.0016878702046238356,0,1.0,235002,0.0,0,2920,0.012425426166585816,0.9875745738334142,0.3319266003129332,0.3900530939595109,0.29309886336100155,0.4450779171417712,0.0,0.0,0.0,0.0,0.0,,0,,0,0.012425426166585816,0.9875745738334142,0.29309886336100155,0.4450779171417712,235002
bibtex,MLC_PA_Logistic,0.50,3,0.0,0.0,0.001677850591107303,0,1.0,241203,0.0,0,2973,0.012325717341824107,0.9876742826581759,0.30578628871311797,0.3615777432850603,0.2651266786037842,0.4174015285126396,0.0,0.0,0.0,0.0,0.0,,0,,0,0.012325717341824107,0.9876742826581759,0.2651266786037842,0.4174015285126396,241203
bibtex,MLC_PA_Logistic,0.50,4,0.0,0.0,0.0017151798875022816,0,1.0,232776,0.0,0,2912,0.012509880743719283,0.9874901192562807,0.31926412534838283,0.3774538170542269,0.2909181902511882,0.4393530997304582,0.0,0.0,0.0,0.0,0.0,,0,,0,0.012509880743719283,0.9874901192562807,0.2909181902511882,0.4393530997304582,232776
bibtex,MLC_PA_Logistic,0.50,5,0.0,0.0,0.0016149834016957424,0,1.0,233412,0.0,0,2961,0.012685723099069457,0.9873142769009305,0.3289807879713533,0.3897990581609541,0.28992876233029957,0.43973509933774835,0.0,0.0,0.0,0.0,0.0,,0,,0,0.012685723099069457,0.9873142769009305,0.28992876233029957,0.43973509933774835,233412
bibtex,MLC_PA_MLP,0.20,1,0.9999785786506263,1.0,0.038660098822010186,233407,2.1421349373639743e-05,5,1.0,30566,30566,0.1999957157301253,1.0,1.0,1.0,1.0,1.0,0.13095299299093455,0.9497634897698148,0.9075700144799805,0.901669212898322,0.9033573708476179,0.09833078710167796,30566,0.1309557982408411,233407,0.0,1.0,0.0,0.0,233412
bibtex,MLC_PA_MLP,0.20,2,0.9999659577365299,1.0,0.03994404919250696,234994,3.4042263470098125e-05,8,1.0,31587,31587,0.19999319154730602,1.0,1.0,1.0,1.0,1.0,0.13441162202874868,0.9518189156846686,0.9112889695533635,0.8983630939564025,0.9068125053828267,0.10163690604359751,31587,0.1344161978603709,234994,0.0,1.0,0.0,0.0,235002
bibtex,MLC_PA_MLP,0.20,3,0.9999751246875039,1.0,0.03863917326104739,241197,2.4875312496113233e-05,6,1.0,31920,31920,0.19999502493750082,1.0,1.0,1.0,1.0,1.0,0.1323366624793224,0.9527630135091272,0.9129275503825582,0.9000722900684506,0.9090909090909091,0.09992770993154937,31920,0.13233995447704575,241197,0.0,1.0,0.0,0.0,241203
bibtex,MLC_PA_MLP,0.20,4,0.9999785201223493,1.0,0.038466624956572076,232771,2.14798776506169e-05,5,1.0,30486,30486,0.1999957040244699,1.0,1.0,1.0,1.0,1.0,0.13096711001134143,0.949834880114764,0.9077989576976578,0.8967193870249865,0.9027004619211181,0.10328061297501341,30486,0.13096992322926826,232771,0.0,1.0,0.0,0.0,232776
bibtex,MLC_PA_MLP,0.20,5,0.9999657258410022,1.0,0.03849223776738544,233404,3.427415899782359e-05,8,1.0,30349,30349,0.1999931451682005,1.0,1.0,1.0,1.0,1.0,0.13002330642811855,0.9497101463603729,0.9075697797982452,0.8974902304131531,0.9031096563011457,0.10250976958684684,30349,0.1300277630203424,233404,0.0,1.0,0.0,0.0,233412
bibtex,MLC_PA_MLP,0.25,1,0.9993402224392919,1.0,0.038660098822010186,233258,0.0006597775607081041,154,1.0,30566,30566,0.24983505560982297,1.0,1.0,1.0,1.0,1.0,0.13095299299093455,0.9497634897698148,0.9075700144799805,0.901669212898322,0.9033573708476179,0.0983237332547085,30566,0.13103944987953253,233258,0.0,1.0,0.006289308176100629,1.0,233412
bibtex,MLC_PA_MLP,0.25,2,0.9993702181258032,1.0,0.03994404919250696,234854,0.0006297818741968154,148,1.0,31587,31587,0.2498425545314508,1.0,1.0,1.0,1.0,1.0,0.13441162202874868,0.9518189156846686,0.9112889695533635,0.8983630939564025,0.9068125053828267,0.10162987691165519,31587,0.13449632537661696,234854,0.0,1.0,0.006289308176100629,1.0,235002
bibtex,MLC_PA_MLP,0.25,3,0.9994485972396695,1.0,0.03863917326104739,241070,0.00055140276033051,133,1.0,31920,31920,0.24986214930991738,1.0,1.0,1.0,1.0,1.0,0.1323366624793224,0.9527630135091272,0.9129275503825582,0.9000722900684506,0.9090909090909091,0.09990192103523378,31920,0.13240967353880614,241070,0.0,1.0,0.012578616352201259,1.0,241203
bibtex,MLC_PA_MLP,0.25,4,0.9993083479396502,1.0,0.038466624956572076,232615,0.0006916520603498643,161,1.0,30486,30486,0.24982708698491254,1.0,1.0,1.0,1.0,1.0,0.13096711001134143,0.949834880114764,0.9077989576976578,0.8967193870249865,0.9027004619211181,0.1032615662586937,30486,0.13105775637856545,232615,0.0,1.0,0.012578616352201259,1.0,232776
bibtex,MLC_PA_MLP,0.25,5,0.9994301921066612,1.0,0.03849223776738544,233279,0.0005698078933388172,133,1.0,30349,30349,0.2498575480266653,1.0,1.0,1.0,1.0,1.0,0.13002330642811855,0.9497101463603729,0.9075697797982452,0.8974902304131531,0.9031096563011457,0.10249782404488315,30349,0.1300974369746098,233279,0.0,1.0,0.012578616352201259,1.0,233412
bibtex,MLC_PA_MLP,0.30,1,0.9906260175140953,1.0,0.038660098822010186,231224,0.009373982485904752,2188,0.9999345678204541,30564,30566,0.297196373793978,0.9999914314602505,0.9998013169845594,0.9998926595656842,0.9995578425767105,0.9997180716098111,0.13094442445118504,0.9495648067543743,0.9074626740456647,0.9012270554750326,0.903075442457429,0.09799728480339479,30564,0.13218351036224613,231224,0.0009140767824497258,0.9990859232175503,0.025157232704402517,0.9743589743589743,233412
bibtex,MLC_PA_MLP,0.30,2,0.9909107156534838,1.0,0.03994404919250696,232866,0.0090892843465162,2136,0.9999683414062748,31586,31587,0.29727746997897886,0.9999957447170662,0.9996617050067659,0.9997744700045105,0.9999644671854457,0.9998596097150078,0.13440736674581488,0.9514806206914345,0.9110634395578739,0.8983275611418482,0.9066721150978344,0.10126594826947463,31586,0.13564023945101475,232866,0.00046816479400749064,0.9995318352059925,0.025157232704402517,0.989247311827957,235002
bibtex,MLC_PA_MLP,0.30,3,0.990974407449327,1.0,0.03863917326104739,239026,0.009025592550673084,2177,0.999937343358396,31918,31920,0.29730061400563007,0.9999917082291679,0.9996704021094265,0.9998116583482437,0.9994531036368608,0.9997146932952924,0.13232837070849035,0.9524334156185537,0.9127392087308019,0.8995253937053114,0.9088056023862014,0.09962015114654316,31918,0.13353359048806407,239026,0.0009186954524575103,0.9990813045475425,0.025157232704402517,0.9807692307692307,241203
bibtex,MLC_PA_MLP,0.30,4,0.9899860810392824,1.0,0.038466624956572076,230445,0.0100139189607176,2331,0.9999015941743751,30483,30486,0.2970087122383751,0.9999871120734096,0.9996357012750455,0.9997874924104432,0.9997071106801738,0.99958071278826,0.13095422208475105,0.9494705813898096,0.907586450108101,0.8964264977051604,0.9022811747093781,0.1029509751348864,30483,0.1322788517867604,230445,0.001287001287001287,0.9987129987129987,0.018688230008984726,0.9714285714285714,232776
bibtex,MLC_PA_MLP,0.30,5,0.9908145253885833,1.0,0.03849223776738544,231268,0.009185474611416722,2144,0.99986819994069,30345,30349,0.2972614946960739,0.9999828629205011,0.9993188010899182,0.9996072047843165,0.9994756494604333,0.9994396189408798,0.13000616934861964,0.9490289474502911,0.9071769845825617,0.8969658798735864,0.9025492752420256,0.10235788601242347,30345,0.13121140840929138,231268,0.0018656716417910447,0.9981343283582089,0.018867924528301886,0.9375,233412
bibtex,MLC_PA_MLP,0.35,1,0.9266018885061608,1.0,0.038660098822010186,216280,0.07339811149383922,17132,0.9977098737158935,30496,30566,0.3246105598683872,0.9997001011087691,0.9838267970676008,0.9883647747349562,0.9839306076337863,0.9900737379466817,0.1306530940997036,0.9335902868374156,0.8959347892149367,0.8855998205321083,0.8934311087942997,0.09644192054500408,30496,0.14100240429073424,216280,0.00408592108335279,0.9959140789166472,0.06726419120785318,0.8356807511737089,233412
bibtex,MLC_PA_MLP,0.35,2,0.9298048527246576,1.0,0.03994404919250696,218506,0.07019514727534233,16496,0.9980371671890335,31525,31587,0.3256955259955234,0.9997361724581068,0.9824679962196877,0.9873484776254815,0.9876982748501418,0.9912626832018039,0.13414779448685543,0.9342869119043563,0.898637447178845,0.8860613688065443,0.8980751885846305,0.09972542994791633,31525,0.14427521441058827,218506,0.003758486905916586,0.9962415130940834,0.05294864464675786,0.8577981651376146,235002
bibtex,MLC_PA_MLP,0.35,3,0.928835876834036,1.0,0.03863917326104739,224038,0.07116412316596393,17165,0.9981829573934837,31862,31920,0.32533301824604166,0.9997595386458709,0.9865071279705425,0.9901061992884088,0.9885346274636926,0.9916857798165137,0.13209620112519327,0.9392701414796697,0.9030337496709671,0.8886069175321432,0.9007766889074228,0.0981642167357596,31862,0.1422169453396299,224038,0.0033789688319254296,0.9966210311680745,0.07589098532494759,0.863849765258216,241203
bibtex,MLC_PA_MLP,0.35,4,0.9255120802831907,1.0,0.038466624956572076,215437,0.07448791971680929,17339,0.9977038640687529,30416,30486,0.32422994638622543,0.9996992817128914,0.9835886677075201,0.987972735859548,0.9859120966503913,0.9901657769036246,0.13066639172423278,0.9334235478222841,0.8957716935572059,0.8826314836753778,0.8928662388247427,0.10108744666561902,30416,0.14118280518202536,215437,0.004037141703673799,0.9959628582963262,0.06569997670626601,0.851063829787234,232776
bibtex,MLC_PA_MLP,0.35,5,0.9267732593011498,1.0,0.03849223776738544,216320,0.0732267406988501,17092,0.9981218491548322,30292,30349,0.32461484413826197,0.9997557966171405,0.9831583500380584,0.9865444727842549,0.9903841492791682,0.9919797382861967,0.12977910304525908,0.9328684963984313,0.8941142525825001,0.8878743796923213,0.8950893945873424,0.10070832693742636,30292,0.14003328402366863,216320,0.0033348935174350573,0.9966651064825649,0.07222014236530712,0.8527131782945736,233412
bibtex,MLC_PA_MLP,0.40,1,0.7270962932497044,1.0,0.038660098822010186,169713,0.2729037067502956,63699,0.9775567624157561,29880,30566,0.29377752643394517,0.9970609908659366,0.8550661003748438,0.8970744076163656,0.8920841126961847,0.9038137969713965,0.12801398385687113,0.8048295901446586,0.8046444220963461,0.7937533255945067,0.8071711678190144,0.09344692540779345,29880,0.17606193986318078,169713,0.010769399833592364,0.9892306001664076,0.10465128044732433,0.5432756324900133,233412
bibtex,MLC_PA_MLP,0.40,2,0.7328107845890673,1.0,0.03994404919250696,172212,0.26718921541093266,62790,0.9793269382974008,30934,31587,0.2959030135913737,0.9972213002442533,0.8497095784984825,0.8889795600447913,0.8985626664690513,0.909267750451577,0.13163292227300194,0.8015284941831511,0.8002685295981548,0.7969257604254537,0.8160802558344037,0.09535883543789983,30934,0.17962743595103708,172212,0.010399745182353879,0.9896002548176461,0.12385729751190891,0.5701119157340355,235002
bibtex,MLC_PA_MLP,0.40,3,0.7327023295730153,1.0,0.03863917326104739,176730,0.2672976704269847,64473,0.9801691729323309,31287,31920,0.2957052772975461,0.9973756545316601,0.8620079455445309,0.9003507176749644,0.8952417139128351,0.9102254999290881,0.12971231701098251,0.814770959053658,0.8132782680575227,0.7953140039812858,0.8193164090199971,0.09753140655161385,31287,0.17703276184009506,176730,0.009818063375366433,0.9901819366246336,0.14406453231138763,0.5607217210270645,241203
bibtex,MLC_PA_MLP,0.40,4,0.7241210434065367,1.0,0.038466624956572076,168558,0.27587895659346323,64218,0.9782851144787772,29824,30486,0.29249235316355643,0.9971560641990583,0.8595279739234658,0.9006086326817044,0.8931271694834659,0.9078507795100222,0.12812317421039976,0.8093628540382298,0.8084075903793623,0.7898465565084525,0.8105512414311403,0.09864841494696018,29824,0.17693612881026116,168558,0.010308636207916784,0.9896913637920832,0.12097848730566176,0.5604249667994687,232776
bibtex,MLC_PA_MLP,0.40,5,0.7309521361369595,1.0,0.03849223776738544,170613,0.26904786386304047,62799,0.9782859402286731,29690,30349,0.2952041883022296,0.9971766661525543,0.8514797847964222,0.8917097374110194,0.8942760398315718,0.9083321741549589,0.12719997258067284,0.801189931156795,0.7992795172092646,0.7917662702447249,0.8114418304561046,0.09659869308765064,29690,0.17401956474594552,170613,0.010493797671937451,0.9895062023280625,0.12600194139477308,0.5609593604263824,233412
bibtex,MLC_PA_MLP,0.50,1,0.0,0.0,0.038660098822010186,0,1.0,233412,0.0,0,30566,0.1309529929909345,0.8690470070090655,0.05023651023018512,0.09242998552001946,0.09833078710167796,0.09664262915238207,0.0,0.0,0.0,0.0,0.0,,0,,0,0.1309529929909345,0.8690470070090655,0.09833078710167796,0.09664262915238207,233412
bibtex,MLC_PA_MLP,0.50,2,0.0,0.0,0.03994404919250696,0,1.0,235002,0.0,0,31587,0.13441162202874868,0.8655883779712513,0.048181084315331385,0.0887110304466365,0.10163690604359751,0.09318749461717336,0.0,0.0,0.0,0.0,0.0,,0,,0,0.13441162202874868,0.8655883779712513,0.10163690604359751,0.09318749461717336,235002
bibtex,MLC_PA_MLP,0.50,3,0.0,0.0,0.03863917326104739,0,1.0,241203,0.0,0,31920,0.1323366624793224,0.8676633375206776,0.047236986490872775,0.08707244961744172,0.09992770993154937,0.09090909090909091,0.0,0.0,0.0,0.0,0.0,,0,,0,0.1323366624793224,0.8676633375206776,0.09992770993154937,0.09090909090909091,241203
bibtex,MLC_PA_MLP,0.50,4,0.0,0.0,0.038466624956572076,0,1.0,232776,0.0,0,30486,0.13096711001134137,0.8690328899886586,0.050165119885236,0.09220104230234219,0.10328061297501341,0.09729953807888192,0.0,0.0,0.0,0.0,0.0,,0,,0,0.13096711001134137,0.8690328899886586,0.10328061297501341,0.09729953807888192,232776
bibtex,MLC_PA_MLP,0.50,5,0.0,0.0,0.03849223776738544,0,1.0,233412,0.0,0,30349,0.13002330642811852,0.8699766935718815,0.05028985363962716,0.0924302202017549,0.10250976958684684,0.09689034369885434,0.0,0.0,0.0,0.0,0.0,,0,,0,0.13002330642811852,0.8699766935718815,0.10250976958684684,0.09689034369885434,233412
bibtex,GSI_MLC_PA_Logistic,0.20,1,0.008255788048600757,0.6730245231607629,0.0018098195621200357,1927,0.9917442119513993,231485,0.2533783783783784,750,2960,0.011119394032868919,0.9905317635768512,0.445979540819459,0.505725628443612,0.43722001748060324,0.5766283524904214,0.003213202406045945,0.1300744317213302,0.13443689598321745,0.1659619655324152,0.1540766552606126,0.39258040421385026,750,0.38920601971977165,1927,0.009547054884765751,0.9904529451152343,0.20139831925458482,0.3968340611353712,233412
bibtex,GSI_MLC_PA_Logistic,0.20,2,0.007740359656513562,0.6576454668470907,0.001685060229252163,1819,0.9922596403434865,233183,0.2386206896551724,692,2900,0.010943736649049796,0.9906043352822529,0.4534520208403835,0.5119181885181249,0.4358742736297562,0.5821347464042392,0.002944655790163453,0.126941354766118,0.12864300820302582,0.14456040912789786,0.13918430460631376,0.4329868117151388,692,0.3804288070368334,1819,0.009468957857133668,0.9905310421428664,0.215554892599597,0.4140127388535032,235002
bibtex,GSI_MLC_PA_Logistic,0.20,3,0.007943516457092159,0.6657877389584707,0.0016752964046516858,1916,0.9920564835429079,239287,0.2564363143631436,757,2952,0.010688921779579856,0.9908997815118386,0.43482748665675497,0.4913594006020193,0.4238909589744246,0.5743649408570874,0.0031384352599262977,0.13439561793220334,0.13656444458755113,0.16852128419797546,0.1612436684912823,0.33250729313357574,757,0.39509394572025053,1916,0.009173085040140083,0.9908269149598599,0.2028895377025133,0.3981354537976419,241203
bibtex,GSI_MLC_PA_Logistic,0.20,4,0.008136577654053682,0.6653005464480874,0.0016983692046581682,1894,0.9918634223459463,230882,0.25154852030282177,731,2906,0.01097106230882909,0.9906562532219817,0.44968461181395125,0.507212630265909,0.4488432633675838,0.5884578997161779,0.003140358112520225,0.1345670950179147,0.13579248430682866,0.1667317949908551,0.1527297443763721,0.3668894488476417,731,0.38595564941921856,1894,0.009420396566211311,0.9905796034337887,0.23528224162723696,0.4186046511627907,232776
bibtex,GSI_MLC_PA_Logistic,0.20,5,0.008247219508851301,0.6580381471389646,0.0015999146590713934,1925,0.9917527804911487,231487,0.2610319076714189,769,2946,0.010976299419053004,0.9906731444827173,0.45869377145623336,0.5225259498119733,0.4548627213800214,0.5934640522875817,0.003294603533665841,0.1307156122724749,0.13656566376295215,0.16730032154937963,0.15567779274559695,0.38260958973744225,769,0.3994805194805195,1925,0.009404415798727358,0.9905955842012727,0.21824768504500613,0.4165103189493433,233412
bibtex,GSI_MLC_PA_Logistic,0.25,1,0.00637070930372046,0.5940054495912807,0.0018098195621200357,1487,0.9936292906962796,231925,0.21013513513513513,622,2960,0.011609300293044059,0.9899833770328861,0.4173049248662328,0.4760270496987118,0.4059815410080305,0.5476006191950464,0.0026648158620807827,0.10139981576810397,0.10473831723831722,0.1347234890598425,0.1250489219652376,0.40591136841326275,622,0.4182918628110289,1487,0.010080845100786892,0.9899191548992131,0.20730618439941492,0.39928057553956836,233412
bibtex,GSI_MLC_PA_Logistic,0.25,2,0.005829737619254304,0.5690121786197564,0.001685060229252163,1370,0.9941702623807457,233632,0.18620689655172415,540,2900,0.011499902128492523,0.9899575322763211,0.42223691021052323,0.4811415436783581,0.40358372500008327,0.5499618611746758,0.0022978527842316687,0.09572624413625774,0.09786636336325905,0.1122698604982249,0.10701141937675035,0.442032051318938,540,0.39416058394160586,1370,0.010101355978633065,0.989898644021367,0.23211512123702419,0.4184327254805323,235002
bibtex,GSI_MLC_PA_Logistic,0.25,3,0.00599080442614727,0.5583388266315096,0.0016752964046516858,1445,0.9940091955738527,239758,0.2090108401084011,617,2952,0.011178343552940884,0.9903193575535959,0.40519059604425456,0.46238103433225386,0.38621190551887513,0.5415275868839584,0.002558011301683649,0.10475872731970293,0.10758607831778566,0.130842230742426,0.12840631451815326,0.31443246513619794,617,0.4269896193771626,1445,0.0097389868117018,0.9902610131882982,0.21442984809072604,0.40174224955162696,241203
bibtex,GSI_MLC_PA_Logistic,0.25,4,0.006216276592088532,0.5683060109289617,0.0016983692046581682,1447,0.9937837234079114,231329,0.20543702684101858,597,2906,0.011473476647077019,0.9900805925009452,0.41802531785957536,0.4746789488592767,0.41503355847710915,0.5580861244019139,0.0025646973914836835,0.1029078010635388,0.10325880290019634,0.13292209010038047,0.12235796906210805,0.34658167728425804,597,0.41257774706288874,1447,0.009981454984027078,0.990018545015973,0.24430723570576984,0.42347066167290887,232776
bibtex,GSI_MLC_PA_Logistic,0.25,5,0.006336435144722636,0.5783378746594006,0.0015999146590713934,1479,0.9936635648552774,231933,0.2121520706042091,625,2946,0.011527899165424228,0.9900562096207565,0.4264162328295202,0.4888190362112465,0.4163834508801881,0.561164681414256,0.002677668671705047,0.09843807364576174,0.10285875016222534,0.12882105104954633,0.12337842187227127,0.38602367593466114,625,0.42258282623394183,1479,0.010007200355275015,0.989992799644725,0.23345431186272403,0.41844149336006015,233412
bibtex,GSI_MLC_PA_Logistic,0.30,1,0.004956900245060237,0.502724795640327,0.0018098195621200357,1157,0.9950430997549398,232255,0.17128378378378378,507,2960,0.011996384076225731,0.9894906859972923,0.39675999522729777,0.45466082131613467,0.37647803488815496,0.5221118254432106,0.0021721248264869875,0.08085488612916897,0.0833720888557401,0.10521998293996693,0.09956012821340171,0.40463740673879994,507,0.43820224719101125,1157,0.010561667133108006,0.989438332866892,0.22263980337384282,0.4061970467199225,233412
bibtex,GSI_MLC_PA_Logistic,0.30,2,0.004378686138841371,0.4803788903924222,0.001685060229252163,1029,0.9956213138611586,233973,0.14551724137931035,422,2900,0.011858196951515305,0.9894554088901371,0.4012853144449896,0.4601860583086782,0.3732791585114266,0.5251054043694903,0.0017957293980476186,0.07477464837072412,0.07691087799357915,0.08196529400956826,0.0821549625715648,0.446821437635128,422,0.4101068999028183,1029,0.010590965624238695,0.9894090343757613,0.246502100340142,0.4215686274509804,235002
bibtex,GSI_MLC_PA_Logistic,0.30,3,0.00441122208264408,0.45814106789716547,0.0016752964046516858,1064,0.9955887779173559,240139,0.1565040650406504,462,2952,0.011646621310680215,0.989676745314113,0.37563869698016045,0.43236283924949637,0.34948889668114586,0.5063441712926249,0.0019153990622007289,0.07520682825560882,0.07756788323502817,0.09411922190469674,0.09322289892681973,0.31556145706238087,462,0.4342105263157895,1064,0.010368994623946965,0.9896310053760531,0.2187830500278325,0.4,241203
bibtex,GSI_MLC_PA_Logistic,0.30,4,0.004605285768292264,0.476775956284153,0.0016983692046581682,1072,0.9953947142317078,231704,0.16345492085340674,475,2906,0.011825102244217619,0.98955648348627,0.395754618386007,0.4524095045370359,0.3839323169526546,0.5318698247641055,0.0020405883768085387,0.08063710158997045,0.08098935857795553,0.10182084857592594,0.09614166942429969,0.343389317917643,475,0.4430970149253731,1072,0.010491834409418914,0.9895081655905811,0.2520845032108637,0.42759595008241114,232776
bibtex,GSI_MLC_PA_Logistic,0.30,5,0.004734118211574384,0.494550408719346,0.0015999146590713934,1105,0.9952658817884256,232307,0.1659877800407332,489,2946,0.011946686545678886,0.9894735489177934,0.4020385105780402,0.4639835268394347,0.3829652707375579,0.5322672758423758,0.0020950079687419576,0.07406035139428174,0.07802324079041356,0.09540287090691613,0.09448101630039102,0.3955872370511443,489,0.4425339366515837,1105,0.010576521585660355,0.9894234784143396,0.23975353431665325,0.42201834862385323,233412
bibtex,GSI_MLC_PA_Logistic,0.35,1,0.0035388069165252856,0.3957765667574932,0.0018098195621200357,826,0.9964611930834747,232586,0.13074324324324324,387,2960,0.012262008808458862,0.9889765736123249,0.3734698855867111,0.4304619305256078,0.3466623448202639,0.49637893912703074,0.0016580124415196407,0.057564776488582325,0.05917319806521326,0.0754042928720759,0.0738272418972219,0.354675680054809,387,0.4685230024213075,826,0.011062574703550515,0.9889374252964495,0.24287547775698975,0.41694992068887377,233412
bibtex,GSI_MLC_PA_Logistic,0.35,2,0.0031106118245802163,0.37821380243572394,0.001685060229252163,731,0.9968893881754198,234271,0.10724137931034483,311,2900,0.012105641654113581,0.9889830724844895,0.38005327629820185,0.4376543049920805,0.34653391131346706,0.5012521672124831,0.0013233929924000298,0.05354261022393636,0.05437912467698147,0.05522004681160869,0.05830172541455764,0.43880329608623636,311,0.42544459644322846,731,0.011051303831887002,0.988948696168113,0.25791822625483224,0.4283506292779863,235002
bibtex,GSI_MLC_PA_Logistic,0.35,3,0.0031301434890942483,0.36189848384970336,0.0016752964046516858,755,0.9968698565109058,240448,0.11856368563685638,350,2952,0.011883144073664092,0.9892124061475189,0.35387440692318745,0.4100426637012003,0.3227516512564976,0.48187972919155714,0.0014510598956066767,0.053442538198635814,0.055247707686732095,0.06738197648004846,0.06875845682575199,0.29922174073027963,350,0.46357615894039733,755,0.01082146659568805,0.9891785334043119,0.2363032400765582,0.4075591985428051,241203
bibtex,GSI_MLC_PA_Logistic,0.35,4,0.0032563494518335224,0.3859289617486339,0.0016983692046581682,758,0.9967436505481665,232018,0.11940812112869924,347,2906,0.012133123689727464,0.9890065986184142,0.37000031235506164,0.42793410103860924,0.3539323391604327,0.5039736383019965,0.001490703508952751,0.05488279555902509,0.05651395507952889,0.07182087078370403,0.06824548296219068,0.3448413572067259,347,0.4577836411609499,758,0.011029316690946393,0.9889706833090536,0.25709053746178134,0.4271323035594359,232776
bibtex,GSI_MLC_PA_Logistic,0.35,5,0.003513101297276918,0.4032697547683924,0.0015999146590713934,820,0.9964868987027231,232592,0.12763068567549218,376,2946,0.01224015903209775,0.9889894264219492,0.38204151166414746,0.44401969941647923,0.3562594064287035,0.5078513979318269,0.0016108854728977828,0.054063352480389015,0.05805941336745807,0.06869700659806177,0.07006513838984213,0.4028202851101459,376,0.4585365853658537,820,0.011049391208640022,0.98895060879136,0.24797438774725,0.4263392857142857,233412
bibtex,GSI_MLC_PA_Logistic,0.40,1,0.0023863383202234675,0.3072207084468665,0.0018098195621200357,557,0.9976136616797765,232855,0.08885135135135135,263,2960,0.012509211180230666,0.9884453241478587,0.35173348449915215,0.40918761075436827,0.32252314018859524,0.4719013119248091,0.001126762977053386,0.03582837540102335,0.0378988782939737,0.05126508824040721,0.049349614695000266,0.3685263358195689,263,0.47217235188509876,557,0.011582315174679522,0.9884176848253204,0.24713597822531855,0.4163600952174854,233412
bibtex,GSI_MLC_PA_Logistic,0.40,2,0.0019574301495306422,0.2584573748308525,0.001685060229252163,460,0.9980425698504694,234542,0.07241379310344828,210,2900,0.012229683151632751,0.9885532889081795,0.3613670666275538,0.4185298983507591,0.3286460976290506,0.4816955684007707,0.0008936094160900687,0.034856400553288314,0.03525471803566005,0.03733223312719225,0.03874512660284524,0.3922805844293447,210,0.45652173913043476,460,0.011469161173691705,0.9885308388263083,0.27079392824695353,0.4351112977740445,235002
bibtex,GSI_MLC_PA_Logistic,0.40,3,0.0019568579163609075,0.2524719841793013,0.0016752964046516858,472,0.9980431420836391,240731,0.07384823848238482,218,2952,0.012117593893939958,0.9886651492726044,0.33267389060071983,0.38753542655981676,0.29781825392555017,0.45494417862838915,0.000903803020692151,0.0322420218761682,0.032740470545348566,0.04244857914910105,0.041822906262584,0.3158343012001549,218,0.461864406779661,472,0.011357074909338639,0.9886429250906613,0.2408283041004457,0.406426400347373,241203
bibtex,GSI_MLC_PA_Logistic,0.40,4,0.002233907275664158,0.2848360655737705,0.0016983692046581682,520,0.9977660927243358,232256,0.08568479008947007,249,2906,0.012307969893803485,0.9885855930164622,0.35065778481581283,0.40760428286043043,0.3282022964201005,0.4821672188657182,0.0010696979070007329,0.03554026801977628,0.036184136901350084,0.046090828043371834,0.04643906352591237,0.3304935235704466,249,0.47884615384615387,520,0.01143996279966933,0.9885600372003307,0.2630083103764787,0.42872500537518815,232776
bibtex,GSI_MLC_PA_Logistic,0.40,5,0.0024506023683443868,0.30313351498637603,0.0015999146590713934,572,0.9975493976316556,232840,0.09198913781398506,271,2946,0.01244066286223502,0.9885395780851027,0.36424018927324747,0.42514248615377903,0.3366619185962163,0.4878422362626843,0.0011610371360513128,0.03626203008948903,0.03918220010475787,0.04909951876557456,0.05005597672069956,0.43174008259003355,271,0.4737762237762238,572,0.011488575846074557,0.9885114241539255,0.2588353033896067,0.42805217019456915,233412
bibtex,GSI_MLC_PA_Logistic,0.50,1,0.0,0.0,0.0018098195621200357,0,1.0,233412,0.0,0,2960,0.012681438829194728,0.9873185611708053,0.3159051090981288,0.37128873246039457,0.27125805194818803,0.42255169722980884,0.0,0.0,0.0,0.0,0.0,,0,,0,0.012681438829194728,0.9873185611708053,0.27125805194818803,0.42255169722980884,233412
bibtex,GSI_MLC_PA_Logistic,0.50,2,0.0,0.0,0.001685060229252163,0,1.0,235002,0.0,0,2900,0.012340320507910571,0.9876596794920894,0.3265106660742655,0.38327518031509905,0.29131386450185837,0.4429504417979255,0.0,0.0,0.0,0.0,0.0,,0,,0,0.012340320507910571,0.9876596794920894,0.29131386450185837,0.4429504417979255,235002
bibtex,GSI_MLC_PA_Logistic,0.50,3,0.0,0.0,0.0016752964046516858,0,1.0,241203,0.0,0,2952,0.01223865374808771,0.9877613462519123,0.30043186872455163,0.3547949560144682,0.2553696747764491,0.41312127236580515,0.0,0.0,0.0,0.0,0.0,,0,,0,0.01223865374808771,0.9877613462519123,0.2553696747764491,0.41312127236580515,241203
bibtex,GSI_MLC_PA_Logistic,0.50,4,0.0,0.0,0.0016983692046581682,0,1.0,232776,0.0,0,2906,0.012484104890538543,0.9875158951094615,0.31511751679603656,0.37142014595908035,0.2821114683767287,0.4357281553398058,0.0,0.0,0.0,0.0,0.0,,0,,0,0.012484104890538543,0.9875158951094615,0.2821114683767287,0.4357281553398058,232776
bibtex,GSI_MLC_PA_Logistic,0.50,5,0.0,0.0,0.0015999146590713934,0,1.0,233412,0.0,0,2946,0.012621459050948537,0.9873785409490514,0.32797815918375844,0.38596028604902116,0.28756239983064175,0.43778625954198475,0.0,0.0,0.0,0.0,0.0,,0,,0,0.012621459050948537,0.9873785409490514,0.28756239983064175,0.43778625954198475,233412
bibtex,GSI_MLC_PA_MLP,0.20,1,0.18477199115726697,1.0,0.004841327566590927,43128,0.815228008842733,190284,0.7421153511064645,4259,5739,0.04329511764605076,0.9936592805854026,0.5644530953454658,0.6170847387629977,0.5060130786986816,0.7389770723104057,0.018246705396466334,0.4410994514737101,0.4363388210860815,0.3900542563868643,0.5108667831375744,0.15635096318901065,4259,0.09875255054720831,43128,0.007777847848479115,0.9922221521515209,0.06344346339914997,0.2972459639126306,233412
bibtex,GSI_MLC_PA_MLP,0.20,2,0.18217291767729638,1.0,0.004607018069081398,42811,0.8178270823227036,192191,0.7744874715261959,5100,6585,0.04275367869209624,0.993680904843363,0.5668518502246513,0.6174707508404099,0.5195987078668437,0.7404299947561616,0.021701942962187526,0.46513715761009405,0.4636685972100222,0.40689219852317254,0.5396774762466336,0.14584742443823978,5100,0.11912826142813762,42811,0.0077266885546149406,0.9922733114453851,0.066076549356006,0.31026474686483974,235002
bibtex,GSI_MLC_PA_MLP,0.20,3,0.16145321575602292,1.0,0.003997102266382846,38943,0.8385467842439771,202260,0.7384698860553446,4083,5529,0.03828559346276788,0.9940050496884367,0.56676076615101,0.6151385817416928,0.5378729636714007,0.7430703624733476,0.01692765015360509,0.45209120971316086,0.44730457224227516,0.4249453508529774,0.5121620302991926,0.15116713850313218,4083,0.10484554348663432,38943,0.007149213883120736,0.9928507861168793,0.05714880953819097,0.31856738925541944,241203
bibtex,GSI_MLC_PA_MLP,0.20,4,0.14568512217754406,1.0,0.004210818466501587,33912,0.854314877822456,198864,0.6849150849150849,3428,5005,0.03591177784651339,0.9932252465889955,0.5424399766944367,0.595278202217625,0.5034367276496983,0.7233818628310823,0.014726604117263009,0.4021938919204723,0.39601821196562204,0.3849999689291273,0.4556422871178416,0.1512644746601144,3428,0.10108516159471574,33912,0.00793004264220774,0.9920699573577922,0.07455050574991723,0.31996550237171195,232776
bibtex,GSI_MLC_PA_MLP,0.20,5,0.19195242746731103,1.0,0.004879328224347663,44804,0.808047572532689,188608,0.7533102143757882,4779,6344,0.04509536784741145,0.9932951176460507,0.5585439095752247,0.6116768057674052,0.5004186810760923,0.7219754841001954,0.0204745257313248,0.44586791589917096,0.4417920733291787,0.4021873546957212,0.518960408723311,0.12557627234041185,4779,0.10666458351932863,44804,0.008297633186291143,0.9917023668137088,0.053843236097431545,0.269715352309846,233412
bibtex,GSI_MLC_PA_MLP,0.25,1,0.16110568436926978,1.0,0.004841327566590927,37604,0.8388943156307302,195808,0.698031015856421,4006,5739,0.04770106078522098,0.9925753603070965,0.4957131556756898,0.5517723529965075,0.435420160124489,0.6821932880982945,0.017162785118160162,0.37235951180393406,0.3710264353195913,0.31946133781267166,0.4540829989254633,0.1805845466647305,4006,0.10653122008296989,37604,0.00885050661872855,0.9911494933812715,0.06895393813045178,0.29866450829623636,233412
bibtex,GSI_MLC_PA_MLP,0.25,2,0.1537944357920358,1.0,0.004607018069081398,36142,0.8462055642079642,198860,0.7336370539104025,4831,6585,0.04591237521382797,0.992536233734181,0.4951973526398425,0.5474991281103737,0.4399241128846264,0.6802770689026614,0.020557271853005488,0.3934826600252852,0.393696974479986,0.32721760354095525,0.4795245503931335,0.16588824639345198,4831,0.13366720159371367,36142,0.008820275570753294,0.9911797244292467,0.0675340207901168,0.301195219123506,235002
bibtex,GSI_MLC_PA_MLP,0.25,3,0.13065757888583476,1.0,0.003997102266382846,31515,0.8693424211141653,209688,0.6816784228612769,3769,5529,0.0399611530536519,0.9927032416678068,0.480283030892787,0.5308779918536016,0.4502432282096276,0.6728624535315985,0.015625842132975132,0.36561347445493786,0.363043982354184,0.3373156153912043,0.4419541213574435,0.17600804280000248,3769,0.11959384420117404,31515,0.008393422608828355,0.9916065773911716,0.06781292304432983,0.3037974683544304,241203
bibtex,GSI_MLC_PA_MLP,0.25,4,0.1181651029315737,1.0,0.004210818466501587,27506,0.8818348970684263,205270,0.6323676323676324,3165,5005,0.03744587070832044,0.9920954050245729,0.4780929154241594,0.532838752033164,0.4319098406721763,0.6666666666666666,0.01359676255284048,0.33784683065019494,0.3335787617811611,0.31347308195160534,0.39892709095342593,0.16591574615637752,3165,0.11506580382462009,27506,0.008963803770643543,0.9910361962293565,0.07765812895109707,0.31292008961911877,232776
bibtex,GSI_MLC_PA_MLP,0.25,5,0.16633677788631263,1.0,0.004879328224347663,38825,0.8336632221136874,194587,0.7116960907944514,4515,6344,0.04942012407245557,0.9921640703991226,0.49071717521539204,0.5488589820033161,0.4180186910135078,0.6613590075911868,0.01934347848439666,0.3780411815393383,0.3789742495650895,0.3197873646331367,0.45834393221430236,0.1550617820149377,4515,0.11629104958145525,38825,0.009399394615262067,0.9906006053847379,0.05993741214640977,0.26457579412947324,233412
bibtex,GSI_MLC_PA_MLP,0.30,1,0.14390005655236235,1.0,0.004841327566590927,33588,0.8560999434476376,199824,0.6600453040599408,3788,5739,0.051528627491302936,0.9916413894744057,0.44257944409511163,0.5011098462142298,0.38097230117192765,0.6325108306649087,0.016228814285469406,0.3192258002233559,0.3203639285373136,0.26501347886011034,0.40440054149207744,0.21485200526763548,3788,0.112778373228534,33588,0.009763591960925615,0.9902364080390744,0.07359843207509108,0.29946140035906643,233412
bibtex,GSI_MLC_PA_MLP,0.30,2,0.1321775984885235,1.0,0.004607018069081398,31062,0.8678224015114765,203940,0.6976461655277145,4594,6585,0.04812554786767772,0.9915277316788793,0.4351393062658286,0.48884307542376143,0.38726577478216956,0.6275023386342377,0.019548769797703813,0.3334246136512713,0.3350409217933737,0.2745592654384984,0.4267498201247098,0.1816676834439126,4594,0.1478977528813341,31062,0.009762675296655879,0.9902373247033441,0.07438358303275397,0.3031151557577879,235002
bibtex,GSI_MLC_PA_MLP,0.30,3,0.11018105081611754,1.0,0.003997102266382846,26576,0.8898189491838825,214627,0.631578947368421,3492,5529,0.041499483837265705,0.9915548314075695,0.4141193458266629,0.4662464024013522,0.38074904519416947,0.6083445491251682,0.014477431872737867,0.2994497893888137,0.29841239290193455,0.2678214323757462,0.37743621695101326,0.1883658736859944,3492,0.1313967489464178,26576,0.009490884185121163,0.9905091158148789,0.08099050256935529,0.3012006861063465,241203
bibtex,GSI_MLC_PA_MLP,0.30,4,0.09874729353541602,1.0,0.004210818466501587,22986,0.901252706464584,209790,0.5848151848151848,2927,5005,0.03855122521222119,0.9910729628484036,0.4237806426180341,0.4815926399219552,0.36676046181044664,0.6137546468401487,0.012574320376671166,0.28353455784406967,0.2823326496699523,0.24832370308987567,0.346015071126908,0.18578187648430922,2927,0.1273383798834073,22986,0.009905143238476572,0.9900948567615234,0.08792936142792283,0.31599736668861095,232776
bibtex,GSI_MLC_PA_MLP,0.30,5,0.15030504001508063,1.0,0.004879328224347663,35083,0.8496949599849194,198329,0.6779634300126104,4301,6344,0.05384427535859339,0.9912472366459308,0.43801211850027766,0.49680692144164706,0.3622096856565482,0.6088454910970706,0.018426644731204922,0.3253361248242239,0.3269221890034205,0.2639783592761771,0.4058304157201862,0.18101094882517668,4301,0.122594989026024,35083,0.010301065401428939,0.9896989345985711,0.06082286132589156,0.26642728904847396,233412
bibtex,GSI_MLC_PA_MLP,0.35,1,0.12567905677514438,1.0,0.004841327566590927,29335,0.8743209432248557,204077,0.6149154905035721,3529,5739,0.05345590629444929,0.9905317635768512,0.3877538966861174,0.448364623947049,0.3245656491700053,0.5723684210526315,0.015119188387914928,0.2644002528143617,0.2676187062701328,0.208606826858188,0.3442581318798003,0.25007188538025094,3529,0.12029998295551389,29335,0.010829245823880201,0.9891707541761198,0.07609446301512834,0.2984126984126984,233412
bibtex,GSI_MLC_PA_MLP,0.35,2,0.11153096569390898,1.0,0.004607018069081398,26210,0.888469034306091,208792,0.6636294608959757,4370,6585,0.048461289691151564,0.9905745483017165,0.38586959574780955,0.44018812432711646,0.33613601973939283,0.5757517716912469,0.018595586420541044,0.28415490313325226,0.2863859706967287,0.22342951039572168,0.37499925318171906,0.2177429384868512,4370,0.16673025562762306,26210,0.010608644009349017,0.989391355990651,0.07978098162859508,0.304552590266876,235002
bibtex,GSI_MLC_PA_MLP,0.35,3,0.09282222857924653,1.0,0.003997102266382846,22389,0.9071777714207535,218814,0.5840115753300777,3229,5529,0.04202331645957969,0.9904644635431566,0.3535281956013664,0.4066169159425974,0.3124921101699217,0.5456341367048597,0.013387064008325011,0.23885863916351727,0.23878290644317976,0.1995644973514984,0.31472580453070476,0.23238647915818483,3229,0.14422260931707534,22389,0.010511210434432898,0.9894887895655671,0.0853756548616273,0.2974954184483812,241203
bibtex,GSI_MLC_PA_MLP,0.35,4,0.07831133793861911,1.0,0.004210818466501587,18229,0.9216886620613809,214547,0.5368631368631369,2687,5005,0.03736703955734269,0.990041928721174,0.3796564974723123,0.4394740353756747,0.31263130386784277,0.5633006782215524,0.011543286249441564,0.23941041269834787,0.2402140451236718,0.1941945451472718,0.2955611025083117,0.21442771175547282,2687,0.14740249053705634,18229,0.0108041594615632,0.9891958405384368,0.09021498042300939,0.32182562902282036,232776
bibtex,GSI_MLC_PA_MLP,0.35,5,0.13459033811457852,1.0,0.004879328224347663,31415,0.8654096618854215,201997,0.6429697351828499,4079,6344,0.056810489606361286,0.9902961287337412,0.3845294970229855,0.4442118165945786,0.3094805841768021,0.553518628030751,0.017475536819015258,0.2718535033469317,0.274327084156352,0.21124925779643094,0.35050355265386657,0.21570058393256988,4079,0.12984243195925513,31415,0.011213037817393327,0.9887869621826066,0.0751022960489169,0.2747358309317964,233412
bibtex,GSI_MLC_PA_MLP,0.40,1,0.09460096310386784,1.0,0.004841327566590927,22081,0.9053990368961322,211331,0.5690886914096532,3266,5739,0.04843538464174936,0.9894050005997977,0.33691459917617955,0.3973634033238938,0.27755177885468857,0.5138588559072145,0.013992425410861431,0.21356095530442382,0.21661748564697758,0.16159295654287126,0.28574856673438326,0.28934896546117955,3266,0.14790996784565916,22081,0.011702021946614552,0.9882979780533855,0.09754174587896501,0.30786453960257487,233412
bibtex,GSI_MLC_PA_MLP,0.40,2,0.08080782291214543,1.0,0.004607018069081398,18990,0.9191921770878546,216012,0.6171602126044039,4064,6585,0.04305069744087285,0.9892724317239854,0.3285973705290349,0.383522525565157,0.28264883674888064,0.5122847746179144,0.017293469842809883,0.22688267791447764,0.22972037193476924,0.16994232740520948,0.3115322561083866,0.2601878764906745,4064,0.21400737230121117,18990,0.01167064792696702,0.988329352073033,0.09707023513360581,0.3079879220422729,235002
bibtex,GSI_MLC_PA_MLP,0.40,3,0.06784326894773282,1.0,0.003997102266382846,16364,0.9321567310522672,224839,0.531018267317779,2936,5529,0.03788758846283007,0.989249719116263,0.30698343259318867,0.36044890800988366,0.2683474817840233,0.4884592621818899,0.01217231958143139,0.19231387615533954,0.192614898510466,0.1554198689656,0.25755093000773494,0.26024558661223895,2936,0.17941823515032998,16364,0.01153269672965989,0.9884673032703402,0.0923432845504402,0.30945406125166447,241203
bibtex,GSI_MLC_PA_MLP,0.40,4,0.05224765439736055,1.0,0.004210818466501587,12162,0.9477523456026394,220614,0.47132867132867134,2359,5005,0.03226621301165069,0.9886328487472935,0.3218425066665182,0.3828936655419298,0.253439756077752,0.49886363636363634,0.010134206275561053,0.1815964218925538,0.18363367528992688,0.13500299735718102,0.23112406065039565,0.24529439893959687,2359,0.19396480841966782,12162,0.011993799124262286,0.9880062008757378,0.09924715186886529,0.32292732855680656,232776
bibtex,GSI_MLC_PA_MLP,0.40,5,0.10415488492451117,1.0,0.004879328224347663,24311,0.8958451150754888,209101,0.5980453972257251,3794,6344,0.05258684215036074,0.9890751118194437,0.3272532138526288,0.3863188393501745,0.25854810125633304,0.490814696485623,0.016254519904717823,0.21457722017657502,0.21643410691194795,0.1603167748759619,0.2877996211087386,0.27349496872768503,3794,0.15606104232651885,24311,0.01219506362953788,0.9878049363704621,0.08485556142776961,0.2853139013452915,233412
bibtex,GSI_MLC_PA_MLP,0.50,1,0.0,0.0,0.004841327566590927,0,1.0,233412,0.0,0,5739,0.0245874248110637,0.9754125751889363,0.12335364387175575,0.18074591767691622,0.11595882231181733,0.22811028917283122,0.0,0.0,0.0,0.0,0.0,,0,,0,0.0245874248110637,0.9754125751889363,0.11595882231181733,0.22811028917283122,233412
bibtex,GSI_MLC_PA_MLP,0.50,2,0.0,0.0,0.004607018069081398,0,1.0,235002,0.0,0,6585,0.02802103811882452,0.9719789618811755,0.1017146926145573,0.15380215363038774,0.11270650934367117,0.20075251850952786,0.0,0.0,0.0,0.0,0.0,,0,,0,0.02802103811882452,0.9719789618811755,0.11270650934367117,0.20075251850952786,235002
bibtex,GSI_MLC_PA_MLP,0.50,3,0.0,0.0,0.003997102266382846,0,1.0,241203,0.0,0,5529,0.022922600465168343,0.9770773995348316,0.11466955643784912,0.16783400949941765,0.11292761281842327,0.23090833217415496,0.0,0.0,0.0,0.0,0.0,,0,,0,0.022922600465168343,0.9770773995348316,0.11292761281842327,0.23090833217415496,241203
bibtex,GSI_MLC_PA_MLP,0.50,4,0.0,0.0,0.004210818466501587,0,1.0,232776,0.0,0,5005,0.02150135752826752,0.9784986424717325,0.1402460847739644,0.1992599902520029,0.11843675872057098,0.2677395757132407,0.0,0.0,0.0,0.0,0.0,,0,,0,0.02150135752826752,0.9784986424717325,0.11843675872057098,0.2677395757132407,232776
bibtex,GSI_MLC_PA_MLP,0.50,5,0.0,0.0,0.004879328224347663,0,1.0,233412,0.0,0,6344,0.027179408085274106,0.9728205919147259,0.11267599367605377,0.16988473243822658,0.09823132638037115,0.20301507537688443,0.0,0.0,0.0,0.0,0.0,,0,,0,0.027179408085274106,0.9728205919147259,0.09823132638037115,0.20301507537688443,233412
bibtex,MLC_PA_SVM,0.20,1,0.008071564443987456,0.6825613079019074,0.002290136872542118,1884,0.9919284355560125,231528,0.23168654173764908,680,2935,0.011275341456309016,0.9903389714324885,0.4227995853677053,0.48005430839218305,0.4065192978476287,0.5524905735264933,0.002913303514815002,0.1333271236030092,0.1393603784952559,0.16985339936629465,0.16433130731844664,0.3229809644033995,680,0.3609341825902335,1884,0.009739642721398708,0.9902603572786013,0.19233512480478338,0.37621023513139695,233412
bibtex,MLC_PA_SVM,0.20,2,0.008161632666956025,0.6968876860622463,0.0020944431758728433,1918,0.991838367333044,233084,0.2403910991233985,713,2966,0.011219478983157592,0.9904128475502336,0.42904295561602734,0.48680208901095634,0.41129572661776925,0.5581486565993332,0.003034016731772504,0.14450146718414647,0.1507708258822642,0.1727769990968983,0.16868797319052298,0.338674566766912,713,0.37174139728884253,1918,0.009666043143244495,0.9903339568567555,0.18853140813699437,0.3680224403927069,235002
bibtex,MLC_PA_SVM,0.20,3,0.007669888019634913,0.6829268292682927,0.0021455454227454385,1850,0.9923301119803651,239353,0.22716468590831917,669,2945,0.010970012810785936,0.990563964793141,0.4085464067171384,0.4629865392060513,0.3978892929397935,0.542604501607717,0.002773597343316614,0.1363866321183394,0.1425249785005882,0.1708611616172075,0.1632578208911733,0.3241250258902479,669,0.36162162162162165,1850,0.009508967926033934,0.990491032073966,0.17783704622724486,0.3613916947250281,241203
bibtex,MLC_PA_SVM,0.20,4,0.007749939856342578,0.6639344262295082,0.0021695878829923352,1804,0.9922500601436575,230972,0.21893088185223017,643,2937,0.011404955837371552,0.9901450321338969,0.4137249930192312,0.4710699174838519,0.3955049954182725,0.5480693459416863,0.0027623122658693156,0.11899905516106096,0.12609046236095417,0.14811168306424344,0.15003696225650492,0.31923606405872806,643,0.35643015521064303,1804,0.00993193980222711,0.9900680601977729,0.21229276538433062,0.38200431034482757,232776
bibtex,MLC_PA_SVM,0.20,5,0.007925899268246706,0.6628065395095368,0.0021508400234662465,1850,0.9920741007317533,231562,0.22922343324250682,673,2936,0.01128048258015869,0.9903046972734907,0.422705840345386,0.4826809579588155,0.39761873350884314,0.5546152332218067,0.002883313625691941,0.1247082505903031,0.13170751213281628,0.1560337788405376,0.15798555792382069,0.31659080313693366,673,0.3637837837837838,1850,0.00977276064293796,0.990227239357062,0.18984818327473885,0.3757241379310345,233412
bibtex,MLC_PA_SVM,0.25,1,0.005980840745120217,0.5844686648501363,0.002290136872542118,1396,0.9940191592548798,232016,0.18977853492333902,557,2935,0.011683203948383116,0.9898120062378969,0.3930803661219192,0.4499738643131013,0.3691326506904369,0.5194017784963622,0.002386338320223391,0.10360790435722311,0.10927993441617417,0.13246675220910284,0.13124251228831546,0.3226325248783744,557,0.3989971346704871,1396,0.010249293152196401,0.9897507068478036,0.2007668227841909,0.3797600417318727,233412
bibtex,MLC_PA_SVM,0.25,2,0.005978672521935983,0.5866035182679297,0.0020944431758728433,1405,0.994021327478064,233597,0.18914362778152394,561,2966,0.011728623586182246,0.9897660445443017,0.39592368990203897,0.4530766031442621,0.3703823771281473,0.5213930348258706,0.002387213725840609,0.1113822014701581,0.11704534001556999,0.13186364960727637,0.1319323514170604,0.3342166730032343,561,0.399288256227758,1405,0.01029550893204964,0.9897044910679503,0.19780234094549173,0.37058361685422664,235002
bibtex,MLC_PA_SVM,0.25,3,0.005588653540793439,0.5649307844429796,0.0021455454227454385,1348,0.9944113464592066,239855,0.17758913412563668,523,2945,0.011438497862796068,0.9899586655224023,0.3727622776403263,0.427784485711315,0.35589268814880165,0.5045008183306056,0.002168298072577901,0.10060250304152735,0.10732292500585189,0.12886455682621561,0.12515413761406186,0.3338377950965866,523,0.3879821958456973,1348,0.010097767401138187,0.9899022325988618,0.18447217210646583,0.36229594523433384,241203
bibtex,MLC_PA_SVM,0.25,4,0.005666391724232739,0.5601092896174863,0.0021695878829923352,1319,0.9943336082757672,231457,0.17364657814096016,510,2937,0.01184293054266763,0.9895736673883906,0.3818109068018663,0.4371465927818387,0.3603883524613078,0.5127484440875326,0.0021909475203629736,0.08708496894369605,0.09216713765894097,0.11299504010727873,0.11471606040235122,0.3269734217637704,510,0.3866565579984837,1319,0.010485748972811364,0.9895142510271886,0.2158848957875442,0.38291380625476734,232776
bibtex,MLC_PA_SVM,0.25,5,0.005788048600757459,0.5640326975476839,0.0021508400234662465,1351,0.9942119513992426,232061,0.180858310626703,531,2936,0.011750681198910082,0.9896963309512793,0.39343280392827595,0.45297086352944665,0.3608395266402566,0.5192884269438337,0.0022749473034805456,0.09543521417319306,0.10199741770344745,0.11925457197195105,0.12265875164584766,0.32440101696064977,531,0.3930421909696521,1351,0.010363654383976626,0.9896363456160234,0.20063537380435525,0.376781549624255,233412
bibtex,MLC_PA_SVM,0.30,1,0.004369955272222508,0.4782016348773842,0.002290136872542118,1020,0.9956300447277775,232392,0.1434412265758092,421,2935,0.012081641046732816,0.9892293455349339,0.3615368018297173,0.41501351736365355,0.32953630853212507,0.4839901477832512,0.001803677617260413,0.07206434006502122,0.0743195874667264,0.09287041005079102,0.09583088157520453,0.3109122158035202,421,0.41274509803921566,1020,0.01081792832799752,0.9891820716720024,0.208863717473024,0.37956564659427444,233412
bibtex,MLC_PA_SVM,0.30,2,0.00441272840231147,0.4912043301759134,0.0020944431758728433,1037,0.9955872715976886,233965,0.1473364801078894,437,2966,0.012085429060178213,0.9892383894605152,0.37122259975778243,0.42834603000367544,0.3383362856895194,0.49083954097040466,0.0018595586420541155,0.08668111132590156,0.0923147668749833,0.09981755816864846,0.10137885756159443,0.35482043586417455,437,0.4214079074252652,1037,0.010809309084692156,0.9891906909153079,0.20634456414604782,0.37354471141937085,235002
bibtex,MLC_PA_SVM,0.30,3,0.004125155988938777,0.45880026367831245,0.0021455454227454385,995,0.9958748440110612,240208,0.1361629881154499,401,2945,0.011784679295033644,0.989452867501648,0.3452458001238489,0.3987738768226573,0.3178957106805184,0.4724180837826628,0.0016625000518235566,0.07308602552504995,0.07831231611719419,0.09086757935793238,0.09307140306611911,0.3345867044843411,401,0.4030150753768844,995,0.01059082128821688,0.9894091787117831,0.19334121689456737,0.3652694610778443,241203
bibtex,MLC_PA_SVM,0.30,4,0.004085472729147335,0.45081967213114754,0.0021695878829923352,951,0.9959145272708526,231825,0.13449097718760641,395,2937,0.012146011616317834,0.9890796302024264,0.3579964402137739,0.41201471430656067,0.3294626791600073,0.48375304630381805,0.0016969103343987824,0.06327050235560366,0.06703525918366293,0.08206936680597826,0.08572066261863664,0.33308467891231225,395,0.4153522607781283,951,0.01096516769114634,0.9890348323088537,0.22525491771495054,0.3859903381642512,232776
bibtex,MLC_PA_SVM,0.30,5,0.00422000582660703,0.4604904632152589,0.0021508400234662465,985,0.995779994173393,232427,0.13760217983651227,404,2936,0.012113773070793275,0.9891522286771889,0.36806947326862377,0.4265037792966948,0.32744232399077605,0.48951612903225805,0.0017308450293901378,0.07007188351354088,0.0755303334706956,0.08585736932247051,0.09288645373427201,0.3273244850482034,404,0.4101522842639594,985,0.010893742981667362,0.9891062570183327,0.20968639907247194,0.37910740559097594,233412
bibtex,MLC_PA_SVM,0.35,1,0.0029818518328106522,0.3685286103542234,0.002290136872542118,696,0.9970181481671894,232716,0.10323679727427598,303,2935,0.012319846451767692,0.9887238016897161,0.3380601734399418,0.3915895561725908,0.2995434032450366,0.45507246376811594,0.0012981337720425756,0.048587711675245726,0.05089562627566363,0.06287750476370255,0.06691319756006925,0.2893129597675052,303,0.4353448275862069,696,0.011309922824386805,0.9886900771756132,0.2144896389918995,0.3804143126177024,233412
bibtex,MLC_PA_SVM,0.35,2,0.003102101258712692,0.38430311231393777,0.0020944431758728433,729,0.9968978987412873,234273,0.11058664868509778,328,2966,0.012311171819814299,0.9887745636207351,0.34836943052436964,0.404624018291136,0.30900066403889487,0.4638211382113821,0.0013957328022740079,0.06382794209248877,0.06859275516244384,0.07048193651802392,0.07436045480257186,0.3574287074487435,328,0.4499314128943759,729,0.011260367178462734,0.9887396328215373,0.21394490364440272,0.3769485120453472,235002
bibtex,MLC_PA_SVM,0.35,3,0.0028109103120607954,0.34673698088332233,0.0021455454227454385,678,0.9971890896879392,240525,0.099830220713073,294,2945,0.011974560847087309,0.989009257762134,0.32277088618552036,0.374715349105593,0.2905205177261714,0.44504919405484616,0.001218890312309595,0.05061111158672138,0.0542537884001299,0.06349238640358534,0.06570251333830246,0.32421846026497186,294,0.4336283185840708,678,0.011021723313584867,0.9889782766864151,0.20538206778198442,0.36895977148298026,241203
bibtex,MLC_PA_SVM,0.35,4,0.0028954875073031582,0.35655737704918034,0.0021695878829923352,674,0.9971045124926968,232102,0.10146407899216887,298,2937,0.012350500051551706,0.9886629205760044,0.34140767521613713,0.3951757145404686,0.3064222113242487,0.45999590750971964,0.001280200707976742,0.04668173735796688,0.05019625941757089,0.05902889897021962,0.061963523824538236,0.3310246411436887,298,0.4421364985163205,674,0.011370001120197155,0.9886299988798029,0.22962704757426206,0.387845047552772,232776
bibtex,MLC_PA_SVM,0.35,5,0.003011841721933748,0.36239782016348776,0.0021508400234662465,703,0.9969881582780663,232709,0.1032016348773842,303,2936,0.012334627182835503,0.9887195174198413,0.35106300147422526,0.40837188953431436,0.3056427449283717,0.4658145668492595,0.0012981337720425756,0.053065411719142364,0.05739844370831515,0.06405779026006614,0.06918489155127344,0.34056646403156077,303,0.4310099573257468,703,0.011314560244769218,0.9886854397552308,0.21866502389574452,0.3823598404879193,233412
bibtex,MLC_PA_SVM,0.40,1,0.0020521652699946875,0.2724795640326976,0.002290136872542118,479,0.9979478347300054,232933,0.07155025553662692,210,2935,0.012495501516631537,0.9883253645913663,0.32278412814856955,0.37585323017884326,0.27694379872728747,0.4326462627524464,0.0008996966736928291,0.03331166638387345,0.035159300281916106,0.04027790024595343,0.04448699654439969,0.3117914225352242,210,0.4384133611691023,479,0.01169864295741694,0.988301357042583,0.21874437344624742,0.38054103205273926,233412
bibtex,MLC_PA_SVM,0.40,2,0.0020680675058084613,0.2713125845737483,0.0020944431758728433,486,0.9979319324941915,234516,0.07518543492919758,223,2966,0.01249946808963328,0.9883277589126901,0.3260835766248486,0.3801281300266416,0.28825900316038205,0.4384851586489253,0.0009489280942289735,0.04154208819296773,0.04409686689794945,0.04974027563951111,0.04902447524011505,0.3394909478943093,223,0.4588477366255144,486,0.011696430094321923,0.988303569905678,0.22316976098037872,0.3812316715542522,235002
bibtex,MLC_PA_SVM,0.40,3,0.001844919010128398,0.24588002636783124,0.0021455454227454385,445,0.9981550809898716,240758,0.06723259762308999,198,2945,0.0121267148418552,0.9886112527621962,0.30482478043453654,0.3557246349929277,0.26898755321585,0.4220492320639596,0.0008208853123717885,0.03266500583573756,0.03526307428746461,0.04195942189326396,0.04270255134741591,0.3013159679826346,198,0.4449438202247191,445,0.0114097973899102,0.9885902026100898,0.21320185394355373,0.37125200274662395,241203
bibtex,MLC_PA_SVM,0.40,4,0.0017699419184108328,0.23633879781420766,0.0021695878829923352,412,0.9982300580815892,232364,0.06469186244467143,190,2937,0.01250902154861326,0.9881989552187511,0.3208847005435723,0.3733373070463234,0.28011894784462654,0.4341915550978373,0.0008162353507235043,0.02615876268540207,0.02835785192342566,0.03272563549059748,0.0361591714126559,0.3004897725731059,190,0.46116504854368934,412,0.011821968979704257,0.9881780310202958,0.23869301143291582,0.3907740075404746,232776
bibtex,MLC_PA_SVM,0.40,5,0.0019065000942539373,0.25204359673024523,0.0021508400234662465,445,0.998093499905746,232967,0.069141689373297,203,2936,0.012471509605333058,0.9882910904323685,0.33196341795326006,0.3883042957914732,0.2808236030696347,0.4425861717315929,0.0008697067845697681,0.03396582819817717,0.03733084996547398,0.03923864840132918,0.045956496433606886,0.3468783920111354,203,0.45617977528089887,445,0.01173127524499178,0.9882687247550083,0.22486857165497062,0.38763163791171856,233412
bibtex,MLC_PA_SVM,0.50,1,0.0,0.0,0.002290136872542118,0,1.0,233412,0.0,0,2935,0.01257433208232653,0.9874256679176735,0.2894724617646961,0.34069392989692715,0.23666589848133404,0.3881592662080467,0.0,0.0,0.0,0.0,0.0,,0,,0,0.01257433208232653,0.9874256679176735,0.23666589848133404,0.3881592662080467,233412
bibtex,MLC_PA_SVM,0.50,2,0.0,0.0,0.0020944431758728433,0,1.0,235002,0.0,0,2966,0.012621169181538881,0.9873788308184611,0.2845414884318809,0.33603126312869214,0.23851872752087094,0.38946068340881024,0.0,0.0,0.0,0.0,0.0,,0,,0,0.012621169181538881,0.9873788308184611,0.23851872752087094,0.38946068340881024,235002
bibtex,MLC_PA_SVM,0.50,3,0.0,0.0,0.0021455454227454385,0,1.0,241203,0.0,0,2945,0.012209632550175578,0.9877903674498244,0.272159774598799,0.3204615607054631,0.22702813132258604,0.3793466807165437,0.0,0.0,0.0,0.0,0.0,,0,,0,0.012209632550175578,0.9877903674498244,0.22702813132258604,0.3793466807165437,241203
bibtex,MLC_PA_SVM,0.50,4,0.0,0.0,0.0021695878829923352,0,1.0,232776,0.0,0,2937,0.012617280131972369,0.9873827198680276,0.29472593785817025,0.34497945512289774,0.24739331235402906,0.3980323836851814,0.0,0.0,0.0,0.0,0.0,,0,,0,0.012617280131972369,0.9873827198680276,0.24739331235402906,0.3980323836851814,232776
bibtex,MLC_PA_SVM,0.50,5,0.0,0.0,0.0021508400234662465,0,1.0,233412,0.0,0,2936,0.012578616352201259,0.9874213836477987,0.2979975897550829,0.3509734458259992,0.24158495466830554,0.39662967529798604,0.0,0.0,0.0,0.0,0.0,,0,,0,0.012578616352201259,0.9874213836477987,0.24158495466830554,0.39662967529798604,233412
bibtex,GSI_MLC_PA_SVM,0.20,1,0.008118691412609463,0.6920980926430518,0.0023467620377189092,1895,0.9918813085873905,231517,0.22688502217673148,665,2931,0.011331893818655426,0.9902918444638664,0.42369244251056243,0.48227252992239367,0.4080857780399383,0.5502183406113537,0.0028490394666940144,0.1300569803720349,0.13813874988405317,0.1633394101066703,0.15617244439469047,0.32867941396889094,665,0.35092348284960423,1895,0.009787618187865254,0.9902123818121348,0.19705246692103576,0.3788377192982456,233412
bibtex,GSI_MLC_PA_SVM,0.20,2,0.00814886681815474,0.6975642760487145,0.00220044548541347,1915,0.9918511331818453,233087,0.2388460248238846,712,2981,0.011285010340337529,0.9903447630232934,0.4318682970915718,0.4891531055773275,0.41111914736927163,0.5555337904015671,0.003029761448838708,0.14043283997614175,0.14626411965721842,0.16505058033364256,0.16204447198854577,0.33585316889817873,712,0.3718015665796345,1915,0.00973456263112057,0.9902654373688794,0.1988798909806411,0.37372343361854815,235002
bibtex,GSI_MLC_PA_SVM,0.20,3,0.007723784530043159,0.6921555702043507,0.002211499165453379,1863,0.9922762154699568,239340,0.2252129471890971,661,2935,0.010972500342035547,0.9905722565639731,0.41504864065839675,0.4699362254240303,0.3983406714335978,0.5442885771543087,0.002740430259988491,0.13472111642843349,0.14121388572608085,0.16132211606185984,0.1571513877619512,0.3553489526634635,661,0.3548040794417606,1863,0.009501128102281273,0.9904988718977187,0.18513268269645733,0.3669265033407572,241203
bibtex,GSI_MLC_PA_SVM,0.20,4,0.007767123758463072,0.6721311475409836,0.0022612762707023663,1808,0.9922328762415369,230968,0.22894825836996957,677,2957,0.011348248960373921,0.9902051757913187,0.4221369571176707,0.47897138342835066,0.40187804074230343,0.5517105780574125,0.002908375433893551,0.12399440513591908,0.13144824020848617,0.14979470565153347,0.15284902083033386,0.3433028175032332,677,0.37444690265486724,1808,0.009871497350282291,0.9901285026497177,0.21173439011750975,0.3847814355099838,232776
bibtex,GSI_MLC_PA_SVM,0.20,5,0.007883056569499426,0.6655313351498637,0.0021902766506070926,1840,0.9921169434305006,231572,0.2383543012580755,701,2941,0.011173375833290491,0.9904032354806094,0.4364976608470157,0.49694533132120133,0.40874412072993555,0.5626708317063647,0.003003273182184296,0.13447465302279776,0.14211151776885128,0.16230239432666713,0.16299742897111258,0.317298224084777,701,0.3809782608695652,1840,0.00967301746325117,0.9903269825367488,0.20240199705182865,0.38697318007662834,233412
bibtex,GSI_MLC_PA_SVM,0.25,1,0.006220759858104981,0.5960490463215259,0.0023467620377189092,1452,0.993779240141895,231960,0.18730808597748208,549,2931,0.01176032080612822,0.989794869158398,0.39847562367998335,0.45566040075576864,0.37363005315240466,0.5205314009661836,0.0023520641612255755,0.10484016154145581,0.11152662071742814,0.12888368521913668,0.12648550474952036,0.332505425579192,549,0.378099173553719,1452,0.010269011898603207,0.9897309881013968,0.20424699495793897,0.37871674491392804,233412
bibtex,GSI_MLC_PA_SVM,0.25,2,0.005995693653671033,0.591339648173207,0.00220044548541347,1409,0.994004306346329,233593,0.1949010399194901,581,2981,0.011711602454447197,0.9897873209589706,0.4037801883877662,0.4613657091667917,0.37667802044426235,0.5239984133280444,0.002472319384515864,0.11234473127233613,0.11847672324668262,0.13060945340863328,0.13050909491502305,0.3358325642649071,581,0.41234918381831087,1409,0.010274280479295184,0.9897257195207048,0.2051534203258442,0.37662337662337664,235002
bibtex,GSI_MLC_PA_SVM,0.25,3,0.0056301123949536284,0.5748187211601846,0.002211499165453379,1358,0.9943698876050464,239845,0.17614991482112435,517,2935,0.01143227903467204,0.9899752490640664,0.3804492328882572,0.4353361517995664,0.3587719928031237,0.5081366965012205,0.0021434227600818367,0.10012170865829395,0.10661381210161697,0.12175343743138575,0.12099950710886304,0.3665187000891672,517,0.3807069219440353,1358,0.010081510975838563,0.9899184890241615,0.19040911724965262,0.3663522012578616,241203
bibtex,GSI_MLC_PA_SVM,0.25,4,0.005657799773172492,0.5594262295081968,0.0022612762707023663,1317,0.9943422002268275,231459,0.18058843422387555,534,2957,0.011823598652782074,0.989590851290511,0.3899908226662083,0.4450518061173799,0.3671525921814844,0.5151090654392636,0.0022940509330858783,0.09184827068445672,0.09752866289751538,0.11506925709071442,0.11624750821218494,0.3235456296050936,534,0.4054669703872437,1317,0.010468376688744011,0.989531623311256,0.22021108890982663,0.38580481622306717,232776
bibtex,GSI_MLC_PA_SVM,0.25,5,0.00584802837900365,0.5599455040871935,0.0021902766506070926,1365,0.9941519716209963,232047,0.18599115946956818,547,2941,0.011718549174849623,0.9897434579199013,0.3993779969051447,0.45935494889253503,0.3652906451417483,0.5236768802228412,0.002343495621476177,0.09735498908092677,0.10452113534018498,0.11884891873847989,0.12400347748758911,0.3399057806930773,547,0.40073260073260075,1365,0.010316875460574797,0.9896831245394252,0.211164830511437,0.38330757341576505,233412
bibtex,GSI_MLC_PA_SVM,0.30,1,0.00451133617808853,0.4816076294277929,0.0023467620377189092,1053,0.9954886638219115,232359,0.14909587171613783,437,2931,0.012038369920998066,0.9893150309324285,0.37309366571968755,0.4294186626271094,0.34613079055924495,0.49350121852152723,0.0018722259352560444,0.07945820358116001,0.08528488258876893,0.10138442262597697,0.09945532230486404,0.3186502125919013,437,0.41500474833808165,1053,0.010733391002715625,0.9892666089972844,0.2154625730437206,0.3829787234042553,233412
bibtex,GSI_MLC_PA_SVM,0.30,2,0.004463791797516617,0.4918809201623816,0.00220044548541347,1049,0.9955362082024833,233953,0.1509560550150956,450,2981,0.012109258644607282,0.9892298788946478,0.37384618276025583,0.4312024503837765,0.34315398911446054,0.4926839045900982,0.0019148773201930203,0.08241072564482577,0.08831346446366745,0.09708542207883147,0.09919458617707683,0.3407494806391865,450,0.42897998093422307,1049,0.010818412245194548,0.9891815877548055,0.2133193604708749,0.3801126622581435,235002
bibtex,GSI_MLC_PA_SVM,0.30,3,0.004162468957682948,0.46209624258404747,0.002211499165453379,1004,0.9958375310423171,240199,0.13662691652470188,401,2935,0.011754414331496708,0.9894943263558081,0.3537907562297806,0.4066951652317506,0.3288922599035793,0.47860082304526746,0.0016625000518235566,0.07346323199981736,0.07797282553380114,0.09187370453184132,0.09146363365290999,0.3548892916821428,401,0.399402390438247,1004,0.010549585968301283,0.9894504140316988,0.20013790196039988,0.37090367428003973,241203
bibtex,GSI_MLC_PA_SVM,0.30,4,0.004167096264219679,0.4610655737704918,0.0022612762707023663,970,0.9958329037357804,231806,0.14372675008454514,425,2957,0.012127538921538302,0.9891225899577276,0.3666374216518864,0.4213663371827738,0.3414707760845234,0.48951612903225805,0.001825789600302441,0.0684948696701348,0.07384319396290928,0.08938744099375345,0.09065457180517938,0.33186232657705456,425,0.4381443298969072,970,0.010922926930277905,0.9890770730697221,0.23014886947409877,0.38958534233365477,232776
bibtex,GSI_MLC_PA_SVM,0.30,5,0.004335681113224684,0.4775204359673024,0.0021902766506070926,1012,0.9956643188867753,232400,0.14654879292757567,431,2941,0.012054221719534559,0.9892464826144328,0.3755178602074138,0.4347377745137803,0.33474003084186776,0.49557877813504825,0.0018465203160077381,0.07349485238319586,0.07990396096143026,0.08829830443859935,0.09590537539979616,0.35311484802023035,431,0.4258893280632411,1012,0.010800344234079174,0.9891996557659208,0.21601997436182668,0.3832923832923833,233412
bibtex,GSI_MLC_PA_SVM,0.35,1,0.003106095659177763,0.3753405994550409,0.0023467620377189092,725,0.9968939043408223,232687,0.10815421357898328,317,2931,0.012286214933251076,0.9888009185474611,0.3481719224992386,0.40274445864220704,0.31174986406122973,0.46191848497324,0.0013581135502886976,0.05453646036071108,0.05861067860386654,0.06700349612796175,0.06787258875657681,0.30325074684255077,317,0.43724137931034485,725,0.011233975254311586,0.9887660247456884,0.22435325245529303,0.38667292351008914,233412
bibtex,GSI_MLC_PA_SVM,0.35,2,0.0031574199368516014,0.38430311231393777,0.00220044548541347,742,0.9968425800631484,234260,0.11304931231130493,337,2981,0.01235606505476549,0.9887490319231326,0.34887119345847356,0.4055651685556962,0.31564672827444556,0.4647773279352227,0.0014340303486778394,0.0574357363430435,0.06267618263558711,0.0695781612388165,0.07128800952220132,0.33273388129003106,337,0.45417789757412397,742,0.011286604627337146,0.9887133953726629,0.2245370732467445,0.3833955223880597,235002
bibtex,GSI_MLC_PA_SVM,0.35,3,0.002951870416205437,0.35464733025708634,0.002211499165453379,712,0.9970481295837945,240491,0.10187393526405451,299,2935,0.011961708602297649,0.9890714460433743,0.3296848559043681,0.38100895661871265,0.30069916713672734,0.451975051975052,0.0012396197393896857,0.049357331674404814,0.052286616920763196,0.06368061176498938,0.06483786258269453,0.3241206604842968,299,0.4199438202247191,712,0.010960909140050979,0.989039090859949,0.21501038949278833,0.3759469696969697,241203
bibtex,GSI_MLC_PA_SVM,0.35,4,0.002899783482833282,0.36475409836065575,0.0022612762707023663,675,0.9971002165171667,232101,0.10551234359147785,312,2957,0.01237777949616799,0.9886371447228237,0.3458755832188812,0.39911969102542866,0.3120681954291231,0.46207036811063656,0.001340344365398538,0.047733031237129575,0.051596547805564164,0.05998486033835315,0.0632088108835579,0.33071559395050554,312,0.4622222222222222,675,0.011395900922443247,0.9886040990775568,0.2356645415841692,0.3912543153049482,232776
bibtex,GSI_MLC_PA_SVM,0.35,5,0.0030289788014326597,0.3698910081743869,0.0021902766506070926,707,0.9969710211985673,232705,0.10608636518191092,312,2941,0.012323488081161208,0.9887366544993402,0.35506981464867343,0.41251274459721327,0.3079465768048287,0.46813675905320656,0.001336692200915146,0.053046806824455506,0.05767893104486321,0.06150485040156026,0.06846335631795447,0.329696810510764,312,0.44130127298444133,707,0.0112975655873316,0.9887024344126684,0.22535357434202977,0.3890309086683709,233412
bibtex,GSI_MLC_PA_SVM,0.40,1,0.002022175380871592,0.26907356948228883,0.0023467620377189092,472,0.9979778246191284,232940,0.0736949846468782,216,2931,0.01244066286223502,0.9883682072901137,0.3284095852300893,0.381016670838125,0.2859274375573415,0.4368388301182327,0.0009254022929412464,0.03477412309156175,0.03688289079978452,0.04118106962407353,0.04279293390156952,0.28174075028913736,216,0.4576271186440678,472,0.011655361895767151,0.9883446381042329,0.23117339857491803,0.38727149627623564,233412
bibtex,GSI_MLC_PA_SVM,0.40,2,0.0020893439204772725,0.2780784844384303,0.00220044548541347,491,0.9979106560795227,234511,0.07648440120764843,228,2981,0.012550531484838427,0.9882852060833525,0.3289158574848697,0.383106406448761,0.2882872388284926,0.43896474424291826,0.0009702045088977318,0.037480400369439615,0.040217420528651904,0.04221867179286354,0.04547542582989689,0.3131108881056473,228,0.46435845213849286,491,0.011739321396437694,0.9882606786035623,0.22961894001248886,0.384804469273743,235002
bibtex,GSI_MLC_PA_SVM,0.40,3,0.0019858791142730397,0.2623599208965063,0.002211499165453379,479,0.9980141208857269,240724,0.07223168654173764,212,2935,0.012083597633528604,0.9887107540121806,0.31123731428609475,0.3615250127445249,0.2780105852671966,0.429499266708569,0.0008789277081959757,0.03090979005613148,0.03280267304657547,0.04099202989545861,0.042362077316211555,0.3113731601731601,212,0.44258872651356995,479,0.011311709675811302,0.9886882903241887,0.22341872403025884,0.3784524081259986,241203
bibtex,GSI_MLC_PA_SVM,0.40,4,0.0017527580162903392,0.23497267759562843,0.0022612762707023663,408,0.9982472419837096,232368,0.06594521474467366,195,2957,0.01256658762071691,0.9881345155857992,0.32338080985320616,0.37534824768431324,0.28370811912836175,0.4342482589102827,0.0008377152283740585,0.02523825787145456,0.027825104464448747,0.03162478403759178,0.035386701683204014,0.32155237331707914,195,0.47794117647058826,408,0.01188631825380431,0.9881136817461957,0.24045292904366594,0.39189784236019376,232776
bibtex,GSI_MLC_PA_SVM,0.40,5,0.0020264596507463197,0.2683923705722071,0.0021902766506070926,473,0.9979735403492537,232939,0.07854471268276096,231,2941,0.012420955220811268,0.9883896286394872,0.34044620407819637,0.3967132700783927,0.2897669795351011,0.44941080861438437,0.0009896663410621231,0.03842319625397844,0.041879456526042635,0.04332525313183269,0.04973740587913228,0.29410706210121623,231,0.4883720930232558,473,0.011633947084859127,0.9883660529151409,0.23438587735450922,0.39562890276538804,233412
bibtex,GSI_MLC_PA_SVM,0.50,1,0.0,0.0,0.0023467620377189092,0,1.0,233412,0.0,0,2931,0.012557195002827619,0.9874428049971724,0.29363546213852754,0.3441337800383405,0.24474636793326798,0.3940458962166632,0.0,0.0,0.0,0.0,0.0,,0,,0,0.012557195002827619,0.9874428049971724,0.24474636793326798,0.3940458962166632,233412
bibtex,GSI_MLC_PA_SVM,0.50,2,0.0,0.0,0.00220044548541347,0,1.0,235002,0.0,0,2981,0.012684998425545314,0.9873150015744547,0.29143545711543006,0.3428889859201091,0.24606856703562907,0.39348931841302137,0.0,0.0,0.0,0.0,0.0,,0,,0,0.012684998425545314,0.9873150015744547,0.24606856703562907,0.39348931841302137,235002
bibtex,GSI_MLC_PA_SVM,0.50,3,0.0,0.0,0.002211499165453379,0,1.0,241203,0.0,0,2935,0.01216817369601539,0.9878318263039846,0.28032752422996327,0.32872233969794945,0.23701855537173797,0.3871371893923575,0.0,0.0,0.0,0.0,0.0,,0,,0,0.01216817369601539,0.9878318263039846,0.23701855537173797,0.3871371893923575,241203
bibtex,GSI_MLC_PA_SVM,0.50,4,0.0,0.0,0.0022612762707023663,0,1.0,232776,0.0,0,2957,0.012703199642574835,0.9872968003574252,0.2981425519817516,0.3475231432198645,0.25208333509076997,0.39886155722707867,0.0,0.0,0.0,0.0,0.0,,0,,0,0.012703199642574835,0.9872968003574252,0.25208333509076997,0.39886155722707867,232776
bibtex,GSI_MLC_PA_SVM,0.50,5,0.0,0.0,0.0021902766506070926,0,1.0,233412,0.0,0,2941,0.012600037701574897,0.9873999622984251,0.3020230078242179,0.35483381355235005,0.24644172640326842,0.3996734027352521,0.0,0.0,0.0,0.0,0.0,,0,,0,0.012600037701574897,0.9873999622984251,0.24644172640326842,0.3996734027352521,233412
reuters-k500,MLC_PA_Logistic,0.20,1,0.01006354223784795,0.6112956810631229,0.0007064323653546826,1248,0.989936457762152,122764,0.355463347164592,514,1446,0.009528110182885527,0.992484598264684,0.526702657807309,0.549452222749565,0.3423972396852593,0.6437308868501529,0.004144760184498275,0.2520961873121342,0.25915401044138586,0.18414496995103338,0.2735218276167034,0.3229925510184688,514,0.41185897435897434,1248,0.007591802156984132,0.9924081978430158,0.11284563644445356,0.31771595900439237,124012
reuters-k500,MLC_PA_Logistic,0.20,2,0.009821536478266123,0.6381742738589211,0.0007706515313609158,1219,0.9901784635217339,122896,0.3401408450704225,483,1420,0.009513757402409055,0.9924505498932442,0.5243647500493973,0.5450339195152473,0.3186233744429947,0.6394767218160831,0.003891552189501768,0.2425943489428966,0.24872620694197456,0.14767819438121446,0.2541953365346978,0.37776969313328296,483,0.39622641509433965,1219,0.007624332769170681,0.9923756672308294,0.13219455803033428,0.30950626381724394,124115
reuters-k500,MLC_PA_Logistic,0.20,3,0.009554630913854214,0.6115288220551378,0.0007371355112617653,1178,0.9904453690861458,122113,0.32885431400282883,465,1414,0.009608162801826572,0.9923027633809443,0.520161514898357,0.5402321942422192,0.2900150360334675,0.6368159203980099,0.003771564834416097,0.2415900863269284,0.24446300937529009,0.13121659845629507,0.2442042365492127,0.40874998840097015,465,0.39473684210526316,1178,0.007771490340913744,0.9922285096590863,0.12086758371328281,0.3138105567606652,123291
reuters-k500,MLC_PA_Logistic,0.20,4,0.009724905620720597,0.6286427976686095,0.0007514498184252921,1203,0.9902750943792794,122500,0.3420101229211858,473,1383,0.00930131039667591,0.9926436707274682,0.5461097233786659,0.5676479917529043,0.30626157111277863,0.6558245083207261,0.00382367444605225,0.248834304746045,0.25308671345307476,0.1285170575054046,0.2450873971149315,0.4294066945669299,473,0.3931837073981712,1203,0.0074285714285714285,0.9925714285714285,0.12489058158991767,0.34057971014492755,123703
reuters-k500,MLC_PA_Logistic,0.20,5,0.009765704473506458,0.6286672254819782,0.0007319685605801014,1200,0.9902342955264936,121679,0.3304964539007092,466,1410,0.009635495080526371,0.9923176458141749,0.5265018161497625,0.5492342899719261,0.3291072988417598,0.6399694889397407,0.003792348570545001,0.23586197261804975,0.24229500126398695,0.1680521789152894,0.24201901925570996,0.39366659104303003,466,0.3883333333333333,1200,0.007758117670263563,0.9922418823297364,0.1097369535949461,0.3159420289855073,122879
reuters-k500,MLC_PA_Logistic,0.25,1,0.007378318227268329,0.5,0.0007064323653546826,915,0.9926216817727317,123097,0.27800829875518673,402,1446,0.010263119698093733,0.9915814598587234,0.4696290143964562,0.49142738490745125,0.29498309591529254,0.5870253164556962,0.0032416217785375956,0.19502254390128143,0.20112917259927215,0.1367308261810666,0.21681625722224673,0.36528031717171044,402,0.43934426229508194,915,0.008481116517868023,0.991518883482132,0.11901151149825581,0.3238341968911917,124012
reuters-k500,MLC_PA_Logistic,0.25,2,0.00742053740482617,0.5311203319502075,0.0007706515313609158,921,0.9925794625951738,123194,0.27887323943661974,396,1420,0.010105547274704911,0.9917495870765016,0.47782256471053147,0.4977112560100111,0.2695664279213649,0.5952569169960474,0.0031905893727591783,0.19605216360403077,0.20140354343673839,0.09862124785958468,0.20997553171466216,0.41214498331422517,396,0.42996742671009774,921,0.008312093121418252,0.9916879068785818,0.13870885034934977,0.32808398950131235,124115
reuters-k500,MLC_PA_Logistic,0.25,3,0.007324135581672628,0.5054302422723476,0.0007371355112617653,903,0.9926758644183273,122388,0.27015558698727016,382,1414,0.010201474560186875,0.9916295593352313,0.47440824282929545,0.49379467186484727,0.26313330143216523,0.5940204563335956,0.0030983607887031805,0.1958368142578668,0.1980254869979181,0.1043348638549928,0.20140877248479833,0.40715933563914947,382,0.4230343300110742,903,0.008432199235219139,0.9915678007647809,0.1281729997740459,0.3384615384615385,123291
reuters-k500,MLC_PA_Logistic,0.25,4,0.0074775874473537425,0.5287260616153205,0.0007514498184252921,925,0.9925224125526463,122778,0.27910339840925524,386,1383,0.009929023548337551,0.9919403733135009,0.4975529651216579,0.5179751001149836,0.28082661862817426,0.6119112495134293,0.003120377032085009,0.200277546489037,0.2034138218151541,0.10308210502080023,0.2011741383076347,0.4243319219331443,386,0.4172972972972973,925,0.008120347293489061,0.9918796527065109,0.14187495385581325,0.3604874919820398,123703
reuters-k500,MLC_PA_Logistic,0.25,5,0.007185930875088502,0.5222129086336965,0.0007319685605801014,883,0.9928140691249115,121996,0.26595744680851063,375,1410,0.010219402827171445,0.9915770798916007,0.47303716121821743,0.4940432948815178,0.28974491995316476,0.5926800472255017,0.003051782647970791,0.18239731768650463,0.18710400617357864,0.12868980002669433,0.19472957754147097,0.4145571419672103,375,0.4246885617214043,883,0.008483884717531722,0.9915161152824683,0.11885486488121816,0.3361128928800513,122879
reuters-k500,MLC_PA_Logistic,0.30,1,0.00535432054962423,0.40365448504983387,0.0007064323653546826,664,0.9946456794503757,123348,0.2095435684647303,303,1446,0.01082314614714705,0.9907831500177402,0.4206672203765227,0.44129686758424297,0.2633468737446824,0.5351769011793412,0.0024433119375544265,0.14606074988134793,0.15099865527606388,0.10509460401045648,0.16496784194589176,0.35032883701933787,303,0.4563253012048193,664,0.009266465609495088,0.9907335343905049,0.13055573613142898,0.33507853403141363,124012
reuters-k500,MLC_PA_Logistic,0.30,2,0.005502960963622447,0.4307053941908714,0.0007706515313609158,683,0.9944970390363775,123432,0.2211267605633803,314,1420,0.010561978809974622,0.9910889094791121,0.4302153724560363,0.4487169861028782,0.24512941205644864,0.5507717303005687,0.002529911775369653,0.1484449713495356,0.15240927352960548,0.07418423199466839,0.16549034501918342,0.42389070685764735,314,0.45973645680819913,683,0.008960399248169033,0.991039600751831,0.14264601988564246,0.34009546539379476,124115
reuters-k500,MLC_PA_Logistic,0.30,3,0.005320745228767712,0.39515455304928987,0.0007371355112617653,656,0.9946792547712323,122635,0.19872701555869873,281,1414,0.01078586433721845,0.9908103592314119,0.4161793372319688,0.43356804710188174,0.24004045122867865,0.5384928716904277,0.002279160684883763,0.13760790866054018,0.13779886223495258,0.08124201365150621,0.14588118784163046,0.4298432934390079,281,0.42835365853658536,656,0.009238798059281609,0.9907612019407184,0.13210570779611042,0.3454650491045638,123291
reuters-k500,MLC_PA_Logistic,0.30,4,0.005480869501952257,0.42714404662781014,0.0007514498184252921,678,0.9945191304980477,123025,0.2024584237165582,280,1383,0.010560778639159923,0.9910834822114257,0.43813026181885467,0.45849688751437284,0.24905864706942923,0.5572059413890004,0.002263485930009801,0.14085484318623376,0.14393560921454335,0.0713141334620552,0.14646883018320572,0.480935697657754,280,0.41297935103244837,678,0.008965657386710018,0.9910343426132899,0.14457837829941997,0.3613202084539664,123703
reuters-k500,MLC_PA_Logistic,0.30,5,0.005208375719203444,0.4090528080469405,0.0007319685605801014,640,0.9947916242807966,122239,0.20070921985815604,283,1410,0.010734136833795848,0.9908283758819652,0.423484213467449,0.4439155656674516,0.24904332541599464,0.5464788732394367,0.002303078638335232,0.13284436993573623,0.13697627695951242,0.08798820548952421,0.14852840355540592,0.44417972883143675,283,0.4421875,640,0.00921964348530338,0.9907803565146966,0.12510807993873543,0.3459082994776553,122879
reuters-k500,MLC_PA_Logistic,0.35,1,0.003749637131890462,0.3181063122923588,0.0007064323653546826,465,0.9962503628681095,123547,0.15560165975103735,225,1446,0.011158194368286939,0.9901541786278747,0.37906976744186044,0.39877195064072135,0.22767875787803088,0.4910379324718633,0.0018143405476889196,0.10446329694668566,0.10847373833254226,0.06942648814380495,0.12082887323841379,0.403574967959509,225,0.4838709677419355,465,0.009882878580621141,0.9901171214193789,0.1312515377907053,0.34248788368336025,124012
reuters-k500,MLC_PA_Logistic,0.35,2,0.003915723321113483,0.3360995850622407,0.0007706515313609158,486,0.9960842766788865,123629,0.1676056338028169,238,1420,0.0108939290174435,0.9904765741449462,0.3911282355265758,0.40857999077916085,0.22689420330564686,0.5099502487562189,0.0019175764412037166,0.10935783442007507,0.11227227820588814,0.05594902324386661,0.12466886347483358,0.4301075974251014,238,0.4897119341563786,486,0.009560863551432108,0.9904391364485678,0.14689268187847268,0.3576086956521739,124115
reuters-k500,MLC_PA_Logistic,0.35,3,0.0036904559132458978,0.29741019214703424,0.0007371355112617653,455,0.9963095440867541,122836,0.1371994342291372,194,1414,0.011186947952405286,0.9901047116172308,0.3691450849345586,0.38652583840553767,0.21456314194139137,0.49335548172757476,0.0015735130707026368,0.09057365636312997,0.09075665353860851,0.05576470436421893,0.10074379787877752,0.45011743183571334,194,0.42637362637362636,455,0.009931941776026573,0.9900680582239735,0.13890683878854485,0.3538135593220339,123291
reuters-k500,MLC_PA_Logistic,0.35,4,0.003969184255838581,0.32972522897585343,0.0007514498184252921,491,0.9960308157441614,123212,0.15328994938539406,212,1383,0.010855436003977268,0.9905337784855662,0.4000647608474419,0.42065342373418974,0.23400207171942186,0.5230142566191446,0.0017137822041503048,0.102789342214821,0.10609214543436024,0.05625755811204783,0.11227714541334993,0.5067512535719361,212,0.4317718940936864,491,0.009503944420997956,0.990496055579002,0.1553598101256148,0.37613212573255195,123703
reuters-k500,MLC_PA_Logistic,0.35,5,0.003743520048177475,0.31517183570829843,0.0007319685605801014,460,0.9962564799518225,122419,0.14397163120567377,203,1410,0.011132903099797361,0.9901773289170648,0.38148924280525287,0.4010344735826714,0.2158521753650258,0.504312114989733,0.0016520316734348617,0.09084939927354008,0.09409518487473223,0.05479705543855537,0.1063616453057023,0.43781003918728434,203,0.44130434782608696,460,0.00985958062065529,0.9901404193793447,0.13733359055857572,0.3535083020889127,122879
reuters-k500,MLC_PA_Logistic,0.40,1,0.0023546108441118603,0.21760797342192692,0.0007064323653546826,292,0.9976453891558882,123720,0.09820193637621023,142,1446,0.011456955778473051,0.9894848885591717,0.34150846385065653,0.36044138585666824,0.20244013003568626,0.44932432432432434,0.0011450504789859428,0.06690199335548175,0.07014317354848915,0.044187860301460324,0.07911526509087485,0.39006332624663675,142,0.4863013698630137,292,0.010539928871645652,0.9894600711283543,0.146531621930143,0.35124378109452736,124012
reuters-k500,MLC_PA_Logistic,0.40,2,0.002352656810216332,0.22655601659751037,0.0007706515313609158,292,0.9976473431897837,123823,0.10422535211267606,148,1420,0.011189622527494664,0.9897514401965919,0.3482928275044458,0.36525653691628795,0.20802094261225515,0.463743676222597,0.0011924424928494437,0.06652242639794509,0.06894882434301525,0.0370757625504749,0.07846229094121171,0.35660390378606543,148,0.5068493150684932,292,0.010272728006913093,0.9897272719930869,0.16587201461185744,0.37091988130563797,124115
reuters-k500,MLC_PA_Logistic,0.40,3,0.0023846022824050416,0.20551378446115287,0.0007371355112617653,294,0.997615397717595,122997,0.08981612446958982,127,1414,0.011392559067571844,0.9895612818453902,0.3329156223893066,0.34949476866770096,0.19765492685131492,0.4558139534883721,0.0010300832988620057,0.05434419381787797,0.0537255838007718,0.03885648927414248,0.06320226963957487,0.475627359903378,127,0.43197278911564624,294,0.01046366984560599,0.989536330154394,0.14710731589529194,0.36444444444444446,123291
reuters-k500,MLC_PA_Logistic,0.40,4,0.0024898345230107595,0.2248126561199001,0.0007514498184252921,308,0.9975101654769892,123395,0.10412147505422993,144,1383,0.011011859049497587,0.9899840747597067,0.3650939032287908,0.3847369255778914,0.21729491782788016,0.4861053504769805,0.0011640784782908087,0.0678184845961699,0.07017564727806191,0.039550404220506125,0.07536823927118586,0.5012540023656625,144,0.4675324675324675,308,0.010040925483204344,0.9899590745167957,0.16397441206023666,0.392349190779794,123703
reuters-k500,MLC_PA_Logistic,0.40,5,0.002262388203028996,0.20117351215423301,0.0007319685605801014,278,0.997737611796971,122601,0.08581560283687943,121,1410,0.011394949503169785,0.9895100057780418,0.3422464375523889,0.3600866163732886,0.19973787558730555,0.4608950230029277,0.0009847085344119044,0.05160659402067613,0.05314732766534941,0.03868275566083512,0.06294455331889692,0.43657741655406507,121,0.4352517985611511,278,0.010513780474873778,0.9894862195251263,0.14599840957347043,0.37213833414515346,122879
reuters-k500,MLC_PA_Logistic,0.50,1,0.0,0.0,0.0007064323653546826,0,1.0,124012,0.0,0,1446,0.011660161919814211,0.9883398380801858,0.2746064704951748,0.2902982123081791,0.15825226973422593,0.3702090592334495,0.0,0.0,0.0,0.0,0.0,,0,,0,0.011660161919814211,0.9883398380801858,0.15825226973422593,0.3702090592334495,124012
reuters-k500,MLC_PA_Logistic,0.50,2,0.0,0.0,0.0007706515313609158,0,1.0,124115,0.0,0,1420,0.011441002296257503,0.9885589977037424,0.2817704011065007,0.2963077125732727,0.17094518006178025,0.3852813852813853,0.0,0.0,0.0,0.0,0.0,,0,,0,0.011441002296257503,0.9885589977037424,0.17094518006178025,0.3852813852813853,124115
reuters-k500,MLC_PA_Logistic,0.50,3,0.0,0.0,0.0007371355112617653,0,1.0,123291,0.0,0,1414,0.011468801453471867,0.9885311985465282,0.27857142857142864,0.29576918486692916,0.15879843757717244,0.39261168384879724,0.0,0.0,0.0,0.0,0.0,,0,,0,0.011468801453471867,0.9885311985465282,0.15879843757717244,0.39261168384879724,123291
reuters-k500,MLC_PA_Logistic,0.50,4,0.0,0.0,0.0007514498184252921,0,1.0,123703,0.0,0,1383,0.011180003718584028,0.9888199962814159,0.2972754186326209,0.3145612782998295,0.17774451360737403,0.41073711120579465,0.0,0.0,0.0,0.0,0.0,,0,,0,0.011180003718584028,0.9888199962814159,0.17774451360737403,0.41073711120579465,123703
reuters-k500,MLC_PA_Logistic,0.50,5,0.0,0.0,0.0007319685605801014,0,1.0,122879,0.0,0,1410,0.011474702756370088,0.9885252972436299,0.2906398435317128,0.3069392887079392,0.16105511992647042,0.39795046968403075,0.0,0.0,0.0,0.0,0.0,,0,,0,0.011474702756370088,0.9885252972436299,0.16105511992647042,0.39795046968403075,122879
reuters-k500,MLC_PA_MLP,0.20,1,0.9611650485436893,1.0,0.06596443854864595,119196,0.038834951456310676,4816,1.0,19778,19778,0.1922330097087379,1.0,1.0,1.0,0.883495145631068,1.0,0.15948456600974104,0.9665023431205567,0.937600608446378,0.8351825814727385,0.937345971563981,0.05026458695260542,19778,0.1659283868586194,119196,0.0,1.0,0.0,0.0,124012
reuters-k500,MLC_PA_MLP,0.20,2,0.9514563106796117,1.0,0.059146081163322956,118090,0.04854368932038835,6025,0.9999443826473859,17979,17980,0.19029931917979293,0.9999919429561294,0.999792531120332,0.9998814463544754,0.8737864077669902,0.9997151808601538,0.144857591749587,0.9607615765384994,0.9275718045545412,0.8160770645817685,0.9271886152973765,0.060653697429365695,17979,0.15224828520619865,118090,0.00016597510373443983,0.9998340248962656,0.0,0.0,124115
reuters-k500,MLC_PA_MLP,0.20,3,0.9514563106796117,1.0,0.06565918919763283,117306,0.04854368932038835,5985,0.9999490316004077,19619,19620,0.19029937302803934,0.999991889107883,0.9997215260373153,0.9998329156223893,0.8737864077669902,0.9997143673236218,0.15912759244389285,0.9667332316092254,0.9385131550878528,0.823623217133968,0.9380213974527467,0.052722537093890715,19619,0.16724634716041806,117306,0.0001670843776106934,0.9998329156223893,0.0,0.0,123291
reuters-k500,MLC_PA_MLP,0.20,4,0.9514563106796117,1.0,0.06641607200603178,117698,0.04854368932038835,6005,0.9999515292520964,20630,20631,0.19029934601424378,0.9999919161216785,0.999722453510963,0.9998334721065778,0.8737864077669902,0.9997158283603297,0.16677040977179203,0.9668096044746192,0.938380418565991,0.817667339767035,0.9373606949694284,0.058982285755055035,20630,0.17527910414790396,117698,0.00016652789342214822,0.9998334721065778,0.0,0.0,123703
reuters-k500,MLC_PA_MLP,0.20,5,0.9514563106796117,1.0,0.06424914099217911,116914,0.04854368932038835,5965,0.9999480789200416,19259,19260,0.19029940022298356,0.9999918619129388,0.9991617770326907,0.9991617770326907,0.8737864077669902,0.9997163120567376,0.15673141871271745,0.9639277748629742,0.9338555646638863,0.8230841550062447,0.9336703417337815,0.053289102391395816,19259,0.16472791966744788,116914,0.00016764459346186087,0.9998323554065381,0.0,0.0,122879
reuters-k500,MLC_PA_MLP,0.25,1,0.9611650485436893,1.0,0.06596443854864595,119196,0.038834951456310676,4816,1.0,19778,19778,0.24029126213592233,1.0,1.0,1.0,0.883495145631068,1.0,0.15948456600974104,0.9665023431205567,0.937600608446378,0.8351825814727385,0.937345971563981,0.05026458695260542,19778,0.1659283868586194,119196,0.0,1.0,0.0,0.0,124012
reuters-k500,MLC_PA_MLP,0.25,2,0.9514563106796117,1.0,0.059146081163322956,118090,0.04854368932038835,6025,0.9999443826473859,17979,17980,0.23787213471377353,0.9999919429561294,0.999792531120332,0.9998814463544754,0.8737864077669902,0.9997151808601538,0.144857591749587,0.9607615765384994,0.9275718045545412,0.8160770645817685,0.9271886152973765,0.060653697429365695,17979,0.15224828520619865,118090,0.00016597510373443983,0.9998340248962656,0.0,0.0,124115
reuters-k500,MLC_PA_MLP,0.25,3,0.9514563106796117,1.0,0.06565918919763283,117306,0.04854368932038835,5985,0.9999490316004077,19619,19620,0.23787218856201994,0.999991889107883,0.9997215260373153,0.9998329156223893,0.8737864077669902,0.9997143673236218,0.15912759244389285,0.9667332316092254,0.9385131550878528,0.823623217133968,0.9380213974527467,0.052722537093890715,19619,0.16724634716041806,117306,0.0001670843776106934,0.9998329156223893,0.0,0.0,123291
reuters-k500,MLC_PA_MLP,0.25,4,0.9514563106796117,1.0,0.06641607200603178,117698,0.04854368932038835,6005,0.9999515292520964,20630,20631,0.23787216154822438,0.9999919161216785,0.999722453510963,0.9998334721065778,0.8737864077669902,0.9997158283603297,0.16677040977179203,0.9668096044746192,0.938380418565991,0.817667339767035,0.9373606949694284,0.058982285755055035,20630,0.17527910414790396,117698,0.00016652789342214822,0.9998334721065778,0.0,0.0,123703
reuters-k500,MLC_PA_MLP,0.25,5,0.9514563106796117,1.0,0.06424914099217911,116914,0.04854368932038835,5965,0.9999480789200416,19259,19260,0.23787221575696416,0.9999918619129388,0.9991617770326907,0.9991617770326907,0.8737864077669902,0.9997163120567376,0.15673141871271745,0.9639277748629742,0.9338555646638863,0.8230841550062447,0.9336703417337815,0.053289102391395816,19259,0.16472791966744788,116914,0.00016764459346186087,0.9998323554065381,0.0,0.0,122879
reuters-k500,MLC_PA_MLP,0.30,1,0.9580121278585944,1.0,0.06596443854864595,118805,0.04198787214140567,5207,0.9999494387703509,19777,19778,0.2874117020933458,0.9999919362642324,0.9991694352159468,0.9991694352159468,0.8829841594276955,0.999713055954089,0.15947650227397347,0.9656717783365035,0.9367700436623249,0.834671595269366,0.93705902751807,0.05026458695260542,19777,0.16646605782584908,118805,0.00019204916458613405,0.9998079508354139,0.0,0.0,124012
reuters-k500,MLC_PA_MLP,0.30,2,0.9508520323893164,1.0,0.059146081163322956,118015,0.04914796761068364,6100,0.9999443826473859,17979,17980,0.2852636667606655,0.9999919429561294,0.999792531120332,0.9998814463544754,0.8737864077669902,0.9997151808601538,0.144857591749587,0.9607615765384994,0.9275718045545412,0.8160770645817685,0.9271886152973765,0.060653697429365695,17979,0.1523450408846333,118015,0.0001639344262295082,0.9998360655737705,0.0,0.0,124115
reuters-k500,MLC_PA_MLP,0.30,3,0.9501017916960687,1.0,0.06565918919763283,117139,0.04989820830393135,6152,0.9999490316004077,19619,19620,0.2850386484009376,0.999991889107883,0.9997215260373153,0.9998329156223893,0.8737864077669902,0.9997143673236218,0.15912759244389285,0.9667332316092254,0.9385131550878528,0.823623217133968,0.9380213974527467,0.052722537093890715,19619,0.167484783035539,117139,0.00016254876462938882,0.9998374512353706,0.0,0.0,123291
reuters-k500,MLC_PA_MLP,0.30,4,0.9503892387411784,1.0,0.06641607200603178,117566,0.04961076125882153,6137,0.9999030585041927,20629,20631,0.2851329393789965,0.9999838322433571,0.9993061337774076,0.9995559256175409,0.8732754215636178,0.9994314951677089,0.16676232589347062,0.9663932847410638,0.9381028720769541,0.8171563535636626,0.9370763617768076,0.058982285755055035,20629,0.1754673970365582,117566,0.00032589212970506764,0.999674107870295,0.0,0.0,123703
reuters-k500,MLC_PA_MLP,0.30,5,0.9510249920653651,1.0,0.06424914099217911,116861,0.048975007934634884,6018,0.9999480789200416,19259,19260,0.2853156357066708,0.9999918619129388,0.9991617770326907,0.9991617770326907,0.8737864077669902,0.9997163120567376,0.15673141871271745,0.9639277748629742,0.9338555646638863,0.8230841550062447,0.9336703417337815,0.053289102391395816,19259,0.16480262876408724,116861,0.00016616816218012627,0.9998338318378198,0.0,0.0,122879
reuters-k500,MLC_PA_MLP,0.35,1,0.9236122310744121,1.0,0.06596443854864595,114539,0.07638776892558785,9473,0.9988370917180706,19755,19778,0.32344974679869687,0.9998145340773473,0.9903792912513844,0.9926672994779308,0.869824193125164,0.9933583598036385,0.15929910008708836,0.9568816343719411,0.9302679079243088,0.8215116289668345,0.9307043313676195,0.05026458695260542,19755,0.17247400448755446,114539,0.002427953129948274,0.9975720468700517,0.0,0.0,124012
reuters-k500,MLC_PA_MLP,0.35,2,0.9121298795471942,1.0,0.059146081163322956,113209,0.08787012045280587,10906,0.9989988876529478,17962,17980,0.31939048463118874,0.9998549732103291,0.9928769017980635,0.9943331357439239,0.8570869260189649,0.994848311390956,0.14472062200378677,0.953845947216231,0.9220234939439897,0.7993775828337432,0.9223217458281787,0.060653697429365695,17962,0.15866229716718636,113209,0.001650467632495874,0.9983495323675041,0.0,0.0,124115
reuters-k500,MLC_PA_MLP,0.35,3,0.9148031892027804,1.0,0.06565918919763283,112787,0.08519681079721958,10504,0.9989806320081549,19600,19620,0.3203433340633136,0.9998377821576595,0.9893483709273183,0.9908024028324779,0.8554230235783633,0.9942561746122918,0.1589734854936694,0.9563600764992284,0.9294826422979414,0.8052598329453411,0.9325632047414166,0.052722537093890715,19600,0.1737788929575217,112787,0.001904036557501904,0.9980959634424981,0.0,0.0,123291
reuters-k500,MLC_PA_MLP,0.35,4,0.9201878693321908,1.0,0.06641607200603178,113830,0.07981213066780919,9873,0.9995637632688672,20622,20631,0.32213850917115994,0.9999272450951068,0.9971551484873715,0.9981999127711033,0.8673139158576053,0.9974366277413842,0.16670573874522032,0.9642422994510277,0.9367468592305165,0.8111948478576501,0.9350814943504829,0.058982285755055035,20622,0.18116489501888783,113830,0.0009115770282588879,0.9990884229717412,0.0,0.0,123703
reuters-k500,MLC_PA_MLP,0.35,5,0.9190016194793252,1.0,0.06424914099217911,112926,0.0809983805206748,9953,0.9992211838006231,19245,19260,0.32177263812368256,0.9998779286940812,0.993364068175468,0.9943320161258132,0.8660893294092442,0.995727712902307,0.1566174854938599,0.9581300660057515,0.9290258037570088,0.8153870766484986,0.9296817425793509,0.053289102391395816,19245,0.17042133786727592,112926,0.0015070832914699085,0.9984929167085301,0.0,0.0,122879
reuters-k500,MLC_PA_MLP,0.40,1,0.7298809792600716,1.0,0.06596443854864595,90514,0.2701190207399284,33498,0.9530286176559813,18849,19778,0.2994436022320421,0.9925087894719866,0.6658084163898117,0.7654942879195371,0.7683109536315295,0.772805086818293,0.15199335548172765,0.6323107595103684,0.7030948963659152,0.7199983894731999,0.710151058382274,0.050325387942010004,18849,0.20824402854806992,90514,0.02773299898501403,0.972267001014986,0.02104979081133223,0.10587102983638114,124012
reuters-k500,MLC_PA_MLP,0.40,2,0.7224348386576965,1.0,0.059146081163322956,89665,0.2775651613423035,34450,0.9585094549499443,17234,17980,0.29498449019054906,0.9939894452725295,0.7228551669630507,0.8011167302038671,0.7606591638136574,0.8103711235383834,0.13885509406598717,0.6838242123812182,0.7288070884039329,0.7029498206284357,0.7378445579756061,0.06075170778988944,17234,0.19220431606535437,89665,0.021654571843251088,0.978345428156749,0.022105876975051578,0.09466019417475728,124115
reuters-k500,MLC_PA_MLP,0.40,3,0.7339384058852633,1.0,0.06565918919763283,90488,0.2660615941147367,32803,0.9548929663608563,18735,19620,0.3007535018776716,0.9928218604764338,0.6807335799817003,0.7751533716445996,0.770806734653166,0.7846191287417863,0.15195756381244374,0.6477452855536103,0.7138336111100632,0.7206435440201437,0.7229261588709112,0.05219986305873881,18735,0.20704402793740606,90488,0.02697923970368564,0.9730207602963143,0.03055296463802885,0.11764705882352941,123291
reuters-k500,MLC_PA_MLP,0.40,4,0.7340646548588151,1.0,0.06641607200603178,90806,0.26593534514118494,32897,0.9681547186273084,19974,20631,0.2989369700007276,0.9946888919427985,0.7582550255739264,0.8284803018676751,0.7797838774362446,0.8317541613316262,0.16146738559291207,0.7253421765375826,0.7670272483270882,0.7236648094362893,0.7693990279407249,0.05813004044950441,19974,0.21996343853930356,90806,0.019971425965893547,0.9800285740341065,0.02072718344297011,0.1587708066581306,123703
reuters-k500,MLC_PA_MLP,0.40,5,0.7334613725697637,1.0,0.06424914099217911,90127,0.26653862743023626,32752,0.9562305295950155,18417,19260,0.3002449564205438,0.9931395926073617,0.6879156188879576,0.7775961628015274,0.7620411162532297,0.7928237896289014,0.14987914940714042,0.6526816167182411,0.712289950432723,0.7113388634924841,0.7267778193059453,0.052499489376389596,18417,0.20434497986175065,90127,0.025738886174890084,0.9742611138251099,0.025489648790619664,0.12461059190031153,122879
reuters-k500,MLC_PA_MLP,0.50,1,0.0,0.0,0.06596443854864595,0,1.0,124012,0.0,0,19778,0.15948456600974098,0.840515433990259,0.03349765687944327,0.06239939155362192,0.04831256415832949,0.06265402843601896,0.0,0.0,0.0,0.0,0.0,,0,,0,0.15948456600974098,0.840515433990259,0.04831256415832949,0.06265402843601896,124012
reuters-k500,MLC_PA_MLP,0.50,2,0.0,0.0,0.059146081163322956,0,1.0,124115,0.0,0,17980,0.14486564879345767,0.8551343512065424,0.03903095458183263,0.07230964179993414,0.05770934318522173,0.07252656556277726,0.0,0.0,0.0,0.0,0.0,,0,,0,0.14486564879345767,0.8551343512065424,0.05770934318522173,0.07252656556277726,124115
reuters-k500,MLC_PA_MLP,0.50,3,0.0,0.0,0.06565918919763283,0,1.0,123291,0.0,0,19620,0.15913570333600993,0.8408642966639901,0.032988294428089905,0.061319760534536485,0.050163190633022235,0.06169296987087518,0.0,0.0,0.0,0.0,0.0,,0,,0,0.15913570333600993,0.8408642966639901,0.050163190633022235,0.06169296987087518,123291
reuters-k500,MLC_PA_MLP,0.50,4,0.0,0.0,0.06641607200603178,0,1.0,123703,0.0,0,20631,0.16677849365011357,0.8332215063498865,0.03291284903634379,0.061453053540586826,0.056119067999955266,0.06235513339090124,0.0,0.0,0.0,0.0,0.0,,0,,0,0.16677849365011357,0.8332215063498865,0.056119067999955266,0.06235513339090124,123703
reuters-k500,MLC_PA_MLP,0.50,5,0.0,0.0,0.06424914099217911,0,1.0,122879,0.0,0,19260,0.15673955679977863,0.8432604432002213,0.0352340021697165,0.06530621236880445,0.05070225276074553,0.06604597032295606,0.0,0.0,0.0,0.0,0.0,,0,,0,0.15673955679977863,0.8432604432002213,0.05070225276074553,0.06604597032295606,122879
reuters-k500,GSI_MLC_PA_Logistic,0.20,1,0.008991065380769603,0.5930232558139535,0.0006871908186208775,1115,0.9910089346192303,122897,0.34317089910775567,500,1457,0.009515208205657518,0.9922830048704964,0.5164313399778516,0.538374070558456,0.3092130314831865,0.629500580720093,0.004031867883753093,0.25049833887043194,0.25906699889258034,0.16168866255732992,0.27619387854521504,0.3258672475206424,500,0.4484304932735426,1115,0.0077870086332457265,0.9922129913667542,0.10171800419789528,0.29992684711046086,124012
reuters-k500,GSI_MLC_PA_Logistic,0.20,2,0.008749949643475809,0.6232365145228216,0.0007830235792031008,1086,0.9912500503565241,123029,0.3101754385964912,442,1425,0.00967006405349877,0.9920799258751964,0.495388263189093,0.515800566422973,0.28703010482544017,0.6140557518649391,0.00356121339080695,0.21637028255285506,0.22347428044523476,0.12745202818354998,0.23878174923451384,0.36552897377963034,442,0.40699815837937386,1086,0.007989986100838014,0.992010013899162,0.11070815316314074,0.28922631959508316,124115
reuters-k500,GSI_MLC_PA_Logistic,0.20,3,0.008548880291343245,0.5973266499582289,0.0007581705135519698,1054,0.9914511197086567,122237,0.3056737588652482,431,1410,0.009650339440835098,0.9920594366174336,0.5006126427179058,0.5202596438185411,0.27635363506363664,0.6198058252427184,0.0034957945024373105,0.22296017822333608,0.22629059421039371,0.12551202029329733,0.2323166853643518,0.4037152124841855,431,0.4089184060721063,1054,0.008009031635265918,0.9919909683647341,0.11270979132743429,0.2982078853046595,123291
reuters-k500,GSI_MLC_PA_Logistic,0.20,4,0.008981188815145955,0.611157368859284,0.000782676209056931,1111,0.991018811184854,122592,0.3249097472924188,450,1385,0.009354663993597566,0.9924415737694317,0.5338560458876861,0.5555192101819912,0.29365781628024745,0.6427206725257929,0.0036377452446586522,0.2435886761032472,0.24895127076642487,0.12280005993218468,0.24047639112743296,0.45175340431136696,450,0.40504050405040504,1111,0.007626925084834247,0.9923730749151658,0.1205045593639512,0.3278217109992811,123703
reuters-k500,GSI_MLC_PA_Logistic,0.20,5,0.008911205332074642,0.6152556580050293,0.0007808941307166961,1095,0.9910887946679253,121784,0.3204225352112676,455,1420,0.009635495080526371,0.9921467459858886,0.5151578653255099,0.5371259596322464,0.31373080016969473,0.627844195912071,0.0037028296128712723,0.234297289745739,0.24101970489229513,0.16062629535229678,0.24150020282650486,0.4082317798022696,455,0.4155251141552511,1095,0.00792386520396768,0.9920761347960323,0.09845473177373967,0.29510591672753833,122879
reuters-k500,GSI_MLC_PA_Logistic,0.25,1,0.006394542463632552,0.4742524916943522,0.0006871908186208775,793,0.9936054575363674,123219,0.26630061770761837,388,1457,0.010218769151372448,0.9913798664645357,0.45586932447397566,0.4764495333016927,0.2803397981823311,0.5711993582029683,0.0031287294777924135,0.18993632336655597,0.19714246163581706,0.13281542925647452,0.21789265602809038,0.36025817221485584,388,0.489281210592686,793,0.008675610092599356,0.9913243899074007,0.1145233599524785,0.3134232498394348,124012
reuters-k500,GSI_MLC_PA_Logistic,0.25,2,0.006381178745518269,0.5012448132780083,0.0007830235792031008,792,0.9936188212544818,123323,0.24912280701754386,355,1425,0.010216331627925714,0.9913789630584539,0.4496482908516103,0.46837910821313306,0.2503937283333256,0.5678513731825525,0.0028602505740643602,0.17063031021537234,0.1760528222353948,0.09081565169143543,0.19257737055212726,0.38424727601839165,355,0.44823232323232326,792,0.008676402617516604,0.9913235973824834,0.13470495406592628,0.3227848101265823,124115
reuters-k500,GSI_MLC_PA_Logistic,0.25,3,0.006367050311863802,0.4703425229741019,0.0007581705135519698,785,0.9936329496881362,122506,0.2404255319148936,339,1410,0.010278528035298603,0.9913132345426674,0.4498050682261208,0.4671878107968333,0.24664075253385748,0.5697067095218964,0.0027495924276711436,0.17215260373155106,0.17321876118868595,0.09579913776351817,0.18221756964352975,0.39909496992387844,339,0.4318471337579618,785,0.00874242894225589,0.9912575710577441,0.1226235687084918,0.32429022082018927,123291
reuters-k500,GSI_MLC_PA_Logistic,0.25,4,0.006976386991423005,0.5137385512073273,0.000782676209056931,863,0.993023613008577,122840,0.2628158844765343,364,1385,0.00999773651406999,0.9917463602337857,0.4840919604033675,0.5050057491772728,0.2716182426137124,0.5988212180746562,0.002942531709012708,0.1938245906189286,0.19843780976170644,0.10076048626564965,0.19657693667629622,0.47719348028658587,364,0.42178447276940906,863,0.008311624877889938,0.99168837512211,0.12574331564258984,0.3425627817128139,123703
reuters-k500,GSI_MLC_PA_Logistic,0.25,5,0.006591850519616859,0.5004191114836547,0.0007808941307166961,810,0.9934081494803831,122069,0.2563380281690141,364,1420,0.010241782566589898,0.9914061800633143,0.4608549874266554,0.4804141885868625,0.2736882867316766,0.5796178343949044,0.0029622636902969512,0.17999441184688453,0.18430793384691124,0.12058378191427865,0.19327384130933833,0.41435953846499907,364,0.44938271604938274,810,0.00865084501388559,0.9913491549861144,0.11190441497282079,0.3213367609254499,122879
reuters-k500,GSI_MLC_PA_Logistic,0.30,1,0.004814050253201303,0.38372093023255816,0.0006871908186208775,597,0.9951859497467987,123415,0.20864790665751545,304,1457,0.010741702415895235,0.9907025126600651,0.4125415282392026,0.43180074355323517,0.2593635651478224,0.5257095845331139,0.002451375673321876,0.1466085271317829,0.15249367188735952,0.11183919622196578,0.17240288235823598,0.3517441593381258,304,0.509212730318258,597,0.009342462423530365,0.9906575375764697,0.1210318687275629,0.32375366568914954,124012
reuters-k500,GSI_MLC_PA_Logistic,0.30,2,0.0047778270152680985,0.4058091286307054,0.0007830235792031008,593,0.9952221729847319,123522,0.2007017543859649,286,1425,0.010610321073198245,0.9908230270313821,0.4124975301323849,0.4301646578410063,0.22969029594015267,0.530696332921302,0.0023043145469926474,0.13347954949614693,0.13783837186326808,0.07011221929826247,0.15542233029087676,0.40445348463737524,286,0.4822934232715008,593,0.009221029452243325,0.9907789705477567,0.13599591419302917,0.3343074225599065,124115
reuters-k500,GSI_MLC_PA_Logistic,0.30,3,0.0048178699175122274,0.379281537176274,0.0007581705135519698,594,0.9951821300824878,122697,0.18156028368794327,256,1410,0.010805330478299307,0.9906400304969544,0.402297410192147,0.41875124318733337,0.22276998140933144,0.5231404958677686,0.0020763883819581164,0.12464494569757723,0.12478219357918602,0.07192836663899213,0.13565135598940192,0.457536580581084,256,0.43097643097643096,594,0.009405282932753042,0.990594717067247,0.12531325321073816,0.32984901277584205,123291
reuters-k500,GSI_MLC_PA_Logistic,0.30,4,0.005044340072593227,0.4063280599500416,0.000782676209056931,624,0.9949556599274068,123079,0.1927797833935018,267,1385,0.010551077985174167,0.9909622240366038,0.4301924322323989,0.4503271083620791,0.24839028876931257,0.5477346278317152,0.002158395511830835,0.13992506244796,0.14375916894651275,0.0775325324212498,0.1454903464333553,0.5030944439988158,267,0.42788461538461536,624,0.009083596714305446,0.9909164032856945,0.13572220252738754,0.35,123703
reuters-k500,GSI_MLC_PA_Logistic,0.30,5,0.004817747540263186,0.3906119027661358,0.0007808941307166961,592,0.9951822524597368,122287,0.19014084507042253,270,1420,0.010804124382522644,0.9906411998795563,0.4059234423023191,0.4256023896007131,0.23994083958267223,0.5286885245901639,0.0021972835065390273,0.12506286672254818,0.12949613486076184,0.08683633476527428,0.1423445315045978,0.4180300646078703,270,0.4560810810810811,592,0.009404106732522672,0.9905958932674773,0.11872414496319979,0.32748538011695905,122879
reuters-k500,GSI_MLC_PA_Logistic,0.35,1,0.003225494307002548,0.28488372093023256,0.0006871908186208775,400,0.9967745056929974,123612,0.14687714481811942,214,1457,0.01115214656646131,0.9899767764409896,0.3671373200442968,0.38437549438380003,0.2106857200205488,0.4739737621667372,0.0017256394542463083,0.10120431893687709,0.10506842271792438,0.0631613510946922,0.12066705999185928,0.34067752984565475,214,0.535,400,0.010055658026728797,0.9899443419732712,0.1329791204515748,0.33279656468062263,124012
reuters-k500,GSI_MLC_PA_Logistic,0.35,2,0.003359787294041816,0.2979253112033195,0.0007830235792031008,417,0.9966402127059582,123698,0.14666666666666667,209,1425,0.010973290899568947,0.9902026346533457,0.37507014424026874,0.3908226305736679,0.21140007536541608,0.4877843302443134,0.0016839221689561867,0.0960521636040308,0.09849634459592965,0.051821998723525886,0.11251032761388813,0.37503591712861095,209,0.5011990407673861,417,0.009830393377419198,0.9901696066225808,0.1438527618169481,0.3497326203208556,124115
reuters-k500,GSI_MLC_PA_Logistic,0.35,3,0.00336602022856494,0.2832080200501253,0.0007581705135519698,415,0.9966339797714351,122876,0.125531914893617,177,1410,0.01117883706028826,0.9899992700197094,0.3575744917850181,0.3739567171897999,0.19991002690475868,0.4795272266779232,0.0014356279047131881,0.07992202729044834,0.07998766758165254,0.04906841213441937,0.09203808679955655,0.5310898370189411,177,0.42650602409638555,415,0.010034506331586314,0.9899654936684137,0.12857746352551042,0.3402889245585875,123291
reuters-k500,GSI_MLC_PA_Logistic,0.35,4,0.0035245709481580884,0.30308076602830974,0.000782676209056931,436,0.9964754290518419,123267,0.13935018050541517,193,1385,0.010869582791039828,0.9903640170408154,0.3854658155241003,0.4054062091114547,0.22416384954451612,0.5082508250825083,0.001560188516042449,0.09519844573966141,0.09883826969588833,0.05330609319645335,0.10600654368414836,0.506864570579292,193,0.4426605504587156,436,0.00967006579214226,0.9903299342078578,0.14355461681211965,0.3646055437100213,123703
reuters-k500,GSI_MLC_PA_Logistic,0.35,5,0.0034261346527885155,0.30176026823134955,0.0007808941307166961,421,0.9965738653472115,122458,0.13802816901408452,196,1420,0.011160165691452567,0.9900389814370234,0.36665269628387814,0.3852552588512354,0.2036783284018197,0.4882943143812709,0.0015950650640060848,0.08579212070410724,0.08914900411128412,0.05057382358442175,0.1019503212957048,0.4476531215426773,196,0.4655581947743468,421,0.009995263682242074,0.9900047363177579,0.12796923842679722,0.341227125941873,122879
reuters-k500,GSI_MLC_PA_Logistic,0.40,1,0.0020159339418765925,0.19019933554817275,0.0006871908186208775,250,0.9979840660581234,123762,0.08922443376801648,130,1457,0.01150695094023159,0.989299422636519,0.32468161683277963,0.3403832463217845,0.18395512963261124,0.4262862083873757,0.0010482856497757709,0.05874861572535994,0.061076174655908866,0.036430760706754634,0.07297950621249777,0.3621492324725083,130,0.52,250,0.01072219259546549,0.9892778074045345,0.13591767089707762,0.33683158420789605,124012
reuters-k500,GSI_MLC_PA_Logistic,0.40,2,0.0020545461870039882,0.195850622406639,0.0007830235792031008,255,0.997945453812996,123860,0.09473684210526316,135,1425,0.011215405067880595,0.989606413406921,0.3421932424422051,0.35759599552130666,0.19177753069687162,0.44871794871794873,0.0010877009225315204,0.06317526180596716,0.06526970954356842,0.032199454054981425,0.07344394608752347,0.38463892404842337,135,0.5294117647058824,255,0.010414984660100114,0.9895850153398998,0.14464696336376903,0.35948361469712015,124115
reuters-k500,GSI_MLC_PA_Logistic,0.40,3,0.0021331646267772992,0.19381787802840433,0.0007581705135519698,263,0.9978668353732227,123028,0.07943262411347518,112,1410,0.011381203818608009,0.9894720620321029,0.3244221665274297,0.33928273063611414,0.18199602364722442,0.4429184549356223,0.000908419917106662,0.04676970203285996,0.04531368102796679,0.031154408876885115,0.05542931505725568,0.5024961493614744,112,0.42585551330798477,263,0.01055044380141106,0.989449556198589,0.13728867717023813,0.3555114200595829,123291
reuters-k500,GSI_MLC_PA_Logistic,0.40,4,0.0021826471467951466,0.19983347210657784,0.000782676209056931,270,0.9978173528532048,123433,0.09169675090252707,127,1385,0.011042577787119149,0.9898304810715989,0.351050050883523,0.36974545022005467,0.20040629667534635,0.4714285714285714,0.0010266525468258791,0.06078268109908408,0.0631775108044883,0.029548540327283573,0.06918429003021148,0.4667227258425562,127,0.4703703703703704,270,0.010191763952913727,0.9898082360470862,0.1515103525236496,0.38272816486751715,123703
reuters-k500,GSI_MLC_PA_Logistic,0.40,5,0.002115902635926399,0.1953059513830679,0.0007808941307166961,260,0.9978840973640736,122619,0.08661971830985915,123,1420,0.01140145997281879,0.9894449010815518,0.3298826487845767,0.34691054963477425,0.18781382134507038,0.44878878028049296,0.0010009847085344914,0.04902207320480578,0.050804294894822966,0.034709316527672424,0.062444787194926854,0.45395022655526857,123,0.47307692307692306,260,0.0105774798359145,0.9894225201640855,0.13679496369770971,0.3588729609490855,122879
reuters-k500,GSI_MLC_PA_Logistic,0.50,1,0.0,0.0,0.0006871908186208775,0,1.0,124012,0.0,0,1457,0.011748863013256781,0.9882511369867433,0.2659330011074197,0.27930707166587565,0.1475243689258566,0.3533067021748779,0.0,0.0,0.0,0.0,0.0,,0,,0,0.011748863013256781,0.9882511369867433,0.1475243689258566,0.3533067021748779,124012
reuters-k500,GSI_MLC_PA_Logistic,0.50,2,0.0,0.0,0.0007830235792031008,0,1.0,124115,0.0,0,1425,0.011481287515610523,0.9885187124843895,0.27901798063623795,0.29232628597773824,0.1595780766418902,0.37527400263042526,0.0,0.0,0.0,0.0,0.0,,0,,0,0.011481287515610523,0.9885187124843895,0.1595780766418902,0.37527400263042526,124115
reuters-k500,GSI_MLC_PA_Logistic,0.50,3,0.0,0.0,0.0007581705135519698,0,1.0,123291,0.0,0,1410,0.011436357885003771,0.9885636421149963,0.27765246449456976,0.29396904960814735,0.1508416147703393,0.38748913987836664,0.0,0.0,0.0,0.0,0.0,,0,,0,0.011436357885003771,0.9885636421149963,0.1508416147703393,0.38748913987836664,123291
reuters-k500,GSI_MLC_PA_Logistic,0.50,4,0.0,0.0,0.000782676209056931,0,1.0,123703,0.0,0,1385,0.011196171475226955,0.988803828524773,0.2902673697844389,0.30656793941556637,0.17085775634806277,0.40224428139835994,0.0,0.0,0.0,0.0,0.0,,0,,0,0.011196171475226955,0.988803828524773,0.17085775634806277,0.40224428139835994,123703
reuters-k500,GSI_MLC_PA_Logistic,0.50,5,0.0,0.0,0.0007808941307166961,0,1.0,122879,0.0,0,1420,0.011556083626982641,0.9884439163730173,0.2808605755797709,0.2961062547399513,0.15310450481739796,0.3863439930855661,0.0,0.0,0.0,0.0,0.0,,0,,0,0.011556083626982641,0.9884439163730173,0.15310450481739796,0.3863439930855661,122879
reuters-k500,GSI_MLC_PA_MLP,0.20,1,0.34196690642841016,1.0,0.025281130673916925,42408,0.6580330935715899,81604,0.969012030623405,15948,16458,0.07250588652711028,0.9958874947585717,0.7336655592469545,0.7610399198439066,0.3572258023367593,0.8286290322580645,0.1286004580201916,0.6954476832467058,0.6906308464246145,0.3126018011494589,0.7581444507602672,0.10446073005208968,15948,0.3760611205432937,42408,0.006249693642468506,0.9937503063575315,0.0,0.0,124012
reuters-k500,GSI_MLC_PA_MLP,0.20,2,0.34249687789550015,1.0,0.028456853720187622,42509,0.6575031221044999,81606,0.9676273420042399,16888,17453,0.07305160536599123,0.9954477702131088,0.7240150167950998,0.7509888451797165,0.36901933732102965,0.8082796063793688,0.1360673568867583,0.6850025761150397,0.678866711189913,0.3202353823383112,0.7362851362352735,0.11685458984232555,16888,0.3972805758780494,42509,0.0069235105261868,0.9930764894738132,0.0,0.0,124115
reuters-k500,GSI_MLC_PA_MLP,0.20,3,0.3343877493085464,1.0,0.024744458393101788,41227,0.6656122506914536,82064,0.9634892197442392,15596,16187,0.07167108710287046,0.9952064627588388,0.6882623224728488,0.7135805482923278,0.351617502681687,0.7969769838543456,0.1264974734571056,0.6512871820381112,0.645817216413987,0.30808621326591135,0.7290320307824276,0.10190279113238393,15596,0.3782957770393189,41227,0.007201696237083252,0.9927983037629168,0.0,0.0,123291
reuters-k500,GSI_MLC_PA_MLP,0.20,4,0.35531070386328545,1.0,0.03134709837612266,43953,0.6446892961367146,79750,0.9643035308464054,17397,18041,0.07626815841167961,0.9947939823609775,0.6531825330742899,0.6815543925036015,0.36655041811218575,0.7760778859527121,0.14063523115850063,0.6193321654101955,0.6188110593897747,0.32025141541469027,0.7127374571068578,0.11631212872785453,17397,0.3958091597843151,43953,0.008075235109717869,0.9919247648902821,0.0,0.0,123703
reuters-k500,GSI_MLC_PA_MLP,0.20,5,0.35293255967252335,1.0,0.02827345274671791,43368,0.6470674403274767,79511,0.9714879372042018,16832,17326,0.07460672694276482,0.9959797849917399,0.7595138306789605,0.785369017682513,0.3596211770969052,0.8370712401055409,0.1369802814150506,0.7216083228078185,0.7156526911495263,0.3141949935572557,0.7673762229234103,0.1088115559205558,16832,0.38812027301235935,43368,0.006212976820817245,0.9937870231791828,0.0,0.0,122879
reuters-k500,GSI_MLC_PA_MLP,0.25,1,0.2920201270844757,1.0,0.025281130673916925,36214,0.7079798729155243,87798,0.9596548790861587,15794,16458,0.07835935232074315,0.9946456794503757,0.6737264673311185,0.7063676633444076,0.30636195185241055,0.7647058823529411,0.1273586427119956,0.6355085913308698,0.6359585899251154,0.2617379506651101,0.6942213008551438,0.13132206063691276,15794,0.43612967360689237,36214,0.0075628146427025675,0.9924371853572974,0.0,0.0,124012
reuters-k500,GSI_MLC_PA_MLP,0.25,2,0.31399911372517425,1.0,0.028456853720187622,38972,0.6860008862748258,85143,0.962069558242136,16791,17453,0.08383354147363332,0.9946662369576602,0.688842126062043,0.7192006610263871,0.32260334167239163,0.767719298245614,0.1352858236313097,0.6498296853819828,0.6470785270365836,0.2738193866896732,0.6957248281015187,0.13957631564499995,16791,0.4308477881555989,38972,0.007775154739673255,0.9922248452603267,0.0,0.0,124115
reuters-k500,GSI_MLC_PA_MLP,0.25,3,0.3017008540769399,1.0,0.024744458393101788,37197,0.6982991459230601,86094,0.9582380922962871,15511,16187,0.08090817659034318,0.9945170369288918,0.6533416875522139,0.6825850701790551,0.31046151578750464,0.7607926397735315,0.12580804762715858,0.6163665471174763,0.6148217383007144,0.266930226371729,0.6928476867016136,0.13187420028896743,15511,0.4169959943006156,37197,0.0078518828257486,0.9921481171742514,0.0,0.0,123291
reuters-k500,GSI_MLC_PA_MLP,0.25,4,0.33172194692125495,1.0,0.03134709837612266,41035,0.6682780530787451,82668,0.9601463333518098,17322,18041,0.088742795243446,0.9941876914868677,0.6216578776945139,0.6505665811660816,0.33882809406570263,0.7433059621563727,0.14002894028439083,0.5878075100304195,0.5878232480522547,0.29252909136820715,0.6799655333105183,0.1362513507954867,17322,0.4221274521749726,41035,0.008697440363865099,0.9913025596361349,0.0,0.0,123703
reuters-k500,GSI_MLC_PA_MLP,0.25,5,0.32224383336452933,1.0,0.02827345274671791,39597,0.6777561666354707,83282,0.9653122474893224,16725,17326,0.08545194866494682,0.9951090096761855,0.7141519977647388,0.7444697241847285,0.32720211827007945,0.7945299145299145,0.13610950609949624,0.6762464898935968,0.6747533976517418,0.28177593473042994,0.724834897347784,0.13368276870239712,16725,0.42238048336995226,39597,0.00721644533032348,0.9927835546696765,0.0,0.0,122879
reuters-k500,GSI_MLC_PA_MLP,0.30,1,0.2912782633938651,1.0,0.025281130673916925,36122,0.7087217366061349,87890,0.9572852108397132,15755,16458,0.09305228526271651,0.994331193755443,0.6601328903654484,0.6944134630596425,0.2922330097087379,0.7473948975925261,0.12704415701706284,0.6219150143651997,0.6240043896403502,0.24760900852143744,0.6769103160947287,0.1482668426545789,15755,0.4361607884391783,36122,0.00799863465695756,0.9920013653430424,0.0,0.0,124012
reuters-k500,GSI_MLC_PA_MLP,0.30,2,0.3107762961769327,1.0,0.028456853720187622,38572,0.6892237038230673,85543,0.9593193147309919,16743,17453,0.09895339000120855,0.9942794988518713,0.6707093459790555,0.699607695209355,0.3115622241835834,0.7466095645967167,0.13489908552552077,0.6316969052989954,0.6274855612195515,0.262778269200865,0.6746150944526214,0.15226507161272723,16743,0.4340713470911542,38572,0.00829991933881206,0.991700080661188,0.0,0.0,124115
reuters-k500,GSI_MLC_PA_MLP,0.30,3,0.29469304328783125,1.0,0.024744458393101788,36333,0.7053069567121688,86958,0.9556434175572991,15469,16187,0.09423153352637255,0.9941763794599768,0.6354218880534669,0.6656383021044675,0.3007397133610726,0.7420977011494253,0.1254673901582436,0.5984467476187293,0.5978749702261268,0.2572084239452969,0.6741527480775074,0.1401163378070279,15469,0.42575619959816147,36333,0.008256859633386232,0.9917431403666138,0.0,0.0,123291
reuters-k500,GSI_MLC_PA_MLP,0.30,4,0.3206146981075641,1.0,0.03134709837612266,39661,0.679385301892436,84042,0.9558782772573582,17245,18041,0.1026191765761542,0.9935652328561151,0.5936118049773337,0.6232441117953191,0.32520594292438953,0.7077826725403817,0.13940648165363823,0.5597614373132394,0.5605007786814923,0.27890694022689405,0.6444422436945274,0.1362513507954867,17245,0.43481001487607474,39661,0.009471454748816069,0.990528545251184,0.0,0.0,123703
reuters-k500,GSI_MLC_PA_MLP,0.30,5,0.31868748931876073,1.0,0.02827345274671791,39160,0.6813125106812392,83719,0.9639847627842548,16702,17326,0.10068441312185157,0.9949218336737766,0.7058955015367421,0.7359537779906598,0.3203916927438551,0.7849758787043418,0.13592233009708732,0.6679899936656001,0.6662374514576731,0.2749655092042056,0.7152808615222113,0.13761461484070295,16702,0.4265066394279877,39160,0.0074535051780360495,0.992546494821964,0.0,0.0,122879
reuters-k500,GSI_MLC_PA_MLP,0.35,1,0.29122181724349255,1.0,0.025281130673916925,36115,0.7087781827565074,87897,0.9571636893911776,15753,16458,0.10761256975131439,0.994315066283908,0.6594407530454042,0.6936105837683911,0.2912621359223301,0.7464940668824164,0.12702802954552783,0.6212228770451554,0.6232015103490989,0.24663813473502963,0.676009485384619,0.15320907074306486,15753,0.4361899487747473,36115,0.00802075156148674,0.9919792484385133,0.0,0.0,124012
reuters-k500,GSI_MLC_PA_MLP,0.35,2,0.31068766869435605,1.0,0.028456853720187622,38561,0.689312331305644,85554,0.9591474245115453,16740,17453,0.1144853563227652,0.9942553277202595,0.669741157873938,0.6983905444486357,0.3106796116504854,0.7452661664880315,0.13487491439390897,0.6307287171938778,0.6262684104588322,0.261895656667767,0.6732716963439361,0.15226507161272723,16740,0.4341173724747802,38561,0.00833391775954368,0.9916660822404563,0.0,0.0,124115
reuters-k500,GSI_MLC_PA_MLP,0.35,3,0.29127024681444713,1.0,0.024744458393101788,35911,0.7087297531855529,87380,0.9528016309384074,15423,16187,0.1081413079624628,0.9938032784225937,0.61947925368978,0.6481382026494809,0.2920509708737864,0.7209642074506939,0.1250942891208605,0.5825041132550424,0.5803748707711401,0.24851968145801073,0.6530192543787758,0.1401163378070279,15423,0.4294784327921807,35911,0.00874341954680705,0.991256580453193,0.0,0.0,123291
reuters-k500,GSI_MLC_PA_MLP,0.35,4,0.32040451727120606,1.0,0.03134709837612266,39635,0.679595482728794,84068,0.9552131256582229,17233,18041,0.11867335472866462,0.9934682263162575,0.5896567675085577,0.6196796218861165,0.320873786407767,0.7020648967551623,0.13930947511378067,0.5558063998444633,0.5569362887722896,0.2745747837102715,0.6387244679093079,0.1362513507954867,17233,0.4347924813927085,39635,0.009611267069515154,0.9903887329304848,0.0,0.0,123703
reuters-k500,GSI_MLC_PA_MLP,0.35,5,0.3119979817544088,1.0,0.02827345274671791,38338,0.6880020182455912,84541,0.9625418446265728,16677,17326,0.11448091211679784,0.9947183814972452,0.6962279966471081,0.7269834617278037,0.3174857371634471,0.7744177963156066,0.13571887792055592,0.6583224887759661,0.657267135194817,0.2720595536237976,0.704722779133476,0.14178475468436058,16677,0.43499921748656684,38338,0.007676748559870359,0.9923232514401297,0.0,0.0,122879
reuters-k500,GSI_MLC_PA_MLP,0.40,1,0.27827952133664485,1.0,0.025281130673916925,34510,0.7217204786633552,89502,0.9104386924292137,14984,16458,0.12319775505596232,0.9881140534786956,0.453516057585825,0.5500296630280019,0.2748668258269813,0.5840857787810384,0.12082701674031548,0.4152981815855763,0.47962058960870974,0.23024282463968085,0.513601197283241,0.15152423910403182,14984,0.43419298753984353,34510,0.016468905722777146,0.9835310942772229,0.02104979081133223,0.06944444444444445,124012
reuters-k500,GSI_MLC_PA_MLP,0.40,2,0.30304959110502355,1.0,0.028456853720187622,37613,0.6969504088949764,86502,0.9256861284592907,16156,17453,0.13166982234218266,0.9895500140998268,0.5099624580122505,0.5887521330674858,0.29963924523367647,0.6166124741353828,0.13016960077347628,0.4709500173321904,0.5166299990776823,0.25085529025095804,0.5446180039912875,0.1554540140306093,16156,0.4295323425411427,37613,0.014993872974035283,0.9850061270259647,0.022105876975051578,0.05672727272727273,124115
reuters-k500,GSI_MLC_PA_MLP,0.40,3,0.2698412698412698,1.0,0.024744458393101788,33269,0.7301587301587301,90022,0.9064681534564775,14673,16187,0.12021639860168222,0.9877201093348258,0.44165373751839915,0.5253789234992243,0.2779417403531162,0.5649425287356322,0.11901112003309255,0.4046785970836616,0.45761559162088356,0.23441045093734053,0.4969975756637142,0.147356183398775,14673,0.4410412095344014,33269,0.016818111128390836,0.9831818888716092,0.03055296463802885,0.07230392156862746,123291
reuters-k500,GSI_MLC_PA_MLP,0.40,4,0.3061283881555015,1.0,0.03134709837612266,37869,0.6938716118444985,85834,0.9262790310958373,16711,18041,0.13320291342974705,0.9892484418324535,0.4778815272986797,0.5433382234381402,0.30620437698428793,0.588490099009901,0.13508969062997667,0.4440311596345854,0.48059489032431335,0.25990537428679245,0.5251496701640467,0.13780227170288453,16711,0.4412844278961684,37869,0.015495025281357037,0.984504974718643,0.02072718344297011,0.08528198074277854,123703
reuters-k500,GSI_MLC_PA_MLP,0.40,5,0.2972761822605978,1.0,0.02827345274671791,36529,0.7027238177394022,86350,0.9204663511485629,15948,17326,0.13012475687464906,0.9887857160295901,0.4901927912824811,0.579478838196357,0.2987406865126317,0.610073571024335,0.12978621245290078,0.45228728341133906,0.5097625116633704,0.2533145029729822,0.5403785538422045,0.13943984330646336,15948,0.43658463138875964,36529,0.01595830920671685,0.9840416907932832,0.025489648790619664,0.0801068090787717,122879
reuters-k500,GSI_MLC_PA_MLP,0.50,1,0.0,0.0,0.025281130673916925,0,1.0,124012,0.0,0,16458,0.13271296326161985,0.8672870367383801,0.03821787600024874,0.0704090734192922,0.04462400118730045,0.07048458149779736,0.0,0.0,0.0,0.0,0.0,,0,,0,0.13271296326161985,0.8672870367383801,0.04462400118730045,0.07048458149779736,124012
reuters-k500,GSI_MLC_PA_MLP,0.50,2,0.0,0.0,0.028456853720187622,0,1.0,124115,0.0,0,17453,0.14061958667364943,0.8593804133263505,0.03901244068006012,0.07212213398980352,0.04878395498271843,0.07199447014409528,0.0,0.0,0.0,0.0,0.0,,0,,0,0.14061958667364943,0.8593804133263505,0.04878395498271843,0.07199447014409528,124115
reuters-k500,GSI_MLC_PA_MLP,0.50,3,0.0,0.0,0.024744458393101788,0,1.0,123291,0.0,0,16187,0.1312910106982667,0.8687089893017332,0.03697514043473757,0.06776333187834076,0.04353128941577566,0.067944953071918,0.0,0.0,0.0,0.0,0.0,,0,,0,0.1312910106982667,0.8687089893017332,0.04353128941577566,0.067944953071918,123291
reuters-k500,GSI_MLC_PA_MLP,0.50,4,0.0,0.0,0.03134709837612266,0,1.0,123703,0.0,0,18041,0.1458412487975231,0.8541587512024769,0.033850367664094314,0.06274333311382685,0.04629900269749548,0.06334042884585432,0.0,0.0,0.0,0.0,0.0,,0,,0,0.1458412487975231,0.8541587512024769,0.04629900269749548,0.06334042884585432,123703
reuters-k500,GSI_MLC_PA_MLP,0.50,5,0.0,0.0,0.02827345274671791,0,1.0,122879,0.0,0,17326,0.14100049642331072,0.8589995035766893,0.037905507871142025,0.06971632653298666,0.04542618353964951,0.06969501718213059,0.0,0.0,0.0,0.0,0.0,,0,,0,0.14100049642331072,0.8589995035766893,0.04542618353964951,0.06969501718213059,122879
reuters-k500,MLC_PA_SVM,0.20,1,0.009757120278682708,0.5963455149501661,0.0009674656763232219,1210,0.9902428797213173,122802,0.33473095737246683,479,1431,0.009628100506402608,0.992323323549334,0.5390642303433001,0.5649027052681538,0.3944309379244513,0.6476683937823834,0.003862529432635542,0.18412632494858405,0.18756723619680432,0.13021730981443835,0.20599847571761554,0.32444002881112255,479,0.3958677685950413,1210,0.007752316737512419,0.9922476832624876,0.25798697013506044,0.44457409568261375,124012
reuters-k500,MLC_PA_SVM,0.20,2,0.009418684284735931,0.6190871369294606,0.0010694054556904405,1169,0.9905813157152641,122946,0.3143475126171593,436,1387,0.009545985577891472,0.9923377512790558,0.5424580122505434,0.5655371138773628,0.3846243496598411,0.6471243042671614,0.0035128711275833613,0.1753408417308832,0.1765132055588487,0.10300354415426882,0.1845129133334148,0.33835124266848515,436,0.3729683490162532,1169,0.007735103216046069,0.9922648967839539,0.24956096021098745,0.4454810495626822,124115
reuters-k500,MLC_PA_SVM,0.20,3,0.0092788605818754,0.5881370091896407,0.0011311995201307393,1144,0.9907211394181246,122147,0.303714493809177,417,1373,0.00960978498024998,0.9922459871361251,0.5425368978000558,0.5649620081950908,0.35544295298417355,0.6454005934718101,0.0033822420127990194,0.1874825953773323,0.18797191391176343,0.08858439604967577,0.1844661608059287,0.4166891233318682,417,0.36451048951048953,1144,0.007826635119978387,0.9921733648800216,0.22530698415116848,0.43498817966903075,123291
reuters-k500,MLC_PA_SVM,0.20,4,0.009458137636112302,0.6086594504579517,0.001118901409193866,1170,0.9905418623638877,122533,0.3048689138576779,407,1335,0.009393466609540593,0.9924981609176818,0.5607156073642335,0.5866458687024882,0.37631888602898506,0.6608187134502924,0.003290138476835569,0.18174437968359702,0.18465185938125162,0.10458797470000253,0.17926531539204,0.34584340085217996,407,0.34786324786324785,1170,0.007573470003998922,0.9924265299960011,0.2514765232927806,0.45603751465416176,123703
reuters-k500,MLC_PA_SVM,0.20,5,0.009122795595667282,0.5934618608549874,0.0009611545849108154,1121,0.9908772044043327,121758,0.312180889861415,428,1371,0.009498775217897281,0.9923257839012362,0.555378597373568,0.5809610292845834,0.4128254794933087,0.6547052361772244,0.003483101262217292,0.18813914501257328,0.1910376668130231,0.12571269642874167,0.18920816015383263,0.40107051629505175,428,0.3818019625334523,1121,0.0077448709735705255,0.9922551290264294,0.24737383552919243,0.4423418095801301,122879
reuters-k500,MLC_PA_SVM,0.25,1,0.00735412701996581,0.5016611295681063,0.0009674656763232219,912,0.9926458729800341,123100,0.2746331236897275,393,1431,0.010208689481663065,0.9916298422733284,0.5022286821705426,0.527218794494542,0.3690051862078008,0.6083018867924528,0.0031690481566299944,0.14729077677582658,0.14988332542319255,0.1047915580977879,0.16663196872768493,0.31041751554173913,393,0.4309210526315789,912,0.00843216896831844,0.9915678310316816,0.26354370623552714,0.44253490870032225,124012
reuters-k500,MLC_PA_SVM,0.25,2,0.007017685211295976,0.5236514522821577,0.0010694054556904405,871,0.992982314788704,123244,0.2487382840663302,345,1387,0.010149861015993232,0.9916045602868307,0.5036218138707764,0.5264868603042877,0.3636213785711911,0.6076807228915663,0.0027796801353583422,0.13650464335111628,0.13746295198577357,0.08200057306561881,0.14506933195781968,0.324064293409684,345,0.3960964408725603,871,0.008454772646132874,0.9915452273538671,0.25651338384281386,0.44278074866310163,124115
reuters-k500,MLC_PA_SVM,0.25,3,0.006991589004874646,0.48120300751879697,0.0011311995201307393,862,0.9930084109951254,122429,0.2520029133284778,346,1373,0.01007778345540226,0.9916701137958164,0.5080478975215817,0.5294724907506863,0.3367870957125418,0.6128910667169243,0.002806368672490289,0.1529935950988583,0.1524823964673589,0.069928538778044,0.15195663405104287,0.40473033398041713,346,0.4013921113689095,862,0.008388535396025451,0.9916114646039745,0.23688530523857207,0.44695745826602046,123291
reuters-k500,MLC_PA_SVM,0.25,4,0.007049141896316177,0.5029142381348876,0.001118901409193866,872,0.9929508581036838,122831,0.24794007490636705,331,1335,0.009878499308828403,0.9918837861652506,0.5254533259320936,0.5497559753596389,0.35549838340802903,0.6264880952380952,0.0026757637244043675,0.14648209825145708,0.1477619660384023,0.0837674720790465,0.1449346971798428,0.36444510646885814,331,0.3795871559633027,872,0.008173832338741848,0.9918261676612582,0.2542483788013727,0.45788336933045354,123703
reuters-k500,MLC_PA_SVM,0.25,5,0.006884821653822052,0.5037720033528919,0.0009611545849108154,846,0.9931151783461779,122033,0.24580598103574033,337,1371,0.010135987434793577,0.991585217978662,0.5143056719754121,0.5394004710014768,0.3804295719808551,0.6136023916292974,0.002742535339643082,0.1470662196144174,0.14947710852991652,0.09331678891628803,0.14810531560590562,0.4055081544825334,337,0.3983451536643026,846,0.008473117927118074,0.991526882072882,0.25436076762474635,0.44408602150537635,122879
reuters-k500,MLC_PA_SVM,0.30,1,0.005386575492694255,0.4152823920265781,0.0009674656763232219,668,0.9946134245073057,123344,0.21733053808525507,311,1431,0.010647356707415413,0.9909686159403929,0.4662929125138427,0.4924418604651163,0.3378445031763626,0.573170731707317,0.002507821823694467,0.11135500711912666,0.11510639139376683,0.07363087506634969,0.13150081364254917,0.2825936048098994,311,0.4655688622754491,668,0.009080295758204696,0.9909197042417953,0.2686500598036174,0.44554455445544555,124012
reuters-k500,MLC_PA_SVM,0.30,2,0.005180679208798292,0.4182572614107884,0.0010694054556904405,643,0.9948193207912017,123472,0.20043258832011535,278,1387,0.010489465415139185,0.9910647383475003,0.4704682868998222,0.4940762695119541,0.34424292250367955,0.5784872671987837,0.0022398581960278996,0.10335111638016203,0.10505236119343997,0.06262211699810727,0.11587587626503715,0.33214331133794583,278,0.432348367029549,643,0.008981793443047817,0.9910182065569522,0.2619070594120554,0.45126175160811477,124115
reuters-k500,MLC_PA_SVM,0.30,3,0.005263968983948544,0.39766081871345027,0.0011311995201307393,649,0.9947360310160515,122642,0.19446467589220684,267,1373,0.010549837376613053,0.9910293533185716,0.4671957671957672,0.48937621832358674,0.32369707481107873,0.5775401069518716,0.002165608195245472,0.11214146477304376,0.11238612404025938,0.05683851787658095,0.11660567428599022,0.4144658467962888,267,0.41140215716486905,649,0.00901811777368275,0.9909818822263172,0.24312355125083626,0.44644644644644643,123291
reuters-k500,MLC_PA_SVM,0.30,4,0.0052706886655942056,0.4021648626144879,0.001118901409193866,652,0.9947293113344058,123051,0.19101123595505617,255,1335,0.010311795186858846,0.9912694114128194,0.48917799981496896,0.512780835595157,0.33682858946740557,0.5915279878971256,0.002061388971973166,0.11020677213433244,0.11078682627392034,0.06509767813842304,0.10997458983887315,0.3904987285177082,255,0.3911042944785276,652,0.008776848623741375,0.9912231513762586,0.2577995861921919,0.4589178356713427,123703
reuters-k500,MLC_PA_SVM,0.30,5,0.005208375719203444,0.41994970662196146,0.0009611545849108154,640,0.9947916242807966,122239,0.19037199124726478,261,1371,0.010595789353754506,0.9909667233620065,0.4790304554344789,0.5026743304195106,0.3579109183780551,0.5798637395912187,0.0021240407229876634,0.11179100307348422,0.11275096794795031,0.07079813531348805,0.11436666356782693,0.4394554933954373,261,0.4078125,640,0.00908057166698026,0.9909194283330197,0.26218199621235594,0.445,122879
reuters-k500,MLC_PA_SVM,0.35,1,0.003806083282263007,0.3106312292358804,0.0009674656763232219,472,0.9961939167177369,123540,0.15653389238294899,224,1431,0.01106505822017224,0.9902670709286198,0.4334579180509413,0.4595238095238095,0.319365767256049,0.5359477124183006,0.001806276811921359,0.07852001265622527,0.08218834045246004,0.05515213914603606,0.09427779435353278,0.2788303568664099,224,0.4745762711864407,472,0.009770114942528735,0.9902298850574712,0.26812764832099373,0.4445467096180396,124012
reuters-k500,MLC_PA_SVM,0.35,2,0.003553156346936309,0.3078838174273859,0.0010694054556904405,441,0.9964468436530637,123674,0.14491708723864455,201,1387,0.010799258751963903,0.9904443459694638,0.43941513534874527,0.4627017058552328,0.3256316033503589,0.5445468509984639,0.001619465817991439,0.07229796482908513,0.07367779753671866,0.04401079784478662,0.0819354600647173,0.3433285152506381,201,0.4557823129251701,441,0.009589727832850883,0.9904102721671492,0.2680684058973186,0.4539594843462247,124115
reuters-k500,MLC_PA_SVM,0.35,3,0.003804008402884233,0.3116123642439432,0.0011311995201307393,469,0.9961959915971158,122822,0.14202476329206118,195,1373,0.010886033854863697,0.9904453690861458,0.43182957393483706,0.4535286629271592,0.30544387730597383,0.5444702242846094,0.0015816239628196893,0.07677527151211361,0.07653856864383185,0.03858532037147605,0.08353579161872804,0.40556785698491615,195,0.4157782515991471,469,0.009591115598182737,0.9904088844018173,0.2539103643542177,0.44798500468603564,123291
reuters-k500,MLC_PA_SVM,0.35,4,0.0036215774880156504,0.3089092422980849,0.001118901409193866,448,0.9963784225119844,123255,0.13333333333333333,178,1335,0.01062059933873875,0.9906469527820667,0.44979415302063097,0.4733137248541079,0.32153832389698034,0.5572139303482587,0.0014389303412204457,0.07082292533999446,0.07131971553287125,0.04980741256799781,0.0756605322900063,0.41494844234902784,178,0.39732142857142855,448,0.009387043121982882,0.9906129568780171,0.2572113758869687,0.458586803930744,123703
reuters-k500,MLC_PA_SVM,0.35,5,0.0038981437023413276,0.3352891869237217,0.0009611545849108154,479,0.9961018562976587,122400,0.15098468271334792,207,1371,0.010837083635120728,0.9905272666606988,0.452486728136351,0.47674529996407605,0.3393568310780691,0.5557251908396946,0.0016845840216799246,0.08524727577535629,0.08682193749251577,0.05224404801350202,0.09022811481630283,0.4688903578576966,207,0.4321503131524008,479,0.009509803921568628,0.9904901960784314,0.26281613520104846,0.4514608859566447,122879
reuters-k500,MLC_PA_SVM,0.40,1,0.0024352482017869236,0.21179401993355482,0.0009674656763232219,302,0.997564751798213,123710,0.1013277428371768,145,1431,0.011344063477727963,0.9896300358029868,0.4052740863787375,0.42930707166587573,0.29660406117556504,0.502706883217324,0.0011692416862884025,0.050336180984021484,0.05197160259452627,0.032390433065552116,0.06103696515255619,0.25648460734667633,145,0.48013245033112584,302,0.010395279282192223,0.9896047207178078,0.2660584451138546,0.4442523768366465,124012
reuters-k500,MLC_PA_SVM,0.40,2,0.0022479152398984814,0.2074688796680498,0.0010694054556904405,279,0.9977520847601015,123836,0.0958904109589041,133,1387,0.011002699109696654,0.9898964669862628,0.4154593953764078,0.43769413159454656,0.3072698431204811,0.5162037037037037,0.0010715868347903612,0.04834222485674766,0.04867022327603243,0.02564903761490883,0.05359231276995713,0.3461976911976911,133,0.4767025089605735,279,0.010126296068994477,0.9898737039310055,0.2703259681883935,0.4562012142237641,124115
reuters-k500,MLC_PA_SVM,0.40,3,0.00240082406663909,0.21553884711779447,0.0011311995201307393,296,0.9975991759333609,122995,0.08958485069191552,123,1373,0.011098944772935574,0.9898613848537201,0.40366193260930106,0.42546445478776307,0.2911565830592454,0.5124804992199687,0.0009976397303940177,0.0486076301865776,0.04847436050443571,0.02429802612474763,0.05154606655408733,0.39832252468212515,123,0.4155405405405405,296,0.010163014756697427,0.9898369852433025,0.25300307907798913,0.45127304653204564,123291
reuters-k500,MLC_PA_SVM,0.40,4,0.0022473181733668546,0.20815986677768525,0.001118901409193866,278,0.9977526818266331,123425,0.09213483146067415,123,1335,0.010696587794960511,0.9902023394743862,0.42936673142751414,0.45317177964971467,0.30787821562569784,0.5345622119815668,0.0009943170335399154,0.05039550374687762,0.051177770328478034,0.03614730429671531,0.05300881392331441,0.39867564209669476,123,0.44244604316546765,278,0.009819728580109379,0.9901802714198906,0.26297211371842744,0.4721254355400697,123703
reuters-k500,MLC_PA_SVM,0.40,5,0.0023356309865802945,0.21709974853310982,0.0009611545849108154,287,0.9976643690134197,122592,0.09555069292487235,131,1371,0.011025480350588791,0.9899087720440434,0.4189019279128248,0.44289506246756877,0.320991465840899,0.5219737856592136,0.0010660894050245062,0.05166247555183012,0.05297169999600848,0.033878682776331936,0.0564767096358218,0.4203531269569005,131,0.4564459930313589,287,0.010114852518924564,0.9898851474810755,0.262467411419664,0.45709281961471104,122879
reuters-k500,MLC_PA_SVM,0.50,1,0.0,0.0,0.0009674656763232219,0,1.0,124012,0.0,0,1431,0.011539205883301616,0.9884607941166984,0.35493790539471604,0.37733546907134946,0.2642136281100129,0.44166991806476785,0.0,0.0,0.0,0.0,0.0,,0,,0,0.011539205883301616,0.9884607941166984,0.2642136281100129,0.44166991806476785,124012
reuters-k500,MLC_PA_SVM,0.50,2,0.0,0.0,0.0010694054556904405,0,1.0,124115,0.0,0,1387,0.011175119848527575,0.9888248801514724,0.36711717051966014,0.38902390831851413,0.2816208055055723,0.4626113909337466,0.0,0.0,0.0,0.0,0.0,,0,,0,0.011175119848527575,0.9888248801514724,0.2816208055055723,0.4626113909337466,124115
reuters-k500,MLC_PA_SVM,0.50,3,0.0,0.0,0.0011311995201307393,0,1.0,123291,0.0,0,1373,0.011136254876673886,0.9888637451233261,0.35505430242272346,0.37699009428332736,0.2668585569344978,0.4609344326658814,0.0,0.0,0.0,0.0,0.0,,0,,0,0.011136254876673886,0.9888637451233261,0.2668585569344978,0.4609344326658814,123291
reuters-k500,MLC_PA_SVM,0.50,4,0.0,0.0,0.001118901409193866,0,1.0,123703,0.0,0,1335,0.01079197755915378,0.9892080224408463,0.3789712276806365,0.40199400932123663,0.2717309113289825,0.4815533980582524,0.0,0.0,0.0,0.0,0.0,,0,,0,0.01079197755915378,0.9892080224408463,0.2717309113289825,0.4815533980582524,123703
reuters-k500,MLC_PA_SVM,0.50,5,0.0,0.0,0.0009611545849108154,0,1.0,122879,0.0,0,1371,0.011157317360981129,0.9888426826390189,0.3672394523609947,0.3899233624715603,0.28711278306456706,0.4654970760233918,0.0,0.0,0.0,0.0,0.0,,0,,0,0.011157317360981129,0.9888426826390189,0.28711278306456706,0.4654970760233918,122879
reuters-k500,GSI_MLC_PA_SVM,0.20,1,0.008733025836209399,0.5689368770764119,0.0010657298511802464,1083,0.9912669741637906,122929,0.3015759312320917,421,1396,0.00960874754056059,0.9921378576266813,0.5278377630121815,0.5531502135738016,0.39474488049237977,0.6344206974128234,0.0033948327581201365,0.16890919158361012,0.17397168169593413,0.10856380886865102,0.18882895793704896,0.37420577176889497,421,0.38873499538319484,1083,0.00793140756046173,0.9920685924395383,0.2667870266435793,0.44884115319389484,124012
reuters-k500,GSI_MLC_PA_SVM,0.20,2,0.008548523546710712,0.6066390041493775,0.0013150972986564562,1061,0.9914514764532892,123054,0.29044117647058826,395,1360,0.009484752044474881,0.9922249526648672,0.5378502272278206,0.5605025357307515,0.37535808914743946,0.6395218528203213,0.003182532328888432,0.16594744121715083,0.1687262069419746,0.08781827481285387,0.17495492368646298,0.37520228047363446,395,0.37229029217719134,1061,0.007842085588440847,0.9921579144115592,0.2513881377803316,0.44251877527440786,124115
reuters-k500,GSI_MLC_PA_SVM,0.20,3,0.008321775312066574,0.5622389306599833,0.0012630754553710712,1026,0.9916782246879334,122265,0.2949376375641966,402,1363,0.009458922386873332,0.99220543267554,0.5367028682818157,0.558463619365875,0.3625472645327393,0.6402096593036316,0.0032605786310435647,0.18355611250348097,0.1862413971436528,0.10327625160931625,0.18519166650075275,0.3955150986651352,402,0.391812865497076,1026,0.007859976281028913,0.992140023718971,0.23089947398864413,0.4428985507246377,123291
reuters-k500,GSI_MLC_PA_SVM,0.20,4,0.008512323872501072,0.5895087427144047,0.0012577970657233675,1053,0.9914876761274989,122650,0.2929984779299848,385,1314,0.009212387735139809,0.9924900770393604,0.5607403883007547,0.5856814847655814,0.3718641244341209,0.6578268876611418,0.00311229315376349,0.1760031323103763,0.1788318536861418,0.09513695300909197,0.17191139470339534,0.41322156811819805,385,0.36562203228869894,1053,0.007574398695474929,0.9924256013045251,0.24561188116492913,0.46144927536231883,123703
reuters-k500,GSI_MLC_PA_SVM,0.20,5,0.008365953498970532,0.584241408214585,0.0011707141264178259,1028,0.9916340465010295,121851,0.30267921795800146,418,1381,0.009510168539783037,0.9921630221600111,0.5429449566918133,0.5681262390399021,0.4048442315775772,0.6437291897891232,0.003401720391604801,0.18755704572971965,0.19222248832475158,0.13060618226731563,0.1915276824507654,0.36112972532744025,418,0.4066147859922179,1028,0.00790309476327646,0.9920969052367236,0.24426268493607006,0.43386243386243384,122879
reuters-k500,GSI_MLC_PA_SVM,0.25,1,0.00653162597168016,0.47840531561461797,0.0010657298511802464,810,0.9934683740283199,123202,0.24498567335243554,342,1396,0.010132083991871755,0.9915008225010483,0.4950581395348837,0.5186817750355956,0.37010823496385514,0.5980167810831426,0.00275779763248718,0.13612956810631227,0.13950324315772822,0.0839271633401264,0.1524250416073682,0.3386144076633906,342,0.4222222222222222,810,0.008555055924416811,0.9914449440755831,0.26443146454586536,0.4458464773922187,124012
reuters-k500,GSI_MLC_PA_SVM,0.25,2,0.006461749184224308,0.5161825726141079,0.0013150972986564562,802,0.9935382508157757,123313,0.23308823529411765,317,1360,0.010018934053095918,0.9915965032429601,0.4998419284726339,0.5223420931304749,0.3530006034626646,0.6035727860129229,0.0025540829069813364,0.12793914246196414,0.13056576434169798,0.06546078912807901,0.13900585687906458,0.38069175160703184,317,0.39526184538653364,802,0.008458151208712787,0.9915418487912873,0.25984332377490427,0.440150295222759,124115
reuters-k500,GSI_MLC_PA_SVM,0.25,3,0.006253497822225467,0.46365914786967416,0.0012630754553710712,771,0.9937465021777745,122520,0.23110785033015407,315,1363,0.010063589394197468,0.9914997850613589,0.49239766081871345,0.5130842980467041,0.33163926209073114,0.5990818668706962,0.0025549310168625494,0.13925090504037874,0.1408620758244819,0.07236824916730811,0.14406387406781734,0.40820094461248796,315,0.4085603112840467,771,0.008553705517466537,0.9914462944825335,0.22992149569783749,0.4407684098185699,123291
reuters-k500,GSI_MLC_PA_SVM,0.25,4,0.006281173455777144,0.47710241465445463,0.0012577970657233675,777,0.9937188265442228,122926,0.23515981735159816,309,1314,0.009694591077015108,0.9918757022869292,0.5206131134107821,0.5447206692835335,0.3447271718324911,0.6223224351747464,0.0024979184013322886,0.1358758574204037,0.1378710382040939,0.06800000040746212,0.1364069422169999,0.4362183535841162,309,0.39768339768339767,777,0.008175650391292323,0.9918243496087077,0.24987613461330443,0.46342765616657766,123703
reuters-k500,GSI_MLC_PA_SVM,0.25,5,0.0062174985147991114,0.47694886839899414,0.0011707141264178259,764,0.9937825014852009,122115,0.23533671252715424,325,1381,0.01014819456538546,0.9914061800633143,0.4984492875104778,0.5233731156614644,0.37243192619442805,0.6006051437216339,0.002644878294908004,0.14306137654838413,0.14746936494631385,0.09819387688416648,0.14840363638327608,0.39025282532251265,325,0.42539267015706805,764,0.008647586291610367,0.9913524137083897,0.2472133478419136,0.43286788399570353,122879
reuters-k500,GSI_MLC_PA_SVM,0.30,1,0.004773731574363772,0.3920265780730897,0.0010657298511802464,592,0.9952262684256362,123420,0.19054441260744986,266,1396,0.01054414088959133,0.9908879785827178,0.4639258028792912,0.4879726309128302,0.34395239516868914,0.5633693972179289,0.0021449537141566832,0.10499723145071976,0.10879409903496279,0.057771323544960396,0.11777765774215448,0.34379615333744523,266,0.44932432432432434,592,0.009155728407065305,0.9908442715929346,0.266740615838175,0.44553483807654565,124012
reuters-k500,GSI_MLC_PA_SVM,0.30,2,0.004842283366232929,0.408298755186722,0.0013150972986564562,601,0.9951577166337671,123514,0.19117647058823528,260,1360,0.010315433267534141,0.9911372517423357,0.4739498122900613,0.49667522887439897,0.3418973729599251,0.577897160399079,0.002094831406356912,0.1020470262793915,0.10489890008562208,0.05435755862533953,0.11333023126522074,0.36891451776894996,260,0.43261231281198004,601,0.008905873018443254,0.9910941269815567,0.26613766817633716,0.4483450351053159,124115
reuters-k500,GSI_MLC_PA_SVM,0.30,3,0.004615097614586628,0.37844611528822053,0.0012630754553710712,569,0.9953849023854133,122722,0.1702127659574468,232,1363,0.010557948268730076,0.9908265810156459,0.45686438318017264,0.4786907745554361,0.3127777199941079,0.5624758220502901,0.0018817269711495221,0.10371762740183793,0.10646855233321395,0.05350670707068489,0.10745782924741126,0.432538374879155,232,0.4077328646748682,569,0.009215951500138524,0.9907840484998615,0.22642927260446985,0.437033349925336,123291
reuters-k500,GSI_MLC_PA_SVM,0.30,4,0.004664397791484443,0.38301415487094087,0.0012577970657233675,577,0.9953356022085156,123126,0.1811263318112633,238,1314,0.010097572411340064,0.9913017469261053,0.48736304402415975,0.510911541968994,0.32156927626325205,0.589626239511823,0.0019239630405083474,0.10262578803378136,0.10406191088955447,0.044842104838223096,0.10371074655407653,0.45898533834844135,238,0.4124783362218371,577,0.00873901531764209,0.9912609846823579,0.25474206687296946,0.4657398212512413,123703
reuters-k500,GSI_MLC_PA_SVM,0.30,5,0.004654985799038078,0.3797150041911148,0.0011707141264178259,572,0.9953450142009619,122307,0.1832005792903693,253,1381,0.010576257944807493,0.9908202377949039,0.46426841762130955,0.4875145902807261,0.3535604081058276,0.5671527244819647,0.0020589360264976486,0.10888050665921589,0.11161083956557555,0.07932235879556604,0.11495121714360695,0.3801244345990847,253,0.4423076923076923,572,0.009222693713360642,0.9907773062866394,0.25668020784201606,0.4388059701492537,122879
reuters-k500,GSI_MLC_PA_SVM,0.35,1,0.00353191626616779,0.3023255813953488,0.0010657298511802464,438,0.9964680837338322,123574,0.14541547277936961,203,1396,0.010856207463793826,0.990379963229365,0.4350359911406423,0.4585706375573485,0.3298378006061785,0.5341663412729403,0.001636938360803808,0.07610741971207086,0.07939210567948107,0.043656728982449766,0.08857460179716586,0.336246036876289,203,0.4634703196347032,438,0.009654134364834026,0.990345865635166,0.27017889588049016,0.4458894565722248,124012
reuters-k500,GSI_MLC_PA_SVM,0.35,2,0.0034081295572654393,0.30373443983402487,0.0013150972986564562,423,0.9965918704427346,123692,0.13823529411764707,188,1360,0.010635700761390645,0.9905571445836523,0.4422070737008496,0.46325495620101426,0.3228303803775385,0.543613707165109,0.0015147242476735157,0.07030428769017982,0.07147862741223737,0.03529056604295289,0.07904677803125076,0.36588638412736424,188,0.4444444444444444,423,0.009475147948129224,0.9905248520518708,0.2724411374119695,0.448210922787194,124115
reuters-k500,GSI_MLC_PA_SVM,0.35,3,0.0032200241704585086,0.2832080200501253,0.0012630754553710712,397,0.9967799758295415,122894,0.12472487160674982,170,1363,0.01080330275527005,0.9903237057043904,0.42428292954608743,0.44556032939491574,0.29761328421711064,0.5319733228717144,0.0013788516598940426,0.07113617376775272,0.07333810717269357,0.03834227129368761,0.07695533006883554,0.42070664219543974,170,0.4282115869017632,397,0.009707552850423943,0.9902924471495761,0.23085080195639193,0.4412177985948478,123291
reuters-k500,GSI_MLC_PA_SVM,0.35,4,0.003249719085228329,0.29308909242298087,0.0012577970657233675,402,0.9967502809147717,123301,0.1308980213089802,172,1314,0.010369190722941238,0.9907682109568887,0.45401583336637447,0.4768288331152611,0.30768321546733124,0.5590733590733591,0.0013904270712917777,0.06927857737599608,0.06997920203582153,0.03095604404230229,0.07315786611561259,0.43393617036173804,172,0.42786069651741293,402,0.00926188757593207,0.990738112424068,0.26625630209952816,0.47080630213160335,123703
reuters-k500,GSI_MLC_PA_SVM,0.35,5,0.003458687001033537,0.2958927074601844,0.0011707141264178259,425,0.9965413129989664,122454,0.1397538015930485,193,1381,0.01087858787913313,0.9903319525712286,0.4360482443885629,0.4589770897817838,0.33469536114125165,0.5384615384615384,0.001570650802822371,0.08066033342646922,0.08307333906663328,0.06045731183099007,0.08626003112318065,0.388100237614153,193,0.4541176470588235,425,0.009701602234308394,0.9902983977656916,0.25539205361611056,0.44015080113100846,122879
reuters-k500,GSI_MLC_PA_SVM,0.40,1,0.0022739734864367965,0.21096345514950166,0.0010657298511802464,282,0.9977260265135632,123730,0.09383954154727794,131,1396,0.01111021514047028,0.9897993742541045,0.4052740863787375,0.42762616674576803,0.3174591263742116,0.5025560361777428,0.0010563493855433315,0.04634551495016609,0.0484476348679006,0.03127805475048284,0.0569642967019684,0.3188755688755688,131,0.4645390070921986,282,0.010223874565586358,0.9897761254344136,0.27100827129967225,0.44638949671772427,124012
reuters-k500,GSI_MLC_PA_SVM,0.40,2,0.0022479152398984814,0.2091286307053942,0.0013150972986564562,279,0.9977520847601015,123836,0.09338235294117647,127,1360,0.010833501188413973,0.9900656649075454,0.4175736020549298,0.438224329842587,0.31127730964507455,0.5174168297455969,0.0010232445715666616,0.04567081604426004,0.04644800105381014,0.023737495310488965,0.05284990061173861,0.3522308802308802,127,0.4551971326164875,279,0.009956716948221842,0.9900432830517781,0.276531935789311,0.4561093956771063,124115
reuters-k500,GSI_MLC_PA_SVM,0.40,3,0.002043944813490036,0.1946532999164578,0.0012630754553710712,252,0.99795605518651,123039,0.07923697725605282,108,1363,0.010996747532261075,0.989820830393135,0.3961570593149541,0.4167740780522735,0.28427987790071435,0.5025762980578676,0.000875976348638563,0.04301030353661939,0.044551855830051335,0.025008864977291323,0.047558305254988775,0.4025529068632517,108,0.42857142857142855,252,0.010200017880509431,0.9897999821194906,0.24443655738009312,0.44640494044993384,123291
reuters-k500,GSI_MLC_PA_SVM,0.40,4,0.0021341438768663653,0.2031640299750208,0.0012577970657233675,264,0.9978658561231336,123439,0.0867579908675799,114,1314,0.010554311536502752,0.9902993460142437,0.43160395437664373,0.4541810396098489,0.29771924899637714,0.534522885958107,0.0009215621286468023,0.04686669838626534,0.04733140853040935,0.02099207757134819,0.048607393000360544,0.43192389092389094,114,0.4318181818181818,264,0.009721400853863041,0.9902785991461369,0.26790677239051186,0.47643979057591623,123703
reuters-k500,GSI_MLC_PA_SVM,0.40,5,0.002221697767722719,0.20284995808885165,0.0011707141264178259,273,0.9977783022322773,122606,0.0941346850108617,130,1381,0.01106942602071957,0.9898192530863695,0.40870820527149104,0.4303298219895034,0.3122677113262405,0.5092193016869361,0.0010579513179632682,0.05332029430939739,0.054426071274352894,0.038029662015978904,0.05701779434857829,0.3183586303956674,130,0.47619047619047616,273,0.010203415819780435,0.9897965841802195,0.2717755113394925,0.4457244129375277,122879
reuters-k500,GSI_MLC_PA_SVM,0.50,1,0.0,0.0,0.0010657298511802464,0,1.0,124012,0.0,0,1396,0.011256975131438893,0.9887430248685611,0.35892857142857143,0.37917853187786743,0.28618107162372874,0.4455917394757744,0.0,0.0,0.0,0.0,0.0,,0,,0,0.011256975131438893,0.9887430248685611,0.28618107162372874,0.4455917394757744,124012
reuters-k500,GSI_MLC_PA_SVM,0.50,2,0.0,0.0,0.0013150972986564562,0,1.0,124115,0.0,0,1360,0.01095757966402127,0.9890424203359788,0.3719027860106698,0.3917763287887769,0.2875398143345856,0.4645669291338583,0.0,0.0,0.0,0.0,0.0,,0,,0,0.01095757966402127,0.9890424203359788,0.2875398143345856,0.4645669291338583,124115
reuters-k500,GSI_MLC_PA_SVM,0.50,3,0.0,0.0,0.0012630754553710712,0,1.0,123291,0.0,0,1363,0.011055145955503646,0.9889448540444964,0.3531467557783347,0.3722222222222222,0.259271012923423,0.45501799280287886,0.0,0.0,0.0,0.0,0.0,,0,,0,0.011055145955503646,0.9889448540444964,0.259271012923423,0.45501799280287886,123291
reuters-k500,GSI_MLC_PA_SVM,0.50,4,0.0,0.0,0.0012577970657233675,0,1.0,123703,0.0,0,1314,0.010622216114403046,0.9893777838855969,0.3847372559903784,0.40684963107943956,0.27672717142502895,0.4859154929577465,0.0,0.0,0.0,0.0,0.0,,0,,0,0.010622216114403046,0.9893777838855969,0.27672717142502895,0.4859154929577465,123703
reuters-k500,GSI_MLC_PA_SVM,0.50,5,0.0,0.0,0.0011707141264178259,0,1.0,122879,0.0,0,1381,0.011238698231593682,0.9887613017684063,0.35538791096209366,0.37590375071515053,0.2742380493102616,0.4522015073383578,0.0,0.0,0.0,0.0,0.0,,0,,0,0.011238698231593682,0.9887613017684063,0.2742380493102616,0.4522015073383578,122879
